DNA content,Total MTBP (GFP)
990.811756538873,41334.3984375
1195.79770655619,56203.30078125
1840.40946990012,66722.703125
1208.00682461102,67864.6015625
2004.48340851234,67745.8984375
1117.13190748262,54686.3984375
2145.63886912885,105142.296875
1651.30618773941,24412.69921875
1234.63137352608,21632.400390625
1290.10181960979,72674.5
1360.73278654202,29334.599609375
1112.24716879852,65787.796875
1376.57235278048,65827.8984375
1881.12791383143,27742.69921875
1078.54526735788,55657.80078125
1057.42213325026,64206.19921875
929.16948171879,47451.8984375
1207.99178916283,19946.30078125
1369.90028911399,55109.6015625
1110.51085296631,50737.19921875
913.069301044969,32960.3984375
1706.92453808388,55920.30078125
1080.38504934841,62870.69921875
1824.30249543119,70789.8984375
932.51392226565,35752.5
1679.67741023989,60848.30078125
1168.08336608127,55700.0
1979.54661650051,63462.19921875
2058.36510890352,82563.796875
1002.01606115956,23205.599609375
930.437526870019,38059.5
2051.59292028943,128252.6015625
1081.82945473827,41900.80078125
2265.49522520703,35192.69921875
2114.0074045914,64820.3984375
1022.2258196328,39714.30078125
1404.69164799343,75882.6015625
1125.66513688817,73812.1015625
1147.19289161275,57859.3984375
1152.33490352151,50304.1015625
1024.97151522046,45334.8984375
1177.55024113284,39788.30078125
987.438470206217,4456.39990234375
2072.90561241798,103480.296875
974.876520300428,40156.6015625
1237.64258399148,62212.3984375
1482.68385898789,64181.80078125
837.990235981569,8487.099609375
1050.52409236611,41734.69921875
2071.83709323298,91308.6015625
1439.535463881,47735.3984375
1746.67837448326,64692.1015625
1014.17450418529,57732.8984375
1953.75892949457,95340.296875
1130.62794852919,44141.19921875
1094.93490825286,49958.8984375
2159.70581171204,99691.5
1795.04384736618,68163.6015625
1274.76432596733,64021.8984375
1129.33924355841,14748.900390625
1925.43437257035,56213.80078125
1036.57041682598,35102.1015625
1474.79225341232,56685.6015625
1693.56292508154,55036.6015625
1370.99620622682,64322.8984375
1154.78367685075,13465.2998046875
1487.88801741585,71411.703125
1431.1882285383,82490.796875
1155.26380882975,59463.1015625
998.278248738465,24300.900390625
1095.45947833431,63910.3984375
1275.71055684036,57389.30078125
1680.17068431435,71194.203125
1990.85327354261,50188.3984375
1109.76954968349,73272.6015625
1758.35824476165,57435.8984375
1051.76925022397,46237.30078125
1247.23597955526,32833.6015625
1254.34718968271,76645.6015625
1073.64983679951,70364.1015625
1837.17618029621,34208.8984375
1126.21855275541,64892.30078125
1334.2137085117,69051.8984375
1768.04107339877,89325.5
1859.45347995669,91435.1015625
990.242859728677,60268.30078125
1013.92146316087,56416.6015625
960.286789614836,36945.1015625
1193.5279107473,48158.8984375
1092.70387048821,34997.69921875
1841.40025024928,90012.6015625
1610.45465224816,54925.30078125
1936.56572742387,75318.5
1941.78826251074,88803.203125
1025.1126256861,49186.6015625
1369.33083543535,89286.1015625
1050.43632989813,40008.19921875
1022.59045709493,65314.19921875
1826.35566941239,48064.19921875
2075.32776743524,104799.0
2094.63506489575,88607.5
1239.08988509729,27684.900390625
945.83493955787,43062.3984375
1139.11729670076,57015.30078125
2217.97229429144,100132.5
1078.00788930205,52802.69921875
1368.411334248,61640.6015625
1180.40140760524,44122.19921875
1985.71805542897,50371.69921875
1040.00685204105,64170.30078125
2160.27715874342,125303.796875
1149.56893792221,21055.5
1456.95074509022,24507.099609375
1658.73770860024,59514.1015625
1431.94668336943,55379.80078125
1959.63522814366,120800.5
1074.57223370281,55446.69921875
1027.32762563935,43179.6015625
1478.40042685787,87381.296875
947.754465110674,44351.69921875
1313.2113034844,63794.30078125
1281.14993650229,46617.8984375
1169.21280667489,80362.8984375
1263.59922488564,38630.3984375
1993.17563773333,83323.5
1525.39967868154,54695.6015625
1123.41772719104,45314.30078125
1021.45355446406,43308.69921875
1362.52723944059,46613.0
1103.48050013804,59560.5
1137.25512859847,61270.30078125
1314.0773453004,66721.3984375
1149.57639995946,69674.6015625
1817.53342528043,65703.1015625
1788.41700141797,58003.19921875
2128.20042219205,100416.6015625
1373.98536470154,52249.6015625
978.314737494545,41640.30078125
1679.51346816772,88582.3984375
1227.34274510994,45605.5
2200.70447184822,86993.796875
1417.51944689803,67763.8984375
1468.7135887679,63374.3984375
1123.46795672538,50398.8984375
1937.42686879749,24944.099609375
1848.86351261185,79208.8984375
1201.55784244627,35718.3984375
1625.53130870787,49704.3984375
1095.8868191841,47823.69921875
1926.68064416512,99742.8984375
1666.14895944943,53319.6015625
1201.24599611335,51038.30078125
1199.3592144255,40775.80078125
973.655530533362,47059.0
1800.87125296522,93710.203125
1492.1181015482,57617.6015625
1470.09317467,48939.30078125
1879.78118316798,93284.796875
2398.18918107456,94376.5
2195.142915248,48129.69921875
2039.02128087258,44630.1015625
1822.81242682829,100193.6015625
994.154303732998,50816.69921875
1508.35616285065,62733.19921875
1864.7733556489,86426.3984375
956.5770433637,59440.19921875
1731.94753333202,70239.0
1143.89300054202,61972.30078125
1295.55367312504,72301.3984375
1113.4760660976,59324.3984375
1286.12344001758,63915.8984375
1509.16016952112,32283.599609375
1202.20291886065,34531.6015625
2162.94879082701,115461.203125
906.314208292348,22607.400390625
991.17739636422,75761.3984375
1640.72089808957,69055.8984375
1330.24234546199,58187.8984375
884.246179795989,47012.6015625
1515.37292808869,41484.0
1671.45858876213,59117.30078125
2294.23208753285,126919.0
1096.59994492327,51220.1015625
1237.25478080176,57416.30078125
1305.77543904965,47456.5
1114.02168580652,80188.203125
1185.61369631259,59241.6015625
1104.74436877589,35705.1015625
1180.5653496774,49823.69921875
1159.72800045917,60879.19921875
969.119725621062,41315.80078125
1110.93563222122,32359.900390625
1481.58192769579,45961.69921875
1923.4496934087,90000.0
1134.7952179002,38573.5
1436.31576186731,84795.3984375
1489.68748213048,90036.8984375
1253.39561287255,75238.3984375
1927.98950777385,132999.09375
1714.32119897964,54449.1015625
1951.95623494293,55349.30078125
1051.1413253579,43948.80078125
1050.25534765135,45666.19921875
1133.77592588631,32374.599609375
1876.22190277248,119611.1015625
1810.02628168387,68975.203125
1829.687970227,87262.703125
997.153819960913,66260.296875
1039.80259269299,37688.3984375
932.962257056066,50876.69921875
940.203551653814,33357.0
1137.44680271953,17808.0
1250.22157407189,61962.3984375
1373.76540166314,78236.1015625
1205.57085925617,21670.599609375
2099.36065057636,113834.203125
1463.45530272645,75993.8984375
1485.32374956974,69748.796875
1363.55432761279,118876.203125
1055.67289806997,51310.0
2187.04961191924,26639.80078125
900.815689200852,29613.900390625
2347.87455723721,92837.296875
2000.39688506682,87229.203125
2062.27410268665,70065.1015625
1933.99032220873,92195.296875
917.036710328679,37841.30078125
2020.32230650865,34634.0
1288.49347214776,69958.203125
1073.48622884842,54208.6015625
946.981754447178,36712.69921875
1938.6784863294,63413.80078125
947.754465110674,49856.3984375
1958.18647917988,58168.19921875
1118.54178702848,41719.5
1269.83080560687,59836.8984375
1380.18409018412,60018.1015625
961.377360790528,40568.1015625
2124.22104023663,87424.6015625
1040.15330844383,49284.30078125
1170.78161647685,17053.30078125
2011.54205025795,58129.69921875
2146.64746926846,75334.1015625
1848.02208438142,55434.1015625
1659.92595450235,36492.19921875
1187.55360325073,44218.19921875
1212.14602781206,34301.0
1999.49876762802,73542.0
1438.04249956216,41921.80078125
1130.73096919274,30286.400390625
1485.97238994221,24572.400390625
1462.81089455421,90321.1015625
2056.07548857775,111103.1015625
2168.3749170198,113646.703125
1108.70782429359,36664.8984375
1329.67110980429,46073.3984375
2255.6201655804,66542.203125
1274.95789344112,67636.0
1634.65570966168,36788.80078125
1723.87438864121,61029.6015625
1153.71170508134,58677.80078125
1946.72256248703,8211.2001953125
1709.03440127345,171806.59375
950.046758405006,43898.19921875
1845.80953464937,64448.8984375
2023.1360514211,92442.703125
2469.48326695901,49068.5
1053.2152148455,30457.80078125
1043.23078625498,24227.400390625
1133.89854831936,62856.1015625
1019.24891226402,52879.6015625
1067.54589032739,43090.80078125
2006.31595121299,84018.5
1105.19732557445,45642.19921875
1848.36734282144,74397.1015625
1155.78336709513,60545.69921875
992.95970953054,38107.69921875
2284.48822611343,67688.703125
1135.79279204446,42087.80078125
1771.42761320057,77746.6015625
1034.331582903,64977.6015625
1168.3605751965,57818.69921875
956.837880546448,37642.80078125
1128.25646854104,68830.796875
1740.5438002463,61889.3984375
974.356962035048,51370.30078125
1105.73470363028,63878.30078125
1690.96981144963,45692.1015625
969.403728531399,42058.30078125
998.06296339506,35589.6015625
1218.03680504089,45724.8984375
1354.79200252623,56068.5
943.135909546461,55997.30078125
1312.83775612704,67067.203125
1074.2475793955,55220.19921875
1495.81849240935,60363.30078125
1039.81751676749,45637.30078125
1374.21167604028,39847.1015625
1923.96245787897,76317.703125
1014.87203760782,53614.69921875
1836.61340903898,66696.796875
914.9660506781,31484.80078125
2208.46298586385,89577.3984375
1658.51395885637,85661.796875
1926.24762325712,81261.796875
2114.55870435853,121557.0
1077.07624838245,62044.80078125
914.539823565215,58003.1015625
982.217271603639,54449.8984375
1793.22801071907,41944.1015625
949.510048591315,46605.80078125
1391.7455702297,50445.3984375
1118.72076454884,56809.1015625
2138.7786952994,72008.1015625
1107.47926111558,53775.19921875
1106.2216294044,31965.19921875
1765.50709919643,76630.296875
1493.68802508706,46131.8984375
915.508830357914,28527.80078125
1667.14475161465,52586.80078125
1588.07009972389,75366.296875
1599.61955141091,44926.30078125
1021.87376739767,48149.80078125
1680.39732977417,58145.1015625
1761.52014383006,45232.80078125
2266.55906669704,28270.400390625
1669.11138823847,55116.6015625
1142.93429581568,38375.0
1039.12399279782,74766.296875
2045.46113039473,109841.296875
1323.68755829142,36803.6015625
1034.76560617421,53485.80078125
1857.843573263,87999.8984375
1755.20414185156,25728.099609375
2015.76511784781,85054.203125
1061.39193706832,36339.80078125
1060.79430584602,52218.30078125
1055.4387905729,30311.900390625
1069.18141296986,63868.80078125
1201.15433556621,47258.80078125
1788.76515557394,58232.30078125
1037.3716391542,57670.6015625
1096.28130479524,50180.30078125
1177.03034874639,51492.6015625
1578.18724393894,66103.203125
1099.82254265291,54590.19921875
1036.1947533685,12852.7998046875
1719.96082853678,62611.80078125
2008.44118397183,130487.3984375
1283.81076533792,29864.80078125
1119.22072104472,44028.80078125
1220.85990534333,67461.296875
1645.39714522537,65988.796875
2200.50177173182,55680.0
952.512683282559,36666.80078125
1183.48244937448,65828.296875
1215.63970910396,32247.400390625
1980.81182162264,76950.1015625
1082.39122363229,70436.6015625
1036.41215481202,71610.203125
962.523507437694,39452.30078125
1607.66340482116,60872.80078125
944.486649662759,47003.30078125
1477.99725409889,69419.296875
1062.97400033943,44908.3984375
1104.60036259429,48756.1015625
992.650313418808,49800.19921875
2017.83221354029,76892.703125
1522.93809737791,43050.80078125
1081.72476346936,92727.8984375
1269.26658649167,57111.80078125
1875.76348866309,85068.296875
1604.58692937323,59932.3984375
1650.73417246589,82600.1015625
1079.09990833571,49504.6015625
2044.61134913753,90396.703125
1046.08518256439,51781.19921875
1153.62895442943,58702.30078125
1047.07841313474,22449.80078125
2165.01299080355,97484.8984375
1108.32614665683,54341.30078125
983.926523629103,52290.30078125
1963.01965184535,74102.296875
1733.27688969978,75922.1015625
1137.77468686385,54373.19921875
1509.5069871928,46893.1015625
1091.83849691436,69846.8984375
1686.9386407282,77980.1015625
1932.8990827909,97150.703125
1022.2316110647,49228.19921875
1193.21383694058,76953.796875
1897.43703154831,75195.796875
1846.65174249563,75497.3984375
1197.92717151526,37394.30078125
1962.20172346358,68350.296875
1917.21298949771,65243.6015625
2007.06304592771,81377.8984375
1878.16626465823,48047.1015625
959.950663817426,30222.30078125
1356.14452462158,56430.1015625
1288.61386710701,41690.80078125
1247.82659423507,67148.6015625
1289.25504544222,61117.80078125
988.187235526293,36787.6015625
1172.55000793188,13529.7998046875
1114.81466648166,60428.6015625
969.814697448709,55691.69921875
2190.26073815878,99207.796875
961.159625225937,35331.3984375
1104.63566805412,56468.80078125
1100.71809849684,56460.30078125
1780.59411340933,83579.1015625
1305.37482788554,28566.900390625
1543.37349894775,38841.8984375
966.618495283675,56404.1015625
1327.34128357632,43014.5
1320.19343150476,64014.69921875
1730.69691816333,68217.203125
1565.5637043824,52804.5
1225.77560591334,54944.8984375
1005.71834537345,42523.69921875
1749.09652004766,20047.69921875
1046.93017475291,45778.8984375
1193.43914591611,36248.0
1076.75582627538,61017.8984375
1780.23771760028,57948.8984375
1777.29633843872,77926.0
1083.72804203729,56337.69921875
2239.8111157331,106155.5
2260.43685493971,74601.796875
1033.8618086772,55095.3984375
1198.01705008336,34731.19921875
1068.36738266725,44018.3984375
1008.28294734063,44235.69921875
1887.30781716035,94533.203125
1036.31381184346,47867.3984375
1386.52437162712,50089.69921875
1508.41463403807,40705.3984375
1213.96787863845,34649.1015625
1948.90192285937,93201.203125
2219.52662551366,97711.3984375
1642.85069716971,43654.19921875
1093.97687176866,54785.19921875
1970.97217882953,91231.6015625
1096.07247912587,54850.5
1482.01461448271,54132.69921875
965.20427216389,41685.5
1327.28036216771,59749.80078125
2227.22655696817,104066.8984375
1886.05419490202,83521.203125
1030.3221300512,54304.8984375
834.705380359034,19052.400390625
1405.61404489672,35653.69921875
1025.29616952776,42373.0
1009.56419027417,33929.30078125
1641.7625762152,74351.203125
1066.06862969888,47022.8984375
959.603177903603,43567.19921875
1336.27868810408,84525.703125
979.852919531665,38914.0
1581.94365576633,45864.19921875
1073.63558096715,48455.30078125
1127.81453773781,59000.6015625
1656.06763574832,69991.703125
1715.45531726825,55152.80078125
1182.16244839671,60072.6015625
1952.65276600224,83865.296875
1184.87283852453,70177.703125
1832.85098303232,48537.6015625
1332.17935668417,64818.5
2100.51314552388,148334.203125
1203.68552542629,21093.69921875
1086.11088214186,57598.80078125
1542.75938441928,51056.3984375
1579.36947566177,49842.69921875
1681.97115139219,55728.19921875
1313.6995657428,51387.8984375
1755.16092885971,147811.203125
1250.21010258178,58541.8984375
1093.39594659991,63800.3984375
1298.40550783958,41364.30078125
1326.07752631217,51483.6015625
990.042275712397,34282.19921875
2153.54417366833,74708.6015625
1387.08714288434,72231.6015625
2040.5767258317,59279.5
1473.792897289,34930.19921875
1406.31079870342,52664.69921875
1019.12695807311,41947.5
1123.70707603852,45252.30078125
1836.00007412634,57690.8984375
1153.99325777049,55031.69921875
981.601709217196,32077.19921875
1418.93044018079,48654.19921875
1082.98417715959,57353.69921875
1005.0775011593,36819.3984375
1701.16128373048,48157.3984375
2130.62012698811,77597.796875
1061.36632111954,65117.1015625
1365.19341421335,40069.19921875
1716.16454492826,43471.80078125
1582.14368291416,47428.69921875
1072.80985642706,50119.8984375
1959.097070472,75290.1015625
1080.02687156031,56581.19921875
1669.62593468778,53970.5
1755.52022038471,108992.296875
1847.28178346181,104298.8984375
1129.41798475747,66996.703125
2195.19904758792,106272.703125
1480.40437366795,57351.19921875
1921.32579713415,85806.0
1355.7677474272,41752.69921875
1092.77759987121,26674.900390625
1253.95225857681,56350.80078125
1227.11821575024,65562.5
1045.63077790785,63812.80078125
1441.40687599959,110345.3984375
1362.17897391093,63608.0
1401.84727531614,47967.69921875
1053.19739505505,54654.19921875
2212.9417674467,89166.796875
981.631334618823,59562.8984375
1151.09074802685,65418.6015625
1017.38206646674,34255.0
1837.55184375368,86155.203125
2080.7541163754,69916.703125
1759.26805643794,93729.5
1249.70546839091,23788.19921875
2096.94339600148,42425.69921875
1537.50466233592,41165.0
1147.2648390167,44648.30078125
1314.33818248314,49631.3984375
1883.25025087432,24668.19921875
2124.53823250668,72112.203125
1555.98701487216,59183.69921875
1468.80480382028,43319.0
1118.72889482823,79125.703125
1784.53796715754,75734.1015625
1364.9855909072,49073.0
1201.40670834849,65311.19921875
1545.94946103135,64913.5
1987.78203265812,87405.8984375
1281.44752700285,74771.203125
1478.6431101291,37775.19921875
2081.75848431478,105429.296875
1001.09054579294,24118.30078125
1073.48344450616,63519.1015625
1377.67183385139,36478.19921875
2162.27007955815,128995.8984375
1735.94763079384,58992.69921875
1692.2264407976,64239.69921875
1119.98697203418,45631.8984375
1346.30766617074,58918.6015625
1124.18676252276,36813.30078125
1152.2532666065,52669.30078125
949.506150512153,28611.900390625
978.804002116156,39762.3984375
1727.94654488068,48722.80078125
1145.25365291676,63467.30078125
1837.33945412623,84417.796875
1592.1187561147,60159.69921875
1296.84126435892,46160.30078125
1713.83405045814,55333.30078125
926.120905380285,39436.1015625
1011.22209902839,44436.69921875
1072.85975184032,53678.5
1140.08234972745,73195.3984375
1763.82635883569,33439.1015625
1858.78735391484,43361.69921875
1058.59567782525,56846.80078125
1345.94904288788,56897.30078125
1104.98983638937,55447.80078125
1042.50908474165,17733.80078125
1032.22171971343,39210.1015625
2192.35768200027,74780.5
1264.63021113701,48143.8984375
1252.21872708685,57079.69921875
1191.57051813979,58147.69921875
1963.97323338194,77075.296875
1009.19064291681,25511.80078125
1060.21482853524,53048.80078125
877.646787462447,12823.7001953125
1935.08267536347,59217.1015625
1933.78116241829,88182.203125
1628.07096296842,96608.5
938.214417544555,40892.19921875
1426.6616676423,55987.69921875
1868.73714528768,74316.3984375
1109.6127355275,65641.1015625
2038.525890698,103669.796875
1435.04621317126,52419.30078125
1034.47948716376,25761.80078125
929.887285152954,45731.30078125
1119.49770741257,52815.80078125
2047.31171563322,101912.6015625
1746.50942059503,65136.80078125
1934.51890174303,56013.19921875
1170.27698228597,69140.1015625
1071.97232627579,57380.0
1092.63537566866,59192.3984375
1713.24521775738,83360.703125
1132.84751480374,57318.30078125
2111.76055176273,99276.296875
1166.53582865416,63874.69921875
1310.65238157543,53581.6015625
1064.54782195745,47585.69921875
1223.93693765971,49529.8984375
1805.65508708588,51588.69921875
1373.16665670393,31389.19921875
1938.96204374497,65192.30078125
1962.03844963356,92235.1015625
914.033017587377,32466.80078125
1101.94265222199,21264.30078125
1036.48243161062,58203.30078125
1144.12287583886,60033.6015625
2215.64458416358,109815.0
1054.1214625637,57873.3984375
1001.60119416309,58408.69921875
1100.84138917203,48826.80078125
1063.50358223694,43652.80078125
1192.40025213273,73779.296875
1148.7837534054,49699.3984375
2241.39173114624,31814.69921875
952.800695645747,43243.6015625
1158.65769929512,67284.203125
1459.91194876866,55892.69921875
1293.72458300878,45272.8984375
1056.27453874512,43262.1015625
1082.32629277083,58064.6015625
1085.84603550626,46135.30078125
1095.74314712357,48319.80078125
1356.27639107093,54684.30078125
1029.76715495229,14467.7001953125
1912.9248796727,78515.203125
1513.70455020758,68441.8984375
948.733439848657,35217.30078125
1872.28328358772,65128.19921875
1135.33838738793,60968.19921875
2175.90221925431,123786.296875
1085.94126001149,37760.80078125
971.724533490454,46374.69921875
1102.24636827552,57740.6015625
1847.56088592977,98442.5
1992.27172886263,103013.8984375
1135.96530989078,69086.0
1833.74520239196,53315.0
1043.39896052737,60207.30078125
2286.47201428555,144379.90625
1260.56418045051,38232.1015625
998.55512373262,70542.5
1278.18115941291,61775.0
1725.61003623129,69754.796875
2083.37986249857,93996.8984375
1162.54319322959,54377.8984375
1130.24270693435,58010.1015625
1146.38565510525,30452.69921875
1134.46131957659,39315.0
975.588643676386,37805.5
1325.51475505494,19075.80078125
1656.09971137113,39496.8984375
1166.12820094756,54821.6015625
1735.72889286604,71466.203125
1704.0121160818,68433.0
1517.14989531788,71650.5
1046.95044476455,25615.30078125
1145.97145635092,60618.8984375
2035.73820722909,53505.5
1036.72834471886,22734.0
1104.17090564439,43827.3984375
1844.24607078454,46690.1015625
1538.55647546738,75316.6015625
1075.38270004732,17357.19921875
1674.07665010067,38293.5
1913.88603462024,91055.0
1005.85767386005,49775.5
1838.41821969075,65752.8984375
1042.53403244828,50985.3984375
2155.49900468097,103800.6015625
1012.21332487231,48479.69921875
1698.30944901594,61773.30078125
1166.76258548767,39353.69921875
1091.76799736838,55343.8984375
1374.84995865955,61271.8984375
1645.16081025449,67902.5
1305.8820236713,75606.3984375
1962.38660378953,127426.5
1195.85729148051,41182.0
1502.0233434449,61484.80078125
1767.28696214156,30856.400390625
994.26378407059,43300.8984375
1730.09249314592,73024.6015625
1838.52413607025,74210.203125
1664.45362913526,59475.80078125
1332.9966168238,69099.3984375
1399.46332147467,47000.5
1030.33638588356,9352.0
1785.66562577211,61415.3984375
994.454121707361,42696.1015625
1395.76114863447,67292.203125
1116.77484343143,48524.80078125
2267.14957000316,100028.5
1128.58401856429,43548.0
2218.8548194136,103808.796875
1357.38266593695,64735.6015625
1370.29310411978,54149.6015625
1028.0800662912,41779.19921875
1014.72624944718,43998.0
2059.46748569038,101790.296875
1091.18451060476,57386.8984375
1600.24536017686,68396.8984375
1363.50910989452,57420.6015625
1225.92250781088,72332.1015625
1244.8346514181,22359.69921875
1078.26839236372,41915.0
1372.418559626,62364.0
1773.30682147748,92621.6015625
1536.46755053158,53023.6015625
1580.34210209941,56663.6015625
1996.51796218008,89163.6015625
1120.84521769185,27963.5
1237.81398810089,76869.1015625
1126.78878604989,36883.1015625
1538.31624241734,47889.6015625
1150.51761901642,41406.5
1221.94223486593,26861.19921875
2348.05186415221,105308.703125
1240.66871853138,78231.703125
1362.38601760125,53729.6015625
1377.75781434033,97890.1015625
1732.57512407702,83638.6015625
1117.21889033477,43471.69921875
1148.3058489002,73434.796875
1955.45225508232,69724.6015625
1841.17104319458,58995.5
1086.72856062842,26530.900390625
1229.11002282807,71914.0
1586.93431082993,60532.19921875
1229.15602016217,72292.203125
1888.85635695067,94972.703125
920.18262727253,41718.6015625
1347.24855110663,100818.6015625
1729.54609382117,80692.5
1195.88903298226,56532.3984375
1966.02184104183,72904.203125
2047.45516494636,54300.69921875
1170.76446492854,60804.80078125
1060.78428221389,62150.6015625
1068.99965110724,44630.6015625
929.072196800288,40484.0
1213.00705781199,72518.1015625
1290.27823553527,44668.0
997.382581520846,59813.69921875
1991.47251126083,74297.203125
1901.50929916146,59777.80078125
1203.06573083962,61693.30078125
1642.05448665755,57334.30078125
933.901360012912,46029.69921875
1870.73897599763,105136.8984375
2148.66400130554,58482.30078125
2092.19085788781,61482.19921875
1060.76546006022,56532.69921875
1873.29834340137,18950.30078125
1819.88530349909,82133.796875
1239.21139379344,37531.69921875
1347.53934781207,78845.703125
2119.84049024864,65723.296875
1573.30395311282,47694.30078125
2013.50579116581,82163.203125
1279.66588207867,53761.19921875
1305.32426423013,34695.3984375
1239.91460727417,68901.703125
1164.72823366014,76707.796875
1373.73265779818,33516.19921875
964.941653002096,57846.19921875
1689.60303352192,49748.80078125
1759.59026052406,73836.296875
1064.43277293534,66830.703125
1106.24189941604,59467.30078125
923.507076241977,38831.80078125
952.177337100981,59816.30078125
1297.90800156488,43606.80078125
1976.60145063347,78579.296875
1702.21409922515,57210.69921875
1195.53653525237,79741.3984375
1011.52548096084,37738.69921875
1078.04352888295,59365.69921875
1071.05705728867,31944.80078125
1573.21841811865,61995.80078125
1016.47114105355,38040.30078125
1648.34097460812,79306.203125
1540.33199483859,65833.703125
2183.47674393352,71650.796875
1364.13703476059,50860.30078125
1936.79337524691,77700.8984375
1009.52610047207,17432.19921875
1730.96599699916,91393.703125
1406.59446749268,45108.80078125
998.182690112163,40976.30078125
1179.2848863597,41260.69921875
1320.78504854778,51914.80078125
983.009138541871,38356.80078125
2244.77815957435,76734.703125
1397.89484579378,53960.69921875
1097.78963868335,59562.3984375
1450.24872190104,54986.69921875
1446.76528698865,45029.69921875
1544.63224439584,36584.5
1371.20469777512,92248.796875
1872.88447876811,43022.30078125
1357.65742483099,55110.69921875
1823.80498915649,81393.5
2077.87911593327,97203.796875
1996.74137780287,56250.19921875
976.394098204838,43858.6015625
2056.40092250089,87126.1015625
1129.44571680636,44485.30078125
1067.93759159628,48241.0
1065.73818395968,31932.80078125
2261.37306218061,92505.6015625
1566.2316124033,46254.80078125
1894.74512945308,63790.8984375
1514.48550252416,60194.19921875
1121.40119515397,57348.19921875
1067.69769266731,25300.599609375
1324.60449788389,61181.1015625
1008.24407792271,44140.3984375
1438.48231426526,49091.1015625
974.239351418061,42225.0
1592.76316428693,69376.703125
1840.47395526682,82759.6015625
1047.44082312307,63477.1015625
1202.54182900031,55059.69921875
1147.12294893522,53926.30078125
1736.85365576466,52039.1015625
1537.76382891331,55703.6015625
1466.51061717322,43796.1015625
1451.66817958427,60914.30078125
1379.63201080117,50711.8984375
1713.97983861878,82121.0
1048.50644659212,50650.30078125
1226.52370299127,58247.19921875
1096.50661377077,50811.6015625
1245.44330863574,51197.80078125
979.433820334961,54264.19921875
1372.28424295547,29033.69921875
1103.20072942794,61949.6015625
2271.43923905984,91666.8984375
1664.99813510727,56613.80078125
1738.26921536873,132901.5
1084.18133295693,31885.0
1888.7962151579,126297.8984375
1412.99678408119,34759.8984375
1141.97770718945,42171.3984375
2172.66614530813,73048.703125
1270.3233000655,61358.69921875
1226.906828486,49183.80078125
1003.43095252149,27973.099609375
1766.5207111521,67996.6015625
1171.66659182019,72256.5
967.211894305743,8956.2001953125
1033.82472123832,30047.80078125
2163.04991813783,91089.203125
1025.90460399802,30338.599609375
2247.29342299672,31034.30078125
2002.76157125987,72893.3984375
979.646544083487,48868.1015625
2080.0067989133,125524.6015625
1045.2433088392,48927.3984375
979.877087622467,45513.80078125
1260.37350869267,30658.900390625
1123.49713663225,45045.19921875
1242.71944229139,68461.5
1655.96706530595,31711.30078125
1134.40073228905,62240.69921875
1176.92020016666,37827.6015625
1067.74012604332,62154.6015625
1901.26717275869,107853.6015625
1311.73471109804,59603.80078125
2101.09295695573,80753.3984375
1290.39840774713,48910.1015625
1492.31122352723,75247.703125
1095.91644458572,58611.0
1068.95966795242,55218.3984375
1766.12332982501,63585.5
1880.54743415744,79937.8984375
2140.46333373931,76052.703125
962.367027402783,37659.30078125
1531.59316960069,42628.69921875
942.800897485954,38648.1015625
1089.95639292151,59517.19921875
993.023192534027,34070.5
1367.28545761247,64985.8984375
2285.52823363371,71599.0
1092.48891926588,55658.8984375
1184.26941587033,81205.203125
1300.75560407919,47192.19921875
2207.94821666715,94817.3984375
960.440373933798,39253.69921875
1470.24965470491,52439.0
1744.88147136351,56116.3984375
1926.68331713369,34682.8984375
2179.00887697232,106464.3984375
1994.92242269244,74202.5
1457.3666144499,40711.3984375
1362.99656817163,69721.703125
1547.24997161331,90855.296875
1399.0495682151,16448.19921875
2000.91343624256,86730.1015625
1197.68560198094,70760.703125
1203.43994643912,33261.19921875
1069.77225039705,56681.69921875
1332.50690670743,48538.30078125
1665.21910050888,111221.0
1111.03252733181,34509.69921875
1402.21826107862,26836.80078125
2097.22895814349,72577.5
1057.08422547381,60239.19921875
1326.36910263345,80502.5
1090.77576916125,57489.3984375
1913.71541012665,72784.203125
1778.56443927679,76423.3984375
1122.24618734248,70616.3984375
1785.070444771,83852.8984375
2111.79530035411,129011.0
1120.57435687697,50458.69921875
1849.98326369441,79800.796875
1399.27053361671,48267.69921875
1028.55975277544,16772.69921875
1180.51122206391,27327.69921875
1479.81810256206,51202.69921875
958.613845412419,55795.80078125
1703.97714474304,70302.0
1047.65287862945,73281.203125
1197.99600045588,63896.5
994.176467097373,68787.1015625
1533.87165255742,59406.5
1056.81124855882,60449.8984375
966.975225213796,78792.3984375
1473.34706840662,42463.8984375
1018.33898921404,36631.0
1154.04170532578,10911.400390625
1080.07531911561,55918.69921875
1199.91986958261,46087.5
1150.4096979105,36770.8984375
1227.10496228109,60486.3984375
1090.51560022065,48707.3984375
1023.29433881781,48562.3984375
1831.15632096029,105565.703125
2022.85138026862,73451.296875
1270.41418099681,22804.099609375
1034.74711814162,57872.69921875
1127.5383309858,73754.796875
1166.06828190217,60062.69921875
1763.38342566925,67866.0
1595.08831281991,70105.8984375
2053.56913505061,50961.8984375
1549.18453261431,75936.8984375
1309.24528637182,47879.0
923.106130956796,13714.400390625
2054.51313844983,75442.203125
1058.56794577636,43339.0
1741.37130676544,51311.8984375
1265.93395155599,59284.69921875
1220.09254061697,65480.69921875
1059.2906496529,44932.6015625
1926.8984911034,73055.703125
1495.10926474934,77948.203125
1394.3582856311,98227.5
1068.72299886047,46457.69921875
1429.65539243831,43856.30078125
1719.35350780342,67137.3984375
1142.15523685183,57466.5
1253.86427336145,64359.8984375
1273.52195245172,26980.5
2117.16217574364,67061.8984375
1118.08315017171,23045.69921875
1096.36617154727,61381.19921875
966.601009614294,6833.60009765625
1104.49344385158,45647.69921875
1139.22989550168,26619.19921875
1521.7038541417,68307.5
1410.16588762043,72776.296875
2193.55027147631,106668.203125
1039.67540393863,47729.5
1021.35231577956,42855.3984375
957.387509708217,32724.900390625
2006.35916420484,99090.5
1904.19607806693,126934.8984375
1332.77420356421,45941.19921875
1311.63135631341,63752.30078125
993.294721591046,28919.69921875
1153.26409421991,22736.0
1063.20209365722,21517.900390625
1967.48061363775,94404.8984375
1113.93971477044,74486.296875
2010.9230352871,81869.3984375
1202.07350263248,36070.19921875
1161.39348262434,40022.69921875
1538.93024557212,62667.80078125
2152.56965387796,81349.6015625
862.578372655825,31393.099609375
1033.83897707068,33654.80078125
1162.83510367194,10360.2001953125
2151.48242391298,121719.796875
1479.65850406382,51170.5
1406.38096412832,54868.3984375
1109.24030190705,57971.8984375
1184.5185588156,17312.80078125
1090.81775704251,60491.69921875
2022.74468427328,76364.8984375
1762.56471767165,60353.8984375
1775.83979331661,72686.796875
2060.01833996275,94566.203125
1056.51644240052,43777.3984375
2159.92833634532,90341.203125
2027.47450215413,134846.703125
1344.25438081585,57534.30078125
1937.82335913506,77877.6015625
1067.97813161956,44663.6015625
1286.16052745646,53041.80078125
1821.65336083305,64996.8984375
1014.3160601457,38698.8984375
1714.91181365945,44898.30078125
1180.57292308835,48933.0
1821.35298599023,82047.3984375
1187.55928330893,56374.69921875
1036.43042009724,43640.19921875
1216.67080672902,62874.6015625
1228.7077410586,39684.6015625
861.193774937667,34055.1015625
2000.75795857086,75790.6015625
1297.24933756028,67831.796875
1945.78457326709,61792.5
1099.27369310697,63786.19921875
1193.35461328515,58995.5
1033.73250382273,26862.80078125
1192.48645536905,42539.8984375
1089.87197166424,64226.3984375
1334.7019707701,26802.80078125
1290.90727413824,56616.19921875
1580.15989474203,65025.3984375
2004.65982443782,103460.0
1635.34288533101,78792.3984375
2296.21052976784,101005.703125
1251.9037622906,27797.19921875
1881.30967569405,67449.6015625
1162.40341924823,48717.1015625
1848.64109935227,67219.1015625
2024.35603882495,46008.19921875
1346.85005604263,56780.30078125
1160.72557460344,56440.19921875
1055.30336016546,66690.796875
1470.24074480968,61774.5
1910.48757783357,91437.8984375
1718.43512035297,86348.796875
1914.12058761207,69322.203125
1094.1019444229,33414.3984375
1866.42202038683,72616.3984375
1965.44024763094,60077.3984375
1810.15001785383,65477.30078125
1435.20837326438,62390.19921875
2061.03094955521,56477.19921875
1193.24413058435,51635.80078125
951.662011035833,37986.6015625
1415.46939138016,48547.6015625
1170.25838287969,38244.80078125
1371.13130251319,35574.1015625
1522.660776889,58826.80078125
1119.81701578274,65503.30078125
1061.7583565095,44201.5
1048.45198485755,50171.19921875
1753.71752583306,62635.5
1494.51308138501,64220.19921875
1875.52871292388,75669.8984375
1082.83883449372,64888.69921875
1568.48258605852,50990.0
1129.4728919868,26099.80078125
1098.23223772871,71742.3984375
1310.83737327506,96538.3984375
1320.35625984002,30612.19921875
1107.34527856612,51222.69921875
1042.50875062058,57557.19921875
1997.52077088779,84584.796875
1935.49587175458,64577.80078125
2037.13461055843,82386.5
1590.84252499723,48967.3984375
2070.41663318653,77421.3984375
1017.14974094872,50098.30078125
1209.98225975637,47201.3984375
1037.53803144755,50923.19921875
1039.40409762899,30239.30078125
1610.3955128186,79655.1015625
2138.22271783729,63597.6015625
858.829088744622,28511.599609375
1382.79680558553,49159.30078125
1367.29291964972,9230.7001953125
2087.93593742251,111179.1015625
2036.29351644907,81537.703125
1080.29951435424,58294.69921875
1069.68170358681,57470.0
1925.38492265184,82236.203125
2314.67962883493,78001.8984375
1723.96248523026,48832.19921875
1346.96733253855,71863.796875
1019.44738018019,49591.69921875
1153.53629151907,26113.900390625
1254.05204940334,19884.5
1190.51280220274,39451.30078125
1555.83632626915,46386.3984375
1019.12305999395,43687.30078125
1760.52156732258,69718.796875
1922.68522439829,70121.0
1092.2191721879,21755.80078125
1070.02206158446,25283.19921875
1009.05521250937,61258.3984375
1650.00456342055,48459.30078125
1838.35340020297,71806.6015625
1638.37002223412,96680.1015625
1134.25104604925,67278.703125
1431.51834015643,44472.80078125
2193.47654209331,87991.0
1172.99516857212,51211.8984375
1835.48619591917,73263.296875
1864.17349695279,69546.703125
1054.69704179532,45971.8984375
1632.66557318921,24657.19921875
1137.01779126438,51590.69921875
1639.30377925383,33416.80078125
1407.20000624699,76964.6015625
1334.08150794128,58585.6015625
1370.96624670412,73930.6015625
1098.53127608725,45755.69921875
1039.39206927044,18331.19921875
1202.883968977,96249.296875
1063.94451067694,50445.69921875
1734.08769016537,69862.703125
1136.46103418643,65487.5
1107.03165025415,72218.703125
1305.99930016721,40274.80078125
2021.95927700909,78884.8984375
1492.89782875418,69854.296875
1082.87982001176,83705.3984375
960.317417379676,42151.30078125
2082.94238664297,124020.703125
1040.77588737277,58048.30078125
1924.08608267524,32891.0
1708.05865637249,84821.1015625
1855.74874552162,106339.796875
1135.3294774927,33791.19921875
1161.74096853816,43261.5
1045.43476021288,63766.3984375
1070.32499802215,32641.19921875
1009.49859117056,60937.19921875
1269.79839586299,42331.19921875
1113.64490861214,60373.80078125
1371.17017193111,45260.6015625
1717.76654408993,59842.6015625
2103.14223285776,80788.1015625
1208.91630216624,51364.5
2031.37592252632,67894.296875
1240.26810736727,32600.099609375
1630.41493365506,37130.6015625
1370.24710678567,42326.0
2122.05972240212,62074.0
1828.82838808505,71683.296875
1174.52945253008,56042.80078125
2024.32641342332,27227.5
1126.99159753998,56639.19921875
1561.11410270642,51439.5
1604.32531257465,102033.1015625
1258.79356152167,51816.80078125
2188.24888381669,169818.59375
1094.60847196651,77819.3984375
1050.64058924619,58882.6015625
1720.13011654607,90765.1015625
985.678209030583,18293.900390625
1446.18536418311,89123.203125
1214.3139166943,20330.5
1213.47716615886,82644.0
1252.72881858855,40816.6015625
986.878149170177,42363.5
1413.83253225341,59718.1015625
1375.84252098776,37430.3984375
942.437373760723,39274.8984375
2056.98786184892,78874.0
993.334259251113,40199.5
992.932979844861,67745.796875
2099.59720829462,96072.6015625
1995.77509966559,91003.5
1188.24890919945,47336.1015625
1813.20143422143,61000.5
1690.1387409724,47341.30078125
2078.89283926264,102584.296875
2117.12831814178,82294.5
927.365394996011,31800.69921875
1850.39668283291,44122.5
1010.08809211347,51861.80078125
2174.22693620439,58124.6015625
1197.89297979233,91637.5
2075.74608701611,86140.5
1027.98840574406,48072.30078125
1125.72071235965,55775.0
1013.6758841737,36186.5
1460.56348485708,63802.30078125
1242.60428189559,47982.6015625
1949.33115706189,43330.3984375
942.937775751367,43763.6015625
1023.2736233114,33777.19921875
1000.16358256834,59226.0
1169.48500397405,66403.3984375
1917.50077911352,54352.0
1315.88215595216,74179.6015625
968.889070708393,31474.5
2211.90510113713,94470.8984375
1678.50910022835,84080.203125
2162.30995133929,57887.0
1139.18645976245,34706.8984375
1616.72721848744,41910.19921875
1833.22842846884,82786.703125
1167.60646393929,50542.8984375
1278.91600302169,61670.5
1852.31197618548,58877.1015625
1842.69675137839,71864.1015625
1165.5197664773,49929.5
1142.3329892616,69628.0
1665.6657090071,69531.0
1164.53110222826,85366.0
1829.57926950524,70525.296875
1197.55050569457,69374.6015625
1815.33802709669,62709.6015625
2220.63768944837,87908.5
1707.57284433528,57459.0
2141.16966568337,93629.5
1720.67930021308,80005.796875
1114.66420062602,94222.0
2045.81106652974,84668.703125
1825.30675199688,22408.099609375
1043.3444987928,56054.3984375
1483.89671847556,45405.6015625
1159.6920267572,56928.8984375
1290.28001751431,44794.69921875
1037.52912155232,28203.5
1895.65616623996,59488.5
1177.60770995705,65561.6015625
1438.2965429498,58625.3984375
1612.00285791741,49287.6015625
1178.50437953788,50408.8984375
1093.4109820481,151420.09375
1319.53231727897,59917.0
2106.99108484812,101841.5
1507.8304790323,74298.796875
989.130570683371,48540.1015625
2111.48701797928,94167.1015625
1445.30829637178,77791.0
1097.52089396859,27385.30078125
1128.09430844792,47521.1015625
2134.42821620781,83620.1015625
1001.8164795065,54685.1015625
1828.51754411534,58575.0
1008.0483943488,29054.0
2149.03509844171,119228.796875
1148.3518462343,32331.0
1082.55293823064,45037.5
1778.99534408467,40188.69921875
2058.64621609791,97615.6015625
1251.42864212766,43339.6015625
1170.33433973649,65973.296875
2220.81989680574,93594.1015625
1756.89802430776,47877.6015625
2185.09344442232,126891.0
1968.95676052936,114826.796875
2130.75332992175,55248.1015625
2061.41073383923,82199.0
1103.94381468981,32998.0
1039.31678065578,39395.5
2200.44118444428,104537.796875
1061.68284514745,57141.8984375
1083.41118388831,26997.599609375
1238.55350940467,40906.8984375
981.220365701513,59539.5
988.902143244509,61342.30078125
1260.08583045055,24735.0
2070.74162161491,74296.796875
1439.0104483048,39416.1015625
1059.33519912903,67515.6015625
2042.90644068599,86948.796875
1084.44150189754,69301.296875
1248.14690496846,45595.5
1395.43749669038,52331.1015625
1358.17386463305,55792.3984375
990.755401451567,19747.099609375
2157.04464875534,62631.1015625
2069.76019665574,85037.5
1735.58343882647,58045.80078125
983.383688262445,43533.1015625
1932.20477920539,58616.0
938.620374645801,58168.6015625
1843.45943840975,90311.0
1083.67558502915,72123.0
1876.72442086324,85493.296875
937.704103295472,37772.80078125
1146.80263820184,42774.1015625
1576.62266633721,44172.5
1032.30335662844,44924.6015625
1003.99906971585,50707.5
1560.19749723502,42918.8984375
1252.59082658624,59086.0
1199.57984570604,22103.69921875
962.40344659952,60423.80078125
1303.56333481236,90638.6015625
1826.72955089082,57579.80078125
2172.72361413234,114134.1015625
917.485434927011,39704.19921875
1124.05923964733,50560.30078125
1024.14044474323,35123.69921875
1698.98014137909,66097.5
1059.30958318025,69287.296875
1111.59429622582,49649.5
1590.83651081795,46467.69921875
1071.40810716059,62275.5
1389.71132977585,34880.30078125
993.240593977547,45760.1015625
2010.64371007176,68846.3984375
1548.40224381345,58509.19921875
1265.6919365269,53536.5
2106.33063886447,85938.296875
1998.15203696457,81169.6015625
1775.69968521418,68577.5
1555.00236007598,33276.30078125
1781.90887982366,24621.099609375
1404.74365950681,38155.0
1963.15775522136,88441.203125
971.620844584759,69377.5
1239.39961533009,78854.1015625
1121.95149255788,34562.80078125
1934.53493955443,57001.5
1103.66693969565,51751.8984375
1302.8719269428,47099.5
1718.32285567312,65167.3984375
1174.72012428792,51650.5
1225.41998972012,59039.30078125
1056.38357358796,49785.30078125
1114.5723173315,52134.19921875
1294.31942988882,35202.5
2076.14747779605,77906.796875
1178.54146697676,44568.1015625
1453.47443809401,96895.296875
1713.46974711708,64814.0
1084.7298483818,51057.8984375
1481.45117498334,62509.8984375
1082.01166209565,38573.1015625
1066.47313894215,32273.80078125
1098.92041576125,47759.5
1753.34197374928,59939.1015625
1313.6339666392,44455.0
1259.69312681845,47973.69921875
1352.39769093156,72521.5
1086.45769981354,50466.6015625
1095.33652178019,51245.5
998.362001753591,45842.30078125
1163.86686953914,52446.6015625
1076.86207677595,47799.80078125
1174.79708350794,44382.5
1194.39818476353,58678.8984375
1151.92438009896,49412.1015625
1109.86677891514,34804.0
1191.44188152746,60431.30078125
2082.56750280132,63716.8984375
1128.3951287855,55933.0
1581.10968957315,47784.69921875
1791.206800987,57118.80078125
2027.70994613549,75148.1015625
2117.63306370634,103194.5
1137.85309394184,46676.8984375
1068.41549610147,45627.5
1212.56044931377,61096.0
2060.5600615925,108401.8984375
1347.75674925559,44090.0
1210.50872319055,58225.1015625
1432.43026793284,78771.3984375
1864.93941382118,61260.69921875
1876.86230149187,67447.703125
1016.27122527941,52994.6015625
1802.85025206866,65687.3984375
1678.16696025166,73327.703125
1246.91733942723,21900.80078125
1935.22434269756,263716.1875
2241.84969976086,136638.296875
2018.09661468113,86454.203125
1469.49476383186,95897.796875
2136.19259820999,86573.8984375
1118.48732529391,10065.5
1081.74536760207,61679.5
1580.85386420647,80166.6015625
1143.95960200884,33054.0
1016.1699865949,44216.80078125
1030.53875187888,57911.8984375
1149.98736887677,30989.099609375
975.758599927826,20093.5
1166.41398583694,45105.30078125
1559.66713572167,46077.3984375
1969.17371647812,92204.5
1045.99385613832,29825.69921875
2021.14624906969,77832.796875
1485.33154572806,62524.69921875
1747.7015645763,76295.296875
1632.8038993126,72787.1015625
986.192087237756,28921.0
1168.90697452125,54077.30078125
1862.51169011941,60861.5
1401.14584381445,51163.30078125
946.300704330822,55814.69921875
2158.6722638658,116566.296875
2030.42256373712,82265.203125
1607.41849407613,60244.5
1010.97908163609,51658.30078125
1648.11109931128,15089.599609375
1845.13449871229,67331.0
1819.58125332449,82051.8984375
1059.0672340301,44972.0
1123.39589794774,51039.80078125
879.348187642743,32032.19921875
1162.04345948109,67107.296875
987.745638844142,49802.69921875
1535.35993918127,18961.099609375
961.9856838871,51615.0
1027.57788232151,80017.1015625
1176.87988289076,49221.0
1660.39283301221,46384.80078125
1174.55651633683,36248.8984375
1873.17850531058,63189.5
2179.14007517952,91211.703125
1858.61695216864,54768.69921875
1264.12669068303,52015.5
1739.07144006016,54566.19921875
1352.38555119932,41047.19921875
2185.44003934662,72244.5
1018.95310374251,40005.5
1316.80911917676,52128.3984375
1981.5192673036,83213.296875
1149.86229622253,55232.6015625
1844.56070145972,90662.8984375
1008.47473283538,58224.69921875
1093.17074899807,59053.0
1513.00501205863,54340.30078125
1122.35522218532,22038.69921875
1427.23980846879,48175.69921875
1041.01222234364,70672.0
1692.61958992446,52529.3984375
2018.82655784754,81748.6015625
1436.63863419557,67793.3984375
1795.00141399017,65135.69921875
1912.2512915936,40875.0
2226.83830828369,111008.703125
1530.47018868111,84022.5
1110.78917581844,55523.8984375
1932.11924421122,82728.0
1804.69894395441,75553.8984375
1440.07751963183,93316.296875
1352.87559543676,53895.19921875
2115.92837800218,81303.203125
1226.38259252562,62737.0
1943.4330291695,52085.8984375
1955.48811741061,65198.30078125
1131.60770288301,59743.1015625
1730.85261858241,69957.8984375
1209.60024799854,53348.3984375
2060.33263651685,122826.703125
1097.93141739114,40339.5
999.551918261056,16107.7001953125
1422.69754388245,67488.203125
1060.56231444906,44072.5
1238.68893981211,38190.3984375
1728.16116198194,27440.30078125
1042.78774171485,50307.8984375
2188.9443011391,102378.703125
997.679503779261,42587.19921875
1548.87625023948,83144.296875
2120.80743662807,68666.6015625
1055.63792673121,53546.69921875
1131.01073990285,51751.69921875
1013.10075043684,38969.69921875
1107.34104636588,47108.3984375
1740.69916654431,91324.796875
1055.53145348326,28907.099609375
1422.57558969154,74863.3984375
1050.62488555585,40130.19921875
1084.14780947614,62045.69921875
2042.30613649512,56255.0
1369.51827735617,76155.8984375
1121.50388169645,48866.1015625
1944.74189277824,96825.8984375
1795.6435946886,52719.19921875
1389.97361481658,44173.19921875
2230.58335999466,112420.3984375
1130.71170154432,55962.80078125
1548.90754624646,72682.703125
1025.63875499921,49367.19921875
998.447870868834,63474.80078125
2107.49248920197,75737.6015625
959.942533538032,24208.19921875
1915.28132421266,75113.3984375
1792.88509112655,79896.3984375
1861.80992449665,75592.8984375
1732.35950461254,53684.69921875
1918.39310512043,61255.3984375
1006.41509918014,44368.80078125
1505.92131123269,102338.703125
2080.17007274332,97604.3984375
1989.74488257647,72508.796875
1681.23664190448,52432.3984375
1864.18140448481,41126.80078125
1026.49410494093,38738.19921875
1054.52708554388,38973.3984375
1192.76344173689,46515.69921875
1056.60698921075,33138.1015625
1318.94604617309,74756.8984375
1716.53697854871,49390.69921875
1130.84067227772,56645.1015625
1001.56455221897,39919.5
1470.36013740571,40464.5
1685.69481935462,18129.0
1208.0128387903,45859.80078125
1971.20138588423,54488.80078125
970.932666552222,41076.3984375
1100.1703626878,45308.80078125
1073.57142972152,48288.6015625
1989.08911428781,38735.5
1074.48848068768,20147.5
2354.34069095027,89178.296875
1091.71698821821,50920.3984375
1104.69480748369,103601.796875
1056.64229467059,24482.400390625
1307.66901453261,64430.19921875
1904.66963899821,77133.0
1753.56783959326,55984.0
2168.48851818393,56124.3984375
1031.66217829322,54850.30078125
1178.89429882772,34272.69921875
1669.61101061328,79219.3984375
2132.00026975866,120882.296875
2015.65753086295,102183.1015625
1643.01820319996,70930.5
2267.55474748858,93514.0
1024.31652654764,60486.5
1115.33355650489,46715.3984375
1214.89662384209,34125.5
1405.07945118315,69165.703125
2147.39879618341,136122.09375
1463.63350063097,43983.30078125
1102.00903094143,67105.0
1954.34698257951,56101.80078125
1945.68233221937,74896.796875
1022.5666231252,45142.1015625
2020.51231002435,90685.6015625
1378.6102685661,41637.6015625
1037.14499369438,77946.5
1917.64645590047,64548.0
1106.16460607495,39482.6015625
1030.63464462626,10312.5
2250.8529261396,109827.703125
1102.18611510905,65891.1015625
1167.9771155807,51161.5
1399.25805976339,62668.1015625
1231.74991340991,84306.296875
1157.50442473177,36289.69921875
1944.60356665485,88916.0
1166.44071552262,27945.5
1390.05480623683,67996.296875
1454.56356141173,48821.30078125
1773.06948414339,69788.296875
1569.7563669548,61602.69921875
1753.35010402867,71380.5
1973.68034148355,96498.703125
1316.69362465989,55197.1015625
1833.34670732797,76508.203125
1859.89362878087,46694.0
2082.93214026346,59726.5
1188.24924332052,79875.296875
1454.63662255258,56803.80078125
1348.53692195634,83520.1015625
1522.5881612429,81480.6015625
1183.04196642923,58659.0
1970.70800043608,70684.703125
2012.17866227186,75731.1015625
1236.3492013257,38027.80078125
1922.46715471263,70348.703125
1027.80207756014,83470.0
1068.06867842979,50324.0
1251.19665073071,52787.19921875
2100.39687139118,14855.7998046875
1092.39982031362,19552.69921875
1332.72363990881,81706.1015625
1445.70567769887,69034.0
1782.00365883412,51699.69921875
1405.03523582809,35104.1015625
989.155518390005,44828.69921875
1173.47708253017,61243.0
1048.99693632433,39211.1015625
1734.8346735064,94626.203125
1617.42330405199,57166.1015625
1327.09715244712,53916.5
1241.7485978328,89300.703125
1043.08321611529,76205.1015625
1290.08266333505,74049.6015625
1915.29112509741,96787.0
1177.38173273938,31754.19921875
1413.98255261428,67798.6015625
1362.07851484226,20189.30078125
1101.17751496944,45970.5
1087.09342083794,14273.7998046875
1667.46483960066,69886.8984375
1151.49948947036,56870.3984375
1369.19217519089,62268.69921875
1205.39366371485,27668.599609375
1791.44848189501,52575.69921875
1048.43126935115,75604.5
1109.34855713405,59682.3984375
1061.20204492631,42433.69921875
1872.72320966452,78436.5
1990.81518374052,53030.8984375
1816.31031941325,54729.19921875
1095.50614391056,37142.1015625
2255.78588963161,80359.703125
2032.14440098959,66300.5
1956.72703834182,92656.703125
1892.2276385569,71588.8984375
2203.38278635323,107940.203125
1231.64511076731,57240.1015625
1865.54172273847,86849.796875
1158.43038559316,28989.69921875
1245.46502650536,77140.203125
1398.18464013601,54383.3984375
1000.68280671265,49392.69921875
2244.36563142537,155008.0
1686.15067186913,55090.8984375
1065.46632078159,50795.69921875
1210.69148741638,63777.1015625
1261.18319542135,59039.6015625
1046.37130157485,54961.0
1132.92814935554,41380.3984375
1273.21400419797,51442.3984375
1073.45493284144,56001.69921875
1177.01353131915,44107.5
2065.41461800652,83318.8984375
1327.70514142262,75036.6015625
1487.4268189642,52764.6015625
1837.83194858486,64239.30078125
996.795976293889,51473.69921875
1920.1632785545,85201.8984375
1925.30072414196,54965.19921875
1621.1034249015,72183.0
1154.24340307897,46905.0
1944.91207177706,85075.8984375
2273.44307449622,124224.6015625
1794.18493346637,81959.1015625
993.034218529369,16453.80078125
1068.46249579879,96314.5
1051.09889198189,37402.5
1902.13900600658,95709.3984375
1263.51647423373,46703.8984375
1206.56264196854,47300.1015625
1853.11208477679,60545.1015625
2295.35874378421,68202.296875
2291.48383035031,79577.203125
1097.60464698372,54923.19921875
2302.66307589068,129026.5
1057.24460358788,60262.69921875
1035.4923195036,72146.0
1060.71344854684,30350.900390625
2278.03100229559,104359.3984375
1201.06067029264,65818.203125
1555.19013611787,60134.1015625
961.517357519271,50008.3984375
1990.02999922371,78631.0
1029.17197395118,66363.203125
1854.97492112122,77021.8984375
1591.00223486916,44251.30078125
993.597323907667,48844.30078125
1099.60970753069,41520.0
2008.36121766218,86066.703125
1566.64759313667,29333.900390625
1099.82967056909,73353.8984375
1845.26491730366,104399.8984375
1114.7612071103,41919.30078125
2461.42938991663,108845.296875
2376.25168254327,39365.0
1841.04953449844,73926.703125
1072.07178298125,54774.8984375
1963.00450502347,78746.796875
1258.84668677196,28544.30078125
1084.16173118743,47764.0
1287.63244214784,62247.8984375
1062.72307541512,56991.19921875
1875.07564475162,95877.8984375
1136.92368049605,71890.796875
1865.45908346025,84051.796875
2214.10072206825,112021.703125
1085.99115542476,57396.80078125
1605.42022732426,54474.69921875
1698.26556778195,72557.796875
1861.23078130695,51392.69921875
1412.50640572267,51432.3984375
1220.21694502906,46068.80078125
1060.17027905911,23351.80078125
1199.27869124739,44921.69921875
2003.28614134131,123697.3984375
898.350543939132,31550.30078125
1897.3875816298,60499.5
1197.09576691696,20598.69921875
1629.23459528497,53065.69921875
1001.83931111301,45621.19921875
1100.15499311854,50177.8984375
1692.12486799202,41164.6015625
2009.57764110794,73817.203125
922.819956259498,16686.400390625
1172.20864757102,55331.80078125
1256.60061355912,80553.3984375
1151.1028877591,78002.796875
1029.11038430043,49532.19921875
2063.981238612,104227.796875
1619.66893177007,49774.3984375
1633.27679200173,83462.1015625
1745.94241713757,69443.296875
2004.35577426322,77627.5
1262.44305460634,45720.0
2137.71864051486,109335.5
1226.48594731025,24296.400390625
1966.45909415006,97404.0
1195.75003861673,48004.1015625
1164.77957693138,52504.5
2165.8162178582,101759.6015625
1425.58791389384,43897.3984375
2196.44019599294,90246.796875
1224.11335358519,62179.19921875
920.318057679969,46543.8984375
1536.80156022888,51777.30078125
1031.80651859589,45388.69921875
926.18004480985,36907.19921875
1499.5303547606,29532.30078125
1109.89640431677,43275.0
1254.01072976423,48918.5
898.154860365226,17012.0
2117.24347853757,82817.6015625
1776.88581501617,72051.0
1159.97246570944,65076.6015625
1000.55773405841,65002.69921875
2124.43933266967,109651.6015625
1172.97200284453,47409.69921875
1070.59875455297,55039.80078125
918.505061061964,67996.203125
1637.79165866025,37817.0
1079.14512605399,59595.6015625
1790.83080340845,51207.0
1048.03745198215,56454.19921875
1418.74077078617,54495.30078125
1212.78041235217,57622.69921875
1466.0594423537,50777.3984375
1160.78048183277,19502.900390625
1236.20875910219,48602.0
1893.51600940662,72423.8984375
846.57336080039,12519.7998046875
1883.63604933762,59635.0
1062.70068930336,54268.19921875
1421.84609201989,47545.3984375
1697.48294486001,64666.19921875
1074.0864216656,61450.19921875
1022.37873570962,37935.3984375
1867.81942607937,88501.203125
1068.36381870916,90182.296875
1552.71106914486,96009.203125
1921.7766378326,57474.69921875
1022.64180036617,46943.3984375
1965.15045328871,78884.203125
1707.10596582542,72536.203125
1005.86335391826,38506.30078125
1238.63548044075,63114.5
1312.71802940994,49946.0
2098.54049472079,74497.5
1575.66117726861,13050.5
944.512711106296,45806.3984375
1070.69030372642,21113.0
1268.43796623563,33864.80078125
1439.09776527801,73755.703125
946.775824493762,14322.5
998.270341206451,9212.599609375
1872.65749918722,56776.6015625
1980.4932928683,65832.0
1824.7123506116,65403.19921875
1858.64546383336,85363.703125
943.13557542539,19231.30078125
1003.27024028635,31461.19921875
1112.50666949699,9558.400390625
1261.86357729557,53327.0
1108.78121955552,34406.19921875
1039.31321669769,50337.5
1022.62253271775,34835.0
2116.10679865409,72651.3984375
2054.0943733742,86423.703125
1798.96520362894,73993.5
2238.91099356787,63852.8984375
1287.66373815482,60253.19921875
1053.4190286988,50595.30078125
1208.15974068784,64160.69921875
1046.020585824,29927.900390625
1968.14016863187,70351.796875
1357.89264606497,63188.80078125
1953.14926991372,69986.0
1298.10724909688,84002.703125
876.221928155235,33664.69921875
976.82600537593,40351.6015625
971.001829613916,49496.19921875
1023.17071402154,37253.1015625
993.748792126514,46403.19921875
2241.13334418467,89112.703125
1444.70955141257,57828.69921875
1751.02785121164,98367.0
1881.62374950077,25474.19921875
1068.75763607816,56342.80078125
2151.97179990828,142132.203125
1402.95243644526,42100.30078125
1963.37270644369,84080.703125
1895.85597064041,61701.69921875
1914.565859626,84945.5
1748.50456888357,45484.69921875
1045.33140542825,20508.400390625
1425.73292243865,33950.0
2200.56547748269,153695.59375
2133.90876931612,67901.203125
960.390478520531,46080.5
1166.41186973683,55926.6015625
1779.30217860153,76337.796875
1122.24162102118,55536.5
1694.61574057621,56156.69921875
982.947883012191,53100.3984375
1502.60683020853,51138.30078125
1762.93859915008,76043.1015625
1653.4228447241,56447.3984375
1609.71011912832,49477.3984375
1761.19582364383,55656.5
1020.90180920218,42020.5
1040.97045720977,58223.1015625
2028.73614331817,90578.1015625
1543.95086015841,75765.1015625
1396.6417804039,57610.6015625
879.784772508829,31188.099609375
1823.26360164781,56705.19921875
1144.65357147327,61956.1015625
965.468450557348,25771.80078125
1137.97894621191,72325.203125
2347.84159062487,124830.203125
1715.30485141261,69276.1015625
1944.11374516479,69973.203125
1876.04036365725,46328.69921875
2185.97619229186,62612.1015625
1749.98427973327,77956.203125
1178.47831809435,56927.19921875
937.837751723866,67122.5
1226.63741552909,80035.8984375
1709.72447265873,67328.796875
1320.478548152,35095.19921875
1286.97166204312,41543.80078125
1684.95674590882,60892.80078125
975.833443047727,36125.69921875
1142.53546663061,54779.30078125
934.120877556548,34898.19921875
1154.16254577979,51688.0
1970.90134516249,97180.0
1609.70833714927,58629.3984375
1197.93296294716,77773.703125
1603.28396857008,59104.0
1109.06422010264,48697.6015625
1312.23299698856,66465.6015625
897.010495697105,23627.900390625
1417.16806290504,65203.6015625
1799.69548091642,33230.0
1122.9369269699,50874.1015625
1061.1860071149,50943.30078125
1341.83590113037,52515.5
1154.78122662956,31225.69921875
1157.29314884122,20966.900390625
1694.20878111175,65364.80078125
1079.20571334152,54670.6015625
1769.14990985968,50294.19921875
1151.39368446454,90980.1015625
1821.55791358044,79203.8984375
1142.21326254449,46154.8984375
1322.78476315762,77905.796875
1398.57199783097,50563.5
1102.7210429437,73990.8984375
1087.88640151307,38589.5
955.966492793321,39227.6015625
1797.48694063722,90636.1015625
2117.59831511496,81386.6015625
904.382543007298,56625.6015625
1703.09762671052,60660.6015625
1910.1129167393,92048.703125
2031.77152187437,45719.1015625
1887.77647764925,107935.6015625
1997.37932630107,92027.8984375
1189.71336185357,62793.5
1025.6953328339,58418.6015625
968.652067495375,55327.19921875
1408.26351361594,51279.0
1679.75258748086,86230.203125
953.788246157886,31208.0
1819.06982533851,94557.0
1118.10665002037,68321.3984375
1054.489998105,59368.6015625
1771.68165658821,61055.30078125
2137.88547830297,158951.5
2072.17611474634,118222.0
1226.49942352678,22056.400390625
1058.50089881478,35444.8984375
1622.15579490141,80479.1015625
865.342946083993,30314.5
1953.47670856328,38797.69921875
991.130285293211,34995.30078125
1858.74492053882,87297.6015625
1121.66314607362,49866.3984375
1596.88811165561,55487.30078125
1015.73551782893,32306.900390625
1000.87737654965,49398.3984375
2108.59687071527,119476.0
1126.67652137004,58402.6015625
1114.17994782048,54611.5
1013.04795930763,36520.19921875
1818.25367893578,51868.1015625
951.784633468884,40261.80078125
1754.80742876661,71291.796875
1159.93114607033,79778.703125
1444.30894024846,43195.8984375
1090.06041594828,55772.0
1098.46567698364,48051.8984375
1146.17749767803,48899.30078125
1925.54173680783,90268.8984375
1868.03081334361,65707.1015625
1850.59091854884,62709.30078125
1152.00345541909,49584.1015625
948.848266123386,58830.69921875
1636.8329539339,53218.69921875
994.380615071745,39414.19921875
875.10317943589,40322.0
1211.05790685756,64009.19921875
1209.91354218944,69913.296875
1810.63003845914,96696.203125
1202.46375604339,88026.3984375
1435.78896431206,51592.19921875
1273.43786531553,39957.30078125
932.188544029357,46826.19921875
1043.91573445049,19558.0
930.981754407807,45012.3984375
2393.47272803655,103638.3984375
907.334892477359,36969.19921875
882.886139976549,38105.8984375
1734.05661690576,54513.1015625
957.950615086515,49781.19921875
1033.85011443972,45157.6015625
1741.48858326135,56303.19921875
1129.0732831859,54089.69921875
1079.89389137406,65928.203125
1215.81935486646,52465.0
1025.18969627981,19176.80078125
1970.83184797972,63185.69921875
1978.82001454481,45756.80078125
1222.44330509872,65333.8984375
997.003354105279,60149.19921875
1064.45805476305,58181.80078125
1006.54974997175,21377.69921875
1446.98090645312,50481.69921875
1518.10392234923,17839.5
1654.51163392074,52670.3984375
1128.48133202181,50252.3984375
1819.99756817894,51503.69921875
1109.83013697102,70631.703125
1260.71275295341,51950.5
1610.59865842976,11353.599609375
2095.06519008779,117148.6015625
1527.55665294213,80595.8984375
973.439576947816,33310.69921875
1136.43330213754,49339.6015625
897.297728444461,38075.0
951.446391571358,82106.1015625
1664.96717322136,72691.703125
2037.87591384125,59634.3984375
1033.83229464926,45872.80078125
1034.85225490529,39261.6015625
1169.47832155263,40848.69921875
1625.84772136209,63195.30078125
922.102876754321,41023.5
1159.9763637886,81098.5
1575.85541298454,74029.6015625
1165.14198691971,58171.69921875
1917.57695871771,73936.1015625
1117.58486428118,61239.1015625
920.210415008267,43431.1015625
1526.80142794801,54285.3984375
1051.21082254067,57734.5
1703.4030133694,46603.19921875
1979.65509447489,69074.5
1202.24100866274,69615.203125
1007.13423909859,58692.0
1336.24761484447,70269.8984375
1170.43981062123,45323.6015625
979.15182215105,48106.0
1905.5563963206,45368.69921875
977.493913396827,75673.0
1181.65135453179,62071.30078125
1022.69091616361,34426.1015625
1502.38942876501,46555.0
1265.83661095064,74661.3984375
1860.30983226162,77583.0
1113.4346350848,83982.3984375
1090.79035911469,18177.599609375
973.700080009493,36142.69921875
1280.28177858619,72102.1015625
1011.02363111222,40955.6015625
1106.74619948584,58847.3984375
997.84556195154,44819.30078125
1760.32120605368,85317.3984375
1507.4263039101,14997.900390625
1727.16425607981,57679.0
1108.8977164356,71260.8984375
1013.13917436001,58436.1015625
1149.43818520976,21921.599609375
1835.29017822419,63663.69921875
1049.61661953731,47230.69921875
1430.66399257792,54026.19921875
1933.87271159174,87100.8984375
988.988791975584,48901.80078125
2311.39566420192,122144.796875
1151.55517631552,57800.30078125
1648.52518669192,47362.19921875
954.827474062336,26784.400390625
1285.00146146122,51047.30078125
1585.42709067872,55418.1015625
1720.55032947968,53651.69921875
1195.42070661443,37605.69921875
1159.4328601798,43976.69921875
1174.19054239041,58351.0
1074.75900738149,43952.80078125
986.40703846009,54299.30078125
2043.9506804065,102325.296875
1075.80068550713,60960.69921875
1659.6283640018,48356.30078125
1115.38734999732,65706.3984375
1834.58696474346,78780.703125
1386.84512785526,48179.30078125
923.040197732122,34992.30078125
1596.98255654501,52000.5
1724.47703167958,45857.19921875
1023.47933051744,36771.69921875
1672.60685150941,52190.0
1057.82664249354,49075.3984375
1678.82239441924,81267.3984375
1862.1317944617,70903.203125
1371.1829799055,69394.0
1106.9401010807,42376.6015625
960.668133130519,49664.19921875
2171.80589492404,86717.1015625
2183.12747604065,83356.0
1141.81521297526,59971.1015625
1546.49875607205,61481.0
1051.58682011922,58839.69921875
2085.15359989074,44772.3984375
1817.35422501269,66590.296875
1822.244643755,36510.6015625
1808.36235875037,62861.69921875
1711.5498874432,40373.1015625
939.823990117176,46063.8984375
1015.90124188014,32332.099609375
1098.78220101155,52662.69921875
1380.34201807701,46146.19921875
1737.9011253222,81163.1015625
1040.4633727977,35610.19921875
1576.12516006252,57178.69921875
2048.4668835493,90431.0
1678.68629576966,33748.8984375
1195.6858873711,40268.30078125
1472.21228187587,44700.69921875
1233.1779468673,66263.1015625
1981.79012811848,45245.19921875
1000.96224330168,13015.7001953125
1253.75913659778,77479.8984375
1154.93559056436,47003.80078125
948.702477962746,46946.69921875
1144.64677767816,60075.30078125
1063.41058520551,48250.19921875
1386.64343010208,43039.80078125
1772.17849462077,85834.8984375
1470.4662765326,71738.296875
2226.98509880754,127040.5
879.140085902365,43133.19921875
1877.76710135209,55640.19921875
1664.16739875111,44094.0
1199.56525575261,50806.3984375
1537.18713594479,65892.8984375
1220.76546045393,59724.69921875
2108.05626282242,90189.703125
2146.21845781332,116684.203125
1855.3516983156,69360.1015625
1076.29897139765,43240.19921875
1257.80389490942,65145.6015625
1324.70328634721,37569.1015625
1206.4190812817,53561.30078125
930.957530630161,34540.19921875
1146.52643144983,17570.30078125
1876.3989869401,69783.6015625
1375.94197769322,87913.203125
1650.88419282676,63276.6015625
1034.36365852582,60830.69921875
1083.50674251461,64784.1015625
1882.33609562411,71077.203125
1700.48802977244,48770.69921875
1889.17354922073,42099.8984375
1577.77070633712,77827.796875
2136.37725578855,20722.19921875
1086.36180706617,46377.80078125
1561.75606065747,57368.30078125
1874.12740915217,96960.703125
1131.29830677128,34306.30078125
1010.1233975733,24293.19921875
1493.92859225817,49276.1015625
1417.46242356858,45272.69921875
1154.73734539557,70984.703125
2189.5270082869,82837.703125
1011.22287864422,53277.3984375
2042.04284909118,66914.703125
1040.17825615046,38159.80078125
1619.1250940402,68038.296875
1065.8070129003,42943.80078125
2064.4498991009,97949.703125
2098.85946896989,55236.80078125
1756.43760547194,64404.0
1104.20220165137,39333.69921875
1960.61398013427,81514.0
1262.81727020585,55140.69921875
1107.45654088275,60263.3984375
1129.10758628252,42093.69921875
1256.89931779658,45299.0
1447.88615180811,62888.1015625
1763.55304779962,71413.1015625
950.314834877625,45325.3984375
998.123550682599,50791.69921875
1168.60760204164,49460.0
1126.56147234793,81689.6015625
1191.66930660311,60586.0
1862.43751524165,84785.5
1759.50940322488,61977.80078125
1025.14937900391,40515.1015625
1015.6115589116,57368.69921875
1024.08765361401,36734.6015625
1783.9638357839,91359.703125
1155.41672490657,78436.6015625
1048.81907254088,69406.703125
1243.93363826335,64089.5
1533.77575981004,53809.3984375
973.984528414591,46896.30078125
1619.47503017521,61866.69921875
1716.39475434616,64878.80078125
996.885743488293,40035.19921875
1107.05091790258,72794.796875
1870.31575597438,142250.90625
1781.65327720435,80967.6015625
1962.6356353611,94166.703125
1172.40254916588,55970.1015625
1480.9264935282,35093.69921875
1145.85172963382,54868.0
1464.78109513611,25184.900390625
1681.21704013498,51146.69921875
1599.83260928051,49876.69921875
1825.94971231114,59236.8984375
1448.98273716308,63105.30078125
1438.6166309358,51165.80078125
1132.05631610765,39817.69921875
997.662686352021,68470.5
1660.91606660937,45332.3984375
1970.8977812044,96962.8984375
1848.90238202978,78062.203125
1064.39924945455,61401.69921875
1788.67327227942,83720.3984375
2145.41478526391,54279.19921875
1521.78838677266,68399.6015625
1303.70266329896,76175.1015625
2269.34630467119,104196.8984375
1745.4837802808,65330.19921875
1195.00795571807,47550.6015625
2135.44127129503,111619.703125
1846.12282884026,82778.703125
1806.68585058986,55142.19921875
1034.4145563023,33288.69921875
1325.37754266846,42323.69921875
1444.28332429969,34837.5
1259.38128048554,75416.8984375
1014.2608187953,43197.80078125
1013.65205020397,51294.19921875
1724.00202289033,75988.296875
966.244613805244,39540.19921875
2187.30443492271,98055.796875
1114.8901778437,41354.8984375
2230.72525007614,139737.796875
1810.06448285965,72772.0
1900.74928509866,60989.1015625
2060.39589677296,71180.1015625
955.016029720062,36330.80078125
1967.70982069245,90868.296875
1000.65964098506,50202.30078125
1153.59053050626,52076.69921875
1041.10666723304,72189.0
1029.12887233302,53627.69921875
1867.00584127153,80070.703125
1103.58530278064,42427.5
1094.8710911283,34806.6015625
1595.29179255214,12543.5
1234.89967274608,70153.296875
1779.87809195421,75211.3984375
1533.32135515351,58475.19921875
1243.3031518024,16604.0
1605.62793925673,44958.69921875
2309.97409041858,108263.5
1430.75030718793,55893.8984375
971.259882454406,23686.099609375
1295.56403087824,66002.8984375
1055.83795387904,38858.6015625
2326.38923588864,25583.599609375
1157.41254143725,43581.0
1773.41128999901,68121.203125
1127.67621161443,66763.1015625
1025.78844123901,43272.30078125
1095.99340380574,57255.5
1490.48079692669,56604.80078125
1775.54788287426,89862.796875
2005.79071288941,61870.5
1975.16205705967,82579.296875
1099.99717659934,47636.80078125
928.715466870167,36732.5
1206.82459288819,59004.3984375
1506.22101783337,62406.6015625
1129.68528161425,51614.30078125
1127.64736582863,13080.099609375
1305.12679867718,75130.796875
2140.51902058447,101659.0
1129.58794100891,56532.30078125
1374.47251322303,65853.796875
2001.68592415868,96460.5
1676.61808634027,50982.69921875
1041.44134517248,44236.30078125
1755.94321766058,63580.0
1188.67335433329,62952.30078125
1238.13507845011,76147.6015625
1013.04795930763,57987.3984375
1281.81817864426,60043.19921875
1077.92124057097,50420.5
1826.27436661845,62529.19921875
1998.58394413566,53726.0
1086.13159764826,31741.900390625
1529.28517261602,73913.1015625
1441.9179698645,56838.3984375
1282.676758423,57393.5
1052.03409685957,52051.8984375
1060.05300256319,24597.69921875
1453.60374294848,78128.1015625
1166.84878872398,35341.5
1731.93327749966,62586.69921875
1189.73897780234,71471.8984375
1117.44843151053,31794.099609375
1049.96989688303,62141.30078125
1778.15703431757,60295.6015625
1293.25703625678,65153.30078125
1398.35136655043,48001.5
2147.80152344764,61211.30078125
1556.94683333541,74349.203125
1954.52584872617,61590.0
1601.2732279649,29059.80078125
1261.66109992655,57101.5
845.44108017767,11961.0
1152.05724891152,68147.796875
977.825361499243,66675.6015625
2181.74822425962,69878.0
1481.91660563522,49141.69921875
1219.4887838417,45138.5
1640.59749604068,45297.69921875
2139.18921872195,104910.5
1916.59263804259,40577.3984375
2141.6298617718,31943.099609375
2192.09550833324,93267.3984375
1087.55718088446,45279.6015625
1739.77220331971,94205.8984375
1344.5726868228,61949.8984375
1854.65951083021,73006.6015625
1951.69940721303,69480.796875
1160.04842256625,50906.0
1287.42350510478,49332.3984375
1468.74065257465,22711.599609375
1441.66169900306,6522.2998046875
926.883202603736,44586.30078125
1308.50331484686,45510.5
1044.88624478801,67099.6015625
1964.58779340517,94017.1015625
1130.71203566539,66479.796875
1100.24765602889,44626.30078125
1132.45269507153,39834.69921875
1013.81710601303,50877.80078125
1366.56798829938,93900.5
1012.89003141474,14086.5
1069.28009005949,50067.1015625
1157.55576800301,58201.5
1425.69371889966,21672.900390625
960.750772408743,33805.5
1007.00849820221,48244.30078125
1641.12496183808,74683.203125
1118.48765941498,70566.0
999.154982428727,55697.8984375
1126.50233291837,40324.6015625
1701.3901566641,69158.296875
970.586628496373,32008.5
1063.50614383181,48371.6015625
1096.05577307232,52154.80078125
1841.57588655893,78497.5
1113.76574906615,47961.30078125
1391.23559010168,56713.80078125
1271.66268006539,55518.69921875
1073.91078535595,41383.30078125
1481.14144475054,80574.0
1169.67823732677,30145.599609375
1138.8185924633,61085.6015625
1563.24323354442,61788.0
1079.69430972099,70433.296875
1471.96425266751,74262.703125
1009.67612083295,36784.5
970.924090778067,43732.69921875
1975.54763277559,78013.296875
1214.51383246844,23318.5
1850.9345063835,60455.6015625
1406.9800432086,64828.80078125
1527.96472614349,61250.19921875
1350.53017689214,45106.5
1322.89379800045,20256.19921875
1153.57594055283,54779.30078125
1780.69134264099,61730.3984375
925.443753343091,37089.30078125
1574.77976588336,55975.6015625
2070.70353181282,53485.80078125
980.759946865697,35372.0
1969.70831019169,99981.1015625
1268.77765599113,27260.80078125
1403.15558205642,59028.1015625
1108.53352446823,51617.30078125
2060.61508019552,99257.5
1088.31374236286,50397.30078125
1222.76695704281,41690.19921875
1533.70448064824,57139.0
1616.41648589142,79889.796875
1330.80478259814,50312.69921875
1080.78309891764,61163.0
1010.45451155465,55215.30078125
1737.40963322678,63652.0
1854.47953094664,37145.8984375
1561.33406574481,67086.296875
2170.92671101259,104452.6015625
1939.11395745858,68698.796875
977.713430940464,31203.5
1717.15176131932,55344.80078125
1098.72517768211,68341.0
1825.81461602477,78867.3984375
1588.4165832745,83105.296875
1553.27840672339,48732.1015625
1130.03699972831,74578.5
1170.55742123822,104316.796875
1502.47173392216,65870.703125
1153.7651644527,57863.5
2051.42251854323,80230.796875
2209.70346602672,92242.703125
1098.90794190793,56601.80078125
1159.70305275254,54931.1015625
2018.82544411064,61320.5
1241.95809174431,60110.69921875
1914.26425967259,62540.0
1286.37436494189,41137.6015625
977.824693257101,42265.1015625
1473.20807404109,57319.6015625
1514.10772296657,70980.8984375
1308.07530575493,76665.5
1734.2968499558,52692.8984375
1933.93909031118,60055.69921875
985.484975677864,26625.599609375
1063.84327199244,43655.5
1381.30929857751,44483.80078125
2140.75958775558,118207.0
916.307546778102,44139.19921875
1302.02938497547,39430.0
998.061849658157,43995.6015625
1725.70236502057,65031.69921875
1486.34270746255,40905.30078125
1537.89536124159,69245.1015625
1389.83818440914,52087.3984375
1979.99077477754,85975.296875
1412.83818794616,69640.203125
1015.07440360315,43405.1015625
1922.32281440996,57532.69921875
1905.94731797365,56582.69921875
2096.3651438013,148420.40625
1843.78487233289,16705.400390625
1313.26932917707,45310.30078125
911.596662424606,49107.3984375
1065.80990861625,46956.19921875
1050.29911751164,10072.7998046875
2066.07328201112,95265.296875
1741.98787151509,52745.30078125
1526.22473497949,61756.19921875
1275.32709722456,44709.19921875
1193.68071545043,76278.703125
855.764084786795,59961.6015625
1327.51524928061,55480.80078125
1621.82122833566,56364.1015625
2249.95569969032,89729.6015625
1538.69970203314,53912.69921875
2027.43730334156,94892.203125
1512.76444488752,52186.1015625
1752.55355939544,83634.6015625
1371.94778303698,66199.3984375
1131.64011262689,55602.19921875
1038.64542005048,42786.80078125
1269.70461921573,74886.796875
1205.66886810365,60187.69921875
1358.77929201367,63606.80078125
1080.71894767201,33297.1015625
1863.17881852447,69858.203125
993.072308331461,44193.19921875
970.368113315949,52995.8984375
2196.96587981129,55436.69921875
1917.74491024272,95869.8984375
1208.29762131647,49604.6015625
1334.46775189934,25347.5
1019.99622972612,53742.6015625
1021.78856652457,28207.69921875
1477.78920804535,55263.30078125
1136.83135170677,52752.19921875
998.989258377519,45512.30078125
1051.47778527639,36271.19921875
1331.73285955965,31677.099609375
2233.20242369642,123370.6015625
1159.38407850344,99359.796875
1192.14821347152,33850.30078125
1077.96400806806,42147.69921875
1000.51385282442,47137.8984375
953.155309475751,39454.69921875
1165.77280750173,40070.8984375
1722.72467803596,52112.1015625
1219.19553691506,54792.6015625
2108.95148454527,103235.796875
2004.83980432139,77004.703125
1533.10428783106,96869.0
1899.87344239792,86347.796875
1050.5621821682,50086.30078125
1132.45191545569,47165.69921875
1956.65264071668,35086.19921875
1354.19682152512,52087.30078125
1891.96769236368,70553.796875
1595.81569439144,56481.8984375
1637.71035586631,52837.6015625
2107.9355337421,107815.8984375
1043.38904826893,12511.599609375
1106.07907108078,57606.80078125
1280.14490032077,47719.19921875
1845.42707739678,85069.296875
1054.14073021213,15245.7001953125
2037.63957887037,76844.203125
1109.58956979992,39958.80078125
1902.21629934766,75079.796875
1028.70297934121,57153.69921875
948.227023678736,46260.69921875
1724.33770319298,67189.3984375
1814.87404430278,86506.203125
1066.22076615987,62010.3984375
1989.24771042284,84003.3984375
1322.64365269198,73962.6015625
1077.00641707862,39836.5
1982.69114127323,59433.30078125
1399.0588122314,81242.3984375
973.019698135279,19630.80078125
1890.37861255008,75105.796875
1570.15764636105,55794.69921875
1162.21775930645,52481.19921875
1940.5542420219,70297.703125
1749.24264232937,52443.1015625
1151.1673731258,45419.69921875
969.242682175184,31534.30078125
1134.53226461733,58932.19921875
1360.33540521493,19815.099609375
1014.34846988959,63765.6015625
1185.74311254076,103143.796875
958.862988357682,47306.69921875
1448.20791039947,51238.80078125
2076.02919893692,113498.1015625
1086.2751583351,41997.69921875
1034.61202185525,27252.400390625
1416.70864643244,29403.69921875
942.672594994696,36035.6015625
1853.6359866161,46957.19921875
1121.95394277906,53706.8984375
1402.67700930908,66139.296875
1735.81264588117,67073.296875
1844.84904794398,79123.296875
943.736436484709,34886.6015625
1009.40414628116,43650.69921875
1077.53098716006,38449.8984375
2153.02584051355,96881.703125
881.816228620412,27914.400390625
1867.35689114344,80930.8984375
1829.53616788708,126681.0
1308.00402659312,73596.6015625
1889.96051571659,80830.5
1127.97491585189,47718.0
1897.72571215364,75886.796875
1969.01445210095,103618.703125
1651.43337649377,89621.703125
1960.80710211329,51281.69921875
2151.48242391298,95626.0
2027.24484960468,133251.296875
1015.42868331208,46578.8984375
1458.36029051501,55797.19921875
1231.10372325863,43775.3984375
1770.65211819482,81633.796875
1088.61066462128,37160.6015625
2314.14681710041,62700.30078125
1083.83496078001,64083.8984375
1115.4992805561,65769.296875
970.519581534795,54190.69921875
1514.62371727386,74389.1015625
1441.52693683776,83674.8984375
1634.68032324724,60957.69921875
1948.02095696887,56263.30078125
1089.45955488896,46749.8984375
1946.89185049633,51681.19921875
1774.73741652974,61270.8984375
1011.42279441836,63803.6015625
2061.20201954355,49705.6015625
1115.1895503233,40876.3984375
1305.13325835122,52500.19921875
1060.01023506611,49402.0
1648.27392764654,21940.80078125
1038.00279385729,43258.80078125
978.202027319933,12144.7001953125
1112.65379414191,48777.19921875
920.252124455295,32152.19921875
1629.96442707769,23327.5
1368.11017978935,39143.0
1021.07365880636,51847.80078125
1932.22950416464,84823.6015625
961.322787682268,46218.8984375
851.807033256285,10673.7998046875
1272.01406405837,44803.8984375
960.890546390104,47906.19921875
2034.23711263085,73023.703125
1808.54590259203,52336.1015625
1063.58243480969,59412.30078125
924.714534105668,41391.80078125
1111.1661757602,17113.599609375
960.203704841851,14092.2998046875
1922.54868025395,65013.69921875
1586.17273753546,56565.1015625
1032.36784199514,68472.6015625
1369.86186519083,52473.80078125
955.049553200851,26527.900390625
1121.80570439724,31853.80078125
1062.87632561301,42684.30078125
1861.07964720917,27375.599609375
1018.51184118143,37997.1015625
1098.32278453895,50433.69921875
1204.64846235287,64296.8984375
1194.59565031648,63832.19921875
1346.62162860377,57739.19921875
1798.26700196428,66452.296875
1040.81976860675,55615.8984375
1054.2366229595,62206.6015625
986.668209763909,37650.30078125
1108.10261966035,25253.400390625
1954.14495070525,140720.5
1267.35597083409,75097.796875
1643.21522325815,54028.19921875
1290.65033503465,48120.19921875
1096.97271266479,56104.19921875
1115.56632751768,58753.69921875
2332.11763027698,55576.6015625
1302.05711702436,62093.0
1152.23444445283,29822.80078125
982.397251487209,39947.19921875
1189.45430664987,37540.69921875
2183.12858977755,96806.1015625
1080.00014187463,37618.1015625
1130.25161682957,60249.80078125
1451.61616807089,58921.5
1619.74655923223,37700.6015625
1330.16215640495,53897.30078125
1063.37104754545,29381.69921875
1042.59740407808,28849.5
1854.68880211077,87578.5
1381.74978152275,38691.19921875
1124.91102563096,49938.8984375
2160.74804670613,102814.3984375
1297.35313783967,69443.1015625
1139.69354417451,64457.8984375
1977.59223098263,69446.5
1730.63343515984,54245.6015625
2094.22810543129,88994.703125
1117.56570800645,57609.80078125
1133.18687043817,63069.69921875
1075.62326721843,58854.1015625
1800.21726665561,57282.6015625
1044.415468199,51652.80078125
1737.2884586517,68562.3984375
1176.5869700852,41804.69921875
987.028169531049,10553.7998046875
1115.07193970631,46184.3984375
1539.68335446612,59897.1015625
1895.08971965095,106554.0
911.565310730779,49686.1015625
1136.83736588605,44941.80078125
1736.89564364592,7781.2001953125
1252.74307442091,58819.6015625
1219.34232743892,56798.80078125
1236.25653841535,20486.5
1527.62002457192,68019.796875
1016.52849850407,69969.6015625
1077.97759565828,47087.80078125
1262.72750301144,53447.80078125
1445.98088208767,42879.3984375
1053.65536366968,47434.0
1501.75214850895,55518.8984375
1646.9766469016,62875.80078125
1155.28374472032,66152.8984375
1991.03592639475,121046.203125
1022.02523561652,35214.69921875
1550.76303192733,63171.6015625
1250.68555686579,72734.6015625
1626.31571360885,57277.30078125
1196.79494657939,68608.796875
2087.14184301047,85037.6015625
993.996821334874,42546.1015625
1246.19173983475,44901.19921875
1523.28380131269,57289.5
2005.81877905937,63322.80078125
1712.82611856067,64558.69921875
2015.80187116561,86641.1015625
1972.69223410296,90123.296875
1014.92505148442,66260.3984375
1386.25072646998,54678.69921875
880.590616845198,30488.400390625
958.698712164449,8516.0
1761.52693762517,72579.296875
1151.57789654835,74272.703125
977.119697797325,10976.7998046875
1868.09997640531,72218.0
1863.482534578,74347.796875
1041.12771686051,38026.3984375
1637.48838810149,38856.80078125
2211.65161461794,114695.3984375
1048.16040853628,58134.30078125
992.18243254574,59504.80078125
1077.95008635677,58946.69921875
1054.47117595133,40351.1015625
1232.57173987084,51151.80078125
1417.09099231134,29644.80078125
1736.66799582288,53518.80078125
990.254999460923,29959.900390625
1054.0673349502,46783.8984375
1172.97278246036,41259.30078125
1198.6107832265,42380.8984375
1274.18128469847,43579.80078125
1950.91422269622,74380.8984375
1701.15950175143,81533.203125
1163.30053432382,58483.69921875
1144.92510053029,69599.1015625
1012.12199844624,41752.80078125
1821.5870934873,62439.1015625
1841.89062860779,52139.30078125
1223.37316403927,57807.80078125
1018.78660007547,56892.6015625
2121.87907427641,89637.1015625
2146.20353373881,114237.203125
1231.11263315385,45096.6015625
1226.74077031372,68193.1015625
1876.07154829054,83073.796875
945.050089162129,41986.3984375
1193.073060596,49287.8984375
1101.59917576102,48563.5
1826.28862245081,92280.296875
1481.64073300428,40296.1015625
1226.86261313094,60170.6015625
1923.2044485426,71096.0
1629.91597952239,87324.5
1339.7064361713,87389.296875
1947.82783498985,26244.599609375
1028.10356613986,40282.3984375
1277.48150989027,35177.80078125
1956.71746020445,137269.203125
2031.49108292212,78189.6015625
1804.77657141657,82605.703125
1077.88671472697,46088.1015625
1850.81221807152,93737.203125
969.048446459252,38684.1015625
964.247349416591,8457.7998046875
1281.54442211343,53411.6015625
1014.47109232264,36192.30078125
1391.13936323324,61523.3984375
1828.50262004084,78671.5
2063.23169367609,102815.296875
917.085157883972,49538.30078125
1887.07482340019,63180.8984375
1069.24055239942,38831.69921875
987.507967388982,47343.1015625
835.582448170367,15714.2998046875
996.541487411489,39250.1015625
1464.15918444932,42301.80078125
1946.99698726,92266.796875
1114.54480802999,47838.19921875
997.136668412602,39275.30078125
1661.71038376879,54233.80078125
1235.5568888927,43936.6015625
1384.5820144678,24722.400390625
1008.02389213693,10993.900390625
2088.62868177635,127698.0
1396.31601235969,36697.3984375
1494.55829910329,43997.3984375
1772.73346971967,83981.1015625
1011.80480617619,35610.80078125
1194.44095226061,69376.796875
975.014846423815,51014.30078125
884.319575057916,30867.30078125
1325.41641208638,35998.1015625
2058.58317858918,114559.796875
1127.66908369825,39474.8984375
979.873969159137,35914.5
1852.06216499807,65363.69921875
1938.56043021765,70277.296875
980.726423384908,35959.1015625
1744.73423534489,91476.1015625
1269.81721801665,55265.30078125
1338.81834236463,39309.19921875
1157.47379696693,57089.1015625
927.677241328929,46021.30078125
1983.31527943383,80303.1015625
2011.51621156179,67395.8984375
1155.31114264814,53705.19921875
1307.83217698894,35886.1015625
1033.71067457943,43089.30078125
1721.66584836201,44906.69921875
2082.93748620059,59922.3984375
1169.18251303112,47694.69921875
2076.28246270873,104426.203125
1166.73652404413,73705.203125
992.720256096334,42340.30078125
1160.20345474318,60608.30078125
1567.79696962086,59521.69921875
1681.59804952959,36045.30078125
1430.09409340452,55948.8984375
1126.61103364013,63051.80078125
2000.92190064303,104335.0
1121.71304148688,60573.30078125
1787.84142218636,58021.19921875
1185.94202595168,66352.3984375
1123.98573301172,27320.400390625
1753.63343869686,78735.296875
1032.16647836303,40659.19921875
996.596394640821,43305.30078125
1157.46733729289,49188.19921875
2076.36487923957,72967.6015625
1846.20123591825,67793.0
1028.52333357871,62113.80078125
1896.44847867296,52505.8984375
904.02648131932,34072.8984375
1081.10496888269,46276.0
1228.03771693759,61945.80078125
1997.04832369342,65692.796875
1032.99721471918,41538.3984375
1025.42346965581,42900.69921875
969.296809788684,43043.80078125
1241.3743822333,63929.5
1307.37955431145,54247.6015625
1145.56271490742,53576.80078125
1317.2186402361,87904.296875
1378.04393335078,51711.8984375
1323.42705522974,41131.8984375
1560.43060236887,60567.0
1075.89412803331,7681.7998046875
1139.97331488462,23258.30078125
2193.92938751818,84777.203125
1338.17538205036,48792.1015625
1976.2372586661,106551.1015625
1035.67797944538,35029.80078125
1127.83592148636,66914.796875
1803.60480882063,29119.30078125
1621.41560535549,55222.80078125
948.147168742771,40637.1015625
918.720680526439,26284.099609375
1352.20312109456,46051.0
1088.12451846299,62827.80078125
2271.55506769778,56168.69921875
1951.89364292896,73819.796875
1172.42070307741,47339.6015625
1879.80123043224,61577.80078125
950.556404411947,37285.8984375
1856.10157737258,43480.69921875
1620.50390032646,80851.8984375
1586.32453987538,48017.69921875
1200.949407976,51275.30078125
1379.69549380465,70198.1015625
1690.83504928433,83610.703125
1099.5705039917,15418.2998046875
1011.19503522164,47367.0
1255.36002202255,44660.0
1174.22941180833,47588.69921875
1153.36845136775,48556.80078125
1572.40405369497,54885.6015625
1173.49234072574,64474.30078125
1414.71605973878,64433.6015625
1089.91930548263,29093.900390625
1145.63399406923,52198.8984375
1897.96761580903,54305.80078125
1785.9018493693,71157.703125
1424.90252020356,60725.80078125
1802.57660691152,99710.0
1002.72027700351,56892.80078125
934.548552527408,45134.6015625
1557.66853484874,46471.30078125
916.601183512651,17388.900390625
984.504218960835,33715.3984375
1861.32845603336,50356.5
2182.61716179156,98462.796875
1064.12304270254,22411.900390625
1198.49172475153,73573.296875
1161.86782317144,59354.69921875
2062.8630467611,100074.796875
2067.13200031138,81940.703125
1864.34144847781,82972.1015625
1253.04734734289,16831.30078125
1633.1770011752,58719.1015625
1416.10878773633,74884.3984375
1816.92655004183,69296.796875
1307.3328887352,84047.3984375
967.256443781874,23482.400390625
942.070286077402,35599.19921875
991.875932149957,44662.19921875
1291.93592154211,42771.1015625
1144.70836732891,66005.796875
992.152138901971,46788.80078125
1017.28015954009,50571.30078125
1138.38946963446,75635.1015625
1150.45101754961,50252.1015625
2136.27612847773,151540.703125
1780.91698573759,106873.796875
905.749320935004,30940.099609375
1456.68979653378,49097.30078125
1031.56205334562,44645.0
1908.92433671612,39992.80078125
1913.91142782163,94074.5
1418.74645084437,42471.19921875
2039.05669770611,93016.703125
2071.22320145189,95663.8984375
984.024532476592,49161.8984375
1511.27393078986,43226.69921875
985.125795526556,18424.599609375
1080.00114423785,18452.900390625
875.72119204352,6263.2001953125
1032.61943516159,44806.3984375
1176.90382823418,21765.19921875
1162.55778318303,42422.69921875
1562.44067473191,143886.5
1217.8789885217,51960.30078125
1514.44763546945,62148.69921875
1799.92892017135,40948.80078125
1019.90568291588,47128.30078125
1004.37295119429,29963.80078125
2070.04776352417,76125.296875
1165.15167643077,38062.80078125
1474.20420032739,70165.796875
2032.37984497094,58962.19921875
1365.25901331695,51844.1015625
1815.69765274276,74123.296875
1730.66306056147,50545.5
1096.12449063926,27759.80078125
924.931211620201,38326.1015625
1212.20160328353,63371.80078125
1218.3936463447,20798.80078125
1054.02813141121,47553.3984375
1537.97944837779,61409.5
1014.97071469745,60789.3984375
931.638246625446,29097.900390625
1093.92163041826,55451.19921875
1047.55921335588,58462.19921875
1075.67383087384,43592.6015625
1408.88898826082,39420.1015625
845.037628984456,10298.2998046875
1846.2742970591,86483.296875
2097.92816217136,81127.1015625
1108.40700395601,32894.0
1815.08532019333,54302.19921875
1204.53341333076,25824.599609375
1082.82134882433,27973.80078125
1899.05818698472,46397.5
1109.40636007933,58244.80078125
975.885900055871,30638.80078125
2131.39172391471,123503.3984375
1647.33382232648,71245.3984375
1053.82286969993,56809.0
1212.27176870844,81377.296875
1081.32237032621,3823.30004882812
1007.68709809738,65121.6015625
1372.83910668068,100838.296875
1077.38308289931,31610.599609375
1654.46385460759,64496.30078125
1427.82073363754,68836.796875
1263.66048041532,66562.8984375
966.942147227768,54226.8984375
1066.52158649745,31272.900390625
1753.89973319044,76230.796875
1080.84903214231,56244.80078125
1219.37083910364,43848.3984375
962.97045005698,39868.19921875
1040.3229305742,40754.6015625
1692.62170602457,56349.30078125
992.394822173196,51385.6015625
923.452169012645,32484.69921875
1302.06179471936,76553.0
1790.04428240736,76245.796875
1151.52232107687,40833.69921875
1043.40508608034,58267.30078125
2030.74554743907,93902.6015625
1599.70865036317,80504.703125
1260.86667139344,70935.3984375
1397.49178440848,59277.19921875
1612.95543709079,58475.80078125
2047.93763577286,88530.6015625
1085.89058498239,46820.19921875
1045.786812448,54427.80078125
1410.29953604882,37430.5
1372.64988278081,38827.0
1235.65244751901,41730.69921875
1837.38823580259,81509.296875
966.941367611936,51272.69921875
1569.36399744377,45022.1015625
1894.27535522727,123792.8984375
1167.94938353181,45658.69921875
1758.19352307366,55729.3984375
1202.36507895376,47993.8984375
987.746307086284,29701.19921875
1548.55371203229,69128.6015625
2270.99730825661,42049.1015625
1403.54082365127,25781.400390625
1639.10675919564,82389.703125
1939.5362864923,44761.3984375
1712.17892604618,58388.19921875
1173.72299563841,12041.7998046875
1915.80522605197,68926.5
1305.34742995772,72656.296875
1531.52333829685,40948.80078125
1027.75040016783,23062.69921875
1383.17536475895,25128.80078125
1680.88269631662,61024.8984375
1853.15195655793,102328.3984375
1355.60458497087,70678.796875
1655.40752388574,56222.69921875
1203.57359486751,47765.30078125
1017.17468865535,44264.5
1134.83230533907,66888.1015625
1101.1964484968,49734.80078125
2139.33890496175,102213.8984375
1777.6339120941,60032.30078125
1042.1975725298,67914.3984375
1142.43957388324,41458.30078125
1102.31619957935,59247.3984375
1713.91245753613,58663.19921875
1090.55335590167,36600.6015625
1181.9000519823,75054.296875
1256.33621241828,45024.30078125
2167.97887217699,78508.1015625
1720.87921598722,61089.6015625
1831.33273688577,56093.1015625
1868.70484691748,91641.703125
1055.97761648671,49739.80078125
951.431022002093,42195.19921875
1055.80688061944,31478.099609375
1703.75261538334,24262.400390625
1483.1903865315,51743.69921875
1030.61003104069,17127.900390625
1173.98984700044,63643.30078125
1511.95008046384,40308.8984375
1458.58972031709,98191.296875
1159.27426404478,15097.099609375
1719.80613048091,61748.19921875
1683.65656944793,48532.69921875
2371.70540850408,38557.5
1025.97866750209,22319.80078125
2081.55066100863,117809.8984375
1558.61298374272,49641.69921875
1355.45701483118,36309.19921875
1301.4107041257,59688.80078125
1144.94893450002,53031.69921875
1101.58770427092,39042.6015625
1072.03358180547,34919.69921875
1112.95784431651,50181.30078125
1148.53004413883,78463.3984375
1763.67032429554,13593.400390625
1376.89600472457,60769.69921875
1764.16671683333,60786.19921875
1853.02120384549,70070.796875
1593.10953646385,40763.69921875
1244.98534002111,28556.5
1813.61875143909,68618.203125
950.243889836886,25578.19921875
1140.57707165989,41654.5
1452.48866956092,39116.8984375
1091.48822665828,80837.0
2174.83837776429,65597.296875
1049.52830020088,36754.69921875
884.904064184757,36085.0
1037.2519124371,42149.69921875
993.654013116044,72602.0
1632.43291355012,50537.69921875
863.055943039952,33179.5
1018.06846252023,43170.0
1868.47697634707,59556.6015625
2102.92594515114,113896.3984375
1465.89806187641,56283.8984375
2222.14323899422,82528.6015625
1138.00634413973,29052.80078125
1093.43370228093,71555.0
987.86391770327,44694.30078125
1230.86315608752,68970.203125
1132.68468646848,57275.8984375
1277.63019376686,35566.0
1052.16384720881,56806.8984375
1047.09589880412,63696.8984375
1185.75024045694,18030.69921875
1783.5607743986,69844.296875
929.939686474253,23395.80078125
2356.03045257993,105015.0
1111.03508892668,44308.69921875
1880.41445397119,69943.203125
1594.28252417039,46402.1015625
1767.92390827654,55245.8984375
2240.7876402499,57236.1015625
1907.30964095375,75757.703125
881.305190442342,38589.69921875
1294.77350042429,36895.80078125
1852.74031939848,77614.203125
1117.53185040459,60381.3984375
2296.64711463392,73421.0
2061.09109134799,68851.203125
1747.16452064154,56029.19921875
2043.13342026687,27368.5
1124.17863224337,48016.3984375
1015.03698204319,65732.6015625
1113.34197217445,18252.80078125
1167.7929034969,50649.1015625
1117.14471545701,74770.5
1000.93373163696,36105.3984375
1456.59033982832,81703.296875
1058.39899188813,36271.19921875
1702.34629979557,65220.19921875
1059.01054482172,54594.69921875
1100.74627604049,18939.0
1879.87206409929,62493.3984375
1985.724515103,85104.3984375
1748.5698338661,71067.8984375
1865.82795312262,87821.8984375
990.827348855519,45445.0
1111.38257484051,51066.3984375
1654.25814740156,51816.80078125
1578.17020376432,46668.19921875
1925.48359974147,103020.203125
1220.9454403375,57327.6015625
1805.86001467608,82764.796875
1010.10524366178,43961.8984375
882.501622310691,34292.69921875
1737.33579247009,77295.296875
1092.45227732176,49523.80078125
1752.70714371441,74639.203125
2175.68281308436,105741.1015625
2100.92968312571,86638.796875
1165.97383701277,18091.900390625
983.48381321005,47139.69921875
1978.56274132015,99880.6015625
991.860228459621,44990.19921875
1103.4694741427,47747.69921875
2049.52782932337,91628.703125
967.130591511803,41141.19921875
1016.48071919092,35037.6015625
1755.14355456402,78977.8984375
1498.75162991783,47343.5
1403.84487382586,38561.69921875
1056.15225043314,45179.0
994.156085712043,25181.0
1147.16827802719,18425.900390625
1114.072583583,72095.296875
1428.74947884119,61705.69921875
1370.53433953303,42597.19921875
1024.23165979561,35634.5
1310.12770012029,99520.5
1493.58244282863,71500.796875
1860.48123637104,54681.6015625
1073.17694411038,50137.69921875
1074.56399204972,44279.19921875
1081.710507637,41701.8984375
1489.71955775329,51542.1015625
1194.19292305225,65900.8984375
963.14686598246,63036.19921875
1223.6215273687,73409.796875
1042.68015472999,60267.3984375
2221.9810789011,65621.703125
1016.06273373112,47399.30078125
1963.99038493025,37086.3984375
1844.43317858429,79105.5
2151.79092903519,54427.19921875
984.438953978303,34685.19921875
1211.12094436628,21969.0
1024.39170378861,53202.3984375
2245.754015849,123915.796875
1433.18939100611,45504.5
1134.36041501315,52497.30078125
1618.90902908096,72797.1015625
1568.01002749046,72348.703125
1339.88964589189,61583.8984375
1297.73982729249,21334.900390625
1183.31316136518,50923.80078125
1809.49959550231,70896.3984375
1218.49521915028,42199.3984375
1055.4572786055,64191.19921875
1426.41118821275,54131.80078125
1056.08520347157,56013.19921875
1563.38400988899,39125.19921875
1335.67593369202,57550.69921875
2104.29940550027,123442.8984375
1946.13384115996,103932.296875
2491.84242628188,64823.69921875
1256.67835239496,94984.703125
1360.22737273531,40106.5
1004.3049018695,35111.3984375
972.223933117885,61210.1015625
1041.45159155199,25479.5
1105.09319117399,55973.30078125
1151.77569622237,49904.6015625
2202.43566449068,139116.203125
1140.4398592734,54169.69921875
1141.17403464004,37891.0
1079.10057657786,16172.400390625
1497.15575630912,71267.8984375
2060.74405092892,23612.400390625
946.01814927846,49674.1015625
1179.94600058549,52131.69921875
2355.11340161377,105227.703125
970.007151185596,50346.30078125
1628.58562079142,46536.69921875
1129.946118797,37703.6015625
1185.78910987486,44402.80078125
1536.23522501356,52968.3984375
1035.7871256619,13131.0
993.550992452491,52159.19921875
1646.44416928814,56637.19921875
1208.10806329553,64809.6015625
1020.08254433613,47650.3984375
1527.66034184782,51789.19921875
2269.56660183066,100825.203125
1446.90639745429,74520.296875
1887.54415213123,93836.703125
1048.94481343726,53174.69921875
1084.54162684514,67372.0
989.439966795103,56792.8984375
1384.48690133626,13890.7001953125
1175.24580810627,72150.203125
1803.76908501386,67749.203125
1512.42085705286,63943.8984375
1697.41946185652,49241.0
1097.72905139581,59560.3984375
1014.68092035522,46688.6015625
1089.21219392274,47479.69921875
1266.87773220783,16112.0
1086.4559178345,40256.30078125
1813.32260879651,49167.0
1425.47876767732,78179.1015625
2310.03000001112,124326.796875
1888.06315352816,72662.5
1379.68591566729,55124.0
1186.37460136491,45136.80078125
1030.05048962048,62924.69921875
1225.90468802043,45819.0
1207.15114054823,49923.80078125
1801.11716607346,55119.6015625
1014.42966130984,39576.30078125
1047.62258498568,41342.30078125
1775.94593244349,74703.296875
1802.68062993829,50056.3984375
987.463417912851,27240.19921875
1470.87869330788,68210.3984375
892.55443434708,51364.3984375
1861.57615112065,65474.0
1091.44935724036,51170.8984375
1351.6072718513,48012.5
1035.81385534758,50962.30078125
1937.11145850648,107961.0
1874.94199632323,66962.1015625
1165.20469030736,61860.80078125
1222.19460764822,25104.5
1107.7162643286,48272.80078125
1603.52164002524,58858.80078125
1304.66459786232,31572.30078125
1298.39303398626,57685.3984375
1165.18018809549,67907.703125
1060.63960779015,54527.3984375
1037.0134613661,58107.3984375
2213.51378272023,119241.703125
985.045940590591,28124.80078125
1662.18338783161,56712.8984375
1566.67287496438,52232.6015625
1899.4442081954,29990.099609375
1079.92808309699,54433.80078125
942.892558033094,35603.0
1440.51555235589,62828.0
1090.74079782249,22148.900390625
2354.88129884312,108047.3984375
1763.26470131536,59186.30078125
1500.67293744968,50291.80078125
1244.01772539954,59410.8984375
1899.49276712438,57349.3984375
1160.5452605988,53152.69921875
1034.56179232091,14484.7001953125
1017.37393618735,74931.8984375
963.34711587767,41368.8984375
918.474433297124,41804.3984375
1718.56442520744,57552.6015625
1878.20012226009,45595.8984375
1507.45949326981,48558.3984375
1165.36194995811,42450.3984375
1167.82241752483,51724.19921875
1148.25138716563,66027.0
1149.91252575687,59613.1015625
1436.86739575551,38075.1015625
1234.96916992884,56507.80078125
1015.65076245059,58756.5
1954.24540977393,95670.8984375
1773.28153964977,43534.8984375
1114.18418002071,65051.30078125
1877.06834281897,51568.3984375
2139.42443995593,71450.203125
1665.44184788954,90121.1015625
1237.51205402641,48636.69921875
987.582365014121,37083.69921875
1107.06094153471,56932.30078125
1310.57007641827,49891.5
2117.47090361322,113298.5
910.724606429338,12578.599609375
2089.67047127568,82266.6015625
1804.54313216164,94524.796875
1854.52051646468,57066.80078125
1744.19785965227,33019.8984375
1905.56419247892,73880.8984375
1033.53180843276,14556.7998046875
1015.895895943,66032.3984375
1969.82948476677,97306.5
1683.25918812084,70013.203125
1122.23048365215,35358.6015625
1486.80635613538,49644.3984375
1836.38932517404,19812.400390625
1118.55749071882,36195.8984375
1272.02263983253,53798.3984375
1690.80375327735,41163.80078125
1087.09208435365,36679.0
1333.25823362238,77434.5
1582.19669679075,42351.80078125
1081.40612334134,61168.3984375
936.527997125608,51747.80078125
1824.08832382469,75967.796875
1032.62589483563,49506.19921875
1273.91187174156,64877.19921875
998.721961520731,47343.3984375
1795.09585887957,61419.0
1554.88363572209,49827.80078125
1024.46398531363,60139.6015625
2127.68587574273,94133.5
973.353707832573,44146.80078125
1298.16672264751,91446.0
2096.14685136826,113860.1015625
1377.94804060341,35477.1015625
1132.07992733,54745.5
1073.03004221284,55785.80078125
1739.43006334302,86834.796875
1425.07113997072,41756.8984375
1468.38926858167,90160.203125
1362.60386453953,98671.8984375
1036.87691722176,54492.3984375
1235.67561324659,48562.8984375
2044.14558436458,97434.703125
980.990824525747,32680.69921875
1167.72307219306,32848.5
1032.13763257723,22801.30078125
1590.28231533488,60873.6015625
999.095731625472,59386.6015625
1356.43999902202,39858.0
1440.33512697756,53022.3984375
1095.9869441317,16715.900390625
1299.97654511534,73036.3984375
1692.0859985741,85235.296875
1837.28031469666,93502.796875
1069.63047168926,22287.400390625
1206.61476485561,48959.69921875
972.648712372796,42968.19921875
1004.56896888926,56828.5
1580.04662769897,44108.3984375
960.29135593614,24791.19921875
1637.99090619225,49909.0
1096.38722117474,40397.1015625
1204.34051409911,21201.599609375
1011.77451253242,40251.30078125
1029.36843714092,68545.0
1022.99028864321,50230.80078125
1195.44843866332,23740.400390625
1062.57305505425,55992.3984375
859.282435351102,42136.8984375
1239.89099605182,59735.80078125
1130.26409068289,57075.30078125
1252.37877107985,65290.3984375
1483.09059570497,57851.8984375
2002.26840855909,118198.203125
1807.81774140467,78556.703125
2039.56522997614,71375.8984375
1051.19333687129,44157.3984375
1054.60549262187,49589.19921875
1245.72809116191,48766.30078125
1039.06195765231,44925.1015625
1127.22436855277,37039.8984375
1382.6692827101,38142.8984375
1194.46166776701,68259.3984375
1173.6562827979,78473.8984375
1884.37111569378,101592.3984375
2186.51212248972,111792.703125
1106.33066424723,79469.796875
2120.41495574336,52157.69921875
1920.25282300153,105508.796875
1329.94687106155,44358.69921875
1596.94658284304,110092.5
2146.13470479819,97269.796875
1362.40884920777,66786.0
964.805888473586,20203.099609375
1590.71099266895,66366.1015625
1065.3038265674,66528.5
2333.5913269474,88335.296875
1253.47145835566,36903.8984375
1829.53861810827,73167.3984375
2244.65386653594,64149.80078125
1096.13340053448,55524.80078125
1021.99460785168,36158.80078125
1134.91962231229,66244.3984375
1019.69763686235,60597.3984375
2032.84961919675,111549.703125
1360.43374818349,77379.5
1347.58924322534,64756.80078125
1955.01455647933,96950.796875
1038.90157953823,34682.6015625
839.29754035864,43069.3984375
1126.68086494397,166388.90625
1373.13669718124,59570.19921875
2011.62736250474,60446.8984375
1061.56913260963,45868.8984375
1227.27892798538,74085.796875
1171.69153952683,76150.296875
1143.06939210205,35031.1015625
1770.34984999927,63366.5
1067.58787820865,37102.19921875
1508.16615933495,47481.69921875
2044.96106252516,96586.0
2164.33049282922,119396.296875
2416.29832037452,176481.59375
1882.53901848789,62169.5
1156.90111345127,57706.5
1381.01772225623,39045.30078125
1073.8675723641,52319.80078125
2226.26495652588,70572.296875
1636.19032774071,61220.8984375
1989.61457535878,68722.3984375
1066.51379033912,26240.400390625
1657.0662122558,69116.3984375
1376.64441155812,62229.0
995.56384915779,46002.19921875
1010.15870303314,31192.5
1249.70480014877,46909.5
1774.28056165202,79322.3984375
1808.36191325561,100962.796875
1140.17545813256,41860.80078125
1746.76468909326,73387.3984375
1419.97646188036,54134.19921875
1902.11116258399,59686.19921875
1153.63864394049,78577.5
1515.73678593499,57276.8984375
2004.84715498495,100184.296875
990.030135980151,46488.19921875
1065.29268919837,56409.6015625
1716.07143652314,60022.19921875
2275.19453715032,112247.0
1056.41030327363,44015.8984375
1862.64745464792,80231.796875
1731.49446515977,63601.30078125
1214.80652252662,56317.80078125
1723.02260265758,51830.8984375
1002.44162003031,24799.19921875
1231.58240737966,70159.0
1756.05804393531,54896.3984375
1027.93427813056,41712.80078125
943.866186833942,45255.30078125
1423.2485095285,54792.3984375
2002.43368711554,56879.69921875
1183.17283051536,48324.8984375
1993.6734781291,145792.703125
1035.32058127312,40016.30078125
1538.56850382593,45202.1015625
2098.48458512824,89315.796875
1243.43078605152,56905.0
1672.74194779578,45190.30078125
1041.28052156364,30422.5
1082.7814770432,36682.30078125
968.73515226836,35226.69921875
912.91532691809,36993.80078125
950.017244377069,33288.80078125
1427.14781380058,58889.8984375
1163.03145548799,59600.80078125
1010.00144338239,53919.8984375
1017.22814802671,54067.1015625
1376.2381203358,59882.80078125
1042.48157544014,44955.80078125
984.638535631371,52964.69921875
996.887191346267,43880.80078125
1193.78228825601,55522.6015625
1031.84249229786,41480.19921875
921.977080171095,45025.5
2191.45221389791,76060.296875
1165.92004352034,53267.19921875
1529.01319806424,47126.80078125
1901.16537720573,65195.30078125
1437.30297825838,41770.80078125
1883.12952179401,88120.8984375
1666.77376585217,76975.296875
2131.2340187692,136377.59375
1178.9602320524,23939.69921875
992.55586852941,32714.30078125
1000.46963746936,51481.19921875
1130.98757417526,38195.5
1003.51793537364,31138.30078125
925.881730380306,19103.19921875
879.396690884881,60876.1015625
1073.45058926751,57793.30078125
1309.4067782228,37849.69921875
967.477743304556,46190.19921875
1139.10159301042,53695.1015625
1264.27782478081,64603.80078125
1924.79753780905,93981.296875
1263.53897171917,41587.69921875
1042.32698875796,54388.69921875
1313.94158077189,37257.3984375
1271.55141774875,41291.19921875
1146.37674521003,32101.0
1203.40998691642,18394.30078125
1317.95314972381,55507.69921875
957.806943025992,46909.80078125
1060.88128869816,67294.796875
966.17188678546,35925.8984375
1717.94507611553,81656.6015625
1349.84166473853,54145.80078125
1118.70929305874,25276.900390625
1239.34649007981,68767.296875
2031.1828005473,119556.203125
1135.19304472205,44412.5
1181.99026467146,72022.296875
1850.12125569673,82813.203125
2162.70956014019,89548.796875
1092.49749504003,40288.69921875
1184.71379689474,41006.5
1773.16649062767,74536.796875
1082.34166234009,56984.69921875
2063.65469095196,69413.8984375
1189.9571588617,57622.80078125
1031.88058209996,48488.3984375
2158.00825392406,121084.1015625
1273.14885058913,36419.80078125
1011.33336134503,49708.80078125
1093.20427247886,50214.69921875
1946.42964968147,113882.796875
1151.21125435979,51299.0
1795.81967649301,93349.296875
1320.28008023583,38040.19921875
1924.94254635386,112410.6015625
1332.17434486811,45040.80078125
1063.91421703318,45326.19921875
2069.34878224367,90914.6015625
1149.38539408055,53710.1015625
1020.87017907413,34675.30078125
1420.15922610618,57852.5
1659.1597035129,59744.80078125
971.123338310064,33997.5
1410.95853417449,56963.69921875
1793.45075809973,56439.19921875
1908.23537906775,17282.19921875
2242.16689203092,85693.703125
1494.97104999964,49986.5
1034.64409747806,46982.80078125
1457.91156591668,22156.30078125
1972.53541994698,90183.5
1808.71697258037,74373.296875
1199.71772633467,35524.0
1099.3574461221,39902.0
1280.55575786439,60258.6015625
1246.36459180214,60810.69921875
1122.55524933314,65995.5
2198.29278595785,48787.19921875
1013.34800002937,28168.400390625
1117.44520167351,34592.80078125
1102.81871767011,52162.69921875
1269.86744755099,46191.5
1110.83873711064,63421.80078125
1040.82511454389,57337.69921875
947.450080815007,39973.30078125
1844.3593378276,65547.796875
1444.87460722164,33067.30078125
1165.68872036553,58052.8984375
1211.17518335347,69399.296875
1892.60853657783,70034.3984375
2249.7302793411,62761.80078125
1956.90122679349,72522.296875
1188.75220690604,46229.19921875
1485.11982434275,72352.796875
1275.83284515234,40813.30078125
986.670437237715,35164.69921875
1727.89308550932,65337.6015625
1800.72513068351,36390.69921875
1451.1300219126,65050.8984375
1766.41880422545,76980.1015625
1410.62641782994,52571.80078125
2121.99534840911,75410.0
1090.19339613453,73009.5
1444.36707731481,47626.19921875
1237.44478431746,52373.3984375
1400.11307558404,40989.19921875
1870.20727800001,53286.19921875
1450.43148612687,56037.80078125
1814.83161092676,60021.0
1871.56225031654,66530.296875
1689.8991761645,63205.5
1534.45179811034,67470.5
1617.25290230578,53679.30078125
1706.52760225155,52074.80078125
1799.01799475816,64312.19921875
1787.87060209322,77906.296875
1420.70272971498,59162.30078125
956.566017368357,45535.80078125
2104.44775525579,87041.3984375
1958.18714742202,82068.3984375
1101.09520981229,33723.30078125
1258.22622394314,73350.703125
969.863479125073,48588.30078125
2155.87143830143,94409.703125
973.541149753395,34213.69921875
1015.108261205,40059.19921875
1243.61711423543,41267.6015625
2144.71624947817,69236.796875
1566.90308438229,34109.30078125
1223.74737963877,84756.5
1914.04507625002,76716.703125
1028.42176077313,37060.5
1162.44128630294,74637.796875
1761.1224283819,56951.19921875
1788.86851035856,50377.80078125
1898.85325939452,54256.80078125
1552.88069127523,38190.3984375
1987.50604865349,83997.3984375
1300.18147270555,67418.296875
1144.27178246283,43135.3984375
1076.21443876669,32983.80078125
1187.59169305282,35217.19921875
1183.9105698401,27325.5
1165.53368818859,72527.296875
1919.52933950916,82233.703125
2029.44848944151,63762.1015625
880.483698102483,37467.80078125
1021.020199435,62518.69921875
1337.30254643926,60872.8984375
1603.52876794142,37156.6015625
1023.63681291556,65979.0
923.132860642475,38848.30078125
1844.03111956221,102148.296875
1175.56333449739,33561.0
1977.03023934124,83135.796875
1254.4255967607,21901.19921875
1235.5604528508,47169.30078125
1114.78437283789,62112.30078125
1039.96475278611,47586.8984375
1367.19279470212,70997.1015625
1073.87470028028,45463.8984375
1224.02325226971,69495.796875
1562.04652324184,34234.69921875
1525.2286086932,66695.796875
1314.06943776838,13815.7001953125
1022.72766948142,35198.30078125
950.770687392138,17642.69921875
1324.70250673138,38080.30078125
945.769674575338,43652.19921875
1659.53068927538,86119.8984375
1165.64806896856,47408.0
2014.74293011797,57822.80078125
1184.47790741863,21009.19921875
1831.3980018683,60993.69921875
1192.8739244377,39126.8984375
1481.30750292282,55489.69921875
1430.45093470833,74842.5
967.312019253348,29712.80078125
2252.15956227453,28096.5
1076.0163049716,54161.5
1842.5353709011,83462.796875
1115.01848033496,58721.0
1097.34091408502,47641.30078125
1129.74687126501,58835.6015625
2070.06558331462,75373.5
1546.48227276588,43824.69921875
983.128531137903,28882.900390625
1847.81314733837,70798.1015625
1835.15864589591,67035.796875
988.685855537891,58159.3984375
1662.77355701666,41187.19921875
1854.47206890939,62491.3984375
1121.36845128901,58006.1015625
1026.65125321798,61706.6015625
991.184858401472,51810.30078125
1268.33962326707,42547.69921875
1230.88130999904,76397.5
1211.31918953507,47700.80078125
897.411440982286,37923.19921875
1175.44360778029,100148.796875
1088.66056003454,22009.80078125
1693.39118685105,60999.30078125
1242.90788657543,55656.8984375
1710.23445278674,58119.6015625
1734.09337022357,80328.296875
882.969558870604,36935.8984375
1227.12567778749,64052.80078125
2031.73699603037,72742.703125
1262.18177192883,47620.80078125
1652.89003298957,31851.69921875
1487.16731826574,46080.6015625
963.391999474872,45390.30078125
1016.11619310247,54364.69921875
983.424673780485,37164.69921875
1471.26282116582,65441.8984375
1906.60598197825,70186.6015625
1949.65970944836,72486.6015625
1124.92884542142,36042.80078125
1075.98422934879,57845.0
1375.46151159314,48336.30078125
1752.6922196399,39278.0
1015.94189327711,46739.69921875
1011.2243265022,48448.0
1630.69192002291,46622.19921875
1906.85055860221,101373.3984375
1844.88613538286,70594.703125
1086.68289741539,52296.69921875
1123.29610712121,50379.19921875
1670.61894251075,67821.5
1028.48880773471,51118.5
926.101303610788,43714.80078125
2054.61159279208,82746.0
1091.67889841612,50493.80078125
936.85799737005,53569.5
1819.00433760859,66403.5
1853.13591874652,77604.6015625
1465.30889505458,78052.796875
1312.38724954967,35779.0
1340.70512405247,75278.296875
998.061849658157,34636.80078125
1203.34939962888,33862.30078125
1816.0287667241,69168.296875
893.527060784715,37854.3984375
974.841994456426,54981.80078125
1774.04177645995,61503.30078125
1127.50024118371,59851.19921875
855.019217545881,42170.30078125
1099.95218162845,48496.19921875
896.564611127877,36814.5
987.769472813872,35681.6015625
1026.41703434722,26768.30078125
1807.85906104378,73500.8984375
1120.83875801781,25285.099609375
908.192748327111,27106.599609375
1010.28767376654,45944.0
1126.59922802896,54769.69921875
1381.82785447967,65120.69921875
1171.13199810662,44078.8984375
1029.2315588755,54104.19921875
1043.53828901397,33752.19921875
1224.06668800894,94106.296875
1472.37622394803,45848.5
953.71841485405,39101.80078125
1117.3037570868,51708.30078125
1662.30166669074,56592.0
1506.65905055743,36651.5
1650.5302472389,53898.6015625
1072.06565742828,41631.69921875
1458.10680399582,50306.69921875
1478.88467966342,56339.8984375
1129.4026151882,45827.80078125
1059.61675181818,43884.5
1055.00643790705,57877.3984375
1820.42056545481,63297.6015625
1374.82857491101,60216.0
1078.17751143242,24970.80078125
1849.06844020205,74059.703125
1231.48762836919,60311.3984375
1780.45300294369,54133.19921875
1554.13631825998,49036.1015625
931.491400414748,54652.6015625
910.583830084763,46794.1015625
962.041704853335,40318.3984375
1698.58888560497,42634.6015625
949.84795636777,43847.19921875
946.651754202736,31197.69921875
1162.50365556953,46676.6015625
1612.48254440165,58034.1015625
1112.0286536181,55248.3984375
1021.69590361422,36638.69921875
1177.39309285579,62281.1015625
1747.47491911649,89136.796875
1179.08563882771,94982.5
1123.48009645763,62480.30078125
997.834090461436,36170.6015625
947.314650407569,37214.0
1173.37049790852,56034.6015625
1773.02493466726,117831.1015625
980.033901778448,25085.80078125
1052.55410061972,60945.6015625
992.927968028796,45191.1015625
1331.62905928026,165060.09375
1506.54389016163,52976.80078125
1204.3498694891,44271.80078125
941.941315344002,17294.19921875
1522.62123922893,19170.30078125
1993.24558041086,81442.296875
1052.50632130657,64546.3984375
1009.00253275384,40787.30078125
1203.40497510036,100083.8984375
1084.68852874268,41004.80078125
1106.59896346723,61983.8984375
1060.04019458881,48442.80078125
2069.30111430421,80653.703125
1291.01953881809,59811.30078125
1403.49805615418,40846.19921875
1759.05499856834,114909.0
2244.06224949292,155664.796875
1780.64367470153,73194.203125
1976.20117359044,77410.1015625
1035.87756109845,67987.296875
1179.79096840855,62518.69921875
944.094614272804,42978.69921875
1430.32719853837,41499.3984375
927.214316585081,46893.6015625
1748.7344441804,72842.1015625
1114.26726479369,43911.80078125
1028.4428104006,34109.5
1830.5308463154,66732.296875
935.403568348056,47749.5
1884.70479127001,52467.69921875
1469.3711390356,82212.5
1999.10183179569,61483.19921875
1699.93071582604,61088.3984375
942.101693458074,41132.69921875
2301.00182592575,88221.703125
2018.93659505359,83376.203125
1711.39485526627,61673.0
1280.95815100755,46868.5
1105.37697133695,58783.80078125
1018.39601254349,47885.5
972.710413397238,28560.0
1134.99123559517,57186.1015625
980.7000278203,34431.69921875
1606.86686018793,40638.5
1966.96695817796,97732.3984375
881.035721798593,10694.7998046875
952.713712793601,47171.5
1545.71357155524,53238.30078125
1812.10340100849,31948.19921875
1115.46430921734,54910.0
1291.01675447583,74239.203125
1891.87057450571,45182.80078125
1053.94226229596,57391.80078125
2057.40885439836,37628.3984375
1784.89402884552,50515.80078125
1725.61293194723,80990.6015625
1002.96696972758,16864.80078125
1913.65014514412,57340.19921875
1488.36592192105,54133.80078125
2289.99030916302,132434.703125
866.89683181145,42531.69921875
1069.89164299308,56142.19921875
1577.10524853741,37971.3984375
1124.7608938964,44247.6015625
1963.27581133311,109147.6015625
1750.69283915113,40075.30078125
1003.28627809775,32276.19921875
1315.42418733753,6440.2998046875
1225.29202134993,43958.19921875
962.432960627457,31451.30078125
2103.42088983096,62106.80078125
1824.66345756154,84070.8984375
2130.92573639437,77212.6015625
1517.20079309436,47183.3984375
2081.32613164893,87510.796875
1841.94731781617,84626.203125
1161.48035410279,43501.30078125
1408.08843417474,53770.69921875
1004.4891139533,52750.30078125
1661.69790991547,72987.296875
1381.37021998612,90726.203125
1262.47902830832,73124.703125
1125.27944979857,69889.1015625
1708.97136376473,47641.6015625
1219.20444681029,45379.30078125
1094.04458697238,30467.5
1023.72201378867,53733.80078125
953.044492653875,43979.3984375
1952.24313356921,77495.703125
1482.74912397042,48982.19921875
940.419171118289,76305.5
1354.12264664736,46872.0
1406.31581051948,42079.30078125
1096.61063679754,13773.0
999.48531679424,8571.7998046875
991.959351044013,47839.0
2032.55804287547,67450.1015625
999.307453010786,59897.69921875
1234.62101577288,38984.80078125
1383.46081552726,49732.19921875
1910.61721680911,81881.0
935.092835752041,33118.80078125
1497.25409927768,65788.203125
2072.90360769156,91025.796875
1967.5467696098,52366.80078125
1648.85808265231,49809.8984375
967.273929451256,43823.30078125
2115.24721651214,105781.3984375
1156.11737679243,23872.599609375
1698.53041441755,79483.796875
1299.22020638433,46086.8984375
1339.85512004789,54278.19921875
1080.72462773022,14994.2998046875
1170.67759345008,79689.5
1792.38758485186,38284.80078125
1213.44286306224,70081.6015625
942.033198638523,25817.30078125
1945.30054320892,55733.69921875
1106.73795783276,52394.6015625
1386.6904297994,55221.69921875
2017.51078907001,75195.5
903.181823251872,47948.30078125
1266.93041196335,52250.6015625
1151.86123121654,17599.19921875
1646.23077729748,42971.3984375
1026.6533693181,43670.30078125
1165.81813659369,38787.0
2000.58911605633,35242.3984375
988.589183174687,43459.69921875
1040.98404479999,48769.1015625
1404.75724709703,64443.8984375
1598.32583462406,50083.6015625
2048.44661353766,50743.30078125
2017.63285463461,77016.796875
1022.34276200764,53420.30078125
1247.85755612098,31962.0
1011.56646647888,48051.5
2007.71369102661,74007.3984375
1669.97988027564,66206.5
1729.08244514833,71345.3984375
1166.02518028401,20182.599609375
1431.12340905053,52349.0
1325.12127180701,50816.8984375
2044.43248299086,80847.796875
1871.20585450749,80936.6015625
2173.74067867242,162147.90625
1761.62817630968,58770.80078125
1886.00340849923,87199.6015625
2153.74509180569,106927.3984375
1063.68645783645,38975.3984375
1965.6226777357,79711.1015625
2286.10314462319,153871.796875
1419.78534462775,66602.1015625
1103.52326763513,45315.1015625
970.729855062135,39578.19921875
2225.84685969239,93596.796875
1938.34236053199,89756.3984375
1430.30046885269,40089.30078125
2017.65602036219,71928.5
1088.77917301474,45152.1015625
1148.14402292815,58104.69921875
1350.96787549513,68544.5
975.938579811396,45658.5
1414.56993745707,37783.0
1276.04378692182,56376.69921875
865.755251485587,45828.0
1833.52490523249,76955.6015625
1985.85771803664,39841.69921875
1398.3218525225,51845.3984375
1548.47563907537,50404.80078125
1314.72743353084,46353.5
2283.1183297224,76166.3984375
1025.04457636131,42410.3984375
1990.38750876966,20861.19921875
1052.64531567209,46243.6015625
1035.14561320561,42096.19921875
947.613020523957,15800.099609375
1975.81871633785,68039.296875
919.47479178365,36372.30078125
1901.67457771791,60743.5
2024.14041936047,65330.5
1071.31978782416,48312.8984375
1388.60861886792,55306.3984375
1005.1085744189,38867.5
1087.26805478437,51478.19921875
2029.75432159515,73662.796875
1265.03694785408,56908.8984375
1058.942829618,30818.30078125
1196.36582375055,56322.3984375
1687.88765594349,63113.69921875
1300.56025462635,77223.203125
2202.3639398341,117149.6015625
1459.91595822151,44925.19921875
1690.42096190369,53456.3984375
1775.58285421302,66119.1015625
1570.3494318558,59583.80078125
1294.54607534864,54123.6015625
1588.8956015166,69767.8984375
1366.99421541226,57694.8984375
1059.22972824429,46764.0
1533.89225669013,67111.203125
1203.75858656715,58862.8984375
2136.3928481052,87138.6015625
1736.04675337824,78776.0
1036.50737931725,63452.5
1234.82661160522,44656.8984375
1345.67539773074,55589.1015625
1207.21027997779,50083.6015625
1576.9106787004,55334.3984375
925.059903919375,24331.400390625
995.336869576901,56351.0
1296.35122012148,60279.8984375
1170.58738076092,57558.3984375
1137.4194047917,54170.19921875
1144.74690262577,76295.1015625
1829.42067337021,73418.203125
1088.28489657707,59678.8984375
1330.25415107316,59190.3984375
1349.86371672922,78006.1015625
1407.95834970444,124404.203125
1246.28941456117,44772.80078125
1886.23773874368,97207.6015625
1477.04033135159,50047.19921875
1990.17411677899,69849.3984375
1290.08266333505,72082.0
1805.46051724887,84118.3984375
1988.88685966618,84523.3984375
1080.60345315514,37480.19921875
973.533242221382,27783.19921875
1041.30301904909,25939.099609375
1087.02615112898,57534.5
1222.25296746195,62040.19921875
1249.11240348991,52730.5
1137.87737340633,79291.796875
1239.7195919424,46333.6015625
1436.02563340401,47755.80078125
1072.89505730016,54120.0
1176.71772279764,34688.3984375
1026.89070665219,43472.8984375
1197.80956089828,65066.19921875
1544.74127923867,40829.69921875
1880.53317832508,81380.6015625
1250.25899563184,37392.19921875
982.535132115835,46706.3984375
1909.76587632024,103208.6015625
1882.84195492558,70032.296875
1492.22713639103,76885.296875
975.854492675199,31452.30078125
1853.39475120285,83494.0
1377.94269466627,51040.8984375
1782.79908973045,76902.203125
1190.30642675457,95771.8984375
1232.55926601753,63197.0
1327.49843185337,189704.90625
1096.16837187325,47367.80078125
991.164922510903,40590.1015625
1244.78364226793,68448.3984375
1198.21273365726,71762.296875
1141.17191853993,30589.599609375
1222.18280203704,34336.8984375
1049.83691669678,38119.19921875
1586.39615315826,97689.203125
1189.67594029362,57310.8984375
1791.16837706384,61273.3984375
1480.29567294619,73528.6015625
938.71158969818,36499.1015625
1505.17922833404,52429.19921875
1047.40451530002,34373.30078125
964.763455097571,66049.3984375
1713.49547443954,39826.0
1314.22591780329,44182.0
1271.62447888961,60507.69921875
883.475975040526,47821.3984375
967.864098636304,20317.30078125
1166.80178902667,71154.0
1303.39148520818,36275.3984375
1588.14850680188,87294.203125
950.518314609854,59457.6015625
1061.33357725458,54103.19921875
2071.4579771911,80212.3984375
1273.1895019861,47502.1015625
1850.96056782704,57530.30078125
1220.30849420251,88603.796875
1914.1662508251,95420.3984375
1123.38565156823,34949.5
1298.01915250783,66120.1015625
1666.03168295352,51185.69921875
1703.79148480126,81175.0
1417.04755657211,70900.296875
1303.75890701257,32584.19921875
1102.03642886925,47618.30078125
1009.10555341739,38291.5
2035.59609440023,70692.3984375
991.869472475918,36241.3984375
1826.18348568714,65732.703125
1014.28353902813,41896.19921875
1163.4505546847,60441.3984375
2143.75398079374,67132.1015625
1029.38837303148,55592.80078125
1333.24854411132,14774.7998046875
2084.36663339488,95540.8984375
1806.97842927435,68759.296875
922.595761020868,43365.5
1053.9579659863,62314.8984375
1718.16069558,79391.8984375
1197.11358670742,48735.6015625
1559.98187777054,56372.0
987.315847773166,47830.0
1206.3880080221,69088.8984375
2004.64980080569,70190.796875
1114.38086595783,66161.3984375
1178.13584399659,60947.5
1338.57164964055,48620.3984375
1079.15403594921,62424.8984375
2155.11298347029,106776.703125
1579.39119353139,45061.1015625
1676.6533918001,56623.19921875
1301.53432892196,57237.8984375
1525.17303322173,58725.1015625
1952.48102777175,117166.0
1718.69027747751,68385.796875
1031.52741612793,57880.6015625
1028.99199406761,24049.69921875
2060.42218096388,118794.796875
2280.38366013008,130587.0
1759.83082769517,72139.6015625
1481.97151286455,46182.19921875
1692.98812546575,75323.1015625
1639.53009059258,38704.69921875
1059.72723451898,39866.5
1559.58271446441,67729.796875
2056.82792922961,98345.296875
2321.0306021522,106838.5
1449.03441455539,50876.8984375
1088.47590245598,49618.8984375
1251.88549700539,71386.703125
1009.75018433701,47834.69921875
968.398692349879,34552.1015625
1165.18798425381,43237.8984375
884.947889731901,30593.30078125
1717.845285289,58713.80078125
1560.52894533743,52342.30078125
1145.76084870251,56933.0
1145.88313701449,61201.0
1396.09437871593,84517.3984375
1116.10225771554,27493.900390625
980.975900451243,40092.0
1164.77846319448,50600.19921875
1408.02149858685,66449.8984375
1324.70785266852,77588.3984375
1058.748259781,66377.6015625
1258.51702064859,54708.1015625
1057.33904847728,52501.3984375
1159.81464919025,79077.796875
1184.70243677833,46085.5
1050.77312393768,52181.3984375
1262.77806666685,49176.6015625
982.351588274175,60090.69921875
1049.32159063164,29942.900390625
1408.770598028,39414.1015625
1023.56375177471,45775.30078125
1896.94743280562,62780.19921875
1910.94265073225,106334.296875
2243.26860057564,45230.1015625
1418.7956780155,31674.900390625
1553.21960141489,46912.80078125
1130.26720914622,52196.69921875
1835.18860541861,69856.5
1396.367689752,26451.900390625
913.877985410441,21120.099609375
1144.03088117065,44571.5
1209.27058187517,55284.30078125
1142.42921613004,63010.19921875
1206.35203432013,36075.6015625
1047.42122135357,73586.203125
2009.22770497293,58971.80078125
1043.35262907219,61432.8984375
1168.25332233271,68169.8984375
1828.04743576847,88152.203125
1050.49736268043,47749.6015625
1777.14208587762,76295.796875
1979.70253966697,97301.796875
1728.7085636699,66821.3984375
1095.42885056947,46919.80078125
973.286660870995,48670.0
1061.42223071209,41211.6015625
1915.11894137217,49859.3984375
1238.11614492275,44476.8984375
1060.24334019996,51276.8984375
1076.6197276258,49277.6015625
1280.39615936615,38292.0
1160.2596984568,34185.3984375
1068.37629256248,33259.6015625
885.362032799386,23129.30078125
1139.38993949468,16712.099609375
1068.74972854615,62689.19921875
1351.58154452884,61587.0
1959.06900430203,79437.1015625
870.805769907738,18390.69921875
1924.37342679628,51374.80078125
2039.58661372469,95130.0
1073.14731870875,47939.8984375
877.662435465938,33694.3984375
1387.81129461886,38155.69921875
1140.72497592064,46936.6015625
1125.33335466469,75450.203125
1126.87543478097,32033.900390625
1866.32657313422,55491.80078125
2254.15671528949,45330.80078125
1281.14492468623,66958.796875
1972.49042497609,77780.0
1789.1490606845,79880.0
1038.63606466049,63163.1015625
1373.94861138373,30757.0
1005.04007959935,33811.19921875
1087.76700891704,55566.19921875
2004.43418134121,97221.296875
1596.56267773247,27146.599609375
2128.10241334456,88282.703125
1218.75427435398,46701.80078125
2075.39904659705,136430.5
2137.82845497352,110318.203125
1054.83781813989,42940.19921875
1177.83647151699,62182.3984375
1205.01454767298,72618.1015625
1041.9581190956,58248.80078125
1048.52504599841,56217.80078125
1002.83365542026,39791.0
991.455050974208,29150.5
1364.36401434148,69582.6015625
962.394536704294,50581.8984375
2306.26222806732,29540.0
1041.65763287909,42820.80078125
1253.11829238363,81620.6015625
2069.40758755216,93651.203125
1629.3436301278,72320.796875
1013.19875928433,61810.5
1566.41515624496,87347.8984375
2008.78443768542,81002.8984375
1169.74160895657,52873.69921875
1000.45293141581,34220.1015625
1747.06584355191,44557.19921875
1657.903408286,49218.8984375
1060.36095081695,58913.80078125
1132.87747432644,63659.80078125
1081.1751343076,78939.703125
1949.73499806302,94412.8984375
1739.79180508921,42775.19921875
2093.53447008792,67716.1015625
950.602401746052,50241.3984375
997.787424885189,44650.1015625
2095.20039774785,38997.1015625
1384.93094823959,36937.8984375
1062.19171153856,64967.30078125
980.908185247523,40569.8984375
1212.02373950008,61063.6015625
1184.80824178414,30915.19921875
1253.10192045115,58579.30078125
1941.42295680646,81036.6015625
1614.14513085087,46327.0
1749.14641546093,89132.703125
984.189476911968,43836.80078125
1267.41410790045,70187.203125
1990.34719149376,98716.6015625
2102.70720722334,48009.1015625
2028.64704436591,94336.1015625
1558.90979462744,37072.80078125
1186.43986634745,59436.8984375
1044.24005463673,37925.80078125
1374.01989054554,78908.3984375
1524.03579646979,66251.6015625
996.690059914387,54427.69921875
2172.82941913816,141815.296875
1032.38387980655,74598.1015625
1086.78057214181,59036.5
1062.24517090992,15758.099609375
1996.62955861778,78381.203125
1093.97720588973,52979.30078125
1230.30183268827,75569.703125
1117.30019312871,45084.19921875
2065.33108773877,96729.6015625
1106.89621984671,53281.6015625
1137.56441333651,10869.0
1875.1219762068,93599.796875
1158.71227240338,37676.3984375
986.2238287395,33511.1015625
2012.45620550816,98629.1015625
1205.8203363225,66513.0
1760.528249744,64298.30078125
1041.08918156366,36452.19921875
895.169711343363,46550.1015625
962.846379765955,33753.3984375
1626.84774572755,75277.703125
1878.30681825542,83980.703125
1127.10386221983,48574.6015625
1058.77565770882,52343.69921875
1016.66604501162,58350.5
1890.58465387718,87459.1015625
1943.32187822655,94919.796875
1266.54550448958,56179.80078125
2280.49481107303,149967.59375
1199.48038900058,48810.8984375
1982.08816411379,83531.703125
1892.56153688051,75404.296875
1088.49271988322,52351.3984375
1093.0068069259,43610.6015625
1203.79277829008,64398.5
1660.75490887946,76374.1015625
1049.13515107403,45201.69921875
1100.05910037117,27906.80078125
2004.13659084065,62067.19921875
1047.77405320453,37874.0
1739.26077533372,76086.203125
1113.16165816981,35834.6015625
1101.11336372381,54368.0
1473.7872172308,47017.80078125
2087.15119840046,89530.0
2288.7963832027,31901.69921875
1776.80740793818,61297.69921875
1782.32719940453,81859.5
1046.75342470636,28129.599609375
1084.12609160653,36808.69921875
1019.58102860858,41663.3984375
1004.99018418608,37074.6015625
1007.59621716607,54857.6015625
924.165350438661,38344.80078125
1262.31831607318,105390.3984375
1972.24807582593,82391.1015625
980.553571417519,36274.8984375
1836.88783381195,100489.703125
1113.25933289622,61923.69921875
1253.3685490658,53989.3984375
1220.21872700811,31684.0
1073.39289769592,51029.69921875
1095.1048645043,55151.3984375
1024.87562247308,68415.203125
1175.09868346134,20800.19921875
1474.72275622955,43777.80078125
1105.7137653765,40200.5
2066.26885421134,118064.3984375
2072.94169749365,66450.703125
1656.45399108007,53279.80078125
1257.38512983379,16974.69921875
1798.36757240664,48192.19921875
1713.98117510306,12568.0
950.834059021934,33488.19921875
1316.94555194741,44217.5
1609.45563024592,75689.796875
1707.06464618631,67975.8984375
1024.55063404471,31261.900390625
1211.39759661306,61078.3984375
1627.40806676359,43207.1015625
1050.94419392602,47468.0
2131.99648305319,80247.6015625
1144.01484335924,50634.80078125
1047.96762067832,54163.8984375
931.169586136545,11562.599609375
1228.07970481884,24937.400390625
1299.41199187907,73719.5
1440.68695646531,59449.5
1206.65318877877,53072.1015625
1678.86159795823,68500.203125
1592.79457166761,64339.19921875
1338.82469066497,47616.80078125
1162.02318946945,36622.3984375
1914.44468505092,65122.80078125
1903.97511266532,60908.8984375
1826.31468389435,63601.3984375
1646.98232695981,65542.703125
1793.3658913477,77274.796875
1147.13508866747,67313.203125
957.617050883983,48730.1015625
1079.97051647301,41244.80078125
1019.1512375376,58275.8984375
1194.36610914071,50531.1015625
1143.01014129879,53172.69921875
1174.22551372917,45442.3984375
1053.13858974656,50430.6015625
1040.33930250668,45712.8984375
1975.39282334603,77809.5
1041.25167577785,55389.69921875
1035.94171234408,37332.80078125
983.857694688481,40871.6015625
1170.76736064449,23890.400390625
1057.5956534598,40564.69921875
2014.02056036251,87133.8984375
1842.81369375323,68331.1015625
1194.49474575304,57647.3984375
1365.40402186176,18520.0
1779.66926628485,76847.0
1382.63787532943,40252.19921875
2309.2690949588,121448.796875
1360.46259396929,63059.69921875
1807.75927021724,37743.3984375
989.085352965098,61769.1015625
1083.89298647267,79560.203125
1826.99217005261,65230.3984375
1707.89360056342,54303.6015625
1022.76264082018,44466.1015625
1070.57024288825,44098.3984375
1001.86102898263,55209.30078125
1853.80171066731,73529.8984375
1954.79715503581,81723.6015625
1518.16952145283,42663.8984375
1921.55188572551,88453.3984375
1845.05787361334,94434.8984375
1060.9603640183,62545.1015625
1293.93129257803,20340.80078125
1163.86185772308,77718.6015625
2068.58654070706,70988.703125
1878.92271476294,78870.6015625
1489.07659743903,62129.30078125
1978.55806362516,56157.3984375
1023.51029240335,46240.3984375
1545.40384132243,47152.3984375
1557.13639135635,70746.1015625
1369.86320167511,21616.0
1483.21711621718,62598.6015625
1089.27567692622,43157.8984375
1799.24497433905,71974.296875
2079.55350799366,87667.8984375
950.257031932345,42027.69921875
1194.19147519428,36831.80078125
1265.0298199379,62241.8984375
1381.45642322243,18551.400390625
1950.97792844708,88373.0
1149.83556653685,79664.296875
1045.12748020126,16660.099609375
1036.89507113328,46658.80078125
1226.2884817573,43380.19921875
1190.57973779063,71554.3984375
1469.53151714967,69284.703125
1139.18746212566,28420.599609375
954.702401408098,38808.0
944.407240221555,38368.69921875
1214.74092342301,55101.1015625
1050.42530390279,29213.400390625
2064.90274452577,32805.0
1337.65537829022,68245.296875
2010.35035177144,111585.8984375
1276.57771239326,67328.6015625
1140.57350770179,41374.8984375
1168.62965403233,43042.69921875
1225.99267323578,62475.80078125
1087.32474399275,42888.3984375
1047.76770490418,50880.0
1399.17007454803,86283.796875
1253.43192069559,46958.1015625
1886.50503560047,37036.69921875
946.041649127119,46000.6015625
1515.33294493386,112360.6015625
2107.01558705999,115645.0
1962.59464984306,65641.296875
1287.70617153083,49620.8984375
1023.44469329975,22069.400390625
1099.75304547014,50840.80078125
1923.79472910134,73654.203125
921.8751175576,37850.3984375
1101.05422429425,51506.6015625
1007.91441179934,46702.3984375
1373.5159245968,65758.6015625
1636.86424994089,40637.5
1280.03230151985,21604.099609375
1060.62212212077,57265.80078125
1002.37390482659,46746.3984375
917.135053297239,35910.30078125
1346.68433199142,39814.1015625
1136.4820838139,49915.3984375
974.605993606621,48569.69921875
1382.48072705238,61643.69921875
1718.96292027144,49372.30078125
1201.71610446022,90636.8984375
1033.67826483554,40504.8984375
1504.30004442259,50678.0
1997.84375458974,87818.796875
2242.31457354429,99474.1015625
960.399722536829,46474.19921875
1759.67468178133,39081.80078125
1231.48116869515,42664.19921875
977.40336658659,43563.3984375
1060.27363384373,25302.599609375
1198.67560271427,58847.69921875
1306.21269215788,52414.5
1121.14035797122,57473.19921875
2006.70130418153,95791.1015625
2150.75960866275,69843.5
2058.80124827484,76317.8984375
2140.15148740639,107207.1015625
1639.16523038306,31876.80078125
1638.76383960312,64700.0
1880.50578039726,67190.796875
2014.5284243904,96773.203125
2326.07716680834,100128.8984375
1082.77078516892,42293.6015625
1104.41570501573,41356.8984375
1911.91026535382,108590.5
1888.35472984944,71926.6015625
1536.64040249897,60788.30078125
1093.78374978963,39898.0
1082.42006941808,49038.5
906.203725591542,25144.900390625
1580.15744452085,80407.296875
1482.51635295764,46007.19921875
1847.10146945717,46598.0
949.731348113997,25889.0
2167.97842668223,89848.1015625
1536.69464148616,62089.0
1027.78603974874,26782.30078125
1192.51073483354,41452.8984375
1811.70668792354,46951.3984375
1914.76031808931,61302.6015625
1882.7530787207,87552.0
2095.9437057571,74516.8984375
1403.74185316231,64607.30078125
1444.62546427638,65379.30078125
1659.82504993892,72392.203125
1010.55318864428,53937.80078125
1250.85696097521,82364.0
1444.07839670948,42364.8984375
1049.37716610311,31357.599609375
1396.1995154796,76942.1015625
984.01350648125,32180.400390625
1852.0859989678,96483.3984375
1444.65965599931,112502.6015625
1821.76952359206,62820.80078125
966.033672035763,37160.5
1201.18039700974,66633.796875
1025.20528859645,56601.19921875
1183.84352287852,60000.5
1289.8495582012,50535.1015625
1209.12234349335,30432.5
1422.27053715373,60424.69921875
1994.19983018959,80874.8984375
1616.42572990772,61440.8984375
2026.83722189808,64956.80078125
958.411033922331,48461.5
1117.33895117294,42813.5
890.844458392629,44470.80078125
1891.66943362098,103478.703125
1845.69192403238,68356.703125
1935.58742092803,42691.1015625
995.495131590857,33391.8984375
1239.82584244298,78284.203125
1421.73349321897,66443.5
1011.03755282352,46652.0
1036.15198587142,52219.5
1312.83062821086,43179.1015625
1534.05408266218,60600.80078125
1004.99051830715,40105.19921875
1223.15787869587,26669.400390625
1017.75305222922,33039.3984375
1169.29722793216,52935.30078125
978.745976423495,40169.3984375
1031.33284629092,63525.5
1715.97565514946,74844.3984375
1219.14920545989,46332.8984375
1645.43701700651,83269.796875
1881.22347245773,106617.0
1788.2462655507,98917.3984375
2028.48510702017,96900.796875
931.867397993296,30338.80078125
1591.24068594015,74414.1015625
1011.42279441836,32477.69921875
1908.66706349146,59330.0
1341.95818944235,51731.5
1694.87022945861,70601.8984375
1282.96755512845,42546.1015625
1203.89579895363,40703.3984375
1277.4120127075,42736.80078125
938.123536613247,36928.6015625
1336.74378463489,39140.5
1789.83256102204,56413.30078125
1453.54426939784,14967.7998046875
2018.02956771955,41615.69921875
1020.6712656632,63858.80078125
2154.29861904662,115287.203125
1845.03615574373,95179.5
1022.34777382371,50883.5
1919.58480360694,84632.8984375
982.434227552398,24397.5
1664.2009222319,48685.30078125
1091.84061301448,66248.703125
1855.9585735542,79079.5
1299.25840756011,66352.6015625
1829.43426096043,63462.30078125
1041.88394421784,48019.19921875
1045.70873949108,29287.400390625
1853.52839963124,80002.5
2299.03407556503,145243.5
985.199524909553,56789.30078125
1011.38069516342,40464.69921875
1005.00588787642,47382.80078125
1794.93937884465,77397.703125
2105.63499879468,93004.6015625
1027.36794291524,29780.400390625
1083.90546032599,65952.5
1857.61982351913,76657.796875
2156.92236044336,57534.19921875
1135.7532543844,48266.19921875
1162.09201841007,16521.599609375
934.310881072248,46005.69921875
1038.46399230894,39864.3984375
1023.4775485384,45240.5
1147.21204788749,74435.5
1585.54971311177,29575.0
1119.05143303542,57254.30078125
1052.62894373962,58723.5
2265.18360162149,49075.8984375
1681.66609885438,53076.80078125
1485.90322688051,69457.0
1877.63100270251,63236.5
2200.67774216254,55281.6015625
1996.41304816379,67818.0
1195.61850628845,49715.8984375
1371.73606165167,79684.8984375
1043.7521264994,45015.1015625
1402.91935845924,54271.5
1200.15364295861,57247.3984375
1303.25817090086,71616.703125
1422.66647062285,23185.599609375
1745.72757728893,67178.5
2115.20556275195,71483.8984375
1134.53193049626,71782.6015625
1181.03445566107,48413.30078125
1193.22096485676,63684.19921875
2046.85419251335,78711.1015625
2026.3164385221,86017.203125
2375.11032496478,120731.203125
1524.91007993886,58052.0
1756.04378810294,82036.0
1144.86562697966,52044.3984375
1023.02525998197,30227.5
1237.30790605204,40201.0
1218.96955969739,38998.8984375
1006.59719516383,38334.80078125
1120.13599003184,57367.5
1648.27147742536,55651.1015625
1979.14544846795,103842.296875
1143.34270313811,45287.19921875
1368.4055428161,11921.599609375
966.067195516551,34572.0
1060.33878745257,46161.69921875
1339.99333479759,56353.80078125
1908.82632786863,79582.203125
2214.61860972828,67577.703125
1093.77729011559,45949.6015625
1149.15841449966,52382.5
1280.42032745695,46297.5
1137.80720798143,54515.3984375
1423.03678814319,55524.5
1084.51990897553,54486.1015625
1804.08059722571,62662.0
1962.8659561527,83413.296875
1065.74352989681,35992.19921875
972.339316261065,19248.5
1371.3073843176,33777.0
1406.44088317372,37498.3984375
1460.87856102702,58359.3984375
1847.20549248394,14871.900390625
996.470876491821,38279.1015625
1099.41513769369,56718.69921875
1648.9849372856,49697.5
1393.30981371035,85374.8984375
1628.69432151318,84042.1015625
1511.43653637774,48432.30078125
1590.72992619631,37490.69921875
1682.71178643287,43786.69921875
1927.68389836759,64451.69921875
1249.89402404863,46924.0
1896.65006505245,74661.5
1419.19773703758,60380.3984375
1678.88910725975,31731.599609375
1102.83831943961,62844.5
1033.10981352011,65920.1015625
1732.3818907243,56280.30078125
1004.30378813259,38872.30078125
1085.4978813503,32849.0
1123.51172658568,51701.5
1396.36234381486,58453.1015625
1599.41317596273,62357.3984375
947.143914540296,26932.400390625
1121.58362525872,52559.19921875
1128.90544303458,36525.80078125
1588.6111531115,69779.296875
1200.68389309826,41943.19921875
1085.53708488929,41709.30078125
1618.68238362115,29268.0
1176.10015568477,69955.0
2066.24568848375,79323.3984375
1945.278936713,80554.6015625
1805.71077393104,38158.1015625
1031.84817235607,48797.3984375
1879.63684286532,84460.0
909.04486843181,49874.6015625
1207.94545770765,44720.30078125
1042.36118048089,65966.0
1094.93412863703,61352.69921875
1529.01286394317,42467.5
2104.62305744436,92564.5
1424.87011045968,49233.1015625
1162.28692236815,48528.1015625
1057.46167091033,26975.5
1314.74024150523,95093.5
1013.27003844614,46393.80078125
1582.28122942171,60076.3984375
988.028973512337,40323.69921875
1110.42175401405,50902.5
2199.71369149906,120605.0
1129.44571680636,114496.203125
1053.04058089907,39498.3984375
1072.85507414533,56604.30078125
1601.13668382056,60180.30078125
1785.20331358356,65871.203125
1699.05854845708,36440.6015625
1734.70525727823,61594.0
1859.92704088797,72972.5
1542.64611737622,73915.296875
1281.32200885385,57866.69921875
969.779726109946,29696.599609375
1069.23665432026,35470.1015625
1675.40210838926,70283.203125
1874.77515853512,73280.8984375
997.779628726866,54549.5
1325.03685054974,65303.80078125
1603.50281787158,49676.30078125
1201.16291134036,57879.1015625
1001.50463317358,41896.8984375
1971.73664783995,54914.5
1881.46559886051,72832.6015625
1913.1529729905,90987.796875
1286.54042311417,50793.0
1053.52349722033,53974.0
1235.86450302539,47641.8984375
1684.01296525698,70276.296875
1305.80395071438,41573.5
1907.69878062775,103236.796875
1112.97922806505,60441.8984375
1076.82532345814,46003.80078125
1220.29000616992,47849.5
1389.90478587595,61547.80078125
1087.99443399269,45428.30078125
1581.33533266975,57174.19921875
1135.52371320863,54152.6015625
2188.95855697146,101896.0
2193.22840151126,53197.5
2046.23473204775,44183.5
2096.66518452304,99992.796875
1097.07072151228,58238.69921875
1980.37211829322,66935.703125
1149.0646378524,61575.6015625
1763.41015535493,67139.6015625
1742.26018018795,106809.203125
1320.40303678996,9622.5
1097.09745119796,44572.0
1063.07523902393,49761.80078125
1842.27832042382,67443.203125
873.803782590833,34442.80078125
985.9693398571,54317.6015625
1375.8235874604,49816.3984375
1878.58079753363,121368.8984375
1909.91979476027,82891.0
978.546394770427,52403.8984375
1813.61240313874,64850.69921875
1064.59638088643,60420.8984375
970.541744899171,38856.6015625
1269.82111609581,32895.30078125
1318.57862436869,76490.5
1198.57402990869,34129.0
1409.44385198603,54099.80078125
923.44186694629,48089.5
1524.07644786676,54918.1015625
1003.82443576942,58079.1015625
2278.56247754584,61212.30078125
1126.27813767974,55501.8984375
881.24994909194,26679.400390625
1087.58168309633,57515.1015625
1704.12905845665,56932.0
1066.75569399451,58319.69921875
1966.49005603597,73749.3984375
874.371120169364,36207.80078125
2077.13358045022,73898.796875
1145.05407126369,53620.69921875
1197.27073498447,59336.30078125
1967.32134926058,96411.1015625
1116.19603436279,63370.3984375
1703.86532555795,66378.796875
1075.60433369108,35017.6015625
1732.78506348329,63621.1015625
2040.84134971992,62345.69921875
1004.49412576936,38429.8984375
1146.74060305633,49822.19921875
995.781696096071,43179.5
1942.10122258056,73816.5
1772.11044529598,59245.30078125
1177.68823313516,65787.296875
1510.54654921833,54593.1015625
1060.09643830242,67082.3984375
1291.19383864345,47930.80078125
2182.66995292078,68477.5
1946.17883613085,56516.69921875
1815.81281313855,65086.3984375
1453.27162660392,34323.5
1835.02711356764,79752.796875
1569.14091594205,85334.3984375
1883.29947804545,56874.0
1331.44306521741,50514.3984375
1051.87082302955,59354.1015625
1019.53046495317,58613.80078125
1712.73779922424,59046.30078125
2003.09702881513,114898.6015625
1126.33549513026,32501.19921875
1793.24716699381,69587.8984375
1299.37601817709,33987.30078125
1088.16305375985,59898.3984375
930.811742469522,52457.3984375
1508.65052351418,12485.099609375
1995.4732769648,111470.296875
1777.36973370065,68323.0
1072.33618412209,36454.30078125
1919.53357170939,58760.5
1816.07610054249,125891.5
1277.44019025116,73133.1015625
1073.39612753294,63646.0
1613.12906867401,54301.3984375
968.386218496562,14858.7001953125
1329.44658044459,45252.5
1261.91347270883,47817.5
1332.42281957123,54300.3984375
1223.34108841645,43952.30078125
1787.63927893841,67815.203125
978.661109671465,48861.69921875
905.24212514925,44898.6015625
1520.28684667966,56992.5
1042.78317539355,52937.0
1138.16850423285,28038.5
1714.17051037662,85083.796875
1142.90433629298,50660.69921875
1256.01835190608,57869.1015625
1055.85076185343,40399.3984375
1095.13627188498,48671.5
1341.76640394761,42024.1015625
1351.72521658936,56675.0
2000.01309132995,69854.796875
1017.30577548887,58991.69921875
979.388491242997,37840.6015625
1232.26200963804,41410.30078125
1599.58313221417,49243.5
1011.99269359177,55539.6015625
1116.74777962468,41195.69921875
1290.3642160242,47160.3984375
1037.68170350807,58509.69921875
1240.15695642432,36388.1015625
1336.96575239971,51495.3984375
1364.39898568024,68922.5
1357.63492734555,63697.1015625
942.681839010993,39609.80078125
1137.46362014676,65504.0
1002.4911813225,41274.3984375
944.771432188928,28488.30078125
1091.9197997083,52337.5
892.471795068857,14360.0
1784.93468024249,57719.80078125
1339.0973334589,37032.3984375
887.800504062273,43379.6015625
1877.2465407235,68704.0
1655.50096641193,64738.0
1739.12244921033,64951.30078125
2000.11176841958,92181.703125
1062.26443855835,13104.2998046875
1152.4789097031,49577.69921875
1029.55654730388,52670.1015625
1048.26097897864,43685.8984375
1331.64197862834,55706.6015625
887.468666151941,5363.89990234375
1054.42016680116,48052.5
1039.95194481172,61790.0
1764.07973398118,53208.19921875
1081.86509431918,42364.0
2016.24513845312,103036.1015625
1422.89924163563,62250.0
1136.20877277784,73638.796875
2208.060481347,93842.3984375
1898.7129285447,101202.703125
1371.59673316507,76685.796875
1709.64205612788,51363.1015625
1053.27724999102,61030.0
1167.80637971343,59758.19921875
1569.77563460323,53180.80078125
2033.15611959253,112486.703125
1607.25633398301,56350.0
1196.30167250492,69752.203125
1872.35344901263,84246.0
1176.51569092339,46452.1015625
2011.60441952453,61856.30078125
953.350547554896,28360.80078125
1020.61312859685,60705.5
1105.733367146,35911.80078125
2063.68810305906,78321.203125
2074.0857280407,34232.1015625
1009.69494298661,54900.30078125
1028.05723468468,16460.5
1074.33768071098,63415.8984375
2150.56849141015,72500.796875
1076.28749990755,50850.30078125
1644.37529161661,55541.0
1240.64945088295,54545.6015625
868.848098865997,24325.19921875
1034.32946680289,48735.80078125
1006.39159933148,35856.80078125
1914.75920435241,53395.0
1000.80754524581,22907.30078125
1772.35569016208,36566.5
1243.08218640079,55247.5
1160.36806505749,41677.19921875
1786.79573460787,60541.69921875
1253.10403655127,63913.3984375
1030.7665110756,42752.19921875
1628.3774633642,85435.796875
1406.19775440773,56423.30078125
1253.61401667928,59947.5
990.917561544685,34914.6015625
1673.20103014731,85710.1015625
946.593283015314,62321.30078125
1018.52398091368,19963.80078125
1214.06521924379,61350.30078125
1183.03740010793,10139.2998046875
2111.40237397463,115309.0
1946.67066234734,86487.5
1860.89220528835,65269.19921875
963.575209195462,57814.5
1995.59155582393,66118.0
1089.50521810199,41903.30078125
1856.89990398485,43886.5
1846.22685186702,69323.203125
997.30239246381,16753.69921875
1124.24523371018,46930.8984375
1081.70616406308,31140.900390625
1578.63173633704,64659.1015625
1089.32167426033,46360.80078125
1204.33516816198,43625.80078125
1088.78630093092,40405.5
1071.77486072284,78464.6015625
927.352587021623,8669.400390625
1939.49841943759,66164.703125
1363.37546146613,12418.599609375
1938.05078421071,58200.80078125
1167.34351065642,56677.80078125
1137.89875715488,79694.296875
1227.38729458607,73559.5
1133.04464623562,51913.69921875
1479.80919266683,69665.5
1589.20956394964,54319.5
1019.47978992407,38105.19921875
1449.4004998755,54188.0
965.609561022994,50265.6015625
1907.77741045312,89232.8984375
1233.0742579616,56308.3984375
1001.12228729468,47196.8984375
1488.57018126911,59996.0
996.948892370709,8256.2001953125
986.130052092244,42353.30078125
1245.53853314097,69201.6015625
1944.6766277957,112630.203125
1276.73163083329,57160.19921875
1319.76542241283,55873.0
1064.02180401803,50386.80078125
840.291160736901,28256.400390625
1581.53201860687,42520.80078125
1153.1019341268,59447.1015625
1959.83124583864,26926.30078125
1977.8608643237,36942.6015625
1912.35531462037,62323.5
873.876119802701,51974.1015625
1128.41473055499,43407.69921875
1144.88834721248,63167.3984375
2019.29477284168,19948.69921875
1409.97632959949,41045.8984375
1107.56479610975,61457.80078125
1394.9168246881,31803.80078125
945.275732258733,42105.6015625
1124.5075187509,70659.296875
1059.04295456561,44677.69921875
993.969757528124,37977.30078125
1349.70055427289,55646.69921875
931.181725868791,54220.6015625
1919.43311264071,77356.796875
1901.10790838152,92915.8984375
1032.67256041188,26168.0
1349.7222721425,18696.30078125
1068.73369073474,53548.80078125
1216.10914920869,46800.80078125
1910.89743301397,73592.1015625
2028.13205242183,77866.796875
991.592263360692,41129.30078125
1049.39253567237,55759.1015625
1466.61263547356,47601.0
1408.50508315026,49431.0
1711.87387350837,44508.5
1825.06974878386,49580.80078125
1283.7579742087,45381.69921875
1981.63843715225,72759.0
1592.01261698781,40192.3984375
1372.93254920686,58311.80078125
961.070860394745,32494.400390625
1184.09233170271,20940.5
1940.66427922795,71251.3984375
1357.58402956907,51290.8984375
1363.70869154759,45298.8984375
1395.11919068342,79750.203125
2055.19563642416,98986.296875
2136.61180878038,110283.703125
1115.79397534071,35868.69921875
1017.22380445279,37940.80078125
2122.97966908423,97051.1015625
1763.47675682175,64971.80078125
1531.04109021773,77286.203125
1035.13915353157,54064.8984375
983.353394618675,54679.3984375
1749.99318962849,73338.796875
1405.0869132204,29286.599609375
1069.20881089768,40450.8984375
1551.8250914383,50327.80078125
1779.54096379359,85184.703125
1357.39870374836,19569.599609375
1064.9594591169,69857.296875
939.65893430811,22890.80078125
1759.86401705489,76996.796875
1943.74532099718,79131.296875
1362.10379666996,77557.703125
1913.85128602885,66651.5
1625.60570633301,41470.30078125
1046.97394461321,55147.69921875
1813.98661873825,62060.8984375
1122.0940508815,49481.80078125
2327.96450536464,87878.3984375
2412.94864526421,89903.0
1018.54536466222,28567.400390625
954.292546227691,31704.19921875
1341.84124706751,49176.3984375
1040.66217483494,52308.5
1904.71107001101,74496.6015625
1226.51056089581,45147.30078125
1644.30122811254,49563.69921875
2109.92667257778,108156.6015625
1391.72563433913,37134.80078125
1707.01942846804,39107.30078125
2033.2427683236,107182.6015625
1674.31298507155,57170.0
1055.71566556706,49904.69921875
1743.48863199226,65975.0
1207.17285841784,39719.5
1056.87105623052,49653.69921875
1564.11929899254,75897.296875
1059.51239467034,48272.0
1509.03476274581,50796.80078125
1280.73651736379,76910.8984375
1475.1643529117,19268.5
1320.88595311122,37385.8984375
1202.84766115395,59415.0
1201.45014408772,51464.80078125
1942.33154337216,98672.203125
1780.00104850834,68161.703125
1397.31213864598,65117.8984375
2196.82332148767,83733.0
1428.56303928358,58646.3984375
1714.50229260011,75190.796875
1503.75576119796,62716.30078125
845.82671158043,32339.19921875
1202.48413742872,43718.6015625
1086.64792607662,53358.30078125
1100.58589792642,58779.80078125
1284.46051944729,28029.30078125
1160.27974572106,44964.80078125
1029.09078253093,26412.5
1606.59243541497,29238.099609375
1597.16933022369,41842.0
1069.7348288371,61338.0
2053.13344117405,96188.0
1294.18255162341,62235.69921875
2191.32769811212,81037.296875
1158.79535717636,54034.0
1380.52734389771,48906.8984375
1646.72828357217,74486.296875
929.440732341583,18178.900390625
1296.68311371865,31691.400390625
2114.94294359016,130540.3984375
1922.3626861911,72717.5
1121.16096210393,43679.69921875
1304.85771984135,38175.8984375
1278.65872979703,65800.5
1541.97353166033,53530.8984375
1903.12822712407,58949.80078125
1500.77094629716,49052.80078125
1026.8226573274,53894.8984375
1046.55918899043,38866.6015625
1390.09690549177,52567.30078125
1330.28054663777,54475.30078125
1193.97552160873,59411.0
1016.21308821306,63137.0
2234.83471650186,104989.5
1506.54567214067,66638.8984375
1044.06118849006,44397.5
1989.40541556835,99948.3984375
1981.86051629076,80039.203125
1638.49732236217,73406.1015625
937.44894617093,39842.80078125
2158.60098470399,39954.80078125
1035.36435113342,41030.0
1040.93949532386,23183.099609375
2020.85690022222,120392.3984375
1375.27729950934,48098.80078125
1241.57039992828,48648.19921875
1148.29237268367,51579.1015625
1933.41518847188,96788.703125
1785.77822457303,78277.8984375
1014.22907729356,55971.5
1036.79138222759,50489.8984375
973.850100370365,40831.19921875
1025.73531598873,51937.80078125
1033.76056999269,50281.0
1233.29165940512,57256.6015625
910.315085370002,31637.900390625
1269.01254310403,49058.80078125
1970.53871242678,79607.203125
957.396085482372,41612.6015625
990.203656189682,43308.30078125
1352.22985078024,46206.30078125
1113.62397035836,50546.80078125
1194.3051877321,81655.0
1114.5078319648,66741.1015625
944.219352805972,43107.5
1054.35746341351,65570.0
1469.68788581089,71696.703125
1518.50386527119,31294.0
1232.00473641338,69714.3984375
1365.66920261843,51663.30078125
1604.38846145706,83728.6015625
2048.33635358424,45574.3984375
1244.36877527146,46068.69921875
1713.93417540575,53855.69921875
1344.44048625239,27378.5
934.099493808005,43931.8984375
1053.65536366968,57400.80078125
1947.30103743459,70722.796875
1149.22568420862,43185.5
2181.96027976601,154063.90625
1014.71522345184,55164.80078125
1039.43617325181,55871.30078125
1065.67447820881,35966.80078125
1942.74696723708,84363.5
1651.06951864747,51215.30078125
1075.66425273647,38495.6015625
1652.62273613278,39217.5
1112.79067240732,60474.19921875
969.127855900456,45526.0
2141.3627876624,110096.296875
1939.90805187062,71494.0
1210.47842954678,61659.3984375
1421.45940256707,46739.30078125
1480.54448177038,50741.6015625
1841.82324752514,45316.8984375
962.104074119919,31302.900390625
1114.24053510801,46045.8984375
1702.15774413784,59358.19921875
1456.07757535805,75111.703125
1323.05283963024,45533.1015625
983.600421463823,60944.0
1487.31522252649,69738.8984375
1743.56637082811,76523.8984375
1193.0477787683,56970.69921875
1767.92279453964,71468.703125
1230.53671980117,40974.8984375
1219.66698174622,45510.3984375
1127.1986412303,37979.5
967.994183106607,48063.6015625
1108.7491439327,38016.8984375
2174.4409964372,65217.80078125
978.478679566708,29811.80078125
1804.46695255746,77654.796875
1050.37262414726,33615.6015625
2102.40070682756,96219.703125
1641.31674733282,81948.203125
956.623374818876,61932.3984375
1947.52801701548,67852.5
1303.42534281004,56423.19921875
909.314337075559,41734.30078125
1848.50990114506,57160.0
1577.71256927076,66227.3984375
1931.70560232534,82691.796875
1003.81307565301,33829.6015625
959.197220802357,33131.80078125
1152.24725242722,55205.30078125
1172.27068271653,41510.80078125
1056.19969562522,28133.30078125
1011.2300065604,48000.5
1174.10433915409,68039.1015625
1687.62258656051,58877.0
2189.63481801913,101575.0
1200.47540154997,48592.80078125
1033.29090714058,62897.80078125
1001.95447150881,27892.5
1087.53613125699,44473.1015625
1255.01899578277,91435.3984375
1214.90553373732,73441.3984375
1070.60476873225,57072.1015625
2087.30400310359,112566.6015625
1032.29010315929,45892.6015625
1117.36434437434,57092.30078125
1117.00750307052,58602.80078125
1439.11168698931,80317.8984375
2025.97585777708,58225.80078125
1057.33336841907,49265.1015625
1779.77941486458,80936.0
1064.21926957098,48424.19921875
2356.11175537387,141933.5
925.138310997366,40452.5
1239.78051335101,63349.6015625
1824.16272144983,109386.5
1813.41460346472,61043.3984375
995.671547516337,41523.1015625
905.245020865199,26143.0
1242.99241920638,47461.8984375
1139.10549108958,62774.30078125
1832.73660225235,91923.8984375
1837.5539598538,61686.8984375
1528.28258665569,56267.1015625
1327.55946463567,48210.80078125
1229.31216607601,24205.400390625
1135.50489105497,72652.796875
1533.02877646901,52699.0
1057.94313937362,35780.19921875
1430.23097166993,50112.5
1034.47336161079,31771.0
1106.61143732054,60216.6015625
1961.5094246045,62133.3984375
953.622187985607,41898.1015625
1044.74725042248,42727.5
1171.81483020202,61155.8984375
1980.2709909824,34615.80078125
1984.66846977131,95972.703125
1545.4077394016,65312.6015625
1140.4387455365,50682.6015625
1156.9997905409,53956.69921875
1009.75196631606,35768.69921875
1739.87945618349,87735.296875
1685.44500816722,62031.3984375
1637.65155055782,43367.1015625
1336.68854328448,54325.1015625
1781.65049286209,61831.1015625
2095.68398231125,133612.703125
2054.43428587708,47304.8984375
984.055828483574,43047.6015625
1063.44444280737,36877.30078125
1311.79351640653,85798.6015625
1222.01462776465,66409.796875
1940.18381312787,86640.296875
1646.79210069673,88754.296875
1885.81095476234,94511.6015625
1127.45992390781,54060.19921875
1592.8119459633,59758.1015625
948.095157229387,44282.80078125
1072.85184430831,57269.6015625
1173.60460540559,67916.6015625
1941.46015561903,94695.796875
1433.99128157647,41592.30078125
1770.65423429494,56688.8984375
1246.5988106729,42054.30078125
1829.15838832949,22519.599609375
1577.20403700073,53186.5
1291.45868527906,69515.1015625
1576.32941941058,54932.0
1728.5289179074,86650.796875
1948.18824025175,75899.296875
2057.74743041696,105504.203125
1945.20721205643,48738.1015625
1788.47758870551,61446.3984375
1245.75192513164,38491.1015625
1211.21360727663,55225.0
1919.040631756,87366.203125
1592.3547569645,79584.296875
2123.55769853703,72960.203125
1021.33093203101,63320.6015625
1044.60391248303,73518.3984375
1900.68491110565,108908.6015625
1378.63811198868,123469.8984375
1288.50271616406,53052.5
1154.51069993575,40173.0
1653.45915254715,58414.8984375
1793.89480500307,46231.19921875
1291.29830716498,55915.0
1681.38744188118,72119.203125
1780.37103190761,57062.8984375
1086.41805077979,55084.3984375
2024.37920455254,86990.8984375
1454.77884675513,48914.6015625
1523.20684209268,47686.80078125
1960.20501594338,59512.3984375
1904.45134656517,74702.8984375
1181.57896163308,60804.6015625
2089.15191537352,105584.796875
1055.63480826788,65557.296875
1936.05541317479,52366.5
992.655659355944,61375.5
1766.0175248192,29734.900390625
1255.81799063718,60186.30078125
1848.48250321724,73991.703125
1683.75524653756,53558.6015625
1110.80521362985,56844.1015625
1934.40307310509,71475.5
1543.72198722479,60657.69921875
1057.7717352642,52444.80078125
1098.03622003374,54086.8984375
1784.98735999801,91588.296875
1820.2063938483,46003.6015625
1161.25092430072,58671.80078125
1408.64485713162,55060.0
1165.33410653552,43658.69921875
1524.26812198781,38214.0
1880.21019462313,51088.0
1394.18086734241,23893.900390625
1260.40302272061,70977.796875
1360.65927990641,67020.6015625
1150.84984673467,68829.8984375
1599.26415796507,63089.30078125
1268.99427781882,46211.6015625
2106.23619397507,99429.796875
2110.28685509231,83286.8984375
1656.09759527102,53085.80078125
1194.36610914071,67341.703125
1027.57888468473,38150.0
1692.50086557057,79784.3984375
1271.80802273127,56258.1015625
1138.79219689869,72225.6015625
1099.23370995214,45636.1015625
1245.37459106881,32677.80078125
1975.11594835188,67850.296875
1292.00753482499,75599.8984375
1020.91896075049,18695.19921875
1166.48559911982,55552.0
968.780704107704,48979.0
1333.09919199259,75324.0
2024.21013929062,99081.3984375
1031.74771328739,66902.8984375
1731.04507231929,43804.30078125
1800.07214673711,107077.6015625
1092.11648564542,50719.30078125
842.17827654582,47214.1015625
1859.44278808242,68695.796875
1215.95010757891,72799.296875
1270.84798152064,43031.80078125
1358.23578840487,36026.1015625
2126.37389367067,82919.5
1123.38420371026,56879.0
1003.67864760878,37887.30078125
1471.88684795273,42600.6015625
1057.10349312224,45423.3984375
1222.609363271,60640.1015625
1771.82031683267,87460.296875
1002.38392845872,39624.30078125
1325.33588890828,23852.900390625
1033.23354969006,50092.5
1308.88142852552,67885.703125
1364.0286681599,72621.0
1525.25533837888,66111.0
1162.49864375346,57882.6015625
1548.12960101952,52601.0
1873.00075290081,54646.19921875
1940.27001636419,119501.8984375
1022.97324846859,51834.6015625
1082.51551667069,27818.19921875
954.154999720136,38126.30078125
1008.94729140344,39671.8984375
1735.85496788349,80093.6015625
1043.36009110945,33298.1015625
1500.50866125644,56115.6015625
1657.62608779708,57858.80078125
1139.19926773684,46741.3984375
1034.54898434652,38218.1015625
1766.63264171088,69194.203125
1012.51191773608,48500.0
2318.97197086018,88875.6015625
1307.65787716358,77870.0
1426.44003399854,67439.8984375
913.613194461686,36634.5
1383.50425126649,27673.099609375
2067.77507199933,97717.796875
1252.77648652801,63500.1015625
979.090900742441,50503.1015625
2009.51571733612,76196.296875
1024.49149461514,35047.8984375
1037.42654638353,30985.0
1773.17139107004,65129.0
1246.33362991623,55379.6015625
1062.79045649777,47386.30078125
1060.7529862069,51728.3984375
1319.20866533488,48299.6015625
1903.51001613451,87889.203125
1311.02225360101,68166.203125
1730.58999942061,75968.796875
2013.19906802265,103086.8984375
1604.50106025799,95841.703125
1913.46704679722,101182.6015625
1075.76326394718,51390.5
2107.10891821248,95288.3984375
1857.09658992197,76077.8984375
1687.08086493075,51592.69921875
1051.26183169084,44972.19921875
1048.82764831503,48176.3984375
1206.26148750989,53523.8984375
1145.96900612974,47948.1015625
1077.92948222406,34604.80078125
1324.09061967672,61077.69921875
1127.11065601494,62123.69921875
912.405012669007,35844.1015625
1052.29137008423,47245.19921875
882.856904382838,42771.3984375
1279.72713760835,21059.099609375
1692.58718018057,65035.30078125
1270.99443792342,45177.8984375
2141.9488360209,56536.5
1162.50075985358,50661.69921875
2054.04670543474,120311.0
1851.83863800158,61524.5
1067.95318391292,62906.5
1571.02981373001,60908.1015625
1102.70077293206,49241.5
2131.24738361204,66631.796875
1924.64473310592,75395.796875
1073.23964749803,36521.69921875
979.580610858813,52659.19921875
1730.24173389096,62520.69921875
1071.87108759128,43630.19921875
2000.32738788406,93217.296875
1532.56646428046,63580.0
1878.43111129383,75989.3984375
1764.78183372501,76984.6015625
1593.56538897837,78694.5
1390.9383337222,45186.3984375
1618.97284620552,60976.30078125
958.718313933946,39878.30078125
1336.17923139861,72647.1015625
1061.44762391348,48004.0
1971.6266106339,65369.0
1105.1448685663,39233.5
1106.23187578391,12385.599609375
1867.91643256365,61634.0
1172.96242470716,52431.8984375
1069.30926996636,45984.1015625
957.495430814145,43613.1015625
1070.62192028056,73545.203125
1955.13639929655,73209.203125
1690.13551113538,60138.80078125
1129.00244951885,57864.8984375
1401.59456841278,44289.6015625
1034.3201114129,35111.3984375
1863.41905157451,95715.703125
1986.12323291438,58985.30078125
1273.5130425565,59742.6015625
2217.31340753946,107298.8984375
1947.39904628208,85002.3984375
1051.96393143467,31790.099609375
999.524854454306,49844.5
2013.77397901212,72130.0
1946.65640651498,18378.19921875
1352.82035408636,42944.3984375
1391.68431470002,41392.1015625
1062.28972038605,48168.1015625
1834.95338418464,21193.099609375
1090.608263131,44036.0
1804.70462401262,88624.6015625
1440.80456708229,70666.203125
1096.43321850885,46992.3984375
1256.8529863414,58373.0
1071.27980466933,36511.1015625
1470.9349370215,80754.796875
971.664391697677,37892.19921875
1315.44334361227,64068.30078125
1021.34162390528,19521.0
1146.36137564076,64127.3984375
1218.69157096633,44671.6015625
1032.05309994627,39092.3984375
1078.25525026827,54075.1015625
1280.64808665367,31238.19921875
2080.09634336032,73493.703125
1145.0908245815,56063.8984375
1190.0273242866,41339.1015625
1064.35358624152,59375.5
989.880115619279,39390.1015625
2138.13116866384,87031.5
1624.98312740407,60293.6015625
1754.82847839408,66013.3984375
1073.72189557715,22384.400390625
2030.56824052407,135753.90625
1034.39851849089,29016.5
2144.73763322672,59288.0
1126.36400679498,61134.80078125
1206.39201747495,60495.30078125
978.390582977658,25484.0
1453.75988886232,60551.0
1305.1047466865,23296.900390625
1401.28662015903,56707.1015625
1928.68403410674,96926.3984375
1951.50272127591,53978.0
1689.16756239274,57459.0
2005.28284886151,68876.796875
1413.46332846997,42267.6015625
1175.02484270466,45595.0
1648.57118402603,49882.3984375
1319.39477077142,56728.6015625
2110.20221108766,94507.703125
1794.63677652803,91407.5
1823.893642614,123143.5
1204.52840151469,66642.1015625
938.007373854235,37350.6015625
1810.97507415178,92702.8984375
1773.3054849932,89810.8984375
1143.51488686336,66248.296875
1438.71140994627,41580.1015625
1720.12154077192,86142.296875
1732.86703451937,47405.1015625
1008.63009913338,39972.6015625
1225.75321980158,48092.6015625
2301.6045803378,113552.0
1295.75113867799,57940.19921875
1226.19470511004,44879.3984375
1028.6524156858,37788.6015625
1798.67763676052,89400.0
1224.11235122198,46180.3984375
1452.98795781466,42843.69921875
1301.72433243766,34374.3984375
1209.08636979137,63899.30078125
1278.96411645591,64412.80078125
1918.91232926474,91074.8984375
1042.69006698843,54676.80078125
1063.69180377359,54595.3984375
965.202935679606,54078.1015625
954.775796670024,39952.0
2240.55887868996,135165.40625
1301.19541878229,55099.1015625
1089.66804643725,42126.8984375
2094.89211537302,111472.1015625
1712.10619902639,56429.69921875
1805.43055772618,71575.5
1857.97042789628,78042.8984375
951.799223422317,50283.1015625
1128.72724513005,48537.6015625
1197.40583127084,42016.6015625
2187.14717527197,21764.0
979.104822453732,51374.1015625
1709.75688240261,32862.3984375
1342.20555040857,51246.3984375
1144.77218445347,80496.6015625
1191.31391315727,41039.3984375
1786.35057396763,88928.796875
915.510278215888,14474.900390625
2040.42347563381,55782.5
1823.77536375487,57488.8984375
1262.02573738868,36225.6015625
952.701573061355,39898.8984375
1752.149829768,85179.1015625
1175.90157639492,45702.69921875
884.773979714454,11450.900390625
1052.57080667327,52281.1015625
1204.45634273705,65896.5
998.954621159827,40681.1015625
1452.50392775649,38067.3984375
1421.60441111188,18391.80078125
1541.61969744616,43878.19921875
1442.55369088889,59504.80078125
1185.99793554423,78411.8984375
1631.53758045357,69505.5
1010.41564213672,41398.6015625
1841.31571761832,77203.8984375
1905.90789168728,57894.1015625
1123.48822673702,67488.703125
1016.82074306749,17406.5
1670.62740691121,17057.0
1537.30730815666,42790.69921875
1541.52413881986,47280.8984375
1036.52341712866,24184.599609375
960.597522210851,10841.599609375
1684.82443396471,66277.5
1303.13064802543,43937.5
1736.58312907085,69069.1015625
1840.2957573623,64218.69921875
1524.77320167345,62518.30078125
1120.55185939152,17465.69921875
1198.30751266773,47930.8984375
1968.41748912079,79185.0
1198.96116485627,46548.1015625
1203.9249788605,43410.6015625
1303.6284884212,45996.8984375
1433.36725478957,60699.30078125
1350.25965019833,67573.3984375
1452.66463999163,42499.30078125
1903.01150749661,89533.5
1131.35354812168,57784.8984375
1207.67682436658,32296.099609375
1351.25187840547,57919.19921875
1685.62242645591,75921.0
1425.57967224076,64715.8984375
1339.13653699789,44636.8984375
1931.3191356199,127434.6015625
1113.53765574835,49504.6015625
960.135989638132,39433.6015625
955.92517315421,39358.8984375
982.68593209254,38345.19921875
2017.25618881392,87664.3984375
1212.69665933704,62112.6015625
2051.56619060375,116487.5
1368.01462116305,99857.3984375
1735.34855171357,59198.8984375
1812.28193303408,93327.203125
1742.26975832531,72578.0
1441.22789847923,77825.5
1499.57390187352,51651.69921875
1859.2795142524,75089.8984375
2213.30484567717,81520.6015625
1697.22311004048,58054.1015625
1838.31341704815,70866.5
1171.21430326377,20104.099609375
1390.32466468849,72313.0
1885.49465348181,70604.5
1950.76765491974,61784.3984375
2009.34843405325,91100.703125
1781.95587952097,68048.5
2227.28914898214,73164.203125
1141.9391718926,39724.0
1111.20716127824,27838.099609375
1954.52384399975,70259.0
1050.55505425202,40502.1015625
1482.13144548386,68043.0
1559.9005749766,63650.6015625
1076.7935819564,33221.19921875
1408.04889651467,59758.3984375
1830.95673930722,59854.69921875
1860.954908676,46264.6015625
1873.89396989724,75724.3984375
987.72458921667,41872.80078125
1163.66372392798,36925.69921875
965.833310766863,13818.400390625
1078.99933789335,47807.5
1053.36701718542,51735.3984375
1073.00587412203,40711.1015625
1144.16631157809,48961.69921875
1066.13879512379,52764.5
2200.83433357114,111880.703125
2006.22195181836,79649.1015625
934.740338022153,53397.6015625
1279.17193976207,70364.5
1708.44423208841,63780.1015625
1846.32307873547,75458.8984375
993.46256174237,39563.30078125
1200.66117286543,11447.7001953125
1090.28138134989,55825.8984375
975.416459951138,43156.0
1182.81710294846,73047.8984375
1079.1668439236,39159.8984375
1834.01494946994,97517.703125
1724.95248596359,56802.5
1083.15881110603,34767.5
1188.96493065456,59237.8984375
1686.96815475614,32807.8984375
1061.55665875631,24016.599609375
924.478588942708,38025.1015625
1707.03045446338,65113.69921875
1963.99862658333,56672.3984375
1225.93175182718,54073.80078125
1133.16827103188,45052.19921875
991.858112359505,10942.400390625
2052.76746722763,97248.5
1227.58108480724,65424.6015625
1308.17220086551,51537.30078125
1222.35498576229,48682.80078125
1627.35137755521,68729.6015625
1088.50085016261,48117.5
2125.19422354271,130227.0
1579.79213881657,68765.0
1139.49117817919,57724.8984375
1293.3984808435,59256.6015625
1931.06654009024,73679.3984375
1623.91282624002,72297.0
2299.81725535542,156130.0
1694.25255097205,60879.5
1295.60145243819,50632.0
1366.07972604098,66115.8984375
1020.23534903926,15803.599609375
1984.72660683767,67248.0
2086.2871613109,125380.0
995.917794745652,15349.099609375
1079.76235904578,49812.3984375
2088.79084186947,86268.796875
1190.78789521785,67001.703125
1944.91140353492,51162.5
1731.61708759282,21218.30078125
1009.29477731726,49665.8984375
1794.48965188311,52605.6015625
888.872865639597,30843.900390625
1663.78427325639,55761.30078125
1179.0154734028,70859.203125
2078.11611914629,38668.3984375
1598.95019553204,58813.3984375
1068.25868194549,56520.1015625
1659.5546346188,59241.6015625
1836.50081023806,61203.69921875
1708.04005696621,52671.0
1577.12384794369,44619.69921875
1468.04668311022,51039.3984375
1080.71649745082,55679.6015625
1336.51134774317,53332.6015625
1016.96363551218,65836.0
1517.12138365315,65870.0
942.313748964459,42499.19921875
1166.10570346212,65129.0
875.025496286886,6003.2001953125
865.424917120074,37777.3984375
2071.91661404787,41777.0
1485.70119500626,55992.6015625
2043.10379486525,93786.1015625
1213.22301139753,35377.80078125
1435.42544058683,75905.6015625
1078.54315125776,43045.30078125
1703.07412686186,82214.203125
1314.01208031786,96545.8984375
990.349444350321,41746.19921875
815.339500337415,10764.0
970.090458705961,32047.5
1782.05032441037,52884.3984375
2044.49975269982,103997.6015625
1488.48564863815,60523.1015625
1307.58381365951,50013.1015625
1073.25601943051,48423.0
1060.00310714993,42884.6015625
1845.54903158769,94600.3984375
1217.94881982553,49758.0
1048.47303448503,49994.80078125
1086.9187868915,33831.69921875
1218.77888793955,65190.8984375
1030.40688542953,48574.0
1347.7475052393,44143.1015625
1994.27400506735,77369.1015625
1709.02950083108,48036.5
1036.8384932986,62600.30078125
1127.12669382635,52351.6015625
956.370667915522,34388.5
1232.71674841565,38336.0
1548.44746153172,78071.8984375
1352.61587199091,57872.69921875
1028.40394098268,36329.8984375
1989.82796734945,85153.296875
936.135961735653,43076.8984375
1148.08209915633,58046.6015625
2135.36731916466,119978.8984375
1576.25067821152,80767.1015625
894.646477746202,35689.69921875
1122.76830720274,84831.0
996.002661497682,57162.69921875
1230.36631805497,59936.8984375
1549.26472167135,64671.6015625
935.345097160634,37756.6015625
1800.15489738903,18879.0
1180.97242051555,50316.69921875
945.677791280817,48099.1015625
1647.38226988178,56330.30078125
1004.03359555986,46479.0
1740.71977067702,62574.6015625
1398.42799164938,39310.19921875
1509.8099236305,41895.5
2005.94997726658,78120.6015625
1120.55620296545,60878.30078125
1057.56290959484,44212.8984375
1071.55957537943,47480.69921875
1941.93304830816,79576.6015625
1823.9303959318,48863.69921875
1172.83946815304,55022.30078125
1159.00596482477,44457.69921875
2219.07422558354,128823.796875
1033.0385343583,37290.8984375
1651.82897584181,31304.900390625
1171.29126248379,48310.5
1462.28955430978,47983.6015625
2065.70864454899,88762.796875
2020.21249204998,88342.5
1905.06278812507,80164.703125
2118.38817732677,93708.8984375
1240.93345379329,21679.69921875
1671.28462305784,60677.30078125
1806.06672424533,40945.1015625
1081.56572183958,47165.69921875
2006.54538101507,79261.0
1224.31260111719,52609.8984375
2368.99635486054,100578.296875
940.61975513457,57225.6015625
1079.06850095504,50902.5
1580.15321232061,71338.0
1118.35011290743,51509.30078125
2147.69772316825,149414.203125
1386.18657522435,48188.1015625
1850.58312239052,85183.796875
1007.85950457,51206.6015625
1305.26902287973,52020.5
1421.89242347507,45692.1015625
1992.59604904886,102920.3984375
1194.85760123613,61955.0
1511.40802471301,30976.900390625
1598.47407300588,41795.19921875
1058.73043999055,62389.19921875
1523.78776726143,83921.796875
1197.92360755717,71660.6015625
1886.59235257369,64024.19921875
1049.5315300379,50991.6015625
1621.95487676405,69372.5
2149.04489932646,90922.703125
1788.78297536439,59821.19921875
1580.45614875831,57753.19921875
1863.19095825672,63287.6015625
1152.01526103026,35856.30078125
2010.16368946645,94291.5
1016.02887612926,37088.69921875
1766.01930679824,56017.19921875
1660.8465694266,59169.1015625
1795.97003097495,67023.1015625
1146.6557363043,72330.703125
1777.21013520241,75277.8984375
1416.07604387138,68452.3984375
1097.49705999886,71804.6015625
1879.09645771985,64155.0
1265.39011382611,44187.80078125
949.192188079119,23469.69921875
1454.76247482265,66117.6015625
1964.90231270666,63135.30078125
1403.51765792368,66864.0
1152.13710384748,34752.69921875
1745.6726700596,63340.0
1389.95044908899,44857.1015625
1688.3585439062,55640.6015625
1041.7392697941,47388.5
1059.84774085192,60630.80078125
1225.40573388776,43012.3984375
1107.86316622614,61173.19921875
1050.21614411235,57269.19921875
1119.04218901913,35099.19921875
1366.25469410849,63473.5
1520.70672549219,49335.19921875
1778.16850580768,95859.6015625
1105.09575276887,48301.30078125
1249.24638603937,68337.1015625
1868.49802597454,75376.203125
1152.6781572351,75513.1015625
1270.52934139261,46808.8984375
1934.12397063712,76230.3984375
1532.07007174267,49411.1015625
1074.64529484366,52168.80078125
1347.76176107166,51770.8984375
1989.40185161026,116464.703125
1574.5869780254,55343.1015625
1101.09766003347,52172.69921875
1013.47385229944,53058.69921875
1711.45789277499,73010.796875
1238.38422139537,62326.19921875
1141.0040783886,31248.099609375
1255.83514218549,61582.30078125
1490.10223775326,50565.0
1476.39169097912,44468.6015625
1082.68447055892,52996.19921875
997.843779972495,51277.0
967.158100813315,41045.6015625
1030.2576446845,34052.1015625
1793.32067362943,21263.900390625
1022.32995403326,17151.69921875
1618.40261291104,39522.19921875
1249.36188055625,44850.69921875
1361.16792355013,56815.30078125
1061.08866650955,43500.5
2134.42197928115,102558.703125
1238.50071827546,79995.3984375
961.078990674139,54450.19921875
2113.43115711765,52107.8984375
1080.84903214231,47861.8984375
1901.14711192051,18894.5
2296.01696229405,74425.1015625
1824.51778077459,74572.796875
1540.89298411677,56155.69921875
1995.06052606844,89858.796875
1343.27863591488,110971.6015625
1749.81042540266,42683.3984375
1126.02331467627,21632.400390625
1172.17122601107,49363.5
1235.73230245497,26204.0
2084.38222571153,72161.203125
1057.94525547373,37805.69921875
948.367465902239,41719.1015625
985.493217330948,34262.69921875
1922.39253434011,90022.296875
1887.40048007071,61846.30078125
1785.2050955626,35016.5
1518.26786442139,59600.0
1030.91196511517,52925.19921875
1241.64980936948,62243.80078125
1017.53353468559,60723.3984375
1002.07486646806,36787.8984375
1984.29960010895,85147.0
1814.56008186974,64645.6015625
2050.17513321156,88703.796875
1015.89979402217,32815.0
1189.37411759283,33504.0
1144.86273126371,47943.3984375
1841.90989625622,75318.5
1298.96939283371,48507.1015625
963.34388604065,34578.0
1101.93552430581,47888.1015625
1343.8150116075,57890.5
1263.99627209166,34510.1015625
1069.52388706762,21988.5
1774.15548899778,65978.8984375
1895.2331689641,68001.703125
1955.518188307,75589.703125
1211.67335787031,55163.30078125
1531.72180621302,66955.0
2144.49840253989,67161.796875
956.041001792151,37244.8984375
1010.59840636255,28909.69921875
1024.87350637297,45346.3984375
1546.91640741078,68705.0
945.581898533445,35321.80078125
1850.89207300749,300436.1875
980.979130288262,39310.5
1290.9561671883,56671.6015625
1087.86579738036,56642.3984375
1187.89719108539,51160.3984375
1043.38013837371,55407.6015625
1124.43022540982,54133.0
1760.04934287559,66746.0
1553.04251724727,62671.30078125
1012.22579872562,48587.8984375
1064.17794993187,52396.19921875
1125.03966224329,32495.69921875
1145.47784815539,67435.703125
1778.58370692522,69728.703125
1823.7554278643,53486.69921875
1431.79632888749,57875.1015625
1069.74841642732,41283.30078125
1816.10104824912,72974.6015625
1483.09872598436,44056.19921875
1779.21486162831,51526.0
1190.22445571848,66427.6015625
971.392083024825,55846.8984375
1093.15471118666,70749.0
1257.88942990359,59961.0
1271.60209277785,59157.80078125
1173.746161366,39749.8984375
1099.20809400337,67040.203125
1435.05233872423,45457.19921875
2073.37226818046,130843.703125
1206.75119762626,15518.7001953125
1535.75409067134,82453.703125
942.377120594256,11283.2998046875
1451.28182425252,59684.0
1678.61679858689,56542.69921875
1458.91582248237,79863.796875
981.934939298658,47538.3984375
2197.35011904292,115598.203125
1503.3395577172,71048.796875
1788.73486193017,37248.19921875
1467.83362524062,68280.5
1143.86805283539,62509.6015625
1446.81518240192,54091.3984375
2131.97175809394,58016.0
1135.7832139071,44802.30078125
1165.52767400931,49393.8984375
1156.42031323012,56191.69921875
1942.57946120683,35447.69921875
981.845840346395,51653.69921875
914.728323536095,41400.19921875
1138.37844363912,53587.19921875
1099.87667026641,49637.69921875
970.698113560391,27476.80078125
1454.03932545135,59653.30078125
1197.92861937324,50773.5
1858.64301361217,61096.19921875
1170.50574384591,46267.8984375
1580.04763006218,57206.69921875
2165.51550889431,133345.59375
971.463362186635,41201.80078125
1626.98317613498,57770.6015625
1785.29920633093,48279.69921875
1925.86984369953,94441.3984375
1050.61530741849,62553.3984375
1075.21163005898,62417.0
1867.49053957183,72191.296875
1072.5479055074,50166.19921875
1067.85951863936,62630.19921875
1820.91562150831,68710.203125
1054.97113244722,40034.19921875
2208.15136227831,28271.80078125
1258.22399646934,55722.6015625
1079.17218986074,52888.69921875
2318.70177828744,97564.6015625
1027.34087910849,12808.900390625
1034.77707766432,29638.900390625
1135.94503987914,58584.1015625
1167.47749320589,22646.0
1892.73750731123,61919.30078125
1930.04479785517,88097.3984375
1022.72377140226,53528.69921875
1972.73143764196,61850.69921875
2016.90202047867,75919.703125
874.896469866641,41466.6015625
901.400178327694,22467.69921875
1981.6493517739,73498.703125
1020.91149871324,45137.30078125
1924.7037611618,70134.0
1076.18058116483,51577.6015625
1026.92745997,66622.0
1422.56244759608,69672.6015625
1063.98549619499,39670.8984375
1540.44214341832,48441.8984375
1128.54982684136,45060.1015625
1524.25464577128,47135.0
2064.43631151068,83064.0
929.011275391679,54479.30078125
1644.63412407293,91084.8984375
1956.3897988075,103839.203125
1933.89231336124,71926.703125
2081.59610147428,90926.703125
1472.98677451841,65010.69921875
1587.2592992583,52507.8984375
2035.1024862047,96889.0
1651.15215792569,33282.1015625
1362.04532548254,39610.0
985.38874880942,49272.30078125
1811.53962738805,47396.0
1140.40355145035,41547.5
1856.30216138886,83762.8984375
1582.61512774531,58331.6015625
2006.80131775544,102105.8984375
1898.0531508032,73745.1015625
1401.9410519634,72292.8984375
1017.19429042485,54197.80078125
1855.40014587089,72655.203125
1318.98380185411,33348.3984375
1158.78321744412,57272.1015625
1378.58175690137,15783.7998046875
2166.39714302695,107775.3984375
1807.34017102054,79514.1015625
1588.33739658068,37391.8984375
1311.85165347288,68809.203125
1262.95838067149,90279.5
1767.02612495881,69532.5
1849.4329662905,59011.3984375
1768.60061481898,65794.6015625
1334.56899058385,46739.0
954.535563619987,37819.30078125
1080.19537995378,66495.703125
1003.85328155521,37064.8984375
2088.24822925019,112272.6015625
1015.01459593144,69254.0
1172.39608949184,77583.203125
1490.46542735742,29455.400390625
1620.43729885964,31921.80078125
1041.18607667424,51275.8984375
1372.75145558639,56749.5
1775.72853099997,67696.8984375
1916.79177420089,80510.1015625
1134.89467460566,76039.0
1731.08817393745,50824.30078125
1838.79677886417,77022.0
1620.04236775374,87020.703125
1194.14302763899,63798.1015625
986.754190252842,48623.3984375
1115.71991183664,49192.30078125
1706.6387531945,43880.69921875
1154.87533739789,29183.599609375
1386.6167004164,56455.6015625
1175.57903818773,17006.5
1972.99182932994,78063.5
1123.77512536331,13977.400390625
1362.76880897491,53208.1015625
2240.46933424294,113052.8984375
1242.50337733215,59005.3984375
1677.40427322029,72537.1015625
1272.49842823761,33430.0
1362.38067166412,52292.8984375
1676.6626358164,49889.0
2063.27468392056,65617.0
1228.26001882348,30506.400390625
1401.57173680627,58936.30078125
1954.80717866794,95665.0
1164.92636745523,50695.5
998.297405013201,52820.19921875
1608.54648681177,47272.8984375
1743.25196290032,62336.3984375
956.47870039514,48212.80078125
1288.10823055292,42298.5
1329.82179840731,53713.3984375
1179.43279062046,68494.1015625
1293.21783271779,76674.796875
969.21728897379,37048.3984375
1129.61144085757,19262.5
1117.61304182484,15044.099609375
1955.46316970397,88960.203125
1112.17733749469,56957.69921875
1697.40063970286,70435.0
1474.0911560317,63132.3984375
1023.00955629164,42274.5
1759.70319344605,82930.296875
1733.86316080566,76356.5
1030.26933892198,39724.5
1264.12635656196,45833.5
2339.01923511922,70148.703125
2171.77849699622,99258.8984375
1201.8810488956,41458.6015625
1249.5546684142,35449.3984375
2064.78223819284,95762.6015625
1411.62967203241,55054.3984375
1767.52118101232,46462.0
1123.80541900708,110898.8984375
1036.10643403207,53155.1015625
2229.86344046038,103036.796875
1287.73356945865,55157.8984375
2207.13073378014,156517.59375
1168.64001178553,46826.5
898.961762751652,23217.69921875
1890.03068114149,61133.0
1624.8412373226,32973.8984375
1213.65491856863,54691.1015625
1224.34289476096,57103.5
1472.24146178273,65017.30078125
1286.37614692094,54943.5
1958.31188595518,79642.8984375
1014.97572651351,44741.69921875
1364.91820982455,50944.8984375
1178.4961378848,58214.0
1221.73084760169,61069.80078125
1916.2712135723,82254.0
1753.36870343495,53053.0
1074.88151844085,45834.19921875
1105.54269538816,36771.3984375
1063.40991696337,53031.30078125
1085.92555632116,50504.19921875
1874.68160463524,102746.3984375
2182.09882863678,131823.09375
1460.65147007244,63173.8984375
1360.40701849781,49325.69921875
1842.90346094764,62814.0
1043.65411765191,51042.3984375
917.071291859526,13760.599609375
995.006089716627,10531.2998046875
1141.6972682372,58178.0
1311.79708036462,58108.0
1954.83390835362,75108.0
999.330952859445,50348.69921875
1226.46378394587,62781.3984375
1224.77702940585,36909.19921875
1361.5160777061,86898.5
1073.36939784726,42509.5
1485.51007775366,69766.3984375
1841.18062133195,55173.6015625
1142.68403913351,64672.80078125
1125.99625086952,66280.0
1058.3337269056,40961.5
1751.71279940716,74089.703125
2115.98295111044,81020.1015625
1144.84101339409,55380.6015625
1376.23600423568,62386.8984375
1218.3925326078,19777.69921875
1112.696561639,72451.8984375
1325.98129944373,50724.80078125
1154.15753396372,53423.1015625
1050.05287028233,40451.5
892.436823730094,37416.3984375
1972.53809291555,72106.8984375
1112.74578881012,43699.19921875
1119.10132844869,52176.8984375
1875.74990107287,93414.203125
1488.5034684286,38693.5
1003.92667681714,36899.1015625
1151.98596974971,59834.80078125
1075.39083032672,45588.3984375
1824.72905666515,85034.6015625
1141.77879377852,51038.3984375
2066.24346100994,57895.1015625
1174.35236836246,50785.69921875
1151.7949638708,41894.0
2084.48134829592,92788.3984375
1323.18036250567,61764.0
978.21806513134,47460.80078125
1564.46466880624,53768.5
1137.21837528066,36058.5
1955.81154660732,72285.6015625
1992.24254895576,96326.8984375
1409.81060554828,59980.1015625
1315.87358017801,41157.80078125
2189.57578996326,74730.5
1003.87288332471,60528.3984375
1136.8506193552,64908.1015625
1139.83109068207,61970.3984375
1201.01355922163,91409.3984375
2154.34985094417,72543.703125
1126.77597807551,46237.5
1856.15180690692,78255.0
1761.5404138417,67634.3984375
1941.83927166091,70603.6015625
1114.41828751778,43406.30078125
1953.35263827226,100728.8984375
996.352263511622,42516.69921875
2053.05592508558,115345.0
1516.57788004435,67164.5
2011.29012297042,93382.3984375
2288.98304550769,152490.09375
1030.83600825837,58740.5
1559.67960957499,36879.30078125
1192.51318505473,38691.0
1244.89122925279,52535.69921875
1097.84733025494,44528.8984375
2273.83310515975,137110.90625
1311.72691493971,56732.80078125
1089.55722961537,44168.69921875
1953.8139480976,81139.8984375
1095.84015360785,43380.6015625
996.991214373034,45515.3984375
1141.34332264934,60566.1015625
1094.29050008062,51362.3984375
1004.38007911047,66591.8984375
1085.527840873,57212.19921875
1041.67433893264,64499.3984375
1057.24170787193,43062.1015625
1942.47432444316,47735.5
1869.24567755771,51611.0
1129.60965887852,25814.400390625
1211.94032060603,49355.5
1194.85080744102,55220.0
1097.87973999883,61532.6015625
1801.25504670209,91629.0
1129.92228482727,16094.0
1014.23186163581,50563.3984375
1070.75980090919,31545.80078125
1845.59781326405,73972.0
1974.84865149509,67169.203125
1037.64316821122,51119.8984375
1318.21331866442,50736.8984375
1097.64206854367,36046.1015625
1598.90063423984,83777.8984375
1214.57586761395,53296.0
1416.89853857445,51428.5
1695.58691915587,52976.80078125
1657.75160594608,55565.5
1064.67757230668,68320.8984375
1205.99497026893,20173.400390625
1363.1961498247,28464.400390625
1406.51038035648,53666.69921875
1201.21603659065,46752.19921875
1250.4863093338,48210.69921875
1167.6189377926,49695.6015625
1743.59276639272,60310.19921875
1515.82688725047,38890.5
1091.61574953371,53029.30078125
908.962229153587,44752.19921875
987.953796271365,44639.0
1324.50014073605,39272.6015625
1967.88623661792,87270.3984375
1581.77303127274,56104.8984375
2027.71974702024,107305.0
1773.41841791519,67267.6015625
962.924118601804,33461.3984375
1230.38413784542,66938.296875
1633.68308322405,59338.80078125
1300.26411198377,38272.0
1114.85776809981,52186.6015625
1750.67646721865,91920.8984375
1965.57211408029,82975.203125
1043.42246037603,50930.80078125
1779.36343413121,61953.80078125
935.247867928977,34771.80078125
1415.66117687491,20537.30078125
1379.55939515507,56432.80078125
1968.08760025004,57458.3984375
946.943330524015,41453.3984375
1542.20841877323,65447.1015625
2021.30551344686,101997.203125
1249.67873870523,52003.69921875
1392.77555411785,45966.19921875
1020.97308836399,15593.5
973.25068716902,38561.69921875
1865.57201638224,74090.6015625
1140.39675765524,49230.6015625
1634.76652648356,487576.40625
1362.1736279738,55694.6015625
1835.45556815433,20911.900390625
975.744009974393,34531.6015625
1342.58255035033,9954.7998046875
1885.26722840616,75885.703125
1021.32235625686,44736.3984375
1056.19824776725,53449.19921875
1107.08945319943,48487.69921875
1853.38004987572,77521.796875
1989.12742683729,36570.30078125
1005.21081546662,36412.1015625
1803.3621255494,64114.30078125
1043.86227507914,65586.0
1576.90065506827,38559.5
1890.94349990742,27957.80078125
1259.39731829694,44171.0
2111.10300149503,113621.8984375
1720.91418732598,65476.6015625
1086.01821923151,27009.900390625
1283.7338061179,17335.19921875
1080.51903189787,46019.6015625
1409.85838486143,72423.203125
1748.54444066471,80764.296875
1059.1317193968,53562.6015625
1760.11171214218,79346.796875
960.528359149158,47395.5
1822.51695242785,71085.0
1307.28054310075,49987.30078125
1556.29852708401,55287.6015625
984.735876236717,44568.3984375
1453.03217316972,49196.19921875
1093.19814692589,25689.30078125
995.386430869097,44354.5
1977.67286553443,96474.1015625
1934.39394046248,59842.1015625
1219.90899677531,71339.296875
1923.6200951549,55529.30078125
2070.31973807595,86801.0
1114.54413978785,61527.6015625
1041.80085944485,34319.8984375
1670.97422458289,47060.3984375
1775.82910144234,47136.19921875
1752.2524049368,68473.5
934.11486337727,32868.5
1370.46695845038,57011.30078125
1925.06773038179,114154.203125
1129.4981738145,60225.69921875
1120.24001305861,37730.6015625
1014.92683346346,38504.3984375
861.052274664105,45040.69921875
1227.14349757794,68270.3984375
1509.5714725595,59020.1015625
1186.00539758148,49372.0
1877.69693592719,65900.5
1695.95578881823,52350.6015625
1638.09559746115,56599.30078125
1099.05094572632,52200.80078125
1816.0828943376,78458.3984375
1313.4347191072,54387.5
989.475940497079,54391.80078125
1230.01248384079,32004.5
2004.95563295933,76286.796875
1327.16843160893,27759.69921875
1176.77196178483,46973.69921875
2129.75252594046,94743.5
976.706946900969,57309.19921875
1231.5082325019,70820.796875
1639.72722202446,56707.1015625
1077.51929292258,54852.69921875
1670.82342460619,57397.30078125
1363.41388538929,42145.80078125
1319.21156105083,23331.599609375
1207.00535238759,14432.400390625
1489.64827859148,54246.19921875
2030.99346527374,60541.30078125
1022.54267778178,49164.80078125
1196.01198953638,74819.296875
1062.01885957117,40009.8984375
1378.50011998636,39786.5
1408.76313599075,45746.80078125
1373.74691363054,78209.0
1521.18462999739,66165.203125
1463.56222146916,36123.80078125
1737.02717597419,71492.6015625
1152.41587219437,57902.69921875
1082.30669100133,50415.80078125
1065.02082602028,45912.19921875
1396.75939102088,35514.0
1032.30792294974,64287.6015625
1125.31553487423,96747.296875
1018.0193467228,46854.6015625
1325.7674619583,30903.099609375
1026.17646717611,43686.0
1310.89539896772,73711.796875
1841.95800969044,73124.203125
1829.97520297436,76006.3984375
1862.11998885053,50857.8984375
2280.69751118943,61878.19921875
1012.62095257891,54104.80078125
1880.58530121215,80072.796875
982.811338867849,39302.6015625
1095.64914772894,47913.30078125
1247.73136972984,61958.3984375
1289.10502508135,41219.80078125
1027.18083511549,39723.6015625
1266.10112346517,41023.3984375
1021.20474563987,52956.80078125
1304.7903387587,39008.30078125
1351.16066335309,43532.1015625
832.409801540838,39077.80078125
1036.02513123813,64114.5
1934.94479473484,94786.5
1557.65216291626,50053.30078125
1380.73293973006,19684.400390625
918.862904728988,30490.400390625
997.113502685014,37370.1015625
1035.05506639538,34199.19921875
1982.87045291466,110328.203125
1184.93799213337,70574.1015625
1115.68527461895,45936.5
1044.22256896735,63898.69921875
2036.91475889372,30193.099609375
1088.88653725222,46784.80078125
1027.00943100608,28233.599609375
2070.67969784309,62974.1015625
1449.56188035279,42209.0
1523.81728128936,44083.0
1233.62344162861,53236.30078125
1027.73436235642,53243.19921875
1115.33745458406,46961.3984375
1389.02203800641,53023.19921875
1820.65010663057,61992.5
1206.60618908145,69583.0
1771.43006342176,64741.80078125
1454.02651747697,80203.703125
1974.69963349743,106069.703125
1612.16067443661,61176.3984375
1163.12267054037,59590.19921875
1112.1990553643,28046.400390625
1481.80111111835,45612.1015625
1536.89244116018,69782.8984375
1481.00100252703,60528.6015625
1164.9716965472,46069.19921875
1086.03848924315,44582.80078125
1574.51246902657,59786.30078125
1458.01347284333,70571.1015625
1825.97644199682,103260.0
1703.60292914354,47496.5
1137.95043454719,74127.796875
1066.07464387816,51329.8984375
1072.14696022222,54335.3984375
2217.41631682932,98355.6015625
894.938388188552,57219.8984375
1457.18273648717,46979.19921875
1257.72437409453,54713.19921875
1807.55579048501,62275.6015625
1046.4454764526,43984.8984375
1022.54768959785,55573.1015625
1133.33187898298,48454.80078125
1788.47903656349,53770.80078125
1712.24519339192,58837.3984375
1015.97820110016,55653.0
1745.174050048,41128.30078125
1001.09410975103,57375.0
1105.87692783283,58855.3984375
1026.53720655909,53990.3984375
1065.4523990703,44609.6015625
1816.70447090332,65904.703125
1477.97486798713,36176.30078125
1517.8312795553,55584.1015625
897.565749230235,27312.0
1834.01528359101,56907.69921875
1013.73368711898,41432.0
2073.42995975205,81303.296875
1220.59116062857,71674.1015625
1298.90980790938,40816.6015625
924.497856591135,39523.30078125
1033.03575001604,59479.3984375
1131.16142850586,82836.796875
1070.46332414554,44943.1015625
2110.36793513886,73981.296875
1798.81629700497,53668.19921875
1002.57771867989,37901.3984375
1339.66188669517,39700.3984375
1321.75622712744,61903.3984375
1926.4828444911,72388.203125
1015.68384043662,38885.30078125
2068.16532541024,83747.0
1046.73059309984,51594.5
860.642753604769,43012.80078125
1796.52645393183,53421.19921875
1869.81591085219,49427.69921875
1964.07525168228,72789.296875
991.11959341894,43065.8984375
1027.23964042399,44481.69921875
1894.76695869638,73523.5
1004.09318048418,63841.30078125
1916.02730519048,78691.296875
1090.13314296806,38915.1015625
1675.43919582814,71116.8984375
1963.51058707232,44957.6015625
1143.81559582724,57877.80078125
1607.35645893062,59246.69921875
1042.45629361243,57513.1015625
1884.40586428517,80363.0
1819.86603585066,96681.6015625
1085.99505350392,68735.296875
1210.4805456469,46408.6015625
989.156966247979,66006.1015625
1969.02915342807,92059.703125
1216.30973322497,59113.80078125
1359.14248161783,72149.8984375
1237.47641444551,56394.0
1134.92285214931,38766.80078125
940.093068953008,40011.80078125
1220.3316599301,52878.8984375
1575.56673237921,60962.8984375
921.614614495923,31339.599609375
1305.60615104035,51304.8984375
914.099674741039,32426.69921875
1694.6549441152,44742.19921875
1007.95539731738,17930.900390625
1577.58927859557,47750.30078125
1222.46435472619,57302.19921875
1793.56792322196,59854.19921875
996.088196491854,37436.5
905.463480358777,55571.8984375
1654.5628658183,67414.0
906.057213501916,39359.69921875
1427.0173952092,75662.3984375
1575.05497027216,49033.1015625
1053.12789787229,50698.6015625
1732.81635949027,70330.3984375
1143.05045857469,51321.30078125
1890.82700302734,101494.3984375
1096.84229407342,50110.0
2004.4228212248,88949.8984375
1546.24426718965,58557.1015625
2037.08315591349,84504.796875
1843.32122366006,77461.296875
1200.92913796436,51216.69921875
1224.56708999959,48209.6015625
901.254056045984,24397.30078125
899.159896546746,37250.30078125
1623.23923816092,56024.19921875
1045.60583020122,47959.6015625
2054.70425570243,115339.203125
985.917662464788,39303.6015625
1024.30182522051,74600.796875
1349.33625093183,49985.19921875
1564.27143545353,61112.6015625
1887.37352763765,79920.3984375
1953.26777152023,74599.5
1040.17714241356,63161.6015625
1819.40171893569,42998.0
1384.39635452602,43160.69921875
1245.57305898498,42642.3984375
1844.69757972513,58155.30078125
1062.19349351761,55142.19921875
2161.48355855706,58116.6015625
2035.33080226987,80795.0
2058.74288846111,93525.1015625
931.808258563732,58198.69921875
1003.29340601394,42971.3984375
1347.14118686915,40744.3984375
1810.91805082233,68126.6015625
1597.12478074756,39384.1015625
1528.63296828546,39570.19921875
996.86435973975,43016.0
1027.0126608431,55937.0
1887.47086824299,54806.1015625
1289.32810658308,80091.5
975.99415528287,36730.19921875
1327.5176995018,56539.8984375
931.51740617144,26683.19921875
1789.7870091827,62984.1015625
1944.45410316243,88583.1015625
1475.15677950076,46968.3984375
1094.01540706551,41533.80078125
1118.99017750574,45160.19921875
1154.88168569824,48058.8984375
1803.61048887883,102559.0
1218.80171954606,70124.5
1028.73115688486,76637.5
1394.3237597871,44579.5
1743.79836222507,45634.3984375
982.198003955212,89684.6015625
891.927177723153,32680.0
1138.96048254477,41218.30078125
872.218155361633,33307.19921875
933.392437934958,27950.400390625
868.009120856756,44085.19921875
1470.82122448367,61423.19921875
1093.89957842757,51940.6015625
1124.11269901869,32643.0
1465.62140962964,77570.8984375
1024.55308426589,59574.0
2257.43889794346,121389.203125
1612.70284156112,31359.400390625
2059.30599383941,109411.1015625
1928.42520165042,86670.1015625
998.316672661628,30709.400390625
1003.886805036,43431.80078125
1014.27507462766,44396.8984375
1151.17205082079,14200.5
1601.19225929203,74785.8984375
1177.29474988723,85083.703125
1065.74074555456,36885.1015625
1079.35294936014,44704.5
954.432988451195,26192.900390625
1495.82996389945,51679.3984375
1102.64163350249,47141.1015625
1745.42141101422,52345.6015625
1001.18031298734,73478.3984375
1239.24736749541,35166.19921875
1843.06239120373,48343.5
1106.27041108076,69328.796875
968.781149602465,42649.0
1686.95467853961,45984.6015625
1027.19653880583,55233.30078125
1185.19392887375,62000.3984375
1046.56809888566,46733.30078125
962.286838345747,42492.3984375
1698.65158899262,15304.099609375
1080.02965590257,41374.0
1553.90744532636,49589.80078125
1035.82343348495,30339.69921875
1706.87397442847,10721.7998046875
1485.5614210249,38411.19921875
1202.25882845319,64292.1015625
966.492308892534,35134.6015625
2325.09529635441,109825.203125
1667.92949063671,78672.796875
1354.86361580912,48593.69921875
2205.85840074184,81210.8984375
1232.88247246686,42778.5
1073.07570542587,49421.80078125
1079.58204504114,40107.3984375
1676.5785486802,75272.703125
1808.3262736747,93101.3984375
1186.98760215648,60242.19921875
1638.85550015026,43026.1015625
1212.56434739293,16925.400390625
1094.68643354974,54468.0
1343.34245303944,58817.69921875
1147.33756603649,25317.400390625
1152.02918274156,34006.3984375
922.378359577347,50020.1015625
2079.93529700411,75102.3984375
1169.81043789719,32292.80078125
1016.03778602448,47567.30078125
1457.34523070136,69686.703125
1083.9018963679,38231.8984375
1953.09714702665,65833.703125
1104.13092248956,29653.19921875
1437.27090263556,59876.6015625
1099.87956598236,47798.5
1547.41959374368,48170.8984375
1382.96252963674,74865.0
942.010478405696,51272.19921875
1847.08687950374,84455.3984375
1673.29580915778,45776.1015625
1355.46982280557,65652.3984375
965.337586471212,55309.69921875
1321.68739818682,61307.0
1244.73374685466,66897.296875
1093.30762726348,49686.3984375
1879.22810142182,78625.5
2452.90974810129,75694.296875
1904.95030069784,63058.0
1194.11952779033,44217.1015625
1029.22086700123,34384.1015625
2116.69841569711,124667.296875
1616.58220994263,84321.296875
1751.09523229429,55782.1015625
1036.01299150589,57876.0
949.817996845072,48272.6015625
1070.07875079283,48578.80078125
1751.58739263185,53506.30078125
2248.29734544133,103755.1015625
1070.49929784751,44794.69921875
1285.01571729358,45491.6015625
904.066018979386,30123.69921875
1155.88003945834,43432.5
1158.05828609377,41314.30078125
1116.66046265146,46392.3984375
1135.96920796994,34214.6015625
2100.14850806174,93161.296875
2093.84431169442,70176.5
991.967147202336,49997.69921875
1060.35593900089,43332.30078125
1180.72038185434,79195.0
1288.52265205463,61923.69921875
1111.1120481467,46667.6015625
1499.35471845095,40464.30078125
2281.57535861659,92657.0
1971.39383962112,117951.6015625
2236.81271324209,115892.6015625
1760.59952890581,74682.203125
1224.56675587851,73869.796875
1032.38488216976,52096.3984375
1097.13309077887,51742.6015625
1094.99827988266,57829.69921875
1063.38029156174,44240.5
921.246078954627,23186.30078125
1789.56069784395,48710.5
1112.22255521296,46437.1015625
2143.22406477516,58301.5
1079.62659451727,37245.19921875
1666.10652607342,65562.203125
1774.07775016193,71732.0
952.933564458308,53423.30078125
1375.69172101105,51595.8984375
995.786262417375,41238.19921875
1983.98886751293,85068.1015625
2070.85678201071,73369.1015625
2140.20984722012,87504.1015625
1702.04804105287,51191.30078125
1085.59589019779,46214.30078125
1019.72002297411,40100.8984375
1735.76943288932,50343.8984375
1151.69305694415,50554.69921875
997.609561101735,51619.69921875
1949.45968230053,66328.296875
936.469860059257,40605.3984375
928.927856497623,47746.19921875
1334.69306087488,55106.1015625
1841.29511348561,48844.19921875
1910.29356486501,83048.3984375
1446.85405181984,60425.8984375
940.945189057708,26950.599609375
910.36887886243,41080.69921875
1348.51910216589,54832.3984375
1074.59506530932,47291.6015625
2066.14010622532,75391.296875
1436.47502624448,74822.3984375
1485.43423227054,58724.6015625
1036.86945518451,43490.19921875
1089.01617622776,46156.5
1183.07047809395,46347.80078125
1204.95997456472,64078.69921875
1091.35591471417,49675.69921875
2121.85635404358,83444.703125
1454.14869441526,62193.6015625
1764.28466157139,33149.80078125
990.739697761231,34897.19921875
1045.83848984032,40502.6015625
1132.8479602985,81757.703125
1013.80563452293,52236.3984375
1450.81427750052,67110.203125
1828.93664331205,53860.8984375
1916.19904342097,73682.1015625
943.286375402094,31203.0
970.122534328776,38952.8984375
1135.85059498974,72756.203125
1194.78632207432,77535.3984375
985.48720315167,17175.400390625
1516.76287174399,59560.1015625
1159.47106135558,47058.1015625
1874.40183392514,85461.3984375
1220.0782847846,31418.80078125
1093.72316250209,32233.80078125
1918.30044221008,78545.203125
1943.64085247565,82427.8984375
2036.02688783442,99207.703125
1099.96109152368,40583.19921875
1151.03695453442,43130.1015625
1726.70851493899,48614.0
1375.59761024272,60054.3984375
1317.90425667376,56797.5
2357.17470587436,73979.3984375
1866.18223283155,54150.3984375
1623.49628863819,45031.6015625
1021.83634583772,59840.6015625
1043.0140530536,41830.8984375
1317.6170239264,51367.19921875
1414.22200604849,79818.0
962.496109509873,17060.400390625
1104.76965060359,40057.30078125
1754.02191012873,57973.0
1691.38679454622,31488.30078125
1401.03859095067,44054.3984375
1182.69737623135,55645.30078125
1997.48446306474,88669.703125
1222.33315651899,59134.3984375
2173.27068169923,104034.0
1103.8885733394,64874.3984375
1955.90665973886,92677.203125
1558.06948013392,66098.8984375
1068.10966394783,39113.3984375
1411.45459259122,53543.8984375
1143.60109009967,58330.19921875
1724.0127147646,65280.1015625
1221.92330133858,51183.3984375
1135.71650106659,45549.5
1320.08406254086,65935.203125
823.339528200523,22873.599609375
1000.64750125281,64564.8984375
1513.96115519009,51246.5
1758.91277436579,69865.796875
985.092606166838,37942.0
1509.2928155863,71702.3984375
992.470779029999,47465.1015625
1876.90462349419,66787.1015625
2165.31971394672,129895.796875
1695.52956170535,66441.3984375
1585.9731558824,70657.296875
1085.05060460994,56178.19921875
1214.49779465703,76115.5
1119.19009327988,72542.796875
1067.39297425057,58765.80078125
822.647786209895,10295.7001953125
1049.39532001463,64279.19921875
2118.55612885178,96950.6015625
1452.70740748872,97540.296875
1453.6818159054,65551.703125
1657.17747457244,56567.0
1304.39117545257,41100.6015625
1164.77489923639,23798.900390625
1094.54320698398,54934.19921875
1121.65134046244,45469.3984375
1361.43555452799,48603.69921875
2292.86063191015,78416.203125
1127.1352696005,69534.6015625
1554.45351053004,41488.5
910.151143297839,48003.80078125
1082.87625605367,67638.296875
1230.60443500489,56312.19921875
1260.76688056691,36937.8984375
1938.30493897204,82860.203125
1807.85939516485,68654.703125
2022.60613540251,50448.0
1037.71121753601,49058.3984375
2295.38079577489,82495.203125
1169.1400796551,40264.8984375
1011.00692505867,39344.8984375
1105.17738968388,38242.6015625
1115.61009737798,53032.69921875
1120.62848449047,44638.5
2427.88764384267,88255.796875
1908.63075566842,88397.8984375
1431.64664264769,35981.0
1061.4301382441,54708.30078125
1713.35002039998,47881.5
1049.42494541626,41763.1015625
1227.51916103542,50728.30078125
1616.67052927906,49066.8984375
1929.28946148736,81927.1015625
871.201369255783,39042.5
1149.69724041347,53483.1015625
1809.77112455933,45415.80078125
1818.69204578091,76666.203125
1078.28910787012,14581.599609375
1453.63370247118,72492.703125
1930.48628316363,88412.296875
1083.34814637959,29914.5
2046.57085784516,93470.796875
1733.68139894305,70412.8984375
1150.04862440645,67592.6015625
2015.03450643925,99479.6015625
1129.55731324407,47962.80078125
1041.139411098,49415.19921875
1130.84033815665,58964.6015625
1114.61363697061,71488.203125
1188.14588853589,73372.0
1947.91559745782,83907.3984375
1482.26052759095,52278.30078125
2339.44869206913,26849.400390625
1488.44967493617,49533.19921875
1192.08406222589,57887.19921875
1037.19344124967,37039.6015625
1743.72418734731,62912.8984375
1144.90483051865,69845.703125
1412.440472498,51150.3984375
1876.35911515896,23432.900390625
1927.31257848404,70957.6015625
1558.81178577996,52165.5
1151.5116292026,64897.69921875
1096.67835200126,49475.8984375
1101.41485230353,59163.0
1029.72483294997,45650.80078125
972.250217308803,43589.1015625
997.570023441668,29299.5
977.015229275797,57251.1015625
1129.73617939073,77303.1015625
1062.87454363396,43751.5
1045.57687304174,29005.099609375
1018.36683263662,31306.900390625
1711.45299233262,76193.3984375
1132.63802089223,26043.69921875
865.610577061851,32704.0
1174.14632703535,60380.19921875
930.48853602019,42567.5
1299.7295182702,49852.0
1190.25864744141,59117.69921875
1158.79892113445,34811.3984375
1680.22269582773,48610.0
928.206878913284,15911.7998046875
1531.9338617194,53955.1015625
1550.43258618813,98341.703125
1072.18226568206,42179.3984375
993.094026201075,39741.0
1591.69999103906,38093.80078125
1815.87618476835,83233.6015625
1329.90376944339,42368.69921875
1655.01159041663,69126.8984375
1466.80753943163,68455.8984375
1208.13690908132,58672.3984375
1549.62534968063,43826.0
1047.25059685999,56986.80078125
1099.76329184965,47492.6015625
1104.48019038243,82123.796875
1605.3392586514,44754.80078125
981.196865852854,34412.30078125
1345.46122612424,40130.5
1095.2281551795,58140.6015625
1733.56868876844,40036.1015625
1987.18039198297,106367.8984375
1072.0436054376,41408.19921875
1248.62347298937,104073.5
1276.1015898671,65924.8984375
2003.68329992102,104336.8984375
1063.98015025785,52010.19921875
1863.30144095753,75900.203125
968.872698775915,23239.30078125
1015.41297962174,47333.0
1227.1210000925,53634.0
1790.84795495676,58060.19921875
1221.71057759005,55200.1015625
1103.27245408451,13230.2998046875
1238.876715854,52681.0
1272.5411957347,21106.5
1309.58887420648,32380.19921875
1198.37879182954,69595.0
1843.12520596508,70089.8984375
2318.98266273445,67815.6015625
1083.82282104776,29791.0
2050.73957507414,65980.5
1198.39761398321,45411.30078125
2294.26995458756,59758.1015625
1110.8126756671,38213.8984375
1010.06102830672,62863.3984375
1370.59247659938,33599.30078125
1931.00127510771,72288.6015625
1334.73794447208,64050.5
1101.470427775,49890.5
1043.32801548663,64464.80078125
1876.34062712637,95159.6015625
1597.1094111783,52713.8984375
931.334976066683,16115.400390625
1294.21072916706,47918.0
1166.45352349701,24156.19921875
1069.85099159611,48543.6015625
1087.06457505214,69891.5
2042.39456720524,93904.6015625
1067.45957571739,37215.80078125
1460.92767682445,49688.80078125
993.917746014741,48410.0
1117.84469910072,49933.69921875
1978.07581554604,85926.1015625
1145.15029813213,67837.1015625
1096.50939811303,61869.5
1155.15477398692,67071.3984375
1661.31122046265,44655.6015625
1107.06272351375,51886.8984375
1145.19596134517,27052.0
1347.69181839413,35641.30078125
1944.93791047321,116488.3984375
1120.93431664411,22733.900390625
1142.43634404622,43385.5
1505.7173860057,55337.1015625
1906.26673771751,68680.3984375
2161.71833429627,42506.3984375
1098.46745896269,61260.5
1184.29904127196,58037.80078125
2044.48638785698,111953.703125
1699.44022609384,47227.6015625
2044.56011723998,73098.8984375
1818.35926119421,66986.8984375
1453.47009452009,64791.0
1037.46174046967,19864.30078125
1084.54485668216,38971.69921875
940.696380233515,33598.8984375
979.976210206858,59682.8984375
1281.35842805059,40908.3984375
1340.39428008277,48795.5
1088.84087403918,30399.30078125
1500.22176263016,39742.0
2093.8064446397,72244.6015625
2201.40634884466,108928.5
1144.67061164789,65353.19921875
1290.36733448753,57211.6015625
1037.70052566174,37110.6015625
1076.29685529754,38470.8984375
1164.61129128529,57141.5
1183.95645580051,49999.30078125
962.780446541281,63518.1015625
944.721870896732,41325.19921875
1465.20943834911,56027.8984375
1073.13740645031,49695.8984375
1502.88971938196,95459.1015625
1138.61333075202,27538.5
1707.60881803726,53684.5
2230.41273550108,77376.6015625
1009.9725975966,40284.8984375
1252.5705565746,65953.8984375
1460.86675541584,61869.5
1012.6463457803,44611.80078125
1495.41220118703,46311.69921875
1886.08047909294,96167.296875
1255.23205365236,19014.099609375
1058.49232304063,47231.5
1315.04239832709,51270.80078125
1152.3684270023,52411.80078125
1221.25372271233,60609.0
1297.72334398632,54348.1015625
1087.43277647237,66523.3984375
1045.01632925831,30336.69921875
2147.7823671729,107797.703125
1658.1682549216,51153.3984375
1131.2865011601,63289.6015625
1143.57792437208,66357.0
1874.40740260966,76142.5
1174.57400200621,57342.6015625
2061.50963367624,84935.203125
1727.57700697617,61881.3984375
1490.28477923171,58744.8984375
1362.23956119847,67169.0
1319.00952917657,73321.296875
1496.41545538951,43022.19921875
1920.71680579543,90430.796875
1345.47292036173,55976.6015625
2262.35025493955,83012.796875
1028.36017112238,56381.0
1358.62893753173,43555.8984375
1891.14731376072,76931.5
1123.2270554332,61591.80078125
1958.13190607161,74916.8984375
1135.51201897115,56485.0
1950.60727680567,75477.5
1513.92696346716,31448.5
1903.94437352679,49470.6015625
1231.90739580804,54066.0
2246.07633130881,113309.296875
2051.39601160493,50783.3984375
1057.77774944348,60791.8984375
2183.95721003359,94087.1015625
1374.74159205886,25177.900390625
1033.65721520807,21059.099609375
2043.79631647171,59772.3984375
1517.32241316419,57544.8984375
1105.09218881078,46128.30078125
1766.38383288669,57619.69921875
2097.85911048336,92023.6015625
1585.24889277419,47197.30078125
1808.23227428007,57939.30078125
1439.20078594157,106116.203125
1096.70864564503,48368.5
990.879805863663,47807.6015625
1501.07856042985,57103.3984375
903.134043938721,28934.400390625
1349.7775134929,85848.5
1774.07095636682,15886.599609375
1740.33452908217,57918.5
2086.15752233536,70860.6015625
1764.73628188567,57684.69921875
1180.4156634376,48886.19921875
1678.40329522253,60780.5
1267.71737845921,38268.3984375
1150.24319424346,49275.3984375
1889.58852759089,64889.0
1696.5043042431,47849.0
1403.64740827291,40472.80078125
1673.29825937897,69396.0
1134.95169793511,45020.5
1075.18412075747,37587.80078125
1487.41579296886,69920.3984375
1626.10254436556,30472.400390625
1040.77488500955,41465.1015625
1623.34437492459,54643.1015625
1174.55373199457,72538.5
1113.68344390899,61686.8984375
2188.81443941618,98421.0
933.198536340097,22271.30078125
1223.50569873076,54921.8984375
1193.81514349466,38751.5
1111.07317872878,72080.0
1883.48547210829,59432.6015625
1105.72623922982,35851.3984375
2322.34325246641,89491.296875
1817.82388786481,57824.8984375
1150.72254660663,49645.6015625
1806.2225360381,83726.296875
1114.79072113824,86911.703125
2011.74140916363,61862.6015625
1307.10769113336,45484.30078125
1062.80148249311,63124.80078125
1999.44775847784,82455.203125
1531.51977433876,63323.1015625
1867.62741783725,90084.203125
1177.22848254149,66214.296875
1423.48194878343,47805.5
1433.66451116905,31940.900390625
1305.94717728014,8654.5
1117.70292039293,57375.30078125
1046.06869925822,63274.3984375
1874.14055124763,64783.5
1656.50488885655,76300.296875
1073.20901973319,44751.80078125
1063.6985975687,54821.0
894.141843555326,16055.900390625
1739.35767044431,67417.796875
1448.87481605715,54695.30078125
1055.78939495006,30798.900390625
1277.84436537336,37493.0
1194.1543877554,50823.80078125
1417.11204193881,55186.5
950.997332851955,33196.6015625
1414.72419001818,47872.0
1436.32890396277,14815.2998046875
1151.13496338191,12789.900390625
1096.86011386387,59450.3984375
1809.32106347671,67802.6015625
1045.81922219189,35984.1015625
1930.12030921721,63294.3984375
1354.38181322476,51877.3984375
1068.01989675343,54781.80078125
1135.15339568829,51642.69921875
970.961512338017,57579.0
1020.37657087859,58372.6015625
1890.38974991911,71635.796875
1075.19381026853,69857.796875
2004.83200816306,86377.703125
1896.13551860313,100761.796875
993.429817877414,44561.69921875
1463.36798575323,49006.30078125
1086.70751100095,50683.0
1938.72726800576,87028.3984375
1188.1423245778,52873.5
1677.89298097345,61693.80078125
1113.87121995089,53952.3984375
2299.47066043112,115989.5
1145.1909495291,45953.6015625
1244.01349319931,50868.0
1575.7880319019,59891.3984375
2062.85525060278,80891.0
1458.3834562426,60319.30078125
1114.66821007887,52158.0
1904.34509606459,68344.8984375
1577.2192951963,60771.0
1354.04780352746,33662.80078125
1798.76317175469,93683.8984375
1112.93534683106,53300.3984375
1380.84242006765,52391.6015625
1459.48182357661,39637.3984375
1846.19511036528,76683.1015625
1036.20009930564,57059.6015625
1172.06464138943,55475.3984375
1045.72878675534,38098.8984375
2254.56211552229,90346.0
1218.71440257285,71959.6015625
1377.79445628444,54328.80078125
1048.2199934606,56167.80078125
1940.77788039208,104048.203125
1238.79229459673,66076.1015625
1426.90078695543,42915.0
1647.71795018443,62115.8984375
1088.1313122581,47592.5
1721.36001620837,54054.6015625
1756.29393341142,61687.6015625
1272.20618367419,47413.80078125
1620.93692123446,67250.5
1903.08055918461,77637.0
1055.60128478709,49000.8984375
1208.19571438982,38871.6015625
1775.69545301394,61298.6015625
1345.32223175871,32167.400390625
1500.06673045322,21595.599609375
1273.56583368571,57930.80078125
1246.82367415367,41350.5
2153.96783918634,24168.5
1941.69069915801,78694.296875
1304.12777667494,48784.8984375
1151.08651582662,45757.0
2058.42235498035,84696.0
1106.79286506209,22300.5
1145.83179374325,61528.6015625
1725.46747790767,31307.599609375
1213.36701757913,62613.0
2048.04811847367,111057.3984375
1951.76066274271,17855.30078125
1106.88408011447,78890.8984375
2063.70748208117,22813.5
1433.63354928314,70661.8984375
1767.13549392271,61306.80078125
1903.57372188538,95233.3984375
1003.51192119436,45929.1015625
1309.87822305396,81609.6015625
1069.49570952397,31739.400390625
1359.89737249087,59488.80078125
1360.69993130338,41460.5
1203.30028383145,48645.6015625
1173.43888135438,52449.30078125
893.00421699547,34283.30078125
2027.06932466872,23916.19921875
872.101602794704,31036.80078125
1129.67024616606,57164.30078125
1376.61478615649,24885.5
1048.14904841986,61985.6015625
1533.8235391232,57903.69921875
1551.48005574566,39732.3984375
1006.24469743394,49833.8984375
1284.58091440654,53026.6015625
1710.12820228617,86105.5
1026.00083086647,48156.80078125
918.407776143462,59014.0
1295.26889059887,43713.6015625
1839.70057636118,76468.203125
1314.4953307602,57161.69921875
1121.89157351248,67836.6015625
1292.91456215902,62681.30078125
1653.94173474734,64264.0
2039.39482822994,92753.8984375
1212.03086741626,31049.80078125
1959.12625037886,59723.8984375
1719.10302837387,67110.5
2001.44357500852,70304.5
1052.62426604462,18405.0
1491.53183044231,103164.8984375
1207.34816060642,43766.80078125
1684.52472736403,87722.6015625
1198.9953565792,46044.30078125
927.030048814433,60005.8984375
1299.20773253101,31424.0
1120.96037808765,45107.0
1112.19047959015,61587.5
1186.25777036376,47677.6015625
1383.77555757613,55027.8984375
2177.92276074424,106328.296875
1515.18147671502,71569.8984375
1227.04693658843,45123.1015625
1244.11718210501,66188.8984375
1082.8861683121,53287.6015625
925.631195263913,26071.900390625
1158.38973419619,49434.30078125
2107.90702207738,79836.5
1549.72514050716,62918.30078125
1077.86455136259,45255.80078125
1105.89051542305,49930.69921875
1389.58224766876,53163.5
1669.55755124192,55411.8984375
1811.71815941364,42814.0
1275.16527125252,48262.0
2004.16443426324,99975.796875
896.815536052186,27304.400390625
1863.26903121364,74193.0
1225.64730342208,60645.80078125
1161.94333453349,58457.5
1085.01819486605,37839.1015625
1103.74824248959,67867.3984375
1242.2713859352,44643.5
1764.6068656575,39517.30078125
1077.50002527415,61131.3984375
1069.64250004782,42016.1015625
1381.35874849601,51346.1015625
1250.76752790188,68126.3984375
967.447449660787,17673.099609375
1807.50589507175,65051.8984375
1148.90069578024,48955.80078125
1487.15350792814,74720.296875
1601.80737618371,46690.3984375
940.780912864474,23752.0
1849.15575717527,47381.5
1161.0024495976,52048.30078125
1005.91503131057,41948.0
1725.61003623129,72291.5
1083.19589854491,84834.296875
1114.21592152245,36934.3984375
1146.17604982006,68842.8984375
1717.06934478848,54994.6015625
1820.4056413803,76349.3984375
1432.9994988641,81587.296875
1327.46535386735,50600.5
980.488306434987,40127.5
1283.49535504691,47255.80078125
1203.04857929131,57449.3984375
999.010976247133,43062.0
1075.2137461591,42329.6015625
1222.48685221164,67464.8984375
1091.04195228114,52194.0
1744.90708731228,48841.80078125
1041.75853744253,26262.599609375
1017.38351432472,59644.3984375
1297.48812275234,12030.599609375
1013.06934305617,34702.3984375
1198.12719866309,49725.8984375
1129.64752593323,69635.0
2216.40727119495,120635.8984375
1206.96581472752,52173.69921875
1095.94807471378,66270.703125
1102.2028211626,74025.796875
1006.83987843505,31586.69921875
967.423949812127,46713.19921875
1748.36201055995,49625.0
1156.03573987742,49836.5
1355.93848329447,80964.0
2039.70845654191,104181.296875
2059.92255858906,87481.5
1792.04154679601,88786.3984375
1118.35289724969,31039.69921875
983.685176842163,60801.8984375
1056.96951057277,58067.1015625
1463.13020292438,37956.1015625
1871.3185646821,86258.703125
1362.68973365478,38060.5
1545.00256191618,68993.0
1475.53210883717,20584.5
1100.5987059008,60420.0
2338.29686536376,58574.80078125
1184.6567735653,42478.19921875
1051.19367099236,54796.80078125
1686.84987589701,46591.30078125
1919.83650814708,88919.1015625
1128.09675866911,52380.5
1254.60947472343,66377.703125
1069.70275321429,38799.5
1124.89599018277,82180.296875
2087.4213909732,103036.5
1107.84779665688,50471.3984375
1654.91970712211,61101.69921875
1142.46240548976,68877.6015625
1738.91072782502,49643.3984375
2026.89424522752,87516.3984375
1337.801834693,70515.703125
945.848861269161,57695.19921875
947.05704306184,21245.099609375
1032.88740026052,36394.80078125
1058.67163468205,27930.19921875
2005.6918130524,94381.5
943.875430850239,35473.30078125
1246.53955986964,82200.5
1792.95069023016,64461.0
1883.27029813858,66138.1015625
1925.20516551565,70703.8984375
1012.06575473262,29920.19921875
2309.00714403915,116552.1015625
976.589336283983,25674.099609375
1401.5436706363,37024.0
1990.5436546835,53314.1015625
908.947583513309,36649.19921875
1140.60948140377,53458.19921875
956.7060140971,26233.599609375
1044.72263683692,54839.69921875
1267.21096228929,32007.599609375
1649.98217730879,76301.5
1287.57965101862,63490.0
2309.15081609967,136600.5
1262.82150240608,98293.703125
1022.4411049762,45967.3984375
1238.67390436392,78818.796875
977.399468507429,46673.80078125
1751.3414795236,80393.6015625
1886.05976358654,60220.0
1670.02476387285,53930.5
1857.33392725606,54880.30078125
1857.02742686028,48417.5
1170.0717205747,62274.0
2029.56765929016,101663.8984375
883.8608825143,40152.69921875
1963.71596015728,76473.6015625
967.91043009148,50073.3984375
1095.52619117481,46353.6015625
1368.27590384056,51577.6015625
1727.65686191213,58269.19921875
1068.68101097922,22406.0
1053.84135773253,46821.80078125
966.598893514177,38767.0
1055.24054540412,65835.703125
1217.87642692682,64341.80078125
1661.3982033148,72516.703125
920.307699926768,38969.1015625
1164.41638732722,43423.0
1927.73602125467,87379.203125
1011.28669576878,45945.6015625
1155.6686521941,60792.5
1788.39272195348,84055.5
1275.00712061225,15694.400390625
1036.19620122648,31488.400390625
922.611798832275,38874.30078125
1020.21931122785,59329.0
1167.61860367153,46677.19921875
1886.66541371454,63477.30078125
1395.77818880909,62321.5
2032.68857284053,76734.5
1838.81738299688,89749.3984375
1214.1353846687,33571.3984375
1035.64278535924,44377.1015625
1756.04701793996,74413.703125
1579.30499029507,75215.1015625
1609.85479355205,38151.30078125
1692.24537432495,50102.0
1274.57688404651,53398.30078125
2015.82704161963,77308.0
1028.57222662876,55091.69921875
1090.93258331723,71559.1015625
994.887476736427,52806.8984375
1007.03021607182,64046.6015625
965.325446738967,17712.099609375
1216.04499796307,32337.30078125
937.993897637706,28811.80078125
1662.96489701664,63486.1015625
951.880860337328,40187.0
1264.54077806367,89610.8984375
1798.15473728443,59543.1015625
2080.83408268506,75055.296875
1780.21165615675,87384.0
1049.7653034139,61413.30078125
943.217880582542,44998.5
1026.25309227506,53165.80078125
1074.06002610099,70364.0
1196.87045794143,60058.80078125
1125.34939247609,42498.6015625
1134.40997630535,260814.90625
1225.76279793895,58481.8984375
921.624248320136,42094.3984375
1354.86294756697,34439.3984375
1455.30519881562,90442.5
1898.67795720594,57046.0
977.675007017301,33903.3984375
1747.50911083942,66537.796875
1148.66224470925,57417.19921875
1856.43436195928,76940.3984375
1840.1068675835,60553.1015625
1059.74048798813,74751.8984375
1079.94913272446,53799.69921875
2245.0205087245,99355.703125
1659.25882609729,70445.203125
966.205410266248,28501.80078125
1755.96504690388,77968.203125
1820.71993793441,34887.19921875
1517.38790089411,58667.80078125
1690.55850841125,79390.203125
1776.25956075546,82058.3984375
1803.36568950749,67100.6015625
1971.47291494125,112727.703125
1025.80626102946,61754.6015625
1824.75155415059,62201.5
1252.46397195295,52698.5
1245.88312333885,44254.5
1865.34926900159,90500.3984375
1417.45273405752,48054.30078125
1294.57603487134,63508.80078125
1352.81289204911,52132.5
2089.26284356908,106454.5
2158.73975632214,64089.8984375
1038.03776519605,49771.19921875
1064.72713359888,44308.6015625
1486.83408818428,61621.69921875
932.238049634708,47339.6015625
1241.97813900857,70371.703125
1776.33518349119,75318.5
1388.50415034639,45937.80078125
1044.48095592891,66599.0
1919.73849929959,75472.5
1525.1388414988,64597.6015625
1157.68017241511,71449.203125
1447.5351019362,53718.1015625
1731.85698652178,54801.3984375
931.249441072511,34277.19921875
1615.03790235254,69329.1015625
1917.89125527181,61004.1015625
1054.80975196993,48956.30078125
1009.50894892376,58493.80078125
1630.93025972021,47759.1015625
1533.46491584034,61744.1015625
907.618951074541,53282.6015625
1348.14410695055,46341.8984375
1297.07113965576,38086.6015625
1097.28144053438,48723.30078125
1519.55734900801,57538.0
1181.07933925827,27072.80078125
1549.65853904035,57123.3984375
2065.35870841398,104031.0
1195.57284307542,76370.5
1178.07592495119,53608.80078125
1046.40449093456,40689.6015625
1351.06332274774,47802.80078125
1874.99478745245,90585.8984375
978.521447063794,29005.0
1657.68923667949,78234.3984375
1047.24480542809,48905.69921875
2095.00905774787,104744.703125
1147.81658427859,32312.599609375
1924.41686253551,105516.6015625
1216.51254471506,59933.5
1147.28087682811,43064.19921875
1056.88642579979,48753.5
1883.01413865083,106254.0
1688.98936448821,65619.8984375
1825.47180780594,83343.796875
1439.57177170405,45328.69921875
1170.21884521962,63936.80078125
1109.42919168584,62377.0
1715.0044765698,73754.5
1627.12617995337,47006.19921875
1095.55247536573,32662.19921875
892.296437193435,36953.30078125
1106.08040756506,35280.6015625
929.977442155274,45167.5
1601.75258032807,77285.1015625
1656.41868562023,89738.0
1643.75627664577,50577.0
1997.56999805891,109105.0
1200.06376439051,72200.703125
2299.3902486267,166899.90625
971.437300743098,23130.900390625
1109.72277273355,63471.80078125
1128.00877345375,64161.30078125
1856.33501662751,45645.80078125
1295.63063234505,17170.099609375
1973.88215061043,87180.203125
945.422188661514,18661.0
1061.6535538669,49034.3984375
2065.97772338482,81636.203125
1891.73113464542,71304.6015625
1181.27958915348,61258.3984375
1257.80456315156,43956.3984375
1147.58626348699,54498.19921875
1358.61579543627,50910.6015625
1318.24684214521,54929.19921875
982.696623966811,28264.099609375
1401.04649848268,81709.5
1241.62564127868,70096.3984375
1476.68794499539,49533.69921875
1840.0757943239,68298.703125
2131.42379953752,66602.703125
1000.69594880811,59034.8984375
1103.66270749542,63445.6015625
1053.83211371623,69330.703125
1203.43393225984,28076.599609375
1199.16319673052,56914.5
1094.8746550864,68473.296875
1711.43829100549,51437.19921875
1642.13578945149,66611.203125
1999.0601780355,115461.703125
1784.32123395616,59286.8984375
1343.65207189855,49895.1015625
1224.02536836983,58294.19921875
1724.39650850147,53699.0
1201.19888504234,49933.19921875
1889.1762221893,67069.3984375
1968.62063473195,100947.296875
2113.41110985339,104122.796875
2020.04676799878,60912.0
1610.19659940767,57641.5
1971.56958730445,114007.8984375
1790.59246371115,73121.203125
1367.41765818289,48868.1015625
1198.82317285395,42024.8984375
1864.35459057327,79289.3984375
1953.36154816748,78097.703125
1000.99576678247,53299.6015625
1931.20843017172,69997.203125
2098.8570187487,105779.1015625
1097.39147774043,51593.80078125
1356.32450450515,75905.5
1744.69324982685,65873.296875
1199.72986606691,16751.099609375
1027.1715910992,83738.703125
1771.78044505153,78046.6015625
2071.99747134705,86876.8984375
1105.86022177928,68311.203125
1336.11363229501,43667.0
1309.96375804813,31834.099609375
1265.09931712067,66854.796875
1820.63306645595,79172.5
1734.64756570664,66840.8984375
1175.82751289085,55338.69921875
1042.01826088837,29060.69921875
1183.28464970045,65891.8984375
1089.18412775277,51948.6015625
1051.55118053831,33107.0
1026.38072652418,48586.69921875
1780.69178813575,72592.6015625
1101.64227737918,49510.0
1035.54756085401,44542.0
1256.2542413822,54000.30078125
1400.60946812183,45292.69921875
1057.79456687072,30661.400390625
1075.40185632206,57917.80078125
1875.42892209735,54724.80078125
1650.34959911319,57180.6015625
2099.45821392909,88273.703125
992.655325234873,47199.0
1228.18740317739,67330.0
1698.81441732788,69998.8984375
1104.06008882251,58040.69921875
2213.60867310438,51966.8984375
1370.8098780429,63061.19921875
1024.85067476645,41815.19921875
1448.67089083016,29838.69921875
1128.98953017078,68685.3984375
1619.98222596096,64877.6015625
1280.60966273051,47858.6015625
1381.00703038196,59973.0
1729.99905061973,63442.5
1211.17195351645,77326.296875
1789.69924671472,80487.703125
1221.83030430715,7730.39990234375
1002.25161651461,42302.30078125
1288.20334368446,44972.30078125
1132.10665701568,50831.30078125
1002.93166426775,39492.6015625
1234.25214611051,59579.19921875
2041.21823828799,99322.796875
1114.06690352479,72563.3984375
1578.51445984113,35227.6015625
1605.10192131731,61433.8984375
1059.6003798857,73357.3984375
1204.21577556594,66133.703125
1606.94704924497,44931.1015625
1945.633550543,64074.19921875
1004.34265755052,44182.0
1214.23372763726,43519.30078125
1288.62812293937,50411.5
1993.4857020872,61863.0
1735.71675313379,56472.69921875
1891.52375683403,77280.0
1556.6510248139,58029.3984375
1134.4784711249,53604.19921875
1038.66101236713,13790.7001953125
1062.56982521723,46597.80078125
1668.16081379152,109496.703125
1386.53049718009,52795.6015625
1163.06809743211,60544.6015625
1066.2560716197,56344.0
1110.93563222122,58267.19921875
1753.35834568175,85831.0
1195.3013140184,39043.8984375
1073.58423769591,45759.80078125
1192.92838617227,76815.203125
1071.12510661346,50204.3984375
1322.30975436837,61399.1015625
1233.77457572638,63565.5
952.043354551516,45104.5
2129.45604917681,92761.0
1419.50200995956,30617.80078125
2054.42225751852,124799.796875
1455.40576925799,54969.30078125
1453.8614616679,48730.6015625
1382.463241383,92172.5
2293.34867142117,170195.296875
1005.76890902886,26110.0
1960.89441908651,27693.0
1099.08580569139,39054.8984375
1057.28915306401,60818.3984375
1022.73546563974,49068.19921875
1564.18846205423,64310.0
1224.03216216494,45407.8984375
1277.32012941298,27988.19921875
992.014146899654,59368.19921875
2077.5149239659,90858.5
2246.03311831697,104114.703125
1838.51411243812,57885.0
1768.25457676313,69336.703125
972.727119450787,31550.099609375
977.792951755358,18333.69921875
1012.979130367,55243.69921875
1197.60964512414,18997.599609375
924.708464239545,33941.6015625
1942.46630553745,81255.8984375
889.35795374782,44833.8984375
1240.83332884569,37893.8984375
1624.52983648444,56475.3984375
1205.16813199194,37526.5
970.719497308934,42507.6015625
1523.50866479346,48482.0
1074.36017819642,37291.69921875
2192.60693631923,96527.8984375
1420.93193676968,58902.69921875
1759.83728736921,56631.3984375
1060.73305031634,37953.8984375
950.660538812403,22391.69921875
1166.73151222807,64960.6015625
1716.87199060922,31695.5
1469.17868529871,88725.5
1259.77576609668,70488.8984375
1902.11873599494,86511.6015625
1127.87724112547,66605.5
1764.64963315459,56322.69921875
1022.36982581439,51317.6015625
1984.07017030687,71850.0
1087.73994511029,41294.1015625
1332.88680236514,61829.30078125
1053.24261277332,57061.8984375
1964.9640137311,103178.6015625
1089.52938619279,35097.0
2037.00987202526,79809.703125
1219.36872300352,18887.599609375
2005.15276439121,74113.0
1174.03016427634,44323.3984375
1049.61272145815,40246.80078125
989.429943162973,42384.80078125
1099.15886683224,71759.1015625
1500.88254273487,45647.6015625
935.730004634408,58727.3984375
1493.64804193223,9847.0
2126.9470226811,71468.703125
1488.6831141911,77808.203125
1862.39296576552,79339.703125
2106.84629905069,89938.8984375
1848.34673868873,76407.6015625
1125.08276386145,45287.69921875
1270.2980182378,21877.30078125
1066.22934193402,37864.1015625
1125.76492771471,62737.30078125
1151.01345468576,65900.8984375
1867.09171038677,52546.3984375
1632.22297414385,35182.19921875
1020.69509963293,31223.19921875
1497.26011345695,26477.599609375
1848.29717739653,109873.0
1102.16473136051,47227.69921875
2131.71983080641,105944.8984375
1094.03144487692,40709.0
1051.14165947898,62916.69921875
1213.28359868507,60511.6015625
2004.96342911765,117655.8984375
1061.00068129419,42636.19921875
1992.69138492778,78739.6015625
1543.66106581618,49899.1015625
1880.0734277314,21951.400390625
1232.82299891622,45822.5
1140.3050971081,54381.3984375
991.887626387442,67072.3984375
1036.52486498663,10473.900390625
1042.92963179633,40629.5
1737.39994371572,77207.296875
1678.29782433779,55513.5
1515.7528237464,41949.19921875
1217.18546455202,66003.3984375
1376.6123359353,40503.30078125
1267.78899174209,66121.203125
1092.04164252552,60710.19921875
1811.19459169541,65695.8984375
1433.76040391642,57153.69921875
1584.44165626669,54365.1015625
1639.53298630853,65538.6015625
1532.47524922808,84417.8984375
1438.80696857257,59733.19921875
1012.88791531463,27094.099609375
1025.62550153006,45421.6015625
2016.94902017599,68862.8984375
1266.14957102046,76009.5
2015.06769579897,77919.3984375
1396.74613755173,119431.8984375
1127.96567183559,46121.0
1486.72538746252,47067.80078125
1303.48347987639,28640.5
1718.85098971266,69057.1015625
2095.36077586192,76273.3984375
1858.5022372676,74422.703125
1731.06044188856,137900.796875
1781.97481304833,65689.8984375
979.261970730785,62324.19921875
2199.56979669116,113638.203125
1927.77878875175,83125.5
1853.82420815275,62893.8984375
937.19089333044,27209.599609375
1294.36654095983,72572.8984375
1091.8553143416,31331.0
1038.35985790848,40414.69921875
1012.86831354513,54051.5
1038.20482573154,18470.19921875
1041.71320835057,47504.6015625
1091.94686351505,42338.0
2015.07125975706,55515.19921875
1336.51602543816,67896.703125
1061.23122483317,18831.099609375
1141.71252643278,46020.1015625
1213.49064237539,23579.599609375
1448.44424537034,10952.0
1007.30464084479,34582.69921875
1330.98543072386,56092.8984375
1838.42434524371,68475.8984375
1105.05654922987,46638.5
1191.04516844251,54031.80078125
2020.1109192444,79008.1015625
1758.65182580936,66147.3984375
1196.93572292396,50725.1015625
1209.98660333029,27456.69921875
2012.76560161989,112505.703125
997.755349262374,23051.599609375
1685.66875791108,79882.203125
1835.10875048265,39846.6015625
1495.78853288665,23475.69921875
1045.86521952599,62395.1015625
1079.83152210748,42618.1015625
1828.99121642031,57341.3984375
1432.22645407954,67477.0
1066.88756044386,49669.8984375
1214.17926590269,26620.400390625
1828.37353793375,36453.30078125
1185.41589663857,15455.599609375
1078.46118022168,47712.5
1089.88221804375,66357.8984375
1411.21836899403,56718.5
2037.6888060415,78532.3984375
1894.60502135065,58799.19921875
1931.47394504946,57655.3984375
1557.49958096051,39553.5
1386.38081094028,64125.3984375
1205.69916174742,28627.69921875
976.82923521295,42308.6015625
2012.62415703317,81726.1015625
1378.43028868253,40343.6015625
1198.23478564795,20803.900390625
1116.53427626032,37082.19921875
1527.84633591067,40883.69921875
1722.45058738406,51012.1015625
2394.03716989913,117373.203125
1810.13108432647,62285.3984375
1281.64989299817,73068.8984375
996.857231823569,57811.3984375
963.304014259513,35637.1015625
1780.45044134881,41170.1015625
1863.71486009602,106954.5
1048.12153911835,54424.8984375
961.493857670611,52709.8984375
1149.30275480233,46467.3984375
1763.68235265409,41286.80078125
1782.85110124383,49690.1015625
1066.38582196894,39137.0
1798.04147024136,75904.203125
1060.75978000201,38780.3984375
932.514646194637,49969.69921875
1065.71579784792,34251.80078125
1042.11493325158,64632.3984375
1382.778651674,46974.19921875
1968.66674343974,76263.203125
1159.93827398651,57466.1015625
1188.52656380943,52989.8984375
1071.92243086252,56907.19921875
1010.50897328922,42453.1015625
1410.80027216054,44666.6015625
1107.07230165112,63791.3984375
898.742913450157,28224.5
1240.7064742124,43521.19921875
1225.71323664675,50596.8984375
1031.42617744342,27093.900390625
1183.15066715099,64010.69921875
1095.64447003394,47226.6015625
2017.24794716083,54216.69921875
1305.40723762943,44998.19921875
1068.17737915155,49386.6015625
1513.82717264063,84875.6015625
1545.71891749237,61384.3984375
966.79312923011,52677.5
1077.29364982597,45414.19921875
1333.36370450712,64208.80078125
1521.1015452244,45822.6015625
1077.31614731142,49955.3984375
1179.4841338917,41119.5
1064.49614456514,55471.80078125
1078.61086646148,54408.3984375
1057.45242689403,30206.19921875
1457.68525457793,53658.6015625
1183.96826141169,24261.80078125
1474.01809489085,34104.5
1431.91638972566,63173.8984375
935.752167998783,12484.7001953125
1873.60172533382,67116.296875
1135.61281216089,37724.0
1426.63070575638,66452.796875
1834.55388675743,53431.3984375
2139.72091671958,102432.796875
1434.27283426562,35305.80078125
1664.65243117249,48586.8984375
1689.27938157783,46213.0
1522.44304132441,57233.8984375
1081.32560016323,54701.19921875
1592.83054536958,64821.1015625
979.883547296506,37062.80078125
950.374642549331,47708.5
1124.20959412928,41988.8984375
2221.33600248672,65571.203125
1393.6362499967,52145.30078125
2235.37398791043,80391.8984375
1024.19813631482,58039.0
2148.66533778982,80345.6015625
1817.15063390677,50041.80078125
1088.8084642953,54882.0
1233.37786264144,65051.80078125
2228.83212008794,57348.30078125
1269.29799387234,45246.6015625
1698.17368448743,46122.0
957.647344527752,47549.1015625
1690.5521601109,53554.0
1829.76459532595,138102.90625
975.691664339939,56503.6015625
1778.33244787984,132834.40625
1775.18547288593,45654.3984375
1069.4757736334,57860.30078125
1136.15531340648,42360.0
1149.3468587837,58752.30078125
942.305841432446,11319.2998046875
1008.27826964564,55184.8984375
1075.92898799838,49673.3984375
1462.0728211084,86115.296875
2129.05020344925,145160.796875
912.536155189369,25411.400390625
1145.72376126363,75157.5
1656.20841209289,68216.703125
1705.10157352059,64372.80078125
1908.39932113991,72784.0
2189.09064616819,84701.296875
1084.79722946444,56607.1015625
1776.04037733289,44033.1015625
1972.76596348596,108255.3984375
1096.12270866021,59384.80078125
1123.7901608115,46896.69921875
2175.17628554075,80311.296875
1033.86214279827,31815.5
1683.59709589729,71792.8984375
1795.06656759901,76352.3984375
1102.53148492276,56860.6015625
1442.33706906121,55385.69921875
1117.85928905415,52000.30078125
1588.6250748228,39281.0
2084.85556389542,142991.796875
1464.8191849382,41645.80078125
997.890111427671,42797.6015625
1016.76338561697,71117.8984375
1037.38589498656,35193.30078125
1762.79359060527,38875.8984375
1253.47012187138,49050.5
2046.33630485333,72749.796875
1352.80966221209,56941.30078125
1990.48239915382,71180.703125
1246.90631343189,36014.3984375
1461.18294532268,73952.203125
1497.90273965015,66898.6015625
1097.87617604074,20106.5
1551.41267466301,49173.30078125
980.576068902965,34223.8984375
1603.85843406479,34511.3984375
1360.57162881212,67727.0
1123.9686928371,27968.599609375
2153.30204726556,228743.203125
1138.62290888939,35108.80078125
2178.43686169879,132607.0
2007.02027843063,98477.296875
978.773040230245,36054.1015625
1082.21013001181,83285.3984375
1137.39913478006,52810.6015625
1068.10364976855,48810.80078125
1078.46017785847,39314.3984375
1965.11904590803,105647.296875
1714.3999401787,55800.8984375
1035.89326478878,49691.8984375
1547.84370475645,47067.5
1751.65800355152,64382.8984375
1890.57574398196,97372.203125
1880.68709676511,76021.8984375
1599.03105283121,47078.5
2086.96587257976,102662.203125
1080.60245079193,44907.1015625
1083.11359338775,33546.30078125
1497.06086592496,68734.0
1141.66407887749,42691.3984375
1325.44603748801,58028.69921875
2020.05010920949,90178.796875
1702.84959750216,52426.8984375
972.88426772784,38154.0
1038.27510253014,40902.6015625
1689.52963826,46972.19921875
1220.26962478459,62985.80078125
1996.12436755846,85593.0
1069.48746787088,45462.30078125
2070.52288368711,55370.30078125
1092.73383001091,43132.5
905.876175568288,42458.8984375
2200.72919680747,156700.59375
1230.52959188499,57503.5
1072.83692023381,43478.8984375
1599.97060128282,67361.6015625
1347.67299624047,52836.6015625
1164.42919530161,20957.0
2009.13326008353,68146.3984375
1237.45792641291,45595.6015625
1969.22517112305,74687.8984375
1042.76034378703,43288.30078125
1019.90791038969,50128.3984375
1318.829549293,27856.0
1622.7937433996,42068.30078125
1032.86423453293,21310.400390625
1342.77144012913,81445.8984375
998.332376351964,38213.30078125
907.469988763727,14460.0
1751.18288338858,74976.3984375
2170.17560684502,107997.296875
1628.75624528501,49655.6015625
1557.29220314912,28810.900390625
1837.55785793296,58087.80078125
1249.2944994736,263375.8125
1060.19667462372,68745.703125
1323.52640056152,67275.5
1853.79747846707,63715.19921875
1864.33109072461,76495.1015625
1153.08478257848,49820.80078125
1364.57606984786,51682.5
1224.10667116377,53391.19921875
988.157610124666,49470.80078125
1459.86706517146,60980.5
1839.41902367203,63078.19921875
1259.17200932141,47494.30078125
930.508137789687,47270.5
1152.8324097962,57164.80078125
1725.26433229651,61942.30078125
1505.06273145396,54894.6015625
1243.56588233788,50520.5
2070.06758804104,69849.6015625
2045.6203947719,69820.6015625
931.878813796554,49277.5
1786.02346943913,59346.0
2402.72743620805,89786.703125
1124.30337077653,56639.1015625
1169.48188551072,36947.8984375
1257.90012177786,19560.69921875
2153.09645143321,59599.1015625
2019.71242418041,63845.1015625
1071.50110419201,36694.19921875
1204.61248865089,70878.1015625
1399.90814799384,69019.296875
1056.60019541564,38522.1015625
1429.47084623344,67865.8984375
1516.94062415375,48838.30078125
1575.18327276342,60549.19921875
1062.32391210898,59048.0
1894.83578763701,84129.3984375
1303.49383762959,76124.703125
2247.01276129709,116308.6015625
1815.30383537376,66674.296875
1072.95274887175,49783.3984375
1093.8047994171,59258.69921875
2009.86453973423,105141.8984375
1633.26287029044,74070.6015625
1155.09908714176,65606.296875
1766.59276992974,59794.19921875
1829.3482804715,54591.3984375
1577.4196564652,61144.19921875
1040.62375091178,46840.6015625
1788.51957658677,68718.0
993.643321241773,31880.19921875
2072.47949667879,107460.796875
1448.44892306534,28210.400390625
1140.55535379027,25501.099609375
1286.27490823643,56087.19921875
1907.76783231575,58144.30078125
1554.25604497709,56199.5
1414.69211439536,63221.80078125
1314.52996797789,90074.6015625
1915.84019739073,87542.1015625
1292.45091348619,59242.5
2290.12885803378,96790.296875
1120.59462688861,29807.30078125
1083.16994847506,32308.19921875
1560.77909064591,56457.8984375
1476.11726620615,102662.5
890.350126268108,5529.89990234375
2179.27082789197,66872.6015625
1783.06248850807,80702.296875
1080.12588277101,40705.5
1214.78580702022,59167.3984375
964.773478729701,50463.19921875
1015.7105701223,49870.30078125
1646.55331550467,71211.3984375
1370.58846714653,55858.8984375
1177.85217520732,38070.6015625
1659.37677083534,63609.19921875
1202.24312476285,38072.80078125
938.113624354808,9227.5
1353.03597355083,67706.796875
983.843438856119,52157.30078125
997.267866619809,40843.5
1732.52522866375,71314.1015625
1424.12557733984,36019.8984375
1962.88733990124,99506.5
1524.17980265138,41213.80078125
1281.63207320772,49371.1015625
1048.04892347226,53888.3984375
1027.49023122722,62907.5
1849.61472815311,12090.2998046875
1879.17241457665,83817.796875
990.373389693742,60865.19921875
1174.58324602251,27109.400390625
1333.00441298212,45559.8984375
1785.49912210507,53188.0
1114.59292146421,52832.80078125
1167.27646369484,45460.3984375
1029.65310829339,47681.19921875
1262.42456657375,66439.3984375
971.343969590603,55035.3984375
2137.73044612604,77190.203125
2095.1756727886,74880.203125
1001.34536879641,46629.30078125
1133.61777524605,55291.3984375
1092.28610777579,61374.0
1140.2994170499,60656.1015625
2078.54602159096,84964.8984375
1774.05569817125,18562.30078125
954.430092735246,57842.5
1659.04599097507,51006.3984375
1113.46314674952,33550.8984375
939.879899709721,19072.0
1110.03640104551,47184.80078125
1778.24513090662,55570.6015625
1325.26817370456,59047.80078125
971.398431325174,27005.30078125
1483.91342452911,86498.0
969.835635702491,35301.3984375
1026.2584382122,51864.69921875
1084.27399586728,24503.69921875
2041.57530233919,109862.8984375
889.952744941017,20032.80078125
1034.74678402055,44323.19921875
2028.69827626346,63790.80078125
1148.88465796883,46097.1015625
1530.42664156819,52622.19921875
2052.06514473642,119542.796875
1890.49020898779,59376.8984375
1046.75910476457,42477.3984375
940.978712538497,51644.3984375
1146.50638418557,37380.30078125
1433.30811536,26454.099609375
1280.70833982014,49110.8984375
1228.03548946378,42506.69921875
1070.03241933766,58225.30078125
962.055960685697,54866.30078125
2179.60027126796,78291.8984375
1957.46433217179,59812.8984375
1394.14311166139,75503.8984375
1061.01493712656,40337.19921875
2078.53666620097,60079.19921875
995.885385001767,29622.69921875
1510.62217195406,72785.3984375
1119.25814260467,56843.0
1090.35767232776,59633.6015625
874.75853355117,17800.900390625
1236.23303856669,48157.80078125
1281.16564019263,52079.3984375
1329.11613470539,46659.3984375
1606.28192556633,52664.80078125
1548.00230089148,49438.8984375
2188.94029168625,77530.0
1621.46082307376,59772.80078125
982.293896702585,32118.099609375
2097.44324112368,116395.203125
1091.2070080902,54087.80078125
1480.26571342349,57777.30078125
1024.78162307845,46062.8984375
1782.7673482287,60100.0
971.065201243712,49707.3984375
1843.21564140163,52388.69921875
960.494167426227,5620.7001953125
1269.63088983273,60496.8984375
1144.60111446513,78019.796875
988.759250799818,48660.19921875
1590.27195758168,41534.0
925.127619123095,30568.5
957.461239091214,36722.30078125
2011.16159773179,69491.0
1102.0727366923,46570.6015625
967.447783781858,43756.1015625
1006.07897338273,44085.5
1784.68019136009,75565.703125
1195.26133086357,41882.8984375
2146.43474551993,69589.796875
984.578393838593,47269.5
1033.75745152936,56188.5
1101.91057659918,48394.8984375
1475.63479537965,67187.8984375
1536.69920780747,63849.3984375
1644.60873087154,85249.0
1122.00060835531,69117.0
870.33282153176,35218.6015625
2143.31873241194,109451.796875
1724.94680590538,79250.1015625
1851.59628885143,74984.203125
901.173866988948,11534.2998046875
2154.11262498377,91227.296875
1657.52674246531,57567.3984375
1180.53728350744,50962.3984375
2394.88494642991,115138.703125
2079.06056804027,93044.203125
2167.60777504082,29428.19921875
1968.96099272959,48325.0
1019.19467327683,60441.3984375
931.225885537006,36811.69921875
1100.62365360744,69341.1015625
1072.17402402897,48776.6015625
1053.76016631228,22588.80078125
996.815243942315,14701.400390625
1068.68847301647,44837.6015625
998.57895770235,61136.19921875
1246.31469638887,33020.80078125
1482.19426024521,38835.80078125
1427.32712544201,45593.3984375
1717.78970981752,57063.8984375
1055.56564520619,39988.69921875
1063.24519527538,23985.19921875
1537.56346764441,72733.703125
1040.66930275112,47983.0
1969.47464818938,16235.7001953125
1325.87827878017,52246.6015625
1860.30025412426,62354.19921875
1886.47073250385,54550.1015625
1264.58788913468,36356.80078125
1911.11661643654,72635.3984375
1452.74839300676,37731.30078125
1638.75136574981,58978.8984375
1290.69455038971,85470.5
1880.879550502,47296.30078125
1269.26948220762,77973.296875
1135.32090171854,86914.296875
2009.98794178311,95836.3984375
906.539795702107,22209.0
1257.29959483961,30877.900390625
1515.92812593498,2165915.25
1022.35846569798,49206.19921875
979.27054650494,31596.599609375
997.758579099394,50929.0
1055.20635368119,65742.203125
1999.51124148133,85879.0
1972.73143764196,49731.80078125
1377.89424711098,59517.80078125
1483.39809846396,53895.0
2203.02371757561,107970.0
945.399357054997,50040.1015625
1055.33855425161,32998.5
1382.66393677297,50229.69921875
1118.97658991552,82163.3984375
1477.79165826654,39294.80078125
1971.20428160018,92000.0
1485.97027384209,56611.0
1075.40185632206,51137.8984375
877.561586589346,38143.80078125
1300.04526268228,50104.8984375
1102.09233846179,67650.5
1957.7463303557,33844.6015625
1085.04882263089,55256.69921875
1357.45672944102,49465.19921875
1849.37917279807,95977.1015625
1386.9011488215,21732.5
1915.9707273558,76121.8984375
1287.34799374274,81630.296875
1779.48639068533,66607.8984375
1087.69862547118,46933.3984375
1906.24312649516,56595.3984375
1861.11528679008,79347.3984375
1128.65741382622,15286.599609375
1851.05066914251,54660.1015625
870.464353860037,28820.69921875
1211.25927048967,67464.703125
1052.08822447307,42124.80078125
1884.59074461111,75748.1015625
974.856584409859,26376.900390625
1621.06667158369,24955.30078125
989.042251346941,59271.80078125
1165.59360723399,74254.8984375
1473.00815826695,79598.3984375
1684.17300924998,78476.703125
1902.51099413227,137655.203125
1088.63661469112,26199.69921875
1192.72958413503,39758.3984375
1259.11320401292,56410.5
1003.84114182297,31668.900390625
1489.04162610027,57831.6015625
951.157376844957,38275.8984375
2285.28232052547,99153.296875
1080.98301469178,52325.30078125
1957.28880723583,73638.5
976.114995736876,38290.8984375
1131.73199592141,63202.80078125
1063.9472950192,31938.400390625
1173.02624183172,74233.1015625
1233.50404903258,45048.69921875
1952.33379175314,106533.8984375
1681.08272346445,56445.8984375
1779.84846655259,46663.19921875
1912.53150779847,42245.3984375
1082.36193235173,67384.296875
962.04348683238,42916.30078125
1016.59409760767,46635.5
1062.16353399491,61531.6015625
973.985530777804,57807.5
1002.31220380215,43197.6015625
2013.90963216694,100682.5
1581.16749251843,24763.69921875
982.462739217122,39795.0
1939.23223631771,74335.796875
1174.0444201087,44045.6015625
1179.25314485796,75475.8984375
1549.90723649085,50073.19921875
1818.64259586241,125148.796875
1254.04748308204,38490.8984375
1714.54327811815,76929.3984375
1227.95039996437,36196.3984375
1248.45774893816,51030.19921875
1007.29818117075,27618.69921875
1828.68972784059,85635.703125
1908.35588540069,62276.3984375
1453.1889873257,42480.19921875
1198.32600070033,55646.1015625
1192.0666879302,20363.400390625
1832.19989243866,67614.296875
1466.56095808124,78696.3984375
1042.38356659265,69209.296875
1514.60767946245,29294.400390625
1343.20657713724,36085.0
1546.47447660756,51017.1015625
1795.75552524738,38372.8984375
1906.18521217619,89905.296875
986.378192674295,53474.80078125
1726.7441545199,72121.8984375
921.313125916205,50393.8984375
998.24617311565,49082.8984375
1739.88580448384,45878.19921875
1060.81357349444,23635.19921875
1025.61057745556,42696.30078125
1012.25965632748,31607.400390625
1753.55892969803,70905.5
1032.92303984143,51963.8984375
954.297223922685,31805.19921875
1691.2891198198,45285.6015625
1490.81547486612,46956.8984375
1002.57281823751,55145.3984375
1085.38093897545,55509.80078125
1615.97199349332,51670.0
1783.68406507379,79190.1015625
931.893793557904,36643.30078125
914.868765759599,45303.8984375
1868.9349449617,103670.296875
1233.52621239695,89970.6015625
1103.56603513221,45261.0
1067.39364249271,50454.30078125
1221.82997018608,64012.6015625
1059.19765262147,43223.3984375
1436.9721983981,59079.30078125
1917.66004349069,89816.796875
2142.9413983491,88833.8984375
2097.86646114692,89378.703125
1020.8002363966,38086.69921875
1258.67561678362,49620.69921875
987.813019926791,79799.796875
1240.61136108086,55306.8984375
1231.07376373593,103851.0
2071.18934385003,99274.1015625
1030.72485731542,36266.19921875
966.753925691114,37213.1015625
1468.79121623006,71002.5
1352.22662094322,63987.3984375
1262.45519433859,49830.6015625
1057.81372314546,53368.80078125
997.479476631432,11076.7998046875
1992.39691289056,85639.3984375
1319.93571278534,57987.19921875
1690.48800886527,68184.296875
1665.14681898386,79267.8984375
1322.66793215647,55807.8984375
1016.42803943539,87284.703125
1217.14403353922,58574.69921875
1483.20954280624,27968.19921875
1118.80629954301,53827.19921875
1024.31786303192,38170.3984375
1863.44867697614,58023.69921875
1274.00308679394,70122.6015625
1001.1992465147,15422.2001953125
1056.13799460078,72128.6015625
1376.21996642428,75826.3984375
1285.18177546586,81293.5
1015.52379644362,49511.80078125
1020.09925038968,41533.6015625
1610.10427061839,73086.203125
1344.34392526287,21562.80078125
1125.32444476946,44001.3984375
1258.45999731914,61143.8984375
1021.54053731621,32491.19921875
1219.59425472644,40226.19921875
1660.90671121938,68946.203125
1804.00397212676,62459.69921875
1066.64064497241,53425.80078125
1848.97677965491,67418.796875
1158.53407449885,57580.1015625
1175.71703019004,45140.30078125
1826.40133262542,60759.3984375
1877.32160659078,69238.203125
1894.56225385356,71492.203125
1985.39083952678,83511.0
1829.05247194999,53589.3984375
1745.03717178258,83623.6015625
1222.05951136185,69272.703125
950.307372840373,53826.8984375
1462.53368543898,64020.3984375
1175.89912617373,63182.6015625
1623.74532020977,46629.80078125
1961.96605673485,95069.0
1040.04282574303,50603.30078125
1084.69844100112,60243.30078125
1066.42602787114,44684.5
1412.69128604862,74382.703125
968.5112911508,49502.69921875
1876.98213958266,71544.296875
1489.64861271255,61712.69921875
1071.06852877878,36273.80078125
1247.27484897319,66320.5
1147.30827475593,52912.5
1125.97085766812,49244.30078125
1387.96810877484,56983.19921875
1095.15832387566,44480.30078125
980.829109927391,26104.900390625
1217.54575844024,61082.8984375
1116.37712798327,47606.8984375
936.340555204786,52605.69921875
1049.32337261068,42271.30078125
997.689750158771,32971.3984375
1053.67463131811,18334.19921875
1888.73072742798,58608.1015625
1090.18949805537,62588.69921875
1766.89392438839,59614.3984375
2021.21040031532,84733.796875
949.522522444631,35911.5
1811.21452758598,74012.8984375
1169.31927992284,69149.796875
1261.77369872747,60090.3984375
2150.18647965232,70238.796875
980.85940357116,48981.1015625
1879.22654219015,65815.296875
987.906685200356,11976.2998046875
1099.10440509767,75759.3984375
1268.69713281302,51630.8984375
1092.86313486538,49034.19921875
886.749470546648,35376.3984375
1699.32762729291,77344.796875
1293.73961845697,46762.69921875
1723.87160429895,94452.296875
1036.07714275152,39117.5
1271.26273714342,47761.80078125
1900.9849518274,66771.3984375
1113.13704458424,72920.703125
1028.48379591864,27665.80078125
1313.95583660425,114405.8984375
1064.0083278015,56788.3984375
1807.84591894832,54367.69921875
1268.22268089223,69696.703125
1167.51491476584,37613.69921875
1042.59283775678,63223.80078125
1792.51343712193,45904.3984375
1946.66487091544,60426.0
1562.78604454562,31087.69921875
1023.34456835214,43968.6015625
2163.64999958132,67314.203125
1208.20317642707,21139.099609375
1959.50982136835,74689.3984375
1283.08761596662,62811.0
1195.75816889612,69913.8984375
941.60095734636,33424.1015625
933.683958569391,30226.0
1206.0137924226,56133.80078125
1933.66867499106,27031.69921875
1170.38568300773,62783.30078125
1307.05957769914,42590.3984375
1019.59205460392,49182.5
1413.7658194129,53333.19921875
1483.41770023346,35449.19921875
2112.82082929465,71514.703125
1184.72526838485,45494.3984375
1325.72079638205,33916.1015625
1875.3257900601,57531.19921875
1018.80018766569,12617.7001953125
1035.43173221606,55720.19921875
907.147450556537,34733.0
1990.51447477663,83368.0
970.549541057494,20962.099609375
1422.07696967994,67329.6015625
1452.34677947944,67940.796875
1912.38003957962,106004.703125
2182.54053669262,68413.203125
1516.50192318755,66642.0
972.851523862884,52529.80078125
963.044179439978,63597.80078125
1152.60654395222,24343.900390625
1588.43941488102,54662.1015625
2066.89611083526,117283.296875
1457.72690833811,36101.30078125
1620.62797061749,60253.5
1780.18069427084,75680.8984375
1776.3914272048,91194.6015625
1128.83806195193,20765.80078125
1100.8279129555,56602.8984375
1262.12731019426,41699.6015625
977.167477110476,49245.19921875
987.022155351771,36207.19921875
1167.40298420706,73663.296875
997.185115967895,40924.19921875
1221.26931502897,69549.5
1369.2934138754,47620.5
969.921170696663,52591.69921875
1009.85643483759,44425.1015625
2160.63778675271,39921.1015625
954.575880895885,45260.80078125
1417.39615622284,55670.69921875
1002.80013193947,31173.0
1576.75419866549,56783.6015625
924.25160936182,41807.80078125
1838.31419666398,82494.703125
1326.28746571844,90701.8984375
1238.22562526034,77328.703125
1539.80341530429,59264.80078125
1127.2585602757,64296.19921875
1332.87043043266,53270.30078125
1058.46737533399,44149.69921875
1699.57387452223,57335.0
1172.67340998076,26558.0
1389.04264213912,100239.203125
1112.45387836777,30990.099609375
1028.49125795589,39456.1015625
1934.12330239498,117801.296875
1563.46208284591,69393.296875
1707.55224020257,49989.19921875
1004.80563798121,46730.69921875
1469.29551629987,38186.0
1074.58537579827,45311.1015625
1020.43571030816,43113.30078125
1084.6054439697,60288.80078125
1002.28770159027,55014.3984375
1160.94620588398,64722.6015625
1401.49232736506,27305.900390625
1032.80086290314,68858.6015625
1690.17504879545,45461.19921875
1563.91648750245,87247.296875
1744.66830212022,32798.19921875
937.075732934641,58285.69921875
1127.31558360515,55521.1015625
1923.32094542268,75224.6015625
1968.544009633,64132.30078125
1979.76847289164,82171.796875
2110.83369991182,74893.203125
2072.35475814562,75696.0
1078.61086646148,48233.1015625
1304.3067541953,45145.80078125
1109.90776443318,55064.80078125
1781.04283800766,58961.8984375
1430.62556865476,75174.6015625
1561.20253341654,30328.80078125
1076.42259619392,27975.80078125
2013.29106269086,145721.296875
952.402534702824,20873.30078125
1367.81470538891,72725.8984375
2032.0798042492,56066.69921875
1159.36982267108,61823.30078125
1092.0442041204,38138.5
1372.88900209395,9507.2001953125
1147.0599114265,80979.6015625
1129.43858889018,60898.6015625
966.788451535116,46973.30078125
1834.47191572135,103818.203125
1623.72438195599,54595.69921875
971.093378787365,44625.0
1583.95695796639,63800.6015625
1160.25123405633,56491.8984375
1815.63171951808,65159.30078125
992.268635782054,29352.80078125
1289.40829564012,57825.30078125
1431.0200542659,65339.5
1087.89464316616,37057.0
1241.84872278041,70333.6015625
1095.48654214106,45791.6015625
1141.80518934313,30888.400390625
1043.76148188939,44098.80078125
1710.37801347357,52621.8984375
1116.12976701705,22100.69921875
1382.3239128964,52966.0
1994.35575335605,62918.80078125
1043.35262907219,57589.8984375
1105.34021801914,34327.30078125
1114.06590116158,54596.0
1897.89990060531,110417.703125
1332.30699093329,48247.3984375
1026.65303519703,44218.1015625
1283.7027328583,21934.30078125
1925.88677250046,79759.203125
1114.75864551542,19331.5
961.091910022217,15921.0
1061.45787029299,31067.19921875
1898.37613450515,71804.1015625
1200.17391297025,62928.30078125
1314.56349145868,61207.69921875
1018.38532066922,44842.5
1420.63612824817,32180.30078125
1039.39841757079,26008.30078125
1040.20108775698,47594.1015625
1048.3386064408,45006.30078125
1005.46352236998,39530.3984375
1299.56490795589,50806.19921875
1779.54553011489,48576.80078125
1353.51643965091,46062.69921875
1652.28839231442,75280.796875
966.609585388449,43394.6015625
1048.63653106243,42822.6015625
1192.90555456575,54443.80078125
1061.1100502581,62835.30078125
1043.108497943,51689.1015625
995.698277202016,34490.30078125
1708.2232666868,51291.30078125
1421.98118830626,27850.599609375
2016.41442646242,86704.296875
1005.89542954107,39551.30078125
1570.44710658222,55598.3984375
2001.27963293636,30663.19921875
942.11695165365,45817.80078125
1197.04442364572,17166.69921875
1793.46568217423,43039.80078125
1353.19779952288,48257.69921875
2205.98024355906,86043.5
1304.62717630237,59889.0
1203.8016881853,64280.6015625
2025.7776126083,106403.6015625
1215.29255731121,54334.30078125
1585.61030039931,65371.80078125
2121.96750498653,105533.203125
1732.75298786047,48543.19921875
1323.53319435663,59885.1015625
996.118824256694,25253.30078125
1354.01472554143,30661.900390625
1057.38292971127,37609.6015625
1853.87655378721,63576.30078125
2085.76236848207,94654.796875
1857.83499748884,66547.296875
1902.64531080281,83367.3984375
1053.59154654512,72458.5
1115.18810246533,47183.5
1086.93593843981,59485.6015625
944.305221921215,43163.69921875
1424.68656661802,64003.69921875
1015.87027999423,52350.6015625
1279.366175478,54473.69921875
1887.05054393569,73695.296875
2124.46828982915,60786.19921875
1161.36953728092,27303.69921875
2019.93628529797,93552.0
1111.49873759952,54521.1015625
1013.88437572199,22330.099609375
1153.77685869018,73355.296875
1385.5296931988,41819.30078125
1702.52171335783,56232.19921875
1246.11767633068,38882.69921875
1897.97919867282,79528.6015625
2085.85948634004,70517.796875
1141.78380559459,58154.30078125
1381.26864718054,47009.19921875
1609.99278555437,42358.1015625
1179.52545353081,53870.69921875
1425.45493370759,62325.19921875
1337.90485535656,49695.19921875
1082.9057700816,60766.0
2157.53179727684,137575.59375
1059.449579909,22682.30078125
2083.89975488503,130030.796875
2008.3217913758,70029.203125
1910.65686584286,84540.703125
1833.90446676913,71250.1015625
1024.99044874781,46391.30078125
1324.67544292463,70886.796875
1780.61159907871,71188.6015625
1167.12855943409,62370.80078125
1211.0136915025,78488.796875
1155.47230037805,80606.8984375
938.208403365277,43689.0
1215.74696196775,75123.6015625
988.691535596098,26037.19921875
1895.78936917359,69722.296875
1657.24441016032,73820.3984375
1108.32926512016,51795.3984375
1005.24968488455,49290.69921875
992.303607120817,26445.69921875
1204.20508369167,66229.796875
951.27387372504,40719.80078125
2261.12536709332,131764.5
1886.53488374948,56972.1015625
1940.42081634089,57471.6015625
1596.75190163234,68854.296875
1968.0016197611,72577.296875
1555.98244855086,62451.19921875
999.822444954863,49851.5
1216.14579115281,51213.6015625
2059.80873467755,101747.796875
1133.59817347655,55077.3984375
1242.05331624954,48444.69921875
1062.11441819747,48092.1015625
1468.06093894258,40658.80078125
2053.97030308317,68098.0
1223.39343405091,37808.19921875
1222.84280252593,32569.099609375
1128.76678279012,42014.80078125
1773.03740852058,59691.80078125
1602.88658724299,73158.796875
2312.29890483048,70092.703125
1093.16362108189,48868.30078125
1186.47405807038,16323.7998046875
946.848106018784,14400.2998046875
1023.32251636146,66664.3984375
1432.64232343922,54543.0
1066.77997345901,48615.1015625
1583.52248920042,44779.19921875
1432.52293084319,73368.296875
2052.90178389817,80395.203125
934.494424913908,41168.8984375
1523.69688633012,79135.1015625
976.417263932426,41239.19921875
2031.33315502924,70804.203125
1977.80963242615,94233.796875
937.266404692483,26029.0
927.615261870262,38562.19921875
1018.59058238049,60450.6015625
931.83142429132,44262.30078125
1016.6985661292,17368.69921875
958.645252793091,55803.69921875
1072.20286981477,49620.5
2301.22323682212,31212.099609375
1191.72666405363,55653.30078125
1638.39463581968,76701.796875
1971.54352586092,72836.8984375
1953.7736308217,62352.1015625
933.949473447133,15243.2998046875
2121.42867907272,129085.296875
1869.28399010719,61913.30078125
2040.71661118676,85293.203125
948.294070640313,39862.3984375
1202.71612882568,54960.6015625
1917.90840682012,77170.203125
1226.03009479573,49631.80078125
1109.25912406071,36186.69921875
1096.36327583132,48911.5
1614.59886726527,51416.5
1098.44640933522,46043.19921875
1986.37449195976,90772.796875
1954.40935184609,100020.296875
1803.3862936402,66073.703125
1110.15579364154,35381.19921875
897.65379013244,45166.8984375
1848.3723546375,49834.1015625
1932.62710823911,89714.8984375
918.570660165567,31002.0
1089.48706419047,42636.6015625
1994.84824781468,69492.703125
995.625550182231,64078.6015625
1141.92925963416,47037.6015625
1775.89180482999,33484.5
1846.86591410213,57005.80078125
1215.22450798642,67536.703125
1108.67931262886,72248.0
1086.42696067501,47637.5
920.47982796517,50683.30078125
969.007460941212,52260.19921875
1402.07603687607,40375.69921875
895.802313904426,31304.099609375
1088.28779229301,21398.5
1133.14332332525,63078.80078125
946.820708090964,40820.1015625
2020.93419356331,89333.203125
962.897388916125,57476.3984375
1034.10950376449,68711.1015625
1061.91661852345,40959.3984375
1217.51546479647,60083.5
1158.46279533705,42276.6015625
1128.00843933268,47868.6015625
846.978204164732,20921.19921875
1023.23553350931,54012.19921875
1397.63824081126,53771.0
1281.69700406918,47176.80078125
1112.40431707558,57879.69921875
1711.2897185026,61440.6015625
1779.94112946294,30255.30078125
1467.24445841879,46138.69921875
969.783958310179,42926.19921875
1925.07775401392,74225.3984375
1062.48506983889,40651.3984375
1841.07270022602,46424.8984375
1822.25823134522,90017.203125
2108.84345206565,105876.6015625
1666.37493666711,87366.0
2358.6412746286,79660.0
1564.28246144887,70401.0
1948.30941482682,116828.203125
1890.11064745115,56072.19921875
2088.29901565298,87445.1015625
896.551413345573,31242.099609375
1905.68224859067,94226.1015625
2019.21636576369,52677.3984375
1807.09102807528,92143.8984375
1052.93332803528,50432.19921875
1352.0345013274,67154.203125
1191.2732617603,54207.80078125
1616.81988139779,67015.0
2223.51603110121,54727.6015625
1936.89606178939,54215.80078125
1086.87212131526,53717.19921875
1405.81284693396,47208.69921875
1145.38162128695,22653.400390625
1061.10581805786,32971.3984375
1479.5989191395,61314.1015625
1531.07784353554,50274.5
1935.89681703976,77770.1015625
1288.0358376542,60894.1015625
1464.48706859365,66774.1015625
1094.54677094207,102714.703125
1942.4818978541,47382.69921875
1057.02898412341,55071.0
1229.15356994098,70418.296875
1079.81938237523,53128.80078125
2197.860433292,102051.0
1490.79186364377,50949.5
1816.6459997159,42004.69921875
1108.16042260563,55286.69921875
1557.90119448783,60515.19921875
1656.60078160392,53555.6015625
1036.19118941041,28370.30078125
1241.86620844979,47814.8984375
1764.49994691479,53858.6015625
1653.24498094064,31070.900390625
2083.01010184669,94059.5
1195.53263717321,66605.6015625
1709.95791191365,72402.203125
2076.43103521163,115629.1015625
1241.82555705282,57354.19921875
1781.13616916016,56576.19921875
1731.99453302934,58276.0
2138.82703148101,71995.0
1011.06851470943,75634.203125
1999.49876762802,66790.703125
1054.0132073367,52984.5
1017.83903271816,38849.69921875
1961.56555694443,58683.6015625
1425.91290232222,57777.6015625
1798.94415400147,56181.5
841.567057733299,9487.900390625
1144.42113458156,52662.1015625
1486.16985549516,38155.5
1713.51607857225,64339.80078125
1108.25909969526,63940.69921875
1142.00265489608,33705.0
1561.30878391711,47892.80078125
1846.92861748978,58926.0
1529.58699531681,46992.3984375
950.916364179087,13988.2998046875
1598.05853776727,73758.703125
1754.69482996569,73974.5
1857.9091723666,69492.3984375
1012.64812775935,62123.80078125
1116.91127620208,78951.296875
1728.60409514837,58388.80078125
1056.75344561353,52619.19921875
1794.5922270519,70651.8984375
1032.04775400914,42679.6015625
2152.8260361131,96210.703125
1047.522125917,33669.19921875
1120.77215655099,69820.203125
1661.27023494461,45804.30078125
1552.17502757331,132153.09375
2182.72719899761,95078.796875
1150.07179013404,58086.69921875
1096.43277301408,70556.203125
1772.0893956685,40035.8984375
1797.06672770361,59935.3984375
939.286834808724,42224.1015625
1466.75018198111,61114.3984375
891.20302598864,15034.0
1238.72847747218,11485.599609375
1581.86814440428,76779.703125
1726.83213973525,39323.19921875
1406.76019154389,63406.5
1646.8316383568,56508.80078125
1238.96937876436,70535.703125
1984.26351503328,85987.0
1217.34717915038,54273.0
955.743411291594,36033.19921875
1058.81920482174,48407.19921875
1038.99324008537,34001.6015625
1427.6496636492,60392.5
1954.6015828356,111339.1015625
1186.21956918798,33686.30078125
1220.15490988355,48993.6015625
1610.05259322608,49058.30078125
1247.66365452612,27140.19921875
1045.57865502078,37145.69921875
1055.02035961834,31032.400390625
1560.80982978444,57002.19921875
975.958515701965,50507.80078125
1097.06504145408,70746.3984375
1166.94713169254,55255.1015625
2003.56413007237,50692.8984375
1052.9065983496,55739.19921875
2008.27434618372,38238.6015625
2107.18442957453,43735.1015625
1618.02093527429,70131.5
1392.55213849505,71776.296875
1158.78321744412,53188.0
999.338080775626,20708.0
1472.21439797598,65671.296875
1881.44666533315,80011.703125
1159.64491568619,72342.203125
2129.60684915351,113313.5
1156.50829844548,43034.1015625
1261.24200072985,75322.1015625
1885.74257131648,55349.5
1242.8597731412,53459.8984375
1327.62105428643,56043.3984375
1000.38632994899,37942.69921875
1313.82998433418,53926.69921875
1779.08009946301,49517.1015625
2279.99875265631,107722.296875
1107.88521821683,25975.19921875
1033.25626992289,28369.69921875
1068.6581793727,44986.5
1054.58522261023,39024.19921875
1433.56293836347,51558.3984375
1737.44527280768,53174.0
1823.84129697954,56327.8984375
1893.36409569301,57971.30078125
1326.94033829114,70974.703125
1208.49219115347,78285.3984375
1079.89322313192,32565.400390625
1055.56842954844,46259.80078125
1480.49670245723,57783.6015625
1036.34087565021,48038.19921875
1778.45106086004,25039.400390625
1693.00271541919,57117.3984375
1209.2057623874,48589.1015625
949.956322968459,31979.69921875
1016.61013541908,21412.099609375
1155.6006028693,60688.1015625
1089.3024066119,46364.19921875
1609.17307519356,71538.796875
1367.41977428301,58438.19921875
1015.01671203156,59987.5
1116.15749906594,42964.5
1681.59515381365,64575.69921875
1594.16625003769,63476.19921875
1564.04267389359,43404.1015625
1259.45400750532,58800.5
979.660131673707,40308.69921875
957.397087845585,54709.6015625
1504.077631163,70415.1015625
1491.29438173453,63952.5
1278.90742724754,43284.3984375
2248.22718001643,116034.8984375
1146.23062292832,5549.7001953125
996.666225944657,59603.19921875
1681.41550805115,51028.19921875
1013.84305608288,48527.1015625
1045.68245530017,58869.0
1270.35036387225,66994.796875
1795.10866685395,73010.1015625
1141.1871767355,52389.30078125
1966.3895969673,65602.203125
1070.30439388944,51663.8984375
2168.8872359953,80247.0
1754.37730357457,96364.1015625
1367.69208295586,35243.6015625
2217.03853727173,93008.203125
905.728271307532,47318.19921875
1432.38505021456,64941.5
1873.5663085003,51958.30078125
2104.07955383556,97560.796875
2001.95255277332,68698.296875
965.93098549328,66982.703125
1295.97132446377,58835.8984375
1053.85850928084,37972.3984375
1460.39987690599,63481.6015625
1119.14487556161,52172.8984375
1807.24895596816,58595.5
1973.38074625657,95163.1015625
1498.25880133813,62082.69921875
1906.93097040663,62504.6015625
1123.5645177149,39745.19921875
1538.87611795862,62727.69921875
1111.31519375786,50926.5
1568.97697386989,16134.7998046875
2173.71394898674,129242.296875
1817.2643464446,68129.203125
1424.09060600107,75326.5
1607.76241603186,53588.30078125
1838.86271208884,72333.703125
2136.13735685958,83497.203125
1949.40800490822,63799.6015625
1009.92348179916,60666.0
1094.27524188505,50485.19921875
1452.0213455563,40919.0
1583.91808854846,49958.3984375
1080.76494500612,63646.19921875
1190.65847898969,102743.203125
1008.03558637441,74110.6015625
1190.14036858229,15462.0
1011.29694214829,13957.2998046875
1762.46459272404,60601.5
1794.93826510775,46204.19921875
1178.94308050409,45716.5
1693.03512516307,57334.3984375
2326.46029230307,147834.5
1657.71128867018,48438.8984375
1313.95539110949,52240.30078125
1711.91942534771,63825.3984375
1293.63592955128,54099.19921875
1355.5443318044,36799.8984375
1162.78621062189,44469.3984375
2111.19365967896,77529.296875
1316.64339512555,42468.30078125
1106.62747513195,26630.099609375
2139.76301597452,118519.203125
1028.27675222832,60165.1015625
2099.96184575675,71526.1015625
1074.25359357478,55425.6015625
1217.94993356244,69999.703125
1062.49074989709,48726.3984375
1807.15484519983,68918.6015625
1584.18326930513,66375.8984375
1122.17423993853,57584.8984375
1678.9322088779,61081.3984375
1188.81312831465,39679.5
1806.09211744672,67493.6015625
988.270654420349,40467.19921875
1638.72218584294,82120.6015625
1307.17072864208,39419.69921875
1276.34850533856,40341.80078125
1999.46736024734,22323.5
1276.78297410453,52610.80078125
1945.27470451277,33692.19921875
1091.54703196677,38913.69921875
1006.20048207888,41011.69921875
2251.12556893353,98359.1015625
1085.58375046554,65208.1015625
1754.0073201753,51779.6015625
1988.46297140079,76380.796875
1586.06359131894,58760.80078125
990.973137016158,38840.8984375
999.544456223804,62445.6015625
1222.39808738045,72931.8984375
1659.01469496809,42947.6015625
1950.57208271953,75405.6015625
1098.25295323512,56308.1015625
2178.0809113845,103495.5
1989.74956027146,92376.796875
1385.01436713365,48992.0
1256.65273644619,58338.3984375
1124.20068423405,62701.30078125
1149.41891756134,48206.8984375
1873.97683192285,100170.6015625
1998.46767000296,62786.30078125
1433.6926887127,52690.19921875
1007.29038501243,54245.30078125
1095.18973125633,42077.19921875
1949.62540635174,70474.3984375
1652.75237510832,57007.0
1083.86347244473,11930.7998046875
1549.86446899376,50013.8984375
1069.895986567,48802.1015625
920.003705439018,53084.0
2050.63443831047,96500.296875
1705.13053068008,60306.3984375
908.833926662329,47826.3984375
1157.52335825913,43634.0
1487.99204044262,33694.8984375
2028.95911344621,84585.796875
2121.87506482356,47077.19921875
1862.19839592852,70591.796875
1030.72307533638,47514.19921875
1623.09567747408,45983.8984375
1027.82234757178,41240.19921875
1628.45587044219,67693.796875
1017.36213057617,53682.5
1846.32163087749,78043.296875
1004.24108474494,45795.5
1036.00452710542,45418.3984375
1085.99327152488,56401.30078125
1213.34919778867,44045.8984375
1000.94976944836,42052.0
836.621007832676,10768.599609375
1728.6625663358,50822.8984375
1051.40828809362,37125.30078125
2118.93301741985,40001.19921875
1046.90700902532,47832.19921875
1753.76463690407,54380.3984375
1959.05497121705,92729.0
1025.82296708301,43871.19921875
1023.72524362568,41728.6015625
1214.88559784675,36057.80078125
2191.20808276871,75186.3984375
2152.02592752178,109921.6015625
1477.4605442852,80579.6015625
1077.20566461061,43827.80078125
1699.45526154203,73912.3984375
969.822159485961,30147.099609375
2069.9829440364,65127.5
1914.47275122088,77957.6015625
1667.9997674353,63096.1015625
1827.6992816125,62790.3984375
1053.26756047996,43027.1015625
1030.00738800233,42267.5
2209.54175142837,101362.0
1095.13805386402,56739.0
1841.90455031908,85698.8984375
1621.8564224218,50447.80078125
1263.84903607304,48528.30078125
1205.30779459961,55994.0
2198.71934719181,81543.3984375
1048.81372660374,60440.0
1987.43989268144,64536.8984375
1191.01988661481,18878.400390625
1684.77142008811,67972.0
1274.086505688,49248.80078125
1011.03933480256,47257.8984375
1595.6446244031,37292.69921875
1180.43782680198,57727.30078125
1783.61312003305,99526.203125
1718.46185003865,67338.6015625
1082.35157459853,50796.8984375
1639.86087045285,43763.80078125
1689.40100164767,55272.1015625
1056.4947245309,13859.599609375
1082.87948589069,58198.80078125
1136.2875139769,56500.8984375
2079.56910031031,92487.1015625
1900.71275452823,67625.0
1257.06860580587,48928.6015625
1531.68583251104,86600.5
1837.94632936483,68258.796875
1365.49958048806,77788.3984375
2055.65048657546,93545.0
2098.35115944723,108817.5
1004.05464518733,56795.8984375
1533.62852379143,31974.400390625
1269.61307004228,42635.0
1009.4106059552,36897.80078125
1755.25615336494,85701.203125
917.074131888629,16763.80078125
1597.86641815145,63150.19921875
1987.73302823438,74357.3984375
1635.97793811326,46552.19921875
2065.88639695875,84391.3984375
1502.34376555198,54234.30078125
1878.21616007149,73878.8984375
1842.8739469197,78435.6015625
1859.04897071342,64515.30078125
1198.54451588075,44243.6015625
2270.16156008439,65278.0
919.702550980371,40909.1015625
1067.03446234141,68763.6015625
1793.79356631856,43233.3984375
1213.91831734625,54175.6015625
1778.67815181462,57467.19921875
1220.18731962744,75504.5
1429.81432269441,50928.5
1034.5193589449,13441.0
880.435194860345,17214.69921875
1309.25274840907,63094.80078125
1936.72677378009,78095.703125
1541.98455765567,39026.0
1554.86514768949,37144.3984375
1251.87658711016,65827.8984375
1103.47159024282,41409.6015625
1564.11038909731,45425.19921875
1302.38433292655,48046.19921875
1516.46060354844,36739.5
1172.15875215775,49957.5
964.468760312963,43365.8984375
977.000305201293,39386.80078125
2354.5222300655,134416.0
919.869722889553,43285.5
1505.42157748419,78465.3984375
1049.56182368167,52531.5
2152.47699096761,84477.296875
1025.05816395153,53066.69921875
1889.41411639184,72467.8984375
931.227333394981,36296.5
1286.45344026202,39277.69921875
1648.09506149988,98148.796875
1108.53241073132,45794.3984375
952.508451082326,63955.3984375
941.306596682823,41243.3984375
1213.52527959308,73533.296875
934.334046799836,54521.8984375
1965.45116225259,74946.1015625
965.502642280279,59960.6015625
2345.34459248771,111286.8984375
1039.47326069069,57661.0
1303.79142813015,64824.69921875
1354.44162089646,44840.5
969.628592012171,8525.0
2030.978986694,100842.5
1299.68173895704,38106.30078125
1040.78156743097,51163.0
1138.17819374391,31460.80078125
1474.99428528657,90850.203125
1011.80591991309,50599.6015625
1050.5874639959,44565.6015625
983.704110369518,49267.3984375
1585.16870371716,101695.296875
1824.13465527987,81394.296875
1323.93981970001,42912.5
2036.23359740367,53328.80078125
1225.56889634409,38311.6015625
1847.45107147111,49977.3984375
941.984416962159,43677.0
1907.58250649505,57188.80078125
1058.96922518261,55871.5
1183.55551051533,15034.2998046875
1268.79937386075,70449.796875
2108.35518980726,100327.3984375
930.627530385719,37919.5
1467.52356088675,43537.1015625
1773.67001108164,65551.8984375
1069.19422094425,54130.19921875
918.841855101516,52733.30078125
1588.40054546309,61289.19921875
1591.21885669685,42420.5
1196.2639168239,70146.203125
1030.36311556924,69983.6015625
1313.65111818751,74298.3984375
1141.13416285891,54045.80078125
2013.30264555465,87577.8984375
1120.60788035776,12961.099609375
1287.78847668798,36790.5
1115.93731328016,43266.6015625
991.992094908969,47053.3984375
1768.14765802041,77195.6015625
2177.45298651843,99432.703125
1064.97872676533,33845.5
1076.14249136274,50921.8984375
975.423587867319,55218.0
1388.32806854198,67599.796875
1077.6204202334,20316.30078125
2011.5598700484,72885.5
951.945011582957,38502.8984375
1754.6417047154,62410.30078125
1681.54169444229,74881.0
1485.84765140904,50309.3984375
1149.06252175229,72741.1015625
989.859400112878,44810.3984375
1104.40401077824,48396.0
1306.65362059789,60504.30078125
1861.46745039889,93526.703125
1610.59899255083,62303.80078125
1490.77482346915,74000.703125
1182.89695788442,31807.900390625
1423.93913778223,42735.5
1909.98038204781,89424.203125
1880.59376561262,48358.19921875
962.893824958035,61792.1015625
1013.98349830638,54545.80078125
1229.50428569183,50609.3984375
1247.16826435154,45963.1015625
1257.10001318655,65469.80078125
2424.1022748558,99765.8984375
1150.84984673467,44903.1015625
1188.56075553236,48526.0
982.459954874864,27303.099609375
1282.27469940092,56400.3984375
1598.33752886154,52989.5
1220.87416117569,30166.69921875
1935.31366439721,83628.0
971.872103630139,51002.5
1230.53527194319,85063.203125
979.979774164949,43100.19921875
1795.10398915896,90754.703125
1131.57384528115,39040.8984375
1391.50355520061,52095.6015625
2038.20402073296,88048.703125
1415.40601975036,44733.1015625
1037.27752838587,39633.69921875
2018.64056378469,78012.6015625
1161.08375239153,45667.30078125
1960.30525226468,76571.1015625
2240.7887539868,112789.3984375
1031.21735177405,45357.80078125
970.696331581346,52267.80078125
944.988499511377,59914.5
1223.29230674009,54045.3984375
2192.16032782101,301141.8125
1256.99053284895,78754.0
1928.39668998569,75762.3984375
1160.62400179786,46882.6015625
1009.87280677006,45008.3984375
2157.38099730013,90505.296875
1883.08452682311,83531.703125
1462.64806621895,79236.3984375
1144.07932872594,61363.5
1882.42564007113,44053.69921875
1104.34943766998,50936.19921875
1977.3369624844,120062.6015625
1812.47828485013,49747.8984375
1339.69006423882,37820.30078125
1102.81014189596,34873.1015625
997.968184384591,36826.80078125
969.807903653599,42055.3984375
1349.69910641491,58132.1015625
1972.90963554648,122126.0
1734.39775451924,63842.3984375
1054.16244808174,55624.30078125
2070.08228936817,76536.296875
1103.07031083656,37318.5
940.451580862174,32852.3984375
1190.45254903628,58973.0
1142.76322582733,59603.1015625
1050.906438245,45823.3984375
1588.79970876923,73956.203125
1130.61547467587,44759.8984375
1937.08428332604,39020.69921875
1628.10660254932,42986.30078125
1020.28279423134,39031.69921875
1093.55209251375,37687.1015625
1035.13447583658,45633.8984375
2019.72668001277,80042.8984375
1296.33919176292,47760.3984375
1045.91945851318,32682.599609375
1218.04716279409,40336.6015625
1217.36900839368,77742.296875
2106.88327511588,76260.3984375
1257.68840039255,28751.599609375
1713.07704348498,65414.6015625
1164.72433558098,32114.599609375
1967.39619238048,94227.0
1045.22047723269,55088.0
1606.17612056052,87209.0
998.21543397712,33588.30078125
2032.10965239821,101548.0
1193.74063449583,89313.796875
2029.83852010504,110938.0
1735.62587220249,94485.5
1272.00838400017,42169.6015625
1110.26594222128,71815.8984375
1700.4217624267,20048.400390625
1103.17444523702,62657.0
2217.60698858716,112793.296875
1761.70257393482,66590.5
1586.26250472987,77428.703125
1240.98268096442,54831.19921875
1401.66974565376,55154.8984375
1016.34105658325,48370.80078125
1285.87184685113,38393.3984375
1450.52058507913,25941.099609375
2018.5759670443,77499.0
1330.23733364592,51058.80078125
1664.83285655082,65125.3984375
1503.68626401519,59543.80078125
939.313230373332,29803.80078125
1709.63281211159,82222.5
2231.34025559413,86939.3984375
1926.17278013722,72156.5
1343.60006038517,60521.8984375
1692.12030167072,46354.5
1118.82801741263,41608.30078125
1446.55144950322,39354.69921875
1083.49560514558,35579.0
1209.95486182855,47796.69921875
1006.37767762019,60811.30078125
1174.07003605747,52607.8984375
1104.58822286205,52834.80078125
1389.97862663264,43402.8984375
1846.03874170406,62643.1015625
1155.61485870167,35682.8984375
2024.59059181678,63481.5
1614.11305522806,57534.1015625
1352.2049030736,38167.8984375
2013.72230161981,83300.6015625
1947.29368677103,83459.0
1530.71042173115,53661.69921875
1723.33589684848,51751.8984375
1086.33218166454,34223.69921875
1465.9753552175,40972.0
1404.36766192826,54390.80078125
970.114404049382,48272.5
1537.28191495526,82055.796875
1867.8386937278,85360.0
2191.17266593518,92481.8984375
1308.95125982936,28916.900390625
1444.3361154289,24103.5
1812.86040798165,79061.796875
1271.87829952986,46515.69921875
1004.7240010662,53313.8984375
1614.01571462271,81345.0
1029.93577471945,29805.69921875
2050.14728978897,64493.80078125
974.540839997779,28163.900390625
1787.35917410724,58084.6015625
1071.52827937245,65009.80078125
1138.76546721301,56131.80078125
1174.64606078385,60333.3984375
1881.60058377318,44668.30078125
1078.62155833575,16462.5
1045.37272506736,56875.3984375
1152.74052650168,31123.0
1813.98728698039,80343.3984375
1544.78449223052,65415.0
995.313369728242,68195.796875
1078.74741060582,49398.19921875
1319.62676216837,22320.30078125
1603.40302704504,72965.703125
1583.25418998042,46956.3984375
1265.24254368643,21324.19921875
2085.49418063576,135217.296875
1171.27522467238,50033.19921875
1954.17413061212,94623.8984375
1063.64012638128,68389.796875
1910.12784081381,79567.8984375
976.224476074468,48187.1015625
1283.15889512843,61263.1015625
1022.39020719972,40222.80078125
2031.29083302691,85913.0
1828.186430134,66040.796875
2238.01554909763,112596.0
1489.78905493606,49434.3984375
864.263400903643,15807.7998046875
1455.87186815201,55526.0
995.528989192717,74604.8984375
1022.61685265954,44333.0
1183.08584766322,79559.6015625
953.845603608405,47438.3984375
1301.40212835154,69852.296875
1652.943826482,48287.69921875
1129.89945322076,54473.80078125
959.370852385578,50940.69921875
989.393635339926,54786.8984375
1770.71404196664,90875.5
954.980390139157,54802.19921875
1501.79814584306,50708.80078125
1389.60507927528,72160.203125
1697.93166945834,45582.6015625
1909.46427636683,86794.8984375
1062.8061601881,63003.30078125
2203.84053222047,112092.6015625
1917.9605297072,64816.1015625
964.804106494541,31779.400390625
1049.03469200535,28853.099609375
1723.41107408945,49390.5
1127.30667370992,59463.6015625
1950.42016900592,91641.1015625
1645.10167082493,56189.8984375
1655.75289369945,52528.6015625
929.487732038902,39937.0
1012.72297087925,41337.69921875
2066.83953300058,34595.5
1670.5608054444,58942.3984375
1053.05194101548,51699.0
1044.68911335613,38616.19921875
1766.51180125688,63550.5
1990.74925051584,65629.703125
1043.97309190101,39164.5
1727.48545780272,63633.3984375
1132.28797338353,51670.3984375
1595.52055411208,47980.6015625
1787.2133859466,44881.1015625
1722.80987890906,58724.1015625
1103.72073318808,44373.1015625
2119.50057774576,49377.19921875
1208.50254890667,71014.6015625
1527.13677412959,55051.1015625
953.592562583979,49381.80078125
1621.23206151382,73156.1015625
1129.82461010086,56173.80078125
988.453418646177,41846.6015625
1059.52698462377,34042.3984375
1642.32389961446,79280.296875
1994.78365107429,81970.6015625
982.606077156574,38512.3984375
994.941270228856,60395.3984375
1000.22550634016,37613.69921875
1030.36556579042,48442.0
1069.59694820847,60100.5
1750.5838043083,53611.30078125
1797.6081152123,101438.796875
1511.9828243288,39285.1015625
1990.10996553336,61874.19921875
1990.87220706997,83519.296875
1650.54138460793,48342.0
1838.19937038925,75695.8984375
1140.55746989039,92725.3984375
1022.23940722302,17118.599609375
966.17188678546,38767.8984375
1539.2585752112,52170.8984375
1022.76542516244,44966.3984375
966.117090929818,32344.69921875
1837.15914012159,96110.296875
1988.65475689554,123444.796875
1084.65678724094,60919.5
2119.4783030077,128314.8984375
1723.32698695325,83425.203125
1807.89548024052,43550.69921875
1059.56295832575,24768.400390625
1122.31568452525,17874.69921875
1448.30948320505,71931.5
1059.4702954154,43804.30078125
924.408757638873,39702.80078125
1535.08261869235,75923.296875
2017.46980355197,84609.1015625
1885.96932814999,118210.1015625
1164.83192256583,58470.8984375
1580.13071483517,53176.30078125
1010.29591541962,56567.69921875
1664.08186375694,46387.69921875
1144.68275138014,59405.1015625
895.39279284509,29393.099609375
992.816817085849,51777.8984375
1234.27497771703,52746.3984375
1342.64068741668,47759.0
1013.23651496535,37245.19921875
1068.86878702111,57889.1015625
1593.23783895511,60011.0
1464.5854115622,50006.8984375
852.547946731192,57959.8984375
1048.03889984013,40684.0
2024.90555661303,84240.8984375
1071.93635257381,55837.30078125
1005.51976608359,45489.3984375
1032.02714987643,55488.1015625
1348.25926734635,58086.0
1330.81469485658,47949.3984375
979.455538204575,51425.0
2112.77382959733,114783.296875
1455.25073708105,55230.5
1075.61391182845,30186.900390625
940.354574377899,42585.69921875
1992.41161421768,76581.203125
1180.29738457848,58683.3984375
1692.4509701573,51588.1015625
1315.34110256455,50133.6015625
1634.21979303774,54288.3984375
1238.96692854317,60457.5
1743.73710669539,49424.8984375
1563.39503588433,64593.69921875
1137.26615459381,55573.6015625
1198.21095167822,13385.7001953125
1200.36180038583,66279.796875
1569.41745681513,72699.796875
1229.38377935889,83776.0
940.709967823735,49761.8984375
1053.66817164407,45999.3984375
2127.21832899073,82647.203125
1758.16356355096,70950.0
1316.48546723267,63409.30078125
1000.17026498976,49074.0
1145.50457784107,70482.296875
1494.04898721742,30788.599609375
1108.40199213995,50252.5
1115.21171368768,44014.5
935.395326694972,36747.19921875
1631.92248792734,63589.19921875
1120.25716460692,52024.6015625
1037.61677264661,39467.3984375
1932.27048968268,88495.8984375
1880.88289171271,81474.3984375
1584.64558149368,50054.1015625
1189.43960532274,67146.703125
1076.20486062933,56727.1015625
1544.921704617,70668.703125
1214.44478078043,54198.30078125
1028.01480130867,67466.796875
1787.34603201178,57464.3984375
1828.75243122825,56992.3984375
1446.47694050439,70855.203125
1107.8129366918,59261.5
974.297711231793,46434.69921875
963.284412490015,32617.099609375
1142.92638828366,47500.3984375
1235.75402032459,40448.0
1207.16005044346,49774.8984375
1522.29302096353,39790.1015625
957.84692618082,51353.69921875
1436.31542774624,35694.80078125
1014.94933094891,41320.80078125
1480.03160592642,42086.0
1143.99423922653,44915.19921875
1081.86297821906,88311.203125
2035.24036683333,58632.0
1030.89269746675,44703.30078125
2064.39643972954,55938.30078125
1831.30990527925,47793.0
1974.0425287245,43099.30078125
2132.87254850131,109375.703125
1137.52988749251,46616.1015625
2011.37187125913,122249.1015625
1943.85157149775,82567.203125
1318.18157716267,32473.80078125
1138.96226452382,53708.5
1591.36041265725,54345.19921875
1042.94099191274,52962.1015625
1823.75041604823,64135.3984375
2055.17247069657,78560.1015625
1752.99192624057,48945.1015625
930.264340781559,35284.3984375
1069.64183180568,19657.400390625
1849.13760326375,55127.69921875
1498.88561246729,61658.8984375
925.444811393149,38712.69921875
1084.29894357392,16920.19921875
1339.46375290008,43154.8984375
966.836230848266,47451.6015625
1087.80799443508,43581.3984375
1492.84158504057,80495.8984375
1917.89704670371,76926.1015625
1188.07995531122,22167.69921875
1304.8053742069,46764.69921875
1216.09912557656,66167.296875
878.004241321555,29394.400390625
1090.74614375963,67093.203125
1539.52186261514,56240.5
2110.30979807251,31054.5
1598.66396514789,76267.0
1335.08153230674,54874.30078125
1447.89149774525,66401.3984375
1834.413778655,58467.80078125
1300.21065261241,51195.30078125
1266.33879492033,53171.1015625
1006.53516001831,56531.0
1398.65073903003,90984.3984375
1234.21049235033,69001.703125
1218.41636657753,40001.8984375
952.831991652729,18717.69921875
957.209645924763,42445.6015625
1192.10188201634,54988.3984375
1289.76402320702,68952.5
1377.2998457257,43773.8984375
1147.02282398762,29581.900390625
1834.61803800306,64879.6015625
1775.03756862518,66010.703125
1632.81247508675,57533.30078125
973.671568344769,35746.0
1855.03016247162,79609.296875
1462.68114420498,90488.3984375
1148.09234553584,46464.69921875
1881.2584437965,46598.8984375
1107.89769207014,61195.6015625
1860.17228575407,20153.099609375
2353.44970142765,158468.40625
1797.20572206914,75809.0
937.861251572525,44218.8984375
1053.43005469415,38404.69921875
2073.35868059024,106654.703125
1219.11245214208,46812.30078125
1931.98604127759,46546.0
1137.56162899425,48330.3984375
1858.2673501547,101908.8984375
1375.37419461993,53566.19921875
2055.01855225654,83547.203125
1794.67987814619,57372.80078125
1401.65727180044,48992.3984375
1633.99526367804,56854.19921875
1764.2073682303,60340.0
1037.06369090044,12902.900390625
1000.18062274296,36894.1015625
1719.52246169165,57714.6015625
1217.85860713637,103594.8984375
1797.89178400156,56290.5
1284.16649290483,53117.3984375
1823.10032781779,71092.3984375
1870.27722067753,74277.1015625
1779.41366366555,70963.203125
1069.93051241101,17865.099609375
1040.75773346124,44231.80078125
1683.88822672381,80882.0
1033.86826835124,29616.900390625
1012.33449944739,31776.69921875
885.029526646912,25853.30078125
1121.55154963591,46078.3984375
896.532201383991,25033.69921875
1193.29369187654,51925.6015625
992.98710745836,41738.8984375
1013.27571850435,49624.0
2155.57028384278,32586.400390625
1066.29026334263,49264.3984375
1326.71302458918,38014.6015625
1064.77591527524,51646.19921875
1248.32621660988,40623.6015625
2399.73527064369,118830.203125
1263.54364941417,31024.30078125
1911.96550670422,86521.796875
1805.68293050846,72082.0
1561.41458892292,62904.8984375
2176.26440649525,95820.703125
2265.9756913071,98274.203125
2154.53985445987,137455.0
1361.08483877715,56600.80078125
1952.8363098439,82549.5
1474.33885111899,69876.0
2278.40945009533,113003.296875
992.274761335022,41242.19921875
1109.95264803039,58453.3984375
1047.22342167955,49038.69921875
838.574725108411,29657.69921875
1685.03225727086,21643.5
2209.47448171941,52243.1015625
1319.99741380978,51464.6015625
1260.39444694645,80925.8984375
1274.06300583934,75414.5
1748.96008727701,65627.3984375
1589.84996266902,43807.8984375
991.405823803083,40670.6015625
1015.25159914446,59763.69921875
1294.15983139058,70321.296875
1185.19715871077,46903.0
1311.18441369412,67202.8984375
1553.12872048359,52914.69921875
1050.42496978172,46477.0
1212.6638040984,39395.6015625
1052.19870717388,31434.400390625
2089.38958682867,96000.5
2043.69229344494,86160.8984375
1234.2545963317,59735.19921875
2049.2545182873,105540.1015625
1303.03943297305,79349.796875
1026.77632587222,62224.30078125
1129.88519738839,29683.0
1669.30629219654,57341.8984375
1803.37816336081,52068.69921875
1235.39083072043,71015.8984375
1128.5101778076,57947.5
1106.36340811218,70033.796875
978.929854386227,33543.30078125
1408.13587936682,144803.796875
1312.18944987564,62755.69921875
1050.46450744178,47322.69921875
1486.99201607716,66785.5
1853.5611434962,64622.3984375
1893.38971164179,55560.5
965.261740988099,29415.599609375
1071.63586635731,52554.1015625
2027.57607495971,70730.296875
1132.11979911114,55075.19921875
1290.63685881812,41066.19921875
1205.28997480916,37984.69921875
2258.70187559178,87266.0
1510.57762247793,68194.5
1442.33985340346,51157.0
1564.78932311355,79970.296875
1937.35514414092,82766.296875
2097.31672061146,73157.796875
2049.01974254809,92035.5
1050.60138570719,61948.80078125
1846.53947781578,84931.703125
1153.01595363786,40970.80078125
1274.04485192782,51190.5
1406.53633042633,36997.3984375
2016.28300550783,108805.203125
1411.4432324748,96173.8984375
954.458270278899,35747.1015625
962.851057460949,47402.5
2121.17029211116,75740.8984375
1342.14986356341,50309.30078125
1289.12930454584,22312.0
1092.76189618087,48741.3984375
1038.84990214592,45576.19921875
2240.60521014514,127462.8984375
1067.7968152517,51865.6015625
1717.3615893519,72475.203125
1291.19461825929,23626.69921875
2057.39883076623,65748.5
2069.27327088163,88558.3984375
2112.86448778126,96152.703125
1006.65889618827,36898.5
2113.19192643082,154486.90625
1305.13147637218,50038.1015625
1600.6548812362,83127.0
1858.46225411277,58042.69921875
1068.22805418065,29960.19921875
1976.67807573242,61359.8984375
1094.59198866034,48454.6015625
2018.76530231786,110212.703125
1669.19692323264,53743.5
1184.03842683659,59633.3984375
1431.66156672219,82194.3984375
1236.41613691359,48171.3984375
1468.66970753391,63436.1015625
1091.22939420196,43714.1015625
1188.59461313422,60567.1015625
1952.3077303096,52669.80078125
1805.01647034554,84477.6015625
2112.29380899202,112533.1015625
2122.13144705869,68731.6015625
1161.49149147183,48597.5
1475.10732958226,47586.69921875
1405.70058225411,45656.1015625
1704.7997508198,73617.3984375
1811.18100410519,81115.8984375
1653.27672244239,46852.80078125
1116.59408393203,71179.6015625
2191.06396521342,107897.796875
1236.40121283908,18803.80078125
949.760639394553,38834.30078125
1165.35125808383,40046.1015625
1383.54423442132,30907.30078125
1050.80809527644,34852.1015625
1675.81552752776,78946.796875
2190.37701229148,74568.0
2122.8602764882,78246.1015625
1979.44660292659,61562.19921875
1150.86510493025,54043.1015625
1277.36033531519,23136.69921875
1697.39139568656,60944.5
1157.68050653618,63337.8984375
1143.41431642099,82995.296875
1026.6188434741,57242.30078125
1669.42924875066,59357.6015625
2447.05171473742,101728.3984375
1000.77936770216,67085.6015625
1657.04984032332,71733.296875
1009.05098030913,43017.1015625
1825.44296202015,92297.796875
1183.50249663874,28851.099609375
1366.16604065098,47522.1015625
1104.71407513212,44341.19921875
1047.79833266902,44447.8984375
1759.3375536207,93190.203125
1811.55210124137,55791.0
966.945265691098,59109.3984375
1220.93007076823,14814.900390625
2125.19600552176,75499.8984375
1005.0775011593,43478.80078125
1327.31176954839,75872.296875
1087.49971206025,52391.1015625
1134.03074888978,43972.3984375
1674.4309298096,61270.80078125
1797.54853028797,86605.6015625
1035.38506663982,41395.80078125
2012.10025519387,64269.1015625
1966.74131508135,70267.296875
1874.70543860497,105073.6015625
1808.9147722544,71236.5
2036.66951402762,84157.203125
1924.13709182541,74976.1015625
1771.34274644854,65321.69921875
1114.48110227912,45727.0
2045.82777258329,119279.3984375
1290.99815506955,80244.8984375
1308.43092194814,91307.296875
1106.15636442186,76950.6015625
2134.54070363504,66144.1015625
1113.63421673787,46593.8984375
1932.73402698183,60767.30078125
1720.70747775674,76959.1015625
1822.02657406934,51094.6015625
1196.5736470567,25276.30078125
1103.59777663396,66837.5
961.288595959337,39745.6015625
1042.99021908387,56153.30078125
959.176282548575,35503.1015625
1448.79997293725,44436.0
1059.27138200447,37242.19921875
1000.50750452407,56383.69921875
1160.42542250801,43352.0
1419.5084696336,29903.400390625
2074.64660594519,95595.1015625
1520.47395447941,45885.19921875
1190.96854334357,43592.3984375
2021.25606352836,74426.3984375
1126.25463783108,58664.80078125
1900.98851578549,83541.1015625
1880.53562854627,54280.6015625
1149.13302129827,75189.3984375
1074.00589848749,47241.30078125
1042.55931427599,94240.1015625
1929.99334321024,52047.30078125
1985.91518686085,71136.1015625
1911.87774423624,62725.80078125
996.680481777018,41552.1015625
983.175976329983,41919.1015625
1279.23575688662,51657.0
1885.06007334215,41819.69921875
1461.84940548561,44614.19921875
2310.2456194756,127418.5
1323.55780794219,68368.3984375
1955.78503966902,114650.1015625
1998.46922923462,53278.0
1308.23167441615,55367.3984375
1354.00715213049,39276.3984375
1342.32059943068,55633.30078125
1033.03641825818,63039.6015625
2016.28322825521,63534.6015625
1152.1196181781,67256.3984375
1120.46855187116,56534.1015625
1978.05443179749,53800.19921875
1027.01978875928,50388.19921875
1744.21890927974,63965.8984375
1855.45605546344,34799.1015625
2003.805588233,115239.703125
