DNA content,Total MTBP (GFP)
1956.26862423243,24561.30078125
1469.39786872128,17575.30078125
1100.25834790316,15228.7998046875
1768.28876848606,20879.099609375
1128.26504431519,46183.6015625
1990.1705528209,18118.0
1203.49229207357,15310.599609375
1457.05866619615,20463.80078125
1073.01979583332,28522.30078125
1110.67691113859,20304.69921875
1617.97783365613,18882.900390625
995.959448505835,15650.400390625
2018.35366515841,72627.796875
1278.69180778306,22343.599609375
1901.09833024415,31679.69921875
953.350993049658,13732.0
1124.27875719097,16893.900390625
1141.40992411616,17809.69921875
1618.70989292266,18745.80078125
1302.87682738518,17259.900390625
1961.33122669998,22994.69921875
1326.94323400709,18412.400390625
1336.65646766167,17422.900390625
1139.87174207904,14799.2998046875
1367.87384481847,25582.69921875
2004.09627356476,36244.8984375
2002.60186138793,27272.30078125
1270.69573368596,27968.80078125
1922.93781992796,24848.599609375
1066.10393515872,13733.7001953125
1373.62039311833,16325.599609375
970.666483432338,12840.0
1884.73218919783,15500.099609375
1284.61198766614,16250.2998046875
1079.3165301634,18140.30078125
1413.11584255615,16410.69921875
1008.04527588547,12698.400390625
1234.96816756563,49391.6015625
1113.16912020706,15711.599609375
1456.0700019471,19007.900390625
1092.02994828804,13120.2998046875
1455.86295825678,27318.30078125
998.071093674454,20698.599609375
958.910767670833,10421.2001953125
1174.03049839741,35786.3984375
1110.06179424691,17932.400390625
1823.67802314952,21478.900390625
1090.99317060477,16186.7998046875
1150.49590114681,13554.7998046875
1092.97216970821,40466.1015625
1156.56966534885,14094.7001953125
1478.85438601965,20199.099609375
1582.67215107476,49322.8984375
1037.14354583641,15140.599609375
1417.34403333576,19491.400390625
1099.80862094162,26158.30078125
1229.54449159404,17793.30078125
1065.81703653243,17792.19921875
1826.73768117021,27242.099609375
896.678657786773,9658.7001953125
1029.23690481264,15277.099609375
1055.04853716199,15154.0
1028.08853069167,15522.900390625
973.314838414648,12775.2998046875
960.127859358738,12953.2998046875
1845.75640939908,15030.2998046875
2087.70494838877,147431.09375
1014.5049499245,19010.19921875
1560.26766265992,20028.599609375
1194.18757711512,14261.400390625
1537.24527301114,21033.5
961.304967891815,36360.80078125
1405.44397727159,11079.900390625
928.022277021566,12332.2001953125
1584.26022852515,20250.400390625
1309.6301938456,15257.099609375
1044.39720291378,15911.400390625
1246.69180770432,37971.80078125
1995.569949328,29751.80078125
876.995975303015,9393.7998046875
951.281669883363,11052.099609375
1084.31932495925,19908.69921875
1162.36109724591,21086.19921875
1490.30438100121,26345.099609375
972.468064247084,13418.0
1100.85564500439,15082.599609375
1143.77182596694,16249.900390625
1973.16579503423,29092.80078125
1016.02709415021,9492.599609375
1019.23142659464,13739.2998046875
1719.20950162182,20478.400390625
1652.91598305942,25612.19921875
1410.5162692502,16775.0
1678.82885409328,24525.0
1997.72503023585,22442.400390625
1430.49192022637,14826.5
1061.72984484477,24926.69921875
850.741409787226,8975.099609375
1742.92842232991,22428.599609375
1103.61236658739,14419.900390625
1240.50121250113,15744.5
1248.77850516631,85986.5
1720.66649223869,20306.400390625
1702.3470794114,46465.0
1046.77692455502,18244.599609375
1940.90952409405,36201.8984375
1472.96138131702,7286.60009765625
962.580864888213,8175.2998046875
993.314323360544,68485.6015625
1698.37003630347,29887.599609375
1862.71583809378,21919.0
1567.51185297362,39302.80078125
1201.40915856968,14433.400390625
1854.0597635078,21758.099609375
1374.92012408446,29283.19921875
1834.95873012178,22564.5
961.293607775401,11735.5
1117.51826281437,16055.900390625
1792.00200913594,20803.5
985.929802197034,12041.900390625
1284.04531832975,20562.900390625
1029.50275381145,13554.099609375
2181.58829164031,26105.0
900.68421255942,14438.400390625
1252.89376302393,19495.80078125
1775.53897297903,23515.599609375
955.408733352158,12027.7998046875
1648.46036720415,16925.099609375
1120.82205196426,20217.80078125
1991.23974024805,26363.80078125
1385.52323352476,20774.400390625
1727.16147173755,19708.599609375
2079.03361560721,43643.19921875
1091.01811831141,12116.599609375
1542.64745386051,18891.5
981.208671464028,11656.7998046875
1519.50667397891,16156.400390625
1875.3453918296,61861.1015625
1650.59517810036,23812.5
1080.71148563476,23967.900390625
1358.64430710099,11989.5
2029.31951870811,16447.69921875
1335.71625096792,17736.400390625
1107.26185967206,21223.099609375
1680.02166631669,23924.80078125
1488.59613133896,20936.0
1660.30618428113,34074.8984375
959.447477484524,14077.599609375
2100.50245364961,28441.30078125
1173.92747773385,18489.0
1820.80948238143,27724.30078125
2149.08878056045,21033.400390625
1685.8505197737,22086.19921875
990.298880694912,13775.0
2119.1005234501,56940.0
1010.37610447666,9169.5
1094.01540706551,15029.599609375
987.205699193432,13312.7998046875
927.201842731764,8875.5
997.239354955085,15975.2998046875
1728.64686264546,24741.900390625
941.559971828319,10886.599609375
1469.66549969914,25009.5
1019.40572642,9142.0
997.236459239136,12666.400390625
965.884319917033,13080.2001953125
1261.61978028744,22960.400390625
896.374663299022,10160.7998046875
1394.29769834356,29317.5
1436.5185733574,18499.80078125
1066.85804641593,16583.0
1335.03698283061,20619.5
1195.8540616435,21371.80078125
961.94146853204,10204.0
964.725365295479,10929.7998046875
1059.3666065097,12189.599609375
1177.913430737,42806.69921875
1660.14480380385,38829.0
1150.96600949368,24217.900390625
1166.69487028395,50458.0
1168.44365996948,15613.2001953125
1189.44071905965,19871.400390625
1196.11567844208,13004.099609375
945.118249860609,17071.900390625
1413.71024394143,13065.7998046875
1375.87738095283,16043.400390625
1087.85755572728,11465.2998046875
1346.94806489012,23070.599609375
970.453648310121,11681.7001953125
1702.07042716462,34424.80078125
1663.2383194264,23194.599609375
1216.57491398165,20200.30078125
1969.6368082825,25840.80078125
944.366588824586,11962.099609375
1366.7116603599,14113.0
1202.83730340075,15306.5
1861.98277646404,38602.8984375
1454.21072956077,29463.69921875
2063.07554776225,116508.8984375
1368.59521221073,14632.599609375
1132.040723791,17347.900390625
1686.08072919161,56959.6015625
2271.10779095742,23822.30078125
1188.49983412375,19937.599609375
1359.31822930117,24381.599609375
1421.37665191516,28734.0
1484.10454178172,12112.2998046875
923.849940147652,16776.400390625
913.064344915749,9339.099609375
1145.20520536147,17263.69921875
968.594375923785,11715.0
1489.3210626893,14264.400390625
1027.43744009801,17327.69921875
1098.17309829915,19154.900390625
948.493652293381,8605.599609375
1680.47150465193,24312.900390625
1038.0889970936,11489.099609375
940.528874203262,7757.7998046875
1559.05558278808,22787.0
2222.38336067057,19553.400390625
1614.5927417123,21874.30078125
1697.26053160043,20673.69921875
1068.08549585703,15944.599609375
1047.72883548625,16071.2998046875
1520.30255036999,59359.8984375
1100.67466275761,20420.599609375
1215.34178448233,38679.80078125
1437.0816787357,17019.30078125
1728.33579592837,53280.5
1063.96411244644,15717.5
937.695193400246,19309.69921875
1141.32338675877,15394.599609375
948.678643993016,22070.400390625
1983.40504662823,25850.099609375
1415.58488589703,12543.0
1281.31488093767,21682.900390625
1859.78025036411,22463.099609375
1321.99178248249,13891.7001953125
1400.32791543268,15168.2998046875
1271.42244701535,18133.80078125
1377.77452039388,14976.900390625
1166.40685792076,88917.796875
1551.59655262574,18048.400390625
1910.99744658789,28460.599609375
1953.01562148533,25275.19921875
916.229139700111,10639.5
1452.48187576581,17737.0
1016.96363551218,18037.30078125
1439.69940595317,56355.0
1202.99122184079,20635.599609375
1162.60834683843,23365.099609375
1931.29463340803,69354.703125
1991.6651877451,39850.8984375
960.227650185272,13395.2998046875
1512.93651723908,17287.30078125
1119.03862506104,11721.2001953125
984.952943559167,18211.19921875
1694.32416425493,20016.5
1106.24757947424,13594.2001953125
2255.77408402044,36154.80078125
921.592172697322,11967.5
1109.00508067307,12528.7998046875
1086.31224577398,17648.5
1099.28895130255,13144.099609375
964.697521872897,14577.7001953125
1244.55131674991,21664.30078125
896.445218531845,13487.5
1356.03504428399,32844.30078125
1933.96938395495,28821.0
1003.09493809777,10760.0
1418.28313629261,16042.599609375
1421.04275359156,17977.19921875
1776.54645938174,22049.400390625
1284.10590561729,18044.30078125
1254.01039564316,32355.400390625
888.355033666417,10974.0
1621.4269654719,21251.80078125
1223.70494626276,19271.69921875
952.998495319769,15874.7001953125
1508.17328725113,9348.5
1832.05833647825,19080.69921875
1704.32039845663,17676.900390625
2082.29664198644,27204.900390625
967.011644410533,14236.2001953125
1260.03671465312,21984.80078125
1477.52547514666,19826.900390625
1038.66635830426,38895.8984375
1054.43330889662,29207.099609375
1723.41931574253,22197.69921875
1098.22833964955,16599.400390625
930.216951276325,12968.7998046875
1981.88791421858,20246.5
1167.95072001609,16986.099609375
2081.71148461746,22915.69921875
1882.12025341225,18125.30078125
1379.9517646661,60402.3984375
1378.13381191887,9575.5
1574.27936389271,21483.80078125
1647.90115990501,20035.0
1209.20854672966,17164.099609375
1488.31491277088,21317.599609375
1395.0169496357,21446.69921875
1320.40158893198,31189.900390625
1011.63273382463,51878.69921875
1544.11446810951,22413.80078125
939.595451304623,12687.400390625
1351.49857112954,17053.69921875
1695.39557915588,18456.400390625
1174.52622269306,17810.400390625
1388.48065049773,19246.5
982.199451813187,14755.7998046875
1516.15053919456,22816.19921875
1391.07665984559,18675.0
1632.88765232772,36256.19921875
2157.38857071108,23527.0
1291.62229323015,16462.5
1213.20017979102,14541.599609375
1012.77954871394,16578.30078125
959.175168811672,9573.0
2072.8294328138,22126.0
1058.33194492655,16723.599609375
1666.79615196393,20473.599609375
2232.91530232275,38002.5
1901.42510065157,21094.69921875
1782.75888382824,17058.30078125
940.697493970419,52629.3984375
1171.72361514964,13906.7998046875
1185.03633510193,13398.2998046875
1711.24728512658,17306.69921875
1242.52554069653,19987.69921875
1087.81300625115,10559.2001953125
1741.54482697497,19237.5
1078.01356936025,14299.400390625
1330.03641550857,17193.30078125
1615.62840565866,18975.900390625
1014.14320817831,12969.7001953125
1629.33182451662,25979.80078125
1422.15827247388,47412.0
1396.3976492747,11984.7001953125
1783.2810036885,22631.0
1078.05845295746,10085.599609375
1093.39561247884,13719.7001953125
1134.27309803994,7927.39990234375
1328.69280330845,12571.2998046875
1036.33274537082,9529.400390625
911.682921347765,10687.2998046875
846.294258332428,7635.7001953125
1939.86996206853,20862.69921875
1021.27067886455,12611.2998046875
1848.73910819975,14073.0
1023.08874298546,12291.2001953125
1933.6141018828,29696.80078125
930.674919890954,15440.7998046875
1162.8390017511,23488.30078125
1422.53427005243,16860.5
1549.53769858634,45475.5
858.627725112509,7971.10009765625
871.257334535173,6834.7001953125
1088.37577750837,8255.900390625
961.801805924368,16390.80078125
1121.087566842,14841.2001953125
1300.79090953902,27100.0
1794.45256444423,16985.19921875
1421.06090750308,21005.5
948.077003317864,12368.099609375
1353.6052044821,25467.69921875
1980.69688397422,84294.203125
1742.24837457677,10170.7001953125
1858.84504548643,43387.19921875
2104.09135944674,28682.0
1531.42855928638,17851.0
2152.55695727727,40009.5
1033.93988163412,14908.7001953125
1062.88879946633,14169.400390625
1329.54458929208,21245.80078125
1310.34944513774,23810.900390625
1147.87360760804,50723.0
1268.83434519951,44450.30078125
1085.85461128042,12860.7001953125
1512.45827861281,18682.900390625
993.25874788907,10101.7001953125
871.073066764525,20746.5
1714.71679832768,34701.19921875
886.23770843959,9361.7998046875
1057.16330079394,31704.0
916.653584833951,32651.0
1022.54089580274,37675.6015625
1432.54075063364,21367.099609375
1987.76554935196,26916.19921875
997.814488691939,20724.400390625
965.80880855499,13275.7998046875
1185.70357488069,22041.400390625
1647.83099448011,32221.5
1034.82051340354,14756.2001953125
1607.65159920999,28297.900390625
1891.88750330664,37074.69921875
1391.23236026466,72648.703125
1825.62572624598,33184.30078125
1524.39998843716,30280.5
1244.69565705257,29188.80078125
981.587787505905,16370.400390625
975.54264634228,14608.5
1810.27442226592,17369.69921875
1066.02552808072,18156.400390625
991.545486410754,45675.30078125
1447.03614780353,16077.7998046875
819.572090377796,11734.400390625
1273.94216538533,11371.5
918.436287808187,12915.599609375
1996.7284584548,28025.69921875
1973.22460034273,29493.400390625
1502.09607046469,47115.30078125
1635.67466755449,22063.19921875
1105.99453844982,15265.5
1116.70278465379,17365.80078125
1141.51795659578,21103.599609375
1695.84998381242,24914.900390625
1382.73588417692,16076.7001953125
1019.75031661788,46388.69921875
975.238262046613,14695.7001953125
891.117101186552,10838.7001953125
1986.73133326357,24900.5
938.642872131247,9667.7001953125
1316.59349971229,22613.900390625
2204.88499468837,32759.80078125
1747.6313991514,24811.400390625
1349.41287603077,17908.19921875
1774.23166860196,21181.80078125
1218.01007535521,11246.7001953125
917.897406207534,10075.2998046875
1539.19008039165,21862.0
898.07144147117,12755.900390625
1575.68356338037,39037.1015625
952.051150709839,57176.6015625
957.598785598769,10502.599609375
1311.69272321678,19126.099609375
1521.37775197642,18997.0
1015.69453231089,14356.400390625
1616.985605449,26383.900390625
987.666118029248,17326.30078125
1958.37069126368,18257.30078125
952.6285119205,12607.5
1157.31765105309,14407.7998046875
1271.93710483836,15907.400390625
1722.01400251797,22227.19921875
1407.46195716665,27836.80078125
843.293795428145,9289.7998046875
1345.74166507649,19141.5
1861.79678240119,31889.5
1701.10782435912,24157.099609375
1066.00369883742,15126.099609375
1616.50023890655,17442.5
1316.53502852486,18935.19921875
1382.65680885679,14595.400390625
1011.76738461623,13195.2998046875
1367.72772253676,12505.0
1252.4116263185,19041.0
932.889530036281,16311.099609375
1692.82195591978,23491.099609375
1173.6862423206,12170.7001953125
1466.12927365753,16768.900390625
1859.14553170293,25661.900390625
1907.74867604102,18973.0
1143.6859568517,7130.7998046875
917.596975677874,18069.30078125
2165.34911660096,32228.69921875
1442.85206100528,19104.19921875
1337.74302938451,16489.0
2096.58566370815,34667.8984375
1930.31989087028,27924.0
1224.91390767127,18158.69921875
910.872120882177,20427.900390625
2142.89640337821,54436.80078125
2183.61930225714,18923.0
1404.59508700391,13808.0
1490.41230210713,20765.099609375
1400.14548532793,20037.30078125
1062.11653429759,14418.2001953125
1044.6456776169,47249.5
1130.56201530452,11355.2001953125
1447.36648216904,13048.0
1692.441726141,37723.6015625
1146.52464947078,22742.400390625
1832.51095915575,26559.19921875
1842.59807428876,25031.69921875
1129.45540631742,15264.400390625
1017.62163127464,14760.5
1447.64658700021,16106.2998046875
1734.44943191155,27870.5
1469.52750769682,18272.599609375
996.948446875948,13685.900390625
1496.86172976665,41931.5
1405.00739240551,21784.80078125
1361.0670189867,16064.2001953125
1160.16670142537,17752.19921875
931.638970554433,26503.30078125
957.466919149421,14909.0
1766.74780210668,19905.80078125
1973.15042546497,17476.900390625
964.804440615612,16147.400390625
1047.87206205202,24884.5
1528.60590447871,18555.5
1174.96993547532,63110.8984375
1317.09813390316,16873.400390625
1898.47102488931,16562.30078125
1105.37340737886,19771.0
1851.09911669781,29508.599609375
912.70828322777,11400.2998046875
2026.69176785851,88487.0
1856.97541534689,23777.69921875
1163.23849917831,19389.80078125
1472.00490406448,21198.400390625
1567.51218709469,16174.7998046875
1704.81289291526,20127.599609375
1822.96456328928,23214.19921875
1328.28896230732,14446.5
979.459436283736,43864.3984375
1875.60489252806,26315.5
1111.67582176714,11020.900390625
1326.81771585809,21767.30078125
1236.55023083674,15685.7001953125
1381.00413466601,18446.0
921.960318430701,12105.900390625
999.136717143513,8860.0
996.105570787545,14577.2001953125
1735.09807228402,18174.5
1126.25775629441,19361.400390625
1105.3199480075,12695.7001953125
1736.95021675418,21650.900390625
1441.91574239069,18396.0
1994.40097107432,32624.5
886.064132543214,12153.400390625
1173.23295140097,63156.5
1235.99458749569,14393.7998046875
1925.06260719203,21799.599609375
2083.66141518772,27951.69921875
1081.79203317832,13861.2998046875
1031.15353464949,11937.599609375
1147.4882546395,18000.5
2055.97436126694,30532.80078125
947.592973259698,13224.5
1007.23514366203,10697.7001953125
1457.40938194699,20298.80078125
1446.57428110974,71022.8984375
2131.84635131863,11936.900390625
1644.3984573442,22604.599609375
2120.90745020199,24539.599609375
1429.54635759548,20685.69921875
1215.20033989562,22791.80078125
1732.22830640534,43755.6015625
1041.57209788492,17411.400390625
2126.63584459032,19407.5
1866.05348484553,56985.69921875
1016.63797884166,22003.5
1109.65405516662,11280.7001953125
1340.66480677657,16086.900390625
1449.23433032953,27418.69921875
1014.55618182205,14451.900390625
1005.92327296365,14702.7001953125
1502.20655316549,26754.400390625
1170.91771512643,20577.0
1000.8710282493,14495.5
1698.51471072721,24999.900390625
1218.86408881265,17628.5
778.961511865569,4691.2998046875
1406.6529386801,40354.1015625
1174.95389766392,17828.80078125
1934.36921550323,35271.5
2170.25624139682,31573.80078125
1947.35204658476,22935.69921875
1519.98391024196,19665.30078125
1424.77421771231,21055.400390625
1320.36160577715,19010.5
1130.00525822657,49930.69921875
2053.71080238471,30396.19921875
1738.8878962185,16614.80078125
1302.32664135495,25047.69921875
1164.07602932958,13787.900390625
1015.30962483712,14671.2998046875
1435.01413754845,16837.0
1116.52570048617,17621.900390625
1247.62912868212,11298.7998046875
1137.79428863335,18326.599609375
1228.48454818318,23138.5
2025.37666732311,57083.0
1013.30456429014,13688.2001953125
1679.79502085687,19266.80078125
2084.68783511779,11856.7998046875
1932.03660493299,26853.400390625
1207.03419817338,20946.400390625
1027.47909385819,12729.5
1183.36483875749,10933.7001953125
1407.76055003042,38154.80078125
1726.30044173763,57487.19921875
1949.25341822604,22155.900390625
970.861721511483,10678.2998046875
1054.22704482213,51082.5
1127.0892722664,32842.8984375
1074.06080571682,12514.7998046875
1433.7871336021,20447.599609375
2126.30974242504,20944.0
1920.66624214003,31987.0
1011.10092445331,18250.400390625
1659.3749888563,27096.19921875
1820.01962016963,24820.80078125
975.978562966224,11733.7001953125
2119.71441523119,15634.2998046875
1257.78741160325,17586.5
1627.53781711282,28401.0
1146.09586076302,19343.400390625
1997.45706513692,15536.0
935.342646939447,13253.2998046875
1352.04808891762,24079.400390625
1840.33418128546,25311.5
1484.63156208435,52033.19921875
1727.97193808207,20989.5
1016.37023649011,15985.400390625
1679.73409944826,18238.19921875
1147.20670195035,22204.30078125
2123.69491092352,26401.400390625
1956.02738881918,22207.5
944.743588766346,13889.7001953125
1734.95016802327,22759.0
1220.8095644353,17189.900390625
1850.54670319378,52392.80078125
1386.94926225572,17286.69921875
1456.5985814814,48396.3984375
1398.64182913481,83032.296875
1884.71659688118,77244.0
1652.64946581846,12280.0
1008.97758504721,13435.2998046875
1708.97526184389,21618.69921875
1017.05273446444,24875.099609375
1853.61170715161,26733.0
1398.18954057839,57107.0
1912.76450155863,25123.69921875
1416.03862231143,17545.69921875
1137.7925066543,15598.7998046875
1430.12126858496,60134.19921875
1388.38620560833,16901.900390625
895.708927065086,8541.0
1942.53112502523,28076.0
1979.9290737531,20211.900390625
1435.86235957399,17207.30078125
983.15459258144,41919.19921875
937.79498422678,26883.400390625
1138.38735353435,20140.30078125
1390.28156307033,22013.0
928.282780083243,10600.900390625
1139.21497142717,22654.0
1675.88858866862,77616.296875
955.666452071578,10756.900390625
1729.35787228451,36357.5
2074.24209670192,19177.69921875
997.722605397418,9982.2001953125
963.621874771709,21463.80078125
1716.87510907255,19339.0
1032.19465590668,14207.0
1750.86925507661,22382.900390625
1061.77550805781,14664.5
1184.79298358857,19989.80078125
1185.43984198199,50324.6015625
1447.11344114461,19552.69921875
1072.50257641544,14482.7998046875
1010.19389711928,15943.5
1138.86392155526,12125.5
1368.06952839238,20261.19921875
1097.85445817112,15031.7998046875
1072.55425380775,13324.5
1659.56710847212,25479.0
1016.48539688591,11794.900390625
2026.20395109487,17561.5
1149.59533348682,17182.80078125
1756.49351506449,26276.19921875
1236.06686902072,21398.80078125
2148.79475401798,64934.6015625
1712.36959780402,20046.30078125
1346.51081178189,10433.7998046875
1031.88459155281,40738.1015625
1031.68356204177,9370.7001953125
1525.06611447901,11899.900390625
1914.2261698705,28793.80078125
1257.07963180122,18433.30078125
1099.68811460868,16141.7998046875
1162.40275100609,17443.30078125
2012.62994846507,51252.19921875
1328.23127073573,16784.30078125
1481.01815407535,23051.19921875
1013.42863458117,11976.099609375
1455.95918512523,32266.400390625
1173.87268187821,32379.599609375
1437.58241484741,25913.19921875
1382.18425028872,20626.900390625
1058.39687578802,13651.7001953125
990.516616259504,12516.5
2172.01683669352,29097.0
1281.95104745682,17978.099609375
1451.52640087648,23708.30078125
2057.10725444495,23487.69921875
1498.21703620425,16811.900390625
910.262684048702,6513.7001953125
1032.34567863077,15753.599609375
1918.07635834514,25852.19921875
1098.08644956808,7957.2998046875
1120.02840304698,28363.30078125
1887.04141129309,17991.19921875
1276.7476686447,16233.7998046875
1127.54835461793,14089.099609375
1109.15933323418,21695.900390625
1029.13065431207,11444.7998046875
1936.06209559621,24415.099609375
1262.16183603827,15684.7001953125
2036.29997612311,25175.900390625
2048.53393051088,31543.19921875
1027.93216203045,51901.80078125
944.34442546021,10514.0
925.952285613129,12937.2998046875
1686.58614299832,29513.30078125
1078.08596225897,12876.7998046875
1842.07773640754,21391.5
1058.43607932701,18263.099609375
1046.58770065515,41324.80078125
1232.23349797332,18880.69921875
1731.28597361147,23503.80078125
1715.0401161507,40843.1015625
931.20489159638,14466.7001953125
1557.50704299776,46319.3984375
854.262210572721,11924.2001953125
1244.05336498045,19483.30078125
934.554678080376,12590.7998046875
908.543464077954,10174.0
2349.12706575863,15255.2001953125
1805.01580210339,23989.69921875
1381.95147927594,14051.0
971.833234212215,36698.0
990.67844223155,30087.900390625
1776.06465679738,18468.099609375
1812.08268550209,21999.599609375
2032.87211668219,26254.30078125
1382.0590662608,42280.30078125
1713.5788933336,19339.099609375
878.096570110837,13161.7001953125
995.304125711945,10514.7001953125
1136.3531130805,15204.7998046875
2096.24753318431,47935.80078125
1077.02457099014,16974.80078125
1010.81190972691,13037.2001953125
1409.37546854017,16444.30078125
1913.20442763543,31078.69921875
1447.04427808292,18428.30078125
1578.87018740803,17237.599609375
1134.39572047299,74519.8984375
1130.03956132319,12692.7001953125
1210.38465289952,16396.80078125
1956.25548213697,29141.5
1884.5943085692,28271.80078125
1025.45799549981,16210.2001953125
1252.57022245352,20080.30078125
1799.04895664407,23310.400390625
1141.15911056554,12838.599609375
1223.01075405094,19915.900390625
1153.95906604756,51193.69921875
1042.33979673235,15846.400390625
942.59919973277,10211.5
1685.65416795765,21875.5
1144.98000775962,22741.400390625
1399.69887682971,18345.19921875
1967.54966532575,20811.19921875
1532.4117662246,22899.099609375
1358.10793140837,10063.2998046875
1101.74273644785,15772.2001953125
2000.78780671987,28864.19921875
1086.80262413249,28804.900390625
1796.218171557,25181.19921875
2127.50366838536,23714.0
1720.66682635977,22361.80078125
966.057506005493,10703.2001953125
2144.2507074526,33768.30078125
1983.48657216955,20228.19921875
1168.85384927096,22235.900390625
1685.61251419747,22008.69921875
1294.45842425435,21587.30078125
1120.79599052072,15547.5
1112.26966628397,26275.80078125
1505.36533377058,20769.19921875
865.160070484474,12766.900390625
1074.8256088483,14095.400390625
1255.11978897251,19216.69921875
2002.5481792692,13735.2001953125
1765.10225583208,29160.69921875
2322.65064385171,30408.69921875
1449.79253526545,21144.30078125
1022.8049628225,17996.30078125
2240.4156521242,59947.6015625
2108.94302014481,50983.19921875
2126.88933110951,27236.80078125
1070.42267274857,10935.7998046875
1274.35023858669,44212.80078125
1082.87692429581,12381.2001953125
1141.00764234669,16860.30078125
1027.5458066987,15880.0
1890.32983087371,55469.6015625
1431.18967639627,41725.3984375
966.352312163791,9078.599609375
1344.890547335,16514.69921875
1071.01685138647,13040.7001953125
2353.54280983276,29559.400390625
1634.09193604124,24259.19921875
1135.74935630524,21333.400390625
1333.5850040298,17050.5
1137.1385203447,13163.5
1001.60832207927,12211.2001953125
972.443784782593,41955.6015625
1654.23676365302,33483.0
1668.79196849461,19511.900390625
1926.12733967157,26316.400390625
1519.83277614419,17537.599609375
1141.48020091476,18656.599609375
1816.93401207909,23110.400390625
1067.82811125868,15763.2998046875
1537.35040977481,16074.900390625
1505.28692669259,21934.30078125
1692.15950520971,19145.400390625
1746.20046997806,22606.69921875
1824.10391614133,20872.900390625
1908.62295951009,24136.80078125
879.351083358692,12547.7998046875
1520.16143990435,43969.69921875
1199.26231931491,31216.19921875
1651.20249883372,20697.80078125
1068.21157087448,19390.5
2163.24994528566,93962.796875
1960.27495862091,91571.796875
1800.46462762183,21402.30078125
1376.9394404638,19581.099609375
1538.99306033346,22386.30078125
1123.26369737732,17246.19921875
1331.40809387865,88325.796875
1398.40916949571,22005.599609375
1014.68704590818,16138.2001953125
1947.20347408187,25490.19921875
1434.25501447517,18028.0
1716.87477495148,21886.30078125
1386.50231963643,14092.0
1731.3006749386,26889.19921875
2002.23989689437,27796.099609375
931.29861255679,30837.69921875
985.173574839707,15482.7001953125
1817.56628051908,22086.400390625
1426.69229540714,48499.6015625
1790.31625695914,24443.30078125
1358.08432018602,20519.80078125
999.386639704609,9389.099609375
1187.55538522977,12072.2998046875
990.714415933526,14777.5
956.191467647784,12136.900390625
1039.00571393869,12809.2998046875
1495.72839109387,19278.599609375
1618.16171161886,21404.400390625
1612.06767740518,19571.5
1000.5164144193,5326.2001953125
1089.37936583192,34357.30078125
1905.94776346841,20525.19921875
1284.30582139143,69967.8984375
1420.23763318417,22749.099609375
1686.45282869099,56923.3984375
1137.99821386034,16157.599609375
1706.0008046963,20898.30078125
1192.66186893131,12885.7998046875
942.295929174007,10928.900390625
2033.11335209544,94204.3984375
2118.78979085409,18513.599609375
1619.66993413328,21647.80078125
2124.22059474186,34983.30078125
1501.45990394553,35935.5
1326.49205918757,11812.400390625
1118.29453743596,13591.599609375
1754.90220777708,35671.0
1071.90672717219,11641.7001953125
1072.54467567039,12477.2998046875
1053.82142184196,39561.5
1109.55927615615,18640.400390625
1263.36901546773,19883.099609375
1107.53951428205,15762.0
1441.47136136629,17882.900390625
1717.65383391532,25598.900390625
1124.43089365196,19446.0
1326.47780335521,22588.69921875
2196.19339189517,95900.796875
1227.93826023213,13149.900390625
1202.43067805737,16277.7001953125
1822.88114439522,21259.69921875
1147.60809273029,11602.099609375
1133.92705998409,14530.599609375
1665.81751134702,19752.900390625
1208.56458405218,20073.099609375
1059.50381889619,48765.6015625
2004.33082655659,28021.900390625
1074.98955092047,13762.2998046875
1057.80915682415,14063.2998046875
1500.43103379428,19912.599609375
2107.70276272931,27329.099609375
990.490220694896,13343.0
1119.82414369892,14297.7998046875
1035.06252843263,16442.5
1725.59121407762,22798.900390625
1196.95855453048,21805.80078125
1344.54885285307,16481.900390625
1058.04760789515,9288.099609375
1086.05953887062,18639.0
1256.61631724945,17476.0
956.503648101773,14368.5
1036.6185302602,55758.30078125
1727.09409065491,24481.19921875
1646.96528678519,22254.400390625
1865.14868498531,22467.19921875
985.418708332119,11559.7001953125
1280.72615961059,15742.099609375
1742.15392968737,16379.099609375
1418.00124948239,17578.400390625
1486.34482356266,17483.599609375
1075.84456674111,19861.599609375
1389.98820477001,26744.30078125
1257.25860932157,11088.7998046875
1094.91174252527,18729.900390625
1051.23398826826,15802.900390625
1045.19552952605,20729.599609375
1049.12980513689,38083.80078125
1163.62162467304,15590.7998046875
1076.27368956995,11574.400390625
1124.48012082308,36595.80078125
1049.90039970027,13712.400390625
1158.44787126254,19626.099609375
957.484404818802,38779.0
996.288446387064,12678.400390625
1943.41632311595,23539.400390625
1311.81668213412,21341.0
1704.50182619817,21321.0
1775.09993789176,51888.69921875
1416.68614894699,14462.7998046875
2175.09119604134,39626.1015625
1070.82651374969,16533.900390625
1371.96460046422,15551.599609375
946.97217630981,12373.599609375
1984.72772057457,19925.599609375
2147.95878309838,23643.400390625
1749.24732002437,21278.599609375
1368.62049403843,21412.80078125
975.808161220022,10294.0
1005.94966852826,12226.400390625
1667.51651699297,21538.099609375
1208.98401736996,31784.0
2062.48638094042,33435.8984375
980.587094898308,9635.5
905.650922279599,13570.7001953125
2118.5628112732,16431.69921875
1821.99839652568,27407.400390625
945.487119522976,12269.2001953125
1317.53683486936,15588.7001953125
1174.12995510287,19493.099609375
1818.57231906381,17687.099609375
1037.80176434625,20168.400390625
2131.45542966557,31616.30078125
1387.32525983427,14416.900390625
1479.58187896487,47869.6015625
1446.94381901424,20880.900390625
1231.64221505136,13534.900390625
991.895199798384,13279.7001953125
1117.76451004368,14672.2998046875
1077.58589438939,21120.19921875
1626.60862641441,19777.599609375
1946.46773948356,26312.400390625
1933.87672104459,68691.6015625
2011.12551265612,21904.80078125
2099.30273625739,70573.3984375
1122.18704791292,14606.400390625
2143.41852323847,33896.6015625
1539.1330570622,17999.80078125
1260.85286105584,16824.30078125
1009.94664752675,11033.900390625
1295.80994398648,20019.900390625
1709.93864426523,12903.7998046875
1446.8821179898,23414.599609375
1863.94261929274,19885.0
2211.16112488574,136683.5
1076.90840823113,24973.099609375
895.367511017386,10868.099609375
1843.3818109476,20428.0
1023.76366754885,11698.099609375
1239.37678372358,17291.5
1330.19924384383,43513.8984375
2045.09426545879,11077.2001953125
1261.84464376821,16238.2001953125
1126.25887003131,14318.5
1820.65801416259,25099.400390625
1063.11199234174,12820.099609375
998.982130461338,18588.099609375
1833.51989341643,23679.400390625
954.50961355014,17059.5
1800.68737500248,31035.19921875
1150.22504033193,15591.7998046875
1576.92315255372,20210.19921875
911.555008664424,15761.900390625
1098.22410744932,15657.2001953125
1058.10563358781,15228.2001953125
1825.58875018079,69905.1015625
1203.75892068822,16267.099609375
994.127239926248,11985.099609375
1043.00837299539,15089.2998046875
1572.19734412572,31853.5
1078.43523015184,15251.900390625
1929.10569489832,23770.900390625
1442.55948232079,14686.599609375
2064.1102093454,26627.599609375
995.055985129894,62222.3984375
1827.45904856247,30128.5
1972.11754586087,25339.5
1518.86204305929,33322.69921875
1862.60323929286,27587.80078125
945.083612642917,10870.099609375
1464.28392298249,21581.900390625
1107.55633170929,19691.69921875
1692.66302566368,30736.69921875
2088.86256652604,29025.599609375
1141.88181444208,17064.400390625
1290.54096607075,13428.099609375
1508.40004408463,22821.80078125
1394.82416177774,19759.900390625
1011.31086385958,15684.7998046875
1938.11671743538,30223.30078125
1233.84195680903,31436.900390625
981.858314199712,21852.30078125
1211.21761672949,15590.7998046875
1560.11663993584,17093.900390625
1917.54733331608,24510.599609375
1006.7483292616,35156.0
1059.00842872161,15953.099609375
1495.96038249083,21861.599609375
983.612561196069,14174.5
1135.61426001887,13779.2998046875
978.869267098688,14190.0
930.612160816454,10616.5
1072.51616400566,16245.7001953125
889.8009426011,9239.400390625
1460.64400803519,20575.69921875
1362.12273019732,11867.099609375
1050.68870268041,13601.0
1985.73877093537,30462.900390625
1435.84498527829,23506.900390625
1085.88846888228,16119.0
1471.97416492595,17599.900390625
1323.81229682459,13939.0
1198.19669584586,25536.69921875
995.39422702742,14855.7998046875
1228.17771366633,16116.099609375
1262.95659869245,63667.6015625
975.818518973223,15544.599609375
892.218754044432,11647.099609375
1044.64779371702,9969.7998046875
995.106994280064,61057.0
1017.53999435963,27070.80078125
1786.17594002119,26677.5
1361.47832202508,14552.900390625
940.138954913424,15575.900390625
916.81964300623,17518.0
989.548667516863,13404.0
1520.26368095207,18883.80078125
1020.72862311372,12769.599609375
1714.88363611579,19144.900390625
1547.02800384849,14231.2001953125
1088.59173109392,21611.599609375
999.9981926382,8180.10009765625
1435.02772513867,15029.7998046875
1426.98353760734,24846.900390625
1032.85287441652,10999.400390625
1007.69556249784,15016.099609375
1554.31585264879,21505.80078125
1227.04370675141,18585.900390625
1746.19367618295,23022.80078125
1927.22748898463,65529.80078125
1537.90605311586,22662.900390625
1795.22984142903,25142.5
2397.91765201754,29928.900390625
1051.82170723212,12980.0
2128.29731730263,16695.099609375
1604.12829251646,18066.599609375
1822.2435300181,16724.599609375
1778.20091555156,21853.0
1213.39619748599,15738.5
973.090643176018,13432.400390625
1997.40494224985,31051.19921875
877.061908527689,8408.2001953125
1295.02409122753,17265.599609375
902.404880388143,10930.2998046875
944.138161385723,15224.400390625
1094.14370955677,20366.80078125
1523.04969381562,17268.400390625
1747.57370757981,28901.599609375
1533.45923578213,26418.5
964.157916343258,14229.5
1753.56149129291,21535.5
1037.74652299584,16829.30078125
1858.00539923505,22245.19921875
1108.85639679649,13354.599609375
1286.66727774745,13184.0
1372.48137438735,12037.400390625
1695.62935253188,20780.80078125
1154.08202260168,16341.599609375
987.980191835973,17275.099609375
908.65105106281,51311.0
1424.30087952841,23660.900390625
918.510741120171,13737.5
868.655255321194,8980.7001953125
1297.38799780474,14033.2998046875
1289.56833963312,34666.69921875
1736.09453269139,75736.3984375
893.276859789393,13600.2001953125
1885.82966554232,25125.69921875
1394.96917032255,18529.099609375
2055.52396606325,19219.400390625
1876.93313515892,97863.6015625
862.980041869993,7695.10009765625
1152.95826206627,13890.7998046875
910.294759671517,45013.80078125
1901.30749003459,27337.400390625
1954.26122483795,25113.30078125
1228.09607675132,20791.80078125
2007.30985002548,23902.900390625
974.389037657862,11750.400390625
898.012302041605,9206.5
1393.05922290711,15029.099609375
1267.94903573509,15241.2998046875
1920.99724474768,24152.599609375
1317.81950129542,7949.60009765625
1187.13806801211,19378.099609375
1009.08060571076,14793.0
960.768258078124,16984.30078125
1146.05732546617,14839.2001953125
998.264995269315,23391.69921875
1047.08665478782,15930.0
1006.74621316149,13239.599609375
879.812226123495,7387.5
1023.63079873629,15632.099609375
1219.90721479626,17474.19921875
1083.47110293371,13606.7001953125
991.983185013743,10910.5
1826.30332377793,21454.900390625
1087.57355281694,13932.2998046875
1714.94388928226,24463.900390625
1220.18631726422,17311.099609375
1961.8203799479,55369.0
1202.99088771972,16197.900390625
1618.01169125799,20213.5
1816.40264820253,18722.19921875
1341.16409503032,15914.7998046875
1077.99251973278,48024.1015625
1528.74523296531,16923.900390625
1108.58275163935,9235.2001953125
2112.29603646582,33516.69921875
1897.03007208385,21818.099609375
1681.6037295878,26059.599609375
2059.93258222119,32957.8984375
922.899087266476,28862.599609375
848.959430741977,36179.6015625
1176.2736758943,17791.30078125
1534.21557451315,17540.80078125
1062.98614007167,13846.400390625
940.398789732959,8808.2998046875
1422.47078704894,14305.7998046875
1591.14301121373,20113.900390625
960.537714539145,9728.2998046875
1755.76435151391,36418.5
856.575219373454,8450.900390625
1011.84400971518,15938.099609375
1849.22235864209,64141.5
1392.11766972908,19968.0
1638.38037998732,20127.0
1005.29211826056,12798.7998046875
959.016238555574,11070.7998046875
932.271573115496,13169.7001953125
2098.31908382442,18829.900390625
941.966931292778,12260.599609375
1990.09325947981,22328.0
1101.42164609864,13059.599609375
923.972896701774,12037.2998046875
2167.13131839359,27436.0
1003.72531318503,15398.7001953125
2001.22795554405,34223.30078125
1368.67540126777,17962.5
980.887469741122,9993.400390625
1414.20852983196,19131.30078125
1153.93189086712,27093.30078125
1028.8170260001,34522.69921875
1291.24841175172,21041.400390625
858.989466858695,10227.099609375
1125.89534630608,13854.5
1895.02178169985,27511.900390625
1907.9538263786,26317.099609375
1468.63518168991,15623.5
1258.63741560783,23620.099609375
919.293753850022,6370.10009765625
1163.66650827024,16579.0
1543.52062359268,21354.30078125
1825.70992475587,54032.3984375
1391.0050465627,17028.80078125
1035.03969682611,17656.099609375
1627.45941003483,44678.30078125
2066.96338054422,18251.80078125
1407.62868358107,67862.203125
1221.45642282872,18660.099609375
1398.92694578205,29477.099609375
1143.61645966894,8473.2001953125
1172.2157754872,13684.0
1225.29836965028,18429.30078125
1240.61269756515,15160.0
2099.69232142616,19389.19921875
1020.89334480171,16432.19921875
2307.47820601832,36792.1015625
957.635204795506,17261.099609375
1202.09878446019,31027.80078125
1126.84903921636,20500.69921875
1199.90873221358,16108.099609375
992.19947272036,11666.7001953125
999.512046479918,11327.0
1019.84732310215,12698.7998046875
1822.27560564091,20487.69921875
991.36060608481,13326.2998046875
1668.9370884131,18565.400390625
1006.60109324299,13498.2001953125
1951.49403412806,27776.099609375
1125.73675017106,18823.099609375
1777.64059451552,68466.796875
1022.036929854,15495.5
1871.80393122455,23840.19921875
1450.89769639458,18980.69921875
1192.57588844238,11350.900390625
1013.96100082094,9768.099609375
1066.19403647419,15309.0
1482.56558012876,53584.5
1322.25907933927,24781.5
967.386194131106,15833.2998046875
2044.65055267652,28118.19921875
869.441108080148,8063.7998046875
1199.01674032774,16794.900390625
1289.51165042474,16159.7001953125
1483.79046797499,14344.599609375
1781.7057342125,50889.69921875
1750.46118187525,27922.599609375
2256.00395931727,28790.30078125
1997.11269768643,56381.0
1036.13138173871,12263.7998046875
1391.81718351258,14757.900390625
1224.58346193206,14565.0
1713.45059084234,24947.30078125
1698.14907090186,24908.80078125
1666.1492935705,13521.0
1232.32515852046,14114.2998046875
1214.15643429617,15915.400390625
1230.59764120978,15933.2001953125
1650.63861383959,19603.599609375
1315.11768694175,30190.69921875
1231.1155288698,18525.5
1284.65219356835,16214.0
1085.00282529679,15826.0
1866.16686326229,22852.0
1538.32225659662,13723.099609375
1322.5121203637,14080.5
2025.72125752099,50484.30078125
1935.84825811078,47206.69921875
1410.11810830728,13018.5
1895.77734081504,64575.30078125
1030.06262935273,18514.19921875
959.19154074415,11811.099609375
1889.60122419159,22592.0
913.298452412819,9667.0
1124.6871645134,14297.599609375
803.619813964731,10361.2998046875
837.553651115483,6617.0
1107.31398255913,16457.30078125
2012.99792713791,26147.80078125
1396.95106514194,18912.19921875
2024.27518152577,78612.6015625
1312.46610212242,21520.19921875
1104.09316680854,45553.0
1774.277331815,27019.0
1117.59878599248,38280.1015625
1543.54523717824,22107.5
1264.82311036865,17413.80078125
1028.94644222826,13451.7998046875
1149.79279903977,38651.30078125
1394.03363132379,53260.69921875
1104.41782111584,13913.099609375
1011.67260560577,12971.099609375
2199.69030302409,26455.19921875
995.353241509379,15215.0
1392.83112958932,19133.30078125
1910.41407119795,28054.0
1350.13713913897,45513.69921875
968.996323572179,16266.7001953125
1054.10620436813,13342.2998046875
1572.99890057501,16777.19921875
1913.50335462027,21880.5
920.844465427304,9667.2998046875
1245.21198548093,22128.69921875
963.882043712315,78765.0
1542.39129437275,13613.2998046875
971.796592268097,12450.900390625
890.072137537049,9148.2001953125
1820.7235018925,64187.1015625
947.119412328423,12652.7001953125
1814.07103999551,27108.5
1088.27955063993,15926.099609375
1346.2608892208,17419.80078125
1108.61761160442,14325.5
1674.08054817983,16149.599609375
1019.38857487169,14684.0
1109.02111848448,17193.80078125
1733.53839512467,26711.19921875
1018.46272538399,31045.80078125
1868.1933075578,19784.19921875
1468.32288986223,23719.599609375
1494.26182233963,17160.19921875
1684.97489982034,21040.5
1024.21061016813,22548.5
1045.33207367039,9530.099609375
1049.73957609144,19624.80078125
984.948599985244,12763.5
2109.56871753707,22459.69921875
1373.62852339772,24089.900390625
1092.86992866049,13151.7998046875
1005.94822067029,10880.2998046875
1150.94707596633,16346.7998046875
1231.73097988256,18396.69921875
1706.08845579059,19168.0
1389.9169256082,23328.0
2058.81349938078,26286.0
1119.88584472336,14233.2998046875
1038.27577077228,12743.599609375
1158.76328155355,12491.7001953125
1067.83100697463,16534.5
1707.85439702443,20170.5
1222.71806399276,13676.7998046875
1387.37515524753,10241.2001953125
1119.31950950804,17838.69921875
1150.78279977309,59888.0
1030.93724694288,13022.5
850.794479350667,9541.7998046875
1307.95624727997,14464.2998046875
1210.62956364455,55536.30078125
1024.0762934976,19274.400390625
1023.14676867812,13391.7001953125
1658.54169090527,19820.0
1566.61440377696,31299.099609375
958.954871652203,14232.0
1940.51748870409,18118.69921875
1055.8970933086,12371.2001953125
947.445068998943,13324.400390625
1232.59601933533,20865.69921875
1012.89114515164,9931.0
1281.62995710761,17797.599609375
1278.33407548973,21750.30078125
1122.34887388497,12431.7998046875
1913.9198922221,24824.400390625
1703.80429277565,20592.599609375
1212.61212670608,9525.599609375
1078.63937812621,22753.5
1418.04791505864,32727.80078125
1462.90389158563,20176.5
922.973206457389,12747.2001953125
1479.27036675303,16789.80078125
1551.84781167112,27463.900390625
1841.90276834004,24888.69921875
1261.10801818038,26209.0
1985.5737151263,18203.80078125
1165.82559863094,20829.80078125
1428.22089930689,24659.0
991.767899670339,15451.5
1622.86190409809,15910.7998046875
1911.05268793829,25133.30078125
1189.78887321561,18427.0
1178.22962064385,11195.2998046875
1614.1091571489,29893.400390625
1051.47132560235,17281.19921875
1316.99622697651,25741.099609375
882.76958740962,11962.2001953125
2057.14088929943,28450.099609375
989.437850694986,14356.7001953125
904.85153761727,54918.0
1665.47180741224,19764.5
1791.50405736649,9803.400390625
1031.882364079,11817.400390625
1743.15751801092,24324.69921875
916.202020206516,24053.69921875
964.791966762295,13688.5
1611.86531140986,19157.69921875
981.722215550131,12297.099609375
1141.61808154338,15254.7001953125
2131.81115723248,30516.599609375
1588.26544917673,20114.0
1385.93175222088,17006.900390625
1136.92869231212,18791.69921875
1271.28456638673,24381.19921875
1335.45541378517,19217.69921875
1184.27264570735,18043.0
1474.13681924474,38625.0
1403.29101246386,17264.5
1720.6065731933,22642.900390625
1141.69827060042,19071.900390625
1703.00596616338,22937.900390625
2143.47242810459,25667.69921875
1404.12108057788,18074.0
1955.70663259103,23307.5
2083.13038543224,14725.2001953125
1767.51761705423,23594.099609375
1327.26009215607,20523.19921875
1374.77155158156,19456.80078125
1288.7693447787,18886.19921875
1438.37216568553,11950.599609375
986.27127393158,53083.1015625
1074.14489285302,9865.0
1783.89044052197,16690.69921875
1015.98432665313,13296.7998046875
1274.38198008844,24386.599609375
1888.9873324105,21468.19921875
1799.50235893739,21011.099609375
1083.44682346922,16182.0
2139.24557380926,68609.3984375
1049.43274157458,10900.2001953125
1223.36893183904,22283.900390625
970.436608135501,12423.7001953125
1130.99147225442,14261.7998046875
974.096793094441,15838.2001953125
1219.65595575088,70394.3984375
1219.8480753667,16567.5
1339.89320984998,17003.69921875
1200.2965354033,18119.0
2163.44418100159,18924.5
1273.77465935508,22512.30078125
1273.68411254484,28608.400390625
1288.14342463906,10058.900390625
1182.92335344903,9879.900390625
1027.42674822374,9917.5
1151.40794029691,16851.5
983.838872534815,12282.7001953125
1031.07122949234,13698.0
1505.5620197077,21143.400390625
1418.20873866747,25339.0
1337.77298890721,40255.5
1222.92299158296,18304.19921875
1651.70958324578,16942.19921875
1088.85802558749,13960.099609375
1943.5539809972,25628.900390625
1151.29500737491,15610.2001953125
1779.24871923017,22175.80078125
1019.58715416155,16564.69921875
1020.15805569817,9954.0
1050.0186785594,16373.2998046875
1713.08840360139,8769.400390625
1935.60100851825,21736.400390625
1448.65596675566,31189.599609375
1318.10706816384,23090.69921875
1080.51724991883,12768.5
1971.94981708323,43876.19921875
1043.76215013153,15676.400390625
1015.77082328877,28341.69921875
1223.37138206022,22276.0
1070.77194064143,17000.0
1992.09464469501,27481.900390625
922.69660989746,12118.900390625
1724.04222879254,22687.400390625
2157.15824991948,29671.599609375
880.38780535511,10116.099609375
1034.35330077262,19917.0
2075.12996776122,23103.900390625
1325.37832228429,27005.19921875
1419.05696069301,21916.69921875
1254.00148574793,20640.0
2062.69375875181,49158.6015625
1161.87918328786,17287.69921875
935.44210364491,9314.900390625
1278.13126399964,20775.80078125
1095.87078137269,17725.900390625
1273.79392700351,20985.5
1383.31825720364,18186.19921875
1082.57220587907,18947.0
1828.39959937729,19684.30078125
974.59530173235,13426.400390625
1298.52568005144,25231.900390625
988.856480031474,13585.7001953125
1875.41823022307,31294.69921875
895.35537128514,10357.0
1058.14093904764,24606.0
975.974999008133,13144.2001953125
1243.84130947406,17092.19921875
1123.12904658571,13990.599609375
1416.9417515663,36152.8984375
947.967968475033,15408.2998046875
1713.50226823465,21361.19921875
1406.51606041469,16552.400390625
1015.96327702565,15963.2001953125
1057.21609192316,15136.5
1230.30183268827,28341.5
1096.89686718168,22806.599609375
1426.10646979601,14867.599609375
1696.54495564007,51598.3984375
1351.14429142061,19052.80078125
1293.31873728122,54381.69921875
1019.72681676922,60957.3984375
963.46584023156,12806.0
1165.59427547613,16061.2001953125
1716.68020511447,19021.0
1259.40333247622,17148.5
1237.96400846176,32855.80078125
1359.95896214162,20392.400390625
1032.41840565055,16977.900390625
1419.53274909809,12143.900390625
1535.40370904157,63803.19921875
1455.88612398437,19952.69921875
1707.10028576722,15845.0
1594.76187653356,24085.900390625
2095.70492056504,35231.30078125
1428.59834474341,29984.400390625
983.404403768846,22308.0
2013.40644583404,30909.19921875
1395.97175628288,14246.599609375
2103.70578373082,32979.1015625
1030.95150277524,13240.5
1213.43796261987,16297.900390625
1891.98194819604,30681.80078125
920.24354868114,37967.19921875
1076.00884293435,11664.900390625
1048.63374672017,12758.0
1186.67152362333,30018.0
1286.30587012234,13133.5
1529.72955364043,24615.400390625
2008.3748052524,19388.19921875
1023.25624901571,15848.7001953125
1787.51921810024,25226.0
1144.81996376662,17982.900390625
1113.96210088219,15551.0
1558.84074293944,24232.0
1423.44419310241,19340.599609375
1397.31213864598,21475.0
1788.22243158097,23456.900390625
1611.76195662523,13437.2001953125
1191.12468925741,38787.3984375
1825.98501777098,28474.0
1085.09014227001,20186.5
1156.1729522639,18550.80078125
942.975865553459,36642.3984375
1327.49664987433,20274.69921875
1139.04746539692,12135.7001953125
961.360543363289,11305.900390625
1989.26597570806,97050.5
1195.73611690544,52858.6015625
1587.10215098125,27326.0
1168.30822956204,21294.400390625
867.407535868449,6916.5
985.949738087603,13444.0
1006.9061457808,18100.80078125
1043.57437408964,17524.30078125
968.457163537301,12479.099609375
2026.77240241031,25403.30078125
963.41839503948,64196.69921875
955.336451827136,57371.0
1015.02417406881,12758.2998046875
1561.06999872505,26198.80078125
1156.58347568645,24718.400390625
1211.05902059446,17655.599609375
1355.03323793948,13483.0
1265.5733235467,20660.69921875
1236.02053756554,24444.80078125
1005.24890526872,14873.7998046875
1277.2185566074,18890.30078125
1267.42335191674,17530.099609375
1085.14616323624,18576.30078125
1045.84350165638,13158.2001953125
2008.76015822093,25123.099609375
1493.08527067501,28283.900390625
1082.54480795125,16539.900390625
1038.61156244862,13944.099609375
1950.82200528062,28402.599609375
1504.06482318862,52137.69921875
1836.1283766176,25525.19921875
1407.26738732964,22007.80078125
1367.5534227114,21204.80078125
2104.34685069235,27143.400390625
2038.02448634415,37853.69921875
818.614777822582,41076.30078125
1097.47066443425,22538.30078125
2338.80250191784,30215.599609375
961.750462653127,12063.5
1039.36177562667,7451.2001953125
1889.15684316718,68055.796875
1691.34113133318,89567.296875
2215.68178297615,20442.80078125
1184.44906163283,25016.099609375
1035.20263653506,54917.30078125
993.777303791238,15238.0
875.2493017176,9960.7998046875
1105.53979967221,10524.7001953125
2008.32535533389,24783.099609375
1172.54154353141,23795.80078125
1469.10161470501,17323.900390625
1524.37047440922,24973.400390625
2066.84020124272,27769.599609375
1407.86178871492,24501.099609375
1249.2311278438,16182.2001953125
1422.83219467406,18506.69921875
944.795711653419,13540.2998046875
1846.82815842111,24543.19921875
1423.3614424505,10372.2998046875
1410.73612091491,21136.5
1084.08544020956,15272.2998046875
1420.80285466259,20873.80078125
1651.16864123186,23042.80078125
1059.94396772036,12169.599609375
983.700880532499,17514.69921875
1257.61210941467,26040.80078125
1359.84068328249,12243.2001953125
1240.19571446856,33934.3984375
951.998470954314,12406.099609375
1875.16452095651,31615.599609375
1543.37884488489,27049.69921875
1145.91799697957,17519.69921875
1095.42105441114,15092.2998046875
1917.32503143018,28007.69921875
1565.76116993535,10239.7998046875
1149.6622690747,16167.900390625
955.727039359116,13177.7001953125
1058.40433782527,19804.5
1038.72304751264,12375.7001953125
1716.6050278735,26183.30078125
1186.13837776773,17112.099609375
1859.87647723256,27724.80078125
1021.12455658283,15552.900390625
1886.69102966332,33177.3984375
1590.94342956066,15226.7998046875
2234.10343685117,85593.3984375
1720.97232439234,21715.80078125
1342.17770698599,22536.30078125
1835.74558524394,20552.30078125
1377.19147912501,13247.7001953125
1170.56989509153,17001.5
1929.97886463049,21930.69921875
1820.10871912189,18431.30078125
1490.71423618161,14970.599609375
1859.05075269247,28781.30078125
1081.22079752063,18265.900390625
922.23151336665,12746.599609375
1675.89393460575,23888.69921875
2178.60525871857,27522.69921875
998.142818331026,16579.69921875
1947.43513135775,26670.0
1991.52374315839,27087.19921875
1549.8997744536,51388.1015625
908.465056999963,11996.5
1236.90662664579,14871.7001953125
2131.05337064349,22584.80078125
932.46970691059,16692.30078125
1201.80910149165,13596.599609375
1818.45548806266,22103.30078125
1094.35220110507,15478.0
1044.62462798943,17031.80078125
938.538069488648,12105.2001953125
1973.00653065707,25259.099609375
2019.51083780092,65439.80078125
1460.33071384429,23475.900390625
1555.49418629246,17410.099609375
1155.40525341647,12034.099609375
1051.78606765121,18235.69921875
1353.00612540182,14134.2998046875
1868.98840433306,18626.0
1697.29338683907,13740.7001953125
1932.36783028803,30898.30078125
1443.32573331025,19210.0
1842.00389565086,21374.900390625
1637.11484074413,19129.69921875
905.755335114281,9619.599609375
1808.78858586326,28170.0
2219.52127957652,20921.30078125
1031.22626166928,12753.5
977.39657279148,25461.30078125
1384.28475808831,16778.80078125
1060.10401171336,11878.2998046875
1046.56375531173,13235.2001953125
945.380534901332,12626.0
1077.76943823105,17813.80078125
1024.36998591899,11546.599609375
1507.18150453876,21417.900390625
1612.63869031549,18107.099609375
1953.96096136883,17952.69921875
1337.3827354963,33957.69921875
1319.00596521848,14073.7998046875
1751.64330222439,24083.5
1108.76273152292,16088.7001953125
1447.09918531225,25434.80078125
1035.37548850245,106274.0
931.596203057347,12857.900390625
1135.44497200957,17558.69921875
1179.71434330961,43703.5
1802.41511506054,28057.69921875
1912.56558814771,54427.80078125
1264.82344448972,15160.599609375
1737.6155631802,22013.900390625
1965.71289042486,23947.400390625
1386.47481033492,13537.900390625
940.209565833092,10328.2998046875
1173.24497975952,13673.7998046875
1303.38190707081,10110.7001953125
2033.99966392307,109301.0
2109.69702002833,28800.900390625
935.91076413381,14709.2998046875
1350.59365989563,13283.599609375
1439.32162639557,12755.7998046875
1427.18200552351,14126.7001953125
1077.99006951159,15276.0
1963.25442758456,27375.19921875
934.682980571634,20373.80078125
1046.8670258705,27560.400390625
1164.07992740874,15693.599609375
1764.4066157623,24713.69921875
1851.51754765237,25652.19921875
1567.07705008658,19615.19921875
1691.0208205998,22814.69921875
1149.37937990127,18257.0
1993.57480103947,28099.19921875
1034.34049279823,16050.0
1024.42088369547,48982.0
1377.2802439562,22267.19921875
1298.21561569757,13935.2998046875
1357.3637324096,17831.69921875
1338.74851106079,18472.099609375
1745.31772210852,34785.30078125
2222.63105575786,31918.400390625
1079.90391500619,12469.900390625
1544.75776254484,23173.099609375
1041.27305952639,13194.099609375
1590.20747221498,23427.19921875
1123.52386631793,14890.2001953125
1187.59570250567,23535.30078125
933.257007527519,11829.0
1457.5405801542,34516.69921875
980.723973163721,15069.2001953125
2019.31615659022,29587.30078125
1454.18366575402,21685.099609375
1006.07440706143,9172.7998046875
961.361991221263,18773.19921875
1730.17658028212,20688.0
1170.69786346172,16091.2998046875
888.18825156515,8086.2001953125
848.281888896867,12218.2998046875
926.820109408165,10226.599609375
1088.49906818357,9826.2001953125
1113.74614729665,16662.0
1017.70182033167,13043.7001953125
1325.90356060788,14056.2998046875
2166.96915830048,23187.80078125
1520.33217577162,26703.30078125
2226.95213219521,23608.19921875
1199.7633895477,17734.0
869.476747661053,14445.099609375
1510.00204324631,25458.80078125
1005.59639118254,13707.400390625
1753.85161975622,25843.599609375
1663.05900778497,34506.6015625
1001.66256106646,14702.2001953125
1588.64746093455,23076.0
1026.75783783963,12463.2001953125
1335.76191418095,18548.69921875
840.616873094266,15169.2998046875
1312.35094172662,15362.2001953125
1080.69221798633,18598.599609375
1564.87664008677,48502.0
1169.9462024257,19232.19921875
1066.50053686997,18025.80078125
1444.04064102846,60368.30078125
1611.43797056007,40392.1015625
1049.63377108562,10419.7998046875
861.639269698979,11512.900390625
973.200457634681,18787.400390625
937.667015856593,8681.0
2024.93161805656,81232.703125
969.026617215948,13236.2998046875
2154.36700249248,28710.80078125
969.438699870162,17551.30078125
1208.81227913947,13017.099609375
1378.87867915979,18961.80078125
1480.34523423838,12366.2998046875
870.019193219796,10686.2001953125
1055.64906410024,13638.2998046875
864.472950501995,11573.599609375
1055.0346154507,14496.7001953125
1504.72838763559,18562.69921875
1112.39618679618,45759.30078125
967.975695074013,11886.7001953125
1248.37288218613,20366.30078125
1499.71779668142,71019.8984375
916.512808489376,12031.2001953125
1829.43526332365,25991.099609375
1979.5778011338,23804.69921875
1882.59136412234,21998.80078125
1035.91008221602,14834.900390625
893.635427385404,8900.2998046875
1513.75589347882,28925.900390625
2315.22135046469,31069.80078125
979.198153606227,12418.7998046875
1302.89720877051,21039.19921875
1069.18709302807,15914.7998046875
1734.33894921075,24153.900390625
1572.55663565072,20954.19921875
1001.12184179992,16824.80078125
1290.65467860858,11318.2998046875
2096.49879222969,16056.2001953125
1550.28791176439,21301.80078125
1467.43301407651,56344.69921875
899.722277996057,11525.599609375
1070.07062051344,16065.2998046875
1112.58964289628,18430.099609375
1179.91214298363,14612.7001953125
1345.59231295776,24789.19921875
1589.91311155144,52968.30078125
1912.20674211747,71212.0
961.140023456439,11686.7001953125
1143.38480239305,14165.2001953125
1646.18723018456,16997.80078125
951.07039399281,12213.0
1110.3140556555,14838.2001953125
1194.82196165523,14262.2998046875
1693.22011686271,30199.599609375
1946.26726684097,90854.0
1462.46808633538,69364.1015625
2062.52602997417,17904.30078125
1540.6922887268,17796.69921875
1028.27285414916,16146.5
1266.52735057805,32180.69921875
1813.47485663119,23361.599609375
1816.43828778344,20914.80078125
1162.95839434714,31281.900390625
1438.16545611628,31587.69921875
1101.99299313002,75660.296875
1082.71331634472,41513.5
947.139014097921,9143.7001953125
1463.2082758813,16527.30078125
1184.38591275042,21257.400390625
1059.02123669599,18290.69921875
995.680457411563,16001.5
1364.21399398061,21536.80078125
1284.25414399912,17828.30078125
1767.1126623162,21156.400390625
1328.14217178347,41310.5
937.333785775131,40769.0
1563.5105304012,30840.69921875
1859.46773578905,25800.400390625
1265.83449485052,62397.8984375
1887.94153345832,24083.400390625
1696.57703126288,78618.203125
1852.80948246017,28049.80078125
1747.10070351698,13570.2001953125
1643.37493313008,22586.30078125
2119.02011164569,17909.80078125
1560.34295127458,21018.400390625
904.369679346065,10959.7998046875
1006.33234852823,10072.599609375
1312.04154561489,59013.3984375
1405.12578263833,18084.19921875
1097.02049197795,14619.0
1186.86965741842,17683.69921875
1164.48165230975,18135.400390625
1981.78277745492,80192.796875
1378.13837824018,56904.8984375
1538.7036001123,25181.80078125
1461.74170712706,23256.69921875
1595.31317630068,23227.80078125
1007.042021683,15977.400390625
2078.32282871554,19450.099609375
1297.94753922495,13394.7001953125
1163.26311276387,19484.099609375
1469.733883145,17028.900390625
1325.95924745304,15468.5
1247.98196053308,18945.0
1080.95806698515,17486.400390625
1008.68244476784,10519.099609375
2065.0831699041,32456.5
1235.52837722798,17192.0
1113.55369355976,12625.2001953125
1814.47098291748,17259.400390625
1003.83624138059,14928.7998046875
1131.06698361646,18639.900390625
1145.75082507038,44224.0
1304.76394319409,23194.900390625
1126.67228916981,49608.30078125
1342.02022458787,14066.7001953125
996.153350100696,42042.80078125
2014.94963968722,30723.80078125
1372.13388847352,20968.900390625
1326.22331447281,18978.19921875
933.090893668395,10732.0
1095.85942125628,15499.900390625
1121.71950116092,9783.2998046875
1171.48761429984,19918.900390625
1346.35889806829,18501.5
1746.20046997806,17460.80078125
1917.17534519038,22439.19921875
1852.42635696544,25594.80078125
2241.60534588429,23546.19921875
1139.59876516404,15298.2998046875
1524.01552645815,19825.80078125
1419.32960348693,16003.900390625
1095.09807070919,18437.30078125
1806.02150652706,75109.796875
1561.86253390542,23302.599609375
1519.07008911282,15208.400390625
1400.81762554906,19044.69921875
1229.55696544735,17354.099609375
977.866012896213,11939.2001953125
963.61875630838,11035.5
1843.49864194875,24776.69921875
1212.49885966302,21310.900390625
1503.97360813624,23344.30078125
1462.84297017702,22411.900390625
1551.58764273052,19077.5
1057.79879907095,15563.7998046875
1037.83996552203,12322.7001953125
1697.02352838741,56316.80078125
1084.28112378346,19334.19921875
2234.59036262528,30207.80078125
1353.29257853335,31221.80078125
964.758109160436,20257.30078125
1063.53209390166,10450.599609375
1063.68857393657,10110.7001953125
2133.07391213342,34627.6015625
919.2335563704,10892.599609375
1216.3382448897,17102.900390625
1880.05338046715,16953.5
977.945422337417,14133.900390625
1785.68522754161,65092.19921875
1438.05642127345,20898.0
1228.12069033688,17906.0
1945.89483322051,78039.203125
1736.39713500801,21211.900390625
936.821355425932,15742.7998046875
1002.98189380209,15212.900390625
1946.76109778388,28039.5
1200.5199510261,17508.400390625
1698.72498425455,62978.80078125
1537.64232021716,24082.69921875
1177.97936396168,41289.69921875
1269.88103514121,17552.80078125
1214.82612429611,19996.30078125
1563.82315634996,19943.900390625
988.421677144433,12305.7998046875
958.422505412435,11821.7998046875
1637.61446311894,10223.599609375
958.07457400385,9220.400390625
1381.68986247736,29820.69921875
1999.95116755813,26218.599609375
2018.26545719567,33907.1015625
927.602398209029,15853.900390625
1112.56012886835,68374.0
955.033515389443,10878.0
1655.9550369474,19975.599609375
1818.16068190436,83165.1015625
924.084771573708,8992.599609375
1178.51863537025,40437.69921875
1108.71996402583,18171.0
1229.62646263012,17702.0
1297.20701555796,13000.400390625
972.279174468288,21142.80078125
933.828632993127,17401.900390625
964.327538473628,28838.900390625
875.5682759667,9538.7998046875
2059.9831458766,35046.69921875
937.46565222448,42277.69921875
1236.47249200089,20084.80078125
1062.30653781329,14429.400390625
898.923617262715,10939.7998046875
1837.86547206565,40784.30078125
1321.95079696445,21345.0
1771.03090011563,24742.69921875
1239.65900465487,18629.099609375
967.01732446874,21815.099609375
1101.32931730936,21312.900390625
2201.74692958969,20920.0
1326.90503283131,54557.8984375
931.42724916912,8799.099609375
1499.17863664654,19887.19921875
1108.29440515509,61028.69921875
1703.65360417264,23798.30078125
1763.41149183921,23418.0
1247.02648564376,14877.7001953125
1563.92250168173,32417.599609375
2118.97979436979,30538.30078125
990.395107563356,17650.30078125
1133.71856843579,15804.2001953125
1815.52624863334,38253.5
1198.51845443721,59344.69921875
1011.71147502369,16899.69921875
1971.09513538366,26054.400390625
1442.20342063281,33872.80078125
1481.94834713696,18760.19921875
940.846066473316,35869.0
1321.64106673164,17403.69921875
1299.04813403277,18699.69921875
2036.91475889372,18467.5
925.319683052066,9623.7001953125
1962.94369498855,22548.80078125
1908.76395860205,31946.0
2242.04148525561,47103.30078125
2030.60722131568,29394.19921875
1181.92822952595,14588.7998046875
1367.11505586627,10668.2001953125
1134.61100581639,14409.7998046875
939.378495355864,10401.5
1906.81068682108,93162.0
933.889220280666,22611.19921875
1391.88534421106,30909.900390625
1572.50674023745,48140.80078125
1462.878943879,47874.0
1904.66897075607,56010.3984375
1187.63379230776,63916.80078125
1876.36201087491,34018.80078125
1248.38713801849,26525.19921875
2147.39345024628,22309.30078125
940.695377870302,12249.2998046875
1370.73147096491,19012.900390625
1930.39540223232,19009.30078125
2107.08552973752,25394.5
1466.25802164355,21914.30078125
915.930825270567,13436.599609375
1640.24789402674,44585.19921875
1521.98685468882,25844.599609375
1801.57869864618,21548.19921875
1060.91481217895,15595.0
1556.86018460434,18696.0
1962.06807503519,27955.69921875
1921.00125420053,39268.8984375
1182.66674846651,18815.30078125
1349.96172557671,12078.400390625
1025.33359108771,11474.0
1289.31953080892,15527.900390625
1777.94754040607,11849.7001953125
1454.90603550949,23929.30078125
1013.68947176392,12153.7998046875
1135.1556231621,16643.80078125
952.745120174273,43536.3984375
1704.8538784333,12194.7998046875
929.40542688175,8341.7998046875
1798.7353283321,24124.5
1017.17613651333,13393.2998046875
1009.55951257917,42428.6015625
1018.69215518607,14608.400390625
1679.2304676206,25840.400390625
1426.83741532563,27037.0
1403.24323315071,14433.400390625
997.78107658484,11181.599609375
1748.16276302795,59661.6015625
1283.20912466277,13781.400390625
1271.95136067072,50595.69921875
1311.19911502125,16086.2998046875
1795.30680064905,30985.5
1706.05003186742,27662.900390625
892.154212990886,11407.7998046875
1681.2387580046,20747.400390625
1136.09071666609,40004.5
1064.17004239986,16614.400390625
822.820248369368,9158.7998046875
1120.60108656265,26278.80078125
1068.51495280694,14075.400390625
1417.62736800396,27870.80078125
1118.16578944994,16168.099609375
1294.205717351,18474.900390625
1933.54750041599,23328.19921875
965.870398205742,10368.599609375
972.685799811676,8223.599609375
940.373842026325,9951.900390625
1775.39931037136,19774.5
1175.1303135894,13537.900390625
1750.18252490205,23557.5
1027.59280639602,17176.0
1244.62437789076,41110.8984375
1056.04466344829,49911.30078125
2241.36121475509,85938.8984375
1321.33278435681,52370.3984375
1245.90272510835,59880.30078125
1428.33572558162,37332.19921875
1107.02274035893,17014.69921875
1188.10000257548,15909.900390625
956.721383666365,14869.7998046875
1307.4722172218,14167.5
1941.36749270868,17020.80078125
1449.5639964529,13318.900390625
1812.70248008876,23902.19921875
2173.50701667011,27686.599609375
1176.18067886288,13483.599609375
1303.8922213199,15288.400390625
1004.96779807433,13373.0
2014.76030441367,29766.0
1484.0413928993,22424.599609375
1853.3573296429,24102.80078125
944.263234039961,10942.2001953125
1971.88522034284,23422.0
1223.38708575056,67854.703125
1097.00523378237,86419.8984375
1367.87139459729,14546.2998046875
1937.28386497911,75970.796875
991.380207854307,8433.400390625
882.659104708815,11277.400390625
993.607236166107,13669.900390625
1129.86269990295,11924.2998046875
998.457783127273,57034.5
1563.25247756071,21024.0
1760.89578292208,19283.30078125
947.925535099018,13868.5
1152.71524467398,32993.0
1368.13189765896,13543.5
1382.37770638882,19007.900390625
1693.84124793366,19562.80078125
1431.06527198418,17267.0
1446.7578249514,15834.2998046875
1289.8459942431,19505.5
1114.35279978787,9827.2998046875
1051.52411673156,13769.7001953125
1742.39705845336,21498.5
1411.29499409298,13848.0
1372.28101311845,22585.900390625
1064.22216528693,10928.900390625
904.16937376401,8072.60009765625
1408.10135352282,13134.7998046875
2005.90899174854,28439.30078125
2058.51123118523,13665.7998046875
1001.68851113631,30693.30078125
968.230852198554,11885.900390625
985.217344700005,13105.7998046875
1125.98945707441,14827.0
1356.26135562273,17328.0
1930.59565212753,21752.19921875
1805.78984925117,71492.0
1299.411657758,26755.0
1032.83895270523,14397.400390625
1198.95258908211,15834.7001953125
1013.91689683957,16839.400390625
962.727321290994,12281.2998046875
1001.24346186976,13045.7998046875
1089.33559597162,17356.30078125
1741.94833385503,37568.3984375
1144.45855614151,17835.80078125
1168.43720029544,19450.30078125
1260.15566175439,17944.0
1407.77302388373,18887.0
2148.11448351746,72569.796875
1815.09712580451,27342.5
1365.87513257185,20761.80078125
1715.18802041146,24324.30078125
1375.17394472472,23445.80078125
1780.77197719279,18481.80078125
1689.34175084441,21007.30078125
1687.90335963383,18426.30078125
1517.82270378115,17119.30078125
1086.33719348061,18627.900390625
1611.98826796398,19120.5
1121.91329138209,17287.80078125
1580.25333726822,18011.599609375
1061.86594349435,24977.099609375
947.622598661326,37031.19921875
1950.70506290578,24656.30078125
1659.28199182488,11483.7001953125
1087.60273272381,12749.5
1050.70006279683,14249.2001953125
1002.84434729453,15725.599609375
1045.68457140028,11636.0
1067.71083476277,32452.0
984.722734141259,12766.7998046875
1097.88408357275,11225.2001953125
1881.593455857,24528.0
2003.64053242393,32997.0
1170.24490666316,71791.0
1322.63084471759,12863.7001953125
1035.99027127306,14811.400390625
1032.95511546424,20211.80078125
1022.33095639647,16701.0
1083.26973930159,16066.5
1226.93032833466,21462.400390625
1231.93702120966,14182.2001953125
1071.50689562391,12975.900390625
1195.66762208589,17261.80078125
1677.6598758396,20982.5
1047.66535248277,47406.0
1475.173596928,17101.19921875
1522.30371283781,18364.5
1044.54733464834,12007.0
1508.87973056888,22487.69921875
1406.58488935531,24837.400390625
1164.45670460312,14601.2998046875
951.160940803047,14288.7998046875
1602.54377902416,80694.796875
1061.02663136404,15838.2998046875
1811.58016741133,17897.30078125
1058.98169903593,14883.0
1254.91530687707,28160.30078125
1079.11371867331,10928.7998046875
946.882743236476,12521.5
1310.84049173839,17020.0
1184.08163982844,12268.7998046875
1894.59121101305,65766.0
1538.226809344,20598.0
1987.44880257666,21353.400390625
1108.70247835645,13361.2001953125
1210.58145021033,21748.900390625
1994.8226318659,34727.6015625
1799.55938226684,24510.80078125
1420.10788283494,22574.30078125
856.351079821668,22310.900390625
923.384843616842,8913.7998046875
1909.34020607581,31130.5
1062.4722618645,13901.599609375
1646.86115238473,73158.296875
1002.12943957632,13509.099609375
944.957426251776,8919.099609375
1315.52286442716,18312.19921875
1234.12061378223,25421.599609375
1792.22219492172,18978.69921875
2018.31713458798,18787.69921875
1106.87661807722,18258.599609375
1121.97387866963,12989.7998046875
1067.33840114231,14367.0
1208.75347383098,14084.2001953125
1153.45365224085,19204.5
1116.33257850714,15210.0
2054.75660133689,56883.8984375
1030.67774624441,17091.30078125
1142.78104561779,13851.5
1184.21662474112,13514.0
2102.78294133276,38152.19921875
2313.40039062783,20816.5
1571.13740071487,20273.900390625
1403.07260865713,22977.400390625
877.827101467088,10512.7998046875
1055.15367392566,14240.2998046875
1072.2923028881,39746.80078125
1845.63022300794,69676.796875
1202.17184560104,17600.0
1643.52038716965,17334.30078125
1107.08800534146,29060.19921875
1039.62684500965,14850.7998046875
1340.60566734701,14254.0
1506.70493651784,22666.5
980.932464712015,9978.7998046875
1381.0836554809,43008.5
2087.96912678223,113809.0
1029.15315179751,13081.5
1378.92601297818,16712.900390625
1053.71027089901,21301.900390625
2141.1738978836,21768.0
1147.5434959899,15698.0
1953.19582411628,25201.5
1854.36592978251,27382.30078125
1086.36570514533,25306.5
1215.14075497129,18597.19921875
1442.18704870033,12187.099609375
1555.18946787573,23500.599609375
1286.40465858566,15204.400390625
992.23656015924,14521.7998046875
1017.29942718852,36913.0
1903.76016144299,24835.599609375
1590.06992570742,32063.0
1444.08374264662,15998.5
1350.48028147887,20823.69921875
1407.38600030984,19915.69921875
1263.76673091589,18473.0
1314.21244158676,23400.599609375
1460.28126392579,80962.1015625
977.010662954494,12483.0
2313.30349551724,35900.3984375
911.379984910073,10915.900390625
1033.69820072611,12520.2001953125
982.711882162386,9728.7998046875
2309.39271975506,37644.0
2205.92834341936,37380.69921875
1406.01109210274,21173.5
1185.14436758155,16854.5
1096.86122760078,15214.099609375
1895.72343594892,32289.599609375
1312.09934856017,28196.400390625
1111.96951418854,9159.0
1911.40529704187,40832.0
1442.41402828122,16306.0
1252.51776544538,20183.69921875
1056.46264890809,13822.2001953125
1011.8875568281,19182.0
1618.45506991919,21398.599609375
952.534846646934,14719.099609375
1265.50594246406,16888.0
1759.60340261952,19152.69921875
1214.86098426119,45711.80078125
1013.1127787954,18748.599609375
1065.98810652077,21092.5
1847.93042383428,59377.19921875
1732.89654854731,36200.19921875
1472.70555595033,51914.0
1011.15839327752,51441.1015625
2008.84947992058,27587.0
1053.98714589317,10800.7998046875
1031.30500286834,49194.8984375
1740.75763773173,24558.400390625
1011.60878848121,17816.69921875
999.606825490388,16515.30078125
974.064271976866,13423.099609375
1189.92575148102,26938.69921875
1694.73156921415,26589.5
2007.84266176001,30787.599609375
1494.83094189721,16977.0
1116.05915609738,16567.69921875
1473.6132515265,17324.19921875
1233.04686003378,21736.099609375
1404.31464805167,21650.599609375
1463.8473381164,20186.5
962.594786599504,11657.2998046875
1937.13128302336,22771.400390625
1187.19653919954,24906.400390625
1007.12354722432,14338.2001953125
954.854203748015,13810.7998046875
984.561576411354,7174.7001953125
1764.5666597553,18059.5
978.192449182565,14570.0
1446.83656615046,23608.099609375
1931.09037405997,25844.599609375
1763.25011136193,20599.900390625
1169.91668839776,13516.900390625
1425.27528794509,20329.0
1153.28547796846,18372.0
1788.43482120843,24887.400390625
1040.08381126107,20115.0
1420.53310758462,14590.099609375
1801.84666374511,46156.1015625
1063.45769627652,14316.2998046875
940.731685693349,28876.0
1578.25184067933,23363.400390625
1607.59312802256,19682.5
1685.51985128712,34079.0
1005.15769021634,13607.400390625
1038.10436666287,11969.5
1314.80973868799,22665.69921875
1752.21609711375,55247.1015625
1161.73952068019,12592.0
1314.2926306438,18624.599609375
1104.18872543484,19593.0
1791.96169186004,25724.30078125
1735.17246990916,17906.900390625
1132.65728854066,14675.900390625
1193.23522068912,17807.19921875
909.348918606406,12516.5
1002.978329844,19379.69921875
1237.73702888088,20297.0
2235.97741056463,24693.0
1389.2800908469,48196.3984375
1768.83371995283,33463.5
2209.88322316291,33764.0
1252.38021893783,13930.5
1685.83626394134,38842.69921875
1129.49282787737,20633.0
1213.09649088532,14737.7998046875
1162.93979494085,12528.400390625
1071.30909594989,13612.400390625
1930.66604029982,7263.2998046875
1297.82636464987,55400.69921875
1874.97095348272,24251.5
1360.72810884703,15614.0
1023.10255332306,15626.599609375
1531.79598109077,22290.400390625
1868.88371306415,28330.400390625
1045.44500659239,20223.19921875
1243.8616908594,11497.5
1299.70390232142,17170.900390625
1088.37722536635,12291.0
1042.32943897915,17025.099609375
1049.18326450825,12366.599609375
1114.01021431642,24191.400390625
1266.92228168396,32903.30078125
1761.90616504074,21346.099609375
1694.24263871361,22327.5
899.795005015841,27139.5
1350.77330565813,11333.900390625
1443.26971234401,22927.5
1609.64095606662,24405.19921875
1946.13718237067,20561.900390625
1883.24312295814,20594.099609375
1135.62071969291,19341.5
983.401173931826,8200.5
1020.76248071558,13073.2001953125
1330.90813738277,35412.0
2006.77146960644,19895.599609375
902.684316977176,6402.0
2042.50616364295,19876.30078125
1019.90568291588,13091.400390625
1962.33425815507,18386.400390625
1168.68489538273,16226.2001953125
1318.14448972379,34332.80078125
1624.99170317823,18484.0
1132.03994417517,15973.7001953125
1407.75988178827,17645.0
1077.84316761405,20055.099609375
893.757270202623,7120.2001953125
879.244164615977,11405.5
1991.06711102804,30202.0
884.934357828526,13469.2998046875
1322.67817853598,22863.69921875
1398.40660790083,14997.2998046875
925.66577679476,26553.599609375
949.016440395781,10798.7001953125
944.655603550987,13107.5
1333.18016066546,17588.599609375
1360.6743153546,15725.400390625
932.9348034414,11030.900390625
1557.23083624575,19411.0
2057.90892226793,28281.5
1318.92789226156,19658.400390625
1454.79844852463,19487.0
1161.56911893398,14589.099609375
1028.86124135516,49081.0
1943.703667237,38237.80078125
1078.99187585609,19796.0
1090.54478012751,11755.2001953125
1795.44935897267,17072.19921875
1302.14343163437,24327.0
953.346315354664,13690.7998046875
1341.87900274853,12389.400390625
2103.50196987752,36581.80078125
1109.08415599321,17732.5
1386.69477337332,52255.5
949.325836507512,14557.5
2025.38424073406,15496.400390625
925.82041916378,9224.2998046875
1704.1561222634,20569.0
1051.9036782682,63394.1015625
988.557107551872,10583.099609375
1287.23895889991,65821.8984375
1001.63727923876,13525.400390625
1687.62436853955,26240.0
1167.60935965523,18967.900390625
2040.34952350343,45728.5
1456.96923312281,18844.599609375
2131.03176414757,23354.099609375
876.448573615053,9717.0
1138.50318217229,24658.19921875
1616.88436676449,29732.69921875
1422.97196865542,26913.099609375
1168.07590404402,16067.599609375
1417.30917337069,37894.0
1252.2917882277,21265.400390625
1697.93267182156,23750.69921875
1477.85079769611,41937.30078125
1510.51558733242,18077.0
1922.73333783251,38706.0
1222.03311579724,14106.5
975.269669427286,13153.099609375
1408.930642021,26201.0
1219.77390048894,18219.69921875
1716.44108580134,24279.0
821.279560424215,8494.599609375
875.908299843271,17735.5
1056.81514663798,39063.80078125
1078.10155457561,18373.900390625
1008.51750033246,10511.900390625
1357.93285196718,11170.7001953125
1051.61031996788,15854.2998046875
1239.37321976548,19508.5
1967.91140707194,22315.599609375
1439.83583872382,73746.703125
963.554939183822,9130.099609375
1440.81704093561,17229.900390625
1459.78052781407,86666.8984375
2053.7500059237,94785.3984375
1832.61542767727,86083.0
1996.02324024764,72764.6015625
1718.93195838553,22299.599609375
896.398552955598,32124.5
1291.95440957471,22098.30078125
1012.63988610626,13710.0
1306.95800489356,19550.400390625
1267.85737518795,20483.19921875
1657.70705646995,16036.2001953125
1781.05564598205,35977.0
1083.06336385342,11961.2001953125
1131.9647669342,35460.80078125
2300.34850785828,34754.3984375
1206.82993882532,15107.400390625
1137.7234549663,12888.7001953125
1765.37634648398,24692.80078125
1877.24609522874,25516.400390625
1310.22504072564,14859.0
1125.78876168444,14053.7001953125
1236.98425410795,18121.69921875
2239.35715657132,36736.1015625
1303.16662172741,21968.30078125
1378.89427147643,16076.900390625
1758.99797523889,25593.900390625
1340.14836697452,14601.7998046875
1129.26473455958,16205.5
1193.09800830264,39607.1015625
1808.56116078761,15058.7001953125
904.205737273902,31766.5
2042.33687563365,25061.0
1008.93303557108,15058.099609375
1349.14234933696,16327.099609375
1586.57758089981,26920.400390625
1157.5836114256,16550.400390625
1422.23601130973,15788.5
1021.63531632668,40366.1015625
1003.23036850521,9841.2998046875
1053.09014219127,39926.6015625
1152.01314493015,26602.0
1389.87839031135,20457.5
1109.93772395588,18586.30078125
1422.16250467411,18543.69921875
1757.74524397008,13903.5
1389.82459681892,21093.900390625
2086.07555129927,19902.5
1873.43199182976,18566.0
952.933230337237,14089.2001953125
956.471572478959,14031.0
1736.74640290088,18372.099609375
1132.98517268498,24194.099609375
1794.72086366423,76878.3984375
1678.67883373241,22771.900390625
1338.63401890713,27472.19921875
1587.4229072094,15201.2998046875
949.504034412037,10228.0
1389.78862311694,22468.0
972.782026680119,12981.599609375
1806.3963903687,23698.099609375
1349.25717561169,19713.900390625
1153.35675713027,12147.400390625
1604.96114497273,20352.0
1113.15842833279,13011.7001953125
927.102775834217,10437.400390625
1752.8362258215,83824.0
1379.69905776274,19869.099609375
1603.40013132909,15225.599609375
1885.15028603132,19294.5
1160.8250313089,17061.80078125
1355.63944493594,29092.19921875
1856.45619120258,43182.8984375
2031.30642534356,11664.7001953125
1803.35856159131,22612.30078125
1088.17330013936,13177.7998046875
1387.25609677257,16609.5
1080.12989222387,36587.6015625
1002.72818453552,13704.900390625
1034.96340584824,36951.8984375
982.547271848081,14023.400390625
1649.58513010277,20774.30078125
2011.71044727772,23938.69921875
1512.24800508547,63200.30078125
1084.01460654251,21866.30078125
1035.03724660492,37466.69921875
1012.42961257893,10802.2001953125
2262.70464602217,29384.80078125
2323.34784315317,38208.30078125
1591.0581444617,19066.599609375
1929.55943131272,24346.19921875
1259.09404773818,67466.0
1678.20660928542,26525.599609375
2012.42412988534,19430.400390625
1255.0681115802,69981.3984375
1026.34152298518,14779.2998046875
1594.78927446138,23095.19921875
1218.83802736911,16220.7998046875
1883.26450670668,26603.0
1133.5055105662,20030.80078125
2011.04487810432,18101.19921875
2091.24017206717,22946.0
1159.46604953952,27651.0
1011.7723964323,52086.8984375
1851.22786468382,20681.19921875
921.228648972091,12782.2998046875
1303.20693900331,13442.7998046875
1190.80716286628,16884.0
1003.63265027468,16111.7998046875
978.728156633042,11617.400390625
1747.54875987317,21846.19921875
1779.00781793799,21472.0
1795.38275750585,27524.19921875
2161.38844542552,25783.69921875
979.091680358273,8697.2001953125
1357.49882869597,21458.30078125
1733.99068368109,24651.400390625
1016.19348644356,15638.2001953125
959.535796820954,16830.69921875
1058.37192808138,18626.900390625
1282.02878629267,12216.7001953125
1303.72727688452,17235.30078125
1127.83235752827,9615.7998046875
985.871665130683,16093.2998046875
1062.73877910545,15693.099609375
1034.05782637218,19452.69921875
1410.77287423272,18412.0
1476.40104636911,16051.599609375
1302.37152495216,25121.400390625
1717.85697952648,18686.900390625
1160.17884115762,14932.2998046875
1296.83023836358,18013.69921875
1062.28760428593,16404.80078125
1371.56577127916,24136.69921875
2031.65346576262,22481.19921875
974.172638577555,17197.5
2223.62294984392,45231.0
1561.52328964468,17614.0
884.87627644902,9708.599609375
1486.73752719476,21376.400390625
1040.63054470689,19653.69921875
1274.41149411638,16868.80078125
1659.61878586443,18910.900390625
1803.22491316292,25481.80078125
1422.51110432484,48919.30078125
1048.98902879232,10945.599609375
1024.44404942306,17822.69921875
1969.99520881798,22352.0
972.984838170206,16384.5
1600.51054093353,21282.599609375
987.265172744067,12739.400390625
1860.31807391471,43818.3984375
1275.67068505922,18240.80078125
937.330221817041,14141.2001953125
1653.59992889172,22906.80078125
1878.96815522859,107123.0
1512.24377288524,35178.80078125
1464.23580954827,18645.69921875
912.3262157831,8321.5
1118.18260687718,53856.19921875
1010.7049909842,16715.5
1714.69719655818,21923.0
877.590822183057,9189.0
1016.58941991268,19320.599609375
964.034959789136,13377.900390625
1230.35428969641,20923.69921875
927.201452923848,10899.7998046875
1374.9725810926,11910.7998046875
1000.78760935525,15032.5
1296.63633676871,8457.7998046875
907.595061417965,16040.900390625
1420.31503789895,123404.0
2061.56576601616,23215.69921875
1036.31202986442,13933.599609375
1193.50118106163,19881.19921875
1411.0897323817,21977.400390625
1206.52098820835,23665.19921875
1954.40556514062,15709.7001953125
914.128186405763,24239.0
1859.08995623146,26287.5
996.98664805173,9729.900390625
1144.64599806233,19624.400390625
1926.27969887994,22936.900390625
2105.73256214741,28591.80078125
1279.98697242789,37649.19921875
1127.61495608475,14723.2001953125
1678.02128346471,28943.80078125
1176.79367965445,15725.7001953125
1353.45162016314,23156.5
1998.8080280006,43244.69921875
961.098258322566,14934.0
982.399701708396,14112.0
1120.83630779662,17089.0
1925.49963755288,17876.0
1994.929773356,23149.599609375
2083.15355115983,41212.3984375
1645.62668640114,50553.69921875
1680.73301007682,20492.69921875
1011.01761693295,10943.900390625
1360.28729178071,16645.30078125
1838.75000191423,24900.30078125
1017.47940707209,11587.0
1052.35596682462,21310.599609375
1049.51226238948,17038.400390625
890.990246553268,12808.900390625
1107.62081707599,15339.400390625
1538.58988757447,19232.19921875
1474.03881039725,17090.69921875
1357.86658462143,16856.599609375
1000.94865571146,17353.19921875
1359.07053421388,12002.0
1410.1132078649,26751.0
1105.12571229157,17351.599609375
1153.77407434793,18462.400390625
997.281676957409,8991.400390625
1764.1624846331,47011.8984375
1114.70095394383,11245.7998046875
1142.78349583897,14378.7001953125
1072.1288063107,13025.7998046875
1742.616575997,19645.19921875
1572.09688505704,29729.5
1203.81917385469,67415.203125
1664.4738991469,19935.0
1510.67095363042,23172.0
1155.17860795665,16362.5
1213.67240423801,23156.0
898.589663252266,7713.5
1106.43323941602,15397.599609375
1721.3607958242,19815.19921875
1932.52664917044,27864.19921875
1585.86089120254,34242.80078125
931.649272620788,23458.599609375
969.177751313723,10651.7001953125
1119.65808552664,14728.0
1129.11115024061,32530.599609375
1925.79255035844,42660.8984375
1255.93136905393,14834.400390625
1061.31397548509,14042.7001953125
1870.7946628428,20565.30078125
1862.60000945584,74588.203125
963.948422431751,13979.900390625
1909.41905864856,23155.19921875
1137.27617822594,68754.796875
2126.69576363572,32347.30078125
1121.5747153635,15919.7998046875
1433.72008664053,19345.599609375
1654.7229098113,20556.69921875
1281.80537066987,62352.5
1252.52923693548,20407.099609375
2119.63333518463,25729.900390625
1001.50752888953,28812.400390625
1001.23633395358,15008.2001953125
1039.43194105158,14922.2998046875
1169.57376880524,19274.19921875
1815.85981283587,31492.69921875
1004.95421048411,12514.2998046875
940.45692679931,10919.0
1553.86011150797,23863.80078125
1291.43195559338,13175.2001953125
1847.29748715215,14441.5
1894.77119089662,31297.5
1892.17016973269,23510.099609375
1886.3606952978,26404.400390625
1248.56433355981,21298.19921875
959.846306669589,8837.900390625
2184.9462084037,36231.30078125
1024.14612480143,12619.7998046875
1087.15757208357,28257.80078125
1730.60848745321,28211.599609375
1307.34747868863,16808.69921875
1145.51994741033,19312.0
993.999717050823,13027.5
1506.77309721632,24750.099609375
1118.12769964784,16033.2998046875
1421.54560580339,15711.2001953125
1100.25801378209,8419.2998046875
1975.07563107598,22693.19921875
1874.3009293617,24901.0
1108.09337564405,15732.5
1075.67238301587,13150.5
2403.34333271556,10242.7001953125
1332.88223604383,14503.400390625
1046.9982240777,20050.80078125
1761.97488260767,33786.69921875
906.431818909334,13858.5
1198.97363870958,13080.0
1012.93146242754,10652.099609375
1405.77085905271,19892.900390625
1035.52907282141,13910.400390625
1016.41768168219,13061.7998046875
2020.26572867396,24002.69921875
1871.29361697547,24212.30078125
1651.78019416545,23107.0
1201.06880057203,16729.69921875
1133.2809812065,14806.900390625
1610.76471660203,22351.69921875
1364.27068318898,15368.7998046875
1920.11872907837,19660.30078125
1031.54245157612,12405.0
1163.62129055197,16318.400390625
1766.45978974349,29794.19921875
1023.42052520895,16288.5
1432.57861768835,18705.30078125
1247.7699050267,15173.7001953125
1178.22995476492,19962.69921875
2020.75399093236,20379.5
2060.12815442141,32249.5
2337.87097237194,26795.0
1018.34645125129,10763.7001953125
959.739387926874,73012.8984375
1013.15487805034,11451.2001953125
1894.27758270108,24765.80078125
1039.62149907252,13044.2998046875
1977.83858958564,24456.099609375
1769.3533895919,23242.0
1618.10402004727,48117.0
1264.79459870393,17108.599609375
2016.22865514695,22256.400390625
1455.78310332082,16890.900390625
1276.46789793459,22222.69921875
950.403599708817,11882.900390625
1111.64953757622,17924.80078125
1835.67898377713,27726.80078125
1155.33787233382,16410.80078125
1824.35484106564,25546.69921875
1350.19627856854,14065.0
1287.86944536085,16416.599609375
1650.65932934599,15820.900390625
1070.87562954713,13392.400390625
1851.32086171525,21981.400390625
1102.50263913696,15122.7001953125
1464.54230994405,24914.5
1765.43270157129,36032.80078125
1068.77222603159,12657.900390625
1165.94955754828,25456.400390625
2127.89325355412,26355.19921875
1760.75389284061,20899.80078125
1578.2014997713,17799.0
2004.04816013053,29602.0
1152.73373270657,35298.69921875
1841.95756419568,25047.5
1467.34146490306,101352.8984375
985.877790683651,10411.5
978.40127485193,14071.400390625
1081.20219811435,16125.5
1206.36629015249,11441.5
1978.96680506866,20850.099609375
1221.63573447015,19932.19921875
2183.24397292073,20697.0
2101.71642687418,18497.80078125
1501.56181087218,29872.099609375
1818.4112727076,31576.5
1173.05542173859,11619.900390625
1980.54541575537,19237.80078125
1848.19805481214,21226.0
1234.05044835733,48568.8984375
1380.52021598153,18279.099609375
1777.27428644803,32403.599609375
1830.0565057683,20593.80078125
1443.55159915423,87105.3984375
988.891451370237,16245.7998046875
1053.67496543918,38016.0
2043.93041039486,114494.3984375
963.476866226902,14772.0
1415.06811197391,25317.0
971.459018612712,10345.5
2250.80815391609,22301.400390625
1042.99912897909,16551.0
1613.29935904652,21692.0
1525.19051889111,24052.5
1795.28185294241,20235.5
1537.40130755129,17249.599609375
1721.36324604539,18012.19921875
1961.73328572206,37250.5
856.770513139444,13657.2998046875
2146.12512666082,35299.6015625
1559.53604888816,61107.5
2129.01701408953,71460.3984375
967.18371676209,11893.2998046875
949.387426158264,14148.5
975.537300405144,11011.2001953125
1047.04990147001,19700.69921875
1024.55742783982,16101.7001953125
1166.39973000458,17153.400390625
1664.20515443214,24824.5
1057.65445876829,14712.2001953125
833.852870446418,10372.5
1331.56034171333,9019.0
1889.75491988424,20697.5
957.00505245563,38411.5
1004.91032925012,13569.099609375
1029.13098843314,16532.5
1135.68520505961,21299.0
1021.1054003081,13157.400390625
1460.20352508994,17205.400390625
1092.52455884678,14293.7998046875
1330.81647683563,24023.0
1660.6116823137,61997.1015625
2129.63491532347,31634.80078125
1897.32610335274,24194.30078125
1721.91777564953,19488.900390625
958.964895284333,13120.0
1199.04090841854,12888.5
2169.26902500575,22350.69921875
1058.77420985085,49229.5
1679.03801388371,18000.900390625
1397.51172029905,33438.5
1414.26410530343,17283.900390625
1441.66025114508,13943.2001953125
1919.57099326934,23282.69921875
1455.94749088774,19667.400390625
964.317626215188,13111.5
1479.6737622594,22951.900390625
1475.14541938435,23866.5
1022.89227979572,19450.599609375
1021.41112108805,8573.7998046875
1119.68548345446,12048.599609375
1166.45318937594,13192.900390625
881.824804394568,17702.900390625
897.711871511946,11170.0
907.769361243329,10529.400390625
1086.00039944106,9736.2001953125
1327.97678185333,11051.7001953125
1124.55418432715,17165.5
1258.68196508397,13209.5
1482.49318723005,35537.3984375
1641.33278514423,65930.203125
1005.97172051894,14862.2001953125
1078.25770048945,16255.2998046875
1676.86789752767,19106.0
1411.31348212557,20609.900390625
985.263342034111,17845.0
1542.44609022839,20722.599609375
1008.40412191571,8930.2001953125
1056.97441101515,13604.0
1145.03591735217,16154.2998046875
1057.30842071244,18576.5
1087.60774453987,17300.900390625
1439.75063785072,25100.5
1101.4151864246,30530.900390625
1328.41904677763,24417.69921875
1258.61001768001,11245.2001953125
1006.22654352241,13973.900390625
1290.74689602417,15135.5
1108.60903583027,12348.400390625
1452.78158236648,17481.19921875
1344.16461362144,98950.203125
1817.70950708484,29977.30078125
1091.824241082,9841.900390625
1590.58803611483,16244.0
1329.3474578602,15954.5
2158.85380298103,105271.5
1082.79818309675,19711.400390625
2230.44859782936,42017.5
979.485052232512,13884.900390625
1183.67423486922,19216.69921875
1003.3825049662,15785.2001953125
1007.71237992508,29597.19921875
1453.61265284371,20866.0
1085.51681487765,18723.400390625
1065.52156213199,13817.5
1126.67440526993,15681.900390625
1246.03347782079,10269.0
1595.02805965344,22046.5
1879.07952891892,15643.0
2281.06927656774,24795.099609375
1088.61456270044,20667.69921875
961.084336611275,8021.5
1243.66344569061,14893.900390625
1091.50849666992,13796.7001953125
1037.08863860707,14886.2001953125
1301.51973896853,60468.19921875
1039.9095114357,30642.80078125
2064.48932538728,20327.5
1179.77637845512,15294.400390625
1040.90173964284,12288.5
935.610946159447,12826.0
980.191829671334,10680.0
1315.038834369,19574.599609375
1899.49165338748,27321.69921875
927.775250176418,12787.599609375
959.23575609921,6881.60009765625
1071.49932221297,17363.0
1042.91571008504,13706.7998046875
1030.56904552265,15668.400390625
1003.92244461691,14019.5
1543.39911489653,23977.900390625
1377.75102054522,16421.900390625
1671.36692821499,23006.400390625
2199.4967355503,28715.69921875
1095.58533060438,12587.2998046875
1973.99686551146,19884.69921875
1969.94976835232,26722.599609375
1724.32912741882,20493.69921875
1273.20620803965,13209.099609375
1826.45434650202,36488.1015625
1431.03720581421,46995.5
1399.93487767952,8619.7001953125
2261.63078090003,101635.1015625
1836.72210976074,22602.5
1852.23290086534,31375.599609375
1155.1757122407,15717.400390625
1481.07940960503,17134.5
1962.6436542668,18389.900390625
1639.79493722818,21462.19921875
957.620169347312,15920.2001953125
1396.39653553779,10721.099609375
1120.92897070697,17217.900390625
1031.83781460287,17548.19921875
1632.6794949005,24152.599609375
2215.8147631624,18964.400390625
1279.23531139186,13873.099609375
1730.02655992124,22786.0
985.661837098105,13616.7998046875
1991.18828560312,23407.69921875
2016.95859831336,28279.599609375
1685.92358091455,18150.0
1780.6785346666,18404.599609375
1017.11733120483,10451.2001953125
1685.6467059204,22048.599609375
1247.32229416527,19309.0
2041.81074632054,27924.69921875
2350.50876776084,27902.30078125
1079.4224465429,15863.099609375
1062.53953157346,17254.400390625
1494.26037448166,20239.400390625
1019.75855827096,15405.2998046875
1789.77375571355,26100.599609375
1000.57410599089,9975.900390625
1450.49173929333,15699.599609375
1607.68579093292,21397.400390625
1956.34636306828,29557.099609375
1380.20981750659,24740.80078125
1331.75457742926,31075.69921875
2022.66627719529,16557.599609375
1968.83603144904,31474.099609375
928.0696665268,16691.599609375
1023.70887169321,13952.2001953125
1350.89125039619,18525.599609375
1988.05111149396,29332.19921875
1056.27910506643,42175.8984375
1576.60417830462,20491.19921875
1980.74054246083,26620.19921875
1111.09389423518,11848.2001953125
2201.69747967118,25405.30078125
1271.28813034482,15187.099609375
1043.74466446215,11440.400390625
1762.72977348072,18744.900390625
1127.63065977508,84113.703125
1049.19896819858,18361.099609375
1912.50188239684,14233.7998046875
1638.48807834587,27864.599609375
983.006242825923,12128.400390625
1220.57935501739,27362.400390625
1805.48836067146,22023.400390625
952.015845250005,26175.900390625
1122.70705167306,12403.2998046875
2234.03572164745,28720.19921875
898.509808316301,13547.599609375
1020.79065825923,24650.400390625
1829.22287369619,18754.599609375
1045.89016723263,14872.400390625
1134.57826195144,16752.0
1075.85024679932,14532.599609375
1120.07785296549,62677.0
1910.52076719328,22755.900390625
1378.42104466623,14785.400390625
1423.07487794528,14079.7001953125
1810.24657884334,27515.900390625
868.37548461109,8430.5
1693.66026568688,25455.69921875
1125.39817415246,15423.599609375
966.863294655016,12577.0
1881.58098200368,22683.80078125
1111.95603797201,50221.1015625
904.754252698768,52144.8984375
1578.21330538248,26401.69921875
1313.13289640641,17959.80078125
1453.2442286761,15104.0
1036.87090304248,16594.69921875
1443.64604404363,17953.400390625
1227.71261713552,19714.400390625
1229.87348947526,14807.400390625
1340.26987567067,17507.400390625
1486.46633225881,15353.2001953125
1051.93218993292,34184.80078125
1107.0979175999,20672.69921875
986.604504013041,8879.0
987.515429426234,13902.2001953125
1226.07286229282,19009.599609375
2312.77246576176,43212.0
1435.78150227481,58248.80078125
1479.51416376116,25739.099609375
1423.33972458088,23713.5
1633.42826022058,17899.900390625
933.283737213197,10440.900390625
1050.07926584694,13426.7001953125
1670.52227014754,11601.2001953125
1449.76858992203,20970.599609375
1335.6289339947,18741.400390625
1619.14246833589,17987.69921875
1537.90315739991,20734.599609375
1797.11094305867,24934.5
1917.17378595872,53531.19921875
1757.72876066392,21608.0
976.462147529628,11753.7998046875
1123.6957159221,18160.099609375
1733.57693042152,18645.5
1071.37068560064,11519.400390625
1036.91723449766,12334.400390625
1060.8566751126,15692.7001953125
1807.4592294955,15477.7998046875
1279.62021886564,18779.19921875
1796.35783416467,22510.400390625
1055.31717050306,11601.2001953125
1710.90659300787,18019.599609375
1840.28428587219,14946.599609375
1877.72589308667,25368.0
2216.40727119495,20459.69921875
1517.4685354459,19631.0
1690.22494420871,22661.099609375
1404.36944390731,20534.0
2125.42343059741,98976.796875
2145.72484961778,18639.099609375
992.48815332569,13241.400390625
983.451737587235,37426.8984375
1076.78400381903,58030.19921875
2022.84870730005,29868.80078125
1073.76065362139,18695.69921875
1670.14983652709,18007.69921875
1792.14913378087,22786.900390625
1813.90386808633,22103.099609375
2136.6242826337,30975.5
1225.31618944073,20270.099609375
1476.93486046685,75048.5
2132.387850201,22476.599609375
1691.62847545423,46248.19921875
1293.15936153036,19895.900390625
908.167466499406,12350.2001953125
2141.13558533413,25575.19921875
1126.48629510696,14577.599609375
1185.47470194706,17240.19921875
1031.35534377637,13839.7001953125
1064.40749110764,16327.099609375
1756.58617797484,21192.80078125
975.406547692699,13528.7001953125
1061.46110013001,16772.0
1181.07187722102,20853.900390625
1363.00124586662,15399.400390625
1128.92682678312,12315.900390625
1624.12176328308,45264.80078125
1171.30195435806,66407.796875
1113.99027842585,19302.400390625
1163.77810470795,21810.400390625
1825.88411320754,30582.900390625
1109.66652901993,14469.7998046875
1094.98268756601,13094.5
1817.99105977399,42744.1015625
1106.43502139506,55376.0
1036.42039646511,15243.7998046875
1128.36806497875,17983.099609375
1794.28427879815,34439.8984375
971.755940871127,12668.0
1468.48582957118,17184.400390625
1338.09875695142,19235.69921875
1498.65117084915,17544.30078125
1013.8612099944,14057.2001953125
1882.96914367993,19490.400390625
915.757973303178,12829.2001953125
928.479855828278,9232.5
1396.4920941641,67618.703125
2183.86053767039,27595.0
1449.87517454368,19383.80078125
1343.3959124108,17430.099609375
1142.7671239065,13462.5
1711.65179436985,32400.400390625
1094.93769259512,18030.900390625
969.915156517385,12300.7001953125
1028.7928579093,38134.0
963.346447635528,8494.7001953125
1024.03809232182,33752.5
1332.91609364569,16846.099609375
1310.21613083041,25494.5
2239.95701526743,37893.3984375
1111.48949358322,18909.900390625
1764.74263018601,16971.900390625
1541.44573174187,50726.69921875
1958.37603720081,26184.19921875
1185.16463759319,71992.203125
1255.65371444395,18807.599609375
971.023881604601,11426.900390625
1144.99170199711,49134.1015625
1363.64988623909,14595.5
1792.88943470048,24230.30078125
1906.8472173915,20401.19921875
1350.32736540205,17568.099609375
950.146215110468,8814.5
1509.23712874114,19183.099609375
1699.74360802629,25492.69921875
1030.3185660931,12185.099609375
1971.94914884109,24108.19921875
1924.46118926426,26313.400390625
1374.31324884586,17271.599609375
1068.24542847634,12233.7001953125
924.169972446809,13094.5
1527.30505977568,23764.19921875
2083.32996708531,37612.80078125
1056.92206538069,19659.69921875
1028.63637787439,13424.2001953125
1724.54051468307,26774.19921875
1075.71336853391,15603.5
1195.66550598577,38752.30078125
1022.08905274108,11081.5
947.385595448308,14110.400390625
1048.42024335581,15958.400390625
1474.11966769643,17590.69921875
1370.77457258307,12949.0
993.354640636443,12517.5
1956.89632635112,28333.69921875
1265.21793010087,16871.69921875
1953.87899033275,29965.19921875
1252.76011459553,13383.5
1389.07939545693,18079.19921875
1482.30685904613,16778.80078125
1365.68312432972,16364.0
830.166679730786,15609.5
930.732277341473,16428.5
1192.9982174761,15490.7001953125
1093.90993618077,13296.900390625
1210.59670840591,17241.19921875
1904.33863639055,29270.19921875
907.735503641469,12016.099609375
1529.52674215034,57745.0
1008.32994703795,14284.0
1150.60638384762,16188.400390625
947.12509238663,11622.400390625
943.006159197228,30056.599609375
1073.86690412196,12898.900390625
1377.45053432871,14610.2001953125
1716.29819335665,26376.900390625
1015.42044165899,12955.400390625
1367.67181294422,20413.400390625
1584.40000250651,23030.0
994.749930228872,13807.7998046875
1786.77145514338,23836.80078125
953.362019045,10360.900390625
1009.2494482253,9923.599609375
1119.90433275596,15284.099609375
1821.02153788782,22958.0
1744.41347911675,23545.900390625
1191.83246905944,14349.7998046875
1144.7222890402,15090.400390625
1128.65886168419,16278.0
1322.0331021216,19842.30078125
1244.29860984655,17609.0
1565.01708231027,20374.69921875
987.081294781335,13212.7001953125
1019.15769721164,10070.7998046875
1940.19138653881,23584.5
1913.16767431762,29117.5
994.522839274293,13489.7001953125
1643.2826043408,19393.0
1043.82774923513,32451.30078125
2121.1549225419,59027.0
1262.74420906499,33312.8984375
1097.29926032484,16190.5
1776.53576750747,24538.69921875
957.864745971272,14253.5
1103.81907615664,15798.2001953125
1315.02747425258,13814.7001953125
1820.83754855139,87538.6015625
2010.92593100305,25394.69921875
1964.16902832954,22121.19921875
1326.45886982785,26548.69921875
1365.5890135614,19034.30078125
1226.66481345691,21347.5
1773.33466490006,20295.400390625
1131.78367331373,18526.19921875
1270.84296970457,31384.5
1821.26566901701,38311.5
1434.2995639513,20160.69921875
1864.88317010756,15043.900390625
1776.28952027815,29011.19921875
2139.9198301305,32821.69921875
1496.6331909541,30810.599609375
1107.6472126406,14204.7001953125
1193.07840653314,17231.0
1683.93166246304,28291.5
947.061609383143,11113.900390625
1138.66111006517,15268.900390625
933.244533674202,13415.099609375
1956.33322097282,36093.8984375
1838.24792931823,51403.3984375
1471.0154601996,20457.400390625
1002.31264929691,17126.900390625
1247.11057277995,19391.400390625
1013.48521241585,14925.599609375
956.334025971404,12105.2001953125
1717.70061086526,19561.0
1474.21377846475,20378.900390625
1017.92022413841,15722.2998046875
1418.05905242767,18733.099609375
1065.31730278393,25566.400390625
1991.82445212227,23434.0
1006.3786799834,18221.30078125
1072.32126004759,9843.7001953125
1010.60698213671,12725.7001953125
1155.4993641848,17718.69921875
1974.73972802595,32843.19921875
1759.37430693851,23495.69921875
1096.5304477405,14260.0
884.173118655134,9883.2998046875
959.517642909431,15341.0
1817.98504559471,23597.5
1173.36192213437,36543.3984375
884.713392426916,14051.400390625
1487.74824343449,27611.19921875
964.018253735587,17964.5
1470.84193999007,20613.69921875
1968.26579815456,20181.69921875
1368.12365600588,69411.5
1037.76579064427,31226.69921875
1830.93145747951,23384.80078125
1699.33297323005,25018.0
1105.32061624964,13694.400390625
1250.17346063767,8288.5
1177.3550030537,17556.0
1017.62341325368,17712.0
1897.14367324798,24468.69921875
1009.56096043715,12398.2001953125
1073.84262465747,19068.099609375
1586.71802312331,33398.19921875
1070.90848478578,12610.400390625
1930.59854784348,82759.6015625
1317.28913978207,19640.69921875
988.512558075741,14062.0
1854.50314216899,61576.8984375
1057.24928128288,14759.7998046875
1156.38033007529,9389.7998046875
997.43136319721,11845.099609375
1996.48766853631,35161.19921875
1074.77749541408,11982.599609375
1599.71221432126,17877.5
1181.9852528554,31890.900390625
1016.15071894648,15636.7998046875
947.573816984962,13402.599609375
1398.40838987988,18135.400390625
1831.75651377746,25528.0
1837.71823604703,23802.30078125
1698.7335600287,24491.0
1801.95258012461,23623.69921875
1942.22707485063,25079.19921875
1038.31497431128,17287.69921875
1051.81881151617,17325.0
1302.45561208836,42271.69921875
990.77355536309,16309.7001953125
954.056990872647,10815.2001953125
1407.76489360434,23744.30078125
1090.07077370148,56253.5
1078.1546798259,9943.2998046875
1460.30977559051,23660.0
1756.01026462215,20018.900390625
1011.71503898178,7654.89990234375
1375.36105252447,20768.5
1284.9233885043,12096.2001953125
1442.12467943375,13016.0
1473.28570150325,27379.19921875
2191.87632491068,25534.400390625
1250.77320796008,25589.69921875
1237.88738336282,62720.69921875
962.260442781139,7250.10009765625
1505.16753409655,13824.2001953125
983.029408553511,9281.0
1382.79858756457,14478.5
1603.42719513584,71170.1015625
1175.14211920057,16624.900390625
956.479368637282,11871.7001953125
1177.95653235516,10007.0
1027.6102920654,15465.7001953125
1049.23137794247,14597.2001953125
938.135008103351,57141.19921875
1149.12377728197,19003.0
1779.9208594513,19660.19921875
1606.48585079332,19321.80078125
2009.62374981574,23192.5
2016.14712960563,22936.19921875
1547.44420732924,20600.69921875
1300.93948204192,13059.5
1411.80285812087,20085.30078125
1528.32357217373,24658.5
1174.07148391545,12803.7998046875
883.846626681938,9550.0
1000.8699145124,11267.900390625
1078.04274926712,17641.19921875
1957.93767035568,23321.69921875
893.58157820613,16056.900390625
1045.89373119072,11819.2001953125
1911.61267485326,17258.69921875
1349.19046277119,14090.599609375
1412.6592104258,29929.5
1028.0293912621,13547.900390625
1132.8572043148,12452.900390625
1074.50953031515,18350.400390625
1068.76042042042,16782.400390625
1766.08668788089,22840.400390625
1688.43728510526,17392.5
1091.26369729858,16902.30078125
1017.5552525552,17432.599609375
2076.10649227801,25883.69921875
1258.78999756358,20175.099609375
1021.29707442915,19025.900390625
1970.85323172826,31071.30078125
1841.00999683837,125552.1015625
995.584898785262,16301.7001953125
1421.04598342858,28856.19921875
1768.9228189051,26665.0
1070.58483284168,15493.5
992.894110426936,49262.80078125
1136.78969794659,15766.0
1265.30780866896,17589.5
2224.6019245819,25148.19921875
1927.0263480999,22991.0
2044.82563211772,36758.0
1610.37156747518,20721.19921875
887.44978831143,11203.400390625
965.683290405991,21888.19921875
1025.92420576752,12992.7001953125
970.0324330133,16778.30078125
1322.39172540445,15707.5
1483.93057607742,24020.400390625
1032.31048454462,12858.0
1404.21619370942,27279.69921875
958.997639149289,17433.19921875
1021.50990955137,20507.400390625
1116.85570073061,16212.2001953125
1295.49163797952,14593.7001953125
2042.34288981293,22274.599609375
1023.87949618679,17934.0
1394.22964901877,21882.900390625
1625.40968863803,14967.599609375
1389.29568316355,19584.5
1875.01862142218,22110.400390625
1901.11436805556,65372.8984375
889.258886850274,10548.0
2090.79890950609,29236.80078125
1018.64404175185,12411.2998046875
1146.45726838813,14308.400390625
1469.55067342441,20373.099609375
1299.46656498733,23995.69921875
1360.42873636743,18874.099609375
1250.30276549214,45547.30078125
947.875973806822,9851.900390625
1853.04681979426,39400.30078125
2024.48812802168,25065.5
1640.93829953309,38369.80078125
1955.45336881923,17799.69921875
1443.11367780386,38220.0
1754.94753686904,20712.5
2131.30351595197,19348.0
936.175165274649,13013.099609375
1100.83749109287,14432.900390625
1631.96247108217,21482.900390625
1451.94115649926,22589.099609375
1951.24099310364,25594.900390625
931.981110531121,10096.900390625
1119.66911152198,13107.099609375
1048.54175205196,15086.7001953125
1015.59830544245,17297.69921875
1950.56250458216,15417.400390625
2300.94235237511,25518.900390625
1344.12964228268,18995.5
1227.12244795047,20725.19921875
981.8066368074,11055.7001953125
993.563800426879,26053.69921875
1972.30108970253,28969.19921875
904.502269724401,8836.7001953125
1265.61286120677,18116.80078125
1119.45560815762,16710.0
1161.5367091901,23737.900390625
2047.61866152377,10326.7001953125
1851.86325158715,24664.5
2141.38105294761,26171.69921875
1014.4346731259,12062.0
1350.41256627516,16814.30078125
1987.51362206443,27329.0
1513.72459747184,18271.0
1078.98619579789,32634.5
1051.8783964405,15153.0
1110.0203632341,11778.7001953125
1671.36202777262,25963.900390625
961.657465621703,12532.2001953125
1740.4689571264,26245.69921875
1186.45835438004,11221.0
1653.70573389753,14908.0
1816.41968837715,24505.900390625
1052.52380697595,42247.3984375
1005.86903397646,18854.099609375
1240.01150238475,15693.400390625
1901.71667697285,17916.69921875
2036.76819111725,21138.900390625
1138.80611860998,37726.8984375
961.355642920914,7953.7001953125
1252.04097467709,39703.69921875
971.193949229732,25730.0
1827.70529579178,20673.30078125
1155.77234109979,17341.900390625
1335.80033810412,16323.7001953125
1786.01055009106,80168.0
1306.98785304256,14406.099609375
1095.51115572662,14747.2998046875
1892.65063583277,29821.80078125
1799.70505905379,21239.69921875
1164.49301242617,22299.80078125
1049.45056136504,12251.7998046875
1278.57286068179,18575.900390625
1881.51326679997,26036.900390625
1990.42114362414,37122.8984375
902.559188636093,10652.2001953125
1267.57515425666,20773.30078125
2033.01779346914,38190.30078125
1756.79678562325,49849.5
960.244690359892,9844.400390625
1247.0627934668,25396.099609375
1561.93704290425,40808.3984375
1193.10268599763,16549.30078125
1222.0716510941,17816.5
1004.64659635142,10126.7998046875
967.82879317647,10980.900390625
924.998926823921,10529.7001953125
941.471541118199,15631.099609375
996.657984291572,10977.0
1066.7432201412,12953.099609375
839.482866179345,13180.2001953125
1838.79956320643,42597.80078125
1271.16406005379,17694.5
1790.45703330371,45921.19921875
1578.35831392729,20233.19921875
951.3825744468,11743.7998046875
1039.41623736124,15389.2998046875
1460.840805346,15318.400390625
1072.66406826642,12403.900390625
1787.35995372307,20486.69921875
1035.6374394221,14258.2001953125
1134.67582530416,11601.7998046875
1667.46840355875,16891.400390625
1192.99788335503,15347.400390625
1856.65577285565,18859.69921875
1148.36075612953,17377.80078125
1377.1661972973,18293.5
1012.64768226459,18329.80078125
1940.67140714413,21480.400390625
968.554392768957,9287.5
1981.67519047006,33803.3984375
899.215472018219,10687.7001953125
1478.6039065901,16462.19921875
1062.15072602052,10002.2998046875
1975.31775747875,25820.19921875
1662.35189622508,18984.69921875
1729.53573606797,17003.19921875
1069.39268886041,30311.80078125
1098.03978399183,13404.2001953125
1088.78529856771,16646.69921875
1889.6448826782,23868.099609375
873.203923894726,12058.0
2139.65186503158,18389.0
1429.25622913218,16958.30078125
1419.82142970342,16049.400390625
2055.05307810054,22891.900390625
1249.38148232574,46596.3984375
1079.20682707843,10682.7001953125
950.081729743769,14201.2998046875
1022.97469632656,15973.0
1041.59236789656,15500.7998046875
1869.37798950182,30743.900390625
945.493801944395,13784.5
1946.27795871524,19370.400390625
1378.08814870584,57722.8984375
1176.4130043809,13795.400390625
1948.04701841241,21402.80078125
1273.24652531554,12428.2001953125
1491.37679826537,29260.0
1073.12448710223,12667.7998046875
1792.66557358292,30304.900390625
1218.10986618175,17511.0
964.63726870643,18491.19921875
981.861878157802,8706.599609375
932.6785882668,11014.7001953125
1149.35977813177,15173.7001953125
1456.34019451984,19139.80078125
1145.25721687485,19995.19921875
1166.00234867749,14559.2998046875
1077.76264443594,27356.69921875
1619.50031200291,24995.19921875
1918.52274409597,13086.7001953125
1084.04768452854,24060.099609375
1420.81176455782,16383.2001953125
1840.04416419584,24750.400390625
1685.64882202052,29301.900390625
1233.07637406172,18894.400390625
988.229668902308,18711.69921875
1121.12966609695,31369.19921875
970.266874631441,9970.2998046875
1731.71153248222,19284.900390625
1742.22598846502,20849.400390625
1370.87469753067,15158.400390625
1614.11338934913,18935.900390625
1537.47370045001,22821.80078125
1348.15023250352,9273.7001953125
1395.79211052038,16459.400390625
1036.41750074916,9534.5
1311.47632413647,19658.19921875
1132.21780795862,12939.099609375
1415.96622941271,16597.099609375
1409.00258942495,16689.599609375
1191.24263399546,18475.80078125
1169.83649934072,16404.19921875
965.531488066074,11410.2998046875
1243.92862644728,13038.2001953125
989.260655153674,14184.7998046875
979.960506516522,11271.2001953125
1286.65090581497,13049.2001953125
948.359224249155,14598.2001953125
1590.80298733716,16564.19921875
1732.39659205142,39001.5
1812.2748051179,22423.80078125
2178.35823187342,24034.69921875
1076.34062515784,13732.7001953125
1207.89600778914,22710.900390625
973.727923432075,13124.7001953125
1611.78868631091,28671.900390625
1840.91733392802,22328.400390625
896.169735708819,12242.900390625
1115.43691128952,13527.900390625
991.156680857819,14668.400390625
1227.10852623918,20876.69921875
863.420858936311,34419.6015625
1434.81633787442,20501.5
1307.64896726835,30535.599609375
1812.06631356961,27080.80078125
952.470695401305,9788.2001953125
896.21428518495,7430.7998046875
1370.3055779731,18352.400390625
969.84209537653,11273.400390625
954.235522898243,9575.2998046875
1298.43836307822,14634.2001953125
1819.20993344094,21652.900390625
2042.8981990329,19159.80078125
1025.99158685017,17719.5
1941.43476241764,46212.80078125
1285.85113134473,13277.400390625
1178.10588447389,18610.400390625
1928.53835731979,92888.703125
972.014327832688,48706.1015625
1094.38672694907,15090.7998046875
1151.82915559373,38854.3984375
980.949170765564,15742.099609375
991.860896701763,16985.69921875
1629.72853760157,15535.2001953125
1201.55706283043,14719.099609375
995.243538424406,17398.5
1873.68570109633,31859.5
1151.17951285804,16581.30078125
1051.11103171414,9310.5
967.300325015863,9667.2998046875
1512.0933070296,4977.2998046875
1097.21506181495,25018.900390625
2134.66544216821,59377.69921875
1264.10207709747,18989.69921875
1026.18715905039,49950.6015625
1944.24427512985,24394.0
1321.02494747675,16700.5
2275.60639705715,30693.80078125
986.380642895482,15997.0
1031.9123236017,29379.0
1632.91003843948,24316.30078125
1232.73067012694,15993.400390625
1749.00497087421,26052.900390625
959.656303153889,11882.2001953125
1680.6307690291,6603.7001953125
1738.62282683552,28039.80078125
1260.97113991497,22316.5
1211.01012754441,31427.30078125
1048.36288590529,14079.099609375
1084.86171483114,15253.599609375
1212.1847858563,11379.2001953125
2142.18116153893,43338.69921875
1052.70657120178,12442.599609375
1091.22404826482,13783.099609375
1844.60313483573,20451.5
1893.09546235194,34509.0
1001.22486246347,13350.2998046875
1696.93119959813,25309.900390625
1885.76506880193,48169.19921875
1393.89853503743,18069.099609375
1726.37595309967,53110.5
1160.07481813085,17148.5
1125.67504914661,17872.0
1554.31663226463,53047.30078125
1013.94607674643,7940.0
1539.83693878508,19760.5
910.811199473568,11773.2998046875
1124.35248657397,16956.599609375
1592.53930316937,21762.900390625
1384.73426230247,18307.69921875
901.056256371961,7488.39990234375
1012.06753671167,12708.900390625
1818.13963227689,24137.19921875
1267.8003518585,18724.0
1996.95343330926,23833.19921875
1065.43457927984,16834.19921875
901.306457367283,9935.2998046875
1084.20951050058,17598.599609375
1642.56268480652,19533.30078125
1028.24077852634,16739.099609375
1413.51244426741,22231.0
1887.20000742812,69140.703125
1790.78591981125,24121.80078125
1885.25609103713,25790.599609375
1059.11634982753,18197.099609375
894.200648863819,8751.0
1095.49233357295,75669.5
1987.60940343812,45511.8984375
1466.9322779648,19310.099609375
1365.80028945195,20008.19921875
1004.46416624666,33624.69921875
945.4545984054,11514.099609375
1333.24854411132,82905.796875
1182.17091279717,12788.400390625
1746.40361558922,21910.599609375
1090.31880290984,12394.2001953125
1656.76539191822,25324.099609375
944.266018382219,7927.60009765625
1068.16635315621,8074.5
1806.71581011256,25920.5
1806.23066631749,14087.5
1071.15328415712,13485.2998046875
1148.92809370806,13746.400390625
1043.76994628985,14111.099609375
1099.58264372394,13555.5
1403.60363841261,18229.5
1183.12248960734,14674.5
1080.65412818424,12753.2998046875
1163.92667721085,17174.80078125
960.29848385232,10766.900390625
1079.54072540203,17430.099609375
1604.86525222536,24504.69921875
951.802453259337,17260.0
983.320650753719,15663.2998046875
1191.27404137614,25168.80078125
1214.23339351619,70143.5
1966.89902022686,25265.5
1978.95967715248,25943.900390625
1098.19804600578,18816.599609375
853.837041509894,17906.19921875
1008.70416263745,11707.099609375
903.517559241366,8491.099609375
1567.8724809829,21177.5
1446.28560050441,20031.0
1393.74172088145,23412.5
906.86840377542,12593.2998046875
950.400369871797,30165.80078125
1268.43228617742,11691.5
1187.56641122512,14138.2998046875
1473.39618420406,16468.900390625
1275.08864615357,14968.599609375
973.19644818183,14184.599609375
902.998279410211,59281.5
1227.31601542426,18094.5
1383.93727217449,15847.5
1559.69820898128,18908.80078125
1155.45481470867,19606.5
896.705387472451,9896.7998046875
1568.65332192579,21174.0
964.405945551619,9700.2998046875
1962.96084653686,30703.69921875
1359.05238030235,12192.7001953125
1196.0785910032,13523.0
2017.49653323764,37215.0
1422.15793835281,14017.900390625
1018.67968133275,19810.19921875
1358.77929201367,15356.0
1605.63083497267,18257.69921875
945.02335947645,13980.900390625
1894.84068807938,22155.599609375
1268.34207348826,8907.2001953125
1049.79949513683,35949.69921875
1846.20045630242,22332.0
1470.92892284222,22622.80078125
1467.44871776685,15348.7998046875
2164.26344586765,29997.5
2061.74129095212,21961.5
1928.48133399034,24367.599609375
1758.3898748897,18308.400390625
2124.20567066736,28210.69921875
1021.94003474342,14957.0
1143.45173798094,17075.0
1440.43926137802,16209.7998046875
1229.13252031351,12584.7001953125
1391.78198942643,15115.7998046875
1735.93092474029,20921.0
943.192598754838,7066.10009765625
1157.43782326496,19294.599609375
1032.28119326407,13401.7998046875
1821.10952310317,22765.599609375
2158.06215879018,83165.703125
997.481258610477,12245.599609375
1420.45180479068,76269.5
1377.08812434038,12904.2998046875
1634.55023877694,20321.30078125
1091.6100694755,17038.5
1910.93841853201,20100.30078125
1053.62250843103,12662.2998046875
973.937417343582,30081.599609375
1298.20091437044,25718.400390625
1102.58561253626,17055.69921875
1389.54983792488,31805.099609375
846.777564461606,7933.7001953125
1597.32503064277,23127.19921875
1137.5679772946,20854.099609375
1509.984891698,21709.0
1916.34872966077,24266.80078125
1972.2990849761,26254.30078125
958.252437787304,11716.0
1659.06949082373,25081.30078125
1508.11592980061,17020.599609375
1875.31264796464,89554.8984375
1738.00158439087,20806.5
1453.23531878087,19041.30078125
1313.5694812725,17181.69921875
939.787236799368,14604.7998046875
1395.1965953982,20972.69921875
1151.91335410361,25688.400390625
2098.96393749141,23522.099609375
1953.57649938982,45231.3984375
949.799842933548,13134.7001953125
1435.63604823524,22681.900390625
1215.05521997712,14986.7001953125
1014.75008341691,54602.5
1254.57628536371,47868.8984375
932.732047638157,14531.2001953125
1091.24832772931,18395.5
1578.23936682602,33309.30078125
1294.89968681543,9144.2001953125
1490.0142525379,14155.0
1158.20864057572,16162.900390625
1123.71175373351,13192.0
1010.63872363845,17192.80078125
1065.70510597365,16266.7001953125
982.958574886463,15752.400390625
1178.89429882772,30883.099609375
1405.18492206789,16797.400390625
905.735065102642,14792.2001953125
914.531581912131,9455.2001953125
1413.93299132209,16428.0
1005.29211826056,18323.80078125
2168.19382339932,16138.599609375
1859.1597875353,21646.5
2032.40768839352,24703.0
2007.45886802314,17503.400390625
1073.35013019884,11566.400390625
906.47102244833,35630.19921875
1992.49380800114,21133.400390625
1039.88489785014,16257.7001953125
872.830822032127,10171.7001953125
1294.9207364429,11491.599609375
1839.61504136701,33671.0
1623.07106388852,18346.0
1119.94821398995,14331.7998046875
955.047771221805,12738.2001953125
1061.37990870976,26643.5
1146.97437643233,17298.80078125
1479.41827101378,19856.19921875
1614.76993725361,23079.900390625
1346.1722357633,19392.599609375
1114.14319450267,12139.900390625
1178.49190568457,23160.19921875
2064.06165041642,18617.900390625
1391.97900948462,12305.7001953125
2344.17427774975,41231.5
1023.50606020312,13885.599609375
2118.92989895652,31045.099609375
1590.71711822192,50710.30078125
1017.37460442949,23360.099609375
1118.13371382712,18440.80078125
1160.24410614015,11222.7998046875
1167.98390937581,23440.599609375
1064.53935755699,60071.3984375
1369.58343096501,33943.3984375
1854.18806599905,23465.19921875
1578.88978917753,21701.599609375
1666.44944566594,28020.5
1003.886805036,17691.5
1414.04993369693,20048.69921875
955.33789968511,35733.0
1015.17207832956,17524.30078125
971.554243117943,13034.7001953125
1199.26231931491,16395.900390625
1935.66694174293,25102.099609375
1748.97144739342,71286.8984375
1333.4146022836,15414.900390625
1183.05911797754,27033.599609375
1966.21251279968,30201.599609375
970.862835248386,17289.69921875
870.631470082374,9917.2998046875
1136.86810502458,14869.900390625
1236.94616430586,14024.900390625
1252.13931764565,17864.0
987.585594851141,38352.3984375
1520.85919607425,23373.0
946.040869511287,13084.5
1976.75581456827,28510.5
1445.26586299576,13526.900390625
1694.46182213617,18817.599609375
964.053893316492,16162.0
931.703455921133,10309.2998046875
921.681995578571,16246.2001953125
1701.98600590735,18189.0
1745.96948094432,22574.400390625
1858.64089751206,36810.0
1452.29153812904,19320.80078125
914.666344077428,13421.2001953125
1249.25574142936,17950.900390625
986.197099053821,15729.900390625
1163.9295729268,21575.19921875
1413.40764162481,18329.400390625
1750.21382090903,18914.69921875
1892.157473132,26793.0
1291.99506097167,53982.1015625
1225.17474485402,79229.1015625
992.877404373387,13706.2998046875
1280.88831970371,15780.099609375
1838.33736239157,55164.19921875
1365.95888558697,13691.7998046875
1061.02173092167,18130.30078125
1712.8108603651,24691.900390625
1668.82404411742,19841.900390625
1110.56286447969,14292.900390625
1032.08840540611,14968.0
1579.37515571998,20598.19921875
1088.88508939424,13844.5
1082.55549982552,57953.8984375
1226.49697330559,18152.400390625
1046.76367108587,11640.0
1566.74872044749,16954.900390625
2045.96097551692,28278.69921875
1138.37421143889,8934.0
1301.26313398601,21039.19921875
927.022920898252,11645.0
929.565081066835,10309.5
1203.21185312133,15782.7998046875
1556.1869306463,16006.400390625
1832.02525849223,27837.30078125
983.381238041257,13755.099609375
1638.65090668113,20022.099609375
1449.34592676724,18606.099609375
978.960148029996,63009.69921875
1553.47119458135,21248.30078125
1162.35463757187,34901.1015625
1503.43010452744,16422.900390625
1635.98150207135,42850.5
965.474464736626,13602.0
1375.31717129048,71838.703125
1060.92762015334,19089.0
1936.9938478895,27540.900390625
1606.21176014142,20866.900390625
1346.67787231739,14864.5
1442.10151370616,24804.099609375
971.572062908395,10743.7001953125
1089.49062814856,11432.099609375
1294.60209631487,25388.0
1937.74717953087,16824.0
1411.09541243991,15939.7001953125
1121.89725357069,11377.900390625
1008.43196533829,13182.0
962.942940755469,10784.400390625
932.279424960664,11559.7001953125
1022.1175644058,11026.599609375
1022.28362257808,15962.5
1986.57340537069,37294.0
2031.96508934816,25205.30078125
954.087618637487,14709.5
1145.64212434862,20263.900390625
1147.93419489557,14335.0
1420.4653923809,16067.2998046875
988.822622429614,29044.400390625
1264.11065287163,15084.2001953125
990.927585176814,8297.599609375
1009.36783845812,14317.5
1069.55807879055,16210.0
1063.03358526375,27437.80078125
2213.34226723712,30066.19921875
1028.13775786279,39100.0
1844.02399164603,41841.80078125
1790.74426605107,23956.69921875
2293.66296797527,38675.1015625
1481.03664210794,14625.900390625
975.534404689196,12830.900390625
1135.37692268478,29342.0
1562.95533255492,21618.80078125
1164.25957317124,17853.5
1294.16116787486,8704.400390625
973.817022384337,16144.5
996.985200193756,16119.2998046875
1186.77098032879,23027.69921875
1613.41206922113,18053.599609375
1552.76987445335,20943.69921875
1018.95199000561,11801.2001953125
1341.64166541444,15869.0
896.864373415395,8492.599609375
1228.74471712379,20658.400390625
1055.29300241226,11914.5
1079.16294584444,19781.5
1757.91096802129,17890.80078125
1089.81706443491,18678.69921875
1453.12372234317,25151.0
1178.94018478814,15527.900390625
1775.20507465543,59547.0
1355.52439591383,18465.69921875
993.705690508357,11198.400390625
1169.85320539427,21786.900390625
1938.80344760995,31873.19921875
1148.97843461609,17404.599609375
1719.98544212234,22833.0
1139.59341922691,56942.5
1928.53724358289,22169.30078125
953.795039952996,11949.7001953125
1963.90373619918,22559.900390625
1093.73062453935,20800.80078125
869.648207457313,11206.2001953125
1531.72258582885,14066.599609375
1474.37738641585,25117.5
1149.62172905142,47903.80078125
1400.63018362823,12278.0
1447.75283750079,18118.400390625
924.091231247747,22512.19921875
911.801979822726,14027.900390625
1074.16560835942,13721.2998046875
1999.16665128346,19827.099609375
988.955936736937,11904.400390625
899.031594055488,11936.7998046875
1618.01202537906,23711.19921875
1482.79478718346,35912.19921875
1875.1761038203,24956.599609375
1195.68120967611,67299.796875
1055.87247972304,13082.7001953125
993.990807155596,11577.900390625
1606.55601621823,24244.80078125
920.068580613634,10997.7001953125
1411.15956368554,55342.5
993.161407283724,8886.099609375
2292.44832650856,13273.7001953125
1213.12678452909,26774.80078125
1036.40970459084,11369.900390625
1686.92115505882,26239.19921875
1489.6607524448,64374.69921875
2168.71260204887,31424.099609375
1374.42618176785,35670.3984375
1515.91888191868,19589.69921875
2154.92832589173,31451.19921875
1841.46896781621,29610.30078125
976.722316470235,15739.0
1650.25626796069,18062.400390625
1408.49873484991,18815.80078125
975.954283501732,9884.7998046875
946.240117043284,9481.2998046875
1327.65992370435,12972.2998046875
1040.30978847874,13511.2998046875
1755.45428716004,18001.5
1428.83958015666,16429.599609375
1817.32214938988,53974.80078125
1725.16921916497,23073.599609375
1051.62245970012,22616.80078125
1987.17749626702,30219.400390625
2048.00356899754,36516.69921875
1081.98270493616,12527.7001953125
1186.27770625433,14584.5
1079.5560949713,13336.7998046875
1146.44045096089,47292.80078125
2031.66103917356,29851.80078125
1740.76432015315,16974.19921875
1068.11500988497,8099.60009765625
1076.31534333013,17006.30078125
1058.41536382061,14883.400390625
1638.57962751932,13348.7001953125
2046.73903211755,40868.19921875
1179.99556187769,20830.19921875
1758.1008601633,21098.80078125
1853.92967903749,23164.599609375
1074.33021867372,7884.2998046875
1349.05258214256,19377.400390625
1471.33265246966,27625.69921875
1608.87693255097,56135.69921875
924.990016928695,11100.2998046875
1928.04252165045,29260.5
1079.04644896436,23228.900390625
2056.3835482052,41825.30078125
1092.25124781072,14506.599609375
1191.89272222591,32936.69921875
958.007972537034,12925.2998046875
1054.09762859397,16793.900390625
816.39871981928,6556.2001953125
1152.5077554889,22440.80078125
1084.701002596,17506.599609375
1726.46327007289,22724.19921875
1928.96024085875,31837.30078125
1162.93199878253,21692.900390625
1619.07230291098,24308.69921875
1019.90356681577,16326.7998046875
1701.28568814257,19026.0
1442.01375123818,35907.80078125
1684.98414383664,24953.80078125
1917.63999622643,70408.203125
1075.17198102522,17123.30078125
1673.73417600291,20020.599609375
989.189041870794,12312.7001953125
1075.93934575158,20463.80078125
1547.94995525702,19881.900390625
1812.67608452416,19400.19921875
1858.4573536704,32178.69921875
1011.9220826721,14663.7998046875
1027.88404859622,13678.400390625
1104.73545888066,14274.2998046875
1210.25490255029,20322.30078125
1215.19065038456,17766.30078125
1032.06590792066,17885.69921875
1389.46218683059,16781.5
1313.35809400826,11692.599609375
1881.27047215505,27058.599609375
1187.89039729028,24515.69921875
998.16130636362,17110.400390625
1986.46292266988,23278.69921875
1158.88089217054,9518.7001953125
1011.9773240225,13830.2998046875
1027.67555704793,31303.900390625
1160.81968537177,10155.2998046875
1028.80243604667,14724.2998046875
1275.65353351091,25068.19921875
1497.18170637896,19517.099609375
2047.73515840385,21253.80078125
1440.58749975984,15078.2998046875
1345.54497913937,21665.80078125
1948.56334684077,49642.80078125
1077.50681906926,14432.2998046875
1870.06716989757,17811.80078125
2181.61413033647,44522.6015625
1048.48795855953,13736.900390625
1683.65656944793,15982.2001953125
1016.99749311404,16892.69921875
1863.62687488066,27463.19921875
1156.6715722755,17259.599609375
2159.31845401708,24932.19921875
1080.15729015169,11836.2998046875
1718.49782374063,22085.69921875
1274.23942176482,13009.599609375
1806.54006242922,27212.69921875
1122.18348395483,13647.2998046875
1006.13209863302,13351.400390625
1068.69560093265,13109.2001953125
981.717871976208,109059.703125
1509.57570475974,19218.30078125
935.936380082586,11636.900390625
1984.00512807172,33012.30078125
1290.21519802654,13334.5
1774.8161577288,83995.796875
1403.02126538589,20102.099609375
1917.00382970728,34072.1015625
1677.60140465217,26522.900390625
2269.45500539295,30101.30078125
1857.91418418267,21897.5
2078.96300468755,25398.69921875
1067.6471290119,21686.900390625
1695.50884619895,17133.599609375
1718.48423615041,80854.296875
1135.95996395365,57937.3984375
1228.57476087235,17344.0
1582.70990675578,29759.30078125
982.832388495321,15185.099609375
1098.68163056919,18124.599609375
1390.08053355929,22839.5
1426.94934588441,17177.69921875
1020.75969637332,14233.900390625
1191.56517220265,16614.099609375
1691.68761488379,18472.19921875
1234.44281786835,14868.599609375
970.28335793761,16545.900390625
1241.19540471294,14701.7998046875
1054.3506696184,16026.400390625
1292.09128784012,18638.30078125
1020.42323645484,14054.599609375
1692.98055205481,25273.099609375
1062.63152624167,12048.400390625
1852.65912797823,25323.5
1069.20636067649,17111.69921875
1269.67187535078,23841.900390625
1156.70966207759,14622.099609375
1147.28510902834,24954.30078125
1007.56803962242,15064.7001953125
1430.23598348599,32477.5
1180.80636234327,16270.099609375
1024.01492659423,13792.2998046875
1294.09423228698,13225.599609375
1140.82187103123,27006.099609375
1105.58546288524,21828.19921875
1162.37991939957,10443.099609375
1092.42911159417,12241.2998046875
1421.95445862058,24866.900390625
1094.57494848572,14390.2001953125
959.045084341369,13064.0
1852.86550342641,25593.099609375
923.921943238449,9273.099609375
1216.82862324821,17008.599609375
912.21255893212,9960.7998046875
1911.44227310706,17596.80078125
1396.84526013613,20189.400390625
975.312436924372,12257.7998046875
1177.37672092331,16501.5
1899.33060703126,25432.099609375
1223.4165997785,18280.80078125
2285.21661004818,35611.1015625
2102.9390872466,22091.099609375
2222.56980022818,15200.900390625
904.810217978158,12143.2998046875
1448.47776885113,19420.80078125
1095.56361273476,15538.099609375
1064.02325187601,15456.900390625
1348.05756959317,17093.69921875
1413.87674760847,33514.3984375
907.355552296915,7839.10009765625
1123.23418334938,23418.80078125
1395.52770937955,19700.400390625
1455.57394353038,18373.599609375
939.09193085065,27746.80078125
980.392079566543,14480.599609375
969.043768764259,10256.400390625
1251.05231042804,19504.30078125
1045.27115226179,16763.0
1145.1311418574,17623.69921875
1655.03553576005,25473.400390625
1971.12721100647,60506.3984375
1040.38496571971,12906.7998046875
1796.83896850689,26968.0
987.883519472768,11036.7998046875
1343.17171717217,56757.1015625
1660.44874260475,30650.099609375
991.548382126703,11916.900390625
1137.98930396511,15906.7998046875
1059.70484840723,23104.69921875
1075.95827927894,43864.3984375
1980.86461275185,26992.80078125
1773.883514446,25492.900390625
1501.00694714697,21066.69921875
1455.40175980514,19374.099609375
1988.10367987579,19758.30078125
1433.07757182102,23802.19921875
1073.96068076922,19715.900390625
1692.06606268353,22604.599609375
1963.70281806182,20401.400390625
1111.87651715711,19267.099609375
1407.1101276789,16632.30078125
1593.82344181886,17717.400390625
1861.54942143498,39912.30078125
1055.55138937382,18175.19921875
2084.22051111317,26647.0
1218.59144601873,18426.599609375
1050.30268146974,16518.80078125
1859.35257539325,51356.8984375
1052.64498155102,13065.2998046875
1402.16023538596,16837.19921875
1754.02547408682,25229.599609375
1990.593104602,31040.69921875
1722.50839032934,16486.80078125
1120.10213242998,16375.099609375
886.995383654892,8308.900390625
1032.71176395087,16633.599609375
950.952783375824,12079.7998046875
2005.09485007224,30801.900390625
1020.5953088064,16023.2998046875
1185.42057433357,29906.400390625
1119.84519332639,14029.7998046875
991.307146713452,12845.099609375
1829.10849291622,17480.099609375
1816.73186883114,26321.099609375
2129.14242086484,125902.8984375
1097.61856869501,16486.80078125
1057.08923728987,15208.0
2169.33785394637,38170.69921875
1013.79928622258,12522.400390625
1949.52650651473,29697.099609375
991.376643896217,13978.7998046875
2093.95301241618,61845.3984375
1585.67266966589,28600.099609375
935.341867323614,12100.7998046875
895.909566768212,13313.400390625
1343.79006390087,42667.30078125
1381.84422641215,18738.69921875
960.254713992022,12662.599609375
957.754597391538,10016.0
2053.91728920658,22566.19921875
1663.18163021802,15793.400390625
954.894521023914,41339.19921875
1210.41171670627,15367.2998046875
1236.15318363072,54427.1015625
1438.33864220474,29093.400390625
1017.56672404531,13044.2998046875
1214.59446702023,32510.400390625
1047.91805938612,17957.599609375
1403.2582685989,22182.69921875
1919.20680130197,32865.3984375
1606.55245226014,43495.8984375
1119.00588119608,38438.1015625
1049.17970055016,19100.400390625
1038.31787002723,13672.2998046875
1010.37499073975,17144.19921875
1747.29995104898,21024.900390625
860.395448325396,14920.099609375
907.225467826612,16841.69921875
1272.78922494306,10108.2001953125
928.240012586157,12187.400390625
1495.51132377142,22216.0
1130.33815418696,18247.5
1982.04071892171,30166.599609375
1394.64340227834,23182.099609375
942.953145320632,12938.0
1975.76525696649,114290.1015625
980.877891603754,15642.900390625
1041.71320835057,13352.0
947.025969802238,12685.2001953125
1037.60363055115,17616.69921875
1363.89646758948,49593.6015625
1965.44581631546,21664.5
978.506411615599,10999.0
1511.76932096444,20174.099609375
1207.54206220128,29891.400390625
1188.41140341363,31155.099609375
1187.1209164638,20061.5
1378.39643108067,43538.19921875
1924.37164481724,71351.8984375
1728.90814532297,38765.1015625
914.350933786419,6375.5
1877.40825532185,22670.099609375
925.270511567786,13479.0
1699.49658118114,21067.400390625
1840.06688442867,24307.599609375
1021.37548150714,27597.69921875
1250.41291407187,18898.19921875
1836.00085374218,31495.30078125
951.833415145248,28946.900390625
987.888865409904,16347.099609375
1230.87819153571,21222.5
1146.55382937765,15526.599609375
1000.7305860258,17720.099609375
974.713691965168,11907.599609375
1161.45050595378,12015.599609375
951.668804830943,8660.900390625
1568.39348710626,43426.1015625
1950.00407689886,77278.5
978.661109671465,15006.400390625
1548.76398555963,25193.5
1914.9757148064,23560.0
1319.13560419402,21162.599609375
1810.28288666639,14376.599609375
988.289142452943,41772.0
962.713845074465,48779.6015625
1995.50758006142,17989.900390625
2053.23145002154,35960.8984375
1005.16559774835,15166.2998046875
876.30673922042,11243.7001953125
860.279229879538,13389.2001953125
898.068267320995,9204.2001953125
972.62265092926,12819.7001953125
1836.16791427767,21241.599609375
1028.77281064504,15379.400390625
1630.48832891699,19709.80078125
1027.5999343122,13027.7001953125
901.818943403327,11357.099609375
1134.90258213767,12540.7001953125
957.66015250214,13148.7998046875
1841.55739852633,58556.19921875
1010.78016822517,16620.69921875
997.488386526658,14416.7001953125
1190.0273242866,16347.7001953125
1586.07361495107,18540.19921875
1844.44988463784,16625.19921875
1110.4384600676,10648.400390625
972.743825504336,20759.099609375
1077.42941435448,10813.0
1067.84025099093,47847.69921875
918.577398273832,32234.80078125
1277.97834792282,15771.900390625
1752.86685358634,14345.599609375
1658.6414817318,21019.0
995.456930415075,15500.099609375
1978.61263673342,25497.5
1413.92196532674,20463.5
1381.62359513161,19360.099609375
1076.45578555364,17768.599609375
969.467879777028,12293.400390625
1773.64328139596,28062.0
1188.92249727855,15877.2001953125
1070.43236225962,16159.7998046875
1613.01925421535,16946.5
1106.64351294336,14032.599609375
1288.87269956333,19630.5
1014.61788284649,12954.0
1011.05927069313,10602.099609375
1295.43138481306,20150.400390625
1012.15195796894,15873.5
1339.49694225979,18996.80078125
1710.21941733854,21511.19921875
1280.31519069328,12868.2001953125
1901.90088905665,27153.30078125
1930.96385354776,20716.69921875
1595.3441381866,26672.80078125
906.173431947773,13620.2998046875
1116.92274769218,15455.2001953125
1831.26925388228,27353.69921875
959.08284002239,18659.19921875
1411.8266920906,44989.69921875
1990.93569007345,31999.0
1606.0888035873,19839.69921875
1130.57304129986,14253.400390625
1050.12559730211,11266.7001953125
1025.57772221691,13081.900390625
1572.93653130843,45313.1015625
877.677805035203,12917.900390625
2137.03480605625,45851.69921875
1150.54869227603,35601.8984375
1251.01132491,8285.599609375
1784.65669151143,25769.0
1994.53038730248,34798.1015625
1225.87439437666,17605.19921875
942.727168102957,31968.599609375
2158.21785920926,24754.69921875
1057.14692886146,16686.80078125
1329.56519342479,15288.7998046875
1220.86625364368,33800.69921875
1086.13226589041,17403.400390625
1731.90365209803,24737.599609375
1118.65661330321,8886.0
1219.91111287542,24577.0
1054.15532016556,11892.599609375
1074.75900738149,49003.0
994.173237260354,9787.5
1178.6561818778,15742.599609375
1102.24102233838,49866.1015625
1306.48934440466,11738.099609375
1253.61902849534,24272.5
1088.83875793907,13777.900390625
1053.10751648696,15727.7001953125
1585.10666857164,17324.30078125
1245.27758458454,17644.19921875
1865.74453422856,27253.900390625
1541.39260649158,22647.69921875
1031.62152689625,19346.19921875
1113.31101028854,19316.900390625
1151.32775123987,20121.599609375
1273.4785167125,14604.5
1591.69999103906,17287.099609375
1956.21494211369,18409.5
1427.14246786344,26657.0
1848.01206074929,23735.099609375
1220.49671573917,15217.599609375
983.59930772692,37693.8984375
1345.86751734656,19357.400390625
1760.82016018635,26598.0
1333.78959749893,13180.900390625
1161.11549389328,16283.2998046875
1130.05515363983,11596.2001953125
1016.79791146097,49529.30078125
1473.95360952415,11355.7001953125
1468.29259621846,15150.7001953125
976.441432023227,9816.599609375
1786.68736800718,19796.69921875
1468.66113175976,24284.099609375
1210.91245281799,46677.6015625
1382.47114891501,11033.7001953125
1205.94685683471,19820.80078125
1073.26704542585,16310.2001953125
1144.51413161298,16670.69921875
1024.01993841029,9428.7001953125
1949.75059037967,52101.8984375
984.56692234849,13496.5
963.341769940534,9604.2001953125
925.610869565428,8889.2998046875
1236.71127719295,19133.900390625
1745.18830588036,22183.599609375
1084.05303046567,13749.0
1005.9492230335,63961.1015625
911.953782162643,14804.0
936.023697055803,46670.1015625
1931.63454591091,20906.599609375
1637.73073725164,66606.1015625
1740.2329562766,24293.900390625
2000.60938606797,29897.900390625
1012.65625803874,9970.7001953125
979.771282616655,19219.69921875
1026.15374694329,10579.7998046875
1248.91605167386,15210.900390625
2153.41252996637,26397.0
1718.0098956033,22212.0
1631.35615271202,20507.599609375
1723.68872869944,21631.5
961.787215970935,16515.099609375
1283.61797747996,20227.599609375
965.435595318701,14812.400390625
1209.36614050147,16622.900390625
1000.16569866845,11610.900390625
1112.73832677287,13994.7998046875
1816.27211823747,23169.69921875
1037.93752887476,18642.30078125
1173.79527716343,12233.7001953125
1213.91330553019,17088.19921875
1303.66557586008,19961.099609375
1626.66564974386,23154.19921875
1790.22671251211,69529.1015625
1060.39302643976,14057.2998046875
1161.14433967907,13212.2001953125
1430.76768148362,63314.19921875
2382.00034694324,75774.703125
1361.69605758967,13940.2001953125
1951.68047368567,20330.5
1274.78860543183,36488.6015625
1779.16385247814,16396.900390625
1338.01923613652,20792.099609375
1433.06253637283,16898.5
954.194871501273,17963.69921875
1388.96891275613,18077.19921875
911.378926860015,10922.900390625
1924.96727131311,18517.0
1282.10752749173,46683.69921875
1344.34102954692,18989.19921875
1414.35075403451,17156.30078125
2132.07243990999,35335.0
2037.12347318939,17187.099609375
1171.52180602277,16077.599609375
1462.90433708039,20448.5
942.697208580258,9454.0
860.351956899322,38895.6015625
1519.42013662152,20423.599609375
1016.61692921419,11700.599609375
2015.72056837167,43857.1015625
1352.25156864985,11813.400390625
1352.59092428428,17129.900390625
1095.41492885818,15131.5
1831.03303028509,25606.400390625
1617.13774190999,29916.69921875
1402.22928707396,17475.30078125
1900.37239653059,17820.19921875
1870.42579318043,81928.796875
1360.70026542445,16662.69921875
1073.68759248053,12947.599609375
1095.07635283958,45570.5
1408.81871146222,21865.69921875
870.967206071868,10578.7001953125
1037.04163890976,27061.80078125
914.827056312571,11085.400390625
1731.38687817491,19750.599609375
1011.4844954428,9590.2001953125
1531.61243724911,29279.19921875
1584.84872710484,26049.099609375
1305.41514516144,15785.2001953125
1424.05930999409,21431.599609375
1039.2808069538,17176.30078125
1131.54633597964,65733.0
1860.88619110907,18784.0
899.061887699257,10962.5
1028.36083936452,17706.599609375
1192.96547361115,19554.900390625
1999.34529468274,25598.0
2090.99425895892,44146.3984375
1710.3523975248,28186.80078125
961.47993595932,10463.2001953125
1808.92468451284,18807.69921875
2129.30948140033,17732.5
1569.75280299671,18733.900390625
1154.89560740953,13070.7001953125
1992.25079060885,83670.3984375
1882.94664619449,20245.0
1104.31491182598,44558.3984375
1839.32914510394,25911.900390625
1407.59237575802,18449.80078125
1486.66480017498,17039.900390625
1694.96790418502,24012.099609375
1157.08287531388,22477.099609375
1422.08877529112,24069.0
1294.85870129739,21458.69921875
2021.84188913948,20611.599609375
1018.39991062265,14808.599609375
1710.26619428848,29728.5
1169.53601312422,46404.5
1299.0477999117,16067.599609375
1428.85071752569,27434.19921875
1371.57434705331,23330.099609375
1088.12630044204,62214.5
1460.83401155089,11627.7001953125
1538.54533809834,23517.599609375
2024.67256285286,26500.5
1857.18212491614,26984.0
1066.93144167785,18329.900390625
1725.0433668949,44577.0
989.816298494721,15795.7998046875
1101.22596252473,20301.19921875
1011.60600413895,13496.0
1381.33346666831,19032.900390625
1066.35085063017,8694.599609375
1054.66318419346,14015.5
1093.80045584318,90653.703125
1793.33559770393,26843.400390625
952.161967531716,9527.5
1275.56488005341,69342.703125
1130.54386139299,20618.099609375
1044.410790504,14425.5
1116.54675011364,17705.599609375
919.141561702189,36550.30078125
1030.96330838641,18241.599609375
1120.85702330302,18441.69921875
995.641253872568,12484.2001953125
2186.03321562131,23178.099609375
1929.60175331504,85909.0
1689.65259481412,22379.19921875
979.558892989199,11440.599609375
879.658251996616,8112.2998046875
1064.07559751046,13505.599609375
1469.0510510496,19257.5
2256.45101331025,22585.099609375
854.687379635548,17968.0
1312.09856894434,7060.7001953125
922.981726544699,12650.7001953125
1242.38721457314,29507.400390625
1772.88237634364,26972.099609375
1558.37130283471,9535.2001953125
1951.19042944823,33867.3984375
1011.33970964538,14243.0
1599.64984505468,21005.400390625
1087.66365413242,19680.900390625
1912.43127147717,26144.0
1184.09901412413,11046.900390625
1608.69116123551,29058.400390625
1216.37466408644,25015.5
1051.1460030529,80537.1015625
958.48520880009,13710.900390625
1005.700525583,12063.0
1477.52469553083,17290.80078125
1213.33494195631,22149.900390625
1342.09328572872,17597.599609375
1868.95165101525,24944.0
1246.75807505007,11748.599609375
982.188314444154,14733.599609375
1009.21135842321,34438.8984375
1038.55554148239,14722.900390625
1748.23549004774,79508.703125
1488.13604662421,22175.30078125
993.417009903026,12550.099609375
1075.00703658985,9298.7001953125
1125.03576416413,15978.099609375
1856.58193209896,26356.80078125
2091.00160962248,88797.6015625
1546.04891773681,21463.5
1058.94928929204,16951.5
2070.45227276744,31295.599609375
1151.45894944708,9624.2001953125
1979.39136157619,22990.099609375
1317.04645651085,14460.5
1166.85380054005,14593.2001953125
1395.10460072999,16251.2998046875
1732.44247801184,111053.6015625
1297.2640388874,18118.0
1073.07570542587,13995.5
1892.11648761396,22354.599609375
1841.84496539476,20504.900390625
1701.92508449874,18673.0
1624.61570559968,19027.19921875
1017.20643015709,12855.599609375
1471.8088863695,21604.69921875
940.139734529256,8927.2001953125
1908.5986800456,30446.099609375
1086.40101060517,94829.1015625
2094.30896273046,34109.1015625
973.019364014208,8734.0
1767.84472158272,25577.099609375
1422.13688872534,41468.3984375
1428.07299504613,22731.900390625
1528.36778752879,15379.7998046875
1911.18566812454,31690.69921875
956.69610183866,11221.5
1135.44073980934,12569.599609375
1191.73657631207,19375.5
1754.91078355124,13782.900390625
1146.31793990153,14113.900390625
1088.93498480751,36633.80078125
1096.91925329344,61714.0
1284.75666208988,14923.7001953125
1958.33193321944,22752.099609375
1141.83804458178,63734.6015625
1112.98991993932,22134.69921875
986.344335072435,14536.099609375
1388.78681677244,13846.7001953125
2005.91456043305,25330.099609375
1003.48474601392,35752.1015625
2044.8327600339,24198.0
1021.5625893069,14164.099609375
1034.8890082231,17861.099609375
1221.34638562268,19253.19921875
1045.68846947944,12017.0
1126.367236632,17545.19921875
2103.91093406841,18281.599609375
1610.1110644135,26308.80078125
1044.0376886414,10360.7001953125
1611.92411671835,57543.6015625
1218.94962380682,20406.19921875
1843.7617066053,29347.69921875
1431.50297058717,54992.30078125
1408.89210672415,22257.900390625
2216.4861237677,27619.400390625
1142.0600123466,65795.703125
1258.16162720275,43310.1015625
1704.91134725751,60431.1015625
1924.32241764611,28625.5
980.494766109026,14042.0
1407.87960850538,22199.099609375
1943.74242528123,29431.5
1048.51045604498,15009.7998046875
1434.06189249614,17003.30078125
1010.80377944752,5042.89990234375
1172.1512901205,20274.69921875
902.603403991153,9903.400390625
1805.09665940257,21641.400390625
1850.37073276306,25204.69921875
1552.01431533816,27798.0
1815.83553337138,18714.099609375
1017.91844215936,17653.5
993.609463639913,11697.099609375
973.197227797662,54753.5
1421.27864306767,13982.5
961.426922082724,10744.400390625
1123.41416323295,14339.2001953125
989.712943710097,9713.400390625
949.378961757799,8960.7001953125
1127.19763886709,11262.7998046875
1178.47586787316,42859.5
1676.47229817963,21309.599609375
1411.23685702662,14528.5
1077.9358305244,12672.900390625
838.366233560117,11192.7001953125
1918.01488006808,39024.80078125
1030.1136385029,8946.0
1162.17855576746,19231.0
1189.76258902469,17051.599609375
1046.61220286702,123848.0
2174.96244805532,26847.0
1532.83699097427,53071.30078125
1256.16269220875,23159.400390625
1860.21215753521,25633.400390625
1892.83373417967,28070.30078125
1532.08287971706,19292.0
963.465060615727,15517.599609375
1036.66307973633,12933.5
1686.36762781789,14136.5
1145.71451724734,23456.5
1673.44081770259,23506.099609375
1277.4212567238,19511.0
921.264622674067,25367.80078125
1977.76508295002,26361.80078125
1912.93779902078,24688.400390625
1427.15070951653,11825.2001953125
1056.75344561353,22253.400390625
1720.69500390342,21386.900390625
1104.87445324619,16853.69921875
890.69048426575,25308.69921875
1691.20792839955,30334.099609375
1806.6163534071,22440.0
1019.17328952829,15067.0
1430.17038438239,16258.099609375
1214.18416634506,17937.5
971.798040126071,13681.2998046875
1403.53659145103,21523.900390625
1143.75400617649,14797.5
1078.65619555345,16862.900390625
1179.83696574266,17853.19921875
1210.21213505321,15236.400390625
1774.75312022008,24370.400390625
916.508520602299,10543.400390625
1037.69562521936,10620.2001953125
1018.37318093697,10600.400390625
1099.31534686715,13883.400390625
1300.29975156468,14423.2001953125
1139.49429664252,15789.599609375
961.634634015186,13539.0
1834.63229383542,29453.099609375
936.126717719356,14565.0
1067.13035508878,16562.400390625
954.705297124047,12090.2001953125
1564.15237697856,26023.400390625
1778.14779030128,22394.400390625
1375.72814020779,18267.69921875
1830.74256770072,20840.80078125
1056.51610827945,61475.5
1864.13329105059,84281.0
1179.31440038764,28525.0
2163.4383895697,99263.0
1903.63542290982,28417.0
1930.72194989236,24029.80078125
1137.61007654955,31134.900390625
1239.19145790287,16294.5
2101.41527241554,31850.0
1660.25060880966,20339.0
921.383681149028,13636.7998046875
912.537547360498,11147.7998046875
1295.5828530319,37005.8984375
1052.11851811684,8632.0
1294.50976752559,10630.2998046875
1861.96172683657,27040.0
1748.91475818505,27856.30078125
1359.00638296825,26118.30078125
1229.18274984785,19265.69921875
1346.96944863866,17343.30078125
1237.94552042917,16408.19921875
1331.12297723141,16106.400390625
1224.12983689136,39427.69921875
845.253582570002,10721.7001953125
1948.2336807174,39047.30078125
1114.22839537577,17353.0
1022.17236026144,12311.099609375
952.780759755178,37039.6015625
1971.11340066887,24886.599609375
1110.23286423525,16760.80078125
952.514131140533,12484.900390625
1145.4753979342,14439.5
1307.50607482366,29846.0
1630.85864643733,32182.5
1927.09317231409,17130.80078125
1079.46766426118,13054.2998046875
1684.59099470978,28782.400390625
1274.52130857504,22763.400390625
1539.26392114834,16973.69921875
995.983059728184,38908.6015625
1272.71761166018,33059.0
1930.25106192966,59992.0
1860.71645760501,14621.0
1527.4832576802,16598.30078125
1221.66781009297,25319.900390625
1129.54628724873,42858.0
1054.86955964164,12814.0
1347.4975826782,16376.7998046875
1244.25372624935,52697.0
944.700153027118,15156.900390625
977.140747424797,15124.900390625
1999.24750858263,22246.400390625
2017.73598667185,26470.0
2151.51160381985,20814.900390625
1352.74127876622,17529.400390625
968.279299753847,12540.7998046875
1030.41869104071,18213.599609375
1740.79361143371,23074.099609375
1424.39532441781,14923.599609375
1130.05515363983,32528.5
1293.48546369564,18201.30078125
1022.21234341627,20317.900390625
1865.1015739143,34201.0
890.052535767551,12714.5
1030.71951137829,9394.599609375
954.590136728247,11844.7001953125
1340.28201540292,14265.2001953125
1055.07303937387,20564.69921875
1772.36203846243,22570.599609375
1003.95663633984,17597.900390625
968.719448578023,8886.2998046875
1978.14108052857,30186.69921875
1321.24446502038,11129.400390625
1194.11340223736,16461.400390625
1008.24552578068,14097.7998046875
2175.22194875378,24347.5
1203.6727174519,17768.0
1374.97503131379,15381.900390625
2100.50735409198,22156.400390625
993.604785944919,11922.599609375
1234.6484137007,19980.900390625
1132.5439101239,19460.80078125
1325.44492375111,20097.599609375
1713.89998368281,18335.599609375
1002.82184980909,13465.599609375
994.241620706215,14515.0
1406.62509525752,15064.2998046875
1104.70549935796,20545.400390625
1803.934474944,25261.900390625
1293.51330711823,14763.099609375
1058.67553276122,18337.19921875
1320.10578041047,10562.599609375
1584.8803572329,20960.19921875
2081.04190599121,25583.900390625
1449.29814745409,17263.69921875
874.268879121643,7033.39990234375
1858.37605087646,21894.30078125
956.591633317133,12457.400390625
1862.69489984,37580.3984375
1779.94513891579,22833.0
1746.34837423882,22924.400390625
1051.5547444964,50572.3984375
1120.39860919363,42928.3984375
1034.44774566202,16325.7998046875
1625.26111613513,13645.400390625
2110.00173844507,27633.900390625
1770.36766978972,30985.099609375
1735.23840313383,22866.900390625
1866.44663397239,27818.30078125
1419.88624919119,18670.599609375
1321.11259857104,25211.599609375
1965.97439584975,19692.099609375
1428.93937098319,14992.5
1890.43429939524,24905.30078125
1059.84417689383,62856.3984375
2135.96695511338,20311.69921875
963.710639602901,9674.5
1102.5724704408,16255.099609375
1534.2322805667,43706.19921875
1108.22312599328,10503.599609375
1033.4483895387,44006.19921875
1926.70314165057,27188.19921875
1387.87689372246,64739.1015625
1899.47249711274,14427.2001953125
1826.41157900493,70995.296875
1008.25053759675,17513.400390625
2202.46907659777,100945.203125
888.455214300867,6672.39990234375
1716.52372507956,16813.900390625
1053.78934621914,32775.30078125
952.531282688843,13255.900390625
1830.09893914431,25502.5
1002.84679751572,17152.900390625
1176.46434765215,16960.30078125
1763.00453237476,26963.599609375
1619.78654238706,20195.099609375
1284.33889937745,12807.0
1041.27239128425,20033.900390625
1004.99307990203,15884.900390625
982.508736551228,14592.5
958.074239882779,15188.0
1419.91086277675,24974.599609375
1018.54536466222,13140.7001953125
1827.70785738666,23764.599609375
2187.43206917183,62319.5
889.045383485915,6649.39990234375
1454.80201248272,17097.400390625
1382.72664016062,19536.099609375
1123.17315056708,17960.400390625
1117.98335934518,24843.30078125
1889.1646393255,19739.099609375
1832.70018305561,57406.6015625
1242.12737975361,18431.0
1929.64496630689,15490.7998046875
1464.2055159045,17630.69921875
1315.51362041087,12138.400390625
1420.32316817835,25503.5
1443.39979681432,17694.5
1575.6487034153,26090.599609375
982.45850701689,13898.2001953125
1145.95653227642,15949.599609375
945.844517695238,11386.7001953125
1921.83811610966,23514.099609375
1220.77893667046,12418.900390625
967.000172920429,26479.69921875
1813.28730333668,21069.30078125
1069.79330002452,14274.7998046875
921.813472220004,13735.400390625
919.671923215531,12706.400390625
1043.59642608032,14711.2998046875
1020.11461995894,37048.3984375
1766.25374841639,25195.400390625
1837.73037577928,17672.599609375
860.054366398766,46152.8984375
1132.55103804009,13610.599609375
1023.94119721123,15918.2998046875
1219.8733571944,19578.099609375
2172.14469369002,22031.599609375
1519.2212232106,27896.80078125
1059.45214150387,71389.8984375
1063.13081449541,18247.5
1184.42834612643,15903.0
992.665348867002,19230.099609375
2005.71720625379,72209.703125
1084.0377722701,13954.5
1216.86715854507,19459.400390625
947.609011071106,15450.900390625
1870.01237404193,92231.796875
875.135255058705,11717.599609375
1368.7199507439,22188.099609375
1091.59291792719,19022.599609375
1723.87650474133,41536.5
1754.63424267815,27430.400390625
1092.35460259534,45150.3984375
1297.86200423078,11083.5
1327.1641994087,23417.599609375
1411.28107238168,20218.69921875
1622.80087131579,23637.69921875
1706.48405513863,26581.099609375
856.771960997418,8696.7998046875
1643.42482854335,84218.203125
983.061929671087,11327.900390625
1294.84979140216,28576.900390625
1156.89754949317,15106.0
1419.66706576862,22980.400390625
848.091941068012,9718.400390625
1001.63226742269,16919.900390625
1383.84572300104,13225.099609375
1832.40727025005,28569.30078125
1443.40124467229,20808.099609375
1216.57992579771,12824.599609375
974.6327232923,10161.0
1177.14294754731,57338.3984375
1787.79509073118,23532.19921875
906.106384986196,18300.0
1176.04881241353,17576.599609375
1838.19157423093,22344.69921875
1309.07533012038,22712.099609375
1112.79278850744,27009.19921875
968.534790999459,15864.2001953125
1036.5436871403,28178.599609375
1004.89573929669,14927.400390625
1004.78703857493,8483.2001953125
1922.77744181388,30273.80078125
1131.41380128815,92468.3984375
2025.24702834757,16075.5
1519.11541820479,17175.900390625
1716.56437647653,20004.099609375
1530.89886601518,16377.900390625
2038.530568393,25986.30078125
1387.82310023003,42232.6015625
1003.43629845863,14615.7998046875
1559.38636264836,31755.400390625
1612.65328026893,21917.69921875
1527.0583670516,23768.5
1241.74213815876,11908.0
950.327308730942,10637.599609375
913.143420235882,10817.7001953125
1530.83794460657,30460.69921875
1409.29127003028,18106.30078125
1645.11915649431,20312.900390625
1608.6106380574,24726.400390625
1099.64857694862,18616.30078125
1522.36897782034,44524.3984375
903.610222151719,8996.5
1530.90421195232,13096.5
1237.9440725712,18092.5
997.861933884018,11763.2998046875
1998.6663606665,28876.599609375
1700.04754682719,25724.19921875
1216.30338492463,58540.19921875
933.534996258578,12311.2998046875
1318.40644064345,24158.69921875
855.096900694884,8151.2998046875
2042.03438469072,24166.900390625
1884.77362021063,17936.099609375
1342.08749429683,19651.69921875
1788.60655943891,23618.400390625
1312.96750647628,14194.7998046875
1825.66537527973,25104.400390625
2225.23252241654,28400.0
1054.38129738324,17731.400390625
943.914968510305,15639.7998046875
916.813962948023,30049.900390625
1400.13301147461,26939.599609375
948.348532374884,11466.900390625
992.467883314051,8384.7998046875
882.687282252468,15071.099609375
1062.51101990873,16298.099609375
1504.69130019671,15630.5
1083.68237882426,11565.2998046875
1228.14318782233,16915.400390625
1047.16005004975,11688.400390625
2039.11728499365,21704.0
1481.23833986112,16074.0
1782.56108415422,18566.5
856.068079274545,11435.900390625
996.388237213598,46214.3984375
960.711902990818,12281.900390625
1663.77502924009,31750.599609375
958.135161291389,10102.599609375
1494.37185954568,20891.5
1815.79889142726,29351.69921875
2026.15606040803,71625.3984375
1257.81915310499,18232.5
1091.49000863733,53220.5
1630.24709350374,27061.900390625
2124.53199558002,21646.900390625
2011.36563433247,146202.59375
1069.39836891862,16032.5
947.58662495935,46267.3984375
1204.46246829002,16838.400390625
2086.97678720141,26030.099609375
1004.33408177636,11219.7001953125
1448.34768438083,16657.099609375
1746.11705108401,23457.19921875
999.140281101603,9020.2001953125
1119.38789295391,21754.400390625
1039.86707805969,15222.7001953125
1089.1712084047,11325.7998046875
997.325224070327,16989.900390625
1095.06889080233,24747.19921875
1335.30929150346,23360.900390625
2014.14641263258,31827.30078125
1138.92729318506,43230.1015625
1147.46230456965,60615.6015625
1022.46148636153,14990.2001953125
1701.89868893414,22826.400390625
1561.25532454575,21043.30078125
978.046661021925,8884.599609375
1128.31137577037,14167.5
1189.06293950205,70545.5
1791.08351031181,28150.30078125
1254.87743982236,14854.0
1110.90110637722,34443.3984375
1188.51698567207,18436.900390625
1219.07681256117,20856.69921875
983.164170718808,11325.0
1131.49076050816,16103.900390625
1539.5671917071,17182.0
1876.03902717296,58537.69921875
1656.88088643509,23522.30078125
1639.86298655297,28305.099609375
963.82936395679,10505.599609375
932.164988493852,10113.7001953125
1371.71935559812,24864.400390625
1256.45627325645,20468.80078125
1599.74885626538,24556.0
1150.7343522178,23892.5
1984.23500336856,22132.599609375
1016.17388467406,21240.30078125
1430.3453524499,32574.0
1608.35481269072,23378.400390625
1016.59298387077,18270.19921875
964.408841267567,30260.0
943.894364377595,11895.599609375
1085.18603501738,9192.900390625
1884.27667080439,24304.5
1260.46683984516,47455.69921875
1513.60654136009,19018.599609375
2107.94644836375,31469.5
1212.16095188657,18711.599609375
1775.66404563327,37992.6015625
1069.73516295817,20186.0
974.827738624064,11097.2001953125
1564.81883714149,15900.2998046875
1917.35176111586,26835.30078125
1199.97822939634,14914.2001953125
1131.43373717871,25226.400390625
990.965006736764,12338.599609375
1425.1727127763,21651.099609375
1877.72901155,27457.19921875
1190.3221304449,23165.599609375
1165.73037412571,15221.2001953125
1277.01641335946,16841.900390625
1220.4375763096,25315.5
1099.72910012672,22320.19921875
996.309830135607,11760.900390625
1214.92725160693,16430.0
921.680213599526,9111.7001953125
971.823321953775,15163.2001953125
2021.45564518143,20333.30078125
1271.12519063587,33941.80078125
1048.60412131854,16283.599609375
996.888639204241,12693.599609375
2061.42899912444,103625.8984375
1461.75952691751,18619.599609375
1434.00342130872,18535.5
916.853166487019,15578.0
1071.00114769613,14811.599609375
1560.47303574489,18977.900390625
1943.52145987962,17385.19921875
1577.77850249544,19208.5
992.920840112615,9540.099609375
974.18800814682,13361.599609375
1457.74261202845,16718.900390625
973.252469148065,14615.0
1705.31652474292,57202.5
1122.76151340763,44799.69921875
979.815832092786,10602.2001953125
1045.09473633631,13578.099609375
1070.54885913971,19396.900390625
1894.40722167662,18508.0
928.421774448772,15342.2001953125
1196.98450460033,22981.099609375
1102.06739075516,37533.0
883.496300739011,14995.900390625
1838.96250291538,22845.900390625
1225.55965232779,21101.599609375
986.532445235399,12085.599609375
1379.64626663353,32792.0
1167.54376055163,13658.599609375
1269.91311076403,14675.900390625
1120.32020211564,13864.2998046875
1000.20735242864,14936.599609375
1070.30795784753,34142.5
1846.61855313591,19902.0
1862.46535866423,19834.099609375
1839.75648595373,23027.80078125
1220.70620965067,17062.0
1867.5945625986,62043.80078125
1590.76589989828,25897.099609375
1151.4022602387,16895.599609375
1642.01996081355,15741.7001953125
1357.06970586713,14084.900390625
1416.64950700288,16968.30078125
1465.52696474024,18916.30078125
1259.77754807572,57399.1015625
1846.66343673311,99363.5
1842.00645724573,18129.5
1066.80135720755,14121.5
1795.64114446741,21809.099609375
2069.89228585247,23082.0
1690.5717618804,57777.3984375
1001.72593269626,16510.19921875
1396.75794316291,16420.19921875
1017.11978142602,15759.5
929.6570200482,15425.2998046875
971.44799261737,12040.099609375
1741.81468542663,20282.099609375
984.04090440907,16567.400390625
1715.05615396211,35682.80078125
2019.24131347032,31226.30078125
1197.14811255142,13073.099609375
1685.75072894717,20863.0
1204.38762517012,12424.5
1341.73900601979,22132.099609375
1544.75341897092,16565.099609375
1977.51137368345,60564.19921875
903.693251237858,9549.900390625
1222.81785481929,23409.80078125
1139.08945327817,17660.599609375
2258.05033950336,38492.5
1993.24157095801,24691.0
1300.12088541801,16770.599609375
1033.49828495197,11097.7998046875
936.02971123508,12325.0
1993.69352539336,19500.900390625
814.186949703055,21679.69921875
1048.92276144657,15044.7001953125
2088.54492876123,20386.0
950.789509545803,31310.80078125
961.142139556555,10527.099609375
2126.30840594075,26457.19921875
1301.64481162277,14903.900390625
981.824456597852,12111.099609375
1030.65357815361,17841.0
975.695896540171,13795.0
1162.33291970225,15220.599609375
1386.09881275637,26993.5
1956.10267743384,47101.8984375
1782.24210990512,20801.900390625
1007.01774221851,14876.2001953125
902.330037268243,12483.0
1349.17164061752,13428.599609375
978.415864805363,8662.2998046875
2217.07551333692,30973.5
1278.17291775982,19930.30078125
1022.58188132078,9744.099609375
1016.38348995926,14672.599609375
1531.09176524683,79180.796875
1002.51000347617,13734.7998046875
1117.65937328001,14175.599609375
1190.82565089887,21542.5
1087.2527965888,15540.5
998.318120519602,18099.0
1146.9758242903,37462.1015625
1481.15848492516,28438.5
2211.86478386123,48099.8984375
2209.05460290687,34762.8984375
965.663688636493,13735.599609375
1006.90124533842,16248.2998046875
2091.34530883084,42416.0
1172.23359527765,16947.0
1406.5481360375,25420.5
1025.9002604241,14367.0
1034.69833646525,17974.400390625
1062.93379443722,14974.400390625
2079.31516829636,22425.30078125
1026.90852644264,13252.599609375
1013.05297112369,15403.099609375
949.537557892826,43921.19921875
1073.46529059464,11629.7998046875
1061.10860240012,12436.2998046875
1959.31224444171,25063.0
2065.87681882138,28820.0
1637.86182408516,61657.80078125
985.477847761683,15285.0
1144.15105338251,16290.400390625
1389.47209908903,18195.69921875
1081.93214128075,17943.900390625
1020.9913536492,10961.2998046875
1049.31190112058,13064.2998046875
1698.71997243848,9163.099609375
1958.64132933118,27027.0
1014.51631004091,13427.5
1011.86327736361,12766.7998046875
2236.41822763095,20566.5
1588.03134167966,22988.400390625
2026.4373903498,25442.900390625
1772.13606124475,28916.69921875
1755.21583608904,21488.099609375
1568.30126969066,20858.69921875
1744.57597333094,20162.30078125
1188.3611738793,22608.599609375
1352.59014466845,38950.0
1088.61779253746,17667.0
1052.13032372802,13924.5
1699.65049962118,15771.0
1426.48603133265,17488.0
1600.74754414655,17938.099609375
1421.73126574516,14268.099609375
1041.01968438089,21341.599609375
1103.78700053383,12479.2001953125
1048.12833291346,16702.400390625
1030.30041218158,13509.400390625
1775.1605251793,10915.5
1057.05393183004,15191.0
2084.98921232381,26876.80078125
1766.21176053513,79782.703125
1035.8401395385,12476.099609375
1463.54584953668,19675.0
1004.99664386012,13719.900390625
1060.58013423952,12842.2998046875
969.70956068504,7169.60009765625
1155.27416658295,18411.0
1813.08883542051,22025.099609375
1792.61144596942,15493.0
1440.27498518478,65545.1015625
2275.15667009561,34020.1015625
1255.79482490959,23978.900390625
1103.27780002165,15736.0
1252.82326347795,19821.599609375
1687.32989650233,21719.599609375
1013.99953611779,11408.599609375
1035.08747613926,13633.099609375
1616.94395168881,23109.5
1432.41712583738,18156.0
965.06527779836,15965.7998046875
1003.00895760884,44641.6015625
1325.09743783728,18585.80078125
1389.96971673742,20123.5
955.646516181009,12183.900390625
1524.56827408325,25516.69921875
871.46510215448,7336.89990234375
1683.7132586563,22653.599609375
1109.66218544601,18484.30078125
1194.48939981591,16496.19921875
2027.17401593763,36898.0
1860.35872531168,23349.099609375
1835.82087385861,27210.0
1079.74810321342,16689.599609375
2140.69855497328,28593.099609375
1896.88640002332,24086.099609375
1365.1605589747,19805.69921875
1248.86905197654,8755.0
1918.48398605174,17412.0
963.252670988272,16855.0
1001.44482550187,15260.099609375
1327.36478342498,8189.10009765625
1246.75985702911,11957.599609375
1138.36919962282,22273.599609375
1039.68888015516,14734.400390625
1047.03319541647,12807.400390625
1834.0602785619,54944.0
1002.74099250991,13425.0
1300.36033885221,50354.5
1198.64352709145,18426.80078125
1473.9725430515,60780.8984375
1134.55364836587,13766.7998046875
1143.15526121729,18471.80078125
1388.05007981092,25218.900390625
1200.54389636952,16149.599609375
951.495952863554,8712.5
994.792252231197,14750.599609375
1049.27091560254,13405.099609375
1210.29232411024,13487.2001953125
1622.79875521567,31453.400390625
1687.21807731724,23557.900390625
937.573350583027,14731.0
1134.96205568831,18074.5
973.452719043274,10427.0
1792.81848965974,25587.19921875
870.312161712204,9829.099609375
1406.01176034488,32651.30078125
1900.09351681001,24086.80078125
1805.16404048522,25781.80078125
1039.04770181995,16821.400390625
1225.00512272365,31716.099609375
1412.04197743401,50465.5
1851.27698048126,22786.80078125
1910.8130117567,19085.69921875
1490.2434595926,15408.400390625
1416.32474132188,16828.5
1183.75442392626,16222.5
870.570158865849,9233.2001953125
883.119969039392,7932.60009765625
1858.9052986529,23098.599609375
1265.00086277842,16410.19921875
1265.93818375622,18270.599609375
1078.51074151388,13935.099609375
932.205974011893,17305.400390625
956.692872001641,10468.0
956.71280789221,14977.5
2144.58750149215,36268.30078125
985.295083535854,15254.2001953125
1742.53427083984,31422.5
2131.26653988678,25447.599609375
1156.21460602408,40735.69921875
1406.82289493154,17322.900390625
1222.00749984847,28031.400390625
1168.54278255387,17984.0
1187.8636676046,57462.0
1026.71284286873,17719.80078125
1184.93375993314,18616.69921875
1053.88267737164,12679.099609375
1016.82330466237,34602.0
1128.59794027558,10653.099609375
1144.80815815545,17114.099609375
952.480273538673,12407.099609375
1021.1054003081,11499.5
1876.54087702158,22926.099609375
1086.43408859119,17720.099609375
1170.2915722394,12778.599609375
1005.96459260276,15143.599609375
2210.42449929791,26659.69921875
1300.6783107381,15881.400390625
1046.85143355385,14866.5
1116.35284851878,88259.0
1071.6647121431,11523.0
1385.50363175526,42794.80078125
1518.13176577181,30019.19921875
1622.54961227041,53154.6015625
1527.06627458361,27590.0
990.655276503962,14154.400390625
2022.97522781226,28182.30078125
1304.0234195271,14752.7998046875
1686.59115481438,30325.69921875
1852.96128480009,25451.400390625
1004.33909359243,14112.099609375
960.188001151515,12261.7998046875
1187.13060597486,19960.5
1472.44070931473,43241.0
1040.00573830415,22914.0
1132.78737301096,12412.400390625
1152.39192685095,33974.30078125
1001.09834195126,12779.2001953125
1449.39158998027,6267.10009765625
1294.53181951628,18860.5
1906.38858053473,18801.80078125
1796.75521549176,26025.099609375
1015.81893672299,13647.599609375
1086.21457104756,16461.900390625
1478.71227319079,15707.400390625
962.774766483074,12942.0
1240.70714245454,23432.30078125
2175.76389313092,40047.69921875
1060.31383974594,14408.599609375
1194.58885652137,19941.30078125
1715.32088922402,56186.69921875
1200.71463223679,15826.900390625
1001.40918592097,16889.900390625
1392.21033263943,14540.0
1292.06099419635,12417.7998046875
1354.36321381847,16801.599609375
1324.67867276165,15980.5
1023.31895240337,16048.0
1328.59724468215,14769.900390625
1273.66562451225,19105.80078125
1897.45084188591,59552.69921875
1742.20705493766,21760.099609375
1272.31276829583,21282.0
1546.65768632815,59407.3984375
927.985913511674,12447.400390625
1839.75147413766,28317.80078125
1869.46642021194,24064.400390625
1763.49780644922,23046.5
1079.28523415642,16706.099609375
990.452465013875,15710.2001953125
1021.78500256648,13542.5
976.333176796228,10234.2998046875
1486.91750707833,13129.7001953125
1400.88712273182,18924.30078125
1668.35003769138,20884.0
1337.21701144509,10508.0
1430.17539619846,22136.69921875
1154.90384906261,17657.69921875
1035.94282608098,11816.2998046875
1048.79512719745,15283.2998046875
1048.67395262238,13007.0
2235.05479091395,28254.599609375
1122.54555982209,14923.7001953125
1225.25604764795,23005.900390625
1140.10729743408,16829.900390625
1351.29965771862,57456.3984375
1749.05453216641,20782.900390625
1056.88464382074,24836.5
1165.06825753671,42107.30078125
1371.21683750736,20062.5
1132.56919195161,18713.19921875
1027.28708561607,14178.900390625
2118.51180212303,22196.400390625
973.82481854266,11393.900390625
1806.64274897171,22005.900390625
1502.10498035991,29310.0
1538.26812898312,17552.30078125
965.385699905434,14481.099609375
1032.82614473084,15822.0
1336.49998762676,18639.0
1971.90058991211,30024.400390625
1884.69899983811,18865.80078125
1048.78521493902,26127.80078125
1951.6675543376,26351.599609375
990.343430171044,27395.30078125
1146.87425148472,14076.2001953125
1076.20274452921,19502.30078125
980.520382057801,14698.900390625
1062.58809050244,12767.400390625
2023.47395919755,22296.099609375
1637.28056479533,16832.69921875
1466.51529486821,17721.0
1708.92436406741,23317.30078125
1961.75979266036,18439.30078125
963.874581675063,14380.7001953125
2000.31736425193,54669.80078125
1489.02592240993,14864.0
1872.50536272623,24926.69921875
1717.3270635079,22562.0
1105.97426843818,13791.2001953125
2023.4158221312,19367.30078125
1339.17540641582,17804.0
1166.98666935261,16901.30078125
1998.27633000297,29723.0
893.445423869705,11507.599609375
1611.29686009442,35992.30078125
1597.03490217947,23636.69921875
1940.6763075865,25575.30078125
939.279372771472,11608.400390625
1360.07880023242,16185.900390625
987.193225340115,8980.5
1502.50915548211,15532.2998046875
1287.69937773572,14180.599609375
1561.26557092526,20350.599609375
1052.61713812844,13141.7001953125
1414.66081838838,24005.400390625
1266.18844043839,17401.30078125
1201.38643833685,17719.400390625
1389.19700607392,22475.5
933.443725519354,10958.099609375
1726.34888929292,25028.0
1224.69427875394,8951.099609375
1819.16326786469,20173.30078125
972.056761208703,10809.2998046875
1185.51256900178,14049.900390625
1058.94784143407,17120.599609375
1874.13542805788,34852.69921875
1814.23219772542,64754.5
1085.73633242129,19237.900390625
1427.92264056419,17255.80078125
994.505353604912,14305.900390625
1739.34129851183,32524.30078125
1309.58597849054,56591.8984375
1069.6507417009,30108.900390625
1533.020868937,29427.19921875
1900.59046621625,29698.900390625
997.332686107579,14514.400390625
1654.93396295447,23738.900390625
2132.96832987499,32198.5
1204.9671024809,38656.0
1108.05918392112,89687.0
1437.59622518501,17617.099609375
999.404793616133,15128.7998046875
1211.25180845242,56074.80078125
1922.54266607467,33882.3984375
1005.89654327797,14394.7001953125
1542.68030909915,18803.80078125
1067.13280530997,58538.6015625
1654.19444165069,25583.5
1863.42684773283,18632.099609375
1375.21882832192,19709.900390625
1150.16445304439,12363.2001953125
1022.47785829401,9074.7998046875
1721.95664506745,22100.400390625
991.200227970737,20791.400390625
1141.24174984376,15142.0
1306.10833501004,17440.80078125
1205.50815586851,15147.400390625
1304.76828676802,15788.7998046875
1091.40402814839,20138.900390625
1183.00421074821,14568.400390625
1879.61657285368,24374.900390625
2017.88634115379,27688.0
1156.90857548852,21888.30078125
1525.42607424615,13955.599609375
1469.26132457694,22399.0
1211.21438689247,17738.5
1393.7250148279,15618.900390625
1882.9234804669,18660.099609375
1063.83046401805,13938.7998046875
1464.12889080555,19379.80078125
1033.63805893333,40563.3984375
1008.41447966891,18174.599609375
1918.05230162803,40241.30078125
1827.03426930756,19877.19921875
1764.51097291013,21665.099609375
1019.09388008708,16807.80078125
1585.72546079511,20817.0
1814.16125268468,49231.3984375
956.15972614604,12056.7998046875
985.456129892069,14494.7001953125
981.369049578101,32656.900390625
1985.84591242546,26838.30078125
1800.39290296526,46042.8984375
1630.94674302638,20457.400390625
1555.4788167232,18560.0
1443.25478826951,21889.80078125
1092.34101500512,25926.599609375
1264.75606340708,17611.400390625
1654.70798573679,65744.796875
1938.59295133523,31433.900390625
1332.04927221387,51271.69921875
1076.99216124625,25579.80078125
1626.14208202563,76642.8984375
927.896090630424,53983.3984375
1029.59118452157,16938.900390625
1043.73898440394,19827.5
956.178214178635,10580.599609375
1030.39730729217,14825.0
1750.57701051319,21324.400390625
1614.23311606623,71266.1015625
915.983226591866,13532.7998046875
1070.61267626427,16387.30078125
859.102789588603,8253.2001953125
1249.81739894969,17866.30078125
1383.56383619082,7985.2001953125
993.246274035753,11103.2998046875
1026.68009900378,10400.099609375
1232.15798661127,13442.900390625
1765.11940738039,29190.80078125
987.233097121253,15996.400390625
914.391529496543,9033.900390625
1316.55607815234,11367.0
996.613880310202,13171.599609375
2084.75688680579,17149.69921875
1232.01041647159,67734.5
1271.12697261491,22226.80078125
1409.90393670078,53339.19921875
2049.53384350265,38925.80078125
1133.95412379084,14821.5
1538.50401845923,21958.0
960.837755260889,14223.2001953125
1206.26081926775,21631.0
1511.57942882243,79729.203125
1314.9294654051,21067.80078125
1734.73733290105,21899.5
962.827112117528,12997.2998046875
1175.49740127272,39962.5
1609.81492177092,18036.69921875
2221.73338381381,29112.30078125
1885.92789713719,47699.69921875
1321.57736098078,18371.80078125
1846.97283284484,23983.599609375
1043.29883557977,12897.5
912.759626499012,12672.0
1417.31875150806,17964.19921875
1163.78022080807,43989.19921875
2027.40790068732,26466.900390625
1782.39068240801,26167.400390625
1926.35788321055,32984.0
1624.45387962763,21714.80078125
1380.88373970676,16193.7998046875
1024.20314813088,19250.099609375
1977.61762418403,71360.203125
1000.9240421259,8674.5
985.019545025983,16388.400390625
1092.88095465583,18287.099609375
980.286274560732,17638.599609375
842.895356050996,7172.60009765625
1702.86919927166,26856.900390625
1618.00278136276,23133.30078125
1686.35693594362,72975.3984375
1463.48704422819,22636.900390625
1112.76717255866,16992.30078125
1351.77934420286,14168.099609375
1306.59514941047,12832.0
1028.97851785108,12523.5
937.388024762321,11621.900390625
1833.16995728142,12854.7001953125
2270.26402387949,120224.1015625
1746.98955257404,22776.80078125
1449.75333172646,36468.5
950.558186390992,14474.900390625
964.103454608688,8659.400390625
1064.31872627645,20663.0
1944.92677310418,26490.19921875
1036.44534417174,9228.5
2189.57222600517,22925.80078125
1149.09882957533,14740.7001953125
1409.14124966941,28490.19921875
1364.53552982458,17388.900390625
1735.31903768563,36088.3984375
2036.89961207183,20329.30078125
1620.86174399348,24731.599609375
1896.59593743895,29889.0
987.966270124682,12390.5
1526.51274734268,32758.900390625
1545.8682696111,21668.30078125
977.31504725016,18938.900390625
1743.53251322625,23418.099609375
1186.89215490387,16690.30078125
1909.13104628537,36889.1015625
1182.77366720923,19306.0
1748.319911305,19637.099609375
1057.75747943184,11280.900390625
1175.20059038799,28314.30078125
1204.65815186393,15380.599609375
2225.71677522209,33888.19921875
2082.17234894804,19807.80078125
1742.5174534126,19669.69921875
1091.67277286315,33914.69921875
2429.09003420345,44712.80078125
1004.27059877287,13007.0
979.662916015966,14754.5
973.226073583457,13185.5
1026.67441894557,13782.2001953125
970.891681034181,14209.2998046875
1073.67122054805,20826.5
1823.54081076304,18997.30078125
1476.39748241102,25934.30078125
1086.85508114063,14147.900390625
1869.51809760426,12298.7998046875
1986.78768835088,21315.19921875
1088.43569655377,10263.400390625
1544.4426863749,26517.80078125
2179.75352146585,30716.900390625
2172.12865587861,37389.30078125
1192.47041755764,17874.099609375
1133.67546681764,15917.0
1983.25313291463,31847.5
1431.16617654761,18236.400390625
1144.38761110077,16881.599609375
1088.08676278197,16973.80078125
1284.17930087921,19566.099609375
1133.42710348821,14517.7998046875
1244.27466450313,25662.80078125
1660.8650574592,17960.099609375
1166.52691875894,26022.599609375
1074.65030665973,17570.599609375
1001.27687397686,10377.900390625
2055.10163702953,22521.099609375
943.359436542949,14675.7001953125
1298.08619946941,19379.80078125
1354.91740930154,14307.900390625
1299.09658158806,19350.19921875
1010.54249677001,11629.5
1902.03876968528,23000.69921875
885.246538282516,13230.2998046875
1043.53082697672,13676.5
2214.85694942558,28473.099609375
1103.52404725096,14012.400390625
1467.09053997875,25504.599609375
1041.69795015499,17789.80078125
1376.09411415421,20485.900390625
1159.28606965595,15272.099609375
1623.62236365565,19824.30078125
1013.57252938907,14602.0
1072.10519508835,14952.599609375
1095.75461861368,15264.400390625
945.367726926944,10855.7998046875
1825.16887136825,69237.6015625
1081.18259634485,33398.80078125
926.988005246334,12912.0
1007.85950457,11248.599609375
1923.23585592327,102405.1015625
1947.26339312726,71319.1015625
2113.21798787436,27148.69921875
1175.48815725642,31006.900390625
1041.0000826114,46754.5
1558.21738439467,58955.3984375
2157.65720405215,30865.099609375
1383.5617200907,19287.30078125
1326.43214014217,24615.900390625
1698.43518991232,18986.80078125
1787.9261775647,24469.099609375
1059.00664674256,11309.900390625
1127.89973861092,17652.099609375
1104.40111506229,15362.400390625
1200.69391673039,18947.099609375
1796.34424657445,25064.30078125
1613.081957603,22200.0
1126.32948095098,17039.0
1103.24639264097,11307.7001953125
1045.02668701152,13206.599609375
1157.87006455712,21775.400390625
1312.68450592915,16100.599609375
1174.51129861855,26056.30078125
1825.45075817847,85886.8984375
1285.36286908633,14228.2001953125
1619.14180009375,18749.5
1493.78102211849,19379.30078125
1122.54411196411,15993.2001953125
1299.08878542974,7483.2001953125
1091.71732233929,60238.0
1078.33577344637,36457.6015625
1240.78554953253,13477.5
1306.03917194835,16952.599609375
1056.91426922237,9963.099609375
976.205542547112,40617.19921875
1072.54968748645,15402.5
1041.53256022485,17448.69921875
1364.1990699061,42433.0
1454.92920123707,24735.69921875
1414.10940724757,16026.2001953125
1910.05210670438,22121.69921875
873.080299098462,7568.10009765625
1587.64532046898,44225.3984375
885.747664202147,10088.7998046875
1126.97344362846,19114.099609375
1826.59556834135,29779.0
1919.54248160462,21227.69921875
1018.492573533,13474.900390625
1596.90838166725,20800.099609375
982.590373466238,10958.2998046875
1026.83724728083,13803.400390625
1143.52268302168,19179.19921875
1449.07651381034,23868.80078125
2028.52408781178,12660.2001953125
1836.79661875957,25426.80078125
1094.33939313068,10823.7998046875
1147.44370516337,21746.30078125
1115.3680823489,19349.5
1148.4106515428,19977.099609375
866.707218103666,9332.599609375
1202.53826504222,14046.7998046875
1137.43934068227,20296.900390625
2005.98628508962,27964.19921875
1548.56941572263,24953.69921875
1421.1297364437,34722.80078125
1463.11850868689,19324.400390625
1677.69874525752,22467.80078125
1483.96086972119,20212.900390625
1254.54175951971,31795.099609375
1887.06123580997,17651.80078125
1068.20978889544,9921.0
1697.40810174011,53060.6015625
920.958122278284,8372.599609375
1007.37803610672,15364.099609375
952.358430721454,8768.7001953125
1306.83605070265,10000.900390625
1214.94228705513,13298.900390625
1923.761762489,25311.599609375
946.714457590391,16174.5
1437.35142581367,19159.099609375
1132.4241834068,16262.400390625
873.615226933108,10281.099609375
1869.07215734818,34170.5
1300.77453760654,9986.0
1828.14900857405,16275.599609375
1838.07039965585,26346.19921875
1787.04454343206,25650.599609375
997.636290787414,11130.900390625
1031.97647484733,21237.099609375
1674.03388260359,24202.80078125
961.394066844077,26353.900390625
1669.81772018253,22038.19921875
1160.88806881763,18563.5
1134.51266284783,21499.80078125
989.012291824243,59630.8984375
857.482636515401,16950.099609375
1446.15083833911,47948.8984375
1117.5075709401,21858.099609375
927.9948234069,8308.7998046875
1194.84078380889,18782.0
1594.64604789562,22521.0
968.886954608277,14792.2001953125
1870.03442603262,101301.8984375
1631.80387494714,14895.7998046875
1650.83786137158,21472.400390625
988.444842872022,12068.7998046875
1983.86011952691,30095.0
1071.71070947721,14909.099609375
1373.38795622662,10991.599609375
1929.86726819279,21988.19921875
1331.26096923373,28183.099609375
1279.56720498904,19328.30078125
1249.3348167495,12975.400390625
1695.17706397546,15187.599609375
1380.83484665671,22383.80078125
1318.0753266621,10496.0
1043.90827241324,21110.599609375
1783.8037917909,38425.19921875
1674.3054116606,21448.900390625
1088.72003358518,19488.099609375
1764.85177640254,28935.19921875
1051.4638635651,18226.80078125
1017.83112518614,13606.900390625
1478.39753114193,22621.69921875
1114.72055571333,14192.5
1073.21080171224,12950.900390625
2143.6472847984,26731.099609375
2336.3306742347,34027.80078125
952.988137566569,13741.900390625
1081.38685569291,18786.099609375
1340.77061178239,14726.2998046875
1012.28415853936,12654.5
931.2846908455,7296.5
1731.57821817489,46075.1015625
1051.43891585846,60866.19921875
1478.78845279498,18141.900390625
1000.64215531568,15915.599609375
1326.4065241934,20496.69921875
1013.92859107705,17450.400390625
1066.858380537,18591.19921875
2327.82016506198,170548.90625
1444.29546403193,21134.599609375
1787.0498893692,20950.30078125
1153.45899817799,49538.3984375
2186.3521898704,13251.0
1903.84213247907,26676.599609375
1212.78999048954,18808.19921875
1067.24083778958,23460.599609375
1579.41469338005,22021.099609375
2206.02657501423,19815.0
1118.71642097492,14823.099609375
1204.03869139832,32849.3984375
2201.89104714497,120656.1015625
1368.61982579629,14130.099609375
1159.23906995863,16976.69921875
1876.29607765024,39903.8984375
1856.21094633648,23700.80078125
1699.89396250823,17871.69921875
1947.51064271979,26583.900390625
1683.063838668,25510.599609375
1084.69454292196,12426.7998046875
957.97946087231,8156.7998046875
1194.87787124777,32982.1015625
1035.0685426119,11519.5
1141.68546262603,16748.400390625
1510.41546238481,21168.69921875
1710.11650804868,74270.1015625
1278.13627581571,15124.599609375
1425.5158551162,16506.599609375
1035.27313608104,12302.400390625
1755.90089565825,45729.30078125
932.855338313351,6686.7001953125
1468.04779684712,19921.400390625
1254.09659887947,20218.80078125
1464.53228631192,20057.599609375
1114.57510167376,18935.5
1918.89495496905,93009.703125
1023.82213873627,15818.599609375
1273.52095008851,16434.099609375
979.35184929888,12179.599609375
1126.63341975189,14926.099609375
1418.10003794571,22650.69921875
888.206405476674,13249.400390625
949.390990116354,16831.599609375
1898.64209487766,24155.80078125
1291.7494819845,14162.5
923.59650931531,12641.099609375
1424.6626212746,14006.0
2242.58565710655,26778.599609375
984.235140125002,15101.400390625
1887.54281564694,26660.69921875
1429.73914545344,75803.6015625
1172.32414208789,25633.599609375
1397.48075841314,13732.099609375
1345.39351092052,21140.19921875
1543.15108568817,48766.0
1265.7507418354,24664.099609375
1080.8422383472,21951.0
1026.44599150671,15991.2001953125
969.2989258888,11963.599609375
1189.34382394906,6354.60009765625
1957.11662351058,50273.6015625
1022.8937276537,14852.099609375
961.921532641471,15915.900390625
1008.05307204379,9575.7998046875
1269.31971174196,23405.0
1195.17367976928,40513.1015625
1297.29210505737,18745.5
1024.38379625659,23336.099609375
1751.26307244561,27262.400390625
1000.97003946,13868.099609375
976.160324828839,21718.599609375
1000.73737982091,14276.7001953125
1043.60032415948,16323.400390625
1003.42527246328,50484.0
1760.75600894072,16484.099609375
2245.87875438217,28954.0
1221.13923055867,13064.599609375
1366.10010742631,18530.69921875
1642.36566474833,22900.099609375
2120.82280619734,26793.099609375
1540.76612948348,22012.19921875
1158.41501602389,55874.3984375
986.259468320405,11748.2998046875
985.214560357747,18055.30078125
1141.83693084488,65441.69921875
1659.75310253496,19413.400390625
2005.8080871851,21585.30078125
996.033623383593,24366.30078125
1850.92626473042,27958.599609375
1095.11700423655,12648.5
1304.4068791429,39891.0
896.072450790317,15648.0
1060.44570619529,16318.599609375
1363.72896155923,15092.900390625
1074.50240239897,15483.7001953125
1385.84087128957,15559.099609375
964.29769032462,13024.599609375
1865.72348460109,26844.099609375
1453.48123188912,59517.69921875
1424.67119704875,15825.900390625
1401.22892858744,17614.80078125
1935.02899324473,20755.80078125
1955.30145510562,27585.0
1483.79547979106,21311.599609375
1094.69890740306,11164.099609375
971.110864456747,16938.900390625
1115.21349566672,31836.69921875
968.990643513972,29675.099609375
1469.70436911706,38481.1015625
1753.1815956352,19053.099609375
2221.74518942499,25009.099609375
1742.35429095627,21815.69921875
1056.16505840753,22151.400390625
1411.1046564562,16893.30078125
1487.74156101307,25256.80078125
1293.10913199603,74746.703125
1543.23840266139,23661.900390625
2163.70813664767,27679.099609375
1369.83402176825,21179.30078125
1131.08625126489,11325.2998046875
1964.8303653027,12001.400390625
1045.10966041081,18666.900390625
1502.67309755428,26145.599609375
1090.62708528466,14363.099609375
1118.87858106804,21617.099609375
1275.32676310349,16910.5
1056.14189267994,11744.0
1253.64364208091,17567.5
1327.31243779053,16325.400390625
1058.35299455403,12494.2001953125
1900.45793152476,22784.099609375
964.280204655238,13011.2001953125
1346.82221262005,12913.400390625
1573.42935988813,25727.099609375
1822.87479609487,21496.5
1939.39595564249,23910.0
1147.60408327744,17715.5
1898.13066689167,49926.1015625
1896.54426004664,23687.19921875
1353.37989550656,21031.69921875
2085.12330624697,25308.19921875
1713.80264307747,22281.099609375
1806.93276606132,27837.0
1088.03252379478,13859.599609375
1459.7502341703,16386.099609375
996.212155409189,14332.599609375
989.175899775335,19275.69921875
1060.40973249331,14989.400390625
1112.51836373447,13554.099609375
1048.21063807061,22986.599609375
1064.33086600869,16480.099609375
1537.13724053153,22384.599609375
2320.08548501608,39172.8984375
1124.76557159139,20815.30078125
914.387965538453,55007.30078125
2039.98644527297,16859.900390625
1747.59464583359,23341.099609375
1994.29338408946,32691.80078125
1178.13406201754,14576.2998046875
846.08972055014,11977.900390625
1114.31103465399,13290.400390625
2019.71175593827,60899.6015625
2129.48923853652,23959.69921875
964.861798066131,15201.099609375
1637.36008561023,21993.599609375
1750.40983860401,24149.900390625
1078.35036339981,15335.7998046875
1426.45852203114,20831.80078125
1824.39549246261,18269.30078125
1074.7852915724,26039.900390625
1792.96639392049,24858.099609375
1088.06103545951,12756.599609375
1159.67275910877,17735.0
2102.07104070419,27058.5
1053.67741566036,9372.599609375
1785.64524438678,19025.599609375
1415.9445115431,17079.400390625
939.394533167271,12635.7001953125
1613.29546096736,20269.599609375
1408.28846132257,16700.099609375
1867.50802524122,22123.599609375
993.760152242927,12165.599609375
1445.68507356616,16008.2001953125
2023.12936899968,24032.900390625
1833.4764576772,25854.80078125
1180.17197780317,15605.7998046875
1252.38912883305,15064.7001953125
1332.73678200426,20253.80078125
978.107582430535,33489.8984375
958.93348790366,52253.1015625
1810.84777402373,18859.599609375
1361.51039764789,21324.5
1107.51278459637,10269.599609375
1087.37675550613,15134.5
1009.30825353379,13104.099609375
2225.01578921516,33965.69921875
1420.27048842282,25197.099609375
2093.94343427881,28446.900390625
1106.37198388634,20364.30078125
967.567621872651,8152.2998046875
936.577892538875,13060.2001953125
1355.53542190917,22504.400390625
1942.37208339544,22928.099609375
1009.38632649071,36790.8984375
2207.52588763343,11406.099609375
979.707799613168,6185.10009765625
1549.51486697982,19808.0
1796.48079071879,20011.5
994.160763407037,15055.900390625
1830.14304312568,42329.0
948.511137962763,13096.2998046875
1477.93354834802,30909.80078125
1013.12748012252,9983.7998046875
1141.03971796951,77590.8984375
977.799745550468,11551.2001953125
1634.54311086076,16902.400390625
1599.32084717345,18675.5
1217.93745970912,31088.69921875
1232.24675144246,18457.5
1693.0647505647,25196.69921875
1932.6502739667,22872.900390625
1184.39593638255,15673.2998046875
1369.8667656332,25525.400390625
2035.62059661211,28066.400390625
957.875771966615,35583.6015625
1171.23178893315,16805.400390625
1982.78915012072,25875.19921875
981.695151743381,15724.7998046875
978.111591883386,19414.30078125
1517.97884969499,21095.30078125
1326.2568379536,16460.400390625
976.686342768259,12938.900390625
1232.11911719335,28132.5
1160.52031289217,17557.0
993.634411346547,15025.7001953125
1105.03483136026,17319.0
1469.77241844185,23453.599609375
1212.08499502976,17035.400390625
1095.62453414337,17050.599609375
874.020794226437,12337.900390625
1098.90972388698,41725.6015625
976.368370882372,25922.599609375
1080.48094209578,10998.2001953125
992.189560461921,43711.5
1129.5085315677,14869.2998046875
1551.87532097263,13649.099609375
1949.33828497807,17973.400390625
1868.6181981864,19685.19921875
1018.66798709527,10997.400390625
1100.44155762375,22371.0
2168.69634149008,19026.5
1207.46833281828,19602.19921875
2180.18654237384,23707.19921875
2061.82771693582,32895.8984375
1017.74313997079,58799.6015625
1010.29301970367,12268.2998046875
942.158716787523,7135.10009765625
1316.75710766338,19250.900390625
917.611955439224,10789.5
1445.74699733798,14227.599609375
1590.45839713929,22589.19921875
1064.52365386665,64308.0
1155.61051512774,13635.2001953125
1429.70428548837,21787.80078125
1390.32466468849,12705.099609375
1009.82792317286,15794.2998046875
1607.95208542649,25927.900390625
1837.1256166408,12252.900390625
1405.98503065921,18553.5
864.123682609126,6358.5
1225.19011442328,58842.69921875
1268.28939373273,14413.400390625
1081.53119599557,17182.900390625
1830.05828774734,17158.599609375
1913.23895347943,16027.400390625
1415.30366732895,62541.1015625
956.504650464986,11062.599609375
1124.831170695,17048.0
1749.83604135144,25108.5
1661.29841248826,23570.30078125
1194.31153603245,13911.7001953125
1902.07730498213,18996.30078125
848.550633611628,8903.900390625
1072.54500979146,17182.400390625
1003.66439177642,12307.0
1582.73741605729,19960.80078125
1059.62955979257,17386.099609375
1097.77148477183,14074.0
1373.4307237237,15867.7001953125
1104.0636527806,78215.296875
1239.36219377014,12478.900390625
936.768564296716,11583.5
1067.31568090948,16032.0
1707.13525710598,22976.69921875
1424.53654625715,23360.0
999.807186759288,9779.2001953125
1348.28989511119,20339.30078125
1593.04003928109,20077.400390625
1162.63619026102,20532.400390625
1678.00557977437,19858.099609375
1022.17592421953,20761.599609375
1105.29711640098,12614.0
1923.07480956706,31041.30078125
1178.88037711643,26332.599609375
1770.99247619246,52508.3984375
1140.36212043755,37079.69921875
1089.88544788077,12132.5
1217.70680479645,18610.099609375
1854.21657766378,36448.3984375
1097.376887787,13597.5
1685.02691133372,23683.599609375
1425.80353335832,21613.599609375
965.954151220868,11086.900390625
813.200067433058,7048.2998046875
1021.26711490645,18523.099609375
983.765365899199,9405.7001953125
1016.9587350698,16062.2998046875
2012.74310413444,33598.6015625
1031.66251241429,11047.7998046875
1745.09675670691,44311.8984375
1198.27009110778,22361.400390625
1918.59023655231,87575.5
1048.5781712487,16894.5
1078.08061632183,10649.2001953125
1818.17426949458,41158.3984375
1784.10138229145,21827.80078125
958.068559824573,11383.900390625
2095.77798170589,20948.599609375
1020.8969087598,12124.900390625
945.355587194698,13198.5
1111.49584188357,16565.099609375
2198.27207045145,43914.5
1242.29989759993,10792.5
1302.57288858427,24705.099609375
1061.97108025802,12148.2001953125
1862.17456195879,20985.80078125
1248.00512626067,13759.599609375
1020.62315222898,17321.30078125
945.291101827998,14816.5
1472.99924837173,19972.69921875
1385.05680050966,14969.5
1742.04066264431,25421.19921875
1230.4615425602,18344.400390625
1016.70959212454,18324.099609375
1140.25419933162,39497.1015625
1883.9574738079,27707.900390625
1963.41725591982,45068.1015625
1058.64022730138,16253.5
978.583036714545,12655.7998046875
1051.68449484563,21108.599609375
1818.37307153182,24500.69921875
982.6794724185,18309.30078125
1827.77267687443,17192.5
1039.20986191306,14429.599609375
1311.4460304927,11447.5
1254.77631251154,16988.599609375
1397.58411319776,13833.5
1385.660891406,15141.2998046875
1059.7707816319,21906.80078125
1025.95661551141,11038.7998046875
1163.65125007467,63913.19921875
1207.98722284152,28482.900390625
934.7121604785,10351.5
1308.14079348484,14452.7001953125
940.424517055425,83443.296875
1006.29036064697,12750.099609375
1164.29699473119,18006.80078125
1820.81839227666,40667.69921875
1866.69577691765,20088.900390625
1076.47215748611,18094.5
1306.03137579003,13483.5
1015.01103197335,14633.2001953125
1862.32781215668,23622.0
895.379595062786,10812.2001953125
1040.71819580118,13515.099609375
1629.29551669357,19690.30078125
1086.97046428381,15833.900390625
1151.60039403379,41301.3984375
920.780314181676,13502.599609375
1038.49038787354,15595.900390625
1377.59164479436,12747.099609375
1160.29400155342,26299.19921875
960.122847542673,14047.599609375
1193.63126553193,18773.400390625
1195.01185379724,21422.69921875
1008.92445979692,59470.80078125
1957.96440004136,32922.19921875
1683.6487732896,22062.80078125
1373.11965700662,13625.599609375
1167.72908637234,17153.80078125
1456.60682313449,19859.900390625
1749.53956458779,25818.900390625
1350.54521234034,18313.19921875
1123.95053892557,19052.5
864.564221241219,21130.900390625
2016.61178064168,50062.1015625
1098.68341254823,11254.2001953125
1016.6433247788,14517.7998046875
1079.5721327827,14547.2998046875
967.990285027446,13427.099609375
1078.22384288759,15108.2998046875
1896.01968996519,38815.3984375
1972.56994579098,16671.69921875
970.929102594131,12024.0
1086.042498696,20454.5
1275.8517786797,18864.69921875
1066.74188365691,55320.5
1417.37299049525,18173.19921875
915.927985241464,15583.400390625
873.691517910982,11806.599609375
1023.11079497615,20169.80078125
1025.24560587235,11526.900390625
1455.23826322773,24092.400390625
1075.74299393554,23672.5
1209.83435549561,14975.599609375
979.879649217344,12839.0
1309.49119948007,16213.5
943.444971537121,14821.400390625
1418.94959645553,21016.69921875
1036.42217844415,42917.30078125
915.756191324133,11446.400390625
1059.19976872159,25100.5
940.577321758555,15284.2001953125
1546.35619774843,21754.30078125
1084.05949013971,10842.099609375
976.253655981334,13727.7998046875
1359.21988633261,16813.900390625
1074.37053594962,16925.69921875
1432.42391963249,20166.400390625
1086.46015003473,22559.0
1028.70197697799,18962.0
2183.42083434097,22592.19921875
1098.70379393356,14524.599609375
1139.51857610701,18262.30078125
1535.32819767953,18526.400390625
1469.89715697502,24592.599609375
1877.04695907043,24723.400390625
970.516351697776,11835.599609375
1303.61991264704,19209.599609375
1977.71206907343,31318.30078125
1755.47990310881,23714.69921875
1105.00876991672,33837.30078125
972.654392431003,9967.5
1824.98677538456,20469.30078125
1976.79635459155,18491.599609375
1411.14775807436,25427.5
988.897911044276,12628.099609375
1611.48931383131,22674.5
2020.66556022224,31460.30078125
1041.48589464861,15475.2998046875
1525.55226063729,29338.30078125
984.14927100976,12363.900390625
1337.31758188746,16811.0
1313.27512060896,22273.0
1027.66341731568,27603.099609375
1975.87974912015,28330.30078125
1858.91844074836,38261.3984375
1187.47876013083,14812.400390625
951.015152642408,14366.099609375
1150.36481431329,21810.400390625
1343.75620629901,19770.5
1940.70236903004,21997.099609375
1410.4655942211,16367.099609375
1140.87321430247,15369.0
984.96073971749,13812.2998046875
1107.7669393577,18779.599609375
1344.63928828962,53579.69921875
1202.55608483268,15248.7998046875
1096.34901999896,12585.400390625
1325.25102215625,13825.400390625
1916.46745401466,28395.0
1351.77934420286,26989.0
1901.13151960387,27131.599609375
1067.74190802237,16873.400390625
907.27753502684,6605.60009765625
1748.92366808027,19314.5
1915.68026477142,26618.5
1041.08027166843,16280.099609375
1172.87688971299,17149.900390625
1601.2732279649,18393.30078125
1882.96847543779,25206.80078125
1091.72166591321,17196.400390625
1110.81557138305,44029.19921875
1624.63174341109,23686.900390625
1087.22038684491,13874.0
1382.87922211637,17362.19921875
1086.78057214181,13645.400390625
1904.10296966182,16362.099609375
1735.3482175925,24785.80078125
1339.48758686981,16667.400390625
1003.39854277761,13419.900390625
1409.98702147376,47680.1015625
1259.8549527905,23920.900390625
1091.52876668156,11580.099609375
992.801447516583,13065.5
1386.6063426632,15784.2998046875
1401.01442285987,20407.400390625
1879.32210081645,35977.69921875
1036.99419371768,21319.80078125
1127.02044332578,18641.400390625
1098.28246726305,14432.0
1416.13729940106,21456.5
1442.56338039995,20541.80078125
1441.03154666318,19869.099609375
1321.01347598664,23013.5
1096.18908737965,16495.599609375
1544.84396578115,24223.599609375
1523.26954548033,22012.900390625
1537.40130755129,23239.900390625
869.155657311838,15336.7998046875
1190.73733156244,22309.400390625
992.017710857745,17631.30078125
1507.7912754933,17000.900390625
1011.59809660694,36651.6015625
925.073101701679,9326.0
2173.40566661191,66676.796875
1745.38465769641,18641.69921875
1100.01321441075,13792.099609375
1076.52093916248,38379.19921875
2075.92116645731,35157.30078125
2111.00053769993,19867.19921875
1201.53289473963,10248.900390625
952.346290989209,9573.2998046875
1111.16016158092,18711.80078125
1125.71536642251,17500.19921875
1081.82232682209,16933.5
976.625421359649,10652.599609375
1112.76004464248,35912.3984375
924.206670077772,35280.6015625
1425.07069447596,18105.5
1085.05951450517,7706.7998046875
1737.21328141073,28872.30078125
1915.40940395654,28527.0
911.40777264581,13003.400390625
1138.46119429103,19104.900390625
1937.68302828525,24635.900390625
1890.33473131609,24684.30078125
1008.88057856293,12606.7998046875
1893.00213119944,70048.203125
2003.32155817483,20092.30078125
922.457824705396,11709.2001953125
1035.42571803679,26539.900390625
1026.97167532506,18616.900390625
1071.92243086252,14743.7998046875
1675.76953019366,80144.796875
939.089369255772,13239.400390625
1192.03706252857,18634.69921875
1734.97010391383,22708.099609375
1358.03264279371,15132.5
1221.9576044352,16692.599609375
894.493617356227,11621.5
1434.83460315964,22342.900390625
1101.3610588111,15602.2998046875
1329.60339460057,11334.5
1031.87167220473,17879.80078125
1741.13998361063,27770.900390625
1885.49643546086,23539.400390625
1544.63903819095,91381.296875
1162.87430721094,23901.30078125
1235.81917393343,7691.2001953125
1346.28516868529,57309.80078125
1165.88117410241,28290.5
936.288098196641,10099.900390625
1926.97979389734,25537.900390625
1295.82776377693,23973.400390625
860.521968837608,10928.0
1915.06080430582,22602.0
1284.485801275,7893.7998046875
1566.62041795623,17399.400390625
1023.64115648949,13627.400390625
869.851687189543,31863.900390625
1210.89463302754,18845.900390625
1843.36532764143,20714.80078125
1080.08133329488,28634.400390625
1794.54199751756,19774.900390625
1792.88186128953,20099.099609375
2152.92604968701,22134.0
985.764412266897,18415.69921875
1270.69751566501,19385.19921875
1075.24147820799,16017.7001953125
1016.12476887663,12611.2998046875
1200.36536434392,12110.400390625
1320.0950885362,18478.80078125
1825.05159487234,20534.5
1120.75144104459,18610.900390625
1200.88815244632,16484.69921875
1485.02259511109,22475.599609375
1146.51885803889,14481.0
1276.3008373991,32066.599609375
1002.38426257979,14810.400390625
967.581432210251,8891.0
1795.01065800646,33348.19921875
1035.84414899135,10527.400390625
1006.55977360388,10830.2998046875
935.073568103614,14396.400390625
1109.21101062649,42558.3984375
1385.4341345725,16082.400390625
1288.93818729324,43620.80078125
959.595715866351,14370.400390625
1664.37266046239,16396.30078125
1070.25371886034,14578.400390625
1620.54421760236,19640.400390625
1097.68271994064,42554.0
1644.85430985871,21248.19921875
965.139118555048,15649.2998046875
1774.28267775213,25293.80078125
1004.80987018144,13572.2998046875
1403.20759356981,16736.400390625
1677.15769186991,15251.7001953125
2050.3945393815,33841.1015625
1732.44247801184,20016.5
1034.64309511485,23780.099609375
1659.03463085866,21740.900390625
1582.01426668599,22583.900390625
985.942944292493,20999.900390625
1387.22791922892,13242.400390625
1857.54275292542,21422.30078125
1600.9691777903,20855.400390625
1736.61665255164,55585.0
1061.78040850018,23911.19921875
1035.93814838599,15085.2998046875
1357.56721214183,17565.69921875
1874.5646622604,23009.599609375
1151.97394139115,14210.7998046875
1003.41313273104,14092.7001953125
1150.55370409209,17127.400390625
1025.28480941135,46981.80078125
1368.21810089528,23790.5
1456.30344120203,15456.900390625
1869.68404440284,59773.8984375
923.860632021923,14629.0
1473.90516196885,65479.19921875
1443.84495745456,28093.900390625
1797.5689116733,23538.400390625
1182.45536120227,12263.900390625
1092.61933785725,21908.400390625
1882.34188705601,15565.400390625
1123.878814269,15726.099609375
1205.92369110712,16011.0
2105.04004054095,27273.69921875
1727.75375702272,18468.69921875
1692.4705719268,31021.69921875
1091.16925240918,16111.7998046875
2043.17485127968,34058.69921875
1854.10965892106,59153.3984375
1835.66829190286,19171.80078125
1136.96678211421,21369.30078125
1047.29046864112,15064.400390625
927.645555514031,15237.400390625
979.407090649282,16491.900390625
1560.65011991251,23179.400390625
1476.32219379635,20303.30078125
1104.64524619149,15905.900390625
1319.89294528825,19004.599609375
869.309631438716,10659.5
920.01473143436,11622.2001953125
1595.58114139961,21448.30078125
1329.9704822839,17440.599609375
1447.89751192452,24529.19921875
1167.52026070297,16484.900390625
1122.56627532849,16546.30078125
1280.97207271884,17886.30078125
1108.17211684311,20631.0
929.804590187885,37731.69921875
1416.62945973862,19880.5
1812.99194030993,28910.599609375
1406.31937447757,17067.599609375
1446.45800697703,17545.0
865.250617294711,12287.7001953125
1404.2636389015,26660.80078125
2249.39504453321,26042.5
1044.94148613841,12101.400390625
1535.71700323246,18864.900390625
1391.27367990378,18102.30078125
1705.67470253102,22519.80078125
1043.57504233178,13347.0
1301.18795674504,33000.3984375
1673.79086521129,27069.900390625
887.462651972663,8600.099609375
1584.88971262288,62337.3984375
1192.5641942049,20154.599609375
1437.68788573215,21519.400390625
1710.50631596483,25219.900390625
1986.26980069085,38027.3984375
1397.39087984504,16080.099609375
1398.09765728386,14465.7998046875
1017.06598793359,32484.19921875
1744.01286795264,21514.19921875
974.409307669502,13718.400390625
1075.83844118815,16784.400390625
1621.14897674084,16862.80078125
1003.71395306861,11865.400390625
1759.22740504097,26455.599609375
2166.65619823065,22736.0
1933.06993003186,28276.69921875
1282.61216168261,16173.2998046875
1003.63588011169,14243.7001953125
1853.06642156376,71452.203125
1994.66225375183,20196.69921875
1493.11812591365,20158.900390625
1638.43996491165,17923.400390625
1135.76394625867,17758.30078125
1169.67534161082,18442.5
1023.88306014488,8435.900390625
1195.16978169012,19286.69921875
1004.54758514072,18141.099609375
848.413755346215,7936.60009765625
1046.1208221453,12435.099609375
1200.18070676536,16587.19921875
1104.85306949765,17519.900390625
993.102267854159,13520.2998046875
1201.45949947771,19571.80078125
966.583969439674,15211.5
953.694135389558,11983.900390625
1858.59768452021,23702.80078125
1033.44805541763,14609.900390625
1772.6272192191,34452.8984375
930.154582009741,16686.80078125
1679.81172691042,64551.3984375
960.670249230635,17930.400390625
1161.87951740893,21478.099609375
1063.93025484458,20522.0
1174.91970594099,15041.2001953125
1372.62315309513,19344.69921875
1847.0170481999,34482.6015625
965.683624527062,17206.69921875
981.026129985581,15210.2001953125
2087.05853549011,23177.400390625
1183.97861916489,12818.7998046875
1235.35340916048,16044.7001953125
1846.64316672147,21599.099609375
1049.23705800068,15887.0
1760.52869523876,28004.599609375
1288.20657352148,18941.400390625
1038.71023953825,18015.400390625
1914.53222477152,39114.3984375
1529.47684673707,19426.80078125
1678.47925207934,24133.400390625
1239.02250401464,21016.400390625
1490.92551207217,21739.900390625
1111.04789690107,12835.400390625
1343.41150472744,6883.60009765625
1280.35160989002,17390.5
1550.73730460486,19011.19921875
1282.11855348708,12613.7998046875
1052.59007432169,67003.3984375
1312.87729378711,6976.39990234375
1071.59376710236,14835.7998046875
1038.67705017853,11617.2998046875
1377.45443240787,10205.099609375
924.191022074281,11030.0
1148.29727312604,58058.19921875
2018.80806981495,21430.19921875
2021.67727882518,25490.30078125
1054.4151549851,13061.7001953125
1468.84044340119,15325.400390625
1800.65351740063,19710.400390625
2047.51708871819,25293.30078125
2271.46240478742,41634.5
1098.59008139574,15735.7001953125
1011.24069843467,15792.599609375
1145.71874944757,15696.5
2015.28932944272,13826.099609375
1021.89515114621,53045.8984375
1019.07572617556,16149.099609375
1199.30330483295,14715.900390625
1067.64891099095,16303.5
1118.59246205758,14985.900390625
1197.5190983139,16733.30078125
1001.28934783017,14356.400390625
1520.88057982279,23343.099609375
1951.683592149,28288.0
830.974584480426,19340.69921875
1186.65437207502,22395.19921875
952.181235180142,11450.7001953125
1248.44315898473,15507.400390625
1566.5413426361,14788.7998046875
1702.57194289217,21358.099609375
929.1238741926,8773.400390625
1532.45676119549,23701.400390625
1129.64997615442,12983.400390625
1113.99595848405,11873.2998046875
1345.14292011728,44096.3984375
1524.32158135917,19795.19921875
1238.95189309497,16747.80078125
1938.40339331429,29539.19921875
1020.11239248513,12781.900390625
934.458005717171,8827.2998046875
1171.10170446285,14320.400390625
1127.70227305796,63324.3984375
919.878966905851,11215.400390625
1977.90830951578,29750.599609375
1548.06010383676,9958.0
977.227284782182,12646.2001953125
1079.48047223556,13984.7001953125
1105.2255031181,40646.1015625
955.032735773611,9870.7001953125
991.667106480592,8087.60009765625
1829.0051381316,29389.099609375
983.228656085508,56479.0
1051.83451520651,17016.30078125
1193.34859910588,22380.80078125
1237.43231046414,8857.7001953125
1013.55192525636,26208.0
1418.32634928446,21580.599609375
1815.56367019329,28042.599609375
2220.79093964626,100772.296875
1685.87691533831,35482.69921875
1643.85138977731,21251.80078125
1847.70522623244,18114.0
2022.46491356318,21207.69921875
2050.5315290206,23718.099609375
1022.99641419618,15186.099609375
1839.6727329386,33272.0
1395.17376379168,14968.7998046875
2271.46017731362,142656.296875
1833.29257971447,15767.5
1236.88524289725,14068.599609375
1332.28738916379,15729.099609375
836.800263787259,7119.7001953125
1317.58394594037,13948.900390625
1943.68540195178,27133.30078125
1062.62796228358,14774.7001953125
948.103064761401,9797.0
1620.52216561167,69152.1015625
1877.7278978131,51795.6015625
2103.58572289265,24431.0
2036.8412522581,17646.80078125
2115.98785155282,37621.30078125
1847.95258719866,27883.19921875
1622.87615993045,25120.599609375
1112.48595399059,14920.0
1616.35088678782,31486.099609375
1661.35933389687,19748.19921875
1286.18402730512,18315.30078125
1698.60202770043,19797.69921875
1513.37889353706,24135.400390625
861.081510257816,7387.7998046875
1021.60290658279,12025.0
923.214831678556,12221.2001953125
1477.61635607797,50511.0
1166.1887882351,28144.099609375
1208.03533627574,23193.599609375
1404.8128225685,22521.5
1224.2997931428,14881.7998046875
1147.49115035545,15422.7998046875
923.465366794949,11540.599609375
1287.49589800349,12018.0
1117.20073642324,14711.599609375
1692.37545879526,36517.80078125
1234.58003025484,9465.2001953125
1284.14332717724,18631.400390625
898.634936657385,9157.2998046875
1419.36123361498,18382.30078125
1794.00885166196,24461.0
1457.95355379793,64648.19921875
2264.81874141198,43391.19921875
1475.33720487909,22119.0
1896.56698027946,13656.5
1045.27115226179,12948.2001953125
1862.77687087608,21284.599609375
1546.23390943645,22954.30078125
866.727877923222,18058.30078125
1980.19169291489,37772.0
1995.00149801257,30087.599609375
1107.24158966042,25300.0
972.25277890368,21673.599609375
1095.34220183839,8395.2001953125
1267.21129641036,18386.80078125
1962.34561827149,82338.203125
1095.43664672779,14247.7998046875
2102.05522564016,18208.80078125
1613.99689246904,29983.0
1283.10933383623,12155.7001953125
2093.13152007632,26516.5
1915.51476346759,25908.0
1169.60161222782,12652.5
1089.35475224636,66351.1015625
1082.3680579047,16435.099609375
1771.68600016214,20942.599609375
1978.66854632596,27878.80078125
1500.19224860222,30869.19921875
1123.8190065973,12629.0
1360.95976612291,11877.0
1064.3077002811,16364.599609375
1225.1922305234,22630.099609375
1433.34052510389,22195.0
1781.35891654082,23863.80078125
1024.98655066865,12624.599609375
1064.89608748711,11870.099609375
1949.6868846288,26082.5
1080.01261572795,19220.599609375
1475.54135285346,61938.0
1133.73427212613,17085.80078125
1966.22676863204,18185.80078125
1660.5115573661,84177.203125
1338.29800448341,15934.5
1631.75397953388,24024.099609375
1165.79029317111,17686.5
1902.34059238607,34894.1015625
1902.09935697282,26256.19921875
1803.37315154475,28383.30078125
1059.45035952483,22652.099609375
981.481982500093,8464.2998046875
1122.27403076507,32602.0
968.361270789928,13276.0
2136.94281138804,81654.203125
1026.10774960918,16909.30078125
1186.03713908322,18008.19921875
1316.7107762082,20974.900390625
1065.46910512385,18681.30078125
1098.89903201271,12675.2998046875
1509.02975092975,19466.19921875
1363.26141480723,30621.5
1199.05950782483,19329.69921875
1339.31161643909,24329.099609375
1033.0500058484,12620.099609375
891.541936128308,10408.2998046875
1498.64081309595,29160.80078125
1083.95223727592,18618.19921875
1060.9614777552,12693.5
960.28823747281,11968.599609375
1435.29145803736,19560.0
1159.49344746734,22059.69921875
1200.82188510058,16871.0
1052.41076268026,25920.69921875
980.995502220741,12511.2001953125
1264.67732220801,24693.80078125
1069.20101473936,20347.599609375
1310.44745398522,20596.599609375
1073.86011032685,9454.5
1745.85621390126,15867.0
1800.79284588723,14704.599609375
1014.94220303273,15795.2998046875
953.32459748505,14469.0
1334.45750551983,10104.099609375
2065.3653908354,19107.5
1165.78561547611,16020.7998046875
1439.89497815338,19263.30078125
1072.22893125831,12607.5
1163.50869175105,15592.599609375
2201.29965284933,14500.599609375
990.653160403846,48437.69921875
1758.22136649624,25318.5
1935.55601354736,20367.69921875
2086.05416755073,51669.19921875
949.455586856744,12681.400390625
1035.09349031854,19652.80078125
1236.49175964932,15563.099609375
1163.56816530168,80291.296875
1060.69028281925,15781.7001953125
1699.04006042449,17737.5
1046.14576985193,22667.099609375
846.661011894678,6319.5
1856.17497263451,57928.1015625
955.591274830606,14633.2998046875
974.258953187559,11712.900390625
1283.17348508186,32677.69921875
1491.06172209544,21082.099609375
1850.49257558028,31047.900390625
865.105218941988,8652.400390625
1947.49571864529,23218.599609375
2051.47731439887,56091.6015625
1070.14646599655,67949.1015625
1924.94054162743,94483.1015625
2164.68755688041,114829.8984375
1733.69665713862,25204.599609375
1423.63341700228,23318.099609375
2176.83597627402,67926.3984375
1282.93336340551,37647.1015625
955.320079894657,14601.099609375
1004.37183745738,13299.099609375
1419.85662378956,31610.69921875
1999.75581810529,85794.1015625
2239.06023431291,28803.5
1935.95940905373,25290.30078125
1152.55798502323,85827.703125
1371.8750560172,13660.7998046875
1079.09344866167,14107.900390625
945.426532235437,9656.0
1360.45479781096,64007.1015625
1355.22324145518,15277.900390625
1167.5291705982,62255.8984375
881.08884704888,7954.2998046875
1673.17385496687,22249.400390625
1265.93896337205,19578.599609375
1658.06556837911,62862.8984375
950.529006484126,15204.900390625
1204.57718319106,14852.099609375
1747.43604969856,70765.703125
1077.20599873168,20101.099609375
1344.56199494853,21927.400390625
1545.74631542019,55377.3984375
1698.75460965618,22791.599609375
963.882489207077,10662.599609375
1019.65264189146,18552.599609375
1218.18972111771,13530.099609375
991.725132173253,12635.099609375
1465.7301103514,16873.69921875
2052.67057211704,25648.5
1764.76757789265,22351.69921875
1665.66960708626,10908.7998046875
989.825208389947,13882.400390625
1293.54070504605,20749.599609375
1984.75110904954,117191.703125
1010.97161959884,13332.599609375
1497.63755889348,22729.400390625
1051.29702577698,14417.900390625
1920.97987045199,27382.099609375
1174.14532467214,18118.599609375
1306.58479165727,15027.599609375
1982.55014218128,25308.599609375
1069.50885161942,15025.7001953125
1738.9029316667,17535.80078125
1521.75842724996,56674.8984375
1325.91391836108,20114.099609375
1081.99239444722,9592.099609375
1025.85860666392,8745.900390625
1299.66213718755,18093.900390625
2210.48375010116,33241.1015625
959.272063922257,17102.099609375
1301.7595265238,16893.69921875
1004.71509117097,14127.2998046875
1945.44755648016,15834.2998046875
1002.56635856347,12255.900390625
1225.83875479575,10945.5
1819.43412867957,34225.3984375
1653.78492059135,21477.900390625
1639.5044746438,49059.30078125
1998.58260765138,20395.19921875
1267.57047656167,20651.900390625
1010.08207793419,15207.7001953125
1387.93146683072,15702.0
1304.35375389262,24354.80078125
1324.51328283151,17018.69921875
915.414051347445,9418.2998046875
980.321245899495,11891.2998046875
1553.73492748004,21833.30078125
1194.62661220239,15505.099609375
1172.56537750114,12764.900390625
1052.70657120178,4835.39990234375
970.212747017942,14729.900390625
842.755247948564,8366.599609375
888.700403480124,14956.2001953125
1515.51582053338,13620.599609375
997.39394163726,13292.400390625
1022.19953544188,13520.099609375
1828.85645425501,21899.599609375
1569.94603634943,18284.599609375
1138.33678987894,64123.80078125
868.000934890516,6806.2001953125
1293.13084986564,17236.30078125
1955.70841457008,23947.80078125
2031.82319926668,22189.400390625
1199.59376741733,27580.0
1134.15593291771,22322.099609375
1903.37235825327,19663.900390625
1058.41179986252,15909.2998046875
1290.74021360275,13669.599609375
1023.74406577935,11442.400390625
1060.16638097995,54444.19921875
1933.77737571282,29835.80078125
1258.20227859972,62574.19921875
1172.91353165711,18023.80078125
1431.4242293881,19596.400390625
1854.70806975919,30478.30078125
1034.57315243733,16087.7998046875
954.653174236973,10707.900390625
971.586652861828,13450.900390625
958.065329987553,16078.599609375
2059.10774867062,36568.19921875
1164.43743695469,22143.099609375
1453.69039167956,22730.400390625
1013.40502335882,13179.900390625
1112.68308542247,19140.099609375
1156.05289142573,19803.099609375
1069.40872667182,12124.599609375
1044.37013910703,58876.6015625
966.22289593563,22460.900390625
2272.50664450794,29514.099609375
1009.65863516356,17886.400390625
1590.42988547456,13330.099609375
1048.90605539302,13560.099609375
1142.29734968069,16678.099609375
899.652056884305,13412.099609375
1008.22982209035,15350.099609375
975.153506668274,10639.099609375
1249.03544426989,17085.0
1159.59223593066,34152.30078125
956.436935261267,15646.2001953125
1664.51566428077,15898.099609375
1841.69461091282,22769.900390625
1408.6312695414,20786.30078125
1057.80303127119,16719.900390625
1460.16899924594,14213.599609375
937.166279744878,14212.2001953125
945.112458428712,15865.900390625
1877.22448873281,22788.099609375
1316.51899071346,16050.900390625
1244.63997020741,14295.400390625
1501.89582056948,19440.599609375
949.10453698483,13896.599609375
1440.11026349679,19621.599609375
1013.64347442981,16911.599609375
1100.11255974252,13306.7001953125
2253.90879745482,34153.1015625
1323.15508067796,13560.5
1007.25652741057,15537.400390625
1556.24896579182,15834.099609375
1848.02342086571,21440.69921875
1817.5936784469,65765.3984375
1920.15793261737,33103.8984375
2260.81396625516,28794.099609375
1068.66597553102,19555.099609375
943.625953783904,33259.6015625
1019.99656384719,14460.7001953125
1759.4666357278,43971.1015625
966.600675493223,16548.5
1812.08769731815,30649.80078125
1734.5213793155,50912.8984375
961.45933182661,9281.400390625
970.065510999328,15059.900390625
1068.64681925628,53172.6015625
1524.58108205763,17817.900390625
1050.61062972349,18319.599609375
1383.21067021879,19497.599609375
1795.23050967117,55606.6015625
1883.9621515029,21695.599609375
1569.37858739721,26906.599609375
1303.42612242587,14731.099609375
1938.94645142833,22413.5
959.764669754578,46121.80078125
1297.97816698979,31277.19921875
932.272965286625,13326.2998046875
1011.4983057804,12898.7998046875
932.942655286568,12592.400390625
1045.7822461267,16140.599609375
1399.80869128837,25882.400390625
949.688580616911,9736.7001953125
1501.27068004567,49201.6015625
1046.80398836177,13003.900390625
2025.26618462231,25878.900390625
1109.08705170916,18127.599609375
1021.74691276439,9692.599609375
960.396492699809,11021.099609375
929.617816509205,16828.599609375
1903.29662414385,21751.099609375
1745.4331052517,17180.19921875
1935.80259489775,25947.30078125
1816.30062990219,28471.19921875
1259.2251345717,24756.30078125
1527.46499239499,13475.7998046875
1070.53638528639,15992.400390625
1185.14548131846,16693.5
1059.03694038633,12112.400390625
1982.1434054642,48854.30078125
1364.77609699569,19671.099609375
1259.47539125386,22682.099609375
1279.83338810892,62359.80078125
960.567228567082,12839.2001953125
1109.40491222135,16311.7998046875
2134.4502681985,18285.30078125
1160.94754236826,15192.599609375
1511.76798448015,15832.5
1694.52307766585,15151.400390625
1111.86337506165,18963.30078125
1027.72857092453,17420.5
999.081141672039,8833.599609375
1688.9216492845,58975.80078125
1282.8656482018,17436.099609375
1926.62651655162,22477.099609375
1937.98173252271,51330.6015625
1003.29128991382,9556.7001953125
2006.08251195807,42077.6015625
979.562122826219,16288.599609375
1156.39959772372,15217.2001953125
1456.18906042206,50782.6015625
1177.13258979411,53297.80078125
937.035192911362,10960.7998046875
1711.38806147116,23705.599609375
1780.38205790295,33463.3984375
1616.23539227095,45099.69921875
1068.35735903512,9941.099609375
801.29538936074,5862.39990234375
1135.57750670106,13201.099609375
1811.35207409354,22528.0
1318.26388231983,18017.599609375
1079.06460287588,16011.2001953125
943.976001292605,13939.099609375
1437.3062080954,59604.80078125
1341.66026482073,12165.099609375
1437.11019040042,25746.099609375
1109.6611830828,66534.796875
1234.9488999172,21412.099609375
1230.01281796187,14538.599609375
1267.78297756281,22059.599609375
1749.84818108369,27017.30078125
1814.11525535057,88032.796875
1995.32047226167,31112.30078125
2048.17708920707,16924.599609375
1599.08139373924,21362.5
1820.56780147342,26364.900390625
1050.24565814029,14420.5
1060.00277302886,17675.19921875
998.379821544044,24194.099609375
1076.33995691569,12939.2998046875
1476.54928475093,25266.30078125
1393.55606093967,20683.0
1020.96674006364,9408.2001953125
1671.45179496702,20061.099609375
1650.84320730872,22932.599609375
1348.23966557686,10459.5
1118.55359263966,23529.099609375
1487.65491228199,20543.30078125
1060.05055234201,17086.099609375
932.95334716084,12377.2998046875
869.091116258292,8172.7001953125
1630.11199721737,22959.099609375
1020.9602803896,23830.099609375
1076.83746319039,15228.2001953125
1143.91895061187,36768.6015625
1178.13796009671,14399.599609375
1011.96384780597,17575.0
1920.78095704106,28999.400390625
1318.6188302709,7895.10009765625
1220.83595999991,18354.099609375
1822.89261588533,24653.099609375
1881.19718826681,60787.80078125
2086.65358075208,33719.6015625
2029.29390275933,22236.599609375
860.939675863184,11772.2998046875
1025.73776620991,18225.0
920.839119490169,12853.2001953125
1793.82742392042,17987.599609375
1099.69847236188,15261.599609375
943.821303236739,10989.5
1243.67346932274,22598.099609375
1305.26401106367,22924.30078125
930.572623156387,9865.7998046875
1570.65270241456,16342.2001953125
1615.85226677622,19982.30078125
933.299385216689,11139.599609375
1246.81688035856,14067.7001953125
870.32107160743,11738.599609375
904.427760725571,10318.599609375
1131.46046686439,23413.900390625
952.504107508403,13102.599609375
929.484557888728,32436.0
2047.8140109766,27078.80078125
947.235240966365,11008.599609375
1339.60697946584,17726.599609375
1872.70427613716,18312.099609375
1283.83359694444,21327.80078125
1766.44052209507,14366.5
966.901495830799,17611.69921875
1325.06892617256,20904.099609375
1770.56012352661,25375.099609375
1007.77508331274,7296.10009765625
1047.80512646413,31175.0
2205.7425721039,24334.599609375
1770.10393689103,53317.80078125
1952.42779114777,22182.30078125
1233.41706618043,16583.30078125
1054.13928235416,10258.099609375
1045.3331874073,14178.0
1652.92923652856,26316.599609375
1895.63366875452,31054.80078125
1003.68399354592,15417.7001953125
1049.6063731578,14814.2998046875
1230.03030363125,29531.400390625
1599.31371925727,20445.69921875
1078.50249986079,12182.2998046875
933.708906276025,13610.400390625
1379.29744423542,19122.80078125
2013.83478904704,23033.099609375
1377.27345016109,18780.69921875
1911.19502351453,20380.599609375
1907.13812547064,26193.30078125
1087.28019451662,39662.19921875
1908.86887261834,27268.599609375
1355.03468579746,15040.7998046875
1009.33932679339,12782.900390625
966.504448624779,9798.2001953125
2095.64344228798,33037.1015625
977.439785783328,9972.599609375
1870.96395085209,24354.80078125
1030.93401710586,13383.7001953125
1350.55868855687,18987.099609375
952.497759208055,13211.400390625
1041.85543255311,13165.2001953125
982.503724735163,12020.7998046875
1606.48551667225,22814.0
2293.21457749801,31452.900390625
1373.23292404968,20979.599609375
967.340865039143,54655.5
1284.49972298629,42575.80078125
1378.05674132517,19780.599609375
1485.33410732294,28116.599609375
1432.45632937637,17580.80078125
1146.24944508198,11763.2001953125
1617.66810342333,21928.80078125
1763.07692527347,29216.80078125
1262.63339224311,17819.400390625
1631.88473224632,18412.19921875
1510.87476748372,13804.099609375
894.718146715928,10819.7998046875
1813.20934175345,27226.5
1135.11174192811,16721.400390625
2017.10160213174,39728.30078125
1353.88775953446,16953.099609375
1340.31086118871,23153.0
1192.51608077067,25228.19921875
1787.7038756788,51582.6015625
919.99228963576,10784.2998046875
949.045731676337,14865.099609375
1812.87967563008,22868.099609375
1662.18762003184,28616.69921875
1352.24444073367,23431.099609375
1031.54701789742,11851.599609375
951.116725447987,14949.400390625
1582.85068310036,21014.099609375
995.401354943601,11975.099609375
1694.30099852734,13141.7998046875
1702.73555084326,19814.5
1183.84240914162,24136.599609375
2084.85199993733,17625.5
1657.69525085877,30856.599609375
995.55393689935,16890.69921875
1215.59270940664,12007.2998046875
2129.59905299519,19270.0
1754.3619340053,26006.599609375
1108.47115520164,14568.099609375
1084.79934556456,27879.099609375
1138.33500789989,17138.5
1609.31774961729,20050.099609375
1871.76584142246,25177.30078125
1017.47795921411,12291.900390625
2050.3992170765,99128.296875
1117.75916410655,17683.599609375
1674.04346074095,26624.599609375
913.643822226526,11472.2001953125
1020.40252094844,16923.5
1202.7595645649,43880.0
1052.00413733688,34656.5
995.651945746839,14351.7998046875
1068.9275923296,66964.203125
1118.06566450233,20760.599609375
1099.87667026641,22817.30078125
998.639210868818,12484.599609375
2336.84054298903,45848.8984375
2145.87765432091,30157.599609375
951.29770769477,15003.7998046875
1447.93281738436,17053.400390625
1465.50246252837,21859.80078125
1824.47100382466,22558.599609375
1381.17520465435,15755.0
1825.07832455801,18967.099609375
1159.44433166991,23210.19921875
2028.19976762555,35037.1015625
2169.33607196733,12489.7998046875
1929.02506034652,26867.099609375
1189.39728332042,23937.099609375
942.616685402151,9327.2998046875
1441.6634809821,16338.7001953125
1153.22555892306,35191.6015625
1545.44983865654,33265.80078125
988.679729984923,13625.099609375
1123.73235786622,11751.099609375
934.825873016325,13294.900390625
1254.0214216385,25794.69921875
970.065510999328,13377.099609375
1041.55817617363,12404.099609375
1008.84783469798,15322.900390625
1376.68328097604,18815.30078125
2053.87162599354,44564.30078125
2003.46166627727,33303.19921875
1609.94712234134,21134.099609375
2162.02817590276,28706.80078125
1335.64174196909,9743.099609375
1610.73765279529,15333.900390625
1239.37355388656,18765.69921875
968.497369439509,9998.099609375
1624.78744383017,64689.6015625
968.418962361518,9003.599609375
1215.54203437754,16843.5
1217.52326095479,31721.099609375
1014.2700628116,12657.7001953125
1093.20249049981,29908.599609375
974.634950766106,10814.2998046875
2196.01764421183,36642.1015625
1680.3623584354,22750.599609375
1065.98097860459,52017.6015625
2000.24786706916,29970.80078125
914.730495323057,12492.2998046875
955.912699300893,12613.0
973.57355949728,14478.099609375
1703.31358029606,21757.099609375
975.852042454011,14957.099609375
1582.12686548692,19333.099609375
1291.24339993565,18162.80078125
1967.71761685077,26203.30078125
1156.74173770041,13170.099609375
2037.40569412068,108350.3984375
1112.9210909987,15291.099609375
912.783850276658,12459.7998046875
1170.66578783891,15471.900390625
898.205813828551,12542.7998046875
2169.39799573915,37655.1015625
1047.57881512538,15165.7001953125
1327.8321074296,18501.599609375
1411.69738723613,17108.80078125
980.978796167191,15775.599609375
1197.76256120096,16155.2998046875
1311.77502837393,16839.400390625
1527.04979127744,20535.599609375
972.315816412406,25145.099609375
1620.17534793999,15620.900390625
1815.49205691041,21707.30078125
1075.7261765083,13315.099609375
1402.68692156752,19919.30078125
927.199336823732,13080.400390625
1833.65576931863,24663.80078125
1259.39587043897,21371.599609375
1037.27931036492,12998.900390625
1062.24873486801,33406.30078125
1593.79704625425,18700.30078125
1002.73096887778,11969.900390625
1094.07989243221,15350.900390625
966.160526669046,11657.099609375
1044.52906936313,16883.5
1023.10656277591,40678.0
1733.70768313397,25697.19921875
1613.21103971009,25273.30078125
927.759212365011,8710.7998046875
1271.19936551362,20088.099609375
1447.33763638324,29703.400390625
1165.64706660535,18707.400390625
1264.97992452464,15792.7001953125
963.273386494673,28827.30078125
1851.99121995733,22055.099609375
1078.23241866175,13852.7001953125
1801.83886758679,25102.19921875
1596.24659919932,26730.400390625
1008.94294782952,11297.2998046875
1990.41401570796,31430.80078125
1064.60840924499,13663.400390625
1508.71289278077,19857.80078125
938.506662107976,4951.39990234375
1323.07310964188,20545.900390625
983.154147086679,15607.7001953125
1617.91758048966,29562.69921875
1850.58056079564,27791.400390625
1049.68689633591,13736.599609375
1346.97902677603,19736.5
1336.47927212036,21909.30078125
2091.75360477958,22638.19921875
1108.32714902005,20123.30078125
1030.65101655873,13829.400390625
1235.16808333977,17188.900390625
1044.804607873,17851.099609375
1637.59486134944,24865.69921875
1219.95176427239,14308.7001953125
1344.20916309757,16464.5
1312.49205219227,21998.80078125
968.578003991307,18855.5
918.492253087576,10267.7998046875
1726.91444489241,19382.30078125
1417.62881586193,18119.80078125
982.181186527973,9029.900390625
1442.89159866535,16972.400390625
1994.68786970061,21846.80078125
1966.57781850395,31972.599609375
1042.55040438076,15242.2001953125
1750.7772604084,18468.400390625
1177.57596845531,31045.099609375
1150.20154048327,15360.900390625
1761.38649540167,14431.5
1039.01640581296,16256.7998046875
1911.24269145399,96652.3984375
1313.82642037609,20431.400390625
1332.71718023477,24391.599609375
1021.89971746752,14681.2001953125
1046.18564163307,21584.69921875
1254.69211400165,26915.400390625
1510.8220877282,19790.599609375
1751.57024108354,22624.0
904.31872588274,8693.900390625
1829.8076969441,26707.80078125
1350.58619785838,30048.5
1019.14655984261,12108.7001953125
1299.67182669861,5609.2998046875
1010.63549380143,19136.80078125
1026.1087519724,13476.7001953125
1113.98493248871,66455.796875
1156.42599328833,24505.900390625
1773.9398695333,32892.80078125
980.122332488569,10947.599609375
1191.52563454259,14730.7001953125
1105.12348481776,59631.8984375
1555.02764190368,64840.1015625
980.548225480383,13675.400390625
1005.14098416279,14807.7998046875
1044.86196532352,11566.2998046875
1067.23682833673,22611.19921875
1103.74211693662,13361.7998046875
1060.01313078206,32045.19921875
2146.3763857062,28374.80078125
1009.25835812052,13663.400390625
1572.33099255411,24323.099609375
1703.50670227509,18778.19921875
1069.40338073468,14587.7998046875
891.029450092264,10300.400390625
1743.54888515873,19230.400390625
1361.04997881208,20334.30078125
1854.3637023087,29318.69921875
1029.96785034226,15409.2001953125
1108.40410824006,20391.400390625
1198.19948018811,16281.2998046875
1225.93676364324,19736.30078125
1176.30285580117,18565.69921875
1243.39080289669,20626.900390625
1071.30943007096,53667.1015625
951.180097077784,11543.0
941.207474098431,13336.900390625
1357.81991904518,22089.0
1874.87940430927,24653.30078125
1706.43271186739,22022.19921875
1044.40399670889,15737.2998046875
1690.46083368483,18212.400390625
1193.26662806979,12619.400390625
1001.71212235866,14241.2998046875
1669.59675478092,21710.099609375
1103.9128528039,15630.2001953125
1760.10235675219,19773.900390625
1475.75808605484,16745.599609375
1656.66560109169,21850.5
968.259697984349,13643.0
1343.86735724196,16252.7998046875
1816.77107237014,19744.900390625
1624.40398421437,20968.099609375
1847.87908056304,30587.69921875
1398.570549973,19718.30078125
910.998307273319,10641.900390625
1179.45629046912,20350.900390625
1802.24482468803,42911.30078125
2004.07422157407,28614.599609375
1850.97081420655,25497.19921875
973.391797634665,31828.69921875
1054.69882377436,13325.900390625
1063.73423714961,10060.599609375
1000.40626583956,15640.900390625
2089.38958682867,24036.099609375
1083.70944263101,14381.900390625
1104.18761169794,16606.80078125
1182.35055855967,14062.400390625
998.886237713965,8819.2998046875
938.301400396701,16564.19921875
1092.72380637878,12110.900390625
2178.28762095375,22500.599609375
1598.01610439126,34665.8984375
1357.72436041888,16041.400390625
953.925792665441,10275.7998046875
1636.99544814809,20780.30078125
1667.94875828513,23068.900390625
898.281046756367,11566.7998046875
1856.32610673228,26720.69921875
1674.86216873855,19951.0
1052.42256829144,14693.900390625
1663.57867742404,29395.69921875
1538.10062295286,20744.599609375
1168.09762191363,13349.099609375
2168.07019860306,93775.3984375
2167.69687399308,24917.80078125
1626.67533925492,66862.703125
1055.34534804672,20749.69921875
965.461656762238,8421.099609375
1251.53088317538,45026.3984375
1086.45157426058,29220.30078125
1154.88636339323,12489.2998046875
959.220052408874,10145.400390625
1090.30710867235,16845.30078125
1430.70041177466,56675.69921875
1006.49740433729,15101.900390625
1183.09620541642,27631.80078125
1640.87949422459,21968.69921875
1004.41783479149,14211.599609375
1258.97855322131,13504.7001953125
1060.22730238856,14406.599609375
1994.20784909529,23242.80078125
920.4794938441,16339.7998046875
996.172951870194,15899.400390625
1781.87001040573,21230.30078125
996.93920285965,12569.7001953125
1351.40980629835,14038.5
1488.99785623997,17032.30078125
1124.18754213859,18359.69921875
921.485977883594,13875.099609375
973.747525201573,23392.5
1325.4196419234,19531.900390625
1272.18479992565,19017.599609375
1145.34598170604,26402.80078125
1158.75292380035,12087.599609375
1141.27415958765,14230.7998046875
958.083149778006,10671.900390625
1274.66709673568,17851.30078125
1130.48683806355,17500.69921875
1047.82896043386,10438.2001953125
1248.85836010227,42008.19921875
1015.53738403384,15795.599609375
1801.34882334934,19502.19921875
897.204731413037,11187.099609375
1551.87142289347,18813.0
1202.88820117723,13707.400390625
1073.55360993107,15855.400390625
1245.96008255887,19857.69921875
953.951854108977,11412.0
1249.97276524769,20472.400390625
1572.6029671059,20602.80078125
1047.36286153984,14503.2001953125
1826.36068122845,31074.900390625
1393.91891642276,19562.099609375
1847.46889126156,86478.796875
1150.58110201991,17400.80078125
1405.52672792351,25690.30078125
1028.22006301994,9671.2001953125
1914.72334202412,103378.796875
1957.54608046049,25989.69921875
1042.59461973582,18632.19921875
1957.88309724742,20126.099609375
1968.78680427792,98033.0
967.877686226524,12745.7998046875
1215.67646242177,21393.400390625
1412.31350649103,23043.400390625
1287.51405191502,19989.30078125
1146.95299268378,19323.30078125
1579.93681324031,13561.900390625
1477.32800959371,15168.2998046875
1613.73282544928,16886.19921875
1132.30189509482,10224.7001953125
1853.80850446242,23281.5
911.938468280223,11020.400390625
1228.83960750795,21357.30078125
1397.81933443174,18295.19921875
1236.69167542346,15821.599609375
1786.94686870564,21320.69921875
1690.16758675819,55091.6015625
1108.38138800724,13629.2998046875
996.318740030833,12413.7998046875
1119.09954646965,17463.0
1832.88595437108,69261.3984375
1071.87175583342,18845.69921875
1516.01833862414,33902.3984375
1886.38051981468,24996.900390625
2436.89599341117,50100.80078125
1654.7044217787,23765.80078125
1496.90093330565,24146.19921875
2021.85881794041,22593.69921875
1504.47969018509,22321.80078125
1025.29661502252,13653.7001953125
1738.02118616037,23015.599609375
2014.41036827865,31623.900390625
1781.84573094124,22747.30078125
1847.15849278662,14345.2998046875
1779.81249285061,33131.3984375
1044.07009838529,13448.2998046875
1707.02399478934,25716.19921875
966.55222793793,42026.0
1453.52110367026,74696.3984375
1050.74862172581,13050.2001953125
909.899550131388,13917.2001953125
1840.80540336924,24296.400390625
1763.07369543645,25436.099609375
971.761955050404,15205.400390625
986.174267447304,14141.2998046875
1106.06047167449,15731.900390625
1424.10385947022,19931.80078125
1026.53687243802,15252.2001953125
1176.22589658115,15122.2001953125
2069.10175539852,40156.5
1050.9018719237,14693.2001953125
1828.47444249719,17155.099609375
1785.88302721563,23866.099609375
1930.84490644649,23256.5
1407.36717815618,18725.30078125
1174.65708677919,35623.3984375
1125.87184645742,9918.099609375
1076.2212325618,18899.400390625
1640.00665861349,27445.80078125
2091.81820151997,29325.69921875
1482.89736235225,16983.19921875
1312.02806939836,17053.0
911.753142459517,39651.3984375
1862.80003660367,28974.19921875
1053.27936609113,15428.7001953125
1116.70534624866,15388.099609375
2013.71584194577,25521.0
1205.63467638072,24498.80078125
1389.99355070715,16429.30078125
1064.95667477465,28367.19921875
1027.11490189082,13647.599609375
1167.08690567391,10063.900390625
1049.70148628934,15561.2001953125
1928.87158740125,30906.69921875
1548.30746480298,22510.0
1083.84843699654,16951.0
1319.7450410275,19291.80078125
1813.26101914576,50631.3984375
923.721247848478,8499.599609375
1108.97189131336,7482.7998046875
1197.30637456537,18334.19921875
1837.52221835206,28749.80078125
1435.08686456823,19089.30078125
907.801047058227,12738.099609375
964.955574713387,10438.599609375
1108.07232601658,16736.0
2060.04128294295,25357.599609375
1060.2532524584,15092.0
938.307525949669,7810.60009765625
964.233873200062,9235.5
1948.5134514275,25734.69921875
1180.31810008488,23250.599609375
974.797779101366,13575.7001953125
1767.74493075619,18072.099609375
2056.78761195371,32133.80078125
1107.08121154635,15474.900390625
1715.96952959649,23732.80078125
1015.08119739826,9829.900390625
1337.338965636,13030.7998046875
1485.56108690383,24022.599609375
952.725518404775,49019.1015625
1132.58021794695,16266.7998046875
2003.68084969983,36800.30078125
1341.20263032717,10399.099609375
1024.8938877583,15823.599609375
1399.53571437338,57912.8984375
1131.07767549074,16838.5
1844.47694844459,39802.6015625
1384.2526824655,20795.5
1046.28120025937,14335.099609375
1375.68392485273,19349.0
1376.96338580722,18491.69921875
2251.4574625307,20940.099609375
920.218600974506,10744.599609375
1132.97759927404,16545.80078125
841.924845713478,11679.2998046875
1457.46963511346,21332.099609375
1102.33335112766,17031.599609375
1268.04348062449,20375.900390625
1953.16530772513,19992.599609375
942.598085995867,12706.5
1152.93799205463,18118.099609375
2369.40977399903,41434.5
999.559825793069,28237.099609375
1479.72621926754,21110.099609375
1516.76676982315,26044.69921875
1979.41341356688,20203.69921875
1673.811469344,18029.599609375
904.493359829175,32392.30078125
1079.42489676409,18700.099609375
1964.83259277651,21549.599609375
1692.93600257868,21494.80078125
967.054411907619,19148.599609375
1071.4056569394,11589.900390625
1005.12026865639,18834.5
1775.81762995223,53321.5
1964.7256740338,27046.099609375
1053.88167500843,56560.1015625
1053.71561683615,14245.099609375
1057.62561298249,9568.7001953125
969.719138822408,12328.2001953125
1105.37262776303,15938.599609375
1216.22275037283,18281.80078125
1193.8746170453,17053.900390625
2108.62515963261,9696.2998046875
1410.69157143878,16939.599609375
1892.69340332986,23335.30078125
973.569327297048,11732.099609375
1436.05949100587,19425.69921875
1030.99493851447,17082.80078125
1049.01041254086,10444.2998046875
1768.81590016238,28138.099609375
965.249267134782,14589.099609375
915.007370317212,17769.5
1015.29291878357,28156.0
1101.62980352586,12909.7001953125
2105.55035479003,30979.099609375
1184.62369557927,15691.2001953125
1991.40078660426,18747.19921875
1985.87130562686,29377.400390625
1886.41794137463,30924.80078125
978.725260917094,14214.400390625
1101.24021835709,12667.7998046875
1468.27410818587,22016.69921875
1887.36239026861,39473.80078125
1669.46878641073,24013.80078125
1434.97638186743,67521.1015625
1966.82506809648,57428.3984375
1507.64370535362,21013.5
871.032081246484,11731.5
954.967582164769,14141.0
1032.63513885193,14571.599609375
2272.15113968841,22666.69921875
1003.19539716645,13216.7001953125
2195.31131226777,25667.099609375
1037.11069059776,15196.7998046875
1644.80764428246,20588.400390625
1112.36689551563,14971.2998046875
1915.0345201149,30103.400390625
1293.25558839881,26110.099609375
1493.77601030242,27368.099609375
972.010095632455,14134.099609375
830.537665493269,10102.7001953125
1651.75981278012,23166.30078125
1699.79272382372,22882.30078125
2030.68674213057,24170.099609375
980.474830218457,39469.1015625
1156.59138321846,19901.400390625
966.510128682986,15777.5
1799.38753266267,23474.599609375
959.623559288933,7658.10009765625
1039.884229608,11082.0
940.428415134586,11037.2001953125
949.070679382971,15567.599609375
1375.66966902037,16692.69921875
927.199336823732,10420.400390625
1776.9844921058,37947.6015625
1330.12796468202,15531.2998046875
965.668700452558,11787.2001953125
1044.67875560293,61010.80078125
1419.05083514004,18284.30078125
1082.39690369049,30422.099609375
1806.47624530467,23775.099609375
1865.62157767444,27834.30078125
940.91166557692,8664.599609375
1060.36128493802,15171.7001953125
2218.4540968758,20218.30078125
1941.61451955383,25525.80078125
1518.62426023044,79353.6015625
1273.42505734114,25837.900390625
1408.56745241684,19480.5
1080.55856955794,12895.099609375
982.911797936525,19815.0
2333.8572873199,47061.6015625
1009.85431873747,8744.5
1079.18221349287,12699.2001953125
1472.54874179435,50745.1015625
1224.87470413227,16997.099609375
1986.74581184331,32298.19921875
1141.25990375529,16983.599609375
1828.91280934232,25781.099609375
1062.76450642792,16606.099609375
1037.31138598773,19617.19921875
968.579340475591,14452.7998046875
1639.93961165192,11347.7998046875
1168.50992731523,12129.599609375
1115.09443719176,11358.099609375
1333.98706305189,13986.599609375
1449.4453834727,11227.400390625
1179.97161653427,16531.5
1979.69140229794,25459.69921875
1390.79577539858,16494.599609375
942.247815739785,15822.599609375
1816.04012684051,22729.0
925.367796486287,34877.6015625
1243.1039042704,17281.0
1051.68516308778,38827.1015625
966.732541942571,10733.7998046875
1603.4817682441,13055.599609375
948.499332351588,12735.7001953125
1512.50527831013,12973.2998046875
2297.94528636839,35030.6015625
937.901234727353,10020.599609375
1506.75627978908,24752.0
1763.4646170895,26398.099609375
973.228523804644,12617.0
1002.02575067062,14502.099609375
1197.64428234183,20455.099609375
1880.44006991996,23400.69921875
1054.91912093383,64655.69921875
1065.91749560111,7636.89990234375
1030.49063844466,15338.7998046875
895.615540225746,10068.900390625
1201.46228381996,22722.400390625
1976.68208518527,24413.099609375
1158.31667305533,19795.30078125
1519.82141602777,14765.099609375
954.307915796956,11270.099609375
1728.02606569557,18312.19921875
993.906608645709,12553.2998046875
1012.34975764296,11572.2998046875
1371.63771868311,18067.099609375
1127.75005237112,43472.6015625
1165.89576405585,24919.599609375
2075.87015730714,32910.30078125
1095.93248239713,34621.1015625
1587.58116922335,79237.203125
1688.87130837647,18906.30078125
990.393993826453,14492.2998046875
997.381133662872,10393.099609375
1394.72971688834,62995.1015625
1705.99300853798,28641.599609375
1003.3917489825,15863.599609375
1465.96432922216,31741.0
1303.94144849102,24466.19921875
1051.60965172573,13148.599609375
1391.11552926351,14575.599609375
1157.35407024983,21557.19921875
912.790254263852,11220.400390625
1419.71907728201,16308.099609375
934.066026014062,9410.2998046875
1383.61016764599,15746.7998046875
919.756010351728,12636.2998046875
2000.29531226124,25145.80078125
1050.64805128344,14072.2001953125
1999.83132946733,28554.400390625
946.197349546198,11385.599609375
1592.33159123691,24371.80078125
1714.71969404363,34409.6015625
1895.76152575101,25782.599609375
1644.06132918358,17592.69921875
965.960945015978,39504.19921875
1046.83495024768,11942.2001953125
1822.94429327764,25023.900390625
1033.2249739159,19841.099609375
2141.5135876391,15060.400390625
1923.49892057983,28628.099609375
1200.17536082822,15715.7998046875
1082.64816273587,14929.7998046875
1469.01251575274,25657.599609375
1113.91220546893,10505.900390625
1806.60811175401,19458.599609375
972.5991510806,10374.0
1028.34235133192,40448.6015625
1381.45185690113,23190.400390625
904.10811823433,15487.2998046875
1838.4371532181,27152.30078125
1150.09283976151,16878.30078125
1210.62911814979,13459.2998046875
924.037047947403,10760.599609375
2127.10428233184,18856.80078125
1993.30572220363,29743.900390625
1181.62462484611,48695.80078125
983.198028320668,12306.2998046875
1981.57740436995,24617.099609375
955.861021908581,12934.2998046875
966.232139951927,10346.2001953125
912.956702244047,32740.900390625
1667.19498114899,16770.099609375
1762.33985419088,22744.599609375
1477.99268777758,22558.80078125
1374.69136252452,21702.599609375
1711.68208801362,22087.5
1113.5750773083,17666.599609375
1204.89582331909,22913.19921875
1529.61405912356,17822.19921875
1502.59792031331,22244.400390625
1817.15776182296,24949.30078125
1118.89461887944,14311.099609375
1455.39786172597,26190.69921875
981.647706551302,13916.900390625
1048.03065818704,21826.900390625
1080.9310031784,15428.099609375
1055.72067738312,16598.80078125
902.486517303154,10080.099609375
926.427405776068,13808.099609375
1087.41562492406,13162.099609375
1091.71554036024,17421.69921875
1109.9697995787,15647.7001953125
2130.90546638273,65466.69921875
969.869938799112,14548.900390625
1438.32048829322,23047.80078125
1292.99330335809,19921.80078125
2295.21573996583,23512.80078125
1080.60523513419,16693.099609375
1269.19174337177,10039.7998046875
1190.21977802349,16805.19921875
1987.01177221582,32830.8984375
1369.96199013844,12815.7998046875
1210.13484171212,22988.30078125
1315.14040717458,19247.30078125
1049.83045702274,18837.099609375
1744.10163278383,53158.80078125
1549.2226224164,39896.19921875
1368.64365976602,21679.900390625
1950.08426595589,17455.599609375
2176.46643836951,45065.6015625
972.030031523024,8992.099609375
1770.06328549406,25705.19921875
1367.44082391048,10609.2001953125
1172.86085190158,15640.7998046875
985.274702150524,15249.7998046875
869.677777172095,8185.10009765625
980.575289287133,13206.2001953125
1009.27372768979,13185.2998046875
991.066134047582,13252.7998046875
1106.35449821696,18415.80078125
1765.23946821857,24417.19921875
921.372265345769,9310.599609375
1033.3033809939,12614.2998046875
960.761464283014,14802.5
1935.41679643445,74857.1015625
1317.37823873434,43265.19921875
2259.86662164523,82110.703125
1098.44150889284,14417.400390625
1462.25959478708,19512.30078125
2286.90458969879,27963.80078125
900.828552862085,13242.400390625
1773.71355819456,29238.30078125
1861.65700841983,17059.599609375
1890.65615578637,32972.69921875
1017.32582275313,22672.80078125
1631.29278108223,26694.599609375
1580.50170059765,20926.19921875
1352.93306426097,45518.69921875
996.312280356794,14430.400390625
1519.71304942709,25255.5
1136.33562741112,26569.80078125
1211.11559842915,26081.30078125
1001.47578738778,15413.900390625
1377.28447615643,25564.30078125
1213.40900546038,15702.7998046875
1214.49890839393,19462.900390625
1126.87253906502,17368.900390625
998.560135548685,31567.30078125
986.493575817474,13481.0
1259.29496587553,9258.0
1037.90690110991,7760.2998046875
1047.87284166785,16727.80078125
1432.51446644272,20012.69921875
1430.88217363728,14595.900390625
1234.18331716989,17007.0
1037.73126480027,13930.400390625
974.234339601997,11662.5
1495.05402339894,16857.19921875
1999.24639484573,22927.30078125
1100.69638062722,10569.5
1985.77017831604,38038.0
1041.8970863133,11698.900390625
913.553999345276,8278.2998046875
2091.12167046066,30458.80078125
1091.23730173397,18204.80078125
1462.27841694075,23433.5
1134.40641234726,15821.2998046875
1273.35734213742,9506.7998046875
1900.09997648405,57826.5
2153.82171690463,24579.0
1044.11709808261,23892.30078125
955.36852744995,10142.7998046875
1625.2925235158,28922.400390625
1471.70909554297,61763.8984375
1388.39299940344,13824.5
1016.14893696743,14785.7001953125
1181.14315638283,20796.80078125
2035.20249977862,35008.80078125
1546.79668069368,22091.900390625
1222.74835763653,14645.5
1449.43569396164,26606.0
1332.66227300543,38284.80078125
1680.7159699022,27360.30078125
1580.01020850223,17411.0
1770.28246891662,26201.30078125
1715.88154438113,18019.30078125
1090.22302153615,13429.2001953125
1144.1523898668,15789.0
1304.15138789729,20101.400390625
1484.55749858028,15196.5
1165.2399957672,13905.7001953125
1096.87514931207,13409.7998046875
1922.47517361833,28982.400390625
1075.93967987266,16639.5
1173.29175670946,55917.80078125
870.483955629535,8073.60009765625
1138.06592906406,16866.80078125
1578.40575911937,18467.19921875
1258.39618019458,27418.19921875
1178.51607377537,16752.80078125
1488.8731177068,23843.69921875
2100.25008086732,26977.19921875
996.543937632676,36809.5
1515.21210447986,25963.5
1424.65515923735,16161.7998046875
1220.83885571585,13112.2998046875
2334.28629877504,32404.0
2135.88320209826,29316.80078125
1973.12235929501,50888.3984375
1094.8009257034,18305.400390625
2116.07650501032,41830.0
1933.00399680718,27326.19921875
1296.82244220525,32319.900390625
1036.12959975966,16377.7998046875
1064.1718243789,26320.0
1312.77538686046,34430.80078125
1362.44025658844,12562.7998046875
1019.38712701372,12485.5
1710.09111484729,16168.0
1129.3830134187,17840.30078125
2056.76511446826,13349.7998046875
1654.24433706396,17781.400390625
1553.66899425537,13158.5
1736.92994674254,21455.900390625
1003.78311613031,14891.5
1559.11617007562,28451.19921875
1271.34693565331,18252.80078125
1857.14715357738,29279.80078125
995.012215269595,45148.3984375
1001.79264553677,13242.2998046875
1107.35563631932,18560.5
1156.30058651302,38310.80078125
1039.64188045785,12859.099609375
1093.22810644859,13576.0
959.947099859336,30702.900390625
1901.44292044203,18423.19921875
1275.69808298704,13543.7998046875
1037.03629297262,11959.2001953125
1495.21651761312,14623.599609375
1542.83277968121,20590.69921875
850.590275689451,15705.0
1551.14749390634,28861.5
1541.26964993746,17316.30078125
1206.06268547265,13398.7998046875
1978.84251203025,28358.900390625
997.700442033043,17466.5
1013.45001832971,61474.3984375
1443.49000950348,20420.0
1820.56668773652,32469.5
1713.39846795527,24250.5
2005.07257533417,32480.80078125
1495.78753052344,27899.80078125
943.218660198374,10157.7001953125
1761.51724811411,17592.5
964.741737227958,14559.5
1055.66966823295,15422.2001953125
973.326532652133,29347.30078125
1931.08213240688,20425.400390625
1627.24590667047,19846.80078125
961.292159917427,18500.5
1170.21349928248,17653.0
1807.13847326736,24933.099609375
1040.22102364755,11589.2998046875
996.505847830584,11279.5
1157.50732044772,37414.30078125
1598.59379972299,27956.69921875
963.532775819447,17185.30078125
1205.93048490223,18437.69921875
1047.88275392629,14073.599609375
1124.0492160152,12267.900390625
1373.2372676236,18079.599609375
962.239838648429,8881.7001953125
789.353289728471,14328.5
1782.94276179097,48175.30078125
1158.4010943126,26607.0
1672.30781315088,17510.0
2144.34314761557,28925.30078125
1068.08404799906,12127.7998046875
983.847782430042,14160.7001953125
1407.79663510608,12938.900390625
1023.55873995864,44640.5
1060.71701250493,15295.900390625
1416.03750857452,26877.69921875
1095.69146973126,14538.2998046875
1223.53499001132,20004.400390625
1771.59868318892,18286.30078125
1064.00365010651,14731.5
1084.69097896387,15837.5
948.150732700861,9720.400390625
996.938534617508,13334.599609375
1892.12807047775,41398.80078125
1102.73385091808,18269.5
924.308242883351,14179.7001953125
1545.64296063557,31775.5
977.307919333979,10825.599609375
893.410508217787,8965.099609375
1312.2279851725,18246.0
1108.74446623771,17204.80078125
947.951596542555,13670.599609375
1078.48612792831,16392.69921875
2005.47775281959,32872.80078125
1609.31206955909,15820.099609375
1423.31722709544,18188.80078125
1318.73822286693,22319.099609375
1822.1490851287,20252.5
2262.80555058561,33063.3984375
1541.99747700375,16946.599609375
1065.84766429727,14086.599609375
1599.91925801158,82081.8984375
1436.84567788589,17537.30078125
1383.01287054476,25460.5
1993.84699833863,17467.400390625
1546.1976016134,16747.30078125
1743.958072097,30355.19921875
1282.74547598993,17606.80078125
908.627551214151,11859.2001953125
1002.35007085686,16138.599609375
1965.34045680441,28097.599609375
1027.03048063355,13592.099609375
1181.15629847829,48187.5
1814.7713577603,28303.80078125
1082.81889860315,14497.5
1142.99555134536,57184.19921875
991.304250997504,12320.2001953125
1753.71262539069,21921.099609375
1504.91839115129,21796.099609375
1872.55236242355,28163.30078125
1802.11607670201,24056.599609375
1100.46683945146,12960.400390625
1022.13037238019,15659.400390625
2112.1098196556,28146.400390625
1876.81641553145,22487.80078125
1114.61831466561,19221.099609375
1040.7018238687,13292.7998046875
1004.11066615356,13495.2001953125
1011.11774188055,73986.8984375
1368.63976168686,9349.2001953125
1922.9257915694,24419.099609375
1194.36009496144,17546.099609375
1042.60419787319,11568.2998046875
980.520382057801,13898.2998046875
948.79547499417,11588.2001953125
2132.08201804736,21921.599609375
1682.54428040262,28068.599609375
1010.02460910998,15147.599609375
1441.88544874693,19202.0
1198.43191707983,18192.599609375
1006.73552128721,12335.599609375
1027.70507107587,14680.7998046875
1028.33087984182,20558.80078125
2343.45792217356,33667.69921875
934.263101759097,11375.7001953125
1187.70083926934,18905.599609375
1585.64449212224,16659.69921875
1078.35637757908,14668.0
1293.82303735103,12638.599609375
1013.11534039028,19976.599609375
1526.38377660928,19527.5
1374.76052558622,17720.599609375
1038.31965200627,18183.400390625
1050.02513823344,13907.2998046875
890.994868561417,12534.7998046875
1883.33667685802,26391.400390625
1734.96219638182,23155.400390625
1110.95489986965,12494.7001953125
1077.04060880155,15915.0
1134.22999642178,15339.7998046875
967.177702582812,12166.2001953125
1136.91443647976,17889.69921875
1276.85035518718,8681.400390625
878.014599074755,10485.5
1287.6605083178,14378.2998046875
1605.50253248142,46080.19921875
1110.93596634229,20461.5
1904.75985168738,9264.2001953125
1103.78132047562,10978.400390625
1032.69394416042,10660.5
1058.16165455404,14456.7998046875
1673.13687890168,25636.19921875
1782.0649143638,14402.099609375
975.582518123417,12062.7001953125
935.581766252581,25762.30078125
1058.31947107324,16985.5
1248.44171112675,54975.0
1078.6889394184,16470.5
1300.10273150648,18737.5
1009.34745707279,15470.2998046875
817.919471873864,20612.19921875
1473.34138834841,20791.599609375
1016.42157976135,9659.2001953125
1750.04887647366,22756.30078125
1123.88493982197,20698.599609375
1008.70238065841,13942.7998046875
1325.36362095717,25669.099609375
1147.42555125185,18390.400390625
896.368593432899,14477.099609375
960.699874632263,11673.599609375
1035.8423670123,7304.10009765625
2077.53630771444,20482.5
2036.2482987308,25020.80078125
1913.2888488927,18152.0
1364.14126696082,13527.2998046875
1321.19345587021,15358.7001953125
944.088265972456,10001.7998046875
1197.3256422138,15873.599609375
1287.8561918917,21826.400390625
1350.96219543692,42236.6015625
1645.47555230336,19939.599609375
893.672848945354,11045.900390625
1096.56185512117,17717.400390625
1800.28565010147,25234.30078125
1642.94480793804,20910.0
1301.24498007449,20028.099609375
1849.48007736151,24464.400390625
1087.63558796245,18716.69921875
1126.93713580541,17632.30078125
860.943573942345,8269.7998046875
1912.52816658776,37532.3984375
1689.3948760947,27540.900390625
1123.92269550299,14742.900390625
1117.41847198783,24385.0
1174.76968558011,21463.69921875
1157.09000323006,51459.19921875
990.400453500491,15744.5
2066.70900303551,29464.69921875
1677.69261970455,48941.0
1026.36680481289,13010.400390625
1114.01099393225,19119.0
959.541588252851,11496.2001953125
1108.0812359118,82754.6015625
992.315301358301,10102.7001953125
1063.8379260553,13283.400390625
2025.60988383066,75082.3984375
1569.98123043557,24886.80078125
1952.74141945974,37900.1015625
1817.6385620441,17233.099609375
921.310954129243,13334.5
1615.11385920934,14831.900390625
2059.66617635393,23184.0
1088.7681470194,17282.5
1843.27344434691,15343.7001953125
1383.64614134797,17144.0
1955.73558975052,33962.5
1130.39272729522,15569.099609375
1069.25369449488,13139.0
863.186361631326,32232.599609375
1939.53383627112,23365.099609375
2224.93626840027,47336.0
1086.92814228149,15352.0
982.741173442942,24059.099609375
1253.58305479337,24375.5
1168.69781473081,21650.0
1080.07565323668,17920.19921875
1083.83819061703,12927.599609375
2217.19290120652,46882.30078125
1925.08755489867,22336.599609375
1119.68581757553,34715.80078125
1993.87305978217,21891.0
876.931824057386,9787.900390625
1223.26056523835,15915.400390625
1366.23832217601,19335.30078125
1051.57189604471,16195.5
1277.11876578087,24108.099609375
2010.92370352925,23086.400390625
1041.83694452052,16530.30078125
1545.85290004184,18765.30078125
1073.62422085074,13036.900390625
999.646029029383,13331.900390625
2046.3665984971,30856.400390625
1481.3687584525,19536.19921875
1979.26729128517,29140.0
1401.08926597977,12232.2001953125
1376.85290310641,13074.5
1021.92822913224,19684.30078125
1978.32106041214,24238.69921875
995.139404023949,10696.400390625
1415.6266510309,29183.80078125
1128.15600947236,15554.7001953125
1964.41382770088,38804.6015625
1752.73431889485,20721.0
1067.89259662538,15617.7998046875
1843.97621233288,17425.19921875
1030.69601152963,11693.099609375
1155.32049803813,11161.599609375
1712.49611831623,22436.0
993.81539359333,18028.80078125
1069.33288118871,13794.5
1010.21494674675,17611.19921875
2103.84477809635,88212.1015625
917.17603881528,16012.7001953125
1022.33140189123,9989.2998046875
1690.78771546594,24033.599609375
1020.73608515097,12327.2998046875
2014.85586303997,100763.6015625
876.903702200578,7246.0
1807.66382296463,20870.599609375
1346.42026497166,15776.099609375
1023.98006662916,13474.900390625
966.858728333713,9185.900390625
1069.20636067649,16395.0
1412.76479268423,66067.6015625
1759.62166790473,78444.296875
1432.19727417267,31213.19921875
965.077417530606,45874.30078125
1164.53689366016,25584.599609375
1151.79284777068,17062.5
1047.00212215686,55349.80078125
1715.56045403192,15951.0
1913.51827869477,29821.80078125
1688.78009332409,27766.19921875
1942.17183350023,20739.19921875
1150.95999531441,16844.099609375
1675.04537845914,18527.80078125
1965.26516818974,26326.099609375
947.045571571736,11601.400390625
1048.43594704615,16053.099609375
978.722810695907,12445.099609375
1218.64668736913,18383.099609375
1143.73507264914,16584.80078125
1503.45327025502,17521.0
1871.55445415821,30453.30078125
1572.49849858437,26367.19921875
976.05875202326,9084.599609375
1001.21773454729,14659.2001953125
1444.66043561514,19410.80078125
1672.52243025214,23367.099609375
1180.93065538168,21076.30078125
1374.11500367708,17947.599609375
1006.00702597878,44069.1015625
1103.69689921835,19127.400390625
961.053040604293,20413.900390625
983.02551047435,11191.2998046875
2126.50085967764,38178.19921875
1755.73517160704,37630.30078125
1764.14711506383,25906.80078125
1176.49285931687,27353.80078125
938.440728883302,17066.400390625
1715.27923546384,19425.19921875
1866.65935772092,17666.69921875
1550.93510427889,50121.80078125
1529.21567543325,17614.19921875
852.154853291179,7432.2001953125
1319.89695474111,27821.19921875
1140.24205959938,17990.400390625
1207.07095149119,13885.099609375
1972.47795112277,22236.0
1137.75909454721,14805.5
957.454445296104,14251.7998046875
1786.97604861251,19444.19921875
1000.55417010032,28647.099609375
1760.28590059385,15635.7998046875
1773.22128648331,46419.1015625
1005.83695835365,18192.0
1232.04360583131,26108.599609375
1211.84698945353,14937.599609375
1152.59618619902,15714.900390625
1230.13254467897,26206.30078125
1400.78454756303,28899.0
1537.85081176546,17047.80078125
1919.79307240785,22206.19921875
918.641549519461,14463.7998046875
1210.52721122314,22405.5
1301.96489960877,37313.69921875
2290.88954033872,26814.69921875
2345.57446778455,30804.69921875
1380.08329699438,24382.099609375
1378.86219585362,15620.7998046875
1051.5144272205,13221.7998046875
1860.92138519522,26908.30078125
878.252660337831,9876.900390625
1279.26850075158,11358.2001953125
919.433472144539,13478.900390625
1968.09250069241,25964.69921875
1527.8552458059,48994.3984375
1101.33466324649,33488.6015625
1687.17809416241,55167.3984375
1593.84660754645,22215.19921875
1006.06727914525,14924.2998046875
1853.07856129601,25685.0
1009.01712270727,14161.099609375
973.175509928048,38352.19921875
1043.26252775672,17028.599609375
1466.94085373895,24721.69921875
1130.24370929756,13060.900390625
1487.12210054746,19110.80078125
2131.29683353055,45131.1015625
1735.19608113151,34573.69921875
1372.29348697176,20680.19921875
1756.69276259648,19333.19921875
1141.57787564117,16953.099609375
1455.66905666192,22857.30078125
1201.18641118902,19342.30078125
1045.27538446202,14560.400390625
1447.34008660443,21260.900390625
1834.04134503454,24168.69921875
1012.91074692114,15028.900390625
1411.40614503592,20963.0
1331.29905903582,22807.599609375
1233.41316810127,15782.400390625
885.435093940241,22556.69921875
1026.68722691996,11950.7001953125
1565.66137910882,19092.099609375
1653.34544000932,20806.900390625
1308.40385814139,18325.30078125
1114.16569198811,19990.69921875
1526.50918338459,49040.80078125
1661.64055246495,16442.0
1862.86062389121,24065.19921875
1011.84445520994,19223.19921875
1843.57426468448,22404.80078125
1210.37540888323,10359.7001953125
1004.52508765527,13038.900390625
1438.28986052838,22025.099609375
1503.98251803146,22582.69921875
1389.05622972934,21000.900390625
1127.81843581698,9408.5
900.05445002746,8722.7001953125
1827.42162700252,30082.0
1064.101658954,71698.6015625
1844.10061674497,88064.296875
1504.60977465539,42319.80078125
1104.54757146508,21922.5
1154.14617384731,18379.69921875
1066.02831242298,14585.2001953125
1363.88042977807,15699.7001953125
1384.68971282634,14845.099609375
1009.29221572238,13917.7998046875
1865.77015017734,28707.30078125
1535.28253446649,17409.30078125
948.240611268956,55070.19921875
1134.69230861033,18451.599609375
1031.58945127344,11226.7998046875
1755.65420293418,22954.5
1317.25249783796,11715.7998046875
1888.69352861541,38715.30078125
1887.1610266365,14389.2998046875
1192.45293188826,30062.30078125
1335.3951606187,15880.2001953125
1186.50112187713,37423.3984375
1824.04087863261,15968.2998046875
1691.62491149614,14298.7998046875
1152.57870052963,23306.599609375
1213.71595135093,11589.2001953125
1223.41949549445,19881.80078125
1170.77560229757,52259.30078125
1378.79592850787,18344.0
1231.91775356124,14588.099609375
2230.21315384801,26091.19921875
1293.32653343955,19690.19921875
1377.84691329259,20612.099609375
1839.63564549972,33760.80078125
2006.58213433288,27919.80078125
1153.18813736311,30646.30078125
973.44458876388,12811.7998046875
1462.68971997913,22393.5
1444.4294465814,22885.30078125
1124.67936835508,21255.30078125
1010.80979362679,53954.1015625
2046.42228534226,28004.69921875
1014.78115667651,17048.19921875
1059.05442605571,19985.30078125
1937.12950104432,61278.80078125
1083.50095108272,11789.2998046875
1606.08668748719,51426.69921875
1193.68216330841,20036.400390625
1463.88442555528,23318.099609375
1335.32065161987,21118.80078125
1307.44871737314,14010.099609375
1748.32926669499,20546.19921875
1096.5615210001,12589.7001953125
1891.71799254996,24900.30078125
1191.59624546225,22505.19921875
1464.57471968793,18951.30078125
1176.40309212247,20384.69921875
1212.25005083883,14455.2998046875
1364.79814898638,14118.7001953125
1282.77298529144,16450.69921875
1242.974933537,16705.19921875
2059.63209600469,64650.0
1543.33707975102,24246.400390625
1590.31717529995,45771.3984375
949.815101129123,12855.900390625
1384.29767743639,18342.599609375
1867.08881467082,24285.599609375
1340.40285585692,22532.400390625
1147.45762687466,14754.400390625
1168.08370020234,11448.900390625
946.248024575297,14264.5
1917.75114716938,28554.599609375
1819.77125684019,22904.80078125
1538.9730130692,22217.5
1215.16425481995,17134.900390625
947.614802503003,13226.099609375
1042.44415388019,45737.6015625
1050.82836528808,17666.599609375
982.633140963324,9916.400390625
1064.31193248134,12986.900390625
1049.77209720901,19637.5
1983.3582696783,13685.7998046875
2150.15663150332,29677.5
1731.66664888501,20162.5
1281.2453837549,12513.0
2156.25478654354,26511.69921875
1122.36992351244,10729.0
1891.40971017513,50829.19921875
1069.99288167759,15992.7998046875
1087.34690735712,57620.5
1290.15171502306,13634.900390625
1045.1777097356,15651.099609375
1920.26730158127,40734.19921875
1533.61426795907,50436.8984375
1656.89659012543,15537.400390625
1479.69770760282,21718.0
1277.22067270752,15757.7998046875
2274.13960555553,32969.0
1400.98836141633,16843.5
811.299753841836,9162.599609375
1014.11001881859,14805.7001953125
1018.99865558185,24940.900390625
906.901537448293,9790.400390625
1315.64114328629,28024.599609375
1454.76136108575,19592.900390625
1093.10481577339,12792.7001953125
961.416230208453,9420.7001953125
942.964505437046,11841.2998046875
1427.58150295072,20913.5
1008.28049711944,12253.5
978.743748949688,15236.900390625
973.175064433287,13095.400390625
2077.80650028718,23494.599609375
923.526678011474,11011.900390625
1508.68549485295,27006.19921875
1176.15717901422,30220.5
1312.95080042273,46791.19921875
2188.59636973051,32208.30078125
1095.78702835756,17130.69921875
1662.97202493282,22555.0
1468.66547533368,62743.0
1028.0386352784,11991.400390625
926.638737353466,12142.900390625
2294.67646855726,24697.400390625
994.81719993783,43749.1015625
885.128593544458,10961.900390625
1066.79745912839,13228.2001953125
1545.15046617694,18246.80078125
931.707743808211,11374.7001953125
1842.40127697795,20956.0
909.569494200101,8634.5
1288.29489285791,11947.400390625
1525.49055961285,18929.400390625
1401.65593531616,15825.099609375
909.954067552803,7767.10009765625
1185.31254185395,15215.099609375
1582.11583949157,30062.400390625
997.84556195154,82786.703125
923.309610689025,11032.900390625
1943.61167256879,24752.400390625
1123.82401841336,13797.0
1481.27152922084,43855.6015625
1168.78468620927,16667.5
1677.93753044958,21065.5
1900.36549136179,23185.900390625
1168.45858404399,24422.599609375
1263.40777351197,52301.6015625
1609.69731115393,23985.900390625
1234.33200104648,18083.19921875
1601.25641053766,28431.400390625
1790.6287715342,21364.900390625
1391.83901275588,19093.5
1002.04568656119,12084.7998046875
952.051150709839,10704.099609375
935.600254285175,9071.5
963.505043770555,14398.7001953125
2009.8970608518,32551.0
1049.32125651056,12501.099609375
2146.37348999025,187567.203125
1244.31141782094,17027.80078125
1122.88201974057,12907.7001953125
878.115782072418,13068.5
883.145974796084,7829.39990234375
1036.86121353142,15232.400390625
1135.23358474533,22187.099609375
1404.38659545562,66775.3984375
1211.93965236388,15357.2001953125
1450.6061200733,16033.900390625
1113.49243803008,12751.099609375
1021.07365880636,26697.80078125
1107.59865371161,17587.5
860.773951811975,7342.2001953125
871.647198138166,7387.5
909.090141836929,8370.400390625
1097.22330346803,50170.19921875
1120.72159289558,11247.599609375
1008.99718681671,23224.5
2082.95575148581,33962.8984375
1503.11146439941,17996.400390625
1093.90381062781,16954.900390625
1872.98961553178,22222.900390625
1126.74535031067,16083.2001953125
1050.73113605643,13106.099609375
1270.92917294089,19073.599609375
1131.3118943615,14428.2998046875
918.557462383263,10170.099609375
1983.03684520801,28754.5
1071.32368590332,12522.400390625
887.170407409242,17108.30078125
1647.47103471297,20635.69921875
1408.46053367413,22883.900390625
2133.60494188891,25154.599609375
1010.83229111224,12376.7998046875
1672.91190404722,71818.1015625
996.284882428973,14039.2998046875
948.795140873099,16238.0
891.306714894335,36610.69921875
1159.32950539518,11057.900390625
1385.53325715689,15069.7001953125
1040.7167479432,13005.2998046875
1214.4047976256,16674.400390625
1640.60896753079,17824.400390625
1220.69986135033,21788.30078125
997.577930973682,15352.2001953125
1324.64158532277,16193.400390625
2009.5515796644,17130.900390625
1659.37922105653,22061.099609375
1104.04583299015,9819.7998046875
1175.42077617377,24436.099609375
1258.76894793611,19212.69921875
1031.70104771115,19694.30078125
2169.69669997661,92452.296875
2090.10816987867,82453.0
1274.9582275622,14370.7001953125
2352.74581970477,31930.400390625
1487.77753471504,21108.599609375
1401.79916188192,16613.19921875
1409.43427384867,24654.69921875
1632.37511060484,22415.400390625
1459.5787186872,12209.5
967.483089241692,10468.400390625
907.721971738094,9965.400390625
1491.2256641676,21151.599609375
1323.25164166748,32110.099609375
1205.62398450645,17389.80078125
945.001307485765,29159.30078125
913.076818769066,17985.30078125
981.273156830728,15116.400390625
1483.35677882485,22466.19921875
1066.95137756842,16910.099609375
1318.54265066672,16832.30078125
1755.59216778866,19292.599609375
1445.65433442763,31184.80078125
1835.23460275272,22749.30078125
1258.37657842509,13713.2998046875
1431.82517467328,50220.3984375
1889.47113972128,22713.30078125
1423.9452633352,18969.400390625
1450.03377067871,24706.900390625
1290.45253536063,33705.6015625
890.865842141172,7042.2998046875
1974.05366609353,26326.19921875
1959.93705084445,26724.30078125
1416.54180864433,14341.400390625
2058.94024264037,21439.5
1285.31085757295,11996.900390625
1773.19177245537,25115.80078125
1016.86963611754,12962.2001953125
1600.73963661454,49960.3984375
1408.67904885455,17234.400390625
839.471060568171,7948.10009765625
1421.43412073937,17820.30078125
1337.63611064179,49335.6015625
1814.3187350828,32008.69921875
1099.48040267622,18791.80078125
1283.42229390606,12455.2998046875
1814.11347337153,14603.0
1246.60872293134,16115.400390625
1062.05026695185,16902.400390625
1697.19571211265,31179.30078125
1064.38076142196,11372.2001953125
1283.19453470933,18739.900390625
1870.42579318043,24047.400390625
2025.91772071073,27241.19921875
1802.88132532826,20634.599609375
958.733572129521,14177.599609375
1120.39014479317,9182.2998046875
1836.29443478988,59498.1015625
991.014122534199,15636.7001953125
1329.73058335493,13896.2998046875
1888.66078475046,17816.30078125
1298.9982386195,38820.30078125
1839.34095071511,21943.0
1309.39820244864,20345.69921875
1379.97170055667,19348.69921875
1265.32741043846,9302.2998046875
1331.86183029305,21888.19921875
1108.78333565563,21049.400390625
1875.14759215558,25964.69921875
1176.05126263472,18624.80078125
1370.58779890439,21798.599609375
1229.89409360798,18509.400390625
959.317727135292,13421.0
1289.57613579144,18705.900390625
1383.59802791375,20280.5
1018.37073071578,14422.400390625
1918.97625776299,28374.599609375
1466.66175127099,16052.900390625
1013.29097669992,18380.0
1187.22894894342,31907.900390625
1072.4730623875,10660.2998046875
1041.81556077198,17255.69921875
940.785479185778,15752.400390625
1158.36979830562,12550.900390625
868.048324395751,8797.900390625
965.062827577173,12843.7001953125
2302.19352441226,20134.099609375
1277.47794593218,19157.099609375
1629.1536266121,17279.099609375
1162.81973410268,34741.80078125
1368.09369648318,32632.5
1044.40577868794,13295.400390625
1890.83257171185,26339.900390625
947.22699931328,11640.900390625
1194.37501903594,25190.69921875
1239.18321624979,18736.099609375
1376.92384814715,52981.30078125
1250.1673350847,28854.19921875
2221.67346476842,72739.796875
917.569522063209,7314.2998046875
992.284005351319,14432.2998046875
1033.60486957361,9614.2001953125
1215.75163966274,22333.69921875
1437.60624881714,63700.30078125
2190.10147378161,31095.69921875
1414.86930993667,21746.30078125
1782.37219437542,24269.80078125
1075.02875445946,33853.19921875
1536.63115848268,77462.8984375
1430.02426210068,32105.80078125
1475.96368188719,41507.8984375
1108.66539091757,12970.599609375
1165.00867261238,15187.400390625
1304.19304165747,24630.5
1523.31654517765,27233.400390625
1130.45075298788,13250.0
1170.18075541753,15013.900390625
1626.42263235156,23186.30078125
1087.38789287516,15754.7001953125
934.954843749724,13854.400390625
1028.38690080806,24026.900390625
1048.5930953232,16626.900390625
1247.94130913611,13905.7001953125
1052.01026288984,35435.30078125
1236.80639032449,14774.099609375
1272.47949471025,15241.2001953125
1596.36343020048,20446.30078125
1667.98228176592,35033.80078125
1728.82940412391,20703.80078125
1591.9309800728,35828.0
1518.85948146441,26184.19921875
1009.48466945927,23410.400390625
1090.61360906813,22088.099609375
1389.39658772699,21107.19921875
973.7806031876,13658.400390625
1020.23356706021,74262.0
1061.5602227144,28029.400390625
1724.12999126052,23304.69921875
933.436597603173,10237.400390625
1027.65272544141,12513.400390625
1519.41334282641,11971.2001953125
1620.26121705524,19671.099609375
1613.51676049004,21740.099609375
1295.03222150692,10905.2001953125
1193.92128262154,17927.30078125
1113.38696714534,24044.30078125
1289.9496831488,15969.7998046875
1962.0587196452,16494.5
1232.00540465552,21400.69921875
1328.91510519435,74654.8984375
1808.92223429165,21546.099609375
918.669003134127,12775.7001953125
1045.57910051554,15867.2001953125
966.70514401475,9374.7998046875
1013.44745673483,42151.3984375
1204.75894505367,18554.80078125
1178.42842268108,41270.6015625
1384.553168682,17076.599609375
1229.09866271165,53188.1015625
1815.1708551875,26458.900390625
1008.21701411596,13397.0
1457.01445084109,25391.900390625
976.9311421396,46264.5
1682.41698027458,25019.69921875
1118.39388276773,17479.599609375
881.304466513355,9391.599609375
965.834424503766,11552.2998046875
1515.21110211665,19397.900390625
1439.60384732687,24236.400390625
1046.3050342291,10730.400390625
1620.27190892951,19915.900390625
1693.80961780561,21064.400390625
1065.93854522858,18045.900390625
1337.4668226325,17118.0
1574.69534462609,19315.30078125
927.619159949423,9252.2001953125
1171.71036168049,18772.900390625
1340.46166116542,21238.900390625
963.104098485374,13501.099609375
1302.17439352028,16192.099609375
1100.96935754222,15684.7001953125
1011.03320924959,21908.30078125
1116.19068842566,18835.80078125
1014.96147068115,7957.7998046875
1018.31972156561,16838.400390625
1070.3738910722,16552.599609375
1104.99340034746,15649.0
1027.04685256603,12658.900390625
1085.08056413264,17784.30078125
1446.29094644154,17952.69921875
1069.16994147976,16528.900390625
1008.32749681676,35101.69921875
1873.49391560159,20950.099609375
894.295427874288,9849.599609375
1058.13670684741,9396.7998046875
1351.48431529718,20801.80078125
1331.11518107309,20535.30078125
935.979147579671,12615.7998046875
1691.49694312595,20729.30078125
1680.12825093834,29983.0
994.098728261524,49278.19921875
1035.27992987615,8442.2001953125
1061.23690489138,16104.400390625
1689.17535855106,26920.69921875
1801.9550303458,19460.80078125
1434.92192013286,25299.80078125
1079.33334759064,19380.80078125
1110.28019805364,18567.900390625
1828.47121266017,121485.3984375
920.29132799429,14611.0
935.743592224628,12254.400390625
968.025924608351,10851.7998046875
1362.07818072118,24352.19921875
1004.71041347598,11401.900390625
1639.30099491157,21707.900390625
874.673722485985,10409.900390625
1159.48208735093,16056.7001953125
1444.65542379907,15674.599609375
1359.33215101246,11537.7998046875
1775.2157665297,25706.80078125
1221.28579833514,14663.0
1648.54378609821,17628.5
1114.30212475877,10597.7001953125
1445.49896812962,17506.19921875
1941.6252114281,29560.400390625
1299.11974731565,22415.5
1860.08608251775,22900.30078125
959.08640398048,11895.7998046875
968.906556377774,14030.0
1808.90686472238,86840.796875
1152.09043827124,66702.1015625
1327.54086522939,36519.3984375
935.368597009293,13017.400390625
1601.57081846546,23416.30078125
1085.96230963897,12906.5
1966.65266162385,59085.5
1308.63662915418,16675.80078125
1250.84593497987,18816.5
2126.41643842037,31018.30078125
973.975173024603,32544.5
970.782980312421,12986.099609375
1452.4957974771,21028.400390625
1340.883321957,21213.5
1338.33509192229,31901.80078125
1088.23533528487,14429.400390625
1106.59762698294,18009.80078125
1386.9171866329,56332.0
1325.67724926913,22405.30078125
1040.90318750081,12892.5
1732.83774323881,20104.5
1468.24771262126,19644.400390625
989.110634792803,12910.0
1034.7898856387,13026.5
1631.19544047688,21230.30078125
1033.46476147118,10393.0
1455.17121626616,17631.099609375
1143.13454571089,59012.8984375
2363.56287800419,45591.19921875
1743.32146008308,19338.400390625
1241.68979252431,15798.5
1240.04112778638,21698.30078125
1538.56360338356,21636.80078125
1062.26555229525,16721.0
1975.76147026102,22376.5
1040.25554949155,15780.7001953125
1984.20448697741,25190.099609375
1063.34465198084,14088.2001953125
1045.89907712785,10022.400390625
1324.9060978373,22477.80078125
1664.48280904212,18985.900390625
2067.90716119606,35494.30078125
1676.37829878499,21065.5
1426.9966797028,18256.19921875
973.482010323831,13735.099609375
1221.01059394634,42026.19921875
1301.9231344749,21751.0
1230.35351008058,12600.900390625
1825.83176757308,20122.0
1143.106813662,51432.80078125
1928.52053752934,24769.80078125
1052.36554496199,18396.0
1792.77360606254,24161.0
924.709188168532,16750.30078125
1899.69413075649,25319.30078125
937.152803528348,11679.0
1064.64583080494,12333.2998046875
1272.41534346463,38534.3984375
2009.51994953635,30041.5
1748.38985398253,23718.30078125
989.476274618149,47493.80078125
1000.39947204445,14657.599609375
1283.00776103065,22607.5
1989.77027577786,68280.1015625
1434.55126849144,28675.900390625
1159.60716000517,12032.400390625
1080.9068350876,14820.599609375
2120.91101416008,17060.0
1128.22907061322,24930.0
1926.56815673789,25311.30078125
1217.99270105952,21855.30078125
1378.6666236534,18219.0
1207.9276379172,16538.30078125
2169.57418891725,20000.19921875
1208.12588308598,20354.599609375
1088.10703279361,10538.2001953125
1296.75895920177,17198.5
1428.25798674577,14937.5
1238.04887521379,16658.30078125
2039.70489258382,22230.0
904.078492832703,14475.7998046875
2223.19705685211,25972.099609375
985.766528367013,15553.5
1142.2200563396,19183.599609375
1029.25182888714,14659.400390625
1027.37974852642,26666.19921875
1302.25179823505,22109.099609375
1017.31334889981,10859.2998046875
1336.62539440207,15325.900390625
2011.05000129408,27700.5
1033.37566251892,16681.30078125
1130.91373341857,13297.2001953125
1242.39790644741,36648.19921875
2044.04445705376,26758.5
2024.37853631039,26194.400390625
1652.47906407226,19705.0
1226.084667904,23092.30078125
1079.44839661275,12816.2998046875
1047.31007041062,16840.5
1831.36904470881,25021.0
998.811060472994,13367.0
1455.35765582377,15513.7998046875
1353.01859925514,17904.80078125
1466.05799449572,21455.30078125
1344.12117788221,44201.0
1300.49398728061,8535.7001953125
1341.31990682308,14360.099609375
2063.63197071913,35482.69921875
1032.2623711104,12542.2998046875
1091.42151381777,18304.80078125
1073.52832810336,7905.0
1226.15550157104,39719.5
1344.8018938775,17623.0
872.331478091541,12116.7998046875
951.188672851939,9967.900390625
1001.37532831911,13225.2998046875
1333.4756350659,41266.0
1144.37513724745,19719.30078125
1596.08232300609,27918.5
1646.78675475959,26224.30078125
1153.82107404524,13219.900390625
1163.56571508049,14316.2998046875
1062.12477595068,16737.5
1587.43794265759,51840.5
955.919827217074,10291.7001953125
959.933623642806,11677.099609375
968.509509171755,8034.7001953125
1434.5344510642,18118.5
1016.12543711877,31980.5
1131.28438505998,13155.2998046875
1532.08499581718,17336.0
1023.40415327647,11893.0
1625.20698852163,26578.80078125
1242.57254039385,15086.400390625
1212.04801896457,17152.80078125
1041.225725708,14529.0
1081.52651830058,20867.30078125
1352.00565554161,21760.19921875
2289.38087232954,39722.6015625
992.138551311751,12514.2001953125
1170.43090072601,25278.5
929.564357137848,12476.900390625
1187.5735391413,14849.2998046875
1511.36592545807,13864.0
954.473639848164,16609.80078125
1387.28884063753,24744.400390625
1575.66797106372,33672.80078125
1895.32828209564,19434.0
1088.85089767131,11779.0
1092.5013931192,13926.7001953125
1311.4852340317,15607.7001953125
1111.74676680788,15270.900390625
1762.38440366701,33365.5
1413.30473233495,16861.80078125
1020.46277411491,15585.0
1022.11400044771,10105.0
1049.85406824509,11899.0
1179.44671233175,18498.5
1203.20583894205,14143.099609375
979.541741440889,9855.2001953125
2005.0814852294,41536.5
1023.44435917868,11090.400390625
1035.62385183188,38804.0
1760.40752066369,29021.30078125
1701.27321428925,14903.5
1001.47968546694,12656.7998046875
1072.68010607782,17213.099609375
1613.62234274847,18258.900390625
1063.6893535524,16264.7998046875
1999.47070145805,20233.19921875
1334.26427216711,23523.0
1658.95722614388,37077.19921875
1412.68883582743,15814.2001953125
1535.12327008932,30642.0
966.363338159134,9753.099609375
1076.69880294593,65115.19921875
1100.06411218723,13275.2001953125
1069.65753549601,13358.099609375
1215.70675606554,18119.5
1768.73114478404,20190.80078125
1087.5717708379,18680.599609375
1009.80798728229,13307.0
1149.71617394082,16446.19921875
1050.66943503199,13353.5
1245.58798305948,20046.599609375
955.03919544765,10391.2001953125
1051.73116042188,12252.2001953125
1812.07878742293,39828.19921875
1093.64442130303,12442.2998046875
1758.41916617026,19909.0
1186.3332817258,15939.5
927.572494373176,13113.099609375
1915.36440898565,31585.69921875
1136.22369685234,20884.69921875
1034.40319618589,16452.19921875
1168.51816896831,14338.599609375
1845.11812677981,21605.400390625
1473.68063260915,13866.0
1158.58463815426,13792.0
1695.98998054116,19370.19921875
1375.70597684341,56886.69921875
2017.59342834823,24444.80078125
1293.88930469677,11340.0
1844.579300866,19982.19921875
1791.4313303467,19082.599609375
1359.89770661194,15061.7001953125
1757.46614150212,55179.0
1070.84644964026,14873.7001953125
1772.62966944028,76264.5
1050.50727493887,15554.2001953125
1163.58353487095,65998.296875
1065.28277693993,14335.099609375
1078.57600649641,17217.19921875
1003.45055429099,19992.0
1209.65014341181,23853.19921875
2009.43263256313,33023.69921875
2323.26943607517,48236.0
978.602304362972,41114.3984375
960.645301524002,9837.5
1181.0743274422,18325.19921875
2085.45765006533,22997.69921875
1372.77361895077,18158.80078125
1299.57203587207,15449.0
1033.9124837063,28810.69921875
1142.98485947109,16925.5
1137.22405533887,16052.099609375
1065.06036368034,16558.69921875
1986.95653086541,26334.19921875
1963.19384029702,34376.0
1076.71239053615,9288.599609375
1353.01570353919,15298.400390625
1699.70507272944,16022.7001953125
1714.45807724505,22683.900390625
1761.74355945286,20174.0
975.305643129262,16723.599609375
950.124163119784,13868.0
1317.86193467143,15922.7001953125
1185.80258609139,9063.2001953125
1681.95299748067,27257.19921875
1970.73161165843,12256.400390625
1166.40685792076,10930.5
965.966290953114,12325.7001953125
1314.18459816418,9106.400390625
1022.68735220552,21964.5
1442.06687648847,11408.7001953125
1322.58061518325,18628.30078125
1144.0441346398,9820.0
1541.60042979773,29974.099609375
1089.18691209503,9287.2001953125
1147.41742097245,18704.30078125
892.872740354038,11094.0
1157.07752937674,15887.7001953125
1475.37384682321,14263.5
952.897256635261,11092.7001953125
1074.46208512307,11560.7001953125
1342.19552677644,11699.2001953125
1173.57364351968,22189.599609375
1894.38138298047,24925.19921875
950.500160698331,16554.599609375
1746.24646731217,16398.0
976.335961138487,10711.0
1011.70857930774,13778.599609375
1082.70262447044,9237.7001953125
1781.14864301348,30750.19921875
1735.49255789516,23785.69921875
1655.78608305917,21820.099609375
1190.01273433317,21493.0
1424.69046469718,17795.69921875
1232.13192516774,21870.69921875
896.277712501592,18286.30078125
1518.07474244236,27832.599609375
958.146632781493,11115.0
1391.34184060226,17099.69921875
1137.87057961122,14763.5
1069.1417639361,10004.099609375
1082.13172293382,17565.69921875
1444.07839670948,19289.0
1038.03308750106,14010.900390625
1084.09724582073,13066.5
1756.95293153709,22215.400390625
1008.09517129874,11334.0
1045.48031205222,11766.7001953125
1416.76065794582,22824.099609375
2170.29544493581,32841.30078125
1048.05560589368,16609.69921875
2051.19798918353,20307.30078125
1441.38972445128,21137.69921875
1542.7765359676,40505.8984375
968.849867169397,10155.2001953125
1368.48795934694,18309.30078125
1933.71567468838,22207.69921875
1158.25998384696,15438.0
1192.74695843072,13060.099609375
1317.03754661562,9911.7001953125
1648.85630067327,30363.69921875
1658.16714118469,13780.5
1579.07934719847,48710.0
1049.14372684818,13264.400390625
1847.22943782736,24478.400390625
2223.05383028634,39683.3984375
1182.88771386813,10400.0
1984.92797046978,27510.0
1795.31248070725,76543.8984375
961.284697880175,14158.599609375
1711.83500409044,21246.0
1812.08624946018,13889.599609375
1073.95177087399,14161.2998046875
1189.27967270343,69664.1015625
1110.8679170175,31140.69921875
951.611781501495,16793.30078125
1931.84103273278,25126.5
1112.68943372282,15534.7998046875
1107.87274436351,13464.7001953125
1737.44950500792,24777.900390625
1366.06658394552,15016.400390625
1019.89966873661,16625.5
1147.68828178733,20085.400390625
1983.29924162242,19413.0
1570.52874349723,18795.5
1447.61985731454,21141.900390625
1196.44501044438,17668.0
940.207115611904,46349.0
2020.31228287652,25148.400390625
1357.71979409758,13186.599609375
1087.7064216295,17981.599609375
1147.0955510074,11462.5
1195.15263014181,17305.69921875
1927.54111729659,25443.30078125
959.817795004865,13405.599609375
914.162044007622,9563.0
1054.04238724357,15661.7001953125
1125.47012155641,14254.2001953125
1978.8431802724,74880.296875
1742.94234404121,23617.80078125
1045.92870252948,16958.400390625
1063.90775735914,21002.80078125
1094.32257570344,20049.19921875
1138.00422803962,54435.3984375
1364.33483443461,16812.900390625
1655.49417261682,19483.400390625
1800.13351364048,28764.19921875
1178.94954017813,15092.900390625
917.857478739552,12468.0
1195.72152695201,68641.6015625
1003.45088841206,13073.900390625
1897.8885404889,21279.599609375
1381.04768177893,18768.0
1103.97666992845,17695.400390625
1375.58201792608,17688.400390625
926.213178482722,13615.5
1028.84408980685,12760.900390625
1310.50091335658,10979.599609375
2011.87528033941,25771.599609375
1007.96642331272,16416.599609375
1122.69814177784,15339.400390625
1013.29676813182,22322.0
1427.13645368416,14258.0
1018.17972483687,11407.599609375
989.773530997635,14916.5
1204.60859057173,21409.599609375
1659.12228195295,20084.5
1649.11535587697,76739.703125
1089.1573980671,13140.2998046875
1155.20322154221,39759.0
1205.45425100239,19147.19921875
917.182108681402,8873.2998046875
1900.462163725,26968.69921875
993.44195760966,16753.19921875
1221.32143791605,20486.0
1071.20317957038,14201.7998046875
998.598225350777,19963.19921875
2068.81931171985,28607.900390625
1318.54799660385,18100.5
1547.58787938977,18724.599609375
1376.91204253598,51707.5
1527.62436814585,21177.099609375
1323.52461858247,24841.599609375
1924.34135117347,30406.5
1853.22223335653,25533.900390625
1100.19564451551,46582.5
1313.28224852514,15327.900390625
1581.83718251837,56292.0
1369.75494644812,6318.0
1195.65336625352,27575.400390625
1703.11901045906,17223.599609375
1246.00073395584,19466.0
989.652022301487,11076.599609375
968.620325993631,8577.099609375
1224.0556620136,21852.0
2214.49810339534,53748.69921875
1441.23012595304,17513.30078125
1566.84004687356,19945.599609375
1015.90870391739,14386.2001953125
1068.35702491405,16215.2998046875
1385.08887613248,16347.7001953125
914.94037904248,8804.7001953125
1720.36288755886,64335.0
1325.62167379766,17246.19921875
1137.07581695704,19842.900390625
1041.02146635994,11009.7001953125
919.887876801077,11112.900390625
1168.51460501022,23300.69921875
1483.75627625206,18514.69921875
1083.09688733421,16405.0
1481.76836725339,21423.599609375
842.838332721549,8909.0
855.491776113943,8535.7001953125
1852.38035963134,26628.400390625
2223.20908521066,44065.8984375
1111.14590574856,19118.0
1327.53273495,27119.900390625
1713.7285795734,47055.0
1200.43731174787,18148.5
1010.58415053019,16622.599609375
1275.62435360405,20092.5
1820.9284294827,26051.19921875
1161.44694199569,17037.80078125
978.712787063777,24322.5
1199.60089533351,14382.0
2017.60367472774,24954.400390625
1086.94273223492,37287.1015625
946.611102805766,9566.099609375
917.54635633562,23483.0
1816.35765323164,25473.19921875
1195.05684876813,21601.30078125
1370.80631408481,15943.099609375
1391.44118593403,12892.7001953125
1061.77194409972,14571.7998046875
1169.91847037681,19818.69921875
1693.74724853903,28833.0
1550.69631908682,16327.400390625
1045.75796666221,25106.19921875
1977.97892043545,28291.400390625
1034.74856599959,13999.2001953125
1021.90194494132,26338.5
826.510058729936,8280.5
844.696212936756,59052.8984375
1839.8523787011,101567.796875
1978.89240744352,23912.69921875
883.447463375802,7967.0
1049.2770411555,16845.599609375
1621.26591911568,15728.5
996.627690647803,18127.099609375
1105.48277634276,47211.0
1622.08629771864,19968.69921875
861.550894675704,19856.900390625
1050.92748787248,13887.0
971.90317688974,11615.0
971.440530580118,11873.0
2068.64735074198,83239.1015625
1745.72713179417,21180.099609375
1051.87616896669,18391.19921875
2102.23743299754,42038.30078125
997.678390042358,10727.2001953125
974.156934887219,13393.7001953125
1199.80582292371,20291.80078125
1024.52858205402,17096.69921875
1278.91143670039,16266.5
2162.82672526241,29173.400390625
1145.48854002966,18980.30078125
1092.15034324728,13807.2001953125
1842.85501339234,30856.19921875
1185.61837400759,16109.400390625
1104.26356855474,25295.19921875
1324.2289458001,15199.400390625
1061.10826827905,14370.7001953125
1249.25752340841,23876.5
1500.7624818967,17822.099609375
1147.32152822508,19982.0
1330.51933182983,65417.69921875
1342.7361346693,24071.400390625
1379.77924681978,24741.80078125
980.253530695775,10848.2001953125
2163.1804481029,44316.5
940.988290675865,12255.7998046875
1348.87471835911,19848.599609375
1766.79413356186,22442.400390625
972.204999590529,17321.30078125
1044.15986557969,19037.599609375
1682.18610261453,23082.69921875
1409.80949181138,26948.30078125
1117.25809387376,18427.599609375
1197.44926701006,14715.7001953125
1053.01128961851,15053.7001953125
1975.34470991181,33386.8984375
1110.31015757634,14762.5
1895.67042207232,16831.400390625
1077.11478367931,12265.0
2007.90258080541,17979.900390625
1522.16828243037,16778.5
1400.9541696934,20963.599609375
928.991283814265,13291.2998046875
968.215148508218,15493.7001953125
1183.11224322783,9174.400390625
1287.33128768919,18813.0
1063.40423690516,18614.0
2107.57223276425,16750.400390625
1894.7034756929,23175.0
1204.66127032726,20463.599609375
1066.1063853799,32167.5
920.555060892987,8128.2001953125
944.426841991053,12280.7998046875
1350.79290742763,18765.599609375
1913.57062432923,24266.5
1053.50244759286,13871.7001953125
1424.12980954007,19588.19921875
952.286037822741,10024.2998046875
1405.64578639847,21233.30078125
1045.58801041077,22817.69921875
839.169906109524,5465.2998046875
2033.55751037247,22837.19921875
1081.96989696178,14572.400390625
987.863249461129,13226.400390625
1283.75663772442,19689.900390625
842.65189316394,8640.2001953125
1657.48932090536,15120.099609375
1064.54325563615,17130.0
1205.2065559151,18510.900390625
1305.38273541756,31634.69921875
1284.09376588504,16898.5
1051.21828457792,52726.0
1717.02624317032,26011.099609375
1737.91460153873,13264.0
1807.38227027548,24459.80078125
995.363933383651,13882.400390625
1244.38514720394,20839.099609375
2180.82293164038,25928.099609375
1492.66761933628,19861.900390625
1806.20828020574,36612.69921875
1363.12843462098,13320.400390625
2064.72209640006,19572.599609375
1457.40971606806,21735.19921875
1584.4680518313,23810.19921875
932.481846642836,18471.19921875
1952.98443685203,17394.599609375
1054.04171900143,14061.0
1518.97787169723,17027.19921875
949.035039802066,17909.400390625
1088.01336752005,14915.0
988.11161279056,11680.900390625
1684.14449758525,24442.599609375
1338.52108598514,16863.0
1019.9492300288,17684.099609375
1488.3826279746,16257.599609375
994.556362755082,14040.5
983.275321661755,13356.7001953125
2040.0873498364,26843.80078125
1047.04422141181,14098.900390625
1575.63299972496,17884.0
1074.65743457591,12392.400390625
1416.21114015775,22279.0
1046.71422116737,12917.5
975.662707180454,11545.400390625
1712.44767076094,20540.099609375
1075.21764423826,14567.0
1382.62573559718,14044.599609375
1469.22746697508,65008.5
1227.29596816,68381.703125
1028.03729879412,16192.099609375
1382.87989035851,13519.7001953125
1669.98945841301,25418.19921875
1090.55335590167,18173.30078125
1923.13784707578,17641.80078125
1884.34059930263,26520.69921875
1040.73568147056,12504.5
1034.85258902636,15711.2998046875
844.874021033364,10872.2001953125
1967.38371852716,76930.3984375
1116.88566025331,30163.69921875
1882.9245942038,59844.8984375
1980.93990136651,28842.400390625
2131.12865925815,64959.0
1524.15630280272,19167.69921875
1122.71161799437,16276.900390625
1077.89918858029,21058.5
1266.72013843601,22844.5
1576.4627337179,24356.80078125
1019.42777841069,66639.8984375
1142.59817001827,10056.0
1081.09639310853,63180.3984375
1791.65908954342,21924.0
1162.22098914347,15367.900390625
1216.75600760212,12031.900390625
1738.46278284252,19398.19921875
1812.18425830767,34258.19921875
1380.70264608629,16937.599609375
1020.61569019173,12861.0
1287.55503743306,67167.703125
1825.2903800644,18176.400390625
1041.70040037618,11565.400390625
1893.40263098986,57223.80078125
2048.4726749812,27364.099609375
888.74317097721,10519.0
1178.93450472993,13380.099609375
1409.62204989056,50712.3984375
1861.0942371626,21242.69921875
1239.11126884583,23219.0
1288.20902374266,16749.19921875
1050.37184453143,13631.900390625
1630.7092943186,18003.0
1775.18190892784,19856.400390625
932.884573907062,10113.7001953125
1241.61595176762,18980.5
1035.62953189009,21076.5
1750.07271044339,34215.3984375
1302.78349623268,53889.30078125
1814.44636933192,25210.69921875
962.7088332584,14873.400390625
2090.4509780975,25415.19921875
1456.62920924624,21390.900390625
1151.45248977304,14992.900390625
1017.15653474383,21901.0
1714.08709148257,28709.19921875
1135.7187285404,17971.30078125
1513.061701267,22684.69921875
1546.97098051904,25760.19921875
2159.54008766083,11211.0
946.568001187609,12946.5
1148.15048260219,17648.900390625
1063.51861768513,8800.2001953125
1230.60621698393,16223.400390625
973.78383302462,12290.900390625
1259.7248683202,40568.3984375
1215.90700596075,19460.599609375
1027.89429497573,12225.7001953125
1024.54740420769,16140.099609375
1141.00084855158,60972.0
1005.57289133388,13206.7001953125
1088.73685101242,14386.5
1297.74973955092,20916.900390625
969.058358717691,12614.599609375
2038.95534764791,64081.0
1797.8176091238,24745.0
2022.99349309748,31490.80078125
2241.71939254318,32806.1015625
1994.14280686014,53518.69921875
1101.60697191934,12985.599609375
1773.9790730723,18844.5
944.987051653403,29836.900390625
2102.76601253183,21531.599609375
1099.96187113951,14746.099609375
1898.90404579731,31602.0
2166.5693267522,47660.3984375
1188.21649945556,47836.80078125
960.571572141005,9969.400390625
1945.01809953025,65661.6015625
1044.11320000344,12955.900390625
932.62262298741,27451.19921875
1589.19775833846,21778.099609375
1256.28241892585,14306.0
1870.3420401653,71940.6015625
1779.24938747231,27488.69921875
1056.36541967643,12815.0
1374.38519624981,15865.400390625
1237.47685994027,19785.5
1885.41446442478,36990.1015625
1848.65145710547,10671.099609375
1062.3478574524,12211.2001953125
956.34293586663,13048.7998046875
1960.35269745676,28073.19921875
1060.89443079362,10571.0
1203.64242380813,19339.5
1190.63219479878,11650.900390625
1099.60436159356,16090.5
1981.29295596485,21353.19921875
985.644685549794,10572.900390625
1706.35252281036,25349.19921875
1849.7230947538,28739.099609375
1226.81917739171,54281.5
1587.41009923501,34385.1015625
1554.12128281179,40606.69921875
995.438776503551,43022.5
1008.88347427888,12472.400390625
1379.74360723888,18645.80078125
1420.46929046006,19845.099609375
1088.48414410906,17900.19921875
1962.78754907471,24445.900390625
1084.0515826077,15729.2001953125
1559.80512772399,24803.5
1980.68975605804,26844.69921875
1459.0570443217,20559.0
1803.45579082297,20117.900390625
1049.01720633597,15998.400390625
1012.72297087925,23584.5
1896.57856314326,25984.5
1425.07537217095,19609.30078125
995.664085479085,9643.900390625
1858.89427265755,31123.19921875
1346.41347117655,21094.400390625
1208.11017939564,20633.5
1225.92351017409,17955.19921875
1212.11573416829,33279.5
1297.27539900382,58993.3984375
1135.73933267311,13069.0
941.720684063462,11784.400390625
1145.9429446862,19028.599609375
1256.54971578264,28820.19921875
1700.93285629161,68165.3984375
1926.39664125478,17583.69921875
1326.48949759269,22133.599609375
1047.43447482272,17061.599609375
1716.34764327515,19639.69921875
1799.78391162654,25059.599609375
1227.75616424844,20241.0
866.576743825447,10583.7001953125
1168.1279155574,18373.30078125
1254.91207704005,15689.0
1032.95266524305,18209.5
1008.5965756526,15552.099609375
1046.03595539327,14445.400390625
966.419581872749,11235.2998046875
2093.70197611818,25547.69921875
1637.50041646004,17602.19921875
915.610792971409,49381.19921875
1316.36284479962,9645.2001953125
1927.37717522443,28970.099609375
901.377012600106,14125.2998046875
1389.75587925199,21634.19921875
1019.45740381231,15783.0
2128.91365930491,31227.19921875
1051.16983702263,13959.5
1455.72719372827,31122.400390625
1069.30036007113,16178.7998046875
1890.23494048955,30969.400390625
1250.77432169698,20521.19921875
1042.13130518406,14243.599609375
1705.38312620974,19441.19921875
1124.2980248394,17032.0
994.750932592085,14282.2998046875
1876.36022889587,36257.69921875
1738.86551010675,31902.80078125
1052.17988502021,13067.7001953125
936.015121281647,10699.2001953125
1032.33933033042,15208.099609375
1131.38629198663,17324.69921875
1871.93446118961,25832.099609375
1699.55037467357,23272.30078125
1276.45152600211,20680.69921875
1134.23077603761,12694.2001953125
1393.91713444371,12228.5
1785.85061747175,25516.19921875
1196.6876937156,17258.19921875
1435.22764091281,31394.19921875
1946.53879589799,22635.0
1345.67962993097,17935.30078125
937.525571269876,14369.7998046875
2107.73662033117,61034.19921875
976.133929264232,13224.2001953125
2015.05165798756,27236.69921875
1136.29965370915,54896.6015625
973.54972552755,9639.5
1407.20245646818,19704.69921875
1155.05498316039,14529.2001953125
1197.48423834883,20986.5
1671.0006201475,18626.69921875
1275.04632415124,17286.0
1198.391933925,17731.30078125
1422.63439500003,17966.19921875
949.485880500514,10898.7001953125
1122.48642039252,13465.5
1361.23062693779,42450.6015625
1078.38600298071,19030.400390625
1021.31522834068,12503.7998046875
907.83958235508,13031.2001953125
1649.30424565577,77548.703125
1745.13551475114,70961.3984375
1680.02456203264,20183.30078125
1804.80508308129,28238.400390625
1004.71609353419,17686.400390625
1003.54321720134,12305.0
1802.09190861121,24326.69921875
1329.88951361103,63592.19921875
2207.08573880925,31304.599609375
1572.13207914319,16400.19921875
1908.87666877666,19900.599609375
1721.94706693009,23565.5
1098.93433747254,13085.7998046875
1458.25370589337,17012.80078125
2168.33816370199,100093.203125
917.289417232034,14064.5
1453.38322304163,48049.19921875
2229.29498914495,80593.5
1984.27175668637,22098.30078125
1345.75558678778,11705.2001953125
945.31560403987,12267.400390625
1977.60425934119,59854.30078125
1495.65276835814,17726.0
1239.86215026603,28667.5
946.224858847709,11617.7998046875
1830.28025551217,23246.0
1461.75707669632,17889.19921875
1919.88684905511,18455.69921875
1735.71820099177,17288.599609375
1020.94502219403,47795.0
1493.29699206032,20275.30078125
1424.00651886488,15072.2001953125
1137.61653622359,14912.2001953125
1382.14036905473,17720.099609375
1832.00064490666,13110.2001953125
977.025921150069,10850.400390625
1330.5196659509,15107.7998046875
926.120905380285,12210.7998046875
1155.75663740945,43681.5
1420.8050821364,21989.80078125
1161.56020903876,52756.69921875
1882.46796207346,26588.599609375
1108.29362553926,17707.19921875
1116.37712798327,21978.599609375
2016.1981387558,26698.0
1119.98663791311,31606.80078125
1805.76278544442,23310.30078125
1348.76145131604,26307.69921875
1221.83175216513,13358.0
1081.56148963934,14231.599609375
1119.04608709829,14974.2998046875
1141.9898469217,15385.2001953125
1864.43088155114,27176.69921875
1706.71214845642,31781.19921875
1115.42944925227,16933.099609375
1125.71603466465,17317.69921875
1159.81643116929,19038.599609375
1049.03257590523,13933.5
921.541887476139,6854.7998046875
1168.22414242585,16230.7998046875
1571.1934216811,21046.19921875
1602.20197316854,86811.203125
1397.83570636421,17224.099609375
1173.4271871169,17516.099609375
1904.61239292138,19654.0
966.617047425701,11393.7001953125
1485.25603436602,15928.7998046875
1131.59556315076,21814.0
1489.97438075676,25928.69921875
1565.16175673401,16304.2001953125
1485.74140090847,26530.69921875
1371.27352671574,11640.599609375
2145.11719476335,36728.0
1049.96555330911,10398.2001953125
994.065984396568,10665.7998046875
964.577461034724,7562.2001953125
1238.38032331621,12123.7001953125
1814.91001800476,73491.6015625
1580.85241634849,73208.8984375
2012.71748818567,66758.796875
961.64287566827,16650.19921875
1157.61702353269,63801.8984375
1802.32635022935,21675.900390625
1348.35014827766,14215.7998046875
1114.67311052125,14480.0
2012.8368807817,21285.0
1068.95331965207,12197.2998046875
1165.22896977185,22286.099609375
1467.68037504273,20109.599609375
988.305514385421,21381.400390625
953.998185564154,16651.099609375
1378.71573945084,20047.30078125
1106.14923650568,19301.0
1042.02405232027,9933.900390625
1240.00682468976,16860.400390625
975.129561324853,9347.2998046875
1107.2038339794,14764.7001953125
1035.43351419511,23731.69921875
1055.0542172202,52075.1015625
1146.73135904003,17331.599609375
1491.18612650753,17613.0
1098.62249113962,18918.19921875
1983.25068269344,27597.400390625
1654.55083745974,17013.30078125
1526.08863632991,12914.5
1644.9534324431,21969.19921875
1612.38208533298,22017.900390625
1023.06023132074,24805.80078125
1820.59698138029,67541.703125
981.007641952986,14174.900390625
1759.34289955784,39175.8984375
1000.27005581629,17813.599609375
1179.09699894412,17317.69921875
2068.96855246489,19361.400390625
947.791886670624,19853.099609375
1070.84043546099,18889.5
1821.61025921489,18878.099609375
1284.58236226451,78108.1015625
1040.35645405499,14291.0
1585.02514303032,22011.900390625
953.241178590994,11636.5
1091.37417999938,22179.30078125
1022.02267402164,19513.400390625
928.855129477839,8487.5
1061.31753944318,12478.900390625
1082.1020975322,13879.900390625
1489.06156199084,15989.900390625
1014.16280994781,11717.7998046875
988.796338238697,13749.900390625
1959.81587626937,26971.400390625
1065.33478845331,32346.5
1090.64212073286,26935.69921875
1384.18674924082,15912.7001953125
998.095373138946,14599.7001953125
1350.13713913897,22525.80078125
1586.79108426416,23898.900390625
1386.58707501477,16633.19921875
1022.05909321838,14372.400390625
1859.81622406609,54771.3984375
982.775031044802,11043.2998046875
1636.62190079073,31355.099609375
1047.48437023598,40894.30078125
1352.6828075788,54904.6015625
873.634828702605,6141.39990234375
1148.62448902823,17060.099609375
1797.03565444401,26930.900390625
1018.27873604757,11215.099609375
985.841816981675,9673.900390625
1716.76106241365,73790.8984375
