DNA content,Total MTBP (GFP)
1047.69564612654,7294.2998046875
1687.43369678171,18758.19921875
1739.01731244666,12470.900390625
1964.47508323056,16717.400390625
1015.99646638537,9875.900390625
991.505280508546,8568.099609375
1184.78618979346,10202.2998046875
1128.90800462946,8935.5
1142.26215559455,6258.2998046875
1505.07732140739,9903.099609375
964.919601011411,9446.7998046875
1010.2420105535,6836.89990234375
1816.24149047263,12412.2998046875
1870.0081418417,14764.5
1201.80943561272,13230.599609375
1945.81486691086,30818.30078125
1299.22020638433,12590.7001953125
2132.81552517186,16432.400390625
1064.72713359888,8534.7001953125
1515.08202000956,19093.5
2032.57118497093,16711.900390625
954.401915191593,8911.099609375
1033.65543322902,9241.5
1878.02593380841,15341.400390625
1302.99087404407,7804.39990234375
1771.82243293279,14722.7001953125
1312.18944987564,10314.400390625
1461.27627647518,10095.900390625
1920.77984330416,15821.400390625
1012.53764505854,7943.89990234375
1791.84697695901,13344.7998046875
1737.84900243512,15709.2001953125
1124.33321892554,8892.7998046875
1169.38922260037,10125.2001953125
1222.22556953413,11409.400390625
1778.54762184956,15668.900390625
1908.02733301422,16987.400390625
1863.69592656867,16111.400390625
1220.8509954481,11258.900390625
1140.68722023962,17500.099609375
1165.6809242072,12054.2001953125
1672.77936935573,12850.400390625
1428.91264129752,6885.89990234375
1133.57389401206,10464.400390625
1999.93178853601,16082.900390625
1755.61399703197,14100.400390625
1781.919905819,14868.599609375
1098.43616295571,7992.7998046875
1856.14434486967,11926.0
1118.69370074209,10732.2998046875
1750.41418217793,13934.400390625
1844.45278035379,16901.30078125
834.742077989997,6372.39990234375
1096.56686693724,10220.5
914.499896097232,8224.7001953125
1200.74982632294,8778.7998046875
1183.79719142334,10252.900390625
1120.67659792469,9957.900390625
1710.00669359002,12236.400390625
2135.89678968848,20478.900390625
921.25537865777,8796.7998046875
1552.15542580381,12785.400390625
1884.45420046677,14060.400390625
2068.31456615528,15326.900390625
1073.7178861243,7933.89990234375
1015.272982893,8761.900390625
1073.97137264349,10210.7998046875
1945.63421878514,17083.80078125
1166.53092821179,8604.5
1464.34952208609,11470.7998046875
1937.9068894028,18738.400390625
1802.16886783123,16091.099609375
1564.19659233363,14796.2998046875
1461.70684716199,8432.5
1662.20154174313,18557.099609375
1639.41426195464,11728.2998046875
891.222961879209,7239.39990234375
910.718536563215,6495.7001953125
1412.7928588542,10571.0
961.991363945307,7042.7001953125
1933.32118907724,17713.80078125
1018.57989050622,10021.099609375
1405.38338998405,14138.0
1069.75231450648,12010.099609375
1011.53394536131,7991.7998046875
1114.51239828611,8259.099609375
1684.7450245235,8342.2001953125
2276.96961102677,16450.900390625
1791.63525557369,13856.599609375
1651.32189142975,13835.0
1008.94517530332,7798.5
1740.05832233016,15345.5
930.765800822261,6686.2001953125
2012.98701251626,16034.2001953125
1146.14575617629,13255.400390625
1166.55186646557,7996.39990234375
1002.38994263799,7249.89990234375
1823.08284214841,16149.400390625
1830.29885491845,18232.099609375
1042.59072165666,10761.2998046875
1915.4973891719,12854.2998046875
1130.65078013571,10451.0
2081.5486562822,15774.2998046875
1939.88845010112,16974.900390625
2022.02409649686,11565.099609375
1896.84118230505,14919.5
1692.2160830444,14187.400390625
1809.72980492022,13797.400390625
1057.68898461229,7446.2001953125
1862.0707616794,14810.2998046875
1932.77657173153,16909.69921875
1158.37191440574,8796.400390625
2256.49222157567,18664.900390625
2033.83148965068,13805.400390625
1995.77977736058,12574.900390625
2349.71333686452,30564.900390625
1182.51561436874,12777.599609375
1219.73369458673,10411.7998046875
1845.01477199518,19458.80078125
1178.09953617354,10337.7998046875
1972.49866662917,19900.900390625
1236.55446303697,11704.599609375
1235.27611581939,10267.2998046875
1059.68658312201,12867.2001953125
1928.52432423481,18729.30078125
1561.55826098344,10962.7001953125
2008.81963177157,20202.400390625
1880.37525043219,21172.400390625
1737.61066273782,11968.900390625
881.965246618071,5413.60009765625
1365.86132223425,10441.7998046875
1261.03172720251,11631.7998046875
946.376327066555,8935.0
1957.94702574567,15609.2998046875
1821.1587502743,14454.900390625
1656.14637694738,13845.099609375
892.499916925665,7684.7998046875
1907.16552339846,17656.900390625
1575.79727591819,11830.2998046875
1518.67805372287,15805.7001953125
1284.65074571037,8418.7998046875
1051.45963136486,8522.2001953125
1378.89182125525,9243.900390625
1856.94935390336,13819.400390625
1804.25021935608,14167.900390625
1549.45461381335,13916.400390625
1358.87418239783,10965.900390625
1695.59905888811,16980.599609375
1759.5022753087,14907.7998046875
1882.79629171254,13272.7998046875
1896.89642365545,19038.0
1178.76956029456,7962.2998046875
1044.06798228517,11680.900390625
1823.4076078294,18120.30078125
905.6733640782,6559.2998046875
1097.17162607572,11535.400390625
1314.43262737254,9479.900390625
1901.9441020485,9325.400390625
1696.6389550347,11920.900390625
1837.04108400984,16820.5
1588.54911796599,12839.900390625
1300.53675477769,11046.2001953125
1899.35978693813,17706.400390625
991.70374842471,9730.2998046875
1627.48714208372,11873.2001953125
1680.71485616529,14365.2001953125
1874.71011629997,15150.5
1957.74232090285,15504.599609375
1992.08150259955,20903.69921875
2134.39146289,18241.30078125
963.727791151211,6579.2998046875
849.828312587072,6319.89990234375
1473.44218153816,17342.5
1062.89592738251,9253.0
2233.54545466263,31442.19921875
1982.71007480059,13536.400390625
1421.34067821318,12756.400390625
1969.78048034302,12461.900390625
1424.43987389394,16259.0
1855.75331184292,18907.900390625
1990.52182544019,15083.900390625
2079.57355525792,20940.19921875
1028.92572672186,9113.2001953125
1068.18450706773,12921.2001953125
997.47557855227,7255.89990234375
1037.0479872101,8293.400390625
2206.844503396,16384.900390625
1107.88733431694,8738.5
1861.9866745432,15013.400390625
1141.5361105073,10213.0
1057.76104338993,10905.900390625
924.630057161554,7632.2001953125
980.423821068287,6329.7001953125
1876.5188250309,13822.2001953125
1589.53098841992,13215.0
1716.54800454405,12948.099609375
1955.74516788788,13704.2001953125
1680.90274358088,11680.7998046875
1132.22204015886,9985.900390625
2016.99312415736,13500.2998046875
1251.88906096348,10277.900390625
1717.35167709346,12020.7998046875
962.894159079106,7586.2998046875
1080.1490484986,9386.599609375
956.022513759556,5555.7001953125
1839.20017437054,35486.3984375
1573.25973775776,13274.900390625
1023.29823689697,8180.39990234375
1043.07141050412,10770.400390625
1965.53068306749,18422.5
1031.1799302141,8946.900390625
1856.27687956116,16468.900390625
1462.18541990933,11710.2001953125
1681.40626403485,16094.5
1376.60130993996,13405.2998046875
1013.73468948219,8084.89990234375
1383.70995847253,11757.7998046875
1169.14108201832,8951.900390625
2018.01508913981,15927.0
1912.43349895098,18022.69921875
1528.06485109109,12104.400390625
1048.01996631277,7634.89990234375
2057.56099085935,18502.0
1654.99555260522,11032.400390625
1262.14401624781,8908.5
1042.8907623784,9393.900390625
2038.00176611132,14483.2998046875
1250.78924577149,10549.7001953125
983.260731708323,9419.5
1531.19367217348,7909.10009765625
1096.38154111653,8160.2998046875
1891.31303781193,31569.900390625
1145.10151645577,7038.2001953125
1446.0495996546,16129.0
2019.00609223635,15850.5
1627.40661890561,12185.900390625
2150.2328111075,20919.0
1604.17885617187,6936.39990234375
1900.19241664702,14450.0
1754.83738828931,15072.900390625
897.68118806026,8110.7001953125
1989.88120397343,10602.7998046875
1559.38346693241,12866.2001953125
1602.12067037461,12717.2001953125
1715.9267620994,17864.0
1617.32919328366,12912.099609375
1913.00796444569,14171.2001953125
1789.64445085908,14957.2998046875
1797.86427470005,15586.400390625
1301.40212835154,8836.2998046875
1911.88888160527,14754.2001953125
1854.7437093401,16030.7001953125
1215.78794748579,8078.5
1441.47459120331,12012.2998046875
1922.33885222137,16546.19921875
1743.54175724255,14024.900390625
1051.84732318089,9114.900390625
1044.32202567281,9349.400390625
1162.54029751364,8806.5
1438.17080205341,10861.900390625
1554.83552228786,12499.900390625
1244.06940279186,12203.400390625
1481.08185982621,10700.900390625
1907.48093368947,17489.0
928.153029734011,7935.89990234375
1868.57119848909,15305.5
995.022907143866,7695.39990234375
1951.09242060074,16196.900390625
1436.73519518509,10342.2998046875
1832.67133726982,15283.2001953125
1548.79672942459,12300.2001953125
891.057571949071,6506.0
1088.5447313966,8528.099609375
1697.28447694385,11232.2998046875
1900.53834332918,11918.900390625
2170.0134467519,17273.30078125
1017.95619784038,8057.89990234375
2397.64924142385,22083.69921875
1035.59957236739,8588.5
2083.51529290601,15626.7001953125
920.652345811489,7291.2998046875
1881.18315518183,17556.900390625
1560.78588444102,11903.7998046875
1720.1597419477,12147.599609375
1038.58939908425,10126.400390625
1681.9964332199,16449.400390625
1087.56742726397,10085.0
1018.8807108438,7917.39990234375
992.974299483972,8062.0
1058.94249549693,9570.900390625
1878.48078395971,20888.69921875
820.996949685008,7254.89990234375
2368.2149570492,30606.80078125
1185.80046999127,10064.7001953125
1736.39813737122,12680.0
2017.75982064158,43916.3984375
1076.0911480915,10325.400390625
1968.7881407622,15398.900390625
2078.37985204499,18875.0
1763.58757364362,12123.900390625
2107.46241830559,16336.400390625
1784.34584754172,10370.7001953125
2263.835088979,18875.900390625
1931.5908874243,14291.7001953125
1232.06777392211,14745.7001953125
978.871049077733,8438.599609375
2008.37346876811,16197.2998046875
1999.47381992138,14580.900390625
1010.39993844639,7776.7001953125
2136.93902468257,19632.0
1815.10536745759,18585.69921875
1397.71987772627,12277.7998046875
1968.11789389381,24708.69921875
1515.27915144144,11800.7998046875
1045.58221897887,12827.599609375
1027.22003865449,9582.400390625
1879.38959327279,16505.400390625
1983.45716951531,16231.400390625
1075.1434693605,7464.0
2246.69824199561,17739.5
1016.93055752615,6180.39990234375
1831.37049256679,17695.19921875
1971.69788979571,16281.2998046875
1652.29585435167,7653.2001953125
1039.37669970117,9800.7001953125
941.178294191565,11235.7998046875
1120.35940565464,13299.900390625
1158.85872880616,10376.0
1089.59398293318,7387.7001953125
1567.28331416107,9462.5
1407.25558171847,9872.900390625
1280.95993298659,13838.900390625
1800.43533634127,15593.900390625
1884.32233401742,15686.900390625
1142.13697156662,9530.5
1194.14013192304,12160.900390625
1413.41799937801,13092.5
1889.37669483189,20474.400390625
2127.93423907216,30538.400390625
1338.09730909344,11663.400390625
1776.27882840388,12400.900390625
1196.16267813939,10382.0
1858.27481219195,18717.69921875
1540.61922758594,13555.2998046875
2050.61283181454,17043.19921875
1819.62012274242,10742.5
970.540297041196,10109.599609375
1639.80139690222,11997.7998046875
1906.90179049976,19645.400390625
1442.98392745463,11619.7998046875
1853.15552051602,12088.900390625
1071.544985426,8509.7001953125
1504.89132734454,11764.7001953125
2051.33230585406,18311.400390625
2057.24892177905,20473.900390625
1188.57322938568,9668.400390625
1839.40755218193,14395.400390625
1945.94495138116,16852.0
886.135745826095,6657.39990234375
1270.69395170692,8499.5
1955.66987927322,12448.400390625
1801.25682868113,15237.7998046875
966.859396575855,7471.2001953125
2094.20182124037,15619.7001953125
1070.72026324912,7450.5
1748.66104891848,14529.099609375
857.675424373359,5979.2001953125
1877.16456968742,13316.7998046875
2208.27721454838,18420.900390625
1187.21112915297,11680.2998046875
1124.06525382661,7142.7001953125
1934.35651890253,17365.5
1061.91450242334,14746.2001953125
1493.09061661214,11882.5
2110.75016964407,11289.2998046875
1619.46645440105,13734.2001953125
2244.84342455688,17279.099609375
1066.86484021104,9098.599609375
1012.67129348694,10912.099609375
1784.3184496139,16416.69921875
1507.75986811263,11833.900390625
969.986435679195,9168.7998046875
1741.395920351,15840.7001953125
963.46617435263,7896.7001953125
2057.15536787917,14616.7998046875
1112.99170191837,11215.7998046875
1918.37283510879,15003.599609375
1114.58401156899,10806.5
1074.89866998916,7513.0
1501.66694763585,70592.0
1628.76771677511,16065.099609375
1995.6287546365,15244.5
1034.52904845596,7753.60009765625
1185.85649095751,10626.099609375
1995.13826490429,13182.400390625
1955.99642693326,16561.80078125
1743.41167277225,15012.2001953125
1023.90344153021,7016.7998046875
875.648130902665,5831.2998046875
1797.63840885606,17533.099609375
1872.7579582559,13675.2001953125
2102.99076463892,19336.900390625
1332.58999148041,9757.099609375
1084.25227799767,10715.2001953125
1469.31266784818,13321.2998046875
1072.22893125831,9825.2998046875
1232.40668406178,9189.5
1642.30218174484,13554.5
997.524805723395,6889.0
1297.98752237977,13775.0
1354.98367664729,10948.400390625
1685.11033022778,12741.7001953125
1821.94204143838,14962.5
1898.16987043067,15248.2001953125
1976.40008700136,14443.599609375
1102.70077293206,10557.599609375
1992.31382811757,15794.099609375
1000.68169297574,8653.599609375
1911.14290062746,19649.19921875
1355.28884055879,20693.099609375
1680.10118713159,11675.2001953125
940.131826997243,6525.89990234375
1597.69211832609,10636.7998046875
1465.41158159706,10653.599609375
975.772521639117,7775.7001953125
846.897680986625,7972.7998046875
2051.40648073182,17805.099609375
1954.29330046077,17329.69921875
1371.94811715806,12274.0
2035.73865272385,15741.5
1705.36608603512,12036.599609375
1027.93394400949,9143.0
1140.00037869137,8821.400390625
1448.56686780339,11435.2001953125
1840.95575785118,19013.5
1120.45529840201,9881.2998046875
1988.29078767554,17877.099609375
1949.97400600247,16857.599609375
1036.66419347323,8603.2001953125
1317.35262278556,14452.599609375
969.127187658314,7742.7001953125
1741.65107747554,14520.7998046875
1566.38029627989,12154.599609375
1548.26859538505,11276.2001953125
2026.79913209598,12304.599609375
1389.21126190628,13096.7001953125
1014.45360665326,7614.7998046875
1024.76736724608,8205.099609375
1935.90572693499,17082.099609375
1754.75285565835,13276.900390625
1101.12227361904,10365.7998046875
2045.10718480687,15183.099609375
1569.15160781632,11339.2001953125
1041.52866214569,8379.599609375
1248.56288570183,14058.2998046875
1085.82609961569,7422.7001953125
1849.72097865369,18873.0
1554.86971401079,14593.5
1136.08047028658,8502.5
1894.09648908061,16753.400390625
1815.66624536208,15164.099609375
1773.53536029003,13281.099609375
2341.1992637337,7701.2001953125
1312.94322701178,14532.400390625
1082.02591792801,8737.099609375
1833.57769636171,15173.2001953125
958.504810569588,8127.2998046875
2163.39272635666,16422.099609375
1120.55943280247,8211.599609375
2222.14323899422,16814.599609375
1157.21329390525,11831.2001953125
1654.92104360639,11784.900390625
1052.94112419361,15103.2998046875
1931.18882840222,14190.599609375
1603.24298305204,13274.2001953125
1188.64918624248,6775.2998046875
1078.48256397022,9175.2001953125
1631.76600789243,11924.5
1545.52646375549,11747.0
2090.79824126394,18837.0
957.189710034194,7681.10009765625
1336.00882965241,9180.2998046875
1168.02344703587,8998.2001953125
972.427746971185,7619.60009765625
1025.64978099455,7965.60009765625
1493.60917251431,11518.099609375
996.615662289248,9154.099609375
988.949588436588,10062.099609375
1808.43675637551,16443.900390625
1827.33041195014,12143.2998046875
1866.82374528784,18889.599609375
1778.05122931176,13746.2001953125
1806.42000159105,15774.599609375
1242.62633388628,11381.599609375
1919.40460097599,8035.10009765625
1568.95347402123,12785.099609375
1807.12599941404,15499.7001953125
1838.07006553478,18234.69921875
1468.02752683548,12004.599609375
1367.17675689071,12286.7998046875
1064.29444681196,8764.7001953125
2124.92870866497,20637.0
1975.65878371854,15413.0
909.195668408515,5039.0
1808.50881515315,11989.599609375
2199.85001289602,14177.5
2009.21211265628,18830.80078125
1412.21516352247,12652.2001953125
1287.397889156,13083.599609375
1030.36489754828,9034.599609375
2011.07806746404,14350.599609375
1334.34835930331,10145.099609375
1872.68846107313,15342.0
1309.31333569661,12661.2001953125
1177.48686950305,10892.7001953125
1789.30231088239,15988.599609375
992.592287726147,8593.0
1389.38556173164,7114.2998046875
1329.46217276124,13526.599609375
1053.90985255208,5778.10009765625
1127.30600546778,8109.10009765625
2017.67027619456,14749.2001953125
1574.34529711739,11373.900390625
979.412436586418,8328.099609375
1424.88793025013,10825.2001953125
2105.19195425456,18012.099609375
1846.84308249561,16406.69921875
1851.68973137761,10206.2998046875
2124.77612670922,14948.7998046875
2092.85286310312,17721.69921875
996.034291625735,7986.5
1248.16049255868,9827.0
1959.08593310296,15071.0
1300.34073708272,9410.0
1080.14091821921,11537.599609375
1065.84911215524,8506.5
1979.68672460294,14267.400390625
2166.03072358577,16995.19921875
1009.78727177589,9758.0
1203.65979810383,9257.599609375
1825.2362524509,13100.2001953125
1005.48947243982,6547.89990234375
1908.27324612246,18452.80078125
1731.17237244734,14874.099609375
1675.1437214277,15428.7001953125
2033.83794932472,14535.099609375
995.490119774792,6856.2001953125
1918.17704016119,15210.2998046875
1009.97014737541,10238.7998046875
1872.84148852364,21010.099609375
1989.90971563815,21207.69921875
1835.22457912059,12375.5
1387.2846084373,10792.0
1011.65734741019,9233.5
1400.27802001942,8349.900390625
1521.78660479361,13633.2001953125
1576.61420193675,13429.599609375
1829.02752424336,16026.400390625
2133.29977797741,14634.2998046875
2325.16011584218,19784.19921875
1012.90328488389,7296.7998046875
1981.32480884029,18159.599609375
2058.03121057991,21238.19921875
857.078461393201,5305.0
2110.45079716447,16728.5
1408.59707781847,12628.599609375
1895.29798845187,16668.0
1388.16769042791,11431.400390625
1864.54559645218,19988.5
2150.36801876756,16956.80078125
871.888823359333,5060.2001953125
977.842847168625,8233.099609375
1749.38197081597,16469.599609375
975.735768321309,7501.10009765625
1513.76769908999,10811.0
989.43918717927,8450.2001953125
1900.24119832339,12887.099609375
1748.30999904656,15429.7001953125
1706.02820262412,12504.400390625
1982.75284229767,15026.2998046875
1699.90253828239,13316.7001953125
1120.27609813427,10280.099609375
1501.50623540071,12005.7001953125
1167.29216738518,14525.2998046875
1472.78574500737,13020.2998046875
1534.48999928612,10965.599609375
1770.51234421346,14599.7001953125
1896.94342335277,13553.5
1005.61677256787,9345.5
1838.91717382342,12573.0
1752.98947601939,25194.599609375
1539.25924345335,11782.7001953125
1041.00186459044,8455.099609375
1590.15323322779,11390.599609375
1492.87499714767,11903.099609375
2389.90520598796,12803.0
1714.18253873518,12931.099609375
2250.91997310118,17890.19921875
2098.73339395244,12341.7001953125
1794.53631745936,14077.099609375
1755.56009216585,16700.69921875
1787.2352151899,15855.0
1374.83458909029,13548.5
2046.9504193818,16374.2001953125
1841.58268035404,18227.19921875
1529.61160890237,11725.599609375
1029.73507932948,10877.099609375
1066.61848160803,9403.099609375
1803.56805550282,15052.7001953125
930.697695810626,7858.2001953125
1343.42832215468,9699.599609375
1891.20790104826,15243.2001953125
1222.29261649571,11130.5
953.225474900658,6986.5
1557.71163646689,14541.7001953125
1022.23472952802,9099.7998046875
1907.06617806669,19179.400390625
1879.86604992001,16251.5
903.11839593523,6622.0
1411.88583152017,3945.89990234375
1107.72806993977,10998.7001953125
1806.32978890188,14264.599609375
1374.15064325798,10110.099609375
1880.68331005964,14255.0
1973.57275449869,16059.599609375
1375.69528496914,11080.2001953125
2026.66125146736,18077.69921875
1014.81891235753,9900.599609375
1360.61083235111,10318.5
1354.20428356237,10320.2001953125
1937.97750032247,23036.30078125
1030.5178136251,10908.400390625
955.48045800873,7371.0
1167.15061142477,9339.900390625
1464.27891116642,12484.599609375
1893.76504097819,19654.599609375
963.732802967276,5672.10009765625
943.440627963198,6253.5
2175.36406158264,16976.099609375
2020.10557330727,15711.2001953125
1166.16127893359,9876.2001953125
1522.48157662126,12748.099609375
1720.29405861824,15579.2001953125
1611.17524002458,12885.099609375
1118.32661305877,13318.599609375
2152.69907010612,19136.099609375
1858.85039142357,15858.5
1988.98687324009,16105.599609375
2174.84194172238,15475.2001953125
1941.06923396598,16209.7001953125
1814.78917755075,11980.7001953125
1852.23858092355,17277.099609375
1630.74315192046,11647.7001953125
1344.59518430825,12453.5
1817.74091446551,17091.0
2039.2041564721,20073.19921875
2148.84464943125,16103.7998046875
1621.66085022159,14451.0
1220.40973288702,11337.2001953125
1900.92436453986,15657.599609375
1047.54774186578,7677.60009765625
1993.84677559125,16413.099609375
1571.98384076136,11440.5
2107.17306945811,14936.099609375
1093.4443941552,9010.2001953125
904.295894276223,8536.7001953125
1827.48254841113,12757.7001953125
1610.5163532726,16057.0
1112.55366919431,11794.2001953125
1347.5378999541,12413.2001953125
1017.12869132125,10077.599609375
1201.57844657898,10544.599609375
1817.53064093817,13448.099609375
2018.99005442494,12985.599609375
1738.21219203928,11046.0
1067.88725068825,9875.599609375
1881.05351620629,16262.7001953125
1064.75742724265,9056.099609375
2285.68282031589,20397.599609375
1014.1353006463,8620.0
1144.05014881907,10795.2001953125
1060.24545630008,12362.099609375
1123.23952928652,10166.599609375
2090.81450182273,17581.099609375
1973.99307880599,17611.0
999.090385688336,8513.099609375
1963.61505559384,15769.7001953125
1015.06371172887,10529.2001953125
1833.25337617547,18202.599609375
1234.05612841553,10461.2001953125
1953.95316521051,16535.599609375
1842.73673453321,13345.099609375
1937.87258630618,12076.099609375
967.427847891289,7771.0
2101.43687891146,15176.099609375
1007.62394921496,9147.7001953125
1975.22442632626,18238.69921875
1566.04027240332,14087.099609375
1918.50759727409,21735.5
975.385832186298,9513.2001953125
2083.17849886646,18045.30078125
1360.34208763635,12888.2998046875
1331.39784749914,9754.400390625
1151.64071130969,11753.5
903.401730603424,8343.5
1113.35199580658,8586.900390625
1183.58224020101,8187.89990234375
1023.50138250813,9405.400390625
969.159263281129,7897.7998046875
2024.59081456416,19066.80078125
1489.99531901055,6125.39990234375
1095.10063230407,8587.5
1925.92619878684,20307.0
1674.30830737655,16358.7001953125
1880.17678251603,16240.099609375
966.667276960039,9070.599609375
1507.71932808935,16070.599609375
896.084924643634,5481.10009765625
1330.61656106149,12887.0
1220.82203828861,9918.099609375
1861.32021438028,18549.19921875
1132.65650892483,10145.2001953125
1059.449579909,6996.2001953125
1951.06145871483,17433.0
1792.21651486351,12589.7001953125
1023.57054556982,7784.10009765625
1365.85063035998,13775.599609375
1655.8940041651,11205.099609375
1165.73004000464,11916.5
1096.17795001061,9721.599609375
1176.73409473012,13286.2001953125
1888.58995108341,14938.2001953125
1144.31065188075,10629.7001953125
1694.82389800343,13546.099609375
1290.3642160242,10606.5
1827.12659809684,15811.5
2227.73620297512,21343.5
1650.36029098746,11898.7001953125
947.352071967519,7366.2998046875
941.092759197393,7939.0
933.057425874451,6151.5
1415.74849384812,10421.400390625
1930.92888220899,13190.7998046875
1504.93721330496,14112.7998046875
2005.01867046805,16592.19921875
1202.07495049046,12310.599609375
1037.9807418666,11554.099609375
1183.20624262246,9325.099609375
2036.49777579713,21144.0
1787.53948811188,15987.099609375
2007.9486895132,16590.69921875
1272.75570146227,9071.2001953125
1703.00674577921,16276.599609375
2117.69253725698,21421.5
901.873850632659,4500.2001953125
924.009928453808,8480.7998046875
1872.85284864006,14497.400390625
1173.25143943356,9806.2001953125
989.573949344567,6522.10009765625
1379.42218276859,11812.099609375
1518.30205614432,11170.099609375
1856.29503347268,14411.0
1231.67395655311,11509.7001953125
1529.84928035753,12949.2001953125
1704.93273100605,12199.5
1997.41719335578,16214.0
1063.08771287725,9102.7001953125
2143.9029987914,15183.7998046875
1327.23113499659,10705.7998046875
1406.79338090361,12672.400390625
1015.72738754954,7191.0
1739.80606092157,10437.900390625
2113.54431278702,14827.7998046875
988.51578791276,7209.7998046875
1319.81743392621,12286.900390625
1809.04084727185,12812.900390625
1769.84488168732,15270.0
1748.73199395922,16662.099609375
2120.8566637992,19319.80078125
1810.48291381422,13896.0
1891.15622365595,15212.7998046875
1179.01792362399,9930.2001953125
1725.66427521848,11071.400390625
1863.07512961878,16913.599609375
1757.40800443577,10248.400390625
1215.37319186301,9437.7998046875
1917.97968598193,15837.7001953125
1404.19202561861,7973.2001953125
1859.13339197069,18048.69921875
1275.61477546668,11551.2998046875
1532.41076386138,12713.599609375
1871.53529788348,16662.900390625
1568.62057806084,11119.7998046875
977.946870195391,7605.7998046875
2026.41734308554,13961.900390625
1601.29706193463,13668.900390625
948.265224854518,8571.5
1976.04302295017,13940.099609375
2122.04167986429,15507.7998046875
1697.85471023833,13781.0
1823.88651469781,15806.7998046875
1503.25112700708,16215.400390625
2285.32865198065,21006.900390625
955.131524236932,10189.2998046875
2062.05269179028,15838.900390625
1820.89991781798,8992.900390625
1864.56664607965,15739.900390625
1214.94585101322,10701.7001953125
1231.5036661806,12347.0
1046.80866605676,8147.10009765625
2140.91283795347,18298.30078125
1405.45155068253,11290.0
1066.08923383159,9635.7998046875
1352.16213557652,12676.2001953125
1996.39856958404,19163.900390625
956.901363549935,7846.10009765625
1034.64443159914,10211.0
962.691681710089,10228.900390625
2059.3498750734,24620.599609375
1827.86210994776,13625.7001953125
1056.62235878002,8044.7001953125
1141.75785552474,9826.7998046875
1784.95383651722,11326.2001953125
1082.44858108281,10414.599609375
1149.1994000177,8623.099609375
2146.96688901232,20919.900390625
1974.29913370701,19926.900390625
1105.27428479447,8507.400390625
1750.60518805684,14322.2001953125
908.149256901038,6132.0
1813.02145433786,15491.7998046875
1317.02440452017,13702.0
1438.81866281005,12016.7998046875
2126.21151083017,22417.400390625
2056.31650124362,20973.599609375
926.011480729538,6755.0
1789.9010558416,12673.099609375
1195.68688973431,9323.599609375
1915.71590435232,14085.7998046875
1421.42053314915,10763.2001953125
989.484182150163,11215.400390625
1825.84747126342,15650.2998046875
1221.49707422569,10454.7998046875
1067.84025099093,10215.900390625
1133.16515256855,12574.599609375
1781.59525151169,17005.5
1278.30734580405,7085.39990234375
1551.97967812047,5427.0
1775.8929185669,13270.099609375
1042.06815630164,8888.7001953125
1961.6303764322,14426.400390625
1117.39497213918,10610.7998046875
1119.13306995043,10778.2998046875
1009.36527686324,6120.39990234375
990.24040950749,10420.400390625
990.043723570371,9346.0
1913.10998274603,18053.80078125
891.209764096905,5132.39990234375
1955.73982195075,15968.599609375
2050.78056059218,17051.0
1432.63385903876,15554.900390625
1145.09115870257,18043.80078125
991.567315654058,8247.0
1660.25317040454,10742.599609375
974.562891988464,7193.2998046875
1440.21796185533,10617.900390625
1071.71393931423,9590.2998046875
1774.50754123291,12686.2998046875
1156.51509224059,9211.900390625
1265.28419744661,11463.400390625
1140.49833046082,8084.7001953125
1367.99613313046,12580.0
1346.357561584,11569.599609375
1895.1547618861,17455.80078125
1642.8093775306,12798.0
1415.75060994824,10473.2998046875
1895.77444509909,16077.400390625
911.208580800658,7483.39990234375
1074.98955092047,7819.39990234375
1298.05022576743,9864.2001953125
1954.52028004166,14451.0
1494.92037497054,12783.2998046875
1740.30679703328,13469.5
1118.20465886786,9956.900390625
1901.93296467947,14513.7001953125
1365.84172046475,15149.400390625
1071.7534769743,8615.599609375
870.324635565521,4862.5
1204.12489463464,9891.900390625
1132.76420728337,11161.099609375
1722.76956163316,5643.60009765625
1077.56696086204,8305.2001953125
1032.20891173904,9510.400390625
1761.38827738071,12990.900390625
1119.06468650457,10934.2001953125
1724.83921892052,12631.0
1881.68366854617,13641.099609375
2040.00114660009,16110.7998046875
1761.90972899883,17663.5
1877.28708074678,15823.7998046875
1597.00282655665,12774.400390625
1885.570833086,17342.19921875
1915.86336311832,16767.0
1737.34113840723,15127.900390625
1569.97911433546,12929.099609375
1952.40997135732,13202.7001953125
1757.05205412148,14634.7998046875
1803.12044464139,15795.2001953125
1009.75096395285,8791.2001953125
1469.31767966424,12637.400390625
1629.28694091942,13886.2998046875
1478.28136838291,14933.2001953125
2110.87112147177,18526.0
2051.812103712,16077.7998046875
1705.27130702465,19464.0
1869.99277227243,11595.2001953125
1525.77033032296,12694.900390625
1885.96888265523,14823.2001953125
1733.6392996881,15285.2001953125
1007.99070277721,8533.7001953125
1009.44234745695,8524.2998046875
1851.20325109826,13946.2998046875
1840.63143766494,12422.7998046875
1826.57307085591,15585.400390625
1276.88131707309,10278.400390625
1917.04592896222,15714.900390625
1564.2739970484,5309.39990234375
1996.75162418238,17926.80078125
1840.00384691995,20614.900390625
2071.96650946114,15240.400390625
1761.58251309665,13959.400390625
1493.68123129195,11557.7001953125
1432.85482444037,11902.099609375
1617.15957115329,12670.0
2118.99471844429,17967.80078125
1035.92857024862,11203.7001953125
1047.32610822203,7170.60009765625
1653.80418823978,9789.599609375
876.639969301881,6332.2001953125
1852.05292098177,10278.7998046875
1123.08160139363,11493.2001953125
1031.58555319428,8862.2001953125
1044.87766901386,11396.2001953125
1026.89326824707,8277.900390625
1829.36576614088,11999.2998046875
1270.82726601424,8382.900390625
1987.64326103998,14332.900390625
1892.2621644009,17433.400390625
1021.75894112294,10499.2998046875
1159.52374111111,10097.7998046875
1997.82170259906,16338.2998046875
1214.28217519255,11211.2998046875
1750.31216387759,15401.400390625
2322.16705928831,27260.5
1943.13877987965,17721.30078125
1173.92614124957,9778.5
2177.24115375943,22936.900390625
1598.76375597443,12473.7998046875
1577.76313292617,11191.599609375
1323.32403456619,9144.5
1572.21906199533,16523.19921875
1362.85968990622,12075.2998046875
1059.88126433271,10835.7001953125
2169.22046607677,16751.19921875
1150.66808487206,11188.599609375
1765.54207053519,14700.900390625
1705.70967386978,12926.099609375
1712.85284824635,16841.30078125
1175.48849137749,9418.2998046875
1950.26513682898,16107.400390625
1044.73934289047,9626.7998046875
1692.44384224112,10898.2998046875
1231.94381500477,11659.7998046875
927.626287865604,7723.10009765625
1721.77555144698,15238.2998046875
2051.80230282725,19631.400390625
1396.51091631776,12223.7998046875
996.622010589596,7751.2998046875
1568.06783043574,14665.7998046875
1139.26085738759,8714.2998046875
1134.00802865696,11740.0
1612.00675599657,10878.0
1046.02771374018,9534.7998046875
1105.1448685663,7599.39990234375
1002.29839346455,9185.7998046875
1004.89473693347,9277.5
1144.47570768982,9702.900390625
1243.97707400257,10323.7998046875
1865.74386598642,11985.599609375
1487.3220163216,11376.7998046875
1081.02043625173,9952.2998046875
1812.99116069409,13562.7998046875
1976.08222648916,13092.2998046875
955.603748683923,8102.89990234375
1968.06799848054,19126.19921875
1064.82046475138,9885.2998046875
1156.65586858516,10704.5
2261.22939012008,20984.400390625
931.765491066646,7503.2998046875
1289.03263218264,10854.5
1653.65093804189,15262.2998046875
1077.18817894123,10119.400390625
1138.30181854017,9994.099609375
2111.60663332269,18618.80078125
1036.27750402042,12002.5
1711.01462548749,15624.5
1536.31786429178,9702.2001953125
1169.15934730353,9700.099609375
1029.53549767641,8062.2998046875
1492.32692721756,11677.400390625
1367.45363188487,10264.7998046875
1223.6273188006,11131.2998046875
1563.71367601236,11446.7998046875
1280.83630819033,10468.900390625
1258.56435446698,10774.2998046875
1017.60770956335,9916.900390625
2024.02392248039,14028.7001953125
1156.07382967951,10384.7998046875
1018.92960389385,10218.5
2012.72929379684,17531.5
1031.26657894518,10783.400390625
1120.42533887931,9036.7998046875
1101.76267233842,7589.0
1721.89360755873,16044.2998046875
2140.11517958334,21960.0
1101.76166997521,8895.900390625
1666.98114366356,10938.099609375
1326.44038179526,13528.099609375
1777.35625748412,15010.400390625
2179.41249522606,17892.80078125
979.166523478174,6739.2998046875
1899.01185552955,14218.900390625
1007.10539331279,9509.7001953125
1853.47850421797,12443.0
1914.99242085995,21189.599609375
1107.82318307131,12480.2998046875
1574.41735589503,14649.900390625
1173.89150403188,11729.2998046875
1007.65179263754,10383.900390625
1561.22636738627,10512.2998046875
1910.40449306058,12065.5
1163.33439192568,9886.900390625
2080.22776431491,13619.7998046875
2039.04979253731,14856.400390625
1903.92766747324,17653.5
1552.83190959886,9891.2998046875
1552.09238829508,12885.0
1023.87314788644,8495.400390625
1638.82442689066,11733.2998046875
1052.37590271519,8136.5
1123.05308972891,9630.5
2146.1253494082,24662.599609375
1066.4438476616,9151.2001953125
1653.10955053321,13624.5
1239.73061793775,10576.7001953125
1623.24781393507,8562.2998046875
1479.02011007086,10369.2998046875
2012.74221314492,16047.7998046875
1563.7892987481,14647.7998046875
1860.46241421737,17998.400390625
2043.65776760094,16428.19921875
2237.70303452257,21540.80078125
1435.24223086624,10437.2998046875
1998.70400497383,14785.900390625
1224.02291814864,11548.2998046875
1003.29095579275,7735.5
2159.99493781213,23288.599609375
1620.77620899931,15963.7998046875
1012.90250526806,12255.2998046875
1290.11072950501,14007.7998046875
1726.2800603523,15733.2998046875
891.038694108561,6142.2998046875
1100.58556380535,9256.400390625
1057.68363867515,10440.2998046875
985.599467831521,7764.5
1167.83422313601,8680.5
1862.21231763981,14418.900390625
2231.44472411566,14714.7998046875
1734.0516050897,13969.900390625
2151.13092854631,16182.0
1185.90460439173,10558.2998046875
1295.22222502262,10661.900390625
1763.4646170895,14927.099609375
1501.16910724009,10465.0
1591.04466824517,13705.0
1950.93493820262,17650.599609375
1304.39685551077,20505.30078125
1600.52869484506,13036.400390625
2062.62537530594,17185.80078125
2015.52098671861,15592.2998046875
1460.62552000259,11370.900390625
1438.93983738513,15991.2998046875
1844.70403939917,13310.5
1956.2240747563,15967.900390625
1694.63244662976,16265.7998046875
1795.00954426956,14982.5
1145.50713943595,11743.2998046875
1040.89171601071,7811.60009765625
1768.93028094235,14249.7998046875
1934.95080891412,20183.5
1579.69346172694,13626.599609375
2040.19894627411,16704.30078125
1289.32487674606,12937.7998046875
1814.76356160197,11713.900390625
2199.67025575983,17765.80078125
1034.34015867716,9202.2998046875
1473.86807452998,11855.7001953125
2092.18662568757,16273.2998046875
1312.85991949142,7363.0
1621.63590251495,11861.599609375
1186.54890119028,12496.2998046875
1837.23075340447,19694.900390625
1198.69698646281,10584.2998046875
1941.56106018247,19907.80078125
1751.08777025704,13214.7998046875
1677.1716135812,12619.400390625
1084.90236622811,9059.900390625
1099.70626852021,10930.2998046875
983.129199380045,10032.0
1147.67758991306,6663.5
1012.54933929603,8597.599609375
1067.89515822026,8875.5
2077.23092105556,22324.5
1125.08276386145,11953.5
1816.43249635154,15938.599609375
1167.8723129381,11467.7001953125
958.149862618512,8802.599609375
2246.73209959747,22162.80078125
914.83847211583,7013.2998046875
1374.43932386331,11974.7998046875
1739.48274309855,12197.7998046875
1077.71920869672,17590.400390625
1961.04945126345,15712.5
1755.18699030325,13662.5
1204.29952858107,9477.2998046875
1402.70474135797,14227.7998046875
1208.08133360985,9969.099609375
950.7342681954,6111.5
1822.85976064668,12826.2001953125
1043.85414479974,9385.400390625
2057.46587772781,16267.5
1439.41495754807,13767.2998046875
1094.9644222808,10178.7001953125
1599.18185280792,11924.2998046875
1813.87791801649,13322.400390625
1798.21933402482,15130.2998046875
985.56872869299,10374.7998046875
1035.03691248385,8754.099609375
1027.93316439366,8063.10009765625
1738.25351167839,13794.099609375
1105.29633678515,11475.599609375
1680.81676309194,7759.2001953125
1033.82160277499,11188.5
997.139898249622,7445.89990234375
1023.18886793307,9259.2998046875
1752.26666076916,11180.7001953125
1063.30656217875,6854.10009765625
2151.43007827853,17997.0
971.75349064994,7578.2998046875
1430.07315515073,12641.0
2335.7319292755,23948.5
2008.36745458884,16401.80078125
1619.8931270087,10579.599609375
1045.33062581242,8604.5
2046.88671363093,15952.2001953125
1350.92900607721,10058.0
991.27573933278,5428.7998046875
1864.05310199355,18278.400390625
981.687578332439,5044.5
1789.88457253543,11746.2998046875
950.31984669369,8926.099609375
1693.46669821309,12482.2998046875
1957.80981335919,15274.599609375
2046.69782385213,16938.69921875
1989.15126080702,14386.400390625
1711.1560700742,17063.5
2193.27473296643,14666.2001953125
1898.32935755522,16879.900390625
1391.46791561971,11241.0
1186.9862656722,9306.099609375
1090.78924537778,8210.599609375
1893.84344805618,14322.0
1811.30574263836,14115.599609375
1442.55547286794,8696.2001953125
1114.39556728495,9478.0
1477.20148908149,13729.900390625
1062.47437796461,9656.7998046875
2121.79999895628,17786.5
1118.62776751742,8826.599609375
1219.87725527356,12637.0
1777.56007133742,14093.7001953125
1771.34709002247,15853.400390625
1122.78579287212,8499.7998046875
1565.30609703667,12424.900390625
1679.07008950653,9884.599609375
2128.97914703482,14639.599609375
1107.78754349041,7141.0
1896.46117527365,22561.599609375
1353.96405051234,10861.7998046875
1654.95813104527,18191.69921875
999.349218144659,8968.400390625
1586.61533658083,11657.5
2206.54847212711,17394.80078125
1105.91334702957,5768.60009765625
1354.88176972064,9754.5
1716.07823031825,17240.69921875
961.127549603122,10128.900390625
1105.81066048709,6312.7998046875
1048.08166733721,8479.7998046875
956.675386332259,8064.5
935.382518720584,7609.2001953125
1147.39425524486,8663.400390625
1298.69597042395,9045.2001953125
1826.40667856256,14822.900390625
1888.53604621729,13611.5
1051.60463990967,7848.2998046875
1249.00760084731,9721.7001953125
1159.01665669905,9220.900390625
1429.72522374215,13176.5
1781.81443493426,12306.2998046875
983.380458425425,6626.2998046875
2153.84176416889,15388.599609375
1816.57550016992,11058.599609375
1147.43267916803,12481.7998046875
1371.13308449223,10264.0
2052.64027847328,14623.7998046875
1085.00393903369,11999.400390625
1830.34307027351,18549.80078125
1354.81305215371,11623.599609375
1165.74785979509,12546.7998046875
1124.6169990885,8145.60009765625
2131.95126533491,15653.5
1480.59682740483,9497.7001953125
2164.90250810275,17018.900390625
1097.39615543542,8512.5
957.815518800147,8109.2998046875
1253.49106012516,13316.2001953125
1062.1521738785,12481.2998046875
1707.75928389289,12710.900390625
1347.98406295755,11950.0
966.06675002179,7369.2998046875
1134.91071241707,10385.2998046875
911.549272919372,5615.10009765625
2158.05013043163,15198.0
1798.62562524713,11316.900390625
2006.71689649817,11968.5
1916.1353376701,15816.2998046875
1574.63575970176,15714.2001953125
1989.68474078369,20088.30078125
1809.58613285969,18362.0
1894.34284768361,19841.30078125
920.97382596862,8094.2998046875
1780.81931101118,7590.7998046875
1071.61737832471,11068.099609375
1095.2189111632,9455.0
1079.7253829806,8668.400390625
1793.08255667951,11090.2998046875
1027.51295146005,9456.2001953125
967.734014166001,7089.7998046875
1149.12990283494,19657.80078125
2093.59795309141,28562.80078125
1947.3228666779,13146.599609375
922.741159373591,7999.10009765625
1745.45983493738,16238.0
1080.19437759057,7152.89990234375
1151.61854794532,13867.7001953125
1135.51335545543,9455.2001953125
1229.1257265184,10307.7001953125
1297.77290527851,10258.7998046875
2175.47432153607,14189.0
1366.28253753107,11700.0
1959.23784681657,18012.80078125
1250.37259679597,10031.2001953125
1177.68923549837,9479.0
1196.04762911729,10336.7998046875
1220.81312839339,13094.2998046875
1185.97766553259,16748.599609375
2049.67818380531,16447.900390625
1998.19146325094,13941.7998046875
1037.6617676175,13753.599609375
2226.74965482619,26508.80078125
1136.44043005372,9474.2001953125
1814.95879968112,14447.2001953125
2417.16324845361,20398.400390625
994.515711358112,7261.2001953125
968.125715434885,8617.400390625
1134.56790419824,9918.2998046875
1036.52553322878,8285.2001953125
1632.65209697268,13901.099609375
1739.37014429762,11466.900390625
1529.91421121899,9549.599609375
2015.53190134026,19588.400390625
1865.75767632402,13788.5
1703.41192326462,13755.0
1596.9665187336,11100.2998046875
987.831173838314,7787.7001953125
1812.61950668947,13150.599609375
1617.86345287616,12777.7998046875
1913.9025179264,15631.400390625
1825.54197323085,15143.7001953125
1806.19758833146,16139.400390625
2060.85208340854,15294.5
1614.51611661335,8490.2001953125
989.144492394662,8176.7998046875
1854.14630086518,20522.0
2192.79426686636,19191.19921875
931.268653034092,6886.39990234375
957.007614050508,7544.7001953125
1269.3699412763,16800.69921875
1044.38695653427,8804.2998046875
2086.04213919218,18176.400390625
2155.81285574032,15666.5
1046.69640137691,11643.2998046875
1496.51379835807,10817.599609375
2137.79927506666,17176.900390625
2188.10766197736,19393.099609375
1858.11020187765,14018.400390625
1611.09226662529,12621.7998046875
1034.96206936395,10389.599609375
1485.61566001209,12656.7998046875
1032.64972880536,10550.900390625
1819.46442232334,15697.599609375
1457.06479174911,11487.2001953125
2042.50393616914,23835.400390625
1023.79574317166,11027.0
2058.86874073118,16370.5
2032.09762403965,21016.30078125
1306.44301294948,23359.599609375
944.447780244835,8422.5
1876.46803862811,14958.7001953125
909.122217459743,6891.89990234375
1276.21352042588,10693.7001953125
1140.59344359236,8544.2001953125
1596.52993386752,14968.400390625
1299.2423697487,10256.7998046875
1314.12044691855,12538.7001953125
1064.51797380844,8523.099609375
1559.35573488352,9985.7998046875
1952.18477375548,15790.900390625
1824.51065285841,9952.7001953125
1856.55019059722,13886.2001953125
1231.03712179181,11882.900390625
1569.79412263582,13879.5
1784.08389662207,13380.5
1227.71907680956,15135.400390625
1892.64128044278,14825.2998046875
1955.94474954095,18550.19921875
1238.02214552812,11631.099609375
1882.30936593843,15629.099609375
963.595590580792,9004.7001953125
1023.1389725198,9614.900390625
1947.58949529254,19543.5
1058.90006212092,9582.2998046875
906.057213501916,7020.10009765625
1112.13735433986,8516.0
1021.52060142564,7776.89990234375
1506.37927984732,14209.2001953125
1196.91289131744,13451.900390625
920.226118698603,7393.89990234375
1586.1481239499,10484.2998046875
1978.92158735039,22967.69921875
1166.58973352028,10530.099609375
1980.59486567388,12879.900390625
1265.70552411712,12202.599609375
1393.74394835525,11319.2001953125
1522.06815748276,10780.400390625
1101.435901931,8791.7001953125
1054.66897562536,11057.099609375
2055.28584911333,22949.80078125
978.523897284981,6986.39990234375
1828.00823222947,16110.7001953125
1841.29076991169,19421.5
1051.23254041028,9354.2001953125
1956.26015983196,17598.30078125
1571.27216288017,9210.2998046875
1928.22361527092,12133.2998046875
1028.7169010525,5251.39990234375
1477.83732147958,10327.2001953125
1637.24915741466,14018.7001953125
2049.67551083674,12296.0
1818.4850020906,12848.7001953125
1661.86652968263,14354.7998046875
2119.32126610433,14133.599609375
1157.91283205421,11598.5
1009.61553354541,8700.7001953125
1159.45290744406,8940.900390625
1537.64978225442,11039.2998046875
909.895596365381,7638.60009765625
2161.16569804486,19674.80078125
1729.74211151615,12315.900390625
1286.82375778236,13096.599609375
2213.58795759798,16738.19921875
1633.36344073281,12345.400390625
1126.27735806391,10480.5
1565.97500742078,13401.0
1284.52355695602,10077.2998046875
1025.99871476635,8076.60009765625
1676.60772858707,13196.0
1161.13899374194,12895.2001953125
1371.47021265286,12891.7001953125
1992.26994688358,19461.400390625
928.292748028527,5346.60009765625
969.007460941212,6114.2998046875
1966.11450395219,14106.900390625
1070.02462317933,11535.099609375
1842.04532666366,13491.7001953125
897.382205388575,5812.5
1760.29804032609,14866.0
1617.63279796349,13202.7001953125
2166.49091967421,18662.30078125
1852.06717681414,16609.099609375
2221.99132528061,18749.5
931.357751986355,5735.89990234375
1012.40043267206,9129.7001953125
1621.63155894103,11459.2001953125
1311.52265559165,11525.900390625
1292.85575685053,10524.400390625
1751.17397349335,21004.69921875
1062.63263997857,10979.599609375
1806.33803055497,14506.2998046875
1065.93353341251,6161.39990234375
1400.5959919053,10645.599609375
1013.56261713063,7386.39990234375
1187.32305971175,10447.599609375
947.682517706722,7289.2998046875
1353.89956514564,15846.400390625
1151.7672318219,12753.7001953125
1880.15250305154,18364.19921875
880.279494441266,6194.39990234375
995.790160496536,9397.0
1774.11550584295,18417.69921875
1475.41561195708,13055.099609375
1229.67713765922,8621.900390625
1675.36613468729,13992.7001953125
1462.77703695235,14419.2001953125
2119.85407783886,18794.80078125
1214.65004249171,9700.5
1143.04622637446,14255.7998046875
1202.67792764989,9919.599609375
1007.97110100771,7647.89990234375
1786.85242381625,13217.099609375
1624.54977237501,10532.2998046875
1125.32834284862,8787.900390625
1883.06670703266,13728.2998046875
1735.66006392542,15740.7001953125
2115.33319700107,16019.599609375
2008.00994504288,22148.30078125
1084.39806615831,8797.099609375
1071.98402051327,8665.599609375
1143.53838671202,11691.2998046875
2063.44508566676,13421.2001953125
1835.79514653614,20192.30078125
1073.98629671799,8489.7998046875
2018.74926450645,13940.5
1044.13959556805,9270.099609375
937.925736939225,8056.89990234375
1540.95813772561,12603.5
1219.28675196744,14979.900390625
984.15962876296,8213.5
1388.03582397856,11036.7998046875
1569.70546917832,10738.900390625
1389.89409400168,11550.2998046875
993.518137213844,8125.10009765625
1557.24186224109,10450.099609375
1154.86999146075,8106.2998046875
1208.38883636884,11526.400390625
2315.13358799671,10456.599609375
1461.67432604441,10960.7001953125
2249.74008022584,15025.400390625
987.627359985014,7230.89990234375
1168.35311315925,9515.7998046875
1615.92822363302,12865.2001953125
1880.26187201544,15474.5
1008.79081136853,7532.2998046875
1256.0745956197,11118.0
1600.69085493817,9095.099609375
1788.93121374622,15174.900390625
1632.67481720551,15030.0
1283.78370153117,8740.900390625
1542.46034606075,16770.30078125
1701.8633834743,17509.80078125
1826.10864256724,15512.0
2242.30945035454,28763.599609375
1184.41798837323,9070.599609375
1542.18491892457,12933.7998046875
987.64295230166,9160.7001953125
1456.64702903669,12038.400390625
1100.23417981236,9971.400390625
1003.05495494294,11052.7998046875
1587.7889925295,10547.2001953125
1135.63887360443,7851.5
938.4810461592,7386.7998046875
1064.11413280731,6706.7998046875
1750.88919096718,15384.0
998.900159425256,9902.099609375
1080.43672674072,10141.599609375
1553.17716803888,12655.0
2280.41417652123,16264.400390625
2031.78221374864,17135.19921875
1767.03147089595,14005.5
950.018692235043,7713.0
1384.27763017213,10492.7998046875
1577.46955187847,12602.900390625
2123.23404659294,23365.5
2075.71868908829,16167.0
1492.96843967385,14348.2998046875
1123.04985989189,10001.400390625
1826.54422507011,15251.7001953125
1843.43660680324,13155.7001953125
973.024709951344,7852.5
1091.4949090797,6189.10009765625
988.05715105599,9785.7998046875
2029.05645405155,17222.69921875
1373.88835821726,12266.900390625
1924.58548230267,16307.7998046875
852.990601463401,7097.7998046875
1005.93819703816,8536.0
1787.10112126675,17134.099609375
1501.10918819469,11806.400390625
1884.8983587438,13183.400390625
1127.90575279019,8692.7998046875
1769.84554992946,13632.2998046875
1938.34236053199,11897.7998046875
1938.69741985675,17367.5
1877.21580158497,20077.5
1879.86627266739,15570.400390625
979.640084409448,8208.099609375
1794.97824826258,14023.2998046875
1445.27833684908,10861.2001953125
1465.11855741781,10903.900390625
2214.7426800193,16662.900390625
1674.39952242893,14205.7998046875
955.063474912142,6929.2001953125
1129.3128479938,9118.0
1126.98948143986,10290.2998046875
1293.51152513918,10084.2998046875
1167.25753016749,10672.7001953125
1646.36798968396,12334.400390625
1856.38591440399,16037.2998046875
1900.33029727565,14330.7001953125
1491.93700792773,12596.2998046875
976.406237937084,11023.099609375
983.480249251959,9547.900390625
925.179296515407,6214.5
945.317386018916,7899.2001953125
1912.59565904409,16043.400390625
993.388498238302,7954.2001953125
1134.08420826114,8744.7001953125
1671.8227807295,5248.39990234375
1219.30702197908,10888.7998046875
889.295918602308,6857.7001953125
2130.01024465988,16836.30078125
2059.32269989296,23424.30078125
1571.66308453322,19612.5
1803.7363411489,11698.599609375
2064.58622049786,11048.099609375
2157.80800402885,14757.5
1873.7148810032,14039.400390625
1788.03131432837,17580.599609375
1121.62895435069,9359.7998046875
1005.25959714299,8521.2001953125
1132.3286247805,9968.900390625
1466.84963868657,11632.400390625
1452.16356975885,14551.7998046875
1086.40958637932,9163.2001953125
1125.31408701626,10887.5
1006.88409379011,9712.7998046875
1882.60606544946,16358.0
975.217657913903,10125.599609375
996.371865281119,8703.099609375
938.916517288383,7346.39990234375
999.076129855975,7779.5
2015.45527624131,18007.400390625
1600.77850603246,11777.2001953125
1399.13577145141,10346.7998046875
1713.18819442793,12168.599609375
1044.21087472986,8992.7998046875
990.863433931185,9658.400390625
1895.33362803277,16904.69921875
1309.6957929492,10499.2998046875
1659.67046325674,8693.599609375
1145.5940109144,10479.599609375
1940.19873720238,18794.80078125
1063.73345753377,8831.7001953125
2082.26857581648,15812.900390625
1851.99055171519,14338.2001953125
1093.06238239738,5374.2998046875
1298.33745851479,11648.7998046875
2134.01546531145,19862.099609375
1920.53459843806,15971.599609375
1989.44127789663,21353.900390625
1285.66469178712,10652.5
2235.23744376609,25958.900390625
953.730888707367,15746.0
1071.65479988466,8430.5
1661.36111587592,13261.099609375
1610.9988240991,11495.2001953125
1108.6950163192,9568.400390625
1791.97349747122,14146.2001953125
1049.98125699945,5525.7998046875
1755.74408150227,15474.599609375
907.064421470397,4593.60009765625
1873.61620391357,18334.400390625
1698.3086694001,9780.5
1332.97879703335,16215.900390625
1502.58399860201,9894.0
1714.4102979319,13889.5
1951.89252919206,15636.900390625
1247.50761998597,9131.400390625
2076.57158880882,15250.7998046875
1504.38591353783,10994.0
958.521182502066,7049.7001953125
2151.33763811555,25474.099609375
1925.40875662157,14594.2998046875
2024.50349759094,22760.5
1228.26258041836,10502.2998046875
1992.48556634806,15175.0
1718.06335497466,12830.400390625
1729.44418689452,14002.7001953125
1077.8264615605,9419.5
2014.2682554498,16169.2001953125
1780.5299621637,18479.0
2075.87594873903,15605.5
947.677840011728,9304.400390625
1123.15043033426,8143.89990234375
1623.64062894086,13011.7998046875
1958.94025631602,18792.0
2164.77309187459,15604.2001953125
1220.81669235148,13307.5
1566.04305674557,13622.599609375
1270.71856529248,11267.7998046875
1068.16601903514,8573.0
1945.21946316236,18091.5
1804.5032603805,13821.400390625
1905.57109764772,19428.400390625
1349.58717585613,9831.5
1047.92307120219,8890.7001953125
1815.7339605658,12603.5
1694.95498483695,16059.099609375
2138.06835390249,12331.2998046875
1324.29588138799,9826.5
1071.20496154943,8859.2998046875
1416.93061419726,10269.5
1530.79985480448,10999.7998046875
1645.29557241979,15522.7001953125
1355.74636367866,13322.7998046875
1643.00717720462,13586.099609375
1425.12136950506,11125.5
1934.75746418771,15933.0
981.712971533834,7531.2998046875
1100.60082200092,8656.0
2140.9700840303,21502.099609375
1100.64292125586,10567.7998046875
2240.50051887623,20119.5
989.214323698498,7076.2998046875
1088.90925748504,8277.5
1530.84618625966,12198.2998046875
928.170849524463,6811.0
928.341919512807,6414.39990234375
1176.19137073715,14032.599609375
1630.56573363177,12307.2001953125
1939.17409925136,11068.0
1729.46980284329,13127.5
1597.97010705715,10077.900390625
888.319394085511,8022.89990234375
1745.61887656717,12686.2998046875
956.961950837473,9137.5
1387.26712276791,11151.7001953125
1030.34206594176,6409.2998046875
1278.92669489596,10684.5
1892.61900570472,16242.7998046875
2124.29432412486,12669.5
1850.38888667458,13888.7998046875
935.325495391136,10980.0
1739.80283108455,12762.0
1081.40144564634,10732.400390625
1431.37255199579,10069.7001953125
1385.09377657485,8443.2998046875
1882.98629522824,18115.099609375
1140.10094913373,10779.0
1531.77782717925,9610.400390625
1737.76034897762,16499.80078125
1948.13255340658,15491.0
1091.75084582007,6944.7001953125
1208.6564673467,8841.0
1433.89149074994,9089.599609375
1722.82981479963,15849.2998046875
974.881866237564,8270.0
1062.88668336621,7678.7998046875
1947.75366011209,17296.0
1631.30525493554,14819.7998046875
1204.40254924462,8928.0
1956.4842436969,20122.099609375
2160.94139143254,16431.0
1542.55267485004,8958.0
1064.02436561291,8424.400390625
1293.89788047093,10613.2998046875
1552.73100503543,11409.5
1620.98436642654,16829.69921875
1014.62389702577,11614.5
1069.79753222475,8642.599609375
1389.53057027645,16465.5
964.36217569132,7538.5
1938.25860751686,16311.900390625
2152.43578270219,19040.900390625
1197.48279049085,11708.7001953125
1629.45121711265,12584.099609375
1318.22256268071,13475.7998046875
2052.20057514386,19243.0
999.374499972363,7754.5
2242.95074006345,38889.0
2061.89520939215,14235.400390625
1776.50235540037,14644.2998046875
2130.58582389149,15261.0
1166.65343927115,8573.5
907.872716027953,5575.60009765625
870.609362404844,7119.0
1541.14847536238,11478.7998046875
1778.93330893916,12428.7998046875
1834.14146998215,12825.5
1975.59596895719,12293.0
1805.1355288205,14607.599609375
965.818052571288,8634.7001953125
1821.33115674693,15394.2998046875
1494.18519724069,13528.099609375
1695.18029381248,16342.5
1099.45612321173,8244.900390625
1316.40962174955,10621.400390625
1251.0804879717,11121.7998046875
1385.20893697065,12537.7001953125
1577.93464840928,13425.2998046875
1047.04099157479,9076.0
1943.72393724864,10975.7001953125
1797.70567856502,15799.0
1817.35377951793,11802.599609375
1689.43730947071,11827.2998046875
1583.81907733776,10627.5
1602.67096777852,7591.39990234375
964.295908345574,7718.89990234375
1770.66815600623,15470.7998046875
1207.11973316756,8498.5
1069.5102994774,10017.5
1543.14507150889,10515.400390625
1871.40877737126,15721.7998046875
1777.76822876464,16274.0
1101.02671499274,7937.0
1678.25249524583,14084.099609375
1773.61265363112,11678.2998046875
1495.17274775283,14194.0
2109.23459646609,14457.5
1086.47730158304,11694.400390625
1591.24670011943,12322.5
978.995007995068,7577.0
1331.00714859347,8860.599609375
1534.57798450148,12883.7998046875
1063.61907675381,9245.0
1529.59234125394,11692.2998046875
946.156698149228,7344.5
1789.34106892663,14466.599609375
1058.75716967623,5663.10009765625
1766.22390026738,14322.599609375
1275.93330422102,9766.7998046875
1216.54606819585,11721.099609375
1638.80660710021,10755.400390625
1096.80309053443,13327.900390625
1936.46304088139,14245.099609375
1099.47862069718,7880.60009765625
1153.25975064599,8538.400390625
1432.29060532517,9249.7001953125
1709.75432080773,11737.2998046875
1204.81207030396,11283.900390625
1131.07266367467,9901.900390625
1582.13042944501,14156.900390625
1100.80329936994,9150.400390625
916.090145334581,6171.39990234375
1703.01710353241,12541.599609375
1574.64288761794,13059.2001953125
957.06597386424,10613.099609375
997.471680473109,8502.099609375
1999.93156578863,18974.900390625
1679.98034667758,9714.7998046875
1881.15397527497,15350.2001953125
1023.82358659424,7852.7001953125
1904.52218023222,16173.400390625
977.815337867114,7627.89990234375
986.64470991525,6094.89990234375
1311.85699941002,8912.599609375
1234.4053963084,29276.099609375
1647.66270883402,12844.400390625
1109.85753489885,9144.2998046875
1912.33326262968,13734.2001953125
1107.76014556259,8284.2001953125
1436.33992995811,14462.2998046875
1021.27958875977,11224.2001953125
1936.18148819224,21859.599609375
1611.0794586509,11139.599609375
1831.47384735141,18779.400390625
1790.02256453774,15453.099609375
1354.91172924334,13043.599609375
1000.56876005375,8664.599609375
1258.64320703973,10787.099609375
1980.39394753652,15542.900390625
2024.87526296926,22237.80078125
979.54207556196,9921.2001953125
1330.20102582288,12454.7001953125
1632.33379096572,11553.900390625
1696.52212403355,6552.60009765625
1142.30770743389,10135.900390625
1707.73467030733,11881.900390625
1533.29284348878,10332.900390625
1254.3392821507,8348.099609375
1036.39901271656,8414.599609375
2177.18568966165,18550.599609375
1524.02866855361,33636.30078125
1924.34023743657,15448.2001953125
1017.16254892311,10004.400390625
1423.43561732825,11190.599609375
2118.82164372952,21077.400390625
1565.11397742086,12000.900390625
1782.84653492253,16695.400390625
1236.19918096483,10413.099609375
1512.32930787941,12057.2998046875
1409.63697396506,13402.0
1230.6906382412,9723.7001953125
1025.3175532763,9197.099609375
1011.96952786418,10648.599609375
1100.7979534328,7832.10009765625
1519.7059215109,10985.400390625
1522.13865702874,12476.7001953125
1678.60432473358,14317.599609375
1372.47313273426,8275.599609375
1893.41733231699,13425.900390625
1338.60662097931,11500.2998046875
1810.93264077576,10928.2001953125
925.181078494452,8240.7998046875
1642.4696877751,13031.400390625
893.956183613549,6169.60009765625
992.947569798294,8115.89990234375
1797.02785828569,18243.900390625
1951.3162817183,17526.69921875
1864.8022014347,16811.0
2269.48619002624,21485.0
992.236226038169,6984.0
1675.99116383741,15791.400390625
1947.70175997239,15545.2001953125
1014.4450308791,10359.400390625
1000.81790299901,9599.400390625
1063.80473669558,7470.60009765625
1299.79656523177,9508.599609375
1026.92244815393,8292.599609375
998.123216561528,5823.10009765625
2089.24435553649,10810.900390625
1116.09624353626,10520.2998046875
2121.59462587131,18359.19921875
1644.96980437558,12048.2001953125
1837.51865439397,13038.7998046875
1821.93279742208,9874.900390625
1433.19941463824,12021.900390625
1762.97891642598,18132.099609375
1411.93617242819,13716.2998046875
1360.94439655365,12404.400390625
1695.36172155402,14367.2001953125
1558.78906554713,17704.69921875
1396.08825316297,9477.0
2165.67009557649,23696.19921875
946.719803527526,7512.60009765625
1906.97730186181,13581.599609375
1690.10666534959,13321.599609375
1680.57407982072,10931.900390625
1103.74712875269,12560.2998046875
1097.75076926543,11744.7001953125
1077.97147010531,7219.2998046875
1797.89746405977,19537.400390625
1017.88569829441,5747.60009765625
1965.31506360301,18475.400390625
1776.90820112793,12153.7001953125
2214.43395214972,15547.599609375
978.09588819305,7530.60009765625
2001.03772928097,14512.099609375
1968.01943955156,19914.80078125
901.015660661837,5982.10009765625
1371.95457683209,14018.599609375
1180.2510531233,8596.2998046875
1660.08098667929,11198.2001953125
997.796668901486,7961.7998046875
2084.66422389544,19173.900390625
883.019064475955,5902.7001953125
1232.29341701871,11840.099609375
2094.68072810878,19535.30078125
1962.33203068127,14873.900390625
1514.06172563246,8910.2998046875
1060.34346514757,14349.2001953125
978.100454514354,7368.2001953125
1982.42562639549,19056.400390625
1582.44227577793,8461.099609375
1148.37679394094,11118.2998046875
967.070783840097,9057.2998046875
993.085895921681,6600.60009765625
2046.58756389871,15976.400390625
1955.40057769001,16611.69921875
917.072349909584,6056.7001953125
1289.86203205451,8472.2998046875
2306.15040888223,19604.19921875
1661.34942163843,12690.599609375
1903.05449774107,16538.900390625
960.842432955883,7654.2001953125
1603.47252422781,11160.2998046875
1726.51071526497,13223.400390625
1828.37821562874,18245.80078125
1587.39795950276,12312.099609375
1061.81961203918,8630.400390625
1003.34441516411,8307.2998046875
1746.83374078127,17259.900390625
1115.90735375746,11749.900390625
2244.39147012153,29838.900390625
2091.8420354897,20358.30078125
1115.07483542226,14624.7998046875
958.967011384449,9259.7001953125
1129.32498772604,7969.2998046875
1487.73866529712,11307.7998046875
1493.93883863768,10967.400390625
1137.12860808626,10880.2998046875
1125.93922754007,10015.900390625
1934.96907419933,14169.7001953125
1048.29728680169,7982.2998046875
1063.55704160829,8129.5
1366.49069495829,15218.7998046875
2057.77816955549,17106.69921875
1197.85667196928,10524.099609375
2002.0403152413,14266.7998046875
1856.1681788394,28268.80078125
1086.89562116391,8794.900390625
1407.55606793497,12049.7001953125
1805.84119252241,9711.2998046875
993.888454734185,8044.2001953125
1017.58376421993,9881.900390625
1886.6186367646,19732.80078125
1733.79399774397,10650.7998046875
1883.30816519329,16941.19921875
994.379612708532,8221.599609375
1598.62342512461,15401.2998046875
1131.92979559544,10173.900390625
2072.38393805249,16735.19921875
1346.45445669459,10616.7998046875
1844.19004981831,13591.2001953125
1956.55374087967,20969.099609375
2108.44050205405,18690.80078125
997.379685804898,6879.39990234375
1710.96116611613,13318.2001953125
1302.80777569717,11102.900390625
1255.92279327978,10447.2998046875
1014.30314079762,12088.0
1068.92792645067,8487.400390625
1761.7004578347,13074.599609375
1775.80058977761,12905.400390625
927.962747784085,7283.89990234375
1843.73352906165,14722.900390625
994.666511334817,9532.2998046875
1994.41411316978,14834.7998046875
2295.23311426152,17848.30078125
1386.72395328019,8602.2001953125
1604.21382751063,10674.599609375
1980.58528753651,13432.7998046875
1096.96669848552,10817.7998046875
1887.49603869701,16384.900390625
1001.00534491984,7174.2998046875
1729.90750144628,12405.2998046875
1724.51233713941,13527.7001953125
974.629938950042,9820.099609375
1854.87624403159,14140.7998046875
986.568864432136,7821.2001953125
1784.01874301323,11973.400390625
984.448977610432,7676.2001953125
1014.90366773587,8044.2001953125
1428.616832776,11077.900390625
1017.89705841082,7648.60009765625
1924.16203953204,18441.400390625
2019.47720294644,16331.400390625
959.57856431804,7697.39990234375
1504.00991595928,12851.400390625
900.205584125236,5965.7998046875
1703.45257466159,9184.2998046875
1748.25297571712,14593.2998046875
1857.86139305345,12574.2001953125
1289.90045597768,11300.900390625
1641.75979187295,10633.2001953125
1421.68393192677,12852.7998046875
2098.82204740994,19360.30078125
972.369609904834,8860.0
1895.33295979063,15663.599609375
1983.0012056271,20282.900390625
1815.3655363982,12640.7998046875
1603.95221071205,9278.400390625
962.398434783456,7004.39990234375
1612.95978066471,6596.2998046875
962.540993107076,6056.2998046875
1864.52276484566,15415.900390625
1683.05637663075,12470.400390625
1296.26924908539,11586.7998046875
1832.6635411115,15038.7998046875
1118.02646096334,13874.7001953125
1983.06246115678,13615.099609375
875.845206647701,7178.39990234375
1633.1136295454,12439.2001953125
1011.85191724719,9579.2998046875
1968.27960849216,15223.2998046875
1147.51398196197,10222.2998046875
928.283114204314,8875.7001953125
1886.83559271336,15231.599609375
1015.93766107688,6835.2998046875
1169.43800427673,10682.7998046875
1294.98444219377,12643.400390625
1354.29806020963,13552.7001953125
960.906918322583,7336.2998046875
962.044155074522,7978.2001953125
1444.97651414829,9116.2998046875
1222.73231982512,12318.5
1097.74542332829,8407.7998046875
2073.31435386149,18412.80078125
997.503421974852,9609.599609375
1098.25328735619,9501.2998046875
1549.99455346407,12193.900390625
909.874602424754,7466.2998046875
1013.22014303287,9486.900390625
1790.85619660985,12194.0
1663.12783672559,11557.7998046875
1194.05960874493,10725.400390625
1159.50380522054,11732.900390625
1583.66192906071,12438.599609375
1400.99582345358,11743.0
1490.60798568104,10669.2001953125
949.774561105844,6178.39990234375
1396.14137841325,9791.900390625
1177.27013630167,11068.0
1429.94841661757,12170.599609375
1056.44271301752,10945.0
991.155678494606,5746.60009765625
1392.87501082331,8327.0
1503.8715898359,11676.599609375
1232.83614101168,9649.5
1715.08321776886,11401.400390625
1207.91984175887,10638.900390625
1737.40495553179,15935.0
946.92796095475,7519.0
1255.63444679552,16206.2001953125
1949.75526807466,15138.900390625
1930.21408586447,24520.0
1030.13502225144,8928.7998046875
1457.51986464779,14634.900390625
1126.99059517677,8860.099609375
2030.08086925519,19386.5
1042.61667172651,7847.5
1017.4159240686,8707.2001953125
1028.19054899201,9323.900390625
1675.14906736484,14626.7001953125
1042.94711746571,10662.099609375
1131.68533034517,8888.7998046875
1314.99361665072,11904.5
1209.62809142112,10136.099609375
2193.65964044021,14722.0
1088.73462353861,9879.599609375
1075.24548766084,12848.5
1373.28359907878,11820.2998046875
1092.11470366638,3977.89990234375
1206.56665142139,7110.10009765625
2290.70376902326,17676.900390625
2076.20984706264,17644.599609375
1134.99624741124,12718.0
913.855153803923,8459.599609375
1003.05462082187,8439.5
1918.84505955578,14107.599609375
1539.70830217275,10679.0
1260.07369071831,9122.099609375
950.861122828684,7439.0
1161.94946008645,9772.0
1111.58215649357,9915.7998046875
954.183845505931,8669.900390625
1495.80601855603,13359.400390625
1877.25723259777,15810.400390625
1296.27181068027,10240.2001953125
1281.8983677013,12507.7998046875
2362.84897264919,34301.8984375
1887.94843862712,18870.400390625
1675.30376542071,15296.099609375
1569.34829375344,12610.0
1991.41370595234,13676.400390625
932.729151922209,5985.5
916.309996999289,6629.2001953125
1020.46422197288,9990.7001953125
1276.43448582749,10664.099609375
1639.56116385218,11500.2001953125
1659.68928541041,12815.5
938.826081851837,7142.5
1988.2912331703,19280.900390625
2280.18519221392,33005.3984375
1617.08394841756,13555.0
1705.08843142513,17845.900390625
1323.96376504343,13015.7001953125
1752.65335022198,11646.7998046875
1816.56046472173,14661.0
1123.79728872768,8617.099609375
1680.11221312693,14773.5
1506.82833856673,15302.5
1871.08512542717,14176.900390625
1038.84778604581,10320.900390625
1021.78177272946,12331.0
997.750003325239,8325.900390625
2009.07668224885,15779.5
1049.78278908328,7570.89990234375
1798.25530772679,14274.7001953125
1170.91816062119,11722.0
1846.96425707069,15917.400390625
1284.68426919116,11776.400390625
1478.63564809185,11838.099609375
1451.95329623151,11574.5
1281.59966346384,11133.2001953125
924.759473389715,7213.2998046875
1079.57280102485,8451.900390625
1542.80393389542,13759.400390625
1855.40304158684,17225.599609375
1546.07030148536,7890.89990234375
1216.24201802126,10899.0
917.184948710506,7791.2001953125
2021.9488078822,17118.19921875
1814.23397970446,11469.599609375
1532.28780730726,10653.7001953125
1016.21241997092,7787.2998046875
851.379692406496,6391.89990234375
1065.37254413433,12472.900390625
1680.84037431429,15776.099609375
1840.59401610499,10853.0
2136.03377932758,16871.900390625
2123.41202175008,17713.0
1925.94090011396,18025.400390625
989.380827365538,9767.0
1552.6184062345,11280.7998046875
2110.96846207711,14717.400390625
2034.4645377065,16555.5
886.923380564095,5965.89990234375
2310.73900492375,23035.0
1096.21503744949,12536.2001953125
1084.9911310593,7798.89990234375
1671.83102238259,11620.7001953125
1815.04333231208,15808.2001953125
2237.95228884153,19637.30078125
1490.3735440629,14105.0
1410.63421398826,13227.400390625
1368.94871230383,14134.400390625
1511.01598932306,12796.099609375
1959.25967605988,18615.0
1271.1857779234,8745.400390625
1333.2603497225,9334.7998046875
1410.16555349936,10223.900390625
1337.08514499574,11978.900390625
1507.26135947472,14257.099609375
2010.30045635817,21497.19921875
1962.62895293968,14863.0
1727.93373690629,12257.900390625
907.69023023635,6141.2998046875
1084.08120800932,8264.2998046875
1338.39211525174,13474.2998046875
1776.61172436427,16179.400390625
1699.37830232201,6100.5
2183.88548537702,17182.0
1855.12004103972,16505.30078125
1787.67425027718,20156.80078125
1859.50872130709,16006.7998046875
1822.47986498897,14020.2001953125
1573.79789542942,16024.400390625
1058.03402030493,8345.7998046875
1122.9080811841,9912.2998046875
1800.51875523533,16376.900390625
1711.4935323559,16740.5
2223.55122518735,14805.2998046875
1914.85899517894,14635.7001953125
1404.09724660815,10724.7001953125
1964.27550157749,16883.400390625
1069.59483210836,9821.5
2203.24668770364,21841.0
1424.78279348646,9102.7998046875
1144.81929552448,10932.7001953125
2087.96845854009,16072.2998046875
997.232895281046,6927.7998046875
963.797956576118,7156.7998046875
1260.71342119555,6900.5
1773.5552961806,15855.599609375
2246.78912292691,20923.0
1003.886805036,9185.2001953125
1398.37419815695,10392.2998046875
942.759577846842,7304.2001953125
1743.29584413431,15154.0
1051.39548011923,11453.2998046875
1393.21180486286,10678.900390625
935.40824604305,6577.5
1944.10839922765,17986.80078125
1690.3921161179,11312.7001953125
1046.07449069012,11603.7001953125
1829.21039984287,16321.7001953125
1269.26803434965,9410.0
1078.51285761399,11260.400390625
1499.94343977803,9348.7998046875
1016.74133362628,10740.2998046875
1681.42731366232,13733.400390625
1180.69409766342,9752.5
2211.01789831997,21054.0
1892.42031504117,18288.30078125
989.705481672845,7565.7998046875
1391.31511091658,11335.2001953125
1012.27814436008,10027.0
979.037441371083,7205.5
1155.05386942348,8817.2001953125
1028.33410967884,8873.900390625
2083.11924806321,16496.30078125
1418.11139806212,13063.400390625
1103.74289655246,9197.5
1846.48379097061,14225.5
981.977038553602,8771.7998046875
988.142686050162,12113.2001953125
2115.18172878222,19614.19921875
2022.59967572848,16514.0
1423.84402465069,10833.2998046875
1830.46346523276,12147.7998046875
1958.38249687485,8018.2998046875
1599.41206222583,12711.7998046875
1891.99553578626,13732.0
2061.1576928148,16184.099609375
1490.50073281725,26840.30078125
1254.0617389144,10496.2998046875
1636.39492120985,14343.900390625
1540.61109730655,10715.5
1613.2270775215,14287.2998046875
1916.99425156991,14196.5
1855.35671013167,15638.7998046875
1330.61088100328,10535.900390625
2153.10046088607,28638.0
1015.34025260196,8788.0
1401.80595567703,12389.7998046875
1593.28316804708,19935.30078125
1808.21835256878,15239.2001953125
1558.34178880677,14092.7001953125
926.082035962361,6344.0
1767.80551804373,12934.5
1535.62968625925,14995.2998046875
1037.38444712859,9937.2001953125
1489.3763040397,12480.900390625
1609.20838065339,19642.5
1001.06203412821,9466.7001953125
1104.99384584222,9603.2001953125
1957.40819983186,11739.0
2130.7515479427,15202.7998046875
2093.62267805066,21902.80078125
1133.34758267331,8399.7998046875
1443.17704943366,12368.7998046875
1909.96367599426,15705.900390625
1994.02742371696,15129.7001953125
2102.76022109994,15438.5
922.071135252577,6578.39990234375
1072.83803397071,9051.2998046875
1382.54131433992,13322.400390625
961.993591419113,7780.0
1728.5738015046,14321.5
857.926683418739,6497.0
959.740390290087,7626.39990234375
1172.54577573164,8895.2998046875
1344.68250128147,11569.7998046875
1704.49146844497,13820.900390625
1901.44158395774,16215.900390625
1198.82283873288,12463.2998046875
1127.72788900674,10151.5
987.91815669046,6444.7998046875
1068.85920888374,9008.2998046875
1710.55699099393,14175.7001953125
1598.01042433305,12613.7001953125
1018.54536466222,7371.0
1020.78386446412,11312.0
1131.45868488535,10650.7998046875
1368.86752088358,12808.7998046875
1029.23077925967,6981.5
1875.97376219043,16907.599609375
2082.22759029844,15380.2998046875
2166.09932977901,18085.19921875
1146.77769049521,8651.2001953125
1996.29454655728,13632.900390625
1713.44168094712,16764.80078125
1995.61405330937,18175.099609375
1066.0222982437,9250.7998046875
1085.91731466807,10401.099609375
1483.61984348141,13032.7998046875
1961.55686979658,14233.0
1762.80205500574,15380.099609375
1288.2098033585,9247.2001953125
880.568175046596,6099.7998046875
2053.61078881079,17319.30078125
2029.85812187453,20296.19921875
1815.54830062403,14015.7998046875
1186.7663026338,12530.400390625
1466.01990469363,16933.599609375
1643.47940165161,9427.2001953125
998.709042172653,8500.5
1455.7753071625,7042.60009765625
1839.65702924826,17639.599609375
1142.75398181104,5957.7998046875
2038.51141211826,17902.19921875
1714.33088849069,11260.2998046875
962.951850650696,7832.0
961.383040848735,8741.099609375
1759.08028039605,10032.7998046875
2108.83565590733,13783.599609375
977.758760032427,8278.2998046875
1906.04799978971,9006.7001953125
1915.88630609853,15570.7998046875
1166.07786003953,8256.599609375
954.41127058158,6839.2001953125
1013.38620120515,7886.7998046875
1950.82623748086,14606.2998046875
1058.28561347138,8516.7001953125
933.847176712567,8057.7001953125
1451.67174354236,18706.900390625
1755.12217081548,15074.2001953125
1951.90923524561,16128.2998046875
1045.53276906037,11072.5
1920.46955620291,15689.2998046875
1734.9704380349,15518.900390625
1601.34762559004,11015.7001953125
955.361065412698,8779.2998046875
1527.20304147534,10071.0
1231.92666345646,10056.099609375
1759.58736480811,13336.099609375
1026.82198908526,9848.7001953125
1611.56950288835,10191.2998046875
978.941548623711,8608.5
1450.35697712804,13670.099609375
1316.84264265755,11955.2001953125
1026.24061842174,8447.099609375
1878.32107408778,16282.2998046875
1837.28131705988,13550.400390625
976.943281871845,7523.60009765625
2163.91350973263,14683.2001953125
1113.07690279147,12086.2998046875
1688.54988390618,13575.099609375
1011.10805236949,7653.10009765625
1903.72853131494,14612.7998046875
1775.05137896278,12837.599609375
1951.05210332484,16757.599609375
1875.76393415785,15139.2998046875
1300.71138872413,13812.2001953125
1892.46219154873,13007.2998046875
1721.39465342606,17653.19921875
1844.7531551966,15945.400390625
1931.43897371069,14924.599609375
1677.64884984425,11890.2001953125
1424.12980954007,10879.7998046875
1652.66906758796,13839.0
1036.3894345792,7988.7998046875
1882.47263976845,13305.0
1938.72192206863,16148.099609375
1359.73086882383,11734.599609375
923.975736730877,5849.60009765625
1088.88252779937,10670.599609375
1553.78705036712,13364.2001953125
898.488424567758,8267.7001953125
1778.32810430592,9678.2998046875
1842.63516172764,12629.2001953125
1069.72235498378,8050.89990234375
1777.26036473674,12946.099609375
2084.51164193969,14813.2998046875
1840.94584559274,14695.0
1024.03853781658,10914.2998046875
1058.05607229561,7321.0
1937.25602155653,10459.099609375
1501.64311366612,12610.7998046875
1260.18640089292,9847.7998046875
2103.47368096018,15675.5
1043.24326010829,8202.2998046875
1563.48057087851,19315.599609375
1702.20986702491,10854.7998046875
1820.59664725921,14431.2001953125
1302.2581465354,10108.2998046875
941.593495309108,6391.7001953125
899.204780143948,6731.39990234375
2218.06852115988,17734.599609375
965.990570417606,7278.7001953125
1042.98943946803,6096.2998046875
1479.67910819653,10456.2998046875
1748.16955682306,19457.400390625
1793.99960764567,14507.099609375
2043.502735424,14083.2001953125
1530.59381347737,13956.7001953125
986.518969018869,7706.89990234375
1219.63780183936,8719.5
1187.40859470592,10985.2998046875
972.333970323929,7799.0
2165.35045308525,17027.599609375
1749.25801189864,12385.7998046875
1910.23565054604,14251.0
1088.37822772956,12265.7998046875
1727.3325417259,11678.2998046875
1516.485217134,13151.099609375
1022.9051991438,10189.7998046875
1059.47920531062,9130.5
1677.77280876159,10359.099609375
971.347533548694,7686.2998046875
1816.1969409965,15571.400390625
1722.96814092301,14975.099609375
1843.69187530147,15718.0
1012.31846163598,6260.2998046875
1642.43081835717,11085.2001953125
1275.67636511743,9381.0
1065.45306731244,11277.2998046875
1578.30385219272,10551.599609375
1752.23358278313,14833.7998046875
1631.84731068637,14146.5
1123.88560806411,12127.599609375
1593.88258124842,10763.2001953125
1863.89985179566,13314.2998046875
1021.81952841048,7684.7998046875
1459.40842831469,9087.2998046875
1670.22902322091,13458.099609375
2188.98662314142,14375.5
1959.29709761983,18117.69921875
1073.70797386586,12841.7998046875
1492.74279657725,12982.400390625
1667.67867708609,13360.599609375
2214.72508297623,15536.5
1484.20076865016,9962.0
2011.44738262117,16650.80078125
1820.45943487273,17801.19921875
1258.33804312823,10007.5
2020.12272485558,17922.5
1956.37353824872,16633.599609375
2108.59219302027,17337.900390625
1935.55534530522,13535.900390625
1437.47148665184,14341.2001953125
956.832534609312,8311.7998046875
1828.19077370792,14936.2998046875
2196.18180903138,16504.099609375
1052.84957502016,8279.2998046875
1129.86592973997,9311.5
1241.22748033576,5129.7998046875
968.519532803884,7742.2998046875
1208.9708752745,9724.099609375
1948.04100423313,17291.80078125
1356.01154443533,12712.099609375
1752.91351916258,14834.7001953125
1004.67945159007,9330.7998046875
1553.08060704936,10666.400390625
1803.66862594519,14849.099609375
1834.55065692041,14824.5
952.342392910047,7380.5
941.638044785239,7390.7998046875
1935.005159275,13676.7001953125
1652.49799759961,11857.400390625
1261.90556517682,15634.5
2130.61789951431,16364.5
1886.88526537925,15462.599609375
1327.06262660312,9974.0
1890.98158970951,12345.2001953125
1231.25162751938,11921.0
929.837389739687,7276.2998046875
2518.6309172691,13527.2998046875
2045.08780578475,15090.599609375
1767.32694529639,15261.2998046875
1683.23958635134,15249.5
1677.84586990244,10336.7001953125
2004.17891284298,16711.30078125
1041.59737971262,8774.0
1334.94431992026,11849.7998046875
1194.4445162187,9892.5
1987.58066902601,17298.599609375
1568.25415861966,11302.7001953125
1923.74394269855,20060.30078125
1654.67947407207,17410.5
1966.16194914427,22587.0
1960.56118900505,16135.2998046875
2215.18216060134,16903.19921875
1152.61901780553,9939.900390625
2306.30610930131,23152.599609375
1961.18911387112,13855.400390625
958.731121908334,9088.0
1080.20607182805,9499.2001953125
1121.81706451365,16550.400390625
1312.54729354267,11576.0
958.230385796619,6943.7998046875
1449.2001386066,9922.0
1033.50931094731,11692.7998046875
1034.48449897982,9353.7998046875
1616.11778165396,13489.5
1866.43093028205,16320.599609375
1266.46108323231,9111.2998046875
1055.97973258683,6766.39990234375
897.047527449139,5970.10009765625
1003.22713866819,7654.0
918.70926472318,9564.0
1494.6502937715,9227.2998046875
1905.85443231592,14536.900390625
2037.29810713583,14910.0
1030.51736813034,8619.400390625
1233.91111987073,11187.599609375
1537.87965755125,11726.400390625
2034.03953570421,16532.5
1681.77012188115,15727.2001953125
1908.10083964984,14882.900390625
966.289163281375,8237.5
1812.4844104031,17050.80078125
2020.90813211977,17075.599609375
1015.51176808506,11294.7998046875
1217.3999702796,13328.5
1763.04763399291,13799.599609375
1866.22243873376,13613.5
1173.72332975948,10857.2998046875
1526.74228851845,12989.099609375
938.129328045144,7215.2998046875
1036.82312372933,12002.0
1080.74389537864,8694.7001953125
1832.1004357332,13453.2998046875
1254.15440182475,11432.599609375
962.832903549425,9282.2998046875
1099.20419592421,9040.900390625
944.376501083025,5977.89990234375
1722.76889339102,6056.39990234375
1689.73133601318,13356.400390625
1084.87207258434,10957.0
1237.45046437566,7836.7998046875
1003.83802335964,9576.7998046875
1908.98247378247,16006.0
1054.4347567546,10772.099609375
1642.73375479487,12853.2001953125
1741.92761834863,13968.900390625
1402.19509535103,12044.0
1216.62414115277,8340.2998046875
1066.31665890724,5598.5
965.881090080013,6803.2001953125
988.805582254994,8558.2998046875
1907.22766991766,16789.900390625
1013.83314382444,9531.599609375
1782.51686879916,12487.0
1124.54571992669,10965.0
1729.25986343703,15339.2998046875
1006.13354649099,5624.7998046875
2107.5889388178,14906.099609375
1834.18212137912,16128.5
1742.56913080492,11897.099609375
1872.91922735949,19634.19921875
1846.69907631402,15480.7998046875
929.080048645456,7876.7998046875
1097.12885857863,10658.900390625
1310.59146016682,13289.400390625
1037.89698885148,8083.5
1704.78582910851,15380.7998046875
1915.8417566224,14418.2001953125
1793.59331642335,11067.0
2033.21247467983,12618.2001953125
1982.64414157591,17167.900390625
1971.31543254313,18251.400390625
1787.14923470097,12623.0
1825.57583083271,15649.400390625
1534.38798098578,11290.2001953125
896.125186232687,7072.60009765625
2076.48182161442,20660.69921875
1571.28073865432,13365.5
1939.16429836661,13225.2998046875
2010.97048047918,19001.900390625
1703.09116703648,12076.7001953125
1373.88913783309,13224.5
1084.8299733294,9080.7998046875
1423.36756800346,10668.7001953125
1229.22518322387,13886.400390625
1381.79221489877,12055.900390625
883.333082595835,7126.60009765625
1701.32878976073,13012.2001953125
1270.85332745777,12528.5
1486.29414853356,13813.7998046875
1286.44742608275,11862.2001953125
1003.76451672402,9319.5
1516.39322246579,13934.7001953125
940.087277521111,8265.900390625
1709.87727736186,8336.099609375
1861.1690802825,16697.69921875
2059.37660475908,15602.900390625
1267.28290969324,9519.2001953125
2099.88700263685,9872.7001953125
1276.75089848172,12280.599609375
1018.83437938862,9959.2001953125
1283.09552349863,9282.900390625
1797.93555386186,13390.5
1802.96786268564,10280.900390625
1960.86189796894,16208.099609375
1577.62280207636,11675.0
1685.21468737562,12497.7998046875
1683.63095349915,10048.2001953125
1528.92554696995,16644.900390625
961.736986436597,7354.89990234375
917.163564961963,7890.2001953125
995.204334885411,7713.0
973.429553315686,14476.2998046875
997.307738400946,7009.39990234375
1871.17288789515,13840.7001953125
2266.9867416679,20690.5
1414.60657940119,11011.7998046875
1985.71382322873,16592.69921875
1502.36514930052,11573.400390625
1633.85671480727,12300.400390625
1096.38287760082,8360.099609375
1000.67501055432,7648.5
2142.67053753423,17876.19921875
1023.84675232183,7326.39990234375
1413.40274118243,10683.400390625
2094.70099812042,15192.5
2083.28185365109,14613.7001953125
1824.34804727053,17655.599609375
1793.2899344909,14942.7001953125
1941.52898455965,14059.900390625
1588.54521988683,12344.099609375
1791.2482319998,16600.19921875
1008.3143547213,7655.2001953125
2056.59382173254,15969.599609375
1956.57623836511,17546.80078125
1984.16171948032,19891.30078125
1436.73519518509,11220.7001953125
1393.22004651595,10516.0
1587.67416625478,17392.30078125
885.763702013554,8236.2998046875
1171.81627806,10862.2001953125
2203.58637745915,20603.400390625
1827.15154580347,14843.400390625
862.742314727988,9725.5
1407.80120142739,9375.2001953125
2156.3911079405,19600.69921875
904.720005288992,6253.2998046875
2229.73580621127,27466.80078125
1299.69109434703,9551.7001953125
1002.70000699187,7770.89990234375
1370.55282756563,12470.0
1694.87267967979,18051.19921875
2004.88034434467,16507.099609375
1864.91123627753,18717.69921875
2154.39529140982,22584.400390625
1819.00968354573,13446.2001953125
1821.96453892382,20000.69921875
979.163961883296,10074.099609375
1959.11355377817,17838.80078125
1911.08565455063,12956.7001953125
1883.77504370315,14384.7998046875
1938.27397708613,15115.0
1869.891867709,15147.5
2185.42333329307,24763.5
1222.69423002303,10675.2998046875
1971.25506800297,20771.099609375
1888.53560072253,13701.099609375
1928.72680160383,14608.0
1789.09058949708,12622.7998046875
1267.96652140447,11424.0
1007.1663147214,8249.0
2154.63073539117,14246.0
1119.66265184794,7779.0
1701.24715284572,12279.099609375
1957.63985710775,17243.30078125
1330.37499152717,15323.7998046875
972.297328379811,7076.10009765625
1913.08748526058,20425.5
1974.1322959189,15292.400390625
1362.05857895169,13680.0
1064.75954334277,8331.900390625
916.751259560369,7458.5
1791.57143844914,13816.5
1822.85764454656,8250.099609375
1764.73372029079,10370.2998046875
1158.53195839874,8344.0
1658.61586578302,10004.099609375
1776.11243611053,11031.2998046875
1625.5562564145,12663.0
1692.47948182202,11217.2998046875
1012.5496734171,9492.5
1066.36544058361,6233.5
974.71402608624,8105.5
1059.98138928031,8633.599609375
1041.68937438084,7693.7998046875
969.63505168621,7234.10009765625
1077.85140926714,7975.5
1908.35098495831,12375.0
1312.41720907237,11418.2998046875
1192.27473398373,9269.0
1550.2440305304,15767.0
2105.9595417283,28321.0
951.875068905431,11145.099609375
1032.18853035371,7811.7998046875
1226.56613636728,9423.099609375
988.229668902308,5336.0
940.07658564684,6783.89990234375
1945.89750618908,17848.0
1469.71183115431,11415.599609375
1810.68672766752,14364.5
1769.30884011577,11859.599609375
1084.82429327119,7588.0
1704.58914317139,15991.0
1942.17829317427,21665.0
1898.10571918504,17886.80078125
1634.02021138467,17512.0
1735.73668902436,12474.2998046875
935.628765949899,5884.0
1528.20273171972,11636.099609375
2374.34451947009,17906.5
1231.58842155894,9387.2998046875
910.583440276847,6944.2998046875
1143.47924728245,7956.89990234375
2023.9604394769,17011.0
1177.97580000359,12428.400390625
1189.91439136461,11916.0
1832.7037470137,15415.099609375
2083.22750329021,17820.0
1897.91571566934,14782.0
2124.75808417139,10773.900390625
1321.13754627767,7999.60009765625
1024.54461986543,9185.5
1169.19777122669,9837.7998046875
1079.88175164182,9698.5
970.667819916622,8130.5
1741.82816164316,15571.099609375
1936.67220067183,16147.599609375
1965.01858683936,20733.5
922.328853971997,7730.0
1059.46784519421,9178.5
991.941085758799,7381.5
2087.80050701507,16121.2998046875
1808.05474461768,14706.0
848.372045899187,5383.2998046875
956.98478244399,7554.60009765625
1245.27658222132,11497.900390625
1836.88426985386,16526.400390625
1230.33112396882,11339.0
1503.44536272301,14851.400390625
1732.25080389078,11722.5
1195.42070661443,10384.599609375
2079.22517835458,21587.0
2070.50060894904,13899.2998046875
1591.64118573057,12391.5
1027.44813197228,10932.2998046875
1451.43050812911,11249.599609375
1857.68286102786,15211.5
1291.35176653634,11984.0
1060.31885156201,11482.2998046875
2112.6348352318,23136.5
1025.55277451028,7832.5
2023.89161053628,12753.2998046875
1180.12341887418,9340.5
1537.59197930914,12062.099609375
1898.93389394632,15704.5
1163.44988644255,12810.7998046875
1112.44285237243,12486.599609375
1412.51030380184,12208.099609375
875.542270210008,6121.2001953125
1474.70994825517,10051.2001953125
1778.31886028962,14830.5
1776.64313174495,13730.400390625
1465.25755178333,14044.900390625
1024.02383648945,6994.7001953125
1342.41181448306,15108.7001953125
1047.35395164461,10301.7001953125
1733.73407869857,16186.7998046875
1526.17706704003,14705.2001953125
1302.11670194869,5818.5
1396.28861443187,11519.400390625
1683.83443323138,12915.7998046875
1368.53172920724,13012.400390625
1866.13189192352,13968.7001953125
1723.75109796602,11277.400390625
1435.01881524344,11256.599609375
1472.45819498411,9440.7998046875
961.818957472679,8217.5
1695.6463927065,13261.7998046875
1771.72943590136,13159.5
1934.78308013648,14658.2001953125
1072.44555308599,11275.7001953125
1348.03217639177,10101.7001953125
1487.10004855678,10036.2001953125
1205.53700165431,8872.0
955.259047112358,7247.7001953125
1794.83279422301,13790.2998046875
1528.62550624821,10646.7001953125
974.276772978012,8220.900390625
1992.58892113268,16112.7998046875
1268.42838809826,13841.7001953125
1094.63765187338,7962.39990234375
1997.55039628942,12887.099609375
1907.9596178105,12547.7998046875
2137.15018919943,21852.69921875
1783.20927903193,11565.7001953125
2037.63178271205,20614.19921875
1907.32389678611,12286.2998046875
896.13125609881,4720.7001953125
1670.71260778431,14885.2998046875
953.839255308056,10653.2001953125
1792.62993400201,15229.5
1477.87685913964,11691.0
1344.49962568195,12691.2998046875
963.146531861389,8993.900390625
1150.44711947045,7684.2998046875
1273.55581005358,10850.400390625
1748.22624603144,17344.69921875
1247.98585861224,11161.900390625
1162.64298405613,18205.69921875
996.604970414976,8354.0
1878.15713201562,17188.80078125
1062.71739535691,8913.0
1875.48772740584,18716.19921875
1763.96613281705,12433.2998046875
1138.45863269616,9478.900390625
1003.29552211405,8075.2001953125
1578.54764920084,10310.2998046875
1719.55342357756,14900.400390625
1050.55115617286,10234.7998046875
958.352562734909,8758.599609375
1025.7056905871,6764.2001953125
1254.50790191785,11300.2001953125
1430.75665548828,11614.7001953125
1796.10657511929,13579.2001953125
1454.13120874587,12693.5
1878.42932931478,15194.2001953125
1006.45530508235,7755.2001953125
1211.88942282955,11752.7001953125
1100.0495222338,8983.0
2044.3790236195,16388.80078125
1159.88448049408,10794.2998046875
1789.97367148769,13654.2001953125
2065.50082124283,18975.400390625
1971.36956015662,16961.099609375
1303.88620714062,11678.7001953125
1211.95357407517,10477.0
1995.32180874595,12862.2998046875
1188.76924708066,10711.0
1943.27599226614,17639.80078125
1636.01212983619,9797.900390625
1973.31258555809,16121.2001953125
1544.85888985566,14337.2001953125
1811.68931362785,18456.69921875
1582.69888076044,9434.2998046875
1104.04895145348,9254.7001953125
2015.74150662546,20114.69921875
1853.65492014345,14795.7001953125
1275.95368560635,9081.0
1773.70242082552,14015.2001953125
1335.93187043239,10992.900390625
2220.55794588609,47957.30078125
2014.22147849986,12215.2001953125
2002.90412958348,14188.7001953125
1443.79617577819,11097.7001953125
1606.33972851161,16863.0
1905.42029767102,13858.7998046875
1492.57963412092,27708.900390625
1160.55194302022,12524.7001953125
1832.85877919064,14296.2001953125
1418.41544823672,11945.2001953125
931.933721025886,13969.5
1312.67637564976,13949.900390625
1160.85209511565,7948.2998046875
1822.19719856292,20820.19921875
1052.51311510168,8757.2001953125
1430.56564960936,13996.099609375
1587.59720703476,13388.7998046875
1633.84279309598,13253.2001953125
1029.50208556931,7338.0
1885.03312090909,17858.5
1049.14305860604,10375.7001953125
2177.17633427166,21237.69921875
1805.64406109053,20065.80078125
1249.97922492173,9193.2001953125
964.07026524897,9438.0
1081.82667039601,10801.0
1833.95224608228,14918.900390625
1016.30185304425,9877.2001953125
968.883390650186,10229.099609375
1479.18093367969,16073.599609375
1627.12718231658,13851.7998046875
2065.78771986912,16617.30078125
1857.20529064373,20019.80078125
2007.01448699873,15002.2998046875
1713.64582892149,13344.0
1121.20662531696,8938.5
872.018907829636,6602.89990234375
1996.10409754682,14583.099609375
2216.08740595633,17073.400390625
1469.1914932731,13821.2998046875
1596.65923872199,9723.7998046875
2283.18203547326,14946.400390625
1171.36788758273,7814.7001953125
1237.04450727442,11023.900390625
2199.54885843737,14581.7998046875
2102.37709560521,19008.099609375
995.668651800388,7517.89990234375
1863.35066812865,16606.099609375
2194.40072097565,14987.7998046875
1184.452959712,11344.7998046875
1829.29092302098,13216.900390625
1164.63735272883,7096.2998046875
1859.17292963076,13296.5
1343.38767075771,8026.10009765625
1042.39927028299,8237.900390625
986.3527994729,8158.10009765625
1703.44934482457,10849.7001953125
1660.76916471183,12687.400390625
1834.68430534881,8305.2998046875
1812.30086656144,17790.5
1733.77684619566,13321.2998046875
2360.71705746893,23877.0
1139.48828246324,8366.900390625
1057.32690874503,9872.2998046875
1022.46928251986,9589.599609375
1053.25586624247,7935.60009765625
1251.77111622542,11240.2998046875
1095.8868191841,10699.2998046875
1931.71384397842,12515.7998046875
1008.62686929636,9293.7001953125
1986.82822837416,12036.599609375
1691.24635232271,13926.900390625
1380.80956482901,11573.2998046875
2160.56940330685,14576.599609375
2057.42956990476,22345.5
961.379811011715,10284.900390625
1279.48801829522,11827.2998046875
1805.96091923952,16032.7998046875
1431.75957556968,13550.2998046875
982.048651836482,8513.900390625
1898.73475778801,13909.900390625
1021.4047727877,8923.099609375
1819.01781382512,17715.80078125
1871.17778833752,16745.900390625
1653.10453871714,12094.2001953125
1413.49607233493,13912.099609375
1229.37420122152,10690.0
1622.69796202592,11246.599609375
1046.96614845489,8385.2998046875
958.448121361211,7085.7998046875
1662.71508582924,12554.900390625
1075.88945033832,11300.400390625
997.218973569755,9002.7998046875
1453.81267999154,10436.5
1831.38653037819,13570.900390625
1919.18118535319,15191.7998046875
1285.75134051819,10683.900390625
1006.03798786469,8036.2998046875
1451.92979638285,12277.2001953125
2080.63160531604,31137.099609375
1536.93131057811,14364.0
1887.00398973314,18284.80078125
2080.25382575845,16341.7998046875
1098.59899129096,7857.7998046875
953.970342141572,6165.0
2198.35983291943,17488.19921875
1813.17047233552,13593.0
1358.63606544791,9191.599609375
1785.33696201195,12022.599609375
1956.17885703802,18027.099609375
1067.84559692807,8682.7001953125
1196.69871971094,10189.400390625
1047.76480918823,8608.7998046875
1659.28266006702,16086.099609375
2077.69067164924,12752.0
2121.33423418332,17499.900390625
1967.53696872506,11567.2998046875
1624.33092307351,18716.80078125
967.792819474494,8457.2998046875
1533.60001212671,12742.900390625
1093.95871785714,10424.400390625
1100.15499311854,8692.2998046875
1045.63211439214,8511.099609375
1016.87631853896,8435.0
1574.38739637233,13666.400390625
1756.88878029146,13711.2001953125
1232.28016354956,9541.0
1110.48768723872,8211.900390625
1619.22844882482,14218.5
1776.07423493475,11369.0
1232.64769672765,9998.7001953125
1068.74972854615,10767.599609375
1189.34025999097,13124.5
958.764979510194,10589.900390625
1938.01091242957,19226.19921875
1608.57934205042,10954.400390625
1273.19551616537,12731.400390625
1048.22957159797,9823.7998046875
1637.27165490011,14435.5
1910.96470272293,16338.900390625
1901.12394619293,16951.30078125
1184.4678837865,9669.7001953125
1869.19734137611,19368.400390625
1434.23764017948,12633.7998046875
2044.19302955666,19329.900390625
1012.16799578034,6532.2998046875
1718.1054542296,9990.400390625
1926.09370481709,19495.0
1342.72410631074,9044.2001953125
1895.87067196753,16893.900390625
1904.87924428341,12446.5
1794.41480876321,16042.5
904.687261424036,7242.39990234375
1678.45742283603,12995.5
1035.35410475391,8720.2001953125
1146.35959366172,13333.400390625
1528.3642235707,9929.2001953125
2014.63311565931,21691.0
1018.30657947015,9444.900390625
1670.30954639902,6408.7998046875
990.616741207109,7218.89990234375
1221.97497873089,11325.400390625
1771.38629356146,12204.7998046875
991.117143197753,9622.7998046875
1200.04282613673,5062.89990234375
970.603668670993,7738.60009765625
1940.37983082285,19218.5
1987.68781051611,13246.099609375
1886.98683818483,14838.0
2208.9978023248,18077.900390625
2041.66217381764,19731.0
985.663173582388,7651.10009765625
1207.97085090904,7732.0
1844.2695706332,13368.900390625
985.779447715091,8215.2001953125
1016.89168810823,8554.900390625
1903.61225718224,20857.5
1601.38905660284,15481.400390625
1104.24251892727,9174.900390625
1011.56178878389,8878.5
1069.56843654375,10177.900390625
1209.14651158415,10500.5
1113.79815881003,8469.599609375
1151.81534525613,7457.5
1896.76299797444,20381.900390625
1181.69200592876,10948.7001953125
1826.89739104214,12963.900390625
1516.82234529462,15474.7001953125
2108.03599281078,19119.0
1547.30276274253,14308.400390625
1997.80232357694,17146.5
942.033198638523,7297.0
926.301219384927,7161.39990234375
1853.3366141365,17996.69921875
941.238435984342,7843.5
1163.10128679183,6533.39990234375
1897.39426405122,18006.80078125
1506.64791318839,12532.400390625
1925.76270220944,12494.7998046875
912.004401504897,7925.2998046875
1665.9443659803,16663.69921875
1067.77186754507,10332.900390625
1055.42019116662,8326.7998046875
1787.56621779756,37486.1015625
1813.45659134597,12095.5
1707.58565230967,11879.099609375
1280.64385445344,12028.400390625
971.501786109798,5740.10009765625
1174.50172048119,8270.0
1216.92028379535,13618.900390625
1107.62360141825,8626.5
1466.53133267962,11331.7001953125
1066.31198121225,8965.0
1776.79526820593,13490.7998046875
1491.37746650752,11042.0
2185.03998505096,16425.900390625
1704.98574488265,11992.400390625
1589.56206167953,6317.7998046875
1922.35266255897,14216.2998046875
1291.71629262478,9451.2001953125
1516.37440031212,12710.400390625
1571.07046512698,12306.2998046875
1118.47273534048,13573.900390625
1035.61739215784,9665.599609375
1975.34805112252,16943.0
2023.54546110674,15000.900390625
986.128270113198,7862.89990234375
1428.58442303212,12026.2998046875
1823.58758771297,16324.5
1132.05887770253,10702.7001953125
1134.30272344156,8198.5
1949.84191680574,16754.900390625
1430.04464348601,13700.7998046875
1708.55081671005,14613.5
974.434923618277,8152.89990234375
1166.88119846787,9673.7998046875
986.759536189978,7475.0
1032.66365051665,9360.599609375
1651.42914429354,11058.2001953125
1510.0989383569,10197.0
970.034549113417,8219.2998046875
1051.77325967683,8078.7998046875
1504.65644023164,10316.2998046875
2125.47466249496,18168.5
1322.37346011924,10768.2001953125
1302.13596959711,9886.099609375
988.937114583272,8218.900390625
1018.94664406847,8946.2998046875
1883.55853324915,14300.099609375
1287.80774433641,10613.5
1871.03211155058,14552.400390625
935.932816124495,7531.2998046875
1018.89396431295,7835.2998046875
1701.60611024965,13120.2998046875
1922.04616216319,15867.0
1138.20815326661,11351.0
1845.1320484911,13791.2001953125
2156.46550556564,20468.5
1515.90462608632,11943.7001953125
1034.75101622078,10428.400390625
980.419922989125,9727.2998046875
926.076690025225,6857.5
1569.6907678512,12234.400390625
951.030076716912,6769.7998046875
1162.18289934138,11967.0
1333.72010031617,11391.599609375
1682.99333912202,12002.2001953125
1293.8026559657,11001.900390625
2011.39280951291,18454.30078125
1860.34402398455,29067.400390625
1554.3929232425,13042.5
1157.91895760717,9509.2001953125
941.004328487272,6140.0
1417.19724281191,14577.2998046875
986.08127041588,8563.0
2087.06677714319,16886.30078125
1219.76577020954,8590.5
1858.58064434559,14677.599609375
2184.84886779836,18473.5
1720.70747775674,12018.7001953125
890.777801238967,5841.39990234375
916.749811702394,8798.2998046875
1939.59085960056,15704.7998046875
987.094102755723,10085.2001953125
1975.32666737398,17539.099609375
2027.87010150218,16634.900390625
1404.96072682926,11818.099609375
1082.34622866139,10003.900390625
994.766636282421,9927.2998046875
1008.93336969215,8355.5
1990.65591936335,14174.5
1031.59368347367,8844.400390625
928.332341375439,7055.2001953125
1710.6874095853,11539.5
1059.19408866338,12023.7001953125
1894.73065087334,20556.400390625
1418.36978502368,16602.80078125
955.615888416169,9471.7998046875
928.932868313688,7158.0
1143.54228479118,8454.7001953125
2004.16688448442,14617.7998046875
984.277907622088,8417.0
1860.15157024767,14751.900390625
997.201153779302,8262.7998046875
1657.80116723827,9975.0
1905.41807019721,15656.599609375
959.985635156189,7574.7001953125
1156.59884525571,9855.0
1742.98221582234,12316.2001953125
1904.09450526136,11558.7998046875
1204.3832815962,7120.39990234375
1014.73939154264,8446.7998046875
1109.81766311771,10408.0
1912.60300970766,16116.7001953125
1015.48214268344,9412.5
1035.98915753616,9609.7998046875
1102.74031059212,9494.0
2344.84808857623,18443.900390625
1641.72949822918,11164.5
1652.87967523637,15021.599609375
2011.95235093311,16104.5
2241.9920353371,15049.400390625
1174.17773441602,17606.80078125
1492.78311385315,15007.0
1224.07882774119,9712.7998046875
1480.29957102535,11313.400390625
1530.04496393144,11250.7998046875
1183.1874204688,13784.599609375
1928.55528612072,18373.69921875
1551.86139926134,12110.0
1891.2143607223,15877.2001953125
1291.58765601245,10528.900390625
951.869054726153,8550.7998046875
2001.83360567205,20303.80078125
1412.29112037927,9639.7998046875
1944.45944909956,20120.0
2167.9949099884,19155.69921875
1989.31832134251,14174.7001953125
915.148870590774,6427.39990234375
1356.97559509881,10637.099609375
1772.14318916093,13865.5
1952.07540479158,16746.400390625
1748.62719131662,15278.099609375
1981.1875964538,16494.30078125
1006.68562587395,8033.89990234375
1848.46468342679,15106.0
1244.8980230479,9798.2998046875
1401.08960010084,11785.2998046875
1256.85799815746,11318.7001953125
970.037778950436,7597.60009765625
1090.374489755,8255.2998046875
1800.66955521203,14397.900390625
958.337638660405,6313.5
2000.19351670828,17684.30078125
1802.79044439695,17478.30078125
1036.22827684929,9817.0
1548.41572002997,14089.7001953125
1752.6162627831,16353.400390625
1843.92386669842,9663.7001953125
1163.65971447513,8549.599609375
1685.11890600193,13748.400390625
1924.99489198831,13477.0
1157.93065184466,9603.400390625
1806.36253276684,15770.0
1168.45936365982,11547.099609375
1004.58857065876,7693.2001953125
2056.49247167434,16872.099609375
1491.02753037251,11458.400390625
2186.73821108108,21024.80078125
1790.84116116165,14184.7998046875
1830.12956690915,16184.2998046875
1060.36451477504,8016.2998046875
1903.91385713564,15470.7998046875
922.6731100488,6709.0
1974.49203293866,22651.80078125
1596.37278559047,15099.900390625
1497.50357634401,10840.7001953125
1830.6852102502,13845.900390625
2049.81717817084,13378.2001953125
2027.69747228217,17993.099609375
1891.27249778865,15395.7998046875
1199.15005463506,8087.39990234375
2228.27569713106,19826.5
2191.19850463134,19871.80078125
1151.16414328878,10294.2998046875
1128.61932402413,11984.400390625
1962.07052525638,15661.900390625
1703.64436015634,12787.900390625
1401.88436275502,11125.7001953125
1634.89772469077,16840.099609375
959.192320359982,8157.39990234375
950.790957403777,7382.5
1081.2418471481,10219.400390625
1807.24683986804,14083.2998046875
883.989185005558,6464.89990234375
1847.69520260031,17742.30078125
1602.06832474015,13177.7998046875
1701.98277607033,14473.5
1856.71457816414,14647.400390625
950.71043422567,5353.60009765625
1017.49867472052,8472.2998046875
1624.94035990699,11682.0
996.691507772361,7556.2998046875
1947.19211396545,14623.2998046875
2036.74970308465,15405.400390625
2008.81562231872,14308.2001953125
1825.15572927279,17020.80078125
1661.50233771526,10715.400390625
2160.70661569333,16403.5
1869.27151625387,14043.7998046875
1937.01434064852,19043.30078125
1750.64862379607,14246.0
1747.40831764967,14668.2998046875
1835.51715780508,10397.0
1114.03872598114,10761.7001953125
1676.91467447761,11473.7998046875
1815.19903273116,15051.2998046875
1279.45494030919,10519.400390625
1266.15280085748,8150.10009765625
2004.69724599777,17589.900390625
1501.73288086053,12492.7998046875
1048.25774914162,8149.2998046875
1689.94728959873,13186.5
1016.74088813152,8128.7001953125
1347.63123110659,11137.400390625
1279.16124788779,11857.7001953125
2228.67953813219,20462.400390625
957.6295247373,7784.39990234375
1898.81561508719,15082.2998046875
1930.53194637666,15441.099609375
2132.83401320445,15611.2998046875
1326.67092533424,14166.0
2341.81939244145,18270.19921875
1293.56387077364,11566.900390625
1014.55662731681,7445.5
1843.36076132012,13689.099609375
1105.25290104592,10330.599609375
1874.6406191172,12010.900390625
1651.16752749496,11272.5
1198.97608893077,12861.5
1150.91756193839,12130.2001953125
1744.28874058358,15218.900390625
965.407417775048,8013.2998046875
1108.13324742519,9001.7001953125
2186.25596300196,21987.5
1300.73210423053,12404.099609375
1043.72651055063,9709.599609375
1752.45766664807,30680.0
1061.49039141057,8784.099609375
1674.89068040328,12542.599609375
1682.8058972012,13173.7998046875
2284.69025798769,16668.19921875
998.445309273956,7183.5
1540.80666950676,12774.7998046875
980.583865061288,8308.599609375
889.763855162221,6512.89990234375
1026.32659891068,10199.7998046875
1661.41034304704,7948.5
1648.61963158132,14331.400390625
1048.82542084122,9591.7998046875
1834.6383080147,13462.099609375
1065.30304695157,7989.89990234375
1124.94733345401,9996.0
1278.10486843503,9806.5
1837.97918460347,16084.7001953125
1376.9002369248,13241.2998046875
1079.48615229377,8768.7001953125
1926.59510917095,19969.30078125
1040.9908385951,8242.099609375
1432.36544844507,14772.599609375
1286.27591059964,11690.0
1899.0918218392,15086.099609375
2296.48695926723,19781.69921875
1360.96121398088,13421.599609375
1159.7369103544,9850.099609375
1621.74204164184,12033.900390625
1170.29090399726,10576.7998046875
1072.62664670647,7900.60009765625
1009.81400146157,6928.89990234375
2073.00228478119,16627.80078125
1213.61538090856,11500.900390625
1194.51869109646,7433.0
1073.55828762606,6439.2998046875
977.197770754245,7537.10009765625
966.480614655049,7721.10009765625
1484.83760341145,12562.0
1109.91277624925,8275.0
1663.68916012485,16901.69921875
2094.42991455816,17454.400390625
1207.87284206156,9548.7998046875
1031.15643036544,8485.5
1981.65157924771,16515.0
1155.04284342814,8455.7001953125
1859.09663865288,13890.7998046875
1047.45017851305,9221.5
1847.38803396238,15175.7998046875
857.97446273189,6127.10009765625
1854.63389488144,14046.599609375
1928.93039270975,14290.400390625
1355.1897179744,16778.5
1632.66345708909,9288.099609375
1593.32838576535,14133.900390625
1052.60544389096,8934.7998046875
995.698611323086,8358.5
2150.9525078944,20897.400390625
2025.64218220086,13448.7001953125
935.58822592662,9380.0
1015.68139021543,9508.7998046875
1097.95358075551,8478.599609375
1018.80486536068,9166.099609375
1212.43248094359,10032.7001953125
1598.43876754605,15258.599609375
1253.61334843714,9976.5
1577.08208280982,13547.900390625
1449.6388395728,13165.7998046875
975.06396222125,9635.7001953125
955.104460430182,7826.0
2151.79092903519,14420.2998046875
1236.60046037108,11964.099609375
1713.99298071424,15421.099609375
1611.99639824337,14696.900390625
1847.43581327554,14351.7998046875
1604.23732735929,11650.0
957.651576727985,7149.5
1947.4529511482,17078.30078125
1408.42210975096,11203.0
2244.43000541838,15365.2998046875
917.181050631344,7369.39990234375
1927.60014535247,12746.400390625
1996.99686904849,12997.7998046875
1466.35914895437,11612.099609375
1492.41246221174,14214.099609375
1476.33043544944,10118.2998046875
1099.0833554702,9531.900390625
941.042418289364,6108.5
1636.44370288621,13144.099609375
998.101387318223,8758.400390625
1932.94407776179,14061.599609375
1905.87403408542,16057.2998046875
1788.49507437489,14479.2001953125
1124.20714390809,8901.0
993.102936096301,8974.2998046875
932.443367032827,8833.0
1863.13215294823,15370.900390625
1893.93009678726,15442.099609375
1999.50990499705,19419.80078125
1499.94633549398,9683.5
1155.49290451076,9468.7998046875
1150.58611383598,9863.0
1851.08241064426,12088.599609375
1249.89257619066,9818.400390625
960.608548206194,6249.2998046875
2145.90260202755,14014.0
955.917376995887,6454.60009765625
876.777181688366,6347.60009765625
1087.58424469121,9478.599609375
1068.9183483133,7453.7998046875
2005.28552183008,16546.400390625
1848.52994840932,13163.2998046875
2028.21224147887,15786.0
1604.52311224867,11441.2998046875
1893.48036982571,21998.80078125
1691.65230942396,26237.900390625
2228.02978402282,22343.900390625
1173.74827746612,9525.099609375
1946.8829406011,15899.7998046875
1128.730140846,8528.900390625
1085.69278530837,8466.2998046875
1973.82690926002,16514.19921875
965.143684876351,6998.10009765625
1039.07977744276,7798.2998046875
1423.71182408027,10024.5
1025.68040875939,8862.400390625
1978.75697703608,16740.80078125
1598.56640179517,11998.5
1613.26015550752,16437.30078125
1838.45497300855,11489.0
1080.15194421455,8904.900390625
1050.49446696448,6543.60009765625
2027.8226563101,22538.400390625
958.711520138836,8955.599609375
971.711057273925,8509.400390625
2104.24995558176,16931.69921875
1905.75130027868,15092.599609375
1876.75605099129,14036.599609375
1715.34338670947,15142.099609375
2272.20148059644,18337.30078125
938.609014529387,6831.39990234375
894.830411395779,7827.0
1947.3585062588,14309.7998046875
1412.22797149685,13576.2998046875
1120.23010080017,8921.0
1516.32160918291,12248.599609375
1307.37498799014,7593.7998046875
1756.0109328643,13014.2998046875
1520.09227684265,11618.599609375
1938.0140308929,14868.900390625
1105.38365375837,6451.7998046875
1878.9703827024,8771.7001953125
1073.53333991943,9153.599609375
1230.17430981284,11205.7998046875
2205.89470856488,18524.30078125
2032.51059768339,17274.0
1851.1037943928,15358.099609375
2069.82145218542,16281.7998046875
1844.23136945742,18763.30078125
1040.10519500961,10098.5
1805.17328450152,16853.599609375
1892.33344356272,15271.900390625
1291.71451064574,13287.7998046875
1912.25775126764,19887.69921875
1639.77823117463,10622.7998046875
1942.86970104382,16957.5
1397.40903375657,9439.2998046875
1055.30725824463,9210.5
909.827881161662,7214.2998046875
1477.70901898832,28072.0
1339.53035436689,10167.7998046875
1425.39401229898,12667.5
1065.4327973008,10845.900390625
1031.88704177399,8790.599609375
1206.43333711407,11627.599609375
1332.98414297048,12254.400390625
1294.60309867809,9434.2998046875
992.810691532881,8903.099609375
889.640230365957,5910.60009765625
2193.99398425857,16333.7998046875
1781.89996992843,11723.2998046875
1938.09399720256,20627.0
1041.28943145887,9107.7998046875
1762.3972116414,15003.2001953125
917.325056812939,7867.7001953125
1882.76354784759,13894.0
2018.06632103736,17885.80078125
1983.32663955024,17885.5
1044.65737185439,12816.2001953125
1023.81077861986,8884.400390625
947.020957986173,8987.599609375
1600.95169212092,13683.0
1117.94025772702,9173.5
1492.13269150163,11747.0
1602.61182834895,6916.7001953125
1964.02357428997,10396.0
1203.20828916324,13981.7998046875
1483.84147712516,9812.5
1750.86212716043,14191.5
1880.52293194557,14828.2001953125
954.18351138486,4233.7001953125
1201.82302320294,10287.0
1388.30958050939,13345.7998046875
1952.10814865653,12318.0
1894.08401522729,15543.7001953125
1808.0868202405,11916.0
1546.67116254468,15367.400390625
1088.284562456,14194.900390625
1733.70879687087,16080.099609375
965.760249626007,9615.599609375
1222.25619729897,11296.0
1010.2374442322,8107.0
984.592983792027,7947.5
1880.63519662542,15150.099609375
979.519689450204,7896.7001953125
2229.42084141502,21103.0
1647.47560103427,11749.7001953125
2021.54786259702,17861.19921875
937.004899267593,6843.0
1832.75542440602,14203.2001953125
2244.1281827176,11172.5
1114.033380044,11012.900390625
1628.48582996489,14946.099609375
1463.80490474039,11627.599609375
1123.96791322127,9340.599609375
1116.88243041629,10423.599609375
1032.03138207666,9728.0
1827.31682435992,15061.599609375
1997.45461491573,15423.599609375
2100.87176880673,17070.19921875
1344.88063507656,11801.7001953125
1512.42553474785,14919.0
1832.60150596598,14888.5
1745.71220771966,14797.0
2027.77699309706,19366.19921875
1034.81126938725,8597.0
1774.95871605242,15401.400390625
1703.55915928324,10899.900390625
1324.83080922264,9685.099609375
1917.97300356051,17564.69921875
1366.73092800833,13132.0
1428.92444690869,10294.7998046875
1180.35084394983,12812.5
1012.66238359171,7701.60009765625
1947.75299186995,18212.099609375
1598.58199411181,12886.099609375
1575.8525172686,13523.0
1025.2025042542,9744.0
1637.21496569173,12919.2001953125
1253.26519428117,12247.5
1320.90978708095,13944.7998046875
915.155274577968,6001.7001953125
1940.94360444329,15287.7001953125
1394.4538442574,10585.5
1019.40427856203,9943.0
1782.12227181432,15653.7001953125
950.928169790262,8099.0
1096.46919221082,9155.900390625
1956.67825666545,17405.599609375
1479.88191968662,12602.599609375
2281.37109926853,14447.5
2201.6961431869,15281.599609375
1360.08693051181,7808.7001953125
1230.61367902118,11322.7001953125
953.221242700425,7850.2001953125
1020.53516701362,8509.0
1228.94897647185,9362.2998046875
1327.21799290113,20788.0
1898.38148044229,15766.0
1249.51802647008,16019.900390625
1015.9109313912,11398.099609375
1937.24399319797,14284.5
1259.44364975212,10385.7998046875
2259.90471144732,18607.599609375
1889.03500034996,14610.900390625
1001.38991827254,7470.2001953125
1789.82899706395,15643.2998046875
1251.28753166202,10831.2998046875
1672.9201457003,11968.5
899.917571762047,7220.0
1790.19686436311,14337.099609375
2021.28568892999,12955.0
1386.56435478194,10950.7998046875
1517.89364882189,11371.7001953125
1464.08434132942,11248.7998046875
1271.34726977438,9160.7001953125
1633.1585131426,11979.7998046875
1887.63926526277,17039.19921875
1605.18066251637,12431.099609375
1558.60229186845,11703.7001953125
1933.99076770349,20386.400390625
947.300394575206,5572.7998046875
1074.24613153753,9238.7998046875
1662.12313466514,12318.5
912.321927896023,7202.5
1088.99880193207,9355.7998046875
1607.61529138694,8997.599609375
1016.09659133298,9325.2998046875
1179.57635130729,9895.099609375
1029.8338677928,8554.7001953125
1816.60969189285,16313.7001953125
1632.89656222295,11056.7998046875
2041.31112394573,14947.599609375
2180.19567501645,14570.2001953125
1162.33859976046,7318.39990234375
1834.39027880634,17422.19921875
1996.29454655728,14066.7998046875
1751.08988635715,12935.7998046875
1813.33441440768,12131.2001953125
974.677272768431,7843.60009765625
1373.6955703593,10338.400390625
1159.84705893413,10089.2001953125
1936.36837324461,19693.80078125
1250.49844906604,11528.5
1466.19242253995,11303.2998046875
1212.85480997731,10878.599609375
1250.63532733146,10247.2001953125
1793.2265628611,10760.7001953125
1239.70533611004,18996.80078125
1461.23740705725,30269.80078125
912.437088291822,7557.7998046875
972.668314142294,8907.0
1999.80326329737,18933.0
2050.60280818241,17753.30078125
2127.48874431085,17414.400390625
1883.06826626433,19869.099609375
1083.99678675206,9422.0
1830.10606706049,15031.7998046875
1568.93275851482,11921.7998046875
2069.82256592232,17945.19921875
1178.2808525414,24570.69921875
1644.22282103455,13405.2998046875
1861.43893873417,17336.30078125
1059.69983659116,7900.7001953125
1135.72084464051,18359.69921875
1775.31767345635,14001.2001953125
1335.88052716115,6610.2998046875
1536.78797263866,12255.2998046875
1580.75763733802,10859.7998046875
1833.53203314867,14211.0
1147.37676957548,8173.7001953125
1265.41862549084,11119.7001953125
1458.06481611457,9810.2001953125
1375.09408978875,10772.7998046875
1511.53231775142,10682.099609375
1817.24229445391,15556.2001953125
1124.99901084632,16009.400390625
2027.30989183983,19086.80078125
1408.34648701523,10417.7998046875
1852.46132830421,16470.80078125
1888.4910512464,16133.2001953125
1858.14940541664,13917.2998046875
2105.39175865501,18915.30078125
1141.93315771332,9155.0
1651.1048241073,15507.7998046875
1946.32874511803,17979.19921875
2034.32910729906,14678.5
2163.23747143234,23794.900390625
1079.56778920878,12400.7998046875
2336.94968920555,21223.80078125
1066.98133709112,8733.599609375
2272.57146399571,18465.30078125
1987.08082390382,23976.30078125
1671.07791348859,15735.400390625
1050.58245217984,7740.5
990.094621346851,8559.900390625
1380.64885259386,11753.7998046875
2274.0961698163,16301.5
1798.90639832045,13907.7998046875
1222.99750058179,8513.5
1837.23821544172,14412.099609375
2066.12740962462,14617.7998046875
1061.25260858172,9653.400390625
970.417674608145,7397.7998046875
1329.6111907589,11909.599609375
981.213237785332,7539.89990234375
1399.71135068303,12676.5
1880.11485874421,18938.5
1947.05490157897,15192.400390625
1589.258345626,14103.7998046875
982.029384188056,10613.0
2235.98988441795,13066.2998046875
1016.56024000581,9851.599609375
1474.1959586743,12054.400390625
976.592231999931,8001.5
971.439416843215,7421.0
1938.71345766816,16277.400390625
2149.37501094459,30884.80078125
1777.46061463195,9267.400390625
1404.91974131122,24497.900390625
1166.13098528982,11029.2998046875
1274.68914872636,12526.5
1069.43723833654,8029.89990234375
1738.87330626507,13349.0
1170.95446844424,10452.2998046875
2125.54393693034,15802.7998046875
983.036202348621,8441.400390625
956.359641920179,8383.5
1979.60943126185,14950.2998046875
1496.01384186218,9280.5
1213.63709877817,13158.5
1107.38882567903,9053.7001953125
1614.85402438981,12656.5
1002.37746878468,11195.400390625
1837.4445908899,15922.900390625
920.410330782406,8620.5
978.445824328061,8284.5
1084.73196448191,9892.0
1048.7623833325,10866.7998046875
960.055466460025,6749.10009765625
983.661008751362,8142.7998046875
1053.10896434493,11624.400390625
1107.96329117375,8863.0
1820.47224284712,12361.5
1694.40401919089,10136.900390625
1750.65719957023,13918.2998046875
1044.60112814077,13663.2998046875
2193.36182719227,13189.5
1826.14149780589,18906.5
1664.48926871616,14687.900390625
1300.39954239121,7421.0
1192.84463315714,13211.900390625
1878.80465865119,15528.2998046875
1811.11830071754,16564.5
1008.45791540814,11270.900390625
1589.81577094609,9318.7998046875
1338.86678991992,11976.099609375
1481.79331496003,12231.2998046875
1547.60748115926,12986.2998046875
1012.47627815517,8717.400390625
1949.69245331332,15571.5
1000.98217919225,6895.7998046875
1783.76425413083,13866.2998046875
1213.17200224736,8113.89990234375
1103.43673027774,7286.39990234375
994.663615618868,6513.5
1053.29785412373,9319.400390625
1870.2337849383,11270.2998046875
1818.54558937813,18817.5
1416.98017548946,11553.2998046875
977.155671499301,8039.5
929.401862923659,6922.60009765625
1532.44528970539,15981.400390625
1879.02272833685,14918.0
1177.12223204091,14780.400390625
1435.55986863105,10136.0
2211.59236381469,24092.0
1868.63846819804,14856.599609375
1296.55436573263,11840.0
1906.87439257194,18448.5
1077.78302582127,8635.2998046875
1203.04401297,10740.900390625
1578.46489854893,12925.900390625
1045.02089557962,7200.2001953125
1550.46365944773,13812.0
933.568853860437,6279.2001953125
2112.97519322944,16587.0
2060.39300105701,16800.5
2081.63842347661,16979.900390625
1054.59090266844,9798.5
1829.85258054131,13763.900390625
1465.17702860523,13191.099609375
1966.75289794515,22023.80078125
1649.02558868257,10483.0
1463.20549153904,15139.2998046875
1079.73963881296,8820.2001953125
936.836613621507,6570.10009765625
1189.72550158581,9871.900390625
1592.3847164872,18450.0
1202.75633472789,10008.7998046875
1982.71074304273,17634.69921875
1878.70598156156,14792.0
963.180389463249,8639.5
948.435181105959,7275.39990234375
994.59979849431,11050.5
1507.74962173312,12990.0
1650.62157366497,11771.0
1211.31094788198,11845.400390625
1818.2512287146,16251.099609375
1828.32007856239,16195.5
1378.89828092929,16402.5
2228.72119189238,16048.400390625
2067.74678308199,30990.69921875
1236.97924229188,10126.5
1756.38381197952,13305.0
1787.29112478245,14292.900390625
1119.69973928682,10268.2998046875
1534.24119046193,12586.0
1206.00711000118,11816.2998046875
918.09804591066,5909.7001953125
1153.43728030837,8892.900390625
1864.9518876745,15356.400390625
1702.56448085492,13085.5
1358.54696649564,11604.0
2069.9011957477,14621.2998046875
1492.40277270068,15280.0
1063.09372705653,9830.7001953125
2145.36622633493,14180.5
1661.32413981073,13175.0
1876.67875765021,15173.400390625
1921.13089317607,13328.900390625
1765.61045398105,15110.7001953125
1900.18016554109,15860.5
1277.6123739764,12656.0
1019.0418685737,11468.0
1407.2448898442,9203.900390625
981.165458472181,7735.39990234375
936.505945134923,6183.5
1238.36673572599,9644.900390625
1130.74555914618,11875.0
1421.39914940061,11539.599609375
1815.62169588595,16158.5
1488.9871643657,13559.7998046875
1266.35661471078,11493.099609375
1029.50520403264,11061.2001953125
1905.71142849754,12510.0
951.517336612097,7254.0
2130.19735245963,16306.400390625
2173.72174514506,30778.0
1843.46623220486,12469.099609375
1763.93149559936,16141.2998046875
1842.17073343897,13993.2998046875
1591.23489450825,11301.2001953125
2098.68305304441,12854.7998046875
1401.20219890176,11342.2001953125
1370.54614514421,13194.400390625
986.065232604473,9959.7998046875
887.458364085586,7842.7001953125
1173.63311707032,10978.5
1216.1782008967,9850.2001953125
1905.88183024374,13366.7998046875
2182.45032400345,14204.7001953125
1607.84973300508,11638.099609375
1104.23472276894,6425.39990234375
1687.73084178751,20482.19921875
1742.06449661404,13224.2001953125
1483.25130794011,19581.0
1952.81603983226,19188.599609375
1861.43147669692,13651.400390625
1195.17512762726,13233.7998046875
1100.62721756553,11944.5
2257.41172276302,31382.19921875
1920.17330218663,14770.7998046875
1704.26337512718,15332.2001953125
901.969743380032,6307.0
1120.15314158015,9410.400390625
2282.99002723114,15897.5
1641.8270615819,11967.2001953125
974.400397774276,8517.7998046875
1259.8053914983,14002.5
1176.34172521909,10916.099609375
1860.79887413585,14071.900390625
1480.49169064116,10359.5
958.035370464855,8006.2001953125
1842.14578573233,15167.2998046875
1909.38943324693,14162.2001953125
1975.70043747872,16136.2001953125
1543.2059929175,11586.5
1855.09654119106,20964.400390625
1490.64863707801,8820.7998046875
1244.47246417715,9582.2001953125
985.525627074833,10538.0
1685.17726581567,10687.7001953125
1842.66255965546,13693.2998046875
1910.51542125615,16581.099609375
1541.92797982099,6650.89990234375
1573.11617707093,13760.900390625
1848.45076171549,15960.400390625
1776.00974956805,11828.599609375
2067.88087700514,18660.19921875
1023.30503069208,8508.7998046875
1664.80924532848,13222.2001953125
1212.92898485507,9761.2998046875
1342.59290810353,14216.2001953125
1947.34670064763,16841.80078125
1827.30401638553,8033.0
1779.86740007994,16675.30078125
928.03580892494,9296.2001953125
2072.45098501407,14489.5
1791.55785085891,11927.7001953125
1975.00479740893,14300.7998046875
1218.47205342269,14005.400390625
1100.07836801959,9617.5
1000.55305636341,8057.89990234375
1236.56626864815,11411.900390625
1606.22456811581,10070.599609375
1090.21188416712,10431.7001953125
1877.84639941961,11899.0
963.192417821804,8890.2001953125
1681.34322652612,13508.5
2046.97937654128,15147.099609375
2082.50268331355,19120.30078125
2026.33002611232,22638.69921875
2003.62917230752,15012.0
1764.25726364357,13799.2998046875
1535.59438079941,12531.2001953125
1757.05160862672,15258.2001953125
1620.6048048899,11486.2998046875
981.32806406006,7916.5
1354.32545813745,10749.400390625
2109.10161627983,25964.5
2050.42839698336,17434.30078125
1625.28751169974,12443.2001953125
1272.45209678243,9698.7001953125
1970.90557736272,13411.7001953125
1638.80025879986,17303.69921875
1912.69032668087,23012.30078125
1996.43599114399,17665.900390625
1793.81639792508,13183.5
980.009733687647,8020.5
1045.2732683619,9605.400390625
1466.25044823261,11181.7998046875
1526.17027324492,10582.7001953125
1556.05016375458,8725.2001953125
1940.7903542454,21374.19921875
1128.23118671333,11162.599609375
1586.82315988698,11745.5
971.235268868843,8266.7998046875
957.003270476585,6496.2998046875
1811.93522673609,14134.900390625
2126.04133183135,17323.69921875
980.684769624725,8292.2001953125
2182.31088414316,16890.69921875
1063.50113201575,7500.89990234375
1757.14505115291,13412.599609375
1911.73674514428,17408.0
1918.66352044055,18140.19921875
1279.54437338252,10837.7001953125
2156.96445969831,24318.400390625
1839.95183540656,13232.599609375
1637.16050395716,12249.0
1897.55597864958,12356.7998046875
986.253454141127,6008.89990234375
1062.46903202748,8174.5
1116.79979113806,9133.0
1358.25795176924,10127.7001953125
1167.26721967855,12565.099609375
1075.25083359798,7982.0
1010.51365098421,8600.2998046875
1434.77579785115,10533.900390625
1946.57287624723,17430.5
1071.40175886024,8762.5
1565.91553387015,16140.2001953125
1688.50288420886,16551.69921875
1755.39871168856,12228.2001953125
2071.14924932151,13401.7998046875
1341.00093257398,10985.0
1866.59242213303,15856.7001953125
2015.24856667206,19495.80078125
908.669984590166,6800.7001953125
1983.44358192509,14028.7001953125
1555.08856331229,12184.900390625
1541.5558803216,5458.10009765625
1286.29952182199,6562.5
1669.48415597999,12712.2998046875
1722.16446837361,17028.400390625
1271.39181925051,8877.0
1544.76878854018,9482.0
1075.57938598444,8012.89990234375
902.519985097097,5735.5
1428.93658664094,12517.2001953125
1131.1782459331,8336.5
1748.69813635736,14306.0
1018.15299515119,7889.7001953125
980.738228996083,8119.7001953125
1047.29726243623,8796.599609375
1105.15422395629,11607.0
973.656644270265,11514.7001953125
1804.77412119538,12152.400390625
1883.20391941915,13356.099609375
1227.34452708899,9458.0
1095.81698788026,12769.7998046875
1239.53860969562,8390.900390625
1928.6960624653,13907.0
1314.81007280906,13088.2001953125
1255.13872249987,10517.900390625
927.63486363976,8763.400390625
1859.46873815227,18493.0
1833.33924529072,14139.7998046875
1405.13859061271,10491.099609375
1878.157354763,16167.7998046875
915.661022505747,7182.5
1067.45890747525,10586.900390625
964.186762129053,8517.900390625
1442.04449037671,10078.900390625
1722.11880516057,13503.7001953125
1014.57366749143,8684.2998046875
978.920610369929,6901.7998046875
1477.43704443654,12914.7001953125
2115.07971048188,34023.3984375
1864.93050392595,16558.5
2114.33595697787,7243.0
1012.81273807365,7852.10009765625
2170.70485462146,20320.30078125
1011.32656754992,9986.5
1258.72228235986,9381.900390625
1069.36206109557,10544.7001953125
1964.03315242734,21049.900390625
984.943254048108,7530.89990234375
1594.01054961861,11057.599609375
1294.53761094817,12884.900390625
978.263728344375,7171.5
1428.1136464431,11193.2001953125
1174.01479470707,10882.400390625
1037.21872307738,10101.7998046875
1265.49023877372,7524.5
964.761673118526,7064.60009765625
895.264490353832,7204.39990234375
1233.38721803142,10692.900390625
947.720607508814,7747.2001953125
984.917972220404,7017.7998046875
1314.07701117932,13922.2998046875
1057.87186021181,7253.2001953125
857.07489743511,5336.89990234375
2112.32120691984,14846.900390625
1042.80734348435,9238.0
1415.29587117063,11252.2998046875
1936.51583201061,14424.5
1595.28110067787,12467.599609375
2005.74527242375,15743.2998046875
2180.45383923063,24741.400390625
1069.02526705602,9686.0
1050.12559730211,10823.400390625
1081.3501023751,8057.89990234375
1753.63666853388,10698.400390625
1029.34660789761,6004.39990234375
920.775636486682,8413.0
1936.23784327955,16837.0
1798.18258070701,17043.599609375
1908.47416425982,17066.80078125
970.267320126202,6806.39990234375
1150.14808111192,7826.0
1068.78291790587,6330.39990234375
1601.44028850039,13484.900390625
1413.89456739892,10639.900390625
1004.66196592069,10522.7001953125
1905.99454041835,16368.2998046875
1733.6577877207,15996.900390625
920.98557589295,6586.7998046875
1853.13525050438,13862.2001953125
2424.72708125854,19873.900390625
956.571697426564,7415.2998046875
995.108776259109,8198.5
967.969235399974,6844.10009765625
1828.88039959843,11816.7998046875
1601.06217482173,13726.0
1303.19691537118,12144.2001953125
1618.74263678761,11007.400390625
1625.3847409314,13684.900390625
1851.82761200624,16550.0
1792.34125339668,13719.5
1555.63384890013,14680.599609375
1132.48477069434,14869.7998046875
1057.10137702212,8943.900390625
1764.93797963885,19004.5
982.094983291659,7393.89990234375
971.519605900251,9066.400390625
1881.96945343555,15335.7001953125
1265.25033984475,12807.900390625
1809.80108408203,16461.0
1775.40710652969,15501.599609375
1268.5834202752,12409.2998046875
2159.63854200308,22454.400390625
2175.45249229276,27002.69921875
1008.57764212524,8951.400390625
1487.94893882446,11554.2998046875
1932.78258591081,16266.099609375
2095.94014179901,17817.30078125
1246.0898329081,12295.2001953125
1043.1936988161,6812.39990234375
2219.07177536236,14917.2001953125
956.455868788623,8743.900390625
1214.03492560002,10262.400390625
1928.66977827438,14600.400390625
1954.57084369707,17169.0
1064.49302610181,8337.900390625
1784.55467321109,13442.599609375
1073.35258042003,7978.10009765625
1825.37023500036,10415.900390625
1839.63609099448,13197.400390625
943.394630629093,6880.60009765625
945.89942492457,6547.89990234375
1123.38988376846,9429.5
1525.95676988057,14348.400390625
1674.88177050805,7118.2001953125
1272.02007823765,7165.10009765625
1342.62498372635,12590.400390625
1635.64649001084,13092.5
1815.25572193953,13161.400390625
2097.14810084431,18446.400390625
1840.03480880586,12311.099609375
1752.37146341176,16822.900390625
2306.55803658883,18621.400390625
1495.1246343186,11123.7001953125
1567.95946383505,11943.7001953125
1033.26094761788,10969.099609375
974.467778856924,8530.5
2005.17838033998,17695.19921875
1199.51892429743,11736.400390625
1420.67633415038,11853.099609375
2051.81522217533,16554.400390625
1229.92906494674,8433.0
916.9351375231,6394.39990234375
1632.34771267701,13680.7001953125
1493.74928061674,11033.599609375
1964.08416157751,14486.7001953125
1860.15090200553,14807.900390625
980.975900451243,7140.0
1649.86991262894,11000.2001953125
1823.4916949656,15076.2001953125
944.005181199471,7876.0
1265.92715776088,11397.2001953125
1109.43988356011,8539.7001953125
989.358329880092,9141.900390625
1811.23914117154,21470.0
1718.79541424118,13962.900390625
1936.48865683017,15894.2001953125
1052.5876241005,10332.900390625
1250.60425407185,9810.599609375
1101.91525429417,8940.400390625
1275.08441395334,11563.900390625
1000.2779633483,5677.7001953125
1845.69158991131,17461.19921875
1070.85959173572,8000.60009765625
926.18717272603,6166.39990234375
1048.49330449667,10495.0
930.588660967795,7288.89990234375
2165.4569263332,15829.7001953125
1165.33232455648,9774.5
1744.36469744038,13932.5
1019.60675593104,10938.400390625
1932.53489082352,14079.900390625
1113.63466223263,9824.900390625
1872.68712458885,13956.400390625
1302.6266820767,10844.5
1696.61445282283,13517.900390625
1772.27683758933,10813.599609375
2022.30208522792,16486.900390625
1108.16465480586,8110.39990234375
1010.86113689804,6860.7001953125
1277.11475632802,10782.7001953125
1961.3459280271,12473.7998046875
2115.37418251911,23846.69921875
1864.33788451972,17220.900390625
1726.12146421727,14098.0
1830.01117667633,15248.7001953125
985.978583873397,8212.2001953125
1924.93653217458,18931.30078125
1931.83746877469,8787.7001953125
1003.12623410475,7888.0
1690.19710078613,15388.599609375
1798.88891265107,15678.2001953125
1991.05641915377,17161.099609375
964.939871023051,7876.2998046875
1065.8358586861,13252.599609375
1095.19685917251,9822.2998046875
1093.52992914937,11509.599609375
1180.08711105114,10275.2998046875
1541.74399048456,11706.2001953125
2056.81478713415,10910.2001953125
1236.87555338619,9825.5
2049.00214550502,20847.19921875
1446.59811507947,14439.7998046875
1851.95947845559,19421.0
2092.61786461652,14744.599609375
1164.34689014446,11016.2998046875
2231.94234176404,18238.19921875
1075.77295345823,9159.900390625
1154.96477047122,8931.2998046875
1769.14411842778,12803.099609375
1518.80813819317,12351.2001953125
1030.20128959719,9283.2998046875
1651.26442260554,14485.099609375
998.831998726775,8202.7001953125
1552.88069127523,15296.7998046875
1833.69530697869,12523.099609375
1886.60549466914,13198.2001953125
2139.08586393733,17597.80078125
1578.17120612754,10189.099609375
1609.33089171275,11941.7001953125
1587.58116922335,16600.30078125
1282.97434892356,8987.2001953125
2067.76215265125,18005.30078125
921.887591410917,6438.10009765625
1157.34660821258,10885.2001953125
2090.07743074014,9280.2998046875
1923.91902213975,13087.5
1067.70370684659,9450.2001953125
2086.11965528064,19121.099609375
1584.29274964273,6821.7001953125
1912.49765019661,14374.400390625
1975.35272881752,13501.099609375
1610.64498988493,12543.2998046875
2021.91606401724,21685.5
1160.04808844517,14140.2998046875
1438.52641824663,9094.2001953125
1077.04305902273,10235.2001953125
1665.87241857635,9456.2998046875
937.343809407261,6002.10009765625
1685.51940579235,11411.599609375
954.400133212548,8043.7001953125
1034.24961186692,9971.099609375
2406.45511362333,23590.19921875
1852.00480754755,15881.900390625
1003.492987667,9006.2998046875
1132.69393048478,10164.0
1456.25755524162,11791.900390625
978.366414886857,8826.400390625
1635.09585848586,10692.099609375
1614.57636977982,12647.5
1620.07377513441,14172.0
875.80778508775,5467.89990234375
1988.26517172677,16990.400390625
1973.7937199003,17533.69921875
927.543982708452,6476.2998046875
1097.74898728638,9594.400390625
1418.14347368494,14482.7001953125
1168.04204644216,13324.900390625
1802.39194933296,12077.099609375
1979.89454790909,14624.2001953125
1111.74643268681,9602.599609375
1773.89598829931,9253.5
1288.5736612048,11064.400390625
1536.838202173,10468.400390625
1754.0222442498,16853.19921875
1416.13373544297,11913.7998046875
942.85725257326,8281.2001953125
1888.75099743962,17877.900390625
1580.11322916579,12961.599609375
980.02075968299,8656.7001953125
1988.53714627855,20309.099609375
1146.49146011107,8705.0
2035.86650972035,13655.0
1561.94706653638,13205.900390625
1108.69145236111,7443.89990234375
1013.69414945891,7307.39990234375
1104.9306969598,7344.60009765625
2027.82087433105,16389.19921875
1231.1051711166,11445.599609375
1225.80166735687,10423.900390625
1480.94865689258,10490.400390625
1402.00442359319,11858.099609375
1871.07086959481,16707.19921875
1779.21875970747,14845.099609375
1488.51739013989,10571.0
1047.87462364689,13837.400390625
1908.33628363119,17782.900390625
2111.80265101767,16732.400390625
1348.90891008204,9616.2001953125
1286.86440917933,9970.900390625
1096.51407580802,9074.7001953125
933.544964203862,7710.60009765625
1508.9531258308,12705.5
1899.55402265406,14851.0
1890.38462672935,13329.400390625
941.858564692088,7129.39990234375
1770.18657616925,14919.2001953125
1667.37072883233,14032.7001953125
1499.68750303765,11947.2998046875
1169.38565864228,7856.39990234375
1089.56368928941,10645.900390625
2013.89649007148,15261.7001953125
1222.51246816041,12637.099609375
1071.65012218967,8659.0
1012.79280218308,6552.89990234375
2201.12969659789,21788.900390625
1069.7302625158,11768.400390625
1103.73109094128,7514.10009765625
1087.51864558761,9533.0
2166.04007897576,16943.5
1581.45539350793,13404.900390625
1262.91060135834,12337.400390625
1343.00877746322,13866.7001953125
2272.56077212144,22275.400390625
1020.39260869,6273.89990234375
1864.62723336719,13756.2001953125
996.746415001693,6450.5
1139.90526555983,10563.0
1067.17802302824,13402.900390625
982.346910579181,8463.900390625
1049.25131383304,8913.2001953125
871.781904616618,6684.7998046875
1488.30321853339,11486.7001953125
1710.6114527285,11658.7998046875
1114.67066030006,9531.900390625
946.34068748565,6942.39990234375
1157.35908206589,8935.400390625
913.815226335941,5285.10009765625
977.160683315366,7451.60009765625
1371.94744891591,23007.5
1918.96155643586,17635.5
1689.21779192708,13936.400390625
976.256106202521,8116.39990234375
1020.96596044781,8419.900390625
1212.98890390046,7844.89990234375
2253.80121046997,18732.599609375
1004.26102063551,9160.2001953125
1483.39063642671,9558.099609375
984.717388204123,9390.400390625
996.118490135623,7677.39990234375
1989.1791042296,18263.099609375
1037.73015106336,10357.2001953125
1075.87630824286,10306.900390625
982.855220101838,9463.400390625
980.869315829599,8034.60009765625
1527.8563595428,15196.7001953125
996.249242848068,6908.60009765625
2087.88069607211,15241.0
1025.69288261271,9600.0
969.641399986559,9480.400390625
1497.39699172237,11736.400390625
1588.53274603351,9892.2998046875
1116.07519390879,7304.60009765625
971.749481197088,6949.5
1338.19498381986,9958.2998046875
1645.9851983103,10165.2001953125
2257.99866211105,9871.5
941.134078836505,6918.2998046875
1180.42958514889,8827.599609375
2188.81198919499,9351.7998046875
1749.15031354009,12681.0
1424.18972858547,13656.2998046875
1128.62856804042,10290.7001953125
971.442312559163,7901.89990234375
1935.23280709803,17415.30078125
922.517019821806,5787.0
978.768362535251,4643.60009765625
1951.88896523397,14291.900390625
1749.32606122343,12219.7998046875
1660.300838344,11407.0
1623.25638970923,13224.7998046875
1154.21244119306,8714.7001953125
1159.90942820072,10865.5
1792.45173609749,15582.599609375
950.391459976571,8163.2998046875
1804.90130994974,16580.400390625
1155.61630655964,11904.2001953125
1629.11230697299,10945.599609375
1794.716631464,13267.400390625
1176.58908618531,9716.2998046875
1695.34991594285,13208.2998046875
2152.52510440183,24753.69921875
1268.69033901791,11391.5
1061.97609207409,11763.099609375
1265.21225004266,10350.900390625
1670.60000898339,15980.7998046875
1217.76672384185,12016.2998046875
1804.70172829667,12284.400390625
1028.67168333422,8920.2001953125
1124.04709991509,8254.7001953125
1920.06504695963,9082.599609375
1949.67752923881,18562.900390625
1479.82133239908,10207.2998046875
1685.22259490763,14036.2001953125
963.699613607558,5532.39990234375
1779.39517563295,14238.2998046875
1224.92315168756,11970.7001953125
989.89080749355,9186.0
1955.94118558286,12617.099609375
1357.22974986013,11794.2998046875
1200.38953243472,9574.099609375
1164.53544580218,9325.7001953125
2067.702901848,20490.5
1944.24071117176,14287.599609375
1043.37156259955,17501.30078125
1203.30206581049,13151.7001953125
967.275711430301,7168.2001953125
1709.34090166924,15635.099609375
1146.78080895854,10200.5
1869.1202707824,17793.900390625
1047.75768127205,11092.599609375
1820.5000862697,12976.900390625
1892.87583343461,16233.0
1875.34761930341,11237.7998046875
1670.44464268538,14467.2001953125
817.71777412068,3857.5
1084.15215305006,8169.2998046875
1529.45869282555,13209.599609375
1055.9419769058,10701.400390625
1466.26581780187,10943.7998046875
1600.67938344807,13392.0
1945.13660113676,15852.5
1755.81246494813,10570.099609375
1064.49514220193,10636.7998046875
1391.67540480479,12212.2001953125
1217.56992653104,11649.5
1172.11698702388,9192.400390625
790.069255496745,3832.10009765625
1705.2131699583,15354.2998046875
1964.98962967987,14600.7998046875
2044.17231405025,19485.599609375
1838.39293786304,13484.599609375
1157.56712811943,10099.599609375
1780.110862967,11709.099609375
1529.11766658577,12377.0
1768.78204256052,14491.099609375
1391.82330906554,12846.2998046875
2007.40607689392,13418.7998046875
1005.26037675882,14284.7998046875
1369.28483810124,11158.900390625
1666.80261163797,12537.599609375
2062.88621248869,18440.30078125
2097.46417937746,16975.099609375
1954.00640183448,19869.0
1133.28487928566,12903.400390625
1092.02137251388,10648.7998046875
1215.59515962783,8036.0
1927.49144463071,13651.7998046875
968.997437309082,9400.599609375
1167.06117835144,5148.0
986.588800322705,7215.2998046875
1777.81066214065,15316.900390625
1820.5945311591,14779.099609375
995.087392510566,8119.60009765625
2091.22435700314,19946.400390625
1574.78867577858,11918.599609375
1319.34877343731,13338.7001953125
1639.37049209434,10903.2998046875
1295.86941753712,12542.599609375
1839.94359375348,18025.0
1812.81942246361,19479.900390625
1903.35565219972,15477.599609375
1106.8560139445,11799.099609375
1699.77423579113,11521.2998046875
949.04996387657,7161.10009765625
1049.27236346051,9633.5
1093.33469107023,10772.900390625
1937.10388509554,16166.099609375
2008.8089398973,15027.599609375
1804.18105629438,19822.5
1385.68082729657,12255.900390625
996.97985425662,8592.599609375
974.724717960511,8266.099609375
1478.35264754472,13174.7998046875
1015.41799143781,5713.60009765625
2091.24462701478,11259.900390625
1690.02179859756,14355.599609375
1913.33473485311,16078.599609375
850.120891271563,10266.599609375
1885.93502505337,14706.900390625
988.041781486724,9504.099609375
1331.90248169002,10251.2998046875
1696.67570835251,9684.599609375
1028.39581070328,9944.900390625
1596.46968070105,15712.099609375
1545.89355143881,9429.599609375
1022.50915430099,6853.60009765625
830.292476314012,10418.400390625
1186.53108139983,14095.2001953125
1763.83493460984,12448.2998046875
1803.36245967047,14814.2998046875
1323.66895888514,9047.599609375
933.564900094431,7986.5
1776.18260153544,13668.2001953125
1741.5501729121,11899.900390625
1048.6932202708,8551.7001953125
1365.83815650666,12218.7001953125
973.057119695229,7354.7001953125
1105.9083352135,11687.900390625
1063.38318727769,8490.2998046875
1828.19355805018,11646.599609375
1005.20157145033,7595.39990234375
1311.04686718657,13494.2998046875
1902.04701133836,13297.7998046875
1253.47145835566,9445.099609375
1068.45035606655,12170.400390625
2119.72332512642,7081.7001953125
1763.3252886029,15322.5
981.150868518748,7979.7001953125
1224.06958372489,12461.400390625
946.661777834866,9788.2998046875
1863.52842053841,14514.400390625
1003.83902572285,6552.7001953125
1266.01770457111,13277.0
1912.3871674958,17593.19921875
946.24546298042,8596.2001953125
1016.09759369619,6473.39990234375
1517.34123531786,13763.7001953125
979.148703687721,7771.7001953125
1860.34870167955,11936.7998046875
1002.29159966944,10294.5
996.313059972626,8225.400390625
1054.00819552064,8735.2998046875
1896.96413885917,14943.0
1226.60957210651,11259.5
978.051338716919,8322.900390625
1729.63730887355,8157.7998046875
913.234690975106,6088.60009765625
1044.79859369372,10307.2998046875
1202.14867987346,10753.400390625
1317.34972706961,10984.7001953125
1002.37925076372,8854.7998046875
1554.67302807367,11717.0
1963.78590283481,16583.69921875
1768.0867366118,16432.5
2066.05145276782,18191.80078125
1014.28142292801,8202.2001953125
2063.47604755267,18115.30078125
1744.79560224826,14713.5
1454.56745949089,10962.7998046875
1027.27951220512,11568.099609375
1336.33994363376,10294.2998046875
1769.01158373629,15672.2998046875
1355.00327841679,9266.400390625
1109.73847642388,8293.2001953125
1900.84952141996,16095.5
2053.72839942778,20489.19921875
1488.47852072197,9805.7001953125
1920.45440938102,32368.80078125
1182.34242828028,11240.5
1032.31716696604,8882.599609375
1136.28673436107,8098.39990234375
961.853817437752,8904.7001953125
970.631512093575,8040.0
1008.72164830683,8380.2001953125
2011.23666359907,17670.400390625
1014.75542935405,8728.7001953125
1000.76834170682,9466.0
1610.7789724344,10232.7998046875
2114.44332121535,18928.69921875
1761.59821678698,26485.900390625
1723.47633907198,10415.7998046875
2124.08093213419,19908.0
1518.82952194171,8935.099609375
1051.17195312275,10147.0
942.657670920192,7520.39990234375
1586.02227167983,10812.7001953125
1701.93611049409,13202.5
986.439782325046,8889.2001953125
1578.49664005067,13857.5
1573.60622130837,11432.7001953125
1011.48159972685,7197.2998046875
1864.85677454296,24958.0
2040.22745793884,16639.69921875
1783.29915760002,11925.400390625
1652.28950605132,11184.0
1178.90810916532,10420.599609375
1553.95555876058,8661.0
1180.19291605695,10709.400390625
2208.05602639939,21067.19921875
1772.84818462071,12853.0
1848.33571269339,12034.900390625
995.958446142622,7860.7001953125
1850.49368931718,16754.400390625
1371.43390482981,12502.7001953125
1409.44741594412,12627.2001953125
1408.31374315027,10862.599609375
1585.55795476485,12603.900390625
1795.29722251168,15250.7001953125
1042.3668605391,10568.7001953125
1059.74115623027,8828.2001953125
946.811798195737,7572.2001953125
1526.10756985727,11553.2001953125
970.078764468477,6860.89990234375
1913.88180242,10799.900390625
1750.46118187525,14798.599609375
1026.02076675704,9731.099609375
1773.3941384507,18370.80078125
1929.61912761073,16464.099609375
2056.3766430364,14432.7001953125
1506.29864529553,12654.2998046875
1883.97729832478,13118.7001953125
1059.81956330827,9536.2001953125
1980.4736910988,17091.19921875
1088.31273999965,9070.2001953125
1790.36748885669,12128.900390625
1521.54781960155,14559.599609375
1958.85048912161,13626.900390625
2013.86396895391,16004.599609375
1155.61630655964,9595.900390625
2028.5688600353,17579.69921875
1777.09107672745,9597.2001953125
1281.73798958722,9657.099609375
1382.34641038184,12883.400390625
1520.64613820465,10615.2001953125
2197.01622071931,24109.19921875
2078.83648417533,18141.900390625
1626.00386727593,11528.2001953125
2191.29072204693,14261.2001953125
1727.16893377481,13655.2001953125
1283.20600619944,13268.7001953125
1837.47666651271,11646.400390625
1700.61455028465,13787.400390625
1238.43623290876,10596.099609375
919.727164565934,8207.099609375
1045.50425739564,7750.39990234375
1105.43611076651,12211.2001953125
1087.09598243281,8819.099609375
1734.26622219096,10171.2001953125
1934.91739680702,14001.7001953125
997.33625006567,8300.2001953125
2175.43066304946,17589.900390625
1873.34534309869,12420.900390625
1694.82779608259,13723.099609375
1823.54192449994,16670.599609375
1802.17209766825,14327.599609375
1306.95655703558,9394.099609375
1234.45996941666,11686.900390625
1470.16623581085,12732.2001953125
1464.67272853542,15624.2001953125
1243.18698904339,12394.2001953125
1908.85172107003,11262.400390625
2064.17859279126,13426.2001953125
1598.10731944363,13712.2001953125
920.994485788176,9783.2001953125
1799.90720230174,14656.400390625
1012.55969704923,10014.599609375
1654.02760386258,14034.099609375
945.44435202589,7533.89990234375
2007.52947894281,18039.69921875
1790.46482946204,16256.7001953125
1885.29774479731,14140.400390625
1389.72514011345,11675.900390625
1093.51500507487,9637.599609375
1908.20909487683,16799.80078125
1322.44050708082,11644.099609375
1876.84336796451,13762.400390625
1078.1753953323,10992.599609375
1679.98992481495,12093.2001953125
1653.05141346685,13802.5
1840.9543099932,18370.599609375
1621.79906497128,13783.099609375
1243.44604424709,11022.0
1063.7723269517,9001.7001953125
1087.93885852122,14463.2001953125
1051.3854564871,9519.099609375
1372.50409462017,11252.900390625
887.523573381273,6080.5
1802.24905688826,13273.2998046875
1099.2030821873,7147.2998046875
1919.29835047542,14801.599609375
885.833199196319,5748.39990234375
1133.70576046141,11400.5
1314.5113685716,13333.2998046875
995.759532731696,8155.5
1205.95788283005,10342.2998046875
1001.5078630106,9612.599609375
1153.39016923736,8888.400390625
1980.00859456799,13507.7998046875
1744.27771458824,14877.599609375
1475.14430564744,11836.7998046875
1225.67759706585,10004.5
955.465756681607,7308.10009765625
998.801036840864,7151.7998046875
1942.79240770273,17823.900390625
919.610611999005,6969.89990234375
1984.74687684931,18042.5
2031.40688441224,25447.30078125
972.180051883896,7741.2998046875
2310.1108573103,18741.599609375
1453.46586231985,8855.2998046875
1182.05475003816,13279.900390625
1862.93145755826,17140.400390625
1903.9466010006,16559.0
981.059319345299,11268.599609375
1087.90422130352,11540.7998046875
1128.9731582383,11394.5
1419.66706576862,10971.7998046875
1864.70029450805,14155.099609375
939.550901828492,6854.39990234375
1579.52840591787,6632.0
1368.35286306058,16678.599609375
1574.67139928267,29296.80078125
1169.4671841836,11077.2001953125
1390.0366523253,12522.5
1783.93632648239,14305.599609375
1949.39129885467,17742.5
1467.94588992047,12756.900390625
1528.59944480467,13157.7001953125
1202.66768127038,12615.099609375
1038.55097516108,9244.900390625
1926.26366106853,9996.099609375
1361.92771486555,13954.400390625
1664.82105093965,14277.2001953125
1307.3732060111,11496.400390625
1534.2978796703,14646.400390625
1084.03342869617,10315.900390625
1549.39514026272,15099.2001953125
1980.96841303124,13762.099609375
1843.3126478859,15322.900390625
932.266561299431,8463.599609375
970.401970917809,8019.0
1171.89323728001,18869.900390625
2260.25553857186,22176.400390625
1036.65494945694,8251.400390625
1487.51914775348,16719.099609375
1867.27135614927,14920.400390625
1593.83769765122,11005.7001953125
2096.9754716243,14744.900390625
1207.80869081593,11734.400390625
1096.156232141,9399.5
1940.8674248391,17985.099609375
972.501921848944,8636.400390625
1675.15619528102,6023.10009765625
1253.62727014843,12805.900390625
1938.04120607334,11970.2001953125
1150.10141553567,11264.400390625
854.670283774083,6882.60009765625
1161.30616565112,11237.900390625
945.314267555587,16286.400390625
950.558966006824,9142.599609375
2152.88417317945,15511.900390625
1536.3118501125,11947.7001953125
1054.05953879188,8023.10009765625
1516.8041913831,11646.900390625
1258.93901556124,9414.900390625
991.539138110405,8852.400390625
1828.47266051814,13746.599609375
1934.55342758703,13672.400390625
1019.48658371918,8280.900390625
1289.27431309065,8423.2001953125
1923.43387834468,18505.400390625
1841.92838428881,12535.7001953125
1735.2388486286,14437.599609375
1212.60577840574,10396.099609375
1945.67631804009,16804.900390625
1088.68372576213,12216.400390625
1213.51636969786,8141.39990234375
1620.69178774204,14466.099609375
1917.61749874099,13852.900390625
1093.01248698411,11106.2001953125
2021.45497693928,17462.099609375
2283.11008806931,18471.400390625
1155.6939340218,11012.5
1672.82358471079,13983.099609375
1689.86643229955,10825.400390625
1639.73112010362,13087.900390625
1945.90507960002,17150.19921875
892.344884748728,6873.10009765625
1287.4774099709,11682.400390625
1205.19486167762,11948.099609375
1709.22652088927,17423.900390625
1084.64965932476,10137.2001953125
1067.70593432039,9805.099609375
2058.83221016075,18099.400390625
1703.35033361387,13305.099609375
1622.57856942989,15436.400390625
1868.40324696407,13785.099609375
1003.00762112455,9678.400390625
1505.76839515587,16150.099609375
988.492622185172,10349.599609375
1901.78906987157,14520.7998046875
1388.04517936855,11527.2001953125
1686.09721249778,13180.7001953125
1070.25694869736,8494.7998046875
1663.96781709805,9913.099609375
1296.20732531357,10661.2001953125
1887.53568773076,17549.69921875
1055.32218231913,8796.0
2037.51974077958,16468.900390625
2148.91214188759,16524.0
1884.43682617108,11865.5
1795.76265316356,14260.900390625
907.495270591431,7306.2998046875
1074.37153831284,8962.599609375
2087.57820512918,24546.80078125
1028.86870339241,9562.5
1402.6780116723,10251.599609375
1773.25737155897,14662.7001953125
1183.94442744196,10610.2001953125
1018.17148318379,11494.0
1367.99435115141,12003.7001953125
1933.50740588747,12856.7998046875
1051.01948254069,8254.2001953125
2048.01470636657,10025.0
968.401588065827,8403.900390625
1542.80827746934,11641.2001953125
968.612863956379,8986.099609375
1879.02495581066,19698.69921875
932.648962865173,6239.10009765625
2031.74768790464,17408.69921875
991.032721940484,8069.7001953125
940.787261164823,7761.5
983.693084374176,11073.900390625
2052.5052935606,14058.0
1186.75561075953,10873.599609375
1635.06768094221,10145.5
1506.31434898586,9471.099609375
1330.24590942008,10441.2998046875
2042.76856005736,15568.0
1053.73443898981,9605.099609375
1570.10919880576,12753.2998046875
1255.95241868141,9966.7001953125
901.703114765386,5218.0
1502.31993158225,11135.0
1763.80497508714,14819.599609375
918.243444263383,4727.7001953125
1856.16784471832,13274.2001953125
1007.76583929644,13924.2001953125
1915.16059513235,19583.69921875
968.890852687438,8941.599609375
1188.80923023549,9891.5
1315.59169336779,13380.400390625
2010.04964280755,16382.2001953125
1809.62043595632,13329.0
990.054415444642,8454.900390625
2112.29559097106,17865.69921875
1000.40593171849,8666.0
1344.96227199157,30153.400390625
1581.65787087694,14597.7001953125
1303.18477563893,9605.099609375
2035.40007670526,13688.7001953125
1016.99470877178,8007.7001953125
1027.59314051709,9254.2001953125
871.550971269723,5655.5
1729.11663687126,13265.7001953125
1937.02659175445,13689.400390625
1273.42182750412,10728.2001953125
1342.1833870442,8499.099609375
1343.67133954698,15325.7001953125
2180.85478451581,18153.5
1290.54597788682,9668.900390625
1060.01313078206,8854.400390625
1016.61581547729,10519.099609375
1084.20628066356,8582.7001953125
1052.73018242412,10027.400390625
1119.13128797139,10710.599609375
1075.71515051295,9616.2001953125
1217.28837384189,10018.7001953125
986.759536189978,8072.39990234375
1792.57357891471,16067.599609375
1330.03641550857,12756.7998046875
1211.86369550708,10322.599609375
996.258152743295,6999.0
1371.14667208245,11540.900390625
1619.33247185159,12766.2001953125
1877.42407038588,16464.599609375
2073.6573848277,16577.69921875
1621.50793414477,12465.2001953125
1054.51850976972,10725.2001953125
969.197687204292,8118.10009765625
998.312774582466,8511.099609375
952.868076728395,8463.7001953125
1025.60946371865,7854.0
1560.4003087251,5597.2998046875
1956.98408881909,16431.19921875
1364.59567161736,11257.099609375
1465.14640084039,11667.400390625
1033.92852151771,8933.400390625
1862.43751524165,12337.2001953125
1421.08440735174,14587.099609375
1798.59455198753,13572.5
1926.25519666807,11507.099609375
985.291519577764,7488.7998046875
998.799923103961,7987.10009765625
1621.65049246839,13556.900390625
2105.98627141398,22679.099609375
1275.15068129908,11765.5
894.309349585579,6254.10009765625
1804.39422553767,13340.7998046875
1588.88312766329,12938.7001953125
1744.08136277219,7190.10009765625
1041.1013212959,8347.900390625
1227.38373062798,10804.900390625
945.049755041058,9075.7001953125
1341.0582900245,11103.400390625
2117.31765341533,15514.5
1356.04506791611,12767.599609375
1853.99917622026,13937.2998046875
2054.81741137181,16265.599609375
1181.1238887344,9404.7998046875
972.913559008396,9616.5
1088.66624009275,8243.0
1850.5902503067,15753.900390625
1368.3065316054,12009.2998046875
985.636109775639,7991.2001953125
2196.3865138742,18512.900390625
1066.38292625299,10141.5
1074.14489285302,8984.599609375
998.854162091151,9781.2998046875
1908.35811287449,13832.2001953125
1013.43854683961,10723.0
1439.77636517318,10938.7998046875
1099.3527684271,6768.5
1800.29210977551,17254.400390625
1224.33331662359,10806.400390625
1392.69536506081,9444.2001953125
861.485629693172,6063.2001953125
1159.64925926011,12509.400390625
1137.99787973927,10084.400390625
1896.61776668225,13914.5
1789.5129185308,17005.30078125
1085.24695642599,10972.0
1475.14864922137,12878.099609375
1770.76828095383,14921.7998046875
1673.94055145109,10190.400390625
1217.21286247984,10063.5
1335.05302064202,10047.400390625
2174.3258360414,15993.5
1856.47679533529,15678.2001953125
1455.62985312293,11641.099609375
1671.33206824992,11450.900390625
1008.19418250944,9674.0
1159.06187441732,9526.2001953125
1735.68924383228,15146.599609375
1309.20719656973,22040.900390625
1852.85581391535,15709.5
2144.30127110801,16804.80078125
1769.34158398073,11487.0
1570.60102502225,13198.2001953125
1223.36670436523,11896.599609375
1069.47755561244,9807.900390625
2060.14886992781,13028.900390625
2178.98660223425,17879.900390625
1367.01281481855,10859.7998046875
998.583301276273,8514.2998046875
974.316310638078,6999.60009765625
1685.58645275393,11878.599609375
1249.34372664472,8084.39990234375
1656.90405216268,12094.400390625
1841.47899144834,13878.7998046875
976.468607203667,9362.2998046875
984.806821277456,9641.2001953125
2117.63261821158,13892.599609375
1857.47403535849,12394.099609375
1846.3387824258,15117.599609375
1121.16207584083,8790.2998046875
1845.80173849104,15874.2998046875
1311.39012090016,12650.7001953125
1569.78777433547,11999.7998046875
1116.50609871667,9793.599609375
1035.28995350828,8205.2998046875
1830.07076160066,12504.7001953125
1159.81888139048,9910.099609375
1830.22969185676,15676.900390625
1719.90592130744,11416.400390625
1150.05864803858,8147.7998046875
1091.79149721704,11350.2998046875
1252.09476816951,10915.599609375
1580.44790710522,13435.099609375
1700.41608236849,14847.400390625
1967.44965175184,14705.900390625
1660.42813847204,11048.7998046875
984.453989426497,8122.10009765625
1976.96141040061,18757.599609375
1881.3943196987,16731.900390625
1368.67005533063,11456.599609375
1262.30406024081,11169.599609375
1734.04737288947,13524.400390625
997.781410705911,7627.2998046875
1673.32042274334,12947.2998046875
1301.89395456803,11075.2998046875
957.30052685607,9548.599609375
1139.43448897081,10601.7998046875
910.203878740209,7423.2998046875
925.224569920525,8542.7998046875
870.097934418858,6294.89990234375
1814.28242725976,11235.2998046875
983.498848658244,7743.2998046875
992.057694012573,7632.60009765625
1017.69536065763,6499.60009765625
1294.38113091326,13410.7998046875
983.195578099481,9031.7998046875
1472.78218104928,14773.2998046875
1341.59466571712,13456.599609375
1217.26097591407,11749.900390625
1846.33911654688,13390.900390625
1138.10513260305,9822.2998046875
1175.60832946828,11497.7998046875
1555.19514793393,15001.7001953125
1832.86022704862,12739.599609375
1069.59516622943,8327.7998046875
2447.0185253777,23167.599609375
1541.60042979773,12075.099609375
1537.21208365143,12891.5
1337.4932181971,11887.400390625
1960.76388912145,15596.400390625
1475.59659420387,14832.7998046875
1985.19905403204,13681.099609375
974.482702931428,7748.7998046875
1463.20582566011,12236.2001953125
1158.42002783996,7899.7001953125
1839.14493302014,16078.400390625
1939.35853408254,18134.0
1951.53925184634,15863.099609375
1839.44218939962,16135.2001953125
1937.1239323598,14518.7998046875
1745.49803611316,15172.099609375
1071.68074995451,9446.0
2072.3814878313,14082.7998046875
1001.20459245183,13818.599609375
1120.4980658991,14255.7998046875
1868.5560516672,14305.2001953125
1020.18155554683,7996.0
2256.44522187835,16225.7001953125
1477.23924476251,13067.400390625
1114.22015372268,9258.400390625
1874.35683895425,13681.0
1170.03674923593,8992.599609375
1686.60964284698,10862.7001953125
1235.3519613025,9725.5
1574.20775060983,11375.7998046875
1154.6276423106,10241.7001953125
1184.35495086451,10530.2001953125
1533.09214809881,13753.5
1613.15112066469,10558.2998046875
971.682545609201,8114.60009765625
913.064344915749,6530.2001953125
2039.84076848602,7549.5
1883.94388621768,14460.7001953125
1792.66913754101,14541.900390625
986.408040823302,6681.89990234375
1739.74079593904,15041.5
1083.85846062867,8965.099609375
1497.66996863736,18694.0
1811.82218244041,15473.2998046875
1644.6725479961,16252.5
996.280984349812,10515.099609375
1007.04057382502,6228.2001953125
1152.43291236899,8788.0
1631.73471188545,13283.2001953125
1947.79085892466,17578.5
1185.44585616127,9359.2998046875
1604.86781382024,12019.7001953125
1975.90826078487,19722.19921875
1582.14078719821,10377.400390625
1088.39036746181,10225.099609375
974.989898717182,8073.5
1132.19174651509,8862.900390625
2043.3715372168,20676.80078125
1040.29653500959,7879.10009765625
1882.20868412237,19102.900390625
1047.95481270393,10164.2001953125
964.181416191917,8144.89990234375
1862.92043156291,14951.900390625
1143.6007559786,6638.10009765625
1939.39684663201,19779.5
952.457776053227,7680.39990234375
994.421266468714,10165.7998046875
1942.68103401241,13096.7001953125
2133.55883318111,17232.400390625
1836.58356088997,12748.7998046875
954.255458788812,6730.39990234375
2010.9023197807,17544.0
2167.2774406753,15454.900390625
812.11913008158,5654.5
1025.26843747887,8941.2001953125
1643.47361021971,9620.900390625
990.700494222235,8054.10009765625
1043.79923757041,9476.599609375
1081.10496888269,9947.5
1272.584965595,11271.900390625
2003.43805505492,16455.0
1029.62816058676,9147.0
1076.33204938368,9631.400390625
1187.30267832642,14229.099609375
1184.59084034062,11215.400390625
1724.16919479951,15133.2998046875
1584.71429906062,13397.599609375
1174.56442386884,11213.599609375
966.391070208025,8265.400390625
997.903587644201,8002.5
1326.35941312239,10963.2998046875
1173.40402138931,11754.900390625
1717.80429977095,13180.2001953125
1906.16761513312,15617.900390625
1913.77733389848,17166.19921875
2044.79845693728,13204.400390625
1796.25124954303,19390.599609375
1111.82339190683,9644.400390625
1343.87125532112,11327.900390625
1259.53196908855,10221.400390625
1668.52467163782,8174.39990234375
1886.72065506494,16969.900390625
1807.30063336047,18887.599609375
1958.02209161295,18920.5
909.67786080079,6642.89990234375
1706.16118281037,10878.0
1579.90651959654,14483.7998046875
1845.61284871225,16471.400390625
1410.51270529211,12168.0
1008.58298806238,9596.599609375
1013.60182066963,10623.7001953125
1581.84564691884,12869.900390625
944.558708440401,9466.2998046875
1238.5428175304,11182.2001953125
1353.00077946469,11015.7998046875
1683.44663004166,12991.599609375
982.266387401074,9179.400390625
1043.54007099302,9372.400390625
2268.06907119051,18947.0
1363.61023720534,10323.5
1927.89951783207,22207.5
1650.85634940418,15366.099609375
1585.72612903725,14136.2001953125
1017.02823225257,10941.7998046875
1873.98150961784,13294.400390625
1075.12141736981,14868.5
1812.72920977444,15827.0
1752.17433197988,15433.400390625
2245.90971626808,19237.099609375
953.121785994963,9981.5
1217.22500221209,9672.900390625
966.821306773763,8909.599609375
1045.80318438048,10791.900390625
1400.19961294143,32514.099609375
1282.34419658368,8583.0
1724.89902659223,14155.5
932.396311648664,7118.39990234375
1762.81274688001,8682.099609375
1729.33938425192,13069.5
1045.10932628974,5416.10009765625
1898.07609378341,15482.7998046875
1869.11314286622,18794.900390625
1390.21596396673,12473.099609375
2430.7074029344,25112.400390625
1901.91581313116,14578.599609375
1588.93435956084,9606.599609375
861.324917458028,7820.0
1846.05221792059,15759.5
1523.85648482836,14489.400390625
1574.920876349,16174.099609375
1814.9659275973,15925.400390625
2464.01437326914,42370.1015625
1998.90648234285,12675.0
1971.43727536034,16526.599609375
1364.78600925413,9875.0
996.104234303261,8393.7998046875
932.249799559037,9098.0
1873.77880950145,14402.7001953125
1978.66386863097,13848.900390625
974.776729473894,7982.39990234375
937.577248662188,7600.39990234375
1878.37453345914,14229.0
1956.21961980868,18940.400390625
1934.97687035766,12858.400390625
2002.59584720866,19420.599609375
1033.52824447467,8376.0
1946.71699380251,13196.2998046875
1807.97878776088,20178.099609375
2003.3115345427,20170.599609375
1596.89947177203,9699.5
1009.26949548956,8183.7001953125
1414.12756115909,10702.400390625
978.050559101087,8097.39990234375
2005.79383135274,12956.0
1550.00880929643,10234.400390625
862.709849297257,5565.5
1334.98597368044,12085.5
1529.99440027603,12941.599609375
1289.71301405685,10642.0
1357.70553826522,8126.89990234375
1698.64368146061,14906.400390625
1510.58007269912,12231.0
1926.14293198822,12339.599609375
1026.59456400961,11470.0
1722.55071233166,14694.400390625
1139.18746212566,9208.400390625
1421.7872867114,13779.7001953125
2025.0855364966,24194.0
2082.74325048466,15005.5
1281.56157366174,12442.7998046875
1759.80699372544,11796.5
1136.00518167192,9926.400390625
1065.04644196905,16381.900390625
968.999553409198,9312.7001953125
1087.5625268216,10201.099609375
981.784250695644,7032.7001953125
1881.32482251593,14003.2998046875
2001.06200874546,14146.099609375
1213.50991002382,9324.5
1094.3575470422,7655.2998046875
1320.97817052681,10566.400390625
1148.90993979654,9722.400390625
997.111386584898,9225.2001953125
1025.99938300849,11371.5
1712.2085514478,12787.0
1497.00462221134,11642.7998046875
1044.77899192423,7385.0
1725.67563533489,13503.5
1054.95086243558,9198.2998046875
1037.19488910765,8472.5
1085.85639325946,10612.400390625
1649.88951439844,7788.2001953125
1089.84268038368,7549.60009765625
1813.63412100836,12505.5
1865.24914405398,17848.0
1195.45423009522,11012.2001953125
977.155671499301,7813.2998046875
1052.18912903651,9439.099609375
2055.64759085951,15678.099609375
1004.84662349925,7638.89990234375
1632.67737880039,15572.7998046875
1872.78045574134,12607.0
1212.68273762575,12069.7998046875
1983.98775377603,17732.0
1470.4281867305,10733.7998046875
1168.31246176228,8651.400390625
1169.14186163415,9337.7001953125
1287.46916831781,10644.0
1220.36095121066,11258.0
1330.96081713829,11998.900390625
1753.77065108335,14093.900390625
1708.00051930614,14071.2001953125
1596.02529967664,5916.5
1004.36504366227,8182.89990234375
2384.91922861936,20590.400390625
1870.85346815129,18148.5
1582.73741605729,12318.2998046875
2082.68377693402,18531.5
961.996709882442,6945.39990234375
932.777265356431,7064.89990234375
997.54006391897,8413.2001953125
2094.76938156628,18130.30078125
886.338891437253,6684.5
1999.98457966523,21848.69921875
1875.92854447216,14526.2998046875
1078.75554088522,10353.7001953125
1075.02307440126,8938.7998046875
1966.78853752605,16157.5
1183.04586450839,8574.7001953125
1314.64468287893,10901.0
1447.48197668591,11217.7001953125
2109.54777928329,20875.69921875
1240.27523528345,11528.7998046875
1140.72208020469,10867.2001953125
1589.39054619642,10098.2001953125
1936.84438439708,18011.19921875
1330.70888985077,12867.7998046875
984.31243346609,10135.2001953125
1806.39360602644,15040.7998046875
1671.71586198679,14731.5
1947.67347105505,16105.7001953125
1440.65053726857,32516.19921875
1556.4253817173,13763.5
1603.03449150375,13340.2001953125
2028.75351761386,18225.5
1965.26873214784,16618.69921875
1941.06945671336,16841.69921875
1581.02493419481,10593.2998046875
1884.33881732359,15953.599609375
1014.36127786397,9136.2001953125
974.311967064155,8588.7001953125
1850.47542403197,16650.19921875
1151.9101242666,9225.7998046875
2144.21128116623,21389.5
1094.31333168714,13485.7998046875
1020.07218658293,6211.7998046875
1852.55287747766,17266.5
916.518878355499,6507.2001953125
2068.82064820413,7771.7998046875
1496.07442914972,11065.7998046875
992.783627726131,9012.0
1940.87343901838,15699.2001953125
870.518147352466,6813.7998046875
892.350230685864,8070.60009765625
1980.7879876529,16214.7001953125
1333.63311746402,8636.2998046875
1158.5151409715,9724.7001953125
2025.16995775387,16815.599609375
1008.24697363866,7988.2001953125
983.580485573254,10359.599609375
1026.77665999329,8252.400390625
1611.88524730043,9260.2998046875
1200.25131768503,9988.900390625
970.151491488261,6364.10009765625
926.579932044972,7297.60009765625
1712.25944922428,11267.400390625
1091.50281661171,11432.7998046875
926.13087332557,8602.099609375
958.92001168713,5936.7001953125
1695.67924794515,13810.2998046875
1884.43816265536,12314.7001953125
1910.65263364263,17702.0
2273.73531905964,16278.0
932.487192579971,6387.60009765625
1947.31284304577,15897.900390625
1815.25895177655,20249.19921875
1080.66804989553,7691.10009765625
1923.98183690109,21220.400390625
1002.27912581612,8180.7998046875
1434.51696539482,10677.099609375
1159.81464919025,8264.099609375
1918.73947729735,12573.599609375
1114.98573647,7954.7001953125
1518.21340268682,10984.099609375
1884.68207103718,16098.400390625
1365.98995884658,11241.2998046875
1261.12550384976,8820.900390625
857.522508296539,5214.0
1803.8008265156,17490.69921875
1104.20442912517,8525.599609375
1884.54040370308,13243.7001953125
1741.09721611354,12175.900390625
986.392003011895,9565.7001953125
2025.89566872004,19420.900390625
1066.83911288857,8156.5
1983.41707498679,19218.0
2000.58466110871,14298.2001953125
2121.74297562683,14612.599609375
1042.49984072535,10629.099609375
2006.4402442514,12955.2001953125
1885.1977312234,13325.099609375
1198.09612540349,11778.900390625
1565.38595197264,14115.099609375
1054.09339639374,8894.099609375
1514.5402983798,12308.599609375
1043.66202518393,7461.2001953125
1563.66277823588,11489.099609375
1037.62568254184,8358.599609375
1109.73569208163,9759.099609375
1178.54814939818,11367.099609375
1160.03416673388,10000.7001953125
1824.31819912153,25464.599609375
984.112517691951,7908.89990234375
961.85314919561,7908.2998046875
1554.23031765462,15993.599609375
2291.73664862736,19197.400390625
1063.39566113101,10015.099609375
970.827863909623,8669.2001953125
1915.80500330459,17294.400390625
1400.01295063644,11229.900390625
1013.50481418535,9691.099609375
1023.75197331136,8433.099609375
2019.88683537947,19356.80078125
1719.49606612704,12551.2001953125
1906.91114588975,17564.80078125
1926.73588551552,14493.2001953125
973.212151872166,8912.0
996.623792568642,9147.2001953125
2049.57638825235,14501.900390625
1790.08994562039,8738.2998046875
1973.47719587239,16947.19921875
1049.2563256491,8398.5
1730.01687041018,16730.19921875
1031.16389240269,6883.7001953125
959.378982664972,8583.099609375
979.574596679535,11578.2998046875
1025.60055382343,9718.7001953125
1150.97636724688,13257.599609375
1402.13172372124,11448.2998046875
1720.7320913423,15865.2001953125
1676.63412415167,11065.0
1179.10312449709,11502.599609375
1275.41441419778,8401.7001953125
953.996069464038,7215.39990234375
1854.91477932844,15092.400390625
1051.94644576529,8335.099609375
1770.81349867211,11881.0
2195.39952023051,17366.599609375
1823.49236320774,15194.2001953125
1200.76051819721,10229.599609375
1158.92009570953,10771.900390625
1299.48293691981,10782.099609375
1900.74549839319,13942.7998046875
929.902264914303,7256.7001953125
1946.82859024022,18770.69921875
1323.7050439608,11930.400390625
932.120828825637,6647.7998046875
1003.21533305702,7857.10009765625
1577.16227186685,12418.7998046875
1890.85373271302,14077.400390625
1533.81819318606,4680.60009765625
1507.2224900568,13011.900390625
2194.81146714558,20872.30078125
911.386388897267,7047.10009765625
1864.98329505517,15818.2998046875
1085.85461128042,9512.2998046875
926.118733593324,7588.89990234375
2024.22951831274,14619.599609375
1850.75875870016,10778.2001953125
1954.11599354577,14730.2998046875
1781.61763762345,11684.2998046875
1741.23342613681,10192.599609375
1357.97784693807,10103.099609375
1750.49570771925,13424.2001953125
1187.87190925769,9473.599609375
1087.26493632104,8442.5
2048.34103127923,14890.0
1050.13239109722,9940.400390625
2065.30792201119,18703.80078125
887.156819819022,6800.2998046875
1442.64323533592,32316.900390625
1748.36312429685,14314.599609375
1235.21196457376,5655.60009765625
1409.08890403496,10449.900390625
1970.81491917879,18584.30078125
1311.9493281993,12984.400390625
1085.20530266581,7589.89990234375
988.910719018664,9955.2998046875
1125.53750263906,7377.10009765625
2348.41716985648,33341.80078125
1638.72897963805,14687.400390625
1136.1021881562,9605.2998046875
958.121685074859,7378.39990234375
1905.08573110527,21545.599609375
1508.5051808483,13793.900390625
1342.92758604297,11145.2998046875
1167.6937809125,8765.099609375
2343.93371057864,54081.30078125
1285.94847195008,10313.599609375
1027.63590801417,9905.2001953125
1179.19110971245,10581.0
2172.65946288671,17819.099609375
1922.66228141808,13738.900390625
961.855599416797,8561.599609375
1162.5039896906,14866.400390625
1117.76272806464,8375.599609375
1197.50807231856,10560.7998046875
1966.07106821296,17173.400390625
1652.87677952042,10556.7998046875
1781.89818794938,17307.400390625
2062.43113959001,18120.69921875
1031.36135795565,11008.2998046875
1159.74337002844,9942.099609375
1159.88837857324,10585.2998046875
2032.95074650756,19034.30078125
1902.09735224639,16783.599609375
1909.88237320032,13573.2998046875
1895.28440086165,19356.80078125
1710.93800038854,12810.7998046875
928.117779961022,6314.10009765625
1203.94424650892,9255.2998046875
1740.46851163164,14907.900390625
1082.59002566952,9460.599609375
2295.1676265316,33245.80078125
1797.54396396667,12861.099609375
1114.95043101017,8910.2998046875
1068.77155778945,8623.2998046875
1464.25463170193,11067.099609375
1080.44485702011,9268.0
996.738952964441,9959.099609375
1095.98015033659,10436.599609375
986.704294839575,9081.900390625
1162.31899799096,10907.7998046875
1816.25964438415,15162.900390625
1172.9389248585,9959.599609375
2028.79383488976,15592.7998046875
950.195776402664,8254.7998046875
1616.65170712539,10667.099609375
2025.2156209669,15913.7998046875
1004.26035239336,7421.2998046875
2193.37786500368,18850.099609375
1871.68921632351,19816.80078125
962.847159381787,9654.2998046875
1674.47547928574,14618.2998046875
1804.36137029903,18280.099609375
2007.57113270299,17261.5
1642.98044751894,15146.099609375
998.802150577768,9641.7998046875
1022.04517150709,7767.7998046875
1013.64458816671,8675.2998046875
1262.08342896027,10860.099609375
1145.08726062341,13325.7998046875
1715.39539822285,11882.2998046875
1281.4297072124,8845.2998046875
1538.67720454769,10947.599609375
974.581045899988,9864.5
1498.88026653016,23644.599609375
1466.63758318019,13214.900390625
1082.83237481968,9664.599609375
1667.58846439692,13770.7998046875
1077.24943447091,12352.099609375
1721.87935172637,10115.099609375
1165.9642588754,11571.7998046875
2088.89241467505,16179.2998046875
1807.51725518816,17109.0
1998.64163570725,15501.599609375
1054.95943820973,11902.599609375
900.895210015747,6667.7998046875
1539.75530187007,14163.0
1666.70348905357,14774.599609375
1026.85584668712,10975.400390625
1011.40497462791,7527.2998046875
1716.87510907255,18474.900390625
1337.88458534492,15097.2001953125
1762.46214250286,12955.2998046875
2009.59412441411,17184.900390625
1216.12552114117,7953.7998046875
1551.94515227647,11870.0
1426.73974059922,13547.2998046875
2000.62787410056,19701.0
1897.02940384171,17762.099609375
1904.54712793885,18051.30078125
1069.87883501869,8262.7998046875
1062.7324308051,7805.2998046875
980.934580812131,8629.7998046875
1260.93082263907,9927.599609375
1637.12876245542,11161.099609375
1844.97445471929,12696.599609375
1204.2001832493,14237.900390625
1012.08892046021,9464.7998046875
959.268499964167,10875.099609375
1967.55011082051,13789.7001953125
1122.40767919346,12669.7001953125
2143.65664018839,15425.0
1967.98068150732,17901.0
1066.07041167793,9785.7998046875
1170.79475857231,8071.2998046875
1930.62884148725,24042.599609375
2288.42929551938,15070.400390625
1957.63718413918,18558.69921875
1587.92575942123,13999.7998046875
2023.86733107179,19945.099609375
1204.61427062994,9694.0
1585.91925101628,13410.7998046875
998.811394594065,10620.7998046875
1791.7699063653,12876.2998046875
998.425707504459,8165.10009765625
974.923631371437,8157.39990234375
1128.09041036876,11805.7001953125
990.611729391044,11774.7998046875
984.105723896841,8967.099609375
931.416557294848,6947.89990234375
998.097155117991,8013.5
1560.17967744456,12392.5
1563.81736491806,11801.7998046875
1960.35826614127,12219.7998046875
2214.69879878532,16108.0
1063.68178014146,8901.7998046875
1808.74682072938,12788.599609375
1005.07505093811,7497.2001953125
1737.93743314524,14265.0
1811.83220607254,15201.2001953125
1686.89865757338,12495.7001953125
1556.50490253219,10375.2998046875
1507.20856834551,10158.5
1365.58288800843,11071.7998046875
1883.26027450645,15327.599609375
1003.99194179967,12676.0
2173.24172453975,16677.099609375
1024.6693583986,8217.900390625
1841.01356079646,16764.69921875
2125.16816209918,16774.69921875
1027.04184074996,9984.0
1732.75510396059,13743.7001953125
1033.57958774591,8702.2998046875
1579.63888861868,11234.5
1911.20170593595,19093.80078125
1854.53165383372,15172.2001953125
1008.97791916828,8824.0
1748.03301267872,12779.2998046875
1966.59853401035,23124.19921875
964.880731593487,8093.2001953125
1643.29118011496,12105.0
1836.50014199592,11729.2001953125
1154.27336260167,10394.0
1041.81689725626,9416.7998046875
1038.17096812968,10672.099609375
1811.36354558364,13046.2998046875
1588.19060605683,12794.5
1845.20789397421,12125.2998046875
996.4976061775,7567.60009765625
1144.77608253263,10496.400390625
1278.50113602522,9598.2998046875
2260.36869424123,17195.599609375
1142.23319843506,7599.89990234375
1585.95489059718,10970.2998046875
1532.42390595684,9505.0
1838.64386278735,18313.599609375
1817.94940601381,14793.2998046875
1821.33616856299,14991.2001953125
1946.20979801676,14226.099609375
1011.46945999461,8858.099609375
1861.28245869926,15128.7001953125
888.878601384649,6229.89990234375
965.154376750623,7896.7998046875
978.305047983486,8836.5
1320.45293220322,12345.2998046875
1542.59187838903,15822.2001953125
1719.33602213404,11491.400390625
2093.20458121717,18950.80078125
1823.63993334743,14187.599609375
1191.64034944362,10243.400390625
976.515941022057,7280.5
1907.81639124474,23448.30078125
1155.38242180995,12840.2998046875
903.731006918879,7894.0
1079.18321585608,10567.400390625
1129.68628397747,9014.400390625
1974.9395324264,22686.30078125
2106.39412186796,16173.5
1164.80597249599,9674.2998046875
1958.8587307747,17277.19921875
1127.34732510689,10271.7001953125
2246.12466749042,19741.30078125
1140.98013304518,8691.0
1055.18218559039,10143.7998046875
1928.0108915224,17074.5
1291.52528674587,9909.5
1001.01715053101,9948.7998046875
1891.11056044291,12776.099609375
1848.90238202978,12373.2998046875
2013.8363482787,15922.7001953125
1284.98508952874,9988.099609375
1567.85076311329,13470.7001953125
1489.13462313169,15173.7001953125
1493.00730909178,10872.5
1702.88980340437,10655.2001953125
1929.87328237206,14402.099609375
1044.29819170308,8723.599609375
1820.96841263753,13512.099609375
2116.31640393928,17543.900390625
1001.32855136917,9304.7998046875
1021.7283133581,8510.5
1010.94411029733,5132.2998046875
1137.07938091513,8638.5
1183.01345476451,9349.5
1266.90624387255,13115.7998046875
1049.96377133007,8837.2001953125
1345.15361199156,12371.099609375
1679.04870575799,1777578.25
1793.80036011367,17677.099609375
1328.74269872172,12108.0
1247.66120430494,12747.099609375
1965.42376432477,17076.30078125
2074.99030515354,29246.5
1063.11834064209,8392.0
1282.70025827166,9512.599609375
981.748165619977,8353.0
878.686015366898,5013.2998046875
2138.69204656833,19568.30078125
1691.83407128657,14579.599609375
1089.97889040696,11175.599609375
1200.48297496091,15403.2001953125
1335.50597744058,10510.7998046875
1729.06250925776,16111.2001953125
1218.46091605366,12819.2001953125
1974.16971747885,15225.2998046875
1163.08458073828,6024.0
935.610277917305,8473.7998046875
1612.71776563563,10350.2001953125
1696.89099369592,10218.400390625
1888.29948849903,16347.2998046875
2086.60257160191,19684.099609375
2234.50126367302,21638.30078125
942.341481013351,8179.5
1914.54870807769,13256.7998046875
1202.92918669527,8881.2001953125
1016.30653073924,11494.0
1050.60851362338,9103.099609375
1863.72131977006,15600.2998046875
1505.52704836893,13611.7998046875
1976.77007040063,14226.2001953125
1633.02052114029,14794.7001953125
1692.80636360314,12131.5
953.191283177727,6871.2998046875
1961.30316053002,17800.69921875
1953.2392598555,14147.900390625
979.456206446717,8287.7998046875
1824.42935006447,13905.2998046875
1540.33489055453,11747.599609375
1893.70779490136,18999.30078125
1187.30769014248,9250.099609375
1473.50666690486,11832.0
1507.4021358193,12262.7998046875
2066.96672175493,16870.599609375
1053.32714540428,9493.2998046875
1134.21863630537,9224.599609375
2174.1808274966,8904.5
1913.5490178333,18770.099609375
1710.00847556906,12882.7998046875
957.564927996909,7611.2001953125
1840.67387104096,16269.599609375
2177.90494095378,20514.69921875
1328.08904653318,11655.2998046875
2052.1460020356,13782.7998046875
1752.11953612424,20743.69921875
1901.44180670512,15125.7998046875
955.427666879514,8541.7998046875
1066.85771229486,9175.7001953125
1000.27005581629,8271.7001953125
908.702060212981,6478.60009765625
1028.82671551116,10387.7998046875
985.955418145809,7408.5
1070.37923700934,9197.099609375
1094.8895791609,8459.5
1826.69535916789,15351.599609375
2195.89535589985,16797.80078125
1845.24175157607,13436.2001953125
1634.88135275829,11937.5
1052.82529555566,8769.099609375
1066.19403647419,11640.2001953125
932.398817556696,6878.7998046875
1385.50051329193,14349.599609375
1781.9659031531,15177.7998046875
1907.28736621568,11882.599609375
1345.40598477384,10756.7998046875
965.70322629656,7960.0
1041.30624888611,7358.10009765625
1757.80226729953,14961.2998046875
2124.45826619702,20262.0
1047.74420505552,8599.099609375
1221.43437083804,10566.7998046875
1101.99655708811,9624.5
994.93236033363,10063.099609375
970.67394546959,10103.599609375
1117.90784798314,11973.7998046875
1052.84378358826,9389.0
1069.68571303966,9004.2998046875
1641.96471946315,6566.10009765625
1852.67483166857,15320.7998046875
1676.89930490834,15075.2998046875
986.912340893108,8466.2001953125
1002.17320943662,8495.0
1993.54383915356,18009.80078125
1279.42999260256,10718.599609375
1163.46013282206,9060.7001953125
1503.50851160543,9942.5
1728.64619440332,12044.599609375
1790.07747176707,16737.099609375
1059.73157809291,8665.2998046875
1073.22828738162,10668.2001953125
1027.13628563936,9667.7998046875
971.404556878142,6233.7998046875
961.996709882442,8006.2998046875
2132.32503543966,19565.80078125
1104.96388631952,12144.599609375
896.707169451496,7039.2998046875
1858.7901382571,19805.5
2151.25254861614,16482.80078125
2202.5735451193,20400.099609375
1881.04817026916,17832.80078125
1990.57862602226,16744.5
945.222607008447,6329.7001953125
1002.78309176485,6195.2998046875
1630.56495401593,13190.0
1804.38676350042,17519.099609375
1848.27935760608,15151.099609375
1365.23439973139,9146.099609375
1793.62895600426,13612.7998046875
1442.61962411357,10581.5
1611.25943853447,10464.7998046875
1847.48036275167,16142.599609375
1873.62912326164,22295.30078125
1978.76655517345,17308.30078125
1758.09941230533,12699.2001953125
1301.44277974851,9845.5
937.564774808872,7691.10009765625
1911.07741289754,13368.2998046875
1141.98193938968,11194.5
1869.00310566018,13763.2998046875
2066.83841926367,16782.30078125
1188.5764592227,11296.7998046875
1790.81654757609,10212.2001953125
1224.72780223473,10929.7998046875
1628.39383529668,14019.2998046875
2009.43196432099,15630.2998046875
1233.66943896272,9518.5
2024.54381486684,15398.5
1239.08342542325,8909.7001953125
966.709710336054,7961.10009765625
843.118771673795,5803.5
2108.3431614487,16341.400390625
1947.94433186993,16255.099609375
1963.04370856246,16861.099609375
1590.50717881565,13765.099609375
1287.91889527936,11706.2998046875
981.034705759736,7680.5
1924.16003480562,13809.7998046875
1191.36525642851,9300.7998046875
1509.53193489944,11288.2001953125
1619.06305889469,11721.400390625
1525.43465002031,10322.5
1523.04568436277,12374.099609375
959.546154574155,8782.2001953125
2078.36715544429,16129.599609375
1713.22349988776,16446.5
838.939696691616,6252.5
1836.42563299709,19500.80078125
1520.6939175178,13265.2998046875
1085.37102671701,10355.2001953125
1588.19951595205,11186.0
1438.64336062148,11996.5
1768.96558640218,13122.599609375
1035.43886013225,10516.0
1963.01519689774,15046.099609375
1841.41985201878,16329.2001953125
1632.45028784581,13223.900390625
1388.0077578086,10618.5
1854.05898389196,14571.7998046875
1677.32375004218,21119.30078125
1512.6863719306,10491.7998046875
1849.77911572004,16467.80078125
887.26128834055,9821.900390625
1216.09556161847,6938.5
1776.1312582642,14434.099609375
873.432017212518,7099.7001953125
980.928121138092,12593.5
891.312784760458,6707.2998046875
940.631894866815,7957.0
954.950430616459,6066.7998046875
2213.64386719053,18524.80078125
1063.15119588074,16649.80078125
1146.9205829399,11396.7001953125
1920.02539792588,15764.5
1161.76513662896,13425.2001953125
1389.66065474675,15659.099609375
1135.41144852878,9569.0
1061.8285219344,9383.599609375
1804.48432685315,13057.7998046875
2160.78502277132,19185.0
1149.33226883026,8671.2998046875
1955.3615968984,16967.69921875
1225.40462015085,12563.0
1993.7643590604,17057.599609375
1034.72072257701,8979.599609375
1179.75777904884,11361.5
970.455096168095,8177.39990234375
880.849003806759,7387.2998046875
2263.71747836201,21222.5
1889.91217953498,13674.2998046875
1819.43591065862,14302.7001953125
960.173077077011,7350.0
1308.40096242545,8943.599609375
975.694448682197,8524.7001953125
919.612004170134,9691.099609375
1458.60932208658,10635.2998046875
1309.76172617387,13132.0
2030.20694427264,14380.5
1142.11135561784,11435.5
1413.90124982034,11942.599609375
1734.88490304073,20013.5
1921.9343429781,12416.7998046875
1929.73651548034,15930.7998046875
894.654719399286,5757.2001953125
1786.59437097576,12351.0
1428.621510471,11428.0
1483.90451463389,10841.599609375
1705.79264726908,13678.7001953125
1790.62164361802,13546.900390625
916.782611254196,7520.10009765625
1890.2378362055,13785.5
966.371134317457,7913.7998046875
1981.25241594157,15892.7998046875
1403.67491757442,12069.2998046875
928.008021189204,9740.7001953125
1741.20736469327,14654.5
1838.53015024953,15668.5
2250.77919675661,28338.099609375
1577.86437161068,11991.0
1123.15644451354,9337.900390625
1705.70031847979,12523.599609375
1055.25947893147,8637.7998046875
2269.73455335568,20317.30078125
1162.64832999326,9683.7001953125
1874.08597813937,21142.0
1515.70749465444,11745.599609375
1858.07344855984,15208.7001953125
1862.98959462461,14826.400390625
1799.49233530526,12673.599609375
1645.04576123238,15962.7001953125
1950.57965613047,14363.2998046875
969.182429008717,9252.2001953125
1102.42668228016,9296.5
1092.13786939396,8556.7998046875
1791.46986564356,13781.2998046875
893.909462350456,5294.7998046875
2027.69034436599,19876.19921875
1737.65198237693,16693.900390625
995.889283080928,6905.5
1142.72502465155,9756.599609375
1471.19332398306,11871.5
1924.17094942727,16067.599609375
935.687571258393,10236.7998046875
978.470437913623,6673.5
2107.01603255475,24337.30078125
858.929937621214,6635.2998046875
1965.51152679275,18024.30078125
1272.94214101988,7771.7001953125
1797.06672770361,12355.900390625
1016.50822849243,8896.599609375
1472.70878578735,10213.599609375
1610.30964370335,15893.0
2230.82749112386,19058.0
1423.50366665304,9973.7998046875
966.242163584057,7300.10009765625
972.583892885025,5698.60009765625
2006.94610355287,22371.599609375
802.957975809957,7192.0
962.252646622816,8818.5
1120.51020563134,9433.7998046875
1241.78245543466,8232.099609375
982.311716493037,9238.099609375
2038.81145284,20427.5
1679.44786906412,11288.0
1523.09067933366,11905.099609375
1330.94622718486,8967.2001953125
1941.13472169589,16704.599609375
1127.34799334903,10066.099609375
1488.08581708987,9755.0
1779.37134166322,13996.7998046875
1714.27130356637,13302.5
2296.65134683415,18892.400390625
961.644657647316,7526.7998046875
1035.45422970151,11391.2001953125
1799.68412080001,20795.099609375
1120.33022574777,10794.0
1587.39161120241,12702.599609375
2049.16764680885,15093.0
2071.43770717946,15039.099609375
1980.82340448643,11739.7001953125
994.346089227743,9285.099609375
1993.57970148184,16912.30078125
1379.52442381631,12137.0
1582.84110496299,12281.0
1227.16521544756,9542.2998046875
1005.00555375535,8379.599609375
982.22439951982,9180.599609375
1438.19719761802,13065.0
1246.1657897649,11128.099609375
965.320546296592,8838.0
2134.62957983992,17891.0
1659.23387839065,14435.099609375
1828.34469214796,18200.19921875
1946.98139494335,22228.30078125
1908.44542984771,12308.099609375
1904.2310494057,14511.5
1604.93085132896,10226.0
974.46989495704,7635.0
1243.01948301313,8652.7998046875
1142.48590533842,10626.0
1066.4898449957,7068.7001953125
1737.65053451896,15336.099609375
1224.08885137332,11505.599609375
881.265597095431,5991.10009765625
1007.93512730574,9674.0
932.384895845405,6670.0
1008.47473283538,6389.60009765625
1007.36277791114,10843.5
1618.36340937205,10069.0
1964.86110444123,18238.599609375
953.35845508691,10179.2998046875
1914.20901832219,17991.5
1123.57520958917,8194.5
1962.47926669988,16607.80078125
1166.81459700105,13175.599609375
1727.78661226137,12664.599609375
1609.42400011787,15256.0
1847.36163839778,14394.0
1456.72688397266,9924.0
1415.64480494243,18561.099609375
1019.16304314878,7691.10009765625
1730.54689780246,14642.5
1238.522102024,11257.0
1507.22750187286,11904.599609375
1767.99797178061,11599.7001953125
1167.19092870067,8244.599609375
1968.13660467378,14647.2998046875
1038.4735704463,9680.900390625
1597.87142996752,12182.2998046875
1745.26170114229,11230.5
959.413954003735,8791.5
1832.69773283443,17128.0
2043.55040336346,18864.30078125
1954.81809328959,16636.599609375
894.90202467866,6467.60009765625
1874.83730505432,13961.5
1249.34305840258,8816.599609375
1773.97940719337,15749.2998046875
2236.59508905119,17337.099609375
899.321332710876,6504.0
1706.30229327602,14326.0
961.236250324883,7628.10009765625
1891.35335508783,13377.5
1545.25025700347,11445.0
2125.71567516083,12843.2998046875
1947.08430423322,18224.099609375
1061.26586205087,12161.599609375
1587.63039639448,11495.599609375
1240.32011888065,13313.0
1907.10649534259,13775.2001953125
964.363623549294,8839.2998046875
1772.41906179187,17437.30078125
1598.94874767406,8674.5
908.912667861391,6129.0
1699.64693566308,14875.7998046875
1708.05008059833,13438.099609375
2011.5253442044,19874.900390625
920.001199530986,8242.2001953125
1009.19353863275,7390.89990234375
2033.15723332943,26899.0
1631.98062499369,12277.599609375
2047.16358862508,16704.80078125
956.696770080802,7724.7998046875
1665.65033943783,11213.5
1654.33299052146,13113.2998046875
1081.96488514571,9093.2998046875
1807.47671516488,19202.69921875
1024.64262871292,7339.7998046875
1985.36589182015,17956.5
998.090361322881,7643.0
1777.69873158187,14354.5
1572.08619318277,12922.2001953125
1026.54756431229,8134.7998046875
1775.1650915006,17468.30078125
1671.70338813347,15508.0
2219.88368956485,19339.30078125
1840.54801877089,14109.7998046875
894.633669771814,8920.5
1946.23051352316,12812.2001953125
1153.01996309071,10291.7998046875
2199.8560270753,29598.30078125
921.062924920883,7937.7998046875
982.24823348955,9578.5
1791.59995011386,12955.0
905.859413827893,5879.2001953125
1423.1229913795,12717.900390625
1030.65391227468,9294.400390625
988.830195840556,10058.0
1441.91440590641,10549.7998046875
1625.72153497095,18762.80078125
1184.22843035229,12968.5
1786.41439109219,13064.0
1387.20720372252,13822.400390625
1714.65520867693,12529.7001953125
1155.90743738616,11371.400390625
2355.40698266147,22863.19921875
1921.61804169757,13718.099609375
922.232961224624,7528.2998046875
1832.19309864355,15896.2998046875
1825.27333988978,11526.099609375
1759.18641952293,15118.0
1075.92007810316,8792.5
1710.28579605798,14963.2998046875
955.287224656011,8576.7998046875
894.12970382308,6606.5
2207.54660313983,15474.7998046875
2002.40272522963,16422.5
2054.05227411925,7120.39990234375
1276.98578559462,7236.89990234375
983.718700322951,10787.7998046875
1876.00093737087,16947.80078125
1285.13299378949,10632.0
1019.9043464316,8754.7998046875
1910.3283134564,12995.2998046875
1314.30788883937,11213.5
1829.75501718858,17441.30078125
913.789220579249,8531.2998046875
1485.95735449401,14615.5
1746.74252572889,11755.0
1714.1419987119,12394.7998046875
883.675222572523,6004.2998046875
987.670795724242,10159.5
1727.10901472941,15548.2998046875
1166.54407030725,8753.0
1084.87530242136,8014.7001953125
1395.37757764498,11642.900390625
1114.72345142928,10994.2001953125
1779.65534457356,13595.400390625
1494.09966224651,8831.0
1810.58303876182,14409.599609375
1045.28930617331,9626.7998046875
980.290172639893,8359.2998046875
1538.03713994938,6582.5
1507.50727258297,7215.2998046875
1541.27354801662,13266.2998046875
1317.79132375176,10480.5
1866.75914854745,21022.80078125
1144.16452959904,8997.5
990.439322918416,9343.2998046875
1051.05289464778,9555.2998046875
1839.35943874771,14027.2998046875
1259.89950226663,11709.7001953125
1389.83818440914,10995.2001953125
2011.89822331962,11375.599609375
1657.22202404857,12731.5
951.074292071972,6663.2001953125
1735.45691831426,12307.0
1739.35165626503,17077.30078125
974.03509207,7444.5
2071.38068385001,18084.80078125
1839.08679595378,17486.30078125
1862.0661953581,13787.2998046875
1104.8605315349,7375.10009765625
1277.86998132213,7750.10009765625
1002.8550391688,9082.599609375
2174.15632528472,18484.80078125
1501.71439282793,12578.2998046875
1424.86977633861,10136.7998046875
1756.19447670596,16646.30078125
1199.18602833704,11190.2998046875
1108.43161754158,8220.2998046875
1588.75694127214,13996.599609375
1632.28924148959,11452.7998046875
973.490140603225,9052.099609375
1273.38262396512,8582.599609375
1729.87787604466,13064.0
1490.60341935974,10002.7998046875
1451.69279316983,11045.900390625
1015.27331701407,7848.0
993.769841753986,8794.7998046875
967.431077728309,10932.2998046875
1065.77315529844,11916.2998046875
1787.97651847273,21480.599609375
1908.58108300253,18319.099609375
896.91889083681,8109.2998046875
898.721529701615,7678.0
1643.52395112774,13487.2998046875
1698.82622293906,13416.2998046875
954.352799394158,7403.7998046875
1596.80970457762,12508.099609375
1017.116551589,8174.10009765625
1747.27143938426,11764.5
1225.52044878879,9337.7001953125
1571.49101218166,10342.099609375
1380.9995683447,11801.2998046875
1713.3048026817,11643.099609375
1085.41947427231,6333.0
1721.25565906053,12395.2998046875
1793.9301104629,12223.099609375
2021.90247642702,15090.2998046875
2047.50595134915,17176.80078125
1623.28100329479,14702.2001953125
1023.81612455699,8946.599609375
1731.02836626574,13596.099609375
1963.85918672304,17068.80078125
1387.65203024169,4072.89990234375
1804.9719208694,15282.0
1707.3308293062,9849.2998046875
979.203945038124,8019.10009765625
1819.9473386446,16588.30078125
1829.11239099539,12567.0
1498.75018205985,10747.2998046875
1735.60059037478,10162.599609375
1675.1437214277,9680.7998046875
1135.77074005378,10716.7001953125
1726.73914270383,14690.599609375
1358.89556614637,6760.7001953125
1051.05723822171,8850.599609375
990.030135980151,7482.2998046875
1005.17016406965,9512.599609375
1004.14229628162,9098.2998046875
1005.82771433735,9040.5
903.022503187857,8917.2998046875
1217.84190108282,8368.900390625
1694.42473469729,12137.5
1780.64579080165,15307.900390625
901.873126703672,8240.7998046875
1598.6062735763,10534.2998046875
1259.81641749365,16517.80078125
1862.53808568402,18485.599609375
1814.89364607228,12049.099609375
1547.81385660744,11094.7998046875
1699.95031759554,15462.099609375
1894.874991176,7382.5
942.497626927191,8615.5
922.72228153308,7906.7998046875
1030.90695329911,8261.2001953125
1545.88397330144,7858.60009765625
1611.9903840641,14010.2998046875
1681.50895057733,13002.2998046875
1171.64197823463,10253.2001953125
1144.33136738715,10219.099609375
1025.05070191428,8123.2001953125
1858.70393502078,13962.2998046875
1316.15045517216,13430.599609375
1656.99638095196,13915.099609375
866.035412003607,5937.2998046875
919.064602482172,7335.39990234375
1589.92948348392,8841.0
1599.19755649826,10389.900390625
1702.76940844512,12227.7998046875
890.73113566272,5534.2998046875
1058.29953518267,6320.7998046875
1592.1958267084,12999.2998046875
1033.84042492866,8952.5
1888.90313390061,14223.400390625
1824.95469976175,14378.400390625
1415.21568211359,10229.5
1092.73271627401,9766.2001953125
1386.27456043971,12669.5
1553.38387760813,10366.7998046875
979.52859934543,8679.2998046875
1850.53322697725,20097.30078125
2014.49657151497,13380.2001953125
848.15219423448,5571.10009765625
1377.52793904349,13508.2001953125
1004.60672457028,7484.5
1001.70276696867,9462.2998046875
989.81240041556,8067.2998046875
1202.13052596193,10602.7001953125
1020.70044557007,8019.7001953125
1016.81617674619,7241.0
921.408962976732,7141.7001953125
1785.84950373484,12179.0
1761.92788291035,11809.599609375
960.450731686999,7509.60009765625
1531.13408724915,7074.2001953125
1018.69148694393,9887.0
1284.20491682799,12123.7001953125
934.052104302771,11399.5
891.211211954879,6049.2001953125
1959.56974041375,13873.2998046875
1148.76816108875,11952.5
956.873520127353,8489.5
1959.99028746843,21441.19921875
1008.75984948262,8360.0
1060.76646242343,7023.7001953125
1525.82701953133,10752.2998046875
923.190942021981,6031.5
1815.5704639884,13512.2001953125
1132.06166204478,12842.900390625
1287.08426084404,17625.0
1618.13565017533,9507.0
998.562919890943,8651.2001953125
1862.98101885045,19640.80078125
1262.36219730717,8610.2001953125
954.084722921539,8266.900390625
1417.21539672343,10384.2001953125
1015.22264198497,9242.7001953125
1770.7974608607,14902.2998046875
1400.12087174236,14118.2001953125
1808.44076582836,17139.0
957.372474260022,5370.2001953125
1909.31859957988,15140.2001953125
908.828580725193,10220.599609375
1660.79845599238,17330.400390625
1817.11822416289,17329.19921875
1185.21987894359,11490.7001953125
1128.91078897171,6842.89990234375
1847.95681939889,8110.5
927.35826707983,8408.0
959.603512024674,10012.7001953125
1502.33240543556,7235.2001953125
1931.56972642314,16664.900390625
1267.82997726013,7933.5
1898.54319504064,19647.099609375
1379.96958445655,11311.599609375
1016.98546475548,10352.900390625
906.730467459949,8290.2001953125
1093.34248722855,6591.7998046875
1102.37144092976,10005.5
1013.38898554741,8632.7998046875
1953.43349557144,12791.5
1041.40570559157,8513.0
2023.95643002405,15924.7001953125
2329.64112489884,16121.0
1772.33608839258,15103.2001953125
1259.67207719098,10721.0
950.805881478281,9119.0
1742.92808820884,15142.5
1310.62843623201,12480.2001953125
1850.81979148246,16929.0
1009.57020445344,8438.900390625
978.023829415408,9397.5
1049.92389954893,10008.099609375
2032.52819472646,17499.900390625
1370.54001959124,10635.2001953125
1125.11595322117,10767.5
1232.16433491162,9850.2001953125
2173.89548810198,21643.30078125
1009.06991383649,9054.2001953125
2071.21629628309,12303.900390625
1151.8156793772,8940.599609375
1882.2256129233,15308.599609375
1760.33624150188,14191.400390625
2222.19135242844,20139.5
977.159569578462,10183.7001953125
2014.76297738223,18563.80078125
2022.73443789377,17088.0
1031.55314345039,7999.2001953125
1743.15573603187,15082.400390625
1123.21881378012,8727.5
1456.93860535797,12145.099609375
970.958727995759,7623.89990234375
1604.22696960609,12590.2001953125
1557.23974614097,11248.2001953125
933.757743639234,9179.7001953125
1624.89792653097,12342.7998046875
1530.37540967064,13520.5
1202.34792740545,8429.7998046875
940.224489907595,6715.39990234375
1719.75022088837,12494.5
1372.24437117433,11606.5
1225.15091088429,10291.7001953125
1744.12769422737,13036.900390625
1151.53056272996,16754.599609375
1284.14789349854,8552.099609375
1206.85533202672,9785.400390625
1176.15818137743,10049.599609375
1346.85150390061,12317.0
948.765960966233,8827.5
1307.16504858388,10605.400390625
1872.25633115466,16451.5
1297.62967871275,15126.5
1940.76807950733,19263.400390625
1720.95728894414,14270.5
975.631411173472,7889.60009765625
1700.99912363736,11941.099609375
1603.86277763872,14547.599609375
1270.62946634022,12642.2001953125
1114.71376191822,11510.599609375
1751.63762216619,20375.0
1239.42846111589,12560.400390625
1515.03825014926,12829.0
1923.45793506179,13111.400390625
1317.57147208706,17506.5
1995.84548783787,11460.400390625
1217.03789441234,12546.599609375
1444.26227467222,11973.599609375
1973.86009861974,16938.900390625
973.955237134035,8610.099609375
1479.97458259697,9111.2001953125
1973.43531936483,14790.0
1614.26597130488,11997.400390625
1394.86759751697,10287.900390625
1076.76551578644,10833.7001953125
882.048999633198,5913.39990234375
1757.99394142059,14369.900390625
1093.32644941715,10519.5
1160.1606872461,9098.099609375
1038.48003012034,7868.89990234375
1456.01698807051,5071.5
1481.6047593023,10905.400390625
1631.90466813689,13656.900390625
1194.95204612553,10072.400390625
1187.09775073621,10876.900390625
1326.75222812818,9544.2001953125
1081.08358513415,7424.39990234375
1972.00260821245,14174.0
1556.94861531446,10800.099609375
821.169467531326,815514.125
1093.40663847418,15927.599609375
1084.2519438766,8755.7998046875
1884.06996123514,12232.400390625
926.691138674765,7292.0
1950.64024341801,18012.400390625
1462.50160981617,10778.0
1232.05530006879,12297.400390625
1648.54946615641,14714.400390625
1194.72751676583,9113.5
951.726830523604,8652.400390625
1105.75653287359,9842.0
879.032109109592,6588.39990234375
1986.63711112155,17801.099609375
1075.84456674111,8861.2998046875
1028.04721105255,8835.099609375
1779.63785890418,12063.0
1879.7337379759,28686.80078125
1824.25616397601,11702.400390625
1662.30990834382,10748.5
1091.78403517979,10407.7001953125
948.821536437707,7744.5
1682.48157701497,11071.5
1002.4462977253,9722.7001953125
838.212315120083,5077.39990234375
1856.86170280907,10112.5
2104.69144089022,16254.400390625
1001.20637443088,8901.0
2131.7695034723,21332.900390625
1627.43836040735,11070.400390625
1082.17482455198,7976.89990234375
877.657089528802,6649.0
1184.00067115557,20739.599609375
982.949664991236,10409.900390625
1422.02139420847,11244.599609375
1739.09928348275,15323.2001953125
1880.88489643913,9394.2998046875
1780.89671572595,14683.0
1621.2795067059,10773.7998046875
1742.10080443709,14028.2001953125
950.671898928817,8697.400390625
983.525244222852,10605.7001953125
1039.98112471858,9363.5
918.958741789515,6968.2998046875
1240.23179954422,12456.0
1701.50631942311,13597.2998046875
1621.64659438923,12640.7998046875
911.66905532332,7304.2001953125
2094.80413015766,13029.7001953125
969.578362477833,7413.10009765625
1882.25702030398,17440.5
1701.58082842194,13201.5
1892.6410576954,17547.0
945.526657183042,10859.7998046875
1924.5413783213,9998.5
1001.9765234995,11067.099609375
1642.76081860161,11047.0
1957.36253661883,13955.5
1316.14410687181,9301.5
1085.90918438868,9932.7998046875
1677.39358134602,13775.0
1666.97189964727,14235.7001953125
1509.25895798444,12697.2998046875
1262.01571375655,8102.2001953125
1320.88907157455,10075.7001953125
1797.47368716807,8867.900390625
1444.50673992249,11225.2001953125
1677.09922068248,11586.400390625
1681.75096560641,12004.099609375
2087.39956172989,12993.400390625
1002.63941970433,8616.0
1494.87582549441,11178.7001953125
1887.14899827795,15989.5
2239.9665934048,24537.30078125
880.120508498323,7387.0
1600.97240762732,14779.2998046875
1905.92994367796,14784.7001953125
1145.50635982011,12796.7001953125
2133.83147597503,15034.7001953125
1960.51240732869,17354.900390625
1768.20468134986,16955.400390625
1021.51380763053,8701.0
1341.5650403155,13358.0
1487.95428476159,10019.099609375
1887.4603991161,20276.0
979.836547599187,8908.5
1156.75320919051,10721.2998046875
1686.81390219504,13338.2998046875
1806.29771327907,21618.19921875
943.712268393908,7115.2998046875
1116.57169782027,13195.7001953125
1745.55394570571,17132.5
2030.0554760538,16630.599609375
1206.24945915133,13327.2998046875
1052.57871420528,9426.0
884.46358123951,6757.2998046875
942.159719150735,7235.0
1094.71817505148,10426.0
2091.53375311487,16309.099609375
1899.28962151322,14343.7998046875
1996.02969992168,19715.5
1853.24606732626,16472.5
945.397575075952,8746.0
982.066137505864,8070.7998046875
1129.19980369811,7287.5
1230.70600781047,10025.7001953125
974.711575865052,8449.2998046875
1006.23400555967,7366.7001953125
1782.59449626131,13010.0
943.1527269737,9292.5
1769.85022762446,12879.5
1920.70121347879,16199.5
1025.13579141369,8756.5
1757.24628983742,6588.5
2019.99219489052,16301.7998046875
1230.66925449266,10791.0
990.889718122103,8514.5
1816.138135688,15097.0
977.417288297882,8878.599609375
1687.76291741032,14261.0
1556.58475746816,13045.5
940.547473609547,6732.2998046875
1320.01768382142,13985.5
1249.15127290783,11220.7001953125
1116.88677399021,10738.2998046875
1100.79227337459,9934.7001953125
1872.93726989733,19532.0
996.980188377691,6439.7001953125
1311.56720506778,11344.400390625
1975.46165228666,17560.19921875
2078.08916671323,10900.900390625
1864.59092554414,12931.0
1145.82177011112,5105.0
1016.3945159546,7519.60009765625
1727.51931540458,13489.5
1795.42162692378,11864.2998046875
2064.63767514279,16793.5
1005.6417202745,9095.2998046875
1476.05846089766,14279.0
1023.8022028457,8591.7001953125
1261.36640514194,11863.7001953125
1090.55012606465,12268.7001953125
1347.0496376957,11698.099609375
1287.60571246216,10781.5
1372.95538081338,13581.2998046875
1113.55302531762,10069.7998046875
1259.2722456427,12008.7998046875
1169.15678570865,9204.400390625
1184.12540968874,10618.7001953125
1024.7395238235,9532.599609375
1032.77769717555,7863.7001953125
998.967874628976,9400.0
1011.81694590843,11213.099609375
2089.7727123234,13987.099609375
1026.98804725754,10678.2001953125
1009.44446355706,10652.2998046875
2275.86812522942,23272.19921875
1043.62850170314,8713.2998046875
1315.88783601037,10457.099609375
1240.1376887759,11161.2001953125
1015.41910517471,10150.0
1194.77629844219,15126.099609375
1978.68057468452,8937.2998046875
1421.71032749138,11769.2001953125
1073.63947904631,9056.2998046875
974.1640628034,10786.5
1060.74942224881,10818.7998046875
1586.08720254129,11843.7001953125
1082.08862131567,7745.7001953125
897.954944591087,7074.60009765625
1176.56124276273,9109.2001953125
1154.7370112745,10918.599609375
2070.8730425695,16131.7998046875
1552.55425498887,16399.19921875
1105.33420383986,8427.0
947.922305261998,6643.10009765625
1322.57170528802,9743.7001953125
1120.45385054404,10207.099609375
994.173237260354,8124.2998046875
1075.1146235747,8981.099609375
1457.87414435673,8505.7998046875
1518.04366918276,12160.7998046875
1242.06857444511,14696.2998046875
1928.91970083547,13264.099609375
1113.51883359469,9728.7998046875
1419.61505425524,10055.7001953125
1560.10873240382,10446.599609375
1615.26031561213,17458.80078125
1014.6292429629,7352.60009765625
1876.25108267935,15624.7998046875
1779.24693725113,15350.099609375
1189.9064838326,11034.7001953125
968.057220615333,8063.7998046875
1145.42650488415,10274.0
1389.49526481662,14799.2998046875
955.451946344006,10815.7998046875
910.46226570177,7601.0
1714.31975112166,13947.099609375
1608.2571379643,10629.099609375
1362.84755017397,10876.7998046875
963.359923852058,7500.5
1449.4638715053,12545.599609375
2088.22951847022,16550.30078125
975.004154549544,7031.7001953125
1465.92078210924,11785.099609375
1204.96855033887,10365.099609375
1054.62219867542,8865.2001953125
982.692614513959,9591.0
996.802324594237,8334.2998046875
1440.48982503342,7890.60009765625
1867.52049909453,12458.0
895.569542891641,8244.599609375
1148.00224422036,9812.2001953125
1808.32493719042,13665.0
1663.42008128901,11317.2998046875
1791.05533276815,14452.099609375
1903.21242563396,17003.80078125
1674.78376166056,14553.599609375
1082.06111201415,10640.2001953125
1804.6276647926,17922.400390625
1832.94075022672,8991.7998046875
1564.60288355594,10998.099609375
924.256565491039,8785.7998046875
974.029412011793,7830.89990234375
1749.06199420366,11787.7001953125
1640.01200455063,16865.30078125
1287.95097090217,11125.400390625
1207.21774201505,12083.2998046875
1875.8220712242,18645.69921875
1108.46335904332,9365.5
1954.61294295201,14767.400390625
918.810113599773,7782.7001953125
1535.33955779594,12710.7998046875
2031.40799814914,16010.7001953125
954.855317484918,8186.2998046875
1144.06507289358,11729.900390625
1142.84085328949,10224.5
1285.03030724701,12369.5
1908.82387764744,16589.80078125
983.294589310182,7612.7001953125
1742.21529659074,11175.5
991.561969716923,9503.900390625
985.325377179624,8663.099609375
1681.65217714309,9301.7001953125
819.964125767751,5796.7998046875
1775.33226340978,14012.2001953125
1089.03121167595,9409.0
1357.9417618624,12032.400390625
1128.97104213818,10575.2998046875
1000.92270564161,8211.0
1952.83296863319,14723.099609375
1075.18233877842,12803.2001953125
1772.87491430639,15969.2998046875
1745.76321686983,13413.400390625
1483.31111561182,9920.0
980.450216632895,8048.2998046875
870.316059791365,4813.0
1750.67969705567,12161.900390625
1950.14329401177,14787.2998046875
1190.54265035175,11764.7998046875
2082.90362859873,27160.19921875
1668.48446573561,12269.5
1990.66594299548,19423.5
1524.11598552682,11795.2001953125
1246.94451460768,13018.7001953125
1598.10620570673,9409.900390625
1516.65595300127,12401.900390625
972.346110056175,6533.0
1845.00085028389,15422.7001953125
1364.91464586646,8492.2998046875
1138.3210861886,10527.7001953125
1837.64060858488,13528.2998046875
1041.45871946817,9218.0
1046.50105192408,9082.2998046875
1975.21618467317,18063.0
2166.65775746232,20030.400390625
1406.65538890129,11408.5
987.783394525163,9008.2001953125
1222.40978161793,8455.2998046875
944.213672747765,8199.2001953125
1586.20258568447,14887.900390625
1332.5717261952,11666.5
946.112594167858,8345.900390625
1031.09083126184,9993.0
1839.94570985359,14495.7998046875
1219.26458860307,10725.7998046875
1800.7735782388,14179.7001953125
1297.84808251948,9441.5
2095.949497189,17683.30078125
2023.30578492516,14787.7001953125
2188.50482055707,20022.900390625
995.029255444215,8049.7998046875
1222.09192110574,9340.2001953125
1767.656165925,10667.400390625
1067.42928207362,9936.5
1551.75091656054,10624.7998046875
915.546251917864,7266.0
1494.55941284019,12518.900390625
960.47812961482,8620.0
1306.43900349663,14061.7998046875
1030.97645048187,8028.7001953125
1659.69362898433,18149.900390625
1009.86144665365,9208.599609375
1989.85625626679,14208.5
1009.828591415,12501.900390625
1074.48168689257,10372.2998046875
1476.1016738895,11631.5
1239.041437542,9447.900390625
1238.15256411949,10264.599609375
1565.7825536839,13782.5
1083.5184367521,7472.2001953125
1847.5191207959,19168.80078125
1555.21218810855,12524.2998046875
1037.82960776883,9358.2998046875
979.931326609656,8449.0
974.572915620594,9533.099609375
1432.62093969068,13874.400390625
1423.58452395222,11960.5
997.308852137849,9515.0
2078.11121870392,7170.39990234375
1426.54550488328,10996.5
1420.6806777243,11626.2998046875
936.397912655305,7132.5
1204.05227898854,10212.7001953125
1575.58020859574,9402.2998046875
907.152072564685,7398.5
1050.71688022406,14678.2001953125
1729.36221585844,9394.7998046875
1223.02679186235,10638.2001953125
1027.57398424235,9964.7001953125
1221.22732714772,11495.5
1622.47265305039,9498.099609375
1794.31925013691,17495.0
2104.35108289258,15869.2998046875
1381.59686544593,14028.5
1265.51518648035,11114.5
1044.24796216874,8846.7001953125
1515.26199989313,11441.2998046875
1805.92917773777,14604.599609375
1397.78258111393,10729.5
1300.26522572067,10065.7001953125
1077.27549591445,7651.7998046875
1328.33885772059,19765.5
1550.55409488427,10837.2998046875
1974.94175990021,18251.69921875
956.840442141325,5878.0
2113.8623960466,18382.099609375
948.585535587902,6974.60009765625
1130.13857253389,9821.2998046875
1857.19315091148,14105.0
898.788520976347,6571.89990234375
1099.87488828736,10328.0
2227.70323636278,34101.19921875
1010.20893256747,7253.2998046875
1854.83525851355,15073.5
1483.83290135101,11094.099609375
1519.9062827798,10921.099609375
907.308886720667,8753.7998046875
1849.06231464909,13167.099609375
1893.66680938332,11561.5
941.641608743329,7824.89990234375
1962.49842297462,14673.900390625
1588.50534810569,12020.2998046875
973.793856656749,10754.900390625
2123.79113779196,18274.19921875
1191.5381083959,7371.0
1656.68453461905,12692.0
1962.3788076312,14589.7001953125
1698.94416767711,16226.0
1706.48338689649,14790.2998046875
1594.81711788396,14354.7001953125
1814.78850930861,16660.0
1908.35521715854,16919.80078125
1161.14890600038,8012.10009765625
1418.70301510514,13219.0
1470.81309420428,11699.7001953125
1798.05572607372,13076.2998046875
1102.74142432903,11512.2001953125
1020.76459681569,12256.2998046875
1013.64959998278,8078.2001953125
927.090301980901,7277.5
913.903991167132,8428.0
1812.97801859864,14830.2998046875
2109.09872056389,18933.0
1663.98418903053,15012.2998046875
941.80833515775,7785.10009765625
1524.85840254655,11991.099609375
1690.10733359173,10600.2998046875
1577.51543783888,12059.599609375
1115.51565248858,10480.0
902.732040603482,6769.39990234375
1774.64943131438,12189.900390625
1891.45425965127,21335.30078125
1039.18780992238,10410.7998046875
1279.96169060018,9565.7001953125
1093.31185946371,12353.0
1278.19006930813,7146.7001953125
1588.53775784958,14313.7998046875
1836.3828655,17828.5
947.229895029229,7501.7001953125
1773.6993023622,12077.2001953125
951.458865424675,10544.0
1445.40986917736,9414.099609375
1709.66388537119,18794.099609375
2261.70851973588,29130.80078125
1596.06762167897,6507.10009765625
998.842022358905,12363.0
1000.40091990243,7686.7998046875
977.638253699492,11148.5
1031.60838480079,8266.2001953125
2125.23342708171,20822.80078125
1843.68185166934,22810.0
953.905856774872,7709.0
997.836317935243,8123.2001953125
1601.16764570647,11662.2998046875
1716.63142343811,14323.099609375
932.314340612582,7356.60009765625
945.350909499705,9127.7998046875
1647.50166247781,15969.900390625
1835.37894305538,14689.2998046875
1498.85108662329,11796.0
2032.05240632138,15310.2001953125
1621.2576774626,12414.7998046875
860.708018587301,6366.5
905.578919188802,9255.099609375
938.687087486307,7701.10009765625
905.366529561346,7105.2998046875
1068.1688033774,11235.400390625
897.766723054432,8549.0
1707.17045119212,13963.0
1098.97922106974,8163.2998046875
1162.27411439376,9221.2998046875
2046.71809386377,12648.2001953125
981.648040672373,9734.2998046875
1353.33857586745,11031.2001953125
2337.395852209,23613.5
1832.43188383561,16358.7998046875
957.912079789662,7787.2998046875
1167.76717617443,12027.2001953125
965.727505761051,10076.5
1998.70801442669,12266.900390625
990.789259053427,8182.0
1158.77675777008,10826.099609375
2230.31183093764,23945.69921875
1285.36643304442,12250.2001953125
2080.55631670138,14531.0
2348.79138545599,15479.2001953125
979.415220928676,8223.5
1344.86604512313,10243.7001953125
1606.89036003659,14191.7998046875
1109.53388295475,8693.400390625
1867.04214909457,15440.7001953125
960.36942889306,8204.5
2080.99045134628,13734.5
1140.57283945965,9509.2001953125
1636.70108748456,13964.2998046875
1417.91649410405,11081.2001953125
1488.85451830052,12576.7998046875
1100.54313042933,8712.5
1010.01569921476,10470.400390625
955.824379964463,8983.7001953125
1333.0967417714,12461.7001953125
1042.72114024803,11737.0
2169.60826926649,17311.900390625
1742.60866846498,13438.5
1698.5389901917,13197.5
1052.58940607955,12492.2001953125
1144.38939307981,8840.2998046875
1075.4382755188,8389.2998046875
1101.67401888092,11713.2001953125
1030.99427027232,8541.7001953125
1639.87011446915,10729.2998046875
1729.46122706914,12063.7001953125
1689.77165328908,14169.400390625
1395.5604532445,10306.0
1088.90212956886,7819.39990234375
1148.06071540779,8293.7001953125
893.275801739335,6255.7001953125
1027.82201345071,12668.5
935.541114855611,8521.7001953125
1862.67273647562,14396.5
1864.28041569551,18563.0
1029.40764067991,9874.5
1199.84502646271,12904.7001953125
1950.48187003036,12696.2998046875
1796.91704146381,13591.7998046875
1936.42561932144,17452.69921875
1973.88393258947,16516.5
956.517569813064,8478.900390625
1931.12645913563,12105.2001953125
1915.81814540005,15410.7001953125
1932.27071243006,13530.5
1200.63655927987,10798.599609375
1510.54198289702,12124.7998046875
1876.88479897731,12243.400390625
2092.34210335927,18428.80078125
2020.71612387765,13796.599609375
1260.91834878575,11366.900390625
867.920356025564,6228.7001953125
1490.54138421422,13243.7998046875
1735.6130642281,12320.2001953125
1466.62399558997,9893.7001953125
921.393983215383,7934.2998046875
2044.40931726327,14655.0
909.520322715821,7167.7001953125
2150.03835264419,16543.099609375
1242.45392741365,13287.7001953125
922.622880514463,8242.0
983.828514781615,9294.599609375
1870.72583390217,15627.400390625
1505.57516180315,14892.0
1389.41908521243,12044.0
1538.08959695752,12165.7001953125
997.987340659328,9572.7998046875
1514.76170927617,11323.7001953125
1663.30102281405,13491.2001953125
904.851871738341,7294.2998046875
1380.76178551585,9695.900390625
1457.4955851833,10058.5
1937.99420637602,15483.5
1310.04617457897,11346.2001953125
1000.85276296409,7896.2998046875
1385.28132986937,11857.7001953125
1263.05249143982,10489.7001953125
1822.89150214842,13035.0
1398.54816386124,11527.400390625
2365.01585916821,26670.0
1414.47794278886,10508.2001953125
1814.27953154381,17451.099609375
1077.86989729973,11629.900390625
1256.02726180131,11629.7001953125
987.237774816246,9025.2001953125
1593.82310769779,12904.5
994.272693965817,8509.099609375
1874.06103043274,25772.0
2084.22095660793,15383.0
1884.59007636897,19285.69921875
1513.04878191893,12957.7998046875
1399.08698977505,13352.7001953125
2043.12673784545,16761.30078125
1013.01053774768,7034.0
1862.80360056176,15532.900390625
1753.04683346991,15170.5
1222.86953221161,9367.400390625
974.164508298161,8513.2001953125
2138.7383780235,13534.7001953125
985.229818553322,8214.2001953125
1040.89706194784,8774.0
1746.12273114221,17037.0
1138.08519671249,11968.0
1524.36479435102,12911.7001953125
1054.59090266844,11561.2998046875
1427.95003849201,12402.2998046875
1255.45446691195,11196.7001953125
1101.33187890423,11134.0
983.793877563923,7955.2998046875
1333.12525343613,12372.7001953125
1374.88125466653,11588.2001953125
1166.13532886374,10807.900390625
2103.59240531407,9936.0
2375.81888438265,35549.3984375
1677.46129654974,13615.5
897.779920836736,6600.0
1898.87442039568,17225.19921875
2052.37119963744,17170.19921875
1524.93569588764,8195.599609375
1803.63721856451,12941.0
1040.58632935183,10877.7001953125
1024.63193683865,12238.2001953125
1980.43381931766,18258.900390625
1731.52342231925,16324.400390625
989.232477610021,11639.7998046875
1296.26858084325,12288.7001953125
1916.33447382841,11995.7998046875
1042.1227294099,7398.7998046875
964.129070557463,9585.900390625
1008.12724692155,8830.599609375
1820.76170306828,15899.900390625
1491.67149304998,10876.900390625
1980.81828129667,21188.400390625
1194.73431056094,11174.5
1652.20352556239,14901.400390625
1104.05151304835,15341.099609375
1165.65196704772,11000.2998046875
1083.60831532019,8624.5
2026.88778555349,17844.900390625
1432.45209717614,13531.599609375
1830.41145371937,12479.099609375
834.872496581371,8298.900390625
1122.83502004325,12489.400390625
941.932405448776,7797.2998046875
1105.9521050738,8994.7998046875
1249.74077385074,11855.7998046875
1369.83758572634,11085.7998046875
1305.53776759449,10767.599609375
1210.29343784714,10239.599609375
1543.20454505953,14469.0
1341.54087222469,9012.900390625
1116.65689869337,8036.39990234375
2241.55990541863,17973.80078125
2019.62087500696,11357.2998046875
1464.10394309892,14498.7998046875
1008.94729140344,7755.89990234375
1921.32156493392,19640.400390625
1046.8289360684,9918.599609375
901.148585161243,8105.5
852.875830875518,7151.7001953125
941.303032724732,12027.900390625
1695.21771537243,13108.7998046875
1478.58463894168,12486.2001953125
1541.14424316215,13494.2998046875
1506.61873328153,10951.7998046875
1733.86026508972,14719.400390625
1375.07771785627,13128.099609375
1079.18577745096,8244.900390625
1762.33985419088,12786.900390625
1336.05549522866,19685.400390625
1805.01758408244,16455.5
907.414747413324,6303.39990234375
1504.2308813609,10141.7998046875
1136.59401437268,7987.10009765625
988.026077796388,11874.7998046875
1613.09554519322,13232.599609375
1661.1287903579,10924.0
1344.94835028028,8523.2001953125
897.484112315225,6374.39990234375
1248.65165053302,11287.7001953125
893.380938503005,6525.10009765625
1781.03214613339,14050.7001953125
903.943786354251,7182.89990234375
1161.59339839848,6854.2998046875
993.07520404741,9202.7001953125
911.989421743548,7819.2001953125
1391.40064591075,13470.900390625
1092.34457896321,8376.0
1005.20725150853,7180.2001953125
1049.73857372822,9848.2998046875
1544.50895372065,14660.7998046875
1051.54583460118,8531.900390625
1409.67127706168,9851.599609375
1711.4854020765,14199.400390625
1634.68956726354,13682.599609375
1063.26234682369,10863.5
1528.21598518887,12051.2001953125
1162.05994278726,10135.2001953125
2489.21200246371,18749.400390625
1022.64859416128,7611.89990234375
1346.96833490176,13061.7998046875
1802.92832502558,16556.0
1573.78653531301,18130.80078125
1732.48279528774,12695.2998046875
1591.76703800064,10124.900390625
1827.64582224115,16001.400390625
1053.65324756956,8275.5
1810.06726720191,13099.400390625
1883.60887415718,13340.2998046875
1053.52204936236,8541.599609375
1070.67359767287,10539.0
1531.34335841328,15578.2001953125
1024.14902051738,9041.2001953125
1753.65738404028,14723.400390625
1818.83538372037,14334.7998046875
1830.3996481082,9610.2998046875
2089.02829057725,17564.69921875
1810.25548873857,17933.599609375
1985.49107584808,20584.19921875
1753.11744438957,19941.900390625
2116.1941156273,15679.2998046875
2008.85772157366,14870.2998046875
1039.08445513775,8360.400390625
978.609098158082,8005.39990234375
1047.97118463641,10270.900390625
1718.64505975924,14657.0
878.667861455374,8663.400390625
2049.90850459691,17217.599609375
1040.4081314473,7766.2001953125
1356.81243264248,10276.7001953125
1459.55956241246,10227.900390625
1819.70465537338,13593.400390625
1572.82783058667,8579.2998046875
905.336959846564,6859.7998046875
1043.30774547499,7704.2001953125
1497.03346799714,14054.599609375
1042.69084660427,9121.2001953125
1927.26134658649,16766.19921875
1876.07399851173,14361.900390625
1335.10748237659,11198.2998046875
962.587658683323,9293.7001953125
1644.04139329301,11409.2998046875
1908.87911899785,14654.400390625
1209.47372748633,10504.599609375
1144.59899836501,10835.5
1447.70438994549,11263.7001953125
1575.66618908468,12595.900390625
1376.21673658726,15824.2998046875
1319.77177071318,11114.2998046875
1418.32556966862,10899.5
1919.29122255924,14649.7001953125
1104.53765920664,9001.2998046875
922.064731265384,6887.0
1618.80255583301,17251.30078125
1279.54359376669,8770.5
2064.9530854338,16951.69921875
1356.40614142016,11545.0
1878.45294053713,13135.599609375
964.892425830971,7682.5
1347.63657704373,11343.2001953125
1109.78558749489,8694.599609375
1847.33245849091,14728.099609375
2027.30053644984,19588.0
1970.76123706005,15252.7001953125
1149.83868500018,13541.7001953125
982.832388495321,8698.7998046875
1872.74882561329,22160.599609375
1059.91333995552,9399.0
1435.78005441683,11811.400390625
2167.99312800935,29411.80078125
1355.26990703143,16603.30078125
993.619375898352,10445.2001953125
1087.03327904516,9340.0
1167.45789143639,10668.2998046875
1397.67454863431,11673.7998046875
1121.61826247641,11084.0
932.982192946634,8172.39990234375
1803.6810997985,11788.0
2176.14167268851,17426.099609375
2100.02198754953,13582.2998046875
1122.32359205726,11045.2998046875
1694.38475154247,11480.0
1385.22965247705,14326.7001953125
935.012201200243,8589.7001953125
1556.37091998273,10965.599609375
1312.02060736111,10246.599609375
1916.58551012641,15721.7998046875
1045.28106452022,9337.2001953125
2217.99300979784,18226.0
1361.24811260717,19697.30078125
1568.2121707384,12786.599609375
1035.55190442793,9984.099609375
1004.09819230025,9321.599609375
1583.41880029472,13015.7001953125
1272.94247514095,10945.0
958.540116029422,6944.2998046875
1720.89926325148,12184.2001953125
1137.63391051928,8775.2001953125
1000.61264128774,9843.0
1551.83400133352,12830.7998046875
1880.42336386642,14288.0
2043.51721400375,17422.19921875
1091.53990405059,9973.099609375
1644.42206856655,12976.599609375
910.169297209362,7892.2001953125
1484.85475495977,8952.0
1017.56884014542,8480.7998046875
2151.43453322614,22703.30078125
1809.25468475728,18754.69921875
1090.64100699596,8929.7001953125
1373.07655538846,13864.5
983.807131033072,8016.2998046875
988.414549228252,9036.2998046875
1083.82103906872,10800.7998046875
1523.18545834413,10539.0
1202.60453238797,11713.400390625
907.311726749771,10438.2998046875
1217.47726362068,8774.5
1763.63824867272,16496.19921875
1608.74640258591,13455.5
1331.73776000202,10702.7001953125
2000.02667892017,18041.599609375
1427.64253573301,13858.099609375
910.026738885742,6869.2001953125
902.734546511514,8030.0
1130.71058780741,7365.89990234375
1573.30217113377,19757.80078125
1040.66473642982,10750.2998046875
1106.70766418899,10505.7001953125
1971.0405622754,11256.5
1066.81672677681,12400.7001953125
978.78829842582,7401.2001953125
903.7566785545,8642.5
987.244234490285,9593.099609375
1699.17872066895,13093.099609375
1596.2422556254,9482.0
1993.73629289044,14442.7001953125
1573.84277902663,14047.7001953125
1999.22478834981,13873.0
1667.97838368676,14605.7998046875
990.373389693742,7979.60009765625
1505.96407872978,15382.599609375
1404.68095611915,23140.69921875
1063.82122000175,8431.0
1747.13133128182,14575.0
1240.26877560941,9725.7001953125
2157.91358628728,18597.0
1061.53705698681,8370.7998046875
903.76024251259,7515.0
920.273842324909,6315.7998046875
968.510288787587,6755.39990234375
1512.74807295504,14349.2998046875
1805.25492141653,15512.2998046875
910.119791604011,5066.0
1224.42564541287,8064.7001953125
1071.53362530959,8548.5
1880.28860170112,19695.30078125
1190.90661957174,11556.599609375
1141.85942833032,11690.099609375
1710.23512102888,13251.400390625
1716.63532151727,16098.7001953125
1472.19412796435,11778.0
998.994604314654,8643.400390625
969.816479427754,8639.2001953125
1079.81838001202,13941.5
1318.44174610328,9970.0
1166.19157257736,12681.7998046875
1962.84501789892,22485.599609375
1973.9284820656,21610.900390625
1484.68724892951,7278.10009765625
1595.25971692933,12703.7998046875
1031.59268111046,10006.2001953125
1542.85316106654,11425.5
1513.65510028907,11489.5
1367.77260613397,12456.599609375
1618.25972046635,17242.900390625
1802.63507809894,11795.099609375
1887.89230628719,17375.19921875
1063.8022864744,9306.900390625
1275.38846412793,9990.7001953125
1712.5816533104,9711.0
1838.14669063373,14851.5
1572.02382391619,7106.39990234375
1529.79515274403,10702.0
899.472077000735,7476.7998046875
883.411823794897,6098.0
975.531620346938,7831.7001953125
847.82642619027,5929.89990234375
1832.15957516276,14741.2001953125
1125.85725650399,10646.5
2098.72448405721,12605.400390625
1721.53609801278,12610.7001953125
1894.07555082683,12702.0
1770.4588848421,15672.599609375
912.166561598015,6657.89990234375
1326.31742524114,13162.599609375
1113.81531035834,8363.400390625
969.700984910884,10414.0
2302.40179321317,18926.900390625
1224.19220615794,10578.2001953125
895.536799026684,6372.0
1666.70994872761,15079.0
1203.82875199205,13343.2998046875
934.60379387781,7095.60009765625
1816.87487264952,14320.099609375
1192.97861570661,9698.599609375
1781.12547728589,11836.0
1775.71037708845,14036.400390625
1789.9067358998,15277.2001953125
1272.58073339476,19363.900390625
1972.52027312509,15501.0
2162.5378219097,26228.19921875
1117.77486779688,9183.7001953125
1588.50746420581,12523.5
2104.33727255498,19751.0
1104.81275222175,9246.5
1580.14497066753,11585.900390625
1493.84127528495,12649.5
1741.02705068863,11342.400390625
1160.96146407955,8536.900390625
1145.67386585037,10419.2001953125
1345.10616679948,10914.7998046875
1737.23711538046,10690.7998046875
935.81910358667,8083.39990234375
1000.87882440762,11808.5
1250.02655874012,10642.900390625
1862.98035060831,16182.7001953125
895.779482297909,6670.39990234375
1039.60234279778,8287.2001953125
1087.63269224651,10092.2001953125
1238.31294223356,9096.0
2135.58472060818,15877.7998046875
1977.54990898031,14843.900390625
964.97695846193,9187.7001953125
950.810559173275,8538.400390625
2191.69033084783,17206.400390625
1610.24760855784,14564.7001953125
1245.37492518988,9434.0
1894.1760098955,15903.7001953125
1748.2012983248,18022.5
1920.31808798406,15248.400390625
881.705077677465,6762.7001953125
1767.20610484238,17580.5
1000.50750452407,11485.900390625
997.488832021419,12916.2001953125
1904.11054307276,18656.69921875
1687.19413197382,13055.7998046875
1627.17707772984,12114.900390625
2159.47125872021,18219.69921875
1405.56091964644,12068.400390625
1326.2521602586,7061.2001953125
1039.26053694216,9141.5
1772.77334150081,15923.5
1898.98668507553,21635.5
1225.4708874966,8614.099609375
1042.79275353092,10583.900390625
2105.95219106474,17796.900390625
1133.1922163753,9131.2001953125
986.266596236586,6835.39990234375
944.965333783789,6372.5
1572.94154312449,13493.599609375
1186.31334583523,11769.900390625
984.154282825824,10086.5
1252.29401570151,12247.0
1170.62190660492,10651.900390625
945.770788312241,7709.7001953125
1650.74764868242,13821.2998046875
1810.89343723677,10456.599609375
1478.46491222458,12648.2998046875
1618.29424631035,13671.2998046875
991.964696981149,11201.099609375
1979.27620118039,18457.900390625
1479.73334718372,13290.400390625
1729.45632662676,15899.0
1151.19020473231,9866.2001953125
1295.78633276413,9296.7998046875
1873.17716882629,15067.099609375
1954.14606444216,16279.099609375
1043.8316473143,13283.400390625
1758.96055367894,18261.0
1271.73674356946,14307.900390625
1798.47805510745,8877.7001953125
2254.70311461424,29389.80078125
1561.16087965635,10675.7998046875
972.817666261024,6377.89990234375
1883.34736873229,14976.7001953125
1120.73829894913,12000.099609375
1891.37830279446,10827.599609375
1333.70729234178,12335.5
1353.71746916195,10003.2001953125
1224.79406958047,10597.2998046875
1892.78250228212,20159.599609375
2068.98169456035,13847.2998046875
1037.45216233231,9264.7001953125
1246.26769669155,16188.7998046875
1324.46015758123,12503.2998046875
1989.24949240189,17046.30078125
913.805258390656,6694.5
1234.24613193123,10190.7998046875
1802.76015075318,16487.400390625
1898.58507154821,22695.69921875
1545.48726021649,15161.900390625
2130.97964126049,12560.099609375
1386.64521208112,12299.900390625
1749.34989519316,13048.900390625
2107.62257367228,15282.599609375
1752.45343444784,16700.400390625
1910.3432375309,11824.0
1725.36445724411,16110.400390625
2039.81671176891,11458.2001953125
1243.42399225641,10868.599609375
933.821894884863,6770.2998046875
1089.09569704265,7866.2001953125
909.543154322338,7542.2998046875
1612.67076593831,8804.400390625
1007.27724291697,8326.0
1702.94760634965,14409.5
1954.35232851664,14665.400390625
1819.86358562948,13110.2001953125
1640.85944696033,12057.2998046875
1470.19263137546,7148.60009765625
2165.24175236349,12833.400390625
972.598148717388,8602.900390625
921.191951341128,7907.7001953125
988.897465549515,8454.2998046875
1121.49742202241,10698.400390625
1134.51054674772,10743.5
2049.13289821747,19081.69921875
1534.05475090432,12192.2998046875
1188.24679309933,13018.599609375
1616.33050540249,13268.2998046875
1989.06750779189,16275.099609375
1760.85546564619,14475.900390625
1561.29452808475,11481.900390625
1018.00119281128,9038.0
1758.60415786989,15403.5
1753.47239234065,22990.19921875
1376.6365040261,11158.2998046875
988.932102767207,9767.5
1354.37000761358,8027.7001953125
1132.83860490851,10637.2998046875
1505.59699104646,11324.900390625
1543.50146731794,9351.5
1798.68086659753,9022.5
1885.285270944,18379.19921875
1743.17711978042,16106.2998046875
1592.80414980497,8173.10009765625
1053.50924138797,9813.0
946.426556600893,8016.0
1642.69031905564,12165.2998046875
1484.37896655468,11952.599609375
863.698513546299,7016.39990234375
2197.3434366215,22493.400390625
1269.99797751606,11463.0
1619.17276197966,14632.400390625
930.3156840528,8429.7001953125
1504.47857644818,15974.099609375
927.535072813226,7920.7998046875
1911.94189548187,14508.0
963.453366378243,6832.7998046875
1621.53254773033,14512.900390625
1965.27452357973,16845.5
1033.93520393913,10090.400390625
1529.39387333778,9316.2001953125
989.268117190926,8215.2998046875
1685.82523794599,14406.599609375
1833.95369394026,16466.5
1099.53453028972,9174.7998046875
1618.58582263163,16211.2001953125
1642.57805437579,21379.80078125
1941.63122560737,16645.0
1418.92899232282,9987.900390625
915.887667965565,6177.2001953125
1002.19392494302,8369.400390625
1889.75959757923,18398.900390625
1960.29389214826,16419.5
1348.33555832423,11628.0
1741.90478674211,11539.400390625
2144.82806866326,8374.2001953125
1324.29376528788,10971.7001953125
1917.02744092963,15659.2998046875
1534.54702261557,15256.2998046875
1837.51687241492,18329.69921875
2122.75113027168,18787.5
917.555990159834,6863.10009765625
1191.30645112002,8766.400390625
1810.37243111341,19137.400390625
1784.95250003294,13711.7998046875
1808.35088726027,14202.7998046875
1323.93981970001,8777.7001953125
1794.66918627192,14723.0
1883.61845229455,16851.099609375
980.0379112313,7858.7001953125
2170.5028227472,20116.5
2066.71501721479,19062.69921875
1567.52789078503,13316.900390625
2203.8850816966,17035.80078125
1864.40660208665,10564.7998046875
1556.60079527956,11133.2998046875
1605.81794277242,8766.400390625
993.65256525807,10695.2998046875
991.357710368861,8960.900390625
1904.92379375954,15194.2001953125
1126.03255869257,9926.7001953125
1803.88780936775,12497.2998046875
1851.67436180835,12512.2998046875
1876.37158901228,14832.7998046875
1628.83999830013,14545.0
1527.87028125409,8496.2998046875
1006.59541318478,8024.39990234375
1856.856690993,15639.2001953125
1144.36912306817,8411.2001953125
913.874755573421,6223.2998046875
1019.518659342,8864.7998046875
2062.61468343167,17123.69921875
988.615912860365,7945.0
1151.2767420897,11548.099609375
1673.70488472236,14736.2001953125
1032.91591192524,7047.60009765625
941.419863725886,9818.900390625
1216.94589974413,10766.2998046875
1358.72126632101,13866.7998046875
1841.78760794424,12354.900390625
1082.98350891745,9067.7001953125
1814.83450664271,14809.400390625
1960.45248828329,19405.80078125
1422.30294689762,11620.2998046875
1739.6456828075,14450.2998046875
1167.22367256563,9796.2001953125
1857.82152127232,14530.7001953125
2088.33933292888,36268.6015625
992.90201795895,8838.7001953125
2231.06338059998,26626.0
1835.5054635676,15807.2001953125
979.964404595684,8935.7001953125
1113.2860625819,11120.0
1385.07773876345,11868.2001953125
1350.06764195621,11284.900390625
1748.03657663681,14060.2001953125
1623.95993731103,15168.7998046875
1000.0822797744,9758.900390625
1271.29303078719,10906.2001953125
1898.95572318962,17727.30078125
952.306753329142,11168.2998046875
1719.99000844364,14567.7001953125
1681.51997657267,14226.2001953125
1026.44242754862,7637.2998046875
970.464340184393,8286.2998046875
1388.02379562,9555.7998046875
1124.22451820378,9844.7001953125
1690.70318283498,12905.5
1588.59756552128,11222.099609375
2174.4271860996,22808.19921875
968.68447723926,8745.5
1645.07961883424,12416.2001953125
1548.71798822553,11381.900390625
1087.21147694968,15242.900390625
1584.86042134233,9585.2998046875
1232.021776588,9650.7001953125
948.03134010483,8719.5
1209.9715678821,9639.599609375
1232.80094692554,9576.2001953125
1765.97653930116,19640.80078125
1003.95518848187,10953.2001953125
1244.01917325752,10593.7001953125
1166.45786707093,10946.400390625
1104.70438562106,9834.7998046875
1634.31145358488,13037.7998046875
868.082181997611,6050.39990234375
1539.82479905283,13739.2001953125
921.742916987181,8670.7001953125
1525.15242908902,9424.400390625
1431.0407697723,7787.7998046875
1486.66480017498,10865.2001953125
1790.03247679618,15892.0
1875.66191585751,18270.099609375
1317.21151231992,13050.7001953125
1781.37205863627,7696.5
1774.8507949465,16603.80078125
1955.44223145019,24680.19921875
2018.77621693951,16010.5
1575.21033657016,12966.400390625
1048.78978126032,9963.7001953125
1018.87647864356,7160.7001953125
1093.69999677451,9457.599609375
1071.86819187533,9707.7001953125
1258.1830109513,11514.7001953125
1874.9123709216,13525.900390625
1584.34219956123,9890.7001953125
1837.77169541839,18009.5
1527.76336251138,12470.400390625
943.956399523107,8383.2001953125
1704.78549498744,10776.2998046875
909.429107663442,7387.2001953125
1430.31550430089,12472.0
1831.31669907436,17403.30078125
1926.77085685429,14730.7001953125
1611.99673236444,13913.7001953125
1219.62176402795,12009.900390625
947.457542852259,7607.7001953125
988.448852324873,14864.2001953125
1300.49899909667,12364.2998046875
1238.35570973065,9534.599609375
1917.854501954,16956.599609375
1905.46974758953,13748.7001953125
1615.82876692756,13178.900390625
1176.71271098158,9870.7001953125
1061.12508570629,8374.2001953125
932.499666433288,7274.5
2279.89495237692,18753.19921875
1854.4500169187,15869.400390625
1600.03787099178,12981.2001953125
1040.86220198277,8858.7001953125
1357.77425583215,12836.2001953125
987.339013500755,6738.10009765625
856.963690805318,6371.0
1857.29973553313,15848.2998046875
958.738918066657,10241.5
1763.10677342248,13003.2001953125
901.280451610591,8124.89990234375
1285.11662185702,13045.0
1306.14542244892,13569.0
2057.76658669169,16899.0
1700.94855998195,13386.599609375
983.967509147144,9701.0
1285.10949394083,9046.400390625
1686.0094500298,12624.7001953125
2270.83002497374,16675.5
1629.68009004628,16649.900390625
1983.0956505165,15908.7001953125
1754.58000369096,16356.2001953125
1449.62747945639,9042.7998046875
1858.55391465991,10966.099609375
1882.72813101406,14085.2001953125
1739.42070795303,14880.5
1088.07885524996,9573.2001953125
1817.40801850512,14505.400390625
953.739018986761,9637.7001953125
1866.89569269179,15159.2998046875
1652.33795360661,14113.099609375
1178.54892901402,7520.10009765625
2116.68415986475,12571.2001953125
936.595712329328,7607.5
972.368607541621,7007.60009765625
1687.63817887715,13056.7001953125
1714.16828290282,12487.5
1286.92455097211,13394.7001953125
1025.46801913194,13011.400390625
935.92101051332,9747.7001953125
1402.40826459432,12056.400390625
1634.5726248887,15959.2001953125
1438.20922597658,13545.7001953125
959.980623340124,8175.7998046875
1227.85550958021,9417.0
978.594062709888,7068.2001953125
1423.52293430147,8585.400390625
1330.6084307821,8844.7001953125
1022.47886065722,9657.2001953125
2111.56631604679,15078.599609375
2050.27158282738,14865.7001953125
1731.11891307598,12929.5
1382.08690968338,10247.2998046875
2075.5988509975,17646.099609375
1927.10765089384,19787.69921875
1118.30344733118,12801.2001953125
992.069833744819,7886.89990234375
2055.41593358363,16247.400390625
1114.67177403696,9801.400390625
1090.37627173405,9628.400390625
1969.45794213583,15902.900390625
1889.71460260834,16054.7001953125
1577.4737840787,10559.7998046875
2189.45996132532,18247.69921875
1580.94797497479,12730.900390625
1755.38055777704,13307.400390625
1951.74685240511,16647.900390625
1104.14384183764,10296.400390625
1120.81993586414,9978.400390625
935.094951852157,8972.2001953125
950.735381932304,7587.60009765625
945.724122735994,8022.2001953125
1863.76943320428,14529.900390625
1650.53960262889,12700.7001953125
920.190089309782,6666.39990234375
1996.27561302992,17355.900390625
1248.50976045155,9188.2998046875
1264.41325518825,8255.400390625
916.362788128504,7925.89990234375
1818.57343280072,19800.599609375
926.293367539758,6242.2001953125
1097.12284439936,7575.39990234375
1882.25746579874,12499.900390625
1876.30387380856,14164.400390625
1122.89560733079,9823.400390625
1333.37718072365,10081.2001953125
1903.74211890516,15773.400390625
1174.27607738458,12266.7998046875
890.659522379839,6760.39990234375
1053.64645377445,9455.7001953125
1047.12229436873,10564.5
1126.08356784274,10789.900390625
1988.165826395,18700.400390625
1677.56687880817,11680.900390625
1896.40281545992,13212.400390625
1826.02099147295,15080.900390625
1585.76065488125,14595.7001953125
1911.26518893944,22011.30078125
1881.78368212008,15956.400390625
1806.3814662942,13286.7998046875
1756.44473338812,19002.400390625
1087.14120015109,16863.5
1719.70845575449,10527.599609375
1264.77889501359,12785.599609375
1821.61705301,11419.599609375
1994.19715722102,16889.5
1721.38752550988,15942.400390625
1565.70136226365,15216.400390625
1488.72977976735,16002.900390625
1575.50536547584,13813.2001953125
1969.39802309044,16177.400390625
1739.072219676,16105.400390625
1557.5227466881,11678.7998046875
873.042877538512,6476.89990234375
951.257501792562,8390.099609375
1504.78797255992,11849.400390625
1471.50238597372,12554.400390625
2141.05250056114,14244.400390625
1222.58229946425,11841.400390625
1117.73633250003,10545.2001953125
1061.64041177144,7808.10009765625
956.298386390499,8257.2001953125
1757.42270576289,16615.900390625
1625.26857817238,12353.5
1965.23710201978,19482.400390625
1921.72139648219,18042.099609375
1742.13332555466,14012.2001953125
1109.30445315268,15808.900390625
1675.96588200971,16513.0
1001.38780217242,9027.400390625
1957.05002204377,19485.900390625
890.82129266504,5964.89990234375
901.178544683941,8078.60009765625
1949.07277010033,19642.19921875
1141.66263101951,8568.0
1702.85316146025,11112.400390625
1420.35167984307,12054.900390625
935.885370932415,8816.7001953125
2062.22665749457,16642.400390625
1056.00935798845,9870.099609375
1000.77402176503,5991.0
1022.25299481324,11952.400390625
1059.10432146898,12634.900390625
1827.63902844604,14985.400390625
995.657959926117,9000.400390625
1249.38972397883,9862.900390625
1045.21234695329,12003.900390625
1283.12436928443,11866.7001953125
983.475348809585,9016.7001953125
1510.77364017291,11549.400390625
935.306673237471,8164.39990234375
1031.1557621233,9408.900390625
1919.43088516691,19515.19921875
1133.84119086885,12104.2998046875
1008.69926219508,8042.89990234375
1540.04476209123,13620.099609375
1028.9229423796,8628.7001953125
1905.38933578511,15712.400390625
1754.96713863854,12214.400390625
1019.54438666446,8930.7001953125
907.458907081539,7690.0
1822.86232224156,21857.900390625
941.528564447646,8510.900390625
1618.25615650826,11883.2998046875
1112.22043911284,9346.7998046875
1768.91502274677,11796.900390625
1176.55845842047,9294.2001953125
939.31612608928,7920.5
874.576437567484,7177.2998046875
1102.55108669226,17354.099609375
1785.26033691301,16983.80078125
2098.47522973826,16075.900390625
1917.24862907862,23544.80078125
1459.62683212142,11852.099609375
2030.64664760206,13433.599609375
894.122965714815,6990.7998046875
2155.9177697566,6888.39990234375
1317.88821886235,10736.7998046875
1291.03992020342,11761.099609375
1497.6475825256,9627.400390625
912.593178518816,8240.2998046875
967.862984899401,8918.5
947.962622537897,11160.7998046875
1041.07203001535,8688.599609375
925.368520415274,7551.39990234375
1382.72953587657,10457.400390625
984.888792313538,8323.099609375
1444.91024680254,9394.2998046875
1599.5977221676,12706.0
1041.59949581274,8480.7998046875
1017.69680851561,10050.099609375
1489.77190338775,11770.2998046875
1724.68195926978,13069.400390625
1014.91513922598,10689.7998046875
2090.68263537338,16966.099609375
1368.0531564599,18661.400390625
955.22596912633,12369.099609375
1522.51287262824,8086.7998046875
1409.91396033291,9995.599609375
1340.25071939593,10358.400390625
875.53764820186,7174.7998046875
1165.14766697791,14584.2998046875
989.43918717927,6979.7998046875
1749.79260561221,13231.099609375
1647.75926982354,13793.900390625
1267.11506954191,8391.2998046875
1762.60113686839,16060.400390625
1904.40211939404,12018.900390625
1990.9719978965,15616.7998046875
1072.03747988463,10331.7998046875
2047.47498946324,19102.30078125
1579.81775476535,12751.2998046875
2145.47002661431,21701.400390625
923.184203913716,6937.60009765625
1007.11508282385,9793.400390625
1316.56498804756,11723.2998046875
2089.14835141543,18130.0
1383.15854733171,10556.2998046875
1902.83776453969,20450.099609375
1278.59847663057,26979.30078125
1789.29161900812,16080.900390625
1786.33208593503,13664.099609375
970.442288193708,8708.2998046875
1681.01099880788,18449.30078125
962.967888462103,7269.7998046875
982.117814898176,7668.60009765625
958.909319812859,9271.2998046875
1781.88783019618,9792.599609375
2142.32906579968,19835.30078125
1147.51320234613,9633.400390625
1775.63731594759,15789.2998046875
2032.13994604198,15181.599609375
1210.53333677611,9487.400390625
1618.08575476206,11391.7998046875
1885.65569983803,17668.900390625
1023.86958392835,8355.099609375
937.167393481781,8519.7998046875
1956.04699058867,15377.5
939.076227160313,6749.7998046875
1070.42300686964,8762.099609375
906.26570505021,5772.39990234375
950.491250803105,6313.2001953125
1531.42744554948,14825.7001953125
1196.25745714986,9934.2998046875
1074.55084995426,7582.10009765625
1767.32872727543,13116.400390625
904.170487500914,9022.7998046875
2334.87969779711,20753.80078125
959.655189416986,7539.7998046875
965.749557751736,8843.2998046875
1164.67945198378,12312.400390625
941.428105378971,9482.599609375
1262.07529868088,12529.900390625
942.771717579088,11344.7998046875
1162.33392206547,10146.7998046875
1766.22423438845,20481.599609375
1143.73362479116,8057.39990234375
2140.51545662638,13456.2998046875
1497.36023840456,15136.599609375
915.47179860588,7008.60009765625
1959.15520753835,13652.400390625
1852.6387465929,14195.7998046875
1251.5191889379,9187.599609375
1071.46947406396,10219.900390625
1185.28124584696,10223.7998046875
1210.52754534421,13002.2998046875
2111.59304573247,13656.599609375
2150.28203827863,20310.80078125
1664.68027459508,11683.7001953125
905.725765399499,10095.7001953125
945.189529022419,9937.099609375
1163.3710338698,12254.2001953125
1009.25835812052,7135.39990234375
943.423921909649,8914.900390625
1946.36126623561,13993.2001953125
1081.65704826564,15501.2998046875
1585.42029688361,13211.7001953125
1804.59380719074,15998.400390625
1545.39571104304,8268.7001953125
965.123748985783,7828.0
2119.66474256531,18444.19921875
982.035843862095,7208.89990234375
877.905174424008,9247.7998046875
932.779771264463,7572.7998046875
1832.11970338162,13739.7001953125
1820.77918873766,16513.099609375
956.347836309004,7412.7001953125
1400.74957622427,12503.7001953125
1232.9937347835,7647.39990234375
1242.27350203532,10749.2998046875
1063.3243819692,8613.0
1671.51739407062,11259.599609375
2108.74054277579,19488.69921875
2069.00419204579,17599.400390625
1752.43672839429,10055.7998046875
1456.33195286676,7453.2001953125
1372.31308874126,11176.5
1709.61755391601,12552.099609375
1593.26278666175,12128.2001953125
992.268969903125,12374.900390625
1350.58541824254,14462.0
2053.39873330441,14819.599609375
2120.92103779221,18002.19921875
1085.29150590212,10838.7001953125
1710.03843509176,8885.2998046875
1152.51165356806,6244.2998046875
1000.5117367243,10670.2001953125
1077.77834812628,8704.900390625
1541.8356510317,9706.900390625
1534.58800813361,12319.2001953125
1846.30960251894,11622.7998046875
1581.4419172914,15821.900390625
890.545085913027,6610.10009765625
967.952083851663,9094.7001953125
1812.70459618888,16227.900390625
945.056548836168,8750.2001953125
1856.49038292551,17284.400390625
1067.84448319116,8832.2998046875
2183.75072321172,18278.0
1492.56749438867,10449.599609375
1626.09541644938,15149.7998046875
1434.27572998157,11011.7001953125
1701.03799305528,16869.400390625
1319.6920271509,9871.7998046875
1407.98507939012,15204.2001953125
1947.76902968135,15554.2001953125
1339.72035788259,12730.900390625
1649.63290941593,11365.400390625
1791.34624084729,17401.099609375
1728.56489160938,38212.69921875
1286.1048406113,9856.400390625
1794.58509913572,15668.7001953125
1907.57782880006,10234.7998046875
1367.19557904438,12663.2998046875
1288.31739034335,11224.7001953125
1613.25948726538,15853.900390625
1117.32870479343,12437.2998046875
1636.92483722843,10802.7001953125
889.498006163408,6241.2001953125
2122.18847038814,21505.80078125
1449.82594737255,4957.7001953125
1012.54332511675,9621.400390625
1888.26629913932,15798.2001953125
2140.51723860542,21553.0
954.850973910996,9561.7001953125
973.363954212083,9859.900390625
1564.21374388194,14178.400390625
1605.56634960597,13089.2998046875
1023.7814873393,11041.7998046875
1538.32158835447,7018.5
1167.61715581356,13392.7998046875
1330.46509284264,11532.2001953125
1846.4136255457,13041.7001953125
1667.8386097054,15059.400390625
1896.74250521542,16471.400390625
1831.75718201961,19773.30078125
1089.07397917304,8989.7001953125
1618.81569792847,12848.7001953125
963.641922035968,8480.2998046875
1588.39263793108,10946.7001953125
1302.57500468439,10965.2001953125
1485.33655754412,14891.400390625
935.491999058177,5881.7998046875
1841.70274119221,18793.69921875
1722.14943292541,18146.0
972.305904153967,9512.599609375
945.028037171444,7547.7001953125
1129.91549103216,10851.400390625
1835.13481192618,13543.7998046875
955.147562048339,7577.89990234375
1159.88592835206,8272.2998046875
1376.77416190735,12334.2001953125
2135.63372503192,14260.7998046875
971.840028007324,9040.599609375
1216.74531572785,9058.7001953125
1031.45079102898,7734.2001953125
1352.60195027962,15161.900390625
969.565554503445,9255.2998046875
1050.54469649882,9327.599609375
1668.09131660875,14041.900390625
1397.53700212675,13679.7001953125
973.802321057214,7023.2998046875
1536.59195494368,11338.7001953125
1744.420941154,13124.7998046875
2197.33809068436,20432.099609375
2017.10627982674,15934.599609375
1031.20131396264,10683.7998046875
918.370688704583,6925.2001953125
1751.54674123488,11000.599609375
1539.38509572342,12799.7998046875
945.087510722079,7634.7998046875
1554.45351053004,12026.7001953125
1724.34772682511,16340.7998046875
1372.64453684368,10427.2001953125
1181.5062346133,10991.7998046875
956.130880360246,9166.099609375
1243.46887585361,8643.2998046875
1802.67071767985,15567.2001953125
941.530346426692,8283.099609375
1624.89614455193,12888.7001953125
1402.26849061296,8466.2998046875
1147.6045287722,9941.7001953125
1795.1760479366,12542.7998046875
1379.38297922959,8971.099609375
1025.42948383508,12592.599609375
2047.90778762386,19901.30078125
1085.63977143178,13187.2001953125
1065.516884437,6649.60009765625
2343.31803681851,34571.6015625
1790.98126926409,18050.900390625
907.963207151344,6352.2001953125
1626.26013813737,12740.7001953125
1788.0816552364,12844.900390625
1908.47037755434,17306.099609375
1816.78143012334,18866.69921875
1338.73380973367,11173.2998046875
1627.26517431889,12715.7001953125
1383.55915849582,10927.7001953125
1222.66638660045,7854.7998046875
1126.20151258079,9792.7998046875
1119.15345133576,12673.400390625
1497.85529445807,11096.099609375
1498.17426870717,8760.7998046875
1807.94715763283,13550.2998046875
1261.69529164948,11434.2998046875
984.024198355521,8012.2001953125
1539.53299998417,19687.900390625
2222.33212877302,18687.099609375
1117.51681495639,9602.099609375
1961.44505061149,15624.2001953125
954.06478703097,8346.7001953125
1638.75314772885,16290.7998046875
1040.28662275115,7938.7001953125
1913.44566304868,19957.599609375
1043.97810371708,9767.099609375
1144.32312573407,14182.7998046875
1463.07718904778,10885.2001953125
2081.07932755116,19033.19921875
1300.15975483593,10116.7998046875
1855.77113163338,17877.19921875
1623.40318023308,13660.7998046875
1754.16524806818,12244.2001953125
1454.31731418241,12092.7998046875
1986.94873470709,16461.900390625
936.050760862552,7922.2998046875
2048.09021772861,22379.69921875
1095.97090632029,11999.2001953125
1681.68247078686,11967.099609375
977.087956295582,8573.599609375
1027.65729176272,13293.7998046875
993.518582708605,8505.7001953125
954.987183934267,7755.2998046875
1521.97516045134,13260.400390625
1443.68569307739,10621.2001953125
1881.62419499553,13902.2001953125
947.72918328297,6970.7998046875
1943.72616472244,18222.69921875
1771.58721169881,25896.80078125
1676.43354013539,15791.900390625
1912.85226402661,13446.599609375
1515.9324695089,12390.7001953125
1126.63809744688,8966.0
1845.64058076114,14099.400390625
2177.1977180202,16022.7998046875
1455.04536399609,12024.400390625
1649.95010168598,13057.0
926.204992516483,6488.5
1083.64428902217,13919.0
1260.3581391234,12770.599609375
978.313957878713,8323.900390625
939.941155239401,7449.2998046875
1195.72219519415,8491.0
1619.0398931671,11437.0
1060.52166305209,11793.099609375
1913.47372921864,17315.400390625
1381.87374044009,9510.900390625
1006.1955816365,10783.2001953125
1616.38118043159,13131.2001953125
2014.01009123562,14182.400390625
1780.04236814745,11380.7998046875
1504.53949785679,11884.0
1973.76320350915,18191.599609375
1539.77211929731,12752.0
1036.36693709375,9393.099609375
1365.54156836932,13236.400390625
1654.53257217453,9827.2998046875
2039.54696469093,34655.8984375
1604.14533269108,10742.400390625
862.10826430895,6523.7001953125
1522.8807399274,11198.7001953125
1532.11317336083,7493.5
2030.11606334133,16377.599609375
1770.30741662325,12194.900390625
1797.25661984562,11810.400390625
1980.6775049521,16051.400390625
1858.88324666221,18819.19921875
1969.1866358262,15583.5
2093.45650850469,14751.599609375
2284.98584376182,17356.400390625
1768.86078375958,15454.900390625
2051.88895155832,20580.400390625
1163.54967726909,9853.7001953125
1681.9077797624,10443.7001953125
1253.3546273545,9839.2001953125
1727.23631485746,16354.900390625
1551.37881706115,11698.5
1960.44914707258,13549.5
999.358796282027,10356.0
1858.45412383338,16242.0
1730.25532148118,13040.099609375
1878.22239699815,12764.400390625
981.602043338267,7799.7998046875
933.388873976867,6788.89990234375
1136.3923166195,12018.7001953125
1692.74789241571,14234.900390625
1036.57721062109,9508.0
1097.48993208268,13693.2001953125
2028.37640629841,24782.0
1039.17177211097,10381.099609375
974.872956342337,9807.900390625
1016.12610536091,9354.7998046875
1102.87284528361,10380.900390625
1934.03286695843,12648.7001953125
2114.37449227472,16702.19921875
1528.90382910034,10600.0
1043.79957169148,10811.0
1358.16885281698,10901.0
1005.22752152017,9448.400390625
1880.12978281871,19012.69921875
934.431721526254,6042.7001953125
1081.2867307453,9504.5
1595.12818460105,10908.900390625
949.93271174611,7074.7998046875
1555.70936026218,12371.900390625
1306.98117062114,10557.2001953125
1628.08165484269,11038.400390625
1855.7259139151,16766.5
1450.24515794295,11721.7001953125
1855.87949823407,16935.099609375
2024.09876560029,14223.900390625
1085.90305883571,9087.7998046875
2016.69486541466,18189.900390625
1740.47920350591,13927.900390625
1679.22768327834,13402.2001953125
1062.72385503095,7333.5
1723.85300489267,10049.900390625
1230.01348620401,13505.900390625
1203.12743186406,10896.2001953125
1290.49641659462,9575.7001953125
1389.85778617864,11426.400390625
1608.43177191073,14633.5
875.472773027244,7803.7998046875
1719.06516131916,15773.400390625
924.398789693588,7195.89990234375
843.996229293044,6354.39990234375
1991.21768825736,14530.2998046875
1339.46486663698,11362.7998046875
1990.13847719809,16002.400390625
1831.63244348644,13428.2998046875
2211.67255287172,20295.30078125
904.28130432279,6598.60009765625
1777.49269025477,13848.099609375
1630.46872714749,14141.400390625
1129.54806922777,8683.400390625
1389.35671594585,9298.7001953125
1733.20561053797,17609.400390625
1006.07574354571,10431.0
1871.88812973444,11208.2998046875
1702.02131136719,11939.400390625
964.98018829895,8592.400390625
1904.88637219959,16657.5
2061.52121654003,16155.900390625
965.356185877497,7154.7998046875
1915.2670683803,18319.900390625
1824.50096334735,18761.30078125
945.49201996535,44116.1015625
1486.60243090839,10592.400390625
990.593909600591,8922.2001953125
1825.04123711914,19012.900390625
1410.80561809767,13311.2998046875
1778.42076721627,17676.0
1601.56046071226,11805.400390625
1702.19772729267,11732.900390625
1856.73596191269,13969.7001953125
1615.46134512317,11055.900390625
1153.72384481359,12303.7998046875
1359.40911023247,17233.400390625
1915.176187449,16352.7998046875
1140.27803330135,8318.400390625
950.109573166351,8948.2001953125
1777.70196141889,11470.900390625
1002.47302741098,15497.900390625
1484.48655353954,12868.599609375
1025.7171620772,10882.2001953125
1804.44512331415,15499.5
1189.4089775579,11720.7998046875
1062.47047988545,10049.7998046875
1684.86976305667,12897.900390625
1028.87404932955,8939.7998046875
968.467521290501,8370.900390625
929.779308360181,6455.39990234375
1084.57270010474,9608.400390625
1176.37814441583,9007.400390625
1812.73633769062,15352.7998046875
1708.39868024906,14980.7998046875
974.667360509992,9213.400390625
1944.02553720205,19882.30078125
972.54145950901,15535.2998046875
2389.99608691927,14294.900390625
1792.58070683089,23583.400390625
1358.86349052356,11041.7001953125
1400.89146630574,10895.400390625
2065.69216124282,14376.0
965.771721116111,10429.900390625
1202.35861927972,9387.7998046875
1044.30175566117,11024.900390625
1667.57710428051,14275.7001953125
1216.22497784664,10717.900390625
2053.13967810071,16311.7998046875
1574.75949587172,13828.400390625
906.894743653183,5770.89990234375
2081.19292871529,17608.599609375
1164.09451736217,11172.900390625
996.521217399849,6826.7001953125
2014.69548492589,13344.5
1821.23281377837,13758.7998046875
1290.20205593108,10874.7998046875
2069.11935244159,15514.900390625
1658.83326722654,12911.7998046875
2019.84651810357,30188.099609375
1166.08899740857,8731.7001953125
1030.31644999299,9641.900390625
1145.19740920314,9029.400390625
1781.6158556444,12981.7998046875
1160.14464943469,9189.900390625
1824.93298189214,20952.400390625
1969.55661922546,14382.7001953125
1238.20390739073,10588.400390625
1650.69496892689,12556.900390625
1157.16763069222,9990.2998046875
891.92790165214,8764.2998046875
1841.84351753678,12708.0
1032.84006644213,8414.900390625
1726.66496782607,16026.2998046875
1082.21124374872,9872.7998046875
1319.82244574228,10624.900390625
2183.59836400335,19593.900390625
1869.98252589292,15326.900390625
1905.92682521463,16212.900390625
1645.31695616833,11248.599609375
904.725351226128,4940.39990234375
1237.23729513237,9811.7001953125
1311.9930980596,9166.900390625
2069.50715563131,13458.900390625
1995.14717479952,17040.5
1174.00844640672,10537.599609375
975.291721417971,7105.7001953125
1565.51247248485,14495.0
1112.72685528277,8817.7001953125
1075.81672331853,10948.900390625
1218.86509117586,12323.599609375
990.459258808985,7821.10009765625
899.197652227767,10657.2001953125
913.514071877294,7948.10009765625
1936.51293629466,16315.0
1768.14843763625,14102.5
1175.79365528899,10547.099609375
902.383830760671,9741.2998046875
1205.44645484407,7750.89990234375
1051.93107619602,10906.5
1875.93700887262,17863.19921875
1503.47821796166,14441.0
1487.81673825404,12454.599609375
1732.58292023534,13745.2998046875
1684.08246243974,12576.900390625
1157.85837031963,10180.5
1032.08339359004,9904.400390625
1879.8742915731,22221.19921875
1470.26491290048,16009.099609375
1143.17452886572,19510.599609375
959.638817484508,8372.7998046875
2264.65056713958,24163.099609375
1488.35879400487,12053.2001953125
2062.53427162726,17274.400390625
1924.82916793711,17325.599609375
1949.1077414391,15139.900390625
1007.42648366201,8135.0
1228.21335324724,12219.599609375
1807.00371110206,14765.2998046875
834.57312410177,8504.599609375
1722.75497167973,15269.400390625
1906.15024083743,13387.5
1937.85276178931,20102.30078125
1064.12660666063,9919.400390625
1990.50846059736,15280.900390625
1680.25621930852,13643.099609375
1762.45958090798,16222.7001953125
1470.15621217872,23938.900390625
1512.42508925309,10530.5
1347.72968544884,12235.5
1708.69370915474,13125.099609375
1968.38340877155,22218.30078125
961.765498101321,9169.099609375
1497.68389034865,14242.7001953125
895.453380132629,7282.89990234375
1027.93851033079,10576.0
1883.37231643892,12577.400390625
1139.67750636311,9159.2001953125
870.315335862378,6968.39990234375
1793.37546948507,15750.5
900.636823054186,6256.60009765625
2118.97489392741,16573.900390625
1442.79035998084,9101.099609375
955.039863689792,7668.0
966.497654829669,7827.39990234375
1849.88458660478,13965.099609375
1108.09192778607,11182.2001953125
1926.63698567851,14108.900390625
1623.62024755553,13606.099609375
1698.73456239192,13181.0
1665.52070046229,14519.599609375
1220.32275003487,7845.39990234375
1967.50400211272,15754.599609375
1341.91787216646,12998.2001953125
1286.38249522128,10189.599609375
1273.43641745755,11060.099609375
1027.22115239139,11066.099609375
1439.03895996952,11335.7001953125
1867.88970287797,15245.0
1082.74583746229,12876.599609375
1039.4800544858,10650.599609375
1071.18535977993,8594.099609375
1247.24667142953,11230.2001953125
1959.91098940091,14973.099609375
1658.86679070733,11688.7998046875
896.792370324597,6629.2998046875
1878.67501967565,16671.900390625
1789.93591580667,17751.099609375
879.734877095562,7388.7001953125
1474.80895946587,11746.900390625
1770.75469336361,16967.599609375
1689.54534195033,14823.900390625
1859.85264326283,16186.099609375
948.000712339989,7953.7998046875
1189.76971694088,10627.400390625
943.618825867723,7227.39990234375
1158.22367602391,10914.599609375
901.124695504668,8584.2998046875
1008.84928255595,11397.0
1175.94868746593,8333.599609375
1871.54710349465,6229.2998046875
1140.78845892413,9377.400390625
1216.43981769528,9445.599609375
1136.69736915731,10233.5
1692.17732500016,12746.599609375
992.690964815778,11172.7998046875
1911.6743758777,14391.400390625
855.722375339767,5549.60009765625
1176.1332336708,8722.099609375
1008.40801999487,10176.400390625
1892.24924505283,23171.099609375
1699.20723233367,20494.80078125
1138.77259512919,11137.7998046875
944.727216833868,6131.39990234375
983.028406190298,7228.0
1250.41937374591,10609.400390625
1893.76548647295,14809.099609375
988.85514354719,8268.900390625
1884.97387010584,15596.599609375
942.129091385895,9084.599609375
1684.84548359218,12034.2001953125
1035.49309911944,7851.7998046875
2044.18345141929,14164.900390625
1759.03673328313,17409.099609375
1654.13207238411,11879.900390625
878.721654947803,6574.5
1855.5647561852,14439.099609375
1832.88161079716,15834.099609375
1002.8793186333,7973.89990234375
1016.07052988944,6641.60009765625
2032.83580885914,15348.400390625
1848.09013370621,12938.5
978.217731010269,9951.2998046875
1039.32357445089,9869.7001953125
1192.96046179508,12365.900390625
889.763186920079,6530.60009765625
2071.0042407767,15440.7998046875
1283.26692760805,8709.0
1792.33345723836,10581.900390625
1596.16318030527,10846.099609375
1792.27209033499,14616.099609375
1521.19565599273,14406.900390625
984.108285491719,8273.099609375
1950.29342574633,20849.599609375
1322.13255882706,9677.7998046875
1624.33058895244,13031.5
2002.66222592809,21588.400390625
1627.74452668207,12590.099609375
2145.30185234192,15221.2998046875
1842.49148966711,18532.599609375
1614.07953174727,24601.099609375
1847.60075771091,13122.7001953125
2059.71228506173,13638.7998046875
1108.52138473598,6906.89990234375
1008.57586014619,8003.10009765625
1721.6049269534,15606.400390625
1957.61936434873,19390.0
1233.54325257157,10332.599609375
1081.34698391177,10519.400390625
1150.49133482551,11415.099609375
2169.26768852146,18848.30078125
998.206969576655,8798.900390625
1893.49707587926,15080.599609375
1050.2684897468,9766.2001953125
1039.16676029491,8344.900390625
1148.96807686289,9136.099609375
1452.58233483448,14228.2998046875
1325.15835924589,11588.7001953125
1197.27285108458,10250.599609375
1036.54803071422,9156.599609375
1373.28426732092,10919.7998046875
967.532984654959,10218.599609375
1662.39789355918,13991.2001953125
1012.94070644384,9890.099609375
1045.28073039915,11161.900390625
927.264211998348,6828.89990234375
1552.21133539635,10916.900390625
1574.72808849104,14643.7001953125
1952.08721040275,19796.400390625
1763.05476190909,12354.599609375
1851.19177960816,12525.7998046875
2103.47368096018,27015.900390625
1049.70505024743,9543.099609375
1980.89134243753,15290.7001953125
1716.47739362439,11958.2001953125
1058.22001436777,10622.599609375
838.047259311017,5815.60009765625
2142.08738489167,19306.80078125
1641.93364620355,11167.900390625
1078.32251997722,7963.39990234375
1753.92568326029,17727.099609375
1815.02651488484,19807.80078125
1385.04109681933,13145.099609375
1202.19612506554,9291.599609375
1514.71849628432,12217.099609375
1816.91006673567,15467.099609375
1122.96287703975,9655.7998046875
959.718338299402,8715.599609375
1959.96489426703,14848.099609375
846.137444176446,5238.7001953125
1107.91228202358,11437.900390625
986.306468017723,9808.099609375
1195.99806782509,12556.599609375
959.911460278431,8693.2001953125
1609.97919796415,14218.900390625
984.722288646497,7602.39990234375
1293.31116387028,10921.099609375
1895.33830572777,18040.099609375
1844.59489318265,13472.7998046875
2091.3675835689,15240.599609375
1651.8072579722,15372.099609375
2143.20646773209,20477.099609375
1886.34844419187,10923.7001953125
1794.46470417648,13529.5
1050.1776088155,7574.2001953125
1560.46869217097,12868.900390625
1037.29423443942,7825.39990234375
1475.00531128192,11216.599609375
1068.92970842972,9056.7998046875
1688.663596444,12061.099609375
2136.54520731357,16481.19921875
946.769698940793,7595.10009765625
1272.3315904495,9289.599609375
1074.11883140948,12488.2998046875
1567.90956842178,10926.599609375
1824.49416955224,13142.900390625
1615.25563791713,19780.599609375
889.108476681486,6398.7998046875
1691.85690289309,14455.599609375
1120.04154514244,10323.599609375
1616.80807578661,15058.599609375
1070.36030348198,12555.7001953125
983.560883803757,8856.5
1053.22379061966,9889.7998046875
1002.27444812112,9962.2001953125
1849.43619612752,14376.900390625
2160.96745287608,17293.900390625
918.920986108494,8834.599609375
1666.22380256933,14757.099609375
1586.66590023624,11164.2998046875
969.895220626816,7914.10009765625
917.885656283205,8879.900390625
1631.01044877725,12686.2001953125
1124.56276010131,11244.7001953125
964.64083266452,8447.400390625
2053.79210517865,9804.900390625
1683.90315079831,13014.599609375
1873.82447271448,14781.599609375
1394.09811669049,10437.2998046875
1135.80637963468,15784.099609375
1578.2959446607,11392.400390625
1275.56020235842,9142.599609375
1680.18059657279,14233.2001953125
1733.81604973465,12806.599609375
989.459234443529,9774.7998046875
1021.70091543028,7966.2998046875
1029.5850589686,8255.7001953125
1789.12511534108,19710.400390625
1885.84236214302,15838.900390625
1730.11309727863,15642.099609375
1005.21504766686,7345.7998046875
1920.5167786476,17138.599609375
1310.51617155216,11559.400390625
1879.62681923319,16966.19921875
1889.92287140925,14386.7001953125
1764.2026905353,13622.7001953125
1160.19599270593,10035.5
1880.64588849969,15582.599609375
1247.40782915944,7554.7998046875
1306.15466646522,12638.7998046875
1039.44942672096,9846.900390625
970.182453374172,9516.099609375
1685.12347232324,14678.7998046875
1664.16283242981,13102.0
1251.73157856535,11251.900390625
1256.70040438565,9298.2998046875
1814.41106387209,13603.099609375
1677.72970714343,14230.2001953125
1091.52843256049,10052.5
921.570788948779,6930.89990234375
1610.63285015269,12776.599609375
1282.19595820185,10498.900390625
1571.5504857323,12565.900390625
1371.05178169829,9022.7001953125
1707.33439326429,14286.400390625
925.346078616673,8646.099609375
1587.53160793116,12219.7998046875
1360.22169267711,9513.400390625
1389.19166013678,9387.099609375
1718.83350404328,12810.900390625
1051.68271286659,9090.400390625
1104.52407161642,12822.400390625
977.365276784498,7965.89990234375
1477.45909642722,13877.900390625
871.907756886688,10528.900390625
1373.84380874113,12854.7998046875
1766.8511568913,11609.7001953125
1387.70159153388,8663.400390625
1548.70440063531,15523.900390625
932.735611596248,8443.400390625
964.519658089443,8656.2998046875
941.07137544885,10201.5
1639.24965164033,10412.900390625
1420.61931082093,9956.7998046875
1050.8408391414,8332.900390625
1746.21082773126,18079.900390625
933.319710915173,6582.7001953125
1881.70460679995,15330.2001953125
965.915281802944,8160.2998046875
943.599224098225,6965.7998046875
1259.17490503736,17841.69921875
1915.45283969577,17685.099609375
1156.53580774699,12603.7001953125
1262.55320318608,16040.900390625
1012.71974104223,11837.400390625
1730.24396136476,12272.5
1305.64535457935,8780.400390625
2037.6081714897,16990.69921875
1289.33913257842,8353.7998046875
932.555965833749,7367.60009765625
956.284464679208,7541.89990234375
967.663403246333,7190.89990234375
1127.90541866912,9218.099609375
1262.38101946083,17113.30078125
2124.52108095837,14196.5
1614.43414557727,9605.900390625
1654.96915704061,13678.400390625
1963.1399354309,25340.900390625
990.587227179172,8232.7001953125
1985.15027235567,14585.7001953125
1686.76400678177,14717.400390625
1627.58091873097,11257.900390625
1162.57771907359,10913.7998046875
1161.7071109363,9645.0
1030.99003807209,8791.2001953125
2149.20037699816,20911.900390625
974.322324817356,7553.89990234375
1575.95943601131,11740.2998046875
1745.87258583374,17997.30078125
1111.70154908961,10010.599609375
2078.32104673649,20022.400390625
923.802884763488,7867.7998046875
1234.07573018503,9507.7998046875
1113.838810207,9794.599609375
893.21309835168,6012.60009765625
1751.58984285303,14922.900390625
2166.36974509913,19624.80078125
966.5422043058,11199.7001953125
2171.66044088447,17652.30078125
1525.14953337307,15928.7998046875
902.568488339235,5663.60009765625
981.6880238272,8550.900390625
1677.67836387219,10586.599609375
1291.11220172844,11148.400390625
1481.54450613584,12191.7998046875
1772.88560618066,12356.2998046875
1909.77055401523,18741.400390625
1919.2444456093,17271.5
910.556710591168,6499.5
1127.44678181235,12997.900390625
2322.17396445711,38574.1015625
1374.09684976555,11786.7001953125
921.960652551772,7103.60009765625
2122.06863229735,21379.400390625
1198.6371787911,10107.7998046875
1814.03150233545,16114.7998046875
1038.81682415989,9762.599609375
1866.85504129482,15522.599609375
2165.09629832392,16180.400390625
1752.1291142616,12616.2998046875
1352.70808940651,14047.2998046875
2018.75839714906,16317.0
1381.28680109206,15367.2998046875
1718.80855633664,17307.19921875
1011.43638200858,8971.0
1693.09070063454,13654.099609375
1543.6343361305,11573.599609375
1002.30975358096,9456.2998046875
1874.7281588378,18723.900390625
1379.08572285011,9362.2998046875
1723.63059163309,10462.2998046875
2126.3239982574,17488.5
1974.29556974892,9758.2998046875
860.974591515101,5740.7001953125
1866.59955004921,12721.099609375
1382.21944437487,14648.7998046875
1671.65070837795,12916.900390625
1503.71945337491,6310.7998046875
1639.51694849712,11950.2998046875
1813.43064127613,16629.599609375
967.991287390658,8950.7998046875
1513.06348324605,12922.900390625
1206.56408982651,7118.10009765625
1098.59331123276,9476.2998046875
1946.0999835581,12870.7998046875
1789.13435935738,15573.0
1889.55066053618,14846.7998046875
1068.53455457643,10822.400390625
1181.80883692992,11265.099609375
1694.61997277644,15231.900390625
1081.2211316417,9936.7998046875
1990.34986446233,27708.69921875
1852.95671847879,16777.80078125
1731.52732039841,12827.0
1344.13186975649,13305.0
1455.20863782611,13588.7998046875
2069.12002068373,20536.80078125
859.509804739907,6180.7998046875
1715.59709597603,25164.099609375
1029.32344217002,11860.400390625
1846.75821574358,13591.2998046875
1815.90013011177,13051.900390625
1199.28292344762,9996.099609375
1514.29082131346,11839.400390625
1932.47608551503,16668.30078125
1074.05044796362,8791.2998046875
859.023324460554,6505.2998046875
1902.2031572522,14570.900390625
930.109308604623,8934.7998046875
1671.56973970508,12456.7001953125
1713.19109014388,15101.7998046875
1241.51159461978,10714.0
1540.15981111334,14955.7998046875
1332.67151702173,13754.0
1004.70183770182,11922.2001953125
1220.12138640276,10370.099609375
959.072148148119,11054.7998046875
1036.64169598779,9119.0
1755.83061885966,11527.7998046875
946.237666822096,8943.2998046875
1069.55696505365,11236.900390625
1221.3081844469,10684.599609375
895.635476116315,6380.2998046875
1807.67551720212,15333.5
1409.02363905243,10246.7998046875
1079.7495510714,7335.10009765625
1113.50379814649,10402.7998046875
2304.01203402793,20129.099609375
1184.82929141161,9946.2998046875
1068.85453118875,12433.5
1388.63245283765,16721.30078125
2044.38214208283,17218.80078125
1595.83952836117,10647.599609375
1789.34819684281,12503.2001953125
1257.72972003166,9799.400390625
1618.89410500646,11317.2998046875
879.16893168816,7446.39990234375
985.394094746556,9299.400390625
956.204943864314,6500.60009765625
1755.55797606573,16081.5
1059.23217846548,9367.099609375
1357.03295254932,11662.7001953125
1588.91475779134,11726.2998046875
1347.74037732311,9870.900390625
1154.4272810417,10858.900390625
983.184106609377,8013.0
947.796118870857,11971.400390625
1807.42069419865,14732.7998046875
1178.77234463681,8295.5
1927.12168397882,19093.80078125
1581.83495504457,15852.099609375
1082.07648158342,11660.2998046875
1132.42162181192,12100.2998046875
1424.40111584971,12275.400390625
1819.51576559458,16227.5
1910.37820886966,13416.099609375
1759.65474589076,10115.2998046875
1626.10287848663,13997.900390625
1956.82371070502,18750.099609375
979.306520206916,8955.7998046875
1824.84488530309,15157.0
1251.87447101005,10534.2998046875
990.930703640143,10282.2001953125
941.537140221802,6716.39990234375
1913.58710763539,12979.7998046875
1880.94191976858,14005.2998046875
1772.09730320052,12273.099609375
1045.0095354632,7199.2001953125
1890.02154849889,20409.5
1073.88895611264,7326.39990234375
987.029617389023,6209.10009765625
1768.32229196685,15489.7998046875
1801.87484128876,16250.599609375
1490.16605487782,10243.7998046875
1598.13371500824,11818.7998046875
1516.22070461947,12112.099609375
1185.54241715078,10912.2001953125
1195.60670067728,13437.099609375
900.76044785045,5832.2998046875
904.917804963015,7285.2998046875
1636.77236664637,11867.7998046875
1599.25736416996,10992.599609375
941.682148766609,8588.900390625
1515.99227718061,11019.099609375
2026.11061994238,16423.80078125
1320.57833897853,10659.599609375
1062.95439856993,12093.0
1434.18874712943,12696.7998046875
1948.16596551368,21955.30078125
1078.61120058255,12320.599609375
1315.44267537013,20909.400390625
2436.02126444733,23911.30078125
968.635027320755,7754.39990234375
906.7903308185,8267.7001953125
1488.31246254969,10199.099609375
1099.70593439914,9629.5
1997.96804762815,19287.099609375
912.047169001983,7421.60009765625
1785.14027607483,14287.5
936.06000487885,6874.10009765625
1669.83375799393,11559.400390625
1625.11677583247,10544.7998046875
1492.18648499406,16733.900390625
951.815595354795,7774.7998046875
1047.65755632444,9363.0
1005.33945207895,7952.2001953125
1431.13231894575,13416.7998046875
1434.01377906192,10373.599609375
1553.88038151961,11235.400390625
1388.08148719159,11253.5
1069.83784950065,9718.900390625
1543.86387730627,10939.099609375
1928.47598805321,6489.60009765625
2070.277638821,15686.5
892.139623037453,7199.10009765625
871.115110332624,6669.89990234375
1750.01390513489,11928.2998046875
1975.07964052883,17260.400390625
2164.27591972096,14803.5
911.671505544507,7410.60009765625
1701.56122665244,14092.0
1765.36097691472,15284.599609375
1784.45421414241,19545.900390625
1637.88109173358,17755.30078125
992.362746550381,5791.89990234375
2008.61114022327,14988.2001953125
1171.63941663975,10816.400390625
1856.12541134231,17554.69921875
1088.59496093094,8307.599609375
1511.82924000983,11722.400390625
992.443269728488,7496.10009765625
1340.88933613628,11111.5
2025.0106933767,17087.900390625
937.586492678486,6805.60009765625
1365.33808863709,13352.400390625
1772.98717898624,16614.0
1480.63781292287,10682.099609375
1467.11470806955,12735.599609375
1019.41853439439,11067.2998046875
1113.58187110341,10484.400390625
1766.37781870741,14856.2998046875
932.511416357618,6035.5
1207.73485005924,11600.7001953125
1739.04760609043,16707.80078125
1530.33865635283,14180.7001953125
1627.99712221173,12541.2001953125
1547.76284745727,10576.599609375
2050.77098245481,17476.900390625
891.378328177216,7506.10009765625
1762.24930738064,10352.599609375
1006.14813644442,7788.89990234375
1186.05139491558,11127.0
1830.44029950517,14901.099609375
1052.05013467098,8102.7998046875
1666.63510560771,13011.7001953125
954.303906344104,9641.400390625
1054.06521885009,9332.7001953125
1315.86856836194,13436.099609375
1250.56260031167,12145.900390625
1748.10752167755,17725.599609375
1933.18397669075,13432.099609375
1043.76638233176,7966.60009765625
1033.74564591819,7805.39990234375
1382.84425077761,11111.2998046875
1867.53720514808,18734.0
1863.62932510185,16139.2001953125
1524.54544247673,9464.2001953125
1728.73172939749,31999.80078125
2082.70649716685,17388.69921875
1018.12838156563,11038.5
1406.08693758586,9002.599609375
1831.98349335835,18615.599609375
1232.86331619212,22888.0
1599.2442220745,16084.900390625
1906.45206353822,17504.5
1448.69906837381,12940.2998046875
1144.59899836501,6829.39990234375
2040.23414036026,22831.30078125
1190.24439160905,14435.099609375
1609.90223874413,11918.900390625
1058.39576205111,8880.0
2001.53178297126,22357.599609375
1954.03914569944,14702.5
957.65012887001,8741.5
1463.03575803498,13725.400390625
1010.41809235791,8896.7001953125
1244.35808339719,9669.900390625
1032.55996161096,9061.2998046875
1564.1577229157,10399.099609375
2020.15368674149,18019.900390625
1999.2639918888,15945.7998046875
919.550024711467,5724.10009765625
883.434265593498,7692.60009765625
1859.27416831526,13497.900390625
956.768383363683,10353.400390625
1349.95994359766,11555.7001953125
1721.97201463672,14350.599609375
1905.84151296784,17342.599609375
1576.73036469576,11282.400390625
1408.6612290641,12206.900390625
1718.67746950313,11392.2001953125
1725.26934411257,19226.69921875
917.630109350747,8193.400390625
2014.67410117735,17412.099609375
1692.62204014564,13866.599609375
947.526705913953,8203.599609375
920.240708652036,6704.89990234375
1205.84272243426,10863.900390625
1728.91738933927,14208.2001953125
1768.55038528464,16612.400390625
1689.99930111211,14117.2001953125
1169.08628616267,8528.2998046875
1862.10862873411,14070.099609375
1781.72667246628,18427.599609375
962.402666983688,8389.099609375
1194.10271036309,13613.5
1634.94327653011,11084.400390625
2016.69531090942,22679.30078125
1370.31192627345,12463.099609375
1035.69513099369,14303.400390625
1154.32715609409,12689.0
1894.76807243329,20166.69921875
1679.25363334819,13575.400390625
1357.82058728732,12566.7001953125
2209.17711396623,15172.599609375
1081.67130409801,7612.2998046875
1560.74523304405,10979.599609375
1904.16622991793,17268.099609375
1799.42105614345,15873.400390625
1196.75607716146,11459.5
1800.05610892571,13972.599609375
952.646331710952,7477.60009765625
1735.5980287799,14317.0
1896.44157350415,21327.400390625
1732.62746971147,15670.7001953125
1119.2025671332,10324.400390625
1867.93848455433,15089.900390625
1216.68294646126,12007.7998046875
1878.86591418087,15498.099609375
910.6116178205,6484.10009765625
1705.66790873591,12682.599609375
1796.92806745915,17831.900390625
989.777763197867,8623.400390625
1325.28699585822,11291.7001953125
2042.23285260688,15476.2998046875
1560.78978252018,11926.599609375
1381.15315266367,12794.900390625
1334.9057846234,10849.0
1056.72493394881,12422.400390625
2013.51381007151,11062.7001953125
2010.86578921027,16052.400390625
1590.27797176095,9895.2001953125
916.488194903814,8728.900390625
1054.84360957179,10030.099609375
1610.39373083955,15552.400390625
948.724975448192,6780.2998046875
1745.13729673019,11314.099609375
873.364302008798,12450.599609375
1528.03310958935,11513.5
905.149462238897,7540.89990234375
1053.39976105038,10158.2001953125
1836.17504219385,16627.599609375
1105.11813888063,9290.900390625
2183.77322069717,10267.099609375
1627.19523164137,13508.7001953125
1860.5750130183,18181.900390625
1629.26199321279,9970.5
1112.99626823967,8303.400390625
936.181624948688,7768.2998046875
1789.22702226773,15683.099609375
1294.29593004016,8579.900390625
1170.67681383425,11132.0
962.34564365424,7938.89990234375
1006.20092757364,7849.2998046875
1892.16838775365,17053.099609375
1768.88005140801,15130.099609375
961.88734091854,7671.89990234375
1081.24284951131,10982.5
1281.59465164777,9357.400390625
1760.67938384178,17454.19921875
1646.1890121636,13898.900390625
1541.66558340657,14124.2998046875
1432.61169567438,9518.7001953125
1631.33087088432,11222.2001953125
1184.13788354206,12183.2998046875
1142.42353607183,6807.39990234375
1868.03047922254,12954.099609375
1557.98851146105,4078.30004882812
1518.70088532938,12561.2001953125
1037.22083917749,9392.7998046875
1837.71901566287,16600.30078125
1098.77718919549,7837.2998046875
995.504709728225,10219.7001953125
902.022812943473,7645.2998046875
1098.90159360759,12035.2998046875
1916.89980668051,17020.30078125
1085.93480033745,9638.900390625
2173.28783324755,17852.69921875
1440.95391920102,12647.7998046875
1771.87555818307,14950.2998046875
1931.58375950812,13301.7998046875
1130.43582891338,7141.2998046875
923.435797080167,8001.7998046875
1745.32796848803,15046.2998046875
1762.35656024443,14327.099609375
947.945136868516,7798.7998046875
1701.06182702501,15594.2998046875
1510.32023787958,10369.7001953125
1816.52916871474,12850.2998046875
1308.82373695393,10629.2001953125
1676.97626412836,13926.7001953125
1539.40180177697,13376.7998046875
1113.17524576003,12711.2998046875
994.914206422106,8584.099609375
1098.78999716988,7672.7001953125
1047.99011816376,9294.2001953125
2191.0078328735,13382.2001953125
1789.436961674,12508.2998046875
1315.00286066702,11608.400390625
1709.77715241425,10685.7001953125
1880.22801441358,15191.099609375
1914.25713175641,18761.30078125
1495.69052403916,8540.7998046875
1465.21556390208,12650.7998046875
1402.25468027536,11215.2001953125
896.357177629641,7619.39990234375
1657.7997193803,14938.099609375
1644.97938251295,10771.2998046875
1637.63373076736,11416.400390625
1904.71819792719,21157.30078125
1482.59119607754,14081.2998046875
1912.73220318844,15514.2001953125
909.195278600598,7292.2998046875
1053.14003760453,12049.2001953125
1243.5668847011,10572.2001953125
1814.02114458225,16475.30078125
1807.97422143958,12982.2998046875
1035.36011893318,10460.2998046875
1850.52854928225,15935.5
1786.60294674991,13789.7998046875
1824.04800654879,19348.69921875
1813.93204562998,15167.900390625
1067.02733442523,9582.599609375
1002.08166026317,7905.7998046875
1426.60898788677,12916.2998046875
1085.98547536655,9278.2001953125
1021.22579526734,8902.7998046875
1131.65147274331,10439.7998046875
947.89557557632,8466.5
1049.08280543957,8568.2998046875
1969.79473617539,15456.599609375
1659.01781343142,11725.599609375
1090.22335565723,14105.7001953125
1819.18353787633,13975.900390625
1361.08060657692,11921.099609375
1079.31018186305,11376.2001953125
1955.45336881923,15052.7001953125
1090.12423307283,11339.400390625
945.384098859422,6890.60009765625
889.90964332286,6422.7998046875
985.479295619657,9557.2001953125
1192.90666830265,9914.2998046875
1881.12880482095,17602.5
2065.26782748267,11359.900390625
1148.36610206667,7075.2998046875
1260.46717396623,12242.7001953125
1494.53802909165,14148.2998046875
1482.64432132782,7516.0
1777.98986240839,13211.2998046875
1012.86764530299,9568.2001953125
1851.16148596439,22644.30078125
1877.03270323807,12738.099609375
1000.86779841228,8117.89990234375
1463.75857328521,10959.5
1166.26674981833,12214.099609375
2221.36696437264,23145.80078125
1921.67417403749,18389.5
1676.88861303407,10107.2998046875
2102.68782820122,15887.7998046875
924.62008921627,6584.7998046875
1584.58532832722,12331.0
1142.28097774821,8756.0
1971.192475989,17216.30078125
1625.31067742733,12028.599609375
1972.04715768858,15708.5
1654.76422945041,12588.0
992.160269181365,6671.7998046875
1957.02418334761,15939.7001953125
1197.20090368063,9079.7001953125
1605.18288999017,10923.099609375
1421.08763718876,16126.599609375
882.237889411994,6824.89990234375
2048.87384301376,17447.30078125
1004.68802736422,8166.2998046875
1754.43822498317,13676.5
1927.45491406028,14748.5
958.684010837325,8231.5
1729.8647339492,12423.7001953125
1857.94414370537,15641.2998046875
1552.77666824846,11466.099609375
1375.36027290864,14674.599609375
1437.86073769954,8158.39990234375
1649.16035084786,12595.599609375
917.806191155156,7691.0
970.752352547581,8233.599609375
1373.42894174466,15811.0
1046.8278223315,8721.2998046875
1267.52314274328,12739.2001953125
1673.26195155592,11979.7001953125
948.31333828874,7563.60009765625
985.031350637158,8632.5
1078.06201691555,9778.5
1564.52124664093,12143.5
1394.07316898386,14074.7998046875
1791.73783074249,12919.7998046875
1734.6999113411,14034.599609375
2053.43392739055,13941.2998046875
1843.31409574388,11629.599609375
1003.01118508264,8262.7998046875
1250.05585002068,10862.599609375
1201.22884456504,11196.0
1623.29804346941,10210.7998046875
1416.66409695631,9700.7001953125
1167.8192990615,11865.599609375
1529.86754564274,13724.099609375
1785.00696176751,11794.0
1444.10044870017,16325.0
926.715696573482,7680.2998046875
1651.6978890083,13822.099609375
1830.15518285793,18015.099609375
1753.40857521609,17673.0
1872.77377331992,18077.099609375
1702.1467181425,11700.5
1349.93577550686,13944.099609375
1415.85151451168,11846.099609375
967.786025679384,8742.0
1885.14984053656,19517.69921875
1915.4167546201,14872.7001953125
964.051777216375,6219.2998046875
968.235418519858,9023.2998046875
1392.77911807594,11401.099609375
978.074504444507,7788.39990234375
963.691371954474,6728.2998046875
2047.85455099988,14972.599609375
1716.13781524258,11835.2998046875
2319.42347980077,28867.0
1937.04463429229,19395.599609375
2001.52109109699,16489.0
2453.88604987071,20664.80078125
1578.79746038825,13182.099609375
1545.08776278928,12402.2001953125
1292.5025908785,8687.7998046875
909.549892430603,6643.10009765625
1108.2655593693,9183.7998046875
980.806946563015,10764.0
1064.36249613675,9800.0
1684.80305021616,15177.7998046875
1094.54320698398,10535.7998046875
1018.21959661801,8800.900390625
1681.31972667746,15259.900390625
1760.39716291049,12416.400390625
1984.23233039999,17014.80078125
1762.87411378338,9060.900390625
1035.74614014386,9922.2001953125
2185.77505140712,16842.0
1778.59573528378,12107.5
1533.88089657371,9972.2001953125
1449.28467123756,10896.7998046875
1235.29493797305,11268.900390625
1125.91350021761,8981.2998046875
1062.76907274922,7968.7998046875
1429.19385986559,13131.5
863.923377027072,6347.2998046875
968.564416401087,6188.2998046875
2120.04653157575,21150.599609375
2203.91827105632,20971.30078125
1458.40227839626,12077.2998046875
1053.17066536937,8062.5
866.582479570499,4719.0
1013.57787532621,7634.5
1044.36056096966,9770.7001953125
1287.68590151919,11530.7998046875
1098.99670673913,10699.400390625
1334.20691471659,11305.900390625
1402.68870354657,8654.2998046875
1045.07936676704,8425.7001953125
1918.91745245449,14116.7998046875
2054.70737416576,19926.30078125
984.572268285625,9800.0
1872.24808950158,17347.099609375
1923.32740509672,13363.7998046875
1074.71367828952,9962.5
1837.31951823566,15574.599609375
1860.26884674358,16294.400390625
958.716866075972,9953.400390625
1404.99068635196,9167.400390625
1587.46923866457,12602.7998046875
1986.84203871176,12301.400390625
1589.5577181056,9723.2998046875
1167.23403031883,8456.7998046875
1873.16469497298,18237.30078125
1270.19677955329,12808.5
915.127486842231,7685.60009765625
1198.36342226028,11986.400390625
956.1935837479,9225.400390625
1279.20791346404,9271.900390625
1912.44797753072,17202.0
1304.58797276338,12366.7998046875
1869.02337567182,17548.30078125
1730.09705946722,17580.19921875
1052.24080642882,8875.7001953125
1030.00738800233,6594.7998046875
1054.15320406545,8651.5
912.308395992648,6704.10009765625
1643.86675934657,13652.7998046875
924.694208407183,7692.5
1525.70940891435,12691.900390625
1864.18819827992,19789.900390625
1700.68126312516,15521.900390625
1153.56235296261,8639.900390625
947.569473411039,7392.7998046875
1027.49023122722,13542.7001953125
1390.41977782003,18759.80078125
1936.29263913519,15688.5
1923.5027072853,16664.0
1714.19857654658,11359.5
1611.33528401759,9724.900390625
1428.51280974924,9432.7998046875
1378.12735224484,10285.900390625
974.978093106007,8939.7001953125
1131.9854824406,9479.400390625
1040.77978545193,9939.599609375
925.775535566578,8312.7001953125
1831.75116784033,16498.900390625
1320.84741781437,11243.7001953125
1940.63977701607,17155.0
1426.38624050611,15081.400390625
1409.20506679397,10905.400390625
1810.50886388406,13811.2998046875
1249.36722649338,11233.7998046875
1852.6341802716,16940.5
1845.30946677979,13819.0
1322.6514488503,10417.5
1789.0442580419,16008.7001953125
944.416818358923,9851.7998046875
1202.36652681174,8537.599609375
1218.32336954611,10399.400390625
1319.41403841984,11411.900390625
1832.87236678086,15154.400390625
1781.04205839183,16261.7998046875
912.349381510688,6912.2001953125
1517.64951769269,12857.7998046875
1661.14015047431,14029.0
1082.21903990704,7749.2998046875
1185.72919082946,9773.900390625
2134.18898552099,15124.400390625
1545.92596118269,9834.7998046875
1214.92090330658,9520.900390625
2000.65215356505,15529.2001953125
1204.39753742856,10677.0
1122.61617074175,9080.7001953125
1481.28433719523,10658.2998046875
1237.03949545835,10861.5
1800.66955521203,13823.099609375
2047.07738538877,16839.400390625
2033.04340941792,15783.0
1558.56765465076,9535.2998046875
1074.24401543741,8470.900390625
1248.32298677287,10799.0
1327.69979548549,11443.099609375
942.976645169292,9293.2001953125
1933.23921804116,16915.0
1989.25238811784,27461.80078125
1021.89481702514,10399.400390625
2208.00991769159,27571.099609375
983.547964455679,6855.2998046875
1036.2846319366,11029.0
939.152852259259,8241.2998046875
1743.34607366864,12164.0
1568.57346698983,13628.2998046875
1001.84142721313,11070.400390625
2348.70785518824,20639.900390625
1899.11521031417,13885.5
1502.00407579648,14035.099609375
1412.32675996017,13412.7001953125
1172.47872877007,10931.7998046875
1932.1689168771,14848.900390625
1250.12991352475,10343.900390625
1971.6934348481,12537.900390625
1066.17911239969,13008.0
2099.66447800358,15754.7001953125
1418.89045702597,10076.0
1804.33107665526,13600.2998046875
1125.97765146323,10528.400390625
1521.33932805326,10485.900390625
1829.00157417351,16515.900390625
1910.2971288231,28932.400390625
1849.85885928231,16258.900390625
1892.93887094334,18333.400390625
1302.66978369486,12410.400390625
2061.53725435144,16901.5
1366.38021225749,10003.2001953125
1607.99908512381,10497.7998046875
943.900378556872,11175.400390625
1045.05375081826,7848.89990234375
1343.28576383106,9979.900390625
1725.46324570743,10301.2001953125
2297.63566750927,19010.30078125
1950.92001412811,15261.0
1915.35705832209,16899.400390625
1049.53721009611,8007.89990234375
1293.81980751401,12046.900390625
1237.26614091817,13259.900390625
1922.87077296638,19658.400390625
1638.24071737965,13590.5
1910.94799666938,17724.30078125
1811.99859836589,19568.0
1995.75282492752,14746.900390625
1837.33410818909,18440.400390625
890.753967269237,6058.89990234375
2040.25418762451,15473.0
1176.98713575455,9469.599609375
1157.15627057581,11587.7001953125
1591.21997043375,14359.7998046875
1134.6166858746,11342.0
1435.21951063341,13103.900390625
1650.61901207009,18320.5
1587.55332580077,15596.400390625
1872.43185609062,15753.400390625
1295.6416583404,14874.900390625
1250.77075773889,11336.5
1703.99752612837,14853.0
1406.77945919232,11849.7001953125
1368.3514152026,13767.2998046875
1870.85992782533,16514.400390625
1203.29772223657,7165.39990234375
1056.70967575324,7920.89990234375
1775.2606501269,14874.900390625
1000.02737254507,8674.5
1611.70983373816,10120.900390625
2227.82173796929,18526.400390625
922.853424053441,10275.5
1430.51285848015,9655.7998046875
1609.04978451836,11873.400390625
956.745997251927,8420.0
1944.74033354657,16453.599609375
1887.44502954684,15531.7001953125
1801.11393623644,11542.2998046875
1074.74218995425,7961.5
1701.62136844522,10783.7998046875
1459.40274825648,16028.400390625
1106.89198764648,9060.400390625
1748.25720791735,14628.5
1955.44646365043,17618.400390625
965.90715152355,7105.89990234375
1011.77028033218,9886.5
1935.04569929828,14296.599609375
1604.68248799953,12248.0
913.428926691038,7071.10009765625
1935.55489981046,16786.19921875
1468.78375419281,11345.2998046875
903.802286080689,7222.0
1715.14658939866,12956.7998046875
1735.94551469373,11683.400390625
1917.02164949773,13203.2998046875
1849.89416474215,14435.900390625
1522.3025991009,9714.5
1222.49609622794,10965.7001953125
1206.4571710838,11136.2001953125
1152.97073591959,24017.0
2003.8182848337,14421.599609375
929.968198138977,9324.2998046875
1869.11470209789,12753.400390625
1168.44221211151,14019.5
1372.78642692515,8321.2001953125
1454.25204919988,18580.69921875
952.42503218827,9142.0
1046.45973228497,9524.2998046875
1312.62570062066,21847.0
915.146754490658,10432.7998046875
1285.30695949379,11636.099609375
1317.32232914179,13729.2998046875
1262.92986900677,11026.0
1092.29858162911,9403.0
1024.01570621006,9017.2001953125
1255.22280963607,10791.7001953125
1507.12481533038,12302.5
1006.71191006486,7922.5
1696.81358898114,13466.099609375
1179.94032052728,10042.099609375
2142.56740549698,22136.30078125
1077.9301504662,9475.900390625
934.439851805648,6919.0
1321.95291306456,14194.0
1379.27639460795,12630.2001953125
1077.06589062925,9551.2001953125
1191.31424727834,11212.5
1262.82328438512,9912.2998046875
2009.89461063061,29101.0
1527.18310558477,12951.7001953125
1631.97917713572,12863.5
1669.10559680657,14916.5
2033.01779346914,12351.7998046875
1755.34057462221,12377.400390625
1493.53154505215,11038.2998046875
1624.33660313172,14685.0
1566.98037772337,14445.599609375
946.698419778984,9187.2998046875
1047.04923322787,7728.60009765625
2081.91151176529,16994.900390625
1684.01329937805,13561.900390625
1133.36751856388,11762.0
1657.51738707532,12310.0
1029.23512283359,9934.7001953125
840.374523944112,5027.7001953125
1863.84494456633,18090.0
1049.12479332083,9120.5
1469.1247804326,10431.2998046875
977.629677925337,13071.5
1640.0319404412,13081.400390625
1187.09318441491,10808.099609375
2025.30160145583,15393.900390625
1238.054555272,10803.2998046875
1308.86037889805,12021.400390625
1403.99311220769,12292.5
1477.20215732364,10578.7001953125
1515.60380574874,10126.900390625
1571.98027680327,11088.5
939.408343504872,10212.0
1889.223444634,20654.19921875
1810.30360217279,17480.5
980.500780288303,9526.5
933.134050973397,6695.60009765625
1739.33695493791,20618.80078125
983.35161263963,7105.0
970.88778295502,8712.2001953125
1289.18020232232,13757.7998046875
920.568926917433,7806.7998046875
1902.37378174579,17084.30078125
1540.97918735308,12171.400390625
1033.11727555736,11914.7998046875
1638.76963103502,13131.599609375
971.872103630139,8579.400390625
1071.21854913965,9591.2998046875
1163.9444970013,10605.900390625
2091.49054012302,15536.2001953125
1143.50909543146,16382.0
1183.22049845483,10023.2998046875
914.024441813222,7672.10009765625
1758.32182556491,18485.900390625
1494.46173811377,11304.7998046875
1924.17072667989,14005.5
2032.70594713622,18148.0
1293.46976000531,7235.2998046875
982.948885375404,8433.2998046875
1004.63167227692,7848.5
2002.81191216789,18678.599609375
1724.17699095783,13306.599609375
910.045672413098,6030.2001953125
986.622657924565,8193.099609375
1997.67045712759,17201.400390625
975.039014514617,9053.2998046875
899.553379794675,7859.2998046875
2230.35482118211,18022.5
1249.45420934553,11156.900390625
977.421186377043,9409.599609375
1698.60447792161,13379.400390625
2081.53685067103,13975.7001953125
1895.96868081502,16162.7998046875
975.507006761375,9948.2998046875
1972.80405328805,15833.5
934.644111153709,9010.099609375
2177.29194016222,17058.69921875
1036.29175985278,8654.400390625
1085.48329139686,10102.0
1397.39700539801,12591.7998046875
1328.34097382071,10533.0
925.049212045104,6086.39990234375
1506.99116690198,10973.7001953125
1195.40645078207,9734.0
1670.10673490893,12280.099609375
1264.13092288327,11519.0
900.408005807407,6479.39990234375
1974.77447661733,15095.599609375
1922.10853142977,17120.400390625
1742.49785164311,11303.599609375
1190.42292363465,8678.0
1080.14270019825,10344.099609375
1336.40765883748,9751.7998046875
1910.55195182658,14563.599609375
1049.78913738363,9049.2001953125
982.957127028488,8731.5
1178.36861500937,9603.2998046875
1648.74938193055,15972.400390625
1493.04751499399,11372.0
2224.2669125214,17616.400390625
1792.57970446767,13766.599609375
2193.79083864741,20406.19921875
1930.39829794827,16472.80078125
1721.50580436901,10573.2998046875
1945.23505547901,14789.900390625
1241.20832406102,9446.7998046875
1510.58541863625,11614.400390625
1295.828097898,10309.099609375
1234.42856203599,9589.7001953125
1587.9928063828,12235.2998046875
1895.55169771843,15703.2998046875
1809.7725724173,12633.0
1845.1412925074,15962.900390625
2075.58259043871,19844.80078125
1959.7568482135,23730.5
966.906062152102,9470.400390625
948.172896065236,7968.60009765625
1271.50620003048,11349.900390625
1834.86138951643,9508.0
1112.33693599293,9218.900390625
2047.68414925368,13850.099609375
1390.38915005519,15539.7001953125
1140.29730094978,6476.2998046875
1899.30766405106,17595.099609375
1939.56702563083,15801.2001953125
1032.46117314764,7526.60009765625
1991.21546078356,15959.5
1801.75299847154,16629.30078125
1941.60160020575,14942.400390625
1121.68486394323,10638.599609375
1809.83171184687,14303.5
1188.93252091068,18079.0
1681.00966232359,14746.7998046875
1515.11699134832,12845.400390625
1841.72913675682,11200.599609375
1688.66961062328,11764.5
1819.45729440716,14836.099609375
1093.86070900965,13432.7001953125
1864.46150931598,11250.2998046875
1979.71635000457,15409.7998046875
1824.62893171754,10719.400390625
1161.81792775818,7024.10009765625
1807.43249980982,13611.900390625
956.621926960902,7221.60009765625
1381.28212339707,11372.900390625
1054.33140196997,8763.2001953125
1246.09306274512,11006.5
1782.12984522527,16388.30078125
1637.23133762421,14229.400390625
873.898561601302,7833.2998046875
1151.65385340515,8949.0
895.405600819478,6216.2001953125
1655.74509754113,12494.0
1025.20751607026,9059.7998046875
1269.66541567674,13006.400390625
1575.74559852588,11815.599609375
1695.08829914427,12738.5
1934.01326518894,18877.30078125
1563.97562693201,14121.0
971.683547972414,9190.900390625
1348.56398576309,9919.099609375
1106.25080931126,10536.7998046875
1303.87907922444,9065.5
807.257167317154,6334.7998046875
1226.11952786907,13666.099609375
1090.07433765957,11081.5
2009.88592348277,23514.69921875
2054.22401234974,19583.599609375
1237.14184787976,9410.599609375
1343.80042165407,10318.599609375
1906.26740595966,16434.0
2031.52627700827,15186.5
2186.48338807761,8754.7998046875
1804.1382887973,14573.5
1571.57610168107,15599.2001953125
1507.36894645958,11684.7998046875
1169.52955345018,10576.0
1694.25611493014,12288.400390625
2120.10288666306,17067.0
1718.4289948,13107.7998046875
984.784657913081,9156.0
1755.4536189179,17644.5
921.170901713656,7119.2998046875
1211.18943918583,13766.599609375
1778.73261354919,11505.900390625
958.232836017807,7955.0
1662.16478842533,10681.2998046875
1552.41670848132,10990.099609375
1058.64379125947,10810.2998046875
1822.68546082132,11534.7001953125
1109.28050780926,8982.900390625
917.736304164475,6177.10009765625
1899.18092079146,16431.69921875
2030.4642174973,17862.80078125
1097.18588190808,14439.7998046875
973.121605061929,7217.5
1768.08350677478,8711.7998046875
983.159158902743,9499.5
932.011738295961,8688.7001953125
1595.60252514816,12829.7998046875
997.33302022865,8640.0
1405.76651547878,10410.7001953125
1155.4590469089,9739.0
1879.33279269072,16581.5
1750.83216763773,21951.400390625
1381.35128645876,10993.7998046875
1739.88268602051,13549.099609375
1803.4647007182,16944.5
2041.38463058134,15021.2001953125
1127.88871261557,10160.099609375
943.360773027233,8596.0
2124.18896461381,18716.900390625
1788.26163511997,12567.900390625
2029.97350501771,19274.80078125
990.636342976606,6681.89990234375
1690.93628796884,10557.2998046875
1749.14897705581,14177.099609375
1164.57743368343,8885.7998046875
1393.85576754034,10595.7001953125
2116.59795662843,18877.0
1799.20833239493,14158.599609375
1118.96456155697,8284.7001953125
1381.64386514325,14179.7998046875
1156.00043441758,10807.5
1595.0861967198,12368.599609375
2058.43772454961,18589.5
957.128343130823,7095.5
1786.32919021908,12912.0
1859.60138421745,17127.69921875
904.623444299478,6869.7998046875
917.2644695254,6387.10009765625
1154.81931643165,9857.5
1902.23991057001,19102.80078125
1747.69265468108,14601.0
1283.98751538447,11438.2998046875
1542.31110531571,10787.599609375
1093.74343251373,8710.0
950.283761618024,6910.2998046875
950.87326256093,9313.0
1631.28888300307,15450.099609375
999.37695019355,6905.7998046875
1052.68663531121,8523.400390625
1625.31134566947,7472.2998046875
1896.7474056578,16429.400390625
964.761004876384,8830.900390625
1040.42695360097,9759.5
1477.38959924446,12173.2001953125
1772.11579123311,14225.2998046875
868.973505641306,7693.39990234375
1315.45626296035,14049.900390625
1460.59767658001,10625.099609375
1803.46013439689,14093.5
1065.48091073502,9545.400390625
1972.36680017982,18641.400390625
1072.98126053647,9466.2998046875
1978.60550881724,17689.400390625
2133.40625122536,16460.900390625
992.331005048638,8435.2001953125
1996.50860679009,14791.400390625
1363.24894095391,9177.400390625
1253.00068176664,11245.0
894.565230639108,6858.5
1174.65029298408,15152.900390625
1487.93757870805,10925.400390625
1186.83401783752,8305.599609375
1129.36875758634,12590.7998046875
1109.28941770448,9477.0
913.10210059677,9134.400390625
936.901544482968,8029.89990234375
1024.85602070359,14038.900390625
1662.76676322155,11101.099609375
1001.73094451232,7709.60009765625
1072.52039620589,11620.0
1604.07271704498,10709.900390625
1904.90040528457,22924.599609375
1893.62225990719,14327.7998046875
1880.49976621798,19694.0
1257.67202846007,11889.5
984.667492790856,9891.400390625
1338.61764697465,10655.2001953125
1122.68099022952,9961.599609375
1848.27612776906,16274.599609375
1028.97027619799,8859.2998046875
1243.03663456144,13190.900390625
1275.17919296381,9337.599609375
1821.71361399951,14312.599609375
1762.59857527351,12727.7998046875
935.035032806761,7434.0
1126.13168127696,11434.400390625
1881.87545404091,16789.80078125
1971.48405231028,14694.0
976.536990649529,9169.900390625
1820.66336009972,17302.900390625
2031.4982108383,14573.400390625
1377.79200606326,12187.900390625
1061.87095531042,9640.7001953125
1013.48309631574,10882.599609375
1155.32829419645,9835.2998046875
1844.21856148303,19644.099609375
928.977027981903,8024.39990234375
1082.32985672892,10607.2998046875
1974.0828460004,13558.0
899.646376826099,7088.39990234375
1629.4944301045,14640.900390625
1148.18467432512,9656.099609375
1824.29391965703,14762.099609375
1175.50063110974,9943.7998046875
1060.22262469356,9049.5
986.818341498471,8903.5
1231.56848566837,10870.400390625
2069.03203546838,14006.900390625
1530.61486310484,10727.7998046875
1824.5234608328,13217.900390625
1676.44345239383,12903.099609375
1959.18795140331,22076.099609375
1849.69358072587,16475.5
1454.05926134192,13625.400390625
1274.5562799138,6981.89990234375
1587.76616092299,11206.400390625
917.039216236712,4925.89990234375
1687.33490831839,14846.099609375
1004.35936360407,9135.2998046875
1204.95930632257,8281.5
1394.87372306994,12258.7001953125
1942.77369692276,21275.599609375
1669.82340024073,12376.599609375
1051.12562166757,9237.2001953125
964.574565318775,9239.599609375
1400.97978564217,13616.2998046875
2331.6993106961,19285.400390625
962.062308986046,6228.10009765625
1854.09395523073,14558.099609375
1839.65491314815,16188.2998046875
1015.23478171722,9596.599609375
2151.02868749858,17140.599609375
975.679190486622,9422.400390625
935.314469395794,7719.7998046875
1443.18852092376,12134.900390625
1289.08152523269,9174.900390625
971.25097255918,8939.900390625
1647.0354522101,13208.599609375
1132.94875348825,10357.2998046875
1237.58801088322,11337.0
994.071330333703,8960.2998046875
1126.91708854115,9777.900390625
1797.48192882115,13457.7001953125
1282.04660608312,11766.0
956.833314225144,6928.2998046875
943.827317416017,9527.400390625
1142.3133874921,9689.900390625
1823.22050002965,17461.30078125
1672.58368578182,10700.900390625
871.892777125339,6477.89990234375
1356.791383015,11040.5
1878.42866107264,15634.400390625
1102.60421194254,8213.2998046875
1654.35337190679,17435.80078125
947.347505646215,7351.7998046875
946.948676461151,7853.7001953125
1119.5722164114,9544.7001953125
2344.06334955418,15333.400390625
2019.16513386614,13550.599609375
1064.71933744056,8974.2998046875
896.509369777474,6942.5
1161.71847105271,11009.5
1907.98946595951,13998.7998046875
1816.03478090338,14377.900390625
1779.95438293209,13074.7001953125
2123.21310833916,19101.19921875
1020.94324021498,7648.39990234375
1717.55337484665,9416.0
1291.61516531397,11855.2998046875
1827.24777267191,18000.80078125
1788.59876328059,15374.0
1262.51934558422,11834.2001953125
1329.33431576474,9632.900390625
1677.64060819117,8239.400390625
1066.71515397124,9941.599609375
971.392417145896,8603.2998046875
1804.72177556093,13720.5
1594.78637874543,6467.2998046875
1428.09582665265,15056.0
1137.89842303381,8456.2998046875
1810.84855363956,12066.7001953125
1537.832991975,8445.7001953125
977.326407366574,9371.5
991.640710915985,7631.2998046875
2019.83872194524,17752.80078125
1804.86711822681,12952.400390625
1339.83941635755,11939.7001953125
2130.51922242468,19688.80078125
1445.44628837409,10528.2998046875
1836.16156597732,11710.0
956.715369487087,8332.7001953125
1505.92487519078,11800.900390625
1448.18764038783,11405.900390625
1788.76092337371,16392.19921875
1687.00602181085,6182.0
1253.40095880968,10482.900390625
952.331255541014,7619.7998046875
1311.07326275118,9403.0
1123.61552686507,10018.2998046875
1762.91688128047,16780.80078125
929.464566311314,10761.400390625
1803.11754892544,15335.400390625
2155.49388149122,16622.0
1300.26878967876,10467.2998046875
1764.67747657717,14241.5
1360.7791179972,11957.7001953125
1164.45848658216,11843.900390625
1056.64942258677,7185.89990234375
1222.05917724078,18058.599609375
1102.3779006038,8900.5
1380.51876812356,12777.5
940.094850932054,10218.2998046875
1239.02963193082,9472.0
1375.460843351,16217.7998046875
1257.7258219525,11175.7998046875
2437.66469462181,19125.80078125
1238.22985746058,8989.900390625
1747.04045035052,14504.400390625
991.355594268745,8257.5
1952.54762923857,15176.2001953125
1142.65664120569,11877.900390625
937.698089116194,6506.10009765625
912.374719025238,8914.400390625
1869.79898205126,14506.0
1960.14064195037,20970.30078125
931.306074594043,9096.2998046875
1021.29429008689,9053.2001953125
942.098797742126,7650.7001953125
1873.31126274945,14705.5
1308.13299732652,12325.2001953125
958.801287333241,8860.7001953125
955.12762615777,8568.7001953125
1022.31246836387,8252.7001953125
2059.83167765776,16764.80078125
1135.22222462891,9842.2001953125
1852.65344792002,16048.900390625
1621.1379507455,8463.7998046875
1883.36051082775,15628.5
1101.0317268088,9396.2001953125
1132.73491600282,10274.7998046875
1997.62523940932,25761.19921875
1062.74913685865,8365.5
1282.53420009938,12293.400390625
1618.01592345822,11031.7001953125
1294.9011346734,10397.2998046875
1547.23827737583,12209.7001953125
1885.02487925601,18578.30078125
2277.31976990916,19341.0
1378.55502721569,11013.7001953125
2064.08704361781,22322.80078125
1067.24005817375,7864.2001953125
1182.57152396128,9854.7998046875
890.69048426575,8119.0
1076.75014621717,12027.7001953125
951.156263108054,10068.2998046875
966.47059102292,8684.0
1983.70553284474,15099.900390625
1861.96350881561,23221.19921875
1765.28657928958,18107.19921875
1800.88161071842,10587.099609375
1500.89501658819,12571.2001953125
1210.91289831275,13780.7001953125
1024.17396822402,11371.7998046875
1254.72597160351,8689.599609375
2008.80225747588,15199.7998046875
1353.44549461017,13347.0
1670.61003261552,12423.7998046875
1366.52065448099,11018.0
1107.64286906667,9798.7001953125
1440.79242735005,12834.5
1787.94266087087,17352.400390625
1821.31200047219,14934.2001953125
2043.40004888152,17378.80078125
1128.31772407072,9914.099609375
1732.48847534594,14658.2001953125
1372.06149557481,7934.7001953125
1696.02818171695,12880.400390625
1654.89475941547,11628.2998046875
1797.35151022978,15251.2001953125
1043.83454303024,9146.7998046875
1303.91360506844,11198.5
1588.6503566505,8537.2998046875
1823.81568103077,15394.7001953125
2203.86726190615,17956.599609375
1760.58282285226,20738.69921875
2060.58010885676,17624.30078125
1586.62424647605,15806.2001953125
925.676078861115,7261.5
1370.82157228039,17082.80078125
1090.82388259547,8543.5
1673.33601505999,15169.5
1825.15394729375,16016.7001953125
996.259266480198,10547.0
1078.11759238702,9848.599609375
1822.49623692145,14558.7001953125
1717.31314179661,15228.7998046875
1467.27297008351,12009.5
2119.55002766427,17322.69921875
1104.29531005648,13616.7998046875
1212.18300387725,12985.099609375
1663.68091847176,14886.7998046875
1373.47137512067,14337.0
1748.0804578708,14215.5
1418.85737903994,9453.7001953125
2042.01790138455,14926.7001953125
1314.33005220375,11858.0
1789.85216279154,21784.19921875
1409.33336928523,10430.7001953125
1477.27666632247,12296.2998046875
1797.14368692363,10412.5
1039.98190433442,9907.900390625
2084.46865169522,11529.7001953125
1277.77809802761,11357.2001953125
929.544087126208,7064.5
2050.03858906721,22306.5
2064.97914687734,24170.900390625
1005.84408626983,8013.5
1206.75732317923,9058.5
1804.11267284852,16600.900390625
920.623500025694,6840.5
2142.51483711515,18214.30078125
1017.30510724673,8879.7998046875
1689.45334728212,19435.30078125
2136.29305727866,15201.099609375
1798.03222622506,14214.0
1756.88844617039,13843.7001953125
1779.55766984714,13523.599609375
1706.62271538309,15824.5
1138.28043479163,11368.900390625
1024.20348225195,9160.900390625
1420.52776164748,11692.099609375
1452.91278057368,10916.5
965.771721116111,7540.0
1633.38660646039,11678.7001953125
1784.50800763484,14737.7998046875
1806.42066983319,14893.2998046875
986.311145712717,9894.7998046875
1906.91671457427,14509.599609375
1120.18800154522,15274.099609375
1931.3997701717,20862.5
1480.38087381929,10671.7001953125
1437.06029498715,11852.7001953125
963.012437938234,7560.7001953125
1934.61401487457,17484.19921875
1899.08001622803,14591.900390625
1640.17383052268,13822.7001953125
1788.52637038188,16400.30078125
880.485480081528,6836.39990234375
964.805108857754,8335.7998046875
1894.26689082681,13582.2998046875
1544.80866032132,16821.400390625
2032.79927828872,17118.0
1449.72370632483,10758.0
904.660531738357,4734.0
1101.20279679714,10001.400390625
1940.37092092762,17714.5
1118.49055513093,8734.0
1782.81624127876,14269.5
1365.42930368946,13242.900390625
1837.31305856162,13845.0
1022.94651878291,8215.5
1991.3174790839,15099.400390625
1812.97835271971,10487.099609375
970.232348787439,6169.7998046875
1790.49300700569,16387.599609375
1022.00095615203,8251.900390625
1666.4233842224,11120.900390625
1125.43626395455,11218.5
951.984549243023,9904.5
1997.31829351877,17878.69921875
1963.02856174058,17478.30078125
1171.3233381066,11805.2998046875
1172.6095928562,8717.2001953125
1111.20437693598,10922.0
1057.7902232968,8984.400390625
895.088074428353,8318.599609375
957.120881093571,8785.400390625
1706.0468020304,11583.5
922.589357033674,6390.5
905.989888106112,7270.0
1298.20236222842,12630.400390625
843.771365812272,4193.0
1721.37215594061,12168.099609375
1794.99038799482,16737.0
1028.89476483595,9978.400390625
2319.40387803127,17108.5
1199.11474917523,10174.2001953125
1576.09275031863,10712.2998046875
920.263150450637,7371.5
1734.58942864029,14301.900390625
1644.55426913697,13650.5
1370.04139957964,11398.0
1189.91828944377,11033.099609375
911.414232319849,8247.5
1692.04969075105,10272.0
864.831518098006,6570.0
941.377430349871,7687.5
1852.96384639497,16116.900390625
2059.51203516652,15636.2998046875
1364.14772663486,9737.2998046875
1520.09194272158,9954.5
966.611367367494,9237.5
1101.36785260621,8532.5
998.313442824608,7373.0
1977.62386111069,14506.5
1020.20082319525,9544.5
1243.74363474765,13825.0
2023.37305463411,14812.599609375
1715.3130930657,12717.400390625
1046.39558103934,9633.5
1080.35653768368,7673.7001953125
1273.2136700769,12273.2998046875
1910.39914712344,16076.7998046875
933.017164285397,7030.10009765625
951.757124167373,7908.5
1120.27253417618,16058.2001953125
1095.83903987095,9756.0
898.551517763329,6535.2001953125
1078.01858117632,12439.5
2022.17623295785,15640.2998046875
971.400992920051,10019.5
