DNA content,Total MTBP (GFP)
1134.69993412597,47065.30078125
1940.66519305198,25582.599609375
2113.7414652282,32995.30078125
1292.11659238714,14413.2998046875
1008.24706426474,12246.599609375
838.107902865382,6626.7001953125
1945.01581624595,39899.69921875
2313.84428201032,77676.296875
1141.18207967051,22143.80078125
2238.04097382715,31238.099609375
1093.74228089642,11717.2001953125
1143.7097108531,14309.0
1245.77141335022,68893.0
1204.95381885537,12731.5
1046.53736184607,15923.7001953125
1276.43001410155,21885.69921875
1911.92585380033,24336.30078125
1941.70699827822,34883.30078125
1049.12237588336,13282.099609375
1551.72364673222,18082.0
1951.87412590213,33598.1015625
1341.95354598874,18745.099609375
1034.76507421262,31361.80078125
1618.98749475082,20434.30078125
2161.22683601699,52168.30078125
1353.01918883665,22701.69921875
1385.18779433941,22046.30078125
1235.49408836068,15620.599609375
1007.31189086754,12826.2001953125
1413.30093622513,16736.599609375
1411.71215539936,19748.30078125
1050.19136832619,9231.2998046875
1015.24086431184,19367.599609375
1895.27524355566,24046.69921875
1667.6781283345,25013.80078125
964.017696932741,31448.30078125
1001.42229293724,14075.7001953125
1027.0079150634,12880.0
2007.13214363978,26016.599609375
1127.83482766564,12776.2998046875
1188.33875255371,13263.099609375
1973.19113217619,31551.69921875
1147.00070113781,12827.2001953125
1301.53674009269,22442.30078125
1073.70251668742,11180.2998046875
1918.41245626563,29047.19921875
1141.51724011121,15615.5
1673.90177247531,14576.7998046875
1814.55717743409,21592.30078125
1768.77535318047,10494.7998046875
1987.64046926049,14888.2998046875
1838.29083756397,32040.80078125
1729.16614132504,21855.19921875
1413.07207334441,29082.599609375
1447.49732924791,19937.0
1280.02730626508,27853.5
1451.56348947476,17155.69921875
1568.32589938672,64957.5
1663.14956257943,13356.0
1144.7678952631,44734.19921875
1080.70734761339,22689.19921875
1390.52328559698,21334.30078125
2150.27350757209,25758.30078125
996.915788939902,12489.599609375
1117.25944610067,13210.7998046875
1211.55685837537,13852.7998046875
936.54133759974,16168.2001953125
1114.06617380349,11750.7998046875
1421.34233549544,20158.80078125
1836.66562141104,23706.099609375
1781.43623938924,25819.19921875
1264.90976533674,15400.7998046875
1310.90162198089,22123.80078125
1107.62358343064,25551.69921875
1551.33645174172,17949.099609375
2092.08038467193,89294.5
1162.96360851016,17628.0
1297.25241359494,19519.19921875
1005.81079995761,13366.0
1150.55620966927,13291.5
1922.50346382568,22712.69921875
1370.11660538691,25865.69921875
1666.37459043699,24635.80078125
1215.15337057777,13596.099609375
1485.73447804925,57106.0
1858.68570693404,99463.296875
1074.2237535696,14459.599609375
1260.54944834013,16040.7998046875
1241.07771868122,12907.7001953125
1129.97169832112,14568.2001953125
1052.53749141107,23920.30078125
1088.94373716668,11539.7001953125
1623.96821511637,24050.80078125
1855.52162746779,37118.30078125
1158.8867516735,13158.7998046875
1000.20499645632,11171.099609375
1409.71300359518,14100.7001953125
2240.41562120486,38204.30078125
1148.45789137832,14804.2001953125
1082.18849380294,13904.099609375
1248.7222291584,20206.0
979.169110458809,14574.5
2266.67356982675,102315.203125
1112.07627010987,21257.5
2439.64844705581,69681.0
1105.6022584457,17836.19921875
1463.25020422973,31539.80078125
1447.86101398144,77379.703125
1197.42273701139,14334.7001953125
1020.82739163088,11381.7998046875
1651.51733368068,22624.80078125
1829.10490104404,24401.099609375
1379.98601070445,15458.7998046875
1640.60679167501,24690.30078125
2132.36738275103,21041.69921875
1109.65382225708,14494.2998046875
1193.54588449356,14652.2001953125
1085.73976825969,17136.599609375
999.731894318285,10683.5
1909.56591426112,24172.30078125
1099.25560329208,13186.099609375
1495.96400256371,47191.80078125
1180.95207494215,16573.30078125
1465.68045169384,20193.099609375
1057.70395394905,12917.2001953125
1139.84288640697,25956.69921875
1757.30858746471,21314.80078125
913.394208241088,30282.80078125
2014.99883161653,24768.599609375
1935.69416648907,27559.5
1316.8521683025,18349.69921875
2104.73224561616,29705.5
1851.27083929871,82934.5
1283.85847534517,14325.5
1229.87870247976,15403.0
1275.96359734464,13613.2001953125
1332.18430996514,22097.69921875
2072.09510631915,20638.30078125
982.608404781613,11812.7998046875
1031.32466565963,11834.2998046875
2074.76613892699,20298.30078125
2301.94675490369,25878.599609375
1232.96044033507,34450.69921875
1213.7561259214,21243.5
1144.59039839408,13740.2001953125
964.501495680582,8297.7998046875
1665.79340797067,23397.099609375
1054.89642814312,12015.2998046875
1208.38954764157,45105.19921875
1024.22211674614,14988.2001953125
1531.6950248251,19601.900390625
1101.94724915841,18776.400390625
2097.15837733294,32646.30078125
1875.85621698466,20738.0
1170.14671626628,14576.2001953125
2142.91780555977,53663.5
1170.28287519531,13659.5
1107.96019237058,8262.400390625
2186.74293017939,159243.40625
981.592561118769,17495.19921875
1117.43237462593,8996.900390625
1838.09941281758,20470.0
1683.67100849891,31596.19921875
1158.37754847736,17180.80078125
1930.46419283035,34715.30078125
983.68486256671,28458.599609375
1017.9663827759,9769.7998046875
1185.65033795493,12341.2001953125
1121.38477195053,15623.2001953125
1940.75500000518,16368.2998046875
1747.70626312335,17340.900390625
1308.6671447609,13938.0
1111.71793368125,15473.7001953125
1620.85728443012,31744.400390625
1099.35900385357,12758.2998046875
1044.59559289659,37001.80078125
1166.30485057637,23266.5
1088.92624375273,13372.2001953125
1929.63319995577,20925.19921875
1149.43562836871,9955.099609375
1119.57637635461,11783.900390625
1061.16998979638,15256.599609375
1124.80412155296,14103.900390625
1970.62082597739,29685.80078125
1093.95365036318,11057.2998046875
915.692920831446,11114.0
1191.26895510339,79060.703125
1047.23943828783,13455.7998046875
879.190739856604,10230.0
1136.14219368195,12018.400390625
1210.25220624767,15111.400390625
1245.96183528944,13261.2998046875
1399.92772265687,16152.0
994.823933184036,34233.6015625
1240.40672926172,17137.30078125
1979.11772254875,26751.400390625
1196.11775061463,95186.796875
973.657125139382,7865.7001953125
1767.94703445835,16435.900390625
1364.49731970033,19621.5
1232.50761718647,17558.900390625
1380.32295391345,72578.1015625
1787.38634001878,22529.19921875
2129.9441549371,28349.400390625
1147.20215395589,13791.7001953125
1239.82443256521,16227.900390625
1091.91772896278,14354.2998046875
982.388790011462,11888.099609375
884.793256378846,12710.5
1107.22858882882,22334.599609375
1546.77111639043,18116.599609375
1052.86841777705,10586.900390625
1055.11036033931,29848.30078125
1395.05786819506,19551.0
1359.46489905403,20925.80078125
1044.85621133768,18338.80078125
2095.32636005703,18522.099609375
2307.84392959928,38446.80078125
1534.25931418089,48756.0
1137.25709240855,15409.7001953125
1278.78538529699,15162.2001953125
1995.32018941162,19264.400390625
1790.54507118012,20174.599609375
1858.25639404241,41749.8984375
2030.39882989765,14850.2998046875
1159.49177866585,16767.30078125
1023.82667645225,11571.5
1898.1508488261,28942.19921875
946.557598456127,8576.7998046875
1287.78446541431,14556.5
1640.40422462675,14065.0
1265.27456430045,20884.400390625
1031.18204419551,13468.7001953125
2097.89443779546,24892.900390625
905.968254015386,11682.7998046875
1741.22445184786,20070.0
1760.91512773881,25085.599609375
1805.2715173123,26247.30078125
1049.50032276329,11311.900390625
1573.54083093789,21007.69921875
1137.70456725224,14604.900390625
965.401459403823,16689.5
1496.91889783525,17829.900390625
1180.68644246521,75141.703125
1823.49319212274,63641.3984375
2046.14869645796,16868.5
1834.22367452995,24530.099609375
1325.61547731194,29175.099609375
1722.72254814501,23942.599609375
1493.58333834299,24481.900390625
1762.41053607478,18233.80078125
1326.53260018008,19099.69921875
1110.48637505392,14738.7001953125
1017.40737349033,16572.5
1238.78296160803,17161.69921875
1991.96546516013,66780.3984375
1050.69299475705,49920.30078125
1070.55125086834,18244.80078125
1156.41193500185,28089.599609375
2528.96380188872,33835.0
1051.85001138477,12860.7001953125
988.814555508468,21744.69921875
1223.80057680156,14531.7998046875
1264.97962756956,14291.599609375
1178.74612201498,17860.900390625
989.902044172431,13655.400390625
871.529794484151,31392.30078125
1796.69773885793,22524.0
1065.47682374394,14099.7001953125
1381.9110662011,21113.0
1417.74181206436,23188.5
1081.44363092194,13977.400390625
1767.98670105306,17372.30078125
1029.541563089,11975.5
1107.91138908832,12677.0
1415.19535039159,17173.900390625
2329.38244483481,93403.6015625
1176.61883373912,15481.2001953125
1968.53855260114,23592.19921875
1307.79570533048,16516.80078125
1060.2562096188,12162.599609375
958.201972463932,46703.8984375
2004.11191129086,35458.6015625
1007.91156955499,15798.900390625
1113.41758041077,16876.30078125
1049.60194055648,19244.0
1457.22411310133,17586.69921875
2193.86442100609,25524.80078125
910.151352700514,11767.0
1137.20405505158,16604.0
1175.92533686981,14006.7998046875
1374.15390705187,49067.1015625
1818.6910828564,68706.5
1544.23457136634,17302.69921875
1014.85188655304,11955.2001953125
1024.34624198914,13270.2998046875
1186.41737401668,14308.099609375
1013.12371553069,16332.900390625
1221.462253328,21617.099609375
1328.95326526457,17266.400390625
1363.70933611103,25182.900390625
2310.55752580032,18326.30078125
1935.68413841737,17528.5
1953.04807882872,25130.30078125
1217.29024123325,16870.5
1014.96208391868,13135.400390625
1343.7716353873,19755.400390625
2186.92142985559,13581.7001953125
2289.82147914653,23465.900390625
1431.67771187781,43927.80078125
1524.41018785277,20648.80078125
906.41790160795,8823.900390625
1043.5534534013,12470.400390625
1127.02366808842,26089.400390625
1457.07725756249,54065.0
1034.47771424701,10666.2001953125
1135.2989442753,18878.400390625
1903.94373157605,19376.80078125
1494.45254931303,22300.30078125
1091.39437504324,22559.599609375
2088.60086663932,18997.80078125
2093.25344621437,21949.0
1162.1498862035,16495.19921875
1176.04979638186,19038.19921875
949.692485091436,9387.599609375
1899.42508246966,28865.400390625
1024.81834132,18293.900390625
1173.71904967358,11661.7001953125
946.904904005879,7400.39990234375
1893.52523362162,60870.30078125
1559.55467934294,20811.099609375
1983.99158823924,16222.2998046875
1116.72784687775,18191.0
1130.72224377609,15820.7998046875
1198.46810777423,13451.099609375
1950.63131354989,14052.900390625
1283.6487772237,16559.400390625
1295.03531836589,69552.796875
1369.03658206521,15561.7998046875
1088.34684405471,14327.0
2045.53765262259,86191.203125
1452.58033594477,18605.80078125
2423.26881759297,33251.5
1388.24992174341,16720.0
1131.46387538955,15110.7001953125
1037.97762269207,13301.900390625
2082.46546952944,23567.599609375
1387.52712062014,15739.2998046875
929.248366747035,9626.5
2028.12424039088,23946.19921875
1317.04292451077,23224.900390625
1257.95373769303,25190.099609375
1496.51565793003,22057.900390625
1261.74925140709,19778.900390625
1300.59075866266,15189.7998046875
1470.81125886578,22316.5
1940.86241179535,26543.19921875
1104.53905999985,16053.0
1335.50672154118,22934.0
1594.36178193204,21633.900390625
1923.0781837569,20174.30078125
1998.04002530172,16793.30078125
1184.93444505882,8721.099609375
994.546155598046,13862.2998046875
1471.84637871089,22455.5
1130.71611551005,14987.7001953125
2003.86321511279,21577.80078125
1889.28113083367,28235.900390625
1617.50857702164,13843.400390625
1766.76294203705,20112.900390625
1732.81936784403,21642.30078125
1916.54768062218,23821.30078125
1053.50731736713,11412.5
1927.39426581503,29020.5
1125.60603301961,45496.8984375
1861.854020475,23573.69921875
1151.33884495367,15642.900390625
1357.14418041745,16744.30078125
1095.78388487079,15885.7998046875
1798.84887165982,15527.5
992.840380602491,12374.900390625
1166.34730274655,12664.400390625
2303.80150247544,24066.80078125
1856.74070671701,18945.69921875
1069.06442210483,19969.900390625
1515.06458214684,23508.5
1009.39839831851,10419.099609375
1624.21891690878,20048.0
1212.64078150273,22167.400390625
2101.77574723403,26120.80078125
1177.48704190199,18556.30078125
1619.44499766621,18379.599609375
1182.54442130452,14846.2998046875
2067.91206334553,23683.19921875
1429.40078248764,22891.69921875
1893.77905525856,24228.80078125
1410.95525883233,13345.599609375
1654.28563858398,23652.900390625
1694.68918514079,22348.099609375
1767.10957904869,18975.400390625
1032.95946419218,14086.900390625
1023.19524220443,14836.7998046875
1390.14600725516,19422.19921875
1123.80900257162,9928.400390625
984.512735596756,9386.599609375
1052.46863198542,16362.599609375
1489.1231863215,16073.900390625
2127.41418387112,17360.5
1970.15039799181,24681.80078125
1015.30014135787,14561.2998046875
2139.23059502003,39243.30078125
1000.77336527546,32871.80078125
1500.13601465847,20895.80078125
1800.72824371874,88704.203125
1882.64678144538,28362.900390625
1778.13343826452,19258.5
1006.00612450966,13587.900390625
1275.27868004778,22769.69921875
1439.8567185764,15694.599609375
2182.41191743674,57633.30078125
1327.35412209805,50972.5
1754.53571421764,24918.80078125
1009.81913163768,14769.2998046875
1817.97864407388,26594.80078125
1593.19262019526,17611.19921875
1465.60847242366,22216.400390625
1454.37413512522,24012.099609375
1981.45827448269,24471.599609375
1042.66518909504,11200.599609375
1020.95073691274,22808.30078125
1176.0441138079,18580.900390625
1812.8375859842,25457.0
1393.57995327306,16215.2998046875
1035.72531778906,14128.7998046875
1089.90754627973,11856.7998046875
1987.51077286655,23294.30078125
1156.7249222618,16067.7998046875
1126.6582005866,13384.2001953125
1157.94611854838,13277.400390625
2066.10411344169,34314.80078125
1032.98977125331,14345.7001953125
1389.10453629798,11911.900390625
996.660853072776,14780.599609375
1923.60744309643,36652.6015625
1316.82642958515,13595.099609375
1203.473786896,14690.900390625
1089.58631371639,11067.5
1865.52407186984,27652.30078125
1439.5215581357,10723.7998046875
1248.6583837686,13523.7001953125
1176.90229389907,14906.400390625
1408.4746481637,24222.0
2268.00284644161,61002.8984375
955.537068122127,8441.7998046875
2135.70695347196,17786.80078125
1077.38248473094,17908.0
1224.02052584077,13790.2001953125
1931.37986719925,97504.8984375
1484.98604963164,18463.099609375
985.316764100769,12073.2998046875
2195.67526790842,32437.900390625
1809.45567451611,20319.5
1006.92781572157,9038.2998046875
1041.96144130799,15236.2998046875
1019.05855120665,8144.7998046875
1049.46611589651,12410.7998046875
1032.04523832253,11781.2998046875
1038.7374162576,11180.2001953125
1844.12650675315,23236.900390625
1074.07544953151,18393.5
1058.37850890516,12180.0
1088.50840743204,14914.2998046875
1129.0292824277,23905.30078125
1847.6033506333,37788.19921875
1560.66211272728,8619.2998046875
1153.41933556161,61043.0
971.810845717058,9434.2001953125
1619.39574869188,20924.69921875
1058.12290449992,15312.400390625
1556.64442151363,15012.599609375
1996.2534686175,37968.6015625
1816.67688894467,20139.30078125
1193.15980373325,24775.5
1008.40082803075,18445.80078125
971.790232458571,14088.7998046875
2289.77936124541,22118.0
1254.03911277182,17564.400390625
1028.51468854729,39807.80078125
1081.30958903026,14895.900390625
1154.54459662896,10645.099609375
2151.87153650842,37600.1015625
1957.29106738648,23203.30078125
1093.73838109076,13283.5
1447.02199864951,14022.7998046875
1016.33949527769,15488.7998046875
1803.67872525786,22081.80078125
1895.05841436098,25901.80078125
1757.75817934577,12998.7001953125
1947.37731570743,33048.3984375
2120.23631299689,40841.5
995.075637783615,8460.7001953125
940.634907889223,22755.400390625
2196.89178442821,105856.6015625
1134.03173028193,16738.099609375
1118.70203992571,14303.599609375
1172.7053230481,13824.7998046875
1049.60840309158,16169.900390625
991.16324132278,12954.5
1151.80269898114,14162.7998046875
1171.73984258977,14339.7998046875
1818.54456158661,22658.30078125
1154.56209004292,15336.7998046875
1731.57822683707,45231.19921875
1159.56130662961,16643.900390625
1907.64810126069,24773.69921875
1083.14940591749,57173.8984375
1180.75307343049,13648.599609375
1236.84576100233,56662.30078125
1271.0763608919,14997.900390625
1142.54701165141,16033.5
1064.84460953499,11217.2998046875
1001.33036894669,12857.7998046875
1221.60955455892,14522.7998046875
1762.62157127248,24284.80078125
1077.0512240959,9873.7998046875
1151.18730964803,22183.69921875
1374.43480448239,16971.400390625
1348.7715205121,16704.69921875
983.161731493216,17360.099609375
1015.082197933,13791.099609375
992.779432211181,14150.2998046875
1108.49858839765,15317.400390625
1892.67841867837,23043.30078125
1408.2169267211,59080.80078125
1298.99484676369,17207.80078125
1261.06678541665,12620.2998046875
1014.45822902745,18729.400390625
1066.9479418618,13852.5
1069.73763998471,11967.7998046875
1992.40982015929,21907.69921875
1289.24700395971,22892.599609375
1967.33340122928,62924.1015625
1298.52096466453,19109.099609375
1093.86562617829,19908.400390625
1118.81658278908,14383.5
1103.47719863022,14623.2998046875
1916.19357826828,27538.30078125
1013.70556653512,15363.7998046875
1676.0806496089,25064.0
1389.59546611902,14772.5
1579.88637186133,21268.400390625
1841.69949055659,31343.80078125
2029.36304151444,30365.19921875
1780.62363131277,23517.400390625
1936.09952343164,27646.599609375
2010.98827147609,76531.1015625
1129.56411291817,22296.30078125
1079.06976350537,12468.5
2120.30584096065,24967.30078125
1192.45204471753,13170.7998046875
1776.48370904745,23415.30078125
2149.96575719403,51001.80078125
1356.58004567302,21800.19921875
1028.25863844997,12278.900390625
1462.84195028867,25800.0
1431.04059505603,76311.296875
972.09040607135,16217.2998046875
1337.75724367588,29561.80078125
1440.84793775208,21392.5
2007.79355067966,99271.703125
1397.15763498527,16022.2001953125
1853.38018846854,22706.400390625
1092.18692697631,54730.1015625
1010.96545165559,12658.599609375
1115.79434482583,17191.099609375
1167.65262341237,13314.400390625
1157.84851198387,13680.5
1283.86660922555,24684.30078125
1306.05717196738,55901.80078125
1088.16934718569,14281.7998046875
1084.03042772753,13980.7998046875
1007.36815949206,9207.400390625
1047.05937868937,13936.0
1058.34641907573,15356.0
928.823343641636,9372.7998046875
1702.9865230854,46956.8984375
1726.4845235304,17566.80078125
1486.01827247826,19922.5
1038.31166890258,9671.5
1251.60674827035,16272.2001953125
1020.52677232602,10592.400390625
1134.03997558533,12559.7001953125
1086.46145515277,16621.099609375
1427.01443569295,17310.80078125
1321.37182021606,15174.2001953125
1132.66869249236,17384.80078125
1975.2595890981,23550.80078125
1194.49331442284,17899.30078125
1770.5908798496,21091.900390625
1987.15800758888,21482.5
1984.17298491392,23067.19921875
957.832939425505,11500.7998046875
1255.00971868901,23255.099609375
1824.85700987345,23293.80078125
1163.71593673342,22299.099609375
1227.51441744281,17588.69921875
1031.4769809264,10888.7998046875
1602.30434898463,61636.30078125
1064.578642789,46231.3984375
1068.40802910079,12372.7001953125
1924.82395961622,19970.5
1320.07429916157,18836.599609375
1049.66043764138,10530.2998046875
1544.84572662472,18053.599609375
1152.73686957116,21987.900390625
1064.43033875091,9208.7998046875
1963.42936149485,18442.5
1094.42363265668,15889.7001953125
2059.0802291795,25569.900390625
2017.74384910889,59684.30078125
1222.55977006366,66958.203125
1098.60923835974,11084.599609375
2197.03663435271,49614.80078125
1424.41905931491,52712.1015625
1775.84079822869,34200.80078125
1790.35074943525,30504.900390625
1556.84810279209,20547.0
1592.04273464074,22329.80078125
2209.4021381385,20206.19921875
1137.70857848092,16572.30078125
1899.49394189531,20723.400390625
1992.5990164453,93623.0
2172.67399128144,28322.19921875
1811.10428950299,20080.400390625
1257.26670335881,20233.69921875
980.554321429137,20297.099609375
1907.0800667106,20019.30078125
1785.91310486356,25749.19921875
1945.35966768212,26152.30078125
1138.42057157137,16820.30078125
1842.62363307492,57225.5
971.674686788025,15320.7001953125
1506.05837095631,102751.8984375
1031.27407960908,14445.2001953125
1792.37530568773,25417.599609375
2001.10504970421,23615.30078125
1184.01275384691,18572.099609375
1757.71082456276,14009.7998046875
1176.85705615342,14411.2998046875
1824.47683453314,30803.5
2150.73234756371,25680.0
1929.04978902908,30004.69921875
1099.63533294031,14281.400390625
1809.30625624783,22429.30078125
1140.72000841135,20390.099609375
1908.10515848401,21484.30078125
1764.66896924382,28906.80078125
1892.43417942105,17248.900390625
1185.20754287802,14995.7998046875
1059.4410388129,36440.0
1257.44954853274,19606.0
2172.97104504969,21144.30078125
1047.33069374027,11020.400390625
1083.92491012868,12355.7998046875
1359.30266713858,17801.5
1090.05117055102,15048.0
1235.73654484969,18435.69921875
1382.78785393642,18792.30078125
1282.66402058311,63705.19921875
1225.68674566463,19050.099609375
934.186300673353,12178.599609375
1060.14456375391,42662.69921875
2078.12420586905,20897.80078125
1144.65134678539,17394.80078125
1297.46957705867,18042.30078125
2045.00705620683,37753.3984375
1213.75857722782,21133.30078125
2195.86958965329,18850.69921875
1655.586279483,17726.900390625
2059.53550363452,20907.30078125
1032.46318606623,42920.19921875
1127.85911788375,17953.599609375
1161.68324660056,29890.80078125
1347.83668138396,18106.599609375
1190.34837812166,14456.2998046875
1081.4510962642,15455.900390625
973.445644249607,10667.0
1091.02389350557,14354.2001953125
1888.94931308354,22068.80078125
1244.9879981047,43308.3984375
1079.69328671884,12940.0
1645.88200307939,17135.69921875
1439.71977968624,54942.8984375
1057.45191508041,16052.2998046875
1963.11559427378,63333.8984375
1235.95582535078,14846.2998046875
1249.31477677263,62608.5
1180.77558088029,49444.69921875
1183.52784086888,19186.30078125
1061.80755231023,16205.7001953125
1198.99692142168,16809.599609375
1057.36455943364,47357.30078125
1134.75230294483,15659.900390625
2089.96669000437,33973.5
1373.36870903805,51379.5
1004.11928710847,9303.2001953125
1316.71378091309,16750.0
976.557354896995,9828.2998046875
1644.98671912294,53812.80078125
1269.29960943334,14935.099609375
1862.72044586957,15359.099609375
1057.77916448677,12663.5
1065.25932601114,11533.7998046875
1167.88471756063,21128.0
1998.94032329402,27715.599609375
1069.42710403118,14506.2998046875
1334.31716939195,18962.099609375
1005.59931906784,10066.099609375
1012.87301373828,9910.0
1615.0190525115,14122.5
1266.30277591838,16024.099609375
1779.07228862134,19336.30078125
1019.18969609984,16126.599609375
2143.54756846231,23308.099609375
1071.95752078923,15436.5
1162.62020276606,15775.2998046875
2109.75608669002,32578.19921875
1994.42145134159,34130.80078125
1076.57522495938,16413.80078125
1860.31192589413,29643.19921875
1209.095523889,28856.099609375
1627.07524599697,20435.30078125
1383.00813724469,19707.599609375
1465.5856307048,28378.0
1420.70655574989,16434.099609375
1022.59556351699,19938.30078125
1904.08791296244,22027.599609375
1210.04540512468,16077.5
1240.46801192208,10709.7998046875
1442.8083143457,26431.69921875
1828.60260607507,21061.80078125
1421.1718582766,38067.80078125
1606.89575732233,22267.80078125
1101.59426103469,13448.0
1581.54256361349,28259.099609375
2156.09112623222,30460.599609375
1107.23137440429,25285.0
866.143717176023,10288.7998046875
973.883202444626,14511.7001953125
1491.52212391731,14249.2998046875
1897.35640270171,20049.30078125
899.035068090543,7211.2998046875
2185.635162526,19382.19921875
1022.82476066676,12380.099609375
947.534555485393,12877.099609375
1780.75232489954,17055.0
1320.33781460115,19662.30078125
1313.99149371658,12562.2998046875
1003.29709665239,25266.19921875
1020.09500812798,8899.5
2372.17712937611,33653.1015625
1081.45187622533,12700.2998046875
1075.13441390265,15257.599609375
1482.22242449514,33184.5
1120.41461172541,21862.80078125
1922.97099481277,22397.30078125
2117.36137626455,27701.19921875
984.554519228825,10336.7998046875
1254.41705965175,22826.30078125
2031.34013156089,23047.0
1271.22934469678,14278.7998046875
1094.71923792569,18607.30078125
992.013176110558,9868.099609375
2219.16903427871,14334.099609375
1946.67468215057,28156.5
1137.27425155345,64818.80078125
961.629121677681,10358.5
1050.32039618202,12453.599609375
914.550166350134,41490.6015625
1030.11951428777,29485.5
2007.81962366607,67962.796875
889.179200669789,20807.30078125
1337.33082778275,67052.703125
1313.35760816235,16795.80078125
1276.70957445584,12497.2998046875
2192.55430915046,33143.80078125
1477.88962898419,22329.5
1012.99390771374,15763.0
2127.12738102061,34329.30078125
992.9633916153,15136.599609375
1121.65931826897,17918.099609375
1048.51556612271,15528.2998046875
1524.42233296183,15490.7998046875
1482.85998700899,20700.30078125
1279.68858028778,16458.30078125
1715.68874723415,17815.599609375
1043.39545556057,15636.7998046875
1673.10164377696,19820.30078125
1074.14754022471,14186.2998046875
1325.52277336026,15844.2998046875
1147.97910666632,28666.30078125
1148.09142106932,38673.80078125
1204.05173809477,65734.796875
1060.51214829309,16596.0
1671.41369646442,21170.099609375
1838.25663069718,21196.30078125
1337.69629528457,16512.30078125
1453.88175680493,42153.6015625
2114.07662566889,14912.0
1194.01798382443,20608.30078125
1115.47667779909,13543.2998046875
1490.07841586209,21835.69921875
1755.92092518797,16315.2998046875
1068.52647176983,35081.30078125
1176.42094645765,13591.599609375
2223.72846421,24794.80078125
1113.07996866366,16455.80078125
1944.28242993589,27424.099609375
1811.41772245501,23088.5
1010.38036938362,12260.7998046875
1194.41052711983,20978.30078125
968.943151480949,8073.2001953125
1184.73399504791,15376.7998046875
1278.80221017283,15662.599609375
2003.56526996039,26087.30078125
1188.11412374771,12218.0
1543.64915482531,19943.30078125
1493.46890690263,21068.099609375
1628.93433906646,23133.599609375
1694.09229202882,20342.69921875
1177.00970568924,10558.7998046875
1223.91924231663,14464.5
1274.33882688379,32025.30078125
1090.77185463694,12634.099609375
1413.92211955521,19750.400390625
1221.39060832688,12257.7001953125
1544.78009846662,23154.69921875
1269.38206246729,21521.599609375
1524.40093974221,21861.0
1620.14350857137,23772.30078125
1908.49981881677,23914.80078125
1464.21367907371,19645.599609375
966.319919348193,9164.2001953125
1959.18503586087,27983.099609375
959.158204811692,9452.0
1379.83703812825,14186.7998046875
1040.89423163346,16318.2998046875
1098.56611765144,17060.099609375
1215.10245025815,14294.900390625
1097.50603905011,14927.7001953125
2020.08573811905,24015.80078125
1516.59274885035,85388.203125
1057.53704226681,31196.30078125
2092.0565401459,33573.3984375
1074.64493258085,13470.599609375
1578.6773206838,22192.0
984.30626874283,9552.7001953125
1248.29726176451,32047.80078125
1579.71522610438,20786.0
1168.10901209757,15761.2998046875
1410.97486928364,27137.599609375
1198.4047080765,40013.1015625
2053.17815187109,22993.400390625
1821.21726553974,20429.69921875
1081.04462509144,19592.80078125
1113.93848302389,21310.19921875
1163.42322846291,18709.599609375
1430.52749205424,17982.0
1434.79621932935,26653.80078125
1012.99457625185,7755.0
984.471397656764,10811.7998046875
1169.77556619049,15043.400390625
1179.22813799452,14899.2001953125
1072.77258017211,16807.900390625
1049.58946117837,13761.7001953125
1828.14398892949,21419.30078125
1168.77688167255,14934.900390625
1029.11692996416,11581.7001953125
1625.61660725722,28625.599609375
1576.91772837014,33982.0
1000.57090965022,13352.7998046875
1048.63389736873,10261.5
1039.61242122462,15609.2998046875
2347.84813605653,24020.099609375
869.362672479053,8144.10009765625
1781.70900293938,18681.400390625
1225.50345479862,14916.7001953125
1144.68053961632,9320.2998046875
1654.09911645042,38446.0
985.876887616521,11969.5
2023.57684414562,28010.099609375
1110.88538088441,12857.900390625
2041.44798213877,22924.69921875
1021.01525084065,18675.80078125
1054.17830678664,15628.400390625
1091.82324224279,23603.19921875
978.12184550465,5015.2001953125
1416.91605607168,13329.5
2229.66263134784,26301.0
1197.43131658384,15169.599609375
1206.04955282273,16800.900390625
2051.97166342299,16143.7001953125
1056.79763911373,11955.599609375
1089.66041002392,13090.0
1251.40640968246,17066.30078125
1863.76726513165,25811.0
1556.11605355825,17284.80078125
1875.95293216502,25879.599609375
1349.88329939417,13101.900390625
1255.45039672856,11569.2001953125
2233.21925410949,29579.19921875
1761.44215861796,20590.099609375
2036.86671329578,20479.0
961.305437807925,9268.7998046875
1233.65672277986,29790.0
1943.80397949295,35051.30078125
1225.3525880311,12040.7001953125
1118.42259099443,16374.599609375
1736.90692129049,25005.5
1138.65522844906,12420.7998046875
1551.39238609718,28956.5
1698.58063407408,16193.7998046875
1106.17452707051,20202.69921875
1128.27416862896,6421.10009765625
1032.56446959036,8207.2998046875
1923.25044374404,25259.80078125
938.436086035263,4918.10009765625
1814.02847520966,40696.1015625
1166.4510375771,16272.400390625
2097.07391868465,15945.400390625
1224.41774890296,12555.5
1733.21982217377,19079.400390625
1738.35062934572,26205.5
1912.02078621239,23803.5
939.09348184647,8405.599609375
1902.78426364191,19890.900390625
1110.78053182368,26598.5
1549.58933880617,42404.8984375
1023.59781357153,40687.3984375
1067.3576443021,12814.0
1418.19753221145,14444.0
1323.82736070545,19595.099609375
1348.41964661857,14326.7001953125
1443.08887750717,20412.099609375
1038.44827352369,12101.400390625
2277.1424309857,36658.3984375
2003.60025678831,25478.599609375
946.817882628158,12891.7998046875
1187.64815268288,17058.900390625
1408.60300748141,25421.099609375
1161.01537702559,17682.400390625
1179.11259232398,16121.2998046875
2017.44010995951,24944.400390625
1860.80864971216,23877.80078125
1687.7835207016,20231.0
1437.57510941944,17061.80078125
1631.78676834899,28337.599609375
1047.49615692326,12285.5
1722.33279042508,38264.6015625
1030.10246656588,43901.80078125
1180.52666185619,17347.900390625
1287.11303030272,26692.400390625
2126.01181375589,33326.8984375
1885.94111442066,20232.099609375
1450.61215973983,21856.19921875
1106.08327161807,19382.599609375
1037.79901159286,18010.5
1126.36014401118,17016.900390625
1100.83123620162,14332.599609375
1419.29571748523,19050.900390625
1067.95698872049,9156.2998046875
1735.61653130921,25626.400390625
1507.61617618284,25588.599609375
1006.09492865568,42190.30078125
1440.60837826155,22542.30078125
1775.3691445899,21710.0
1356.19574768101,49425.1015625
1942.23915461624,23300.5
2020.71839802008,22627.099609375
1043.05427827686,21494.30078125
1061.82460003211,12232.900390625
1770.40725471453,42360.8984375
1118.96343832793,12834.900390625
1021.23241430439,10415.099609375
1018.77542531576,16224.2998046875
1271.26210306432,19320.19921875
2090.71344707669,24872.599609375
1070.58378638985,13700.2998046875
1857.93014744322,24651.80078125
1026.76044453853,11195.0
1357.54274055587,29248.400390625
1208.46130406571,14621.2998046875
1145.61938997314,62646.3984375
1748.53201911604,15330.900390625
2142.56348035983,25411.80078125
1682.48825315383,20014.400390625
1068.5428509536,8682.2998046875
1805.16488548326,24380.400390625
2079.5343755956,22580.69921875
1224.25796829393,13630.0
1286.3219268689,17528.599609375
1923.07149837577,27487.19921875
1878.01314378354,26167.19921875
1332.92805861596,14946.900390625
1455.1525363349,20269.19921875
1705.23281114539,32760.30078125
1140.03185984694,14156.900390625
1930.88604037971,28992.0
1041.59909365069,11162.099609375
1425.13038386724,33463.19921875
1246.77789747949,13067.5
1075.57330917389,13221.599609375
1169.84899395991,16195.7998046875
1953.32262514716,26203.599609375
1174.08908551918,12235.099609375
1033.47189865587,13794.099609375
1971.79990436285,28356.80078125
1302.5115800846,26207.900390625
1534.74712415741,18737.69921875
1706.74281589682,25920.0
1221.0868691775,13380.599609375
1117.13966635541,14035.7998046875
904.927841576886,11111.5
1122.01130358551,10807.2998046875
1115.39935022401,67105.3984375
1891.56998248686,20835.69921875
963.07706380762,8720.0
2039.71691411793,26676.19921875
1195.67662688301,16024.0
1476.63600859912,22852.19921875
1202.42373636637,15071.599609375
2130.24455139592,24626.400390625
1969.13422005991,23488.80078125
1301.23188671312,20816.5
1853.2889330161,22844.19921875
1376.8402046133,24846.099609375
1359.00182498769,15423.2998046875
1483.37698981645,28602.400390625
1610.49160098662,21846.69921875
1310.74540690846,15535.0
1039.89588138457,18414.19921875
1645.92412098051,46083.1015625
1749.27654772799,27388.30078125
1023.26153890064,14930.5
1364.82390056858,21089.5
1267.18390915144,40394.19921875
1326.57962069404,22010.19921875
1970.21925741746,27054.599609375
1027.38474771314,9902.400390625
1933.32375318608,24694.30078125
1015.094008773,20257.5
1149.04297365029,15296.099609375
1860.16863589189,27194.69921875
2053.72301043326,29883.5
1720.65420264613,17999.599609375
1502.93005827912,21579.80078125
1228.64647531431,19497.19921875
1146.33717706057,44340.6015625
1172.16057590895,30376.19921875
1088.16901291663,16177.599609375
1110.25249813735,16407.400390625
1292.62936111989,11441.7001953125
1006.26819144999,9830.0
1615.10607388922,26439.19921875
967.249187325392,13635.599609375
1723.64747062448,16937.69921875
1921.87414661522,23962.5
1812.78087166761,25213.69921875
1016.46562613502,12116.7998046875
1069.95302068015,10978.900390625
1192.14964264437,10786.5
1071.55216384666,16015.7001953125
1741.00093727205,34962.6015625
1786.21015863181,23867.80078125
1167.21551090942,13926.400390625
1933.97490930823,33817.69921875
1050.90870972154,13564.5
2123.10411865602,26545.69921875
2041.23471848069,90328.5
1565.96763119278,30379.80078125
1059.38978422423,54831.69921875
1387.22015020321,18290.0
997.037462876485,19003.599609375
1374.81676259101,25184.80078125
1025.98995436319,11348.400390625
2252.71025995066,14509.5
2167.60379823174,24037.19921875
1169.23327035775,17281.599609375
1332.25383792891,15400.7998046875
1037.36368185821,12284.2001953125
1018.75403209614,12005.5
1242.73357616433,18483.19921875
1265.86922895204,16943.69921875
1096.70446185252,15173.2998046875
1978.03268519121,24759.400390625
2064.01248053186,19880.5
1024.46357042798,17637.30078125
1459.02470908593,61621.19921875
1995.18982447957,22962.099609375
995.267173953016,13992.7998046875
1061.38325345445,13785.400390625
2168.61217655233,28845.69921875
1729.09694763033,27835.0
1393.34217655083,83716.203125
980.293257295974,11546.0
1089.11209734816,13748.7001953125
1300.77728079622,15916.0
1453.31951625182,19365.69921875
1297.61676686657,20229.69921875
982.07246006095,13988.2998046875
1244.06530408561,17567.900390625
1042.01381012685,16975.0
1474.84209799566,9252.099609375
1979.61221790641,28278.69921875
1707.78216981665,27999.099609375
1149.9882865422,21141.19921875
1948.58580976987,32729.099609375
1416.83081746226,42331.6015625
1973.35091278522,22916.099609375
1032.95344734916,9038.400390625
1319.70782885258,19317.69921875
1837.64614397691,24673.0
1937.80139862154,24112.19921875
1106.76284061003,14909.0
1817.03600533442,19807.599609375
941.954156432392,8653.7998046875
1180.84087476934,12408.7001953125
1104.9555592443,56462.80078125
1865.7644113215,27475.19921875
1491.63577539653,80506.5
1706.02904003808,22621.19921875
1744.39309965788,16963.5
938.502048462421,11253.099609375
1452.39281100405,21692.5
1341.22795929,9683.2001953125
1454.18092761054,36183.6015625
835.852700963884,9155.7001953125
1488.64607295479,13627.7998046875
2033.27933778093,15741.5
2128.258770354,31996.099609375
1301.68894393644,15710.0
1283.8184744814,43778.6015625
1718.00601175715,23450.099609375
1823.8978805272,22753.69921875
1158.8920999784,16049.2998046875
1118.02068816545,32913.1015625
1054.26922797002,10582.099609375
1070.50712735288,9412.7998046875
986.380073969642,13316.7001953125
966.726056251897,13624.400390625
1403.753209163,18645.900390625
2383.77024879525,34899.80078125
1820.15261859464,21619.30078125
1010.28343135722,9274.099609375
1915.97452061322,29061.400390625
2125.41168937637,39067.0
1170.1652124874,16903.5
1102.03716753462,11461.599609375
1277.71293874057,17901.19921875
1408.90396105532,22074.0
1923.69791858774,23966.400390625
1598.64510562262,26514.599609375
1518.21328523648,72568.0
1129.84790734718,22375.900390625
1806.87244324712,37667.19921875
1759.5513099881,28888.69921875
1392.21724975254,25765.5
1645.0444362467,19694.5
1609.93181173992,15639.099609375
1021.35330827984,14872.400390625
1781.80850369521,20503.80078125
1086.25320553054,14339.7001953125
1855.21109151426,27365.900390625
2087.53365696479,26758.099609375
1745.21495584491,20937.0
1068.5848574317,73858.8984375
2032.04521642416,20621.099609375
1140.88580586339,13333.599609375
1469.29635150152,20097.69921875
1162.76605549774,19435.69921875
2007.78753383664,20057.900390625
1796.53238709796,19211.099609375
1062.43074125465,12699.900390625
1181.28690111379,13482.599609375
1454.36778401315,21809.599609375
1986.92847617005,51085.69921875
1584.10908142966,18694.69921875
1251.43916805,14515.5
1865.53187148116,25728.5
1751.21151987331,24211.599609375
1155.98050507287,19870.099609375
1988.87592769349,24097.19921875
1273.98940429668,24091.900390625
1887.16609908988,21057.5
994.85747151271,9008.599609375
1126.063535935,12321.7001953125
2056.97344273911,26912.099609375
2103.10212685041,20101.0
1763.7886159719,24413.599609375
1774.6260644772,31095.099609375
1329.535116269,15327.2001953125
1120.47166031106,64801.0
1194.65911187488,44615.6015625
1639.04330387453,20075.900390625
1179.52697453107,20038.30078125
1158.49097711055,15218.599609375
1145.55309327693,18765.599609375
969.449791947654,11959.2001953125
1715.66022294133,32802.19921875
1868.12691359015,47972.80078125
1900.35323621667,17090.69921875
1099.14796865587,13828.2998046875
1877.63430551945,21436.30078125
1189.44663163012,15020.599609375
2019.6166472097,33652.80078125
1297.34578608473,19880.400390625
1365.24998219265,21166.0
1576.9872563339,18125.0
1938.03137573244,32880.1015625
2141.67922728225,26731.0
1680.83139286355,30648.19921875
1399.95802971799,56230.8984375
1930.39109932998,23065.5
1774.42561446629,28772.400390625
842.59691344876,9133.7001953125
1890.55870716779,25217.400390625
1072.93380928039,49131.6015625
1996.0867797813,22213.099609375
1467.29786823545,32906.69921875
1443.38626554447,20189.69921875
985.913657212741,9072.5
1810.38093126463,20081.599609375
975.682349929976,12500.900390625
998.051858040084,13227.7998046875
2048.80011861448,15459.599609375
1196.36020710365,20488.599609375
1099.12479266795,24336.0
1203.31333774886,19271.19921875
962.970097709525,14030.2001953125
1317.5691754288,16165.900390625
1587.51595165397,28276.19921875
1117.01955234109,16926.099609375
1156.2756646498,12197.5
1045.2163305346,20781.900390625
1131.57975532915,22509.599609375
918.567467583215,9188.599609375
937.211658481134,11341.599609375
1889.71300645473,48740.19921875
1068.47365725889,15722.5
1976.53248566543,54671.5
1059.41117744385,57198.80078125
1054.6019371043,42968.19921875
1103.9050630226,13860.7001953125
2032.05167895926,19766.19921875
1048.1643607673,15144.2998046875
1994.5018987612,28931.80078125
1824.82235731459,16166.2998046875
961.112118870223,14793.400390625
1043.56013878243,13158.0
1274.10740127364,22172.0
1066.25232795512,29724.099609375
2203.00489693432,166808.40625
1178.94467783457,13550.7001953125
1569.72035846761,15862.400390625
1206.93703716786,18157.599609375
2142.35868485119,28321.0
1766.95224974607,28089.900390625
1232.09936324541,14158.099609375
1347.92403703073,17853.099609375
1068.58028908793,13516.599609375
1224.47836302522,19315.19921875
1056.31161190552,13066.5
2000.5410263828,26129.0
889.431295249934,12283.099609375
2385.25306633009,34948.8984375
1041.87765119781,15080.7998046875
1353.06587508155,34546.1015625
959.424951518816,12825.099609375
1694.21998280842,17211.5
2138.61420287976,39415.69921875
1320.6076811528,18249.19921875
1183.17128720856,13038.2998046875
1108.67474819045,13838.2998046875
2429.94929611106,34019.30078125
1006.25749484018,16136.5
1126.5476689519,16863.5
1246.09086314526,24793.400390625
1201.91319609401,12860.599609375
1158.22244763512,13892.0
1008.96551989028,11796.400390625
1154.23160936902,11989.099609375
1955.81760938522,50316.6015625
1849.60071966919,21052.400390625
1705.88575003584,25328.599609375
1018.31792240036,11308.400390625
950.969281464424,11561.099609375
1874.54120251621,20634.099609375
1157.38176095791,13631.099609375
1744.47911822843,20304.69921875
1884.3718326232,45655.69921875
933.038532156193,13390.0
1356.73336374695,17721.5
990.890477772638,12311.599609375
1107.27560934277,48957.3984375
2124.71328989423,60837.30078125
1336.4237329863,6420.10009765625
1974.01833666812,30025.0
1085.90021740683,11973.7001953125
1241.83428097921,26300.19921875
1395.72896903759,25249.80078125
1719.27924259353,18965.19921875
1868.70809605646,22510.599609375
1808.08929403596,22002.30078125
1202.68257203916,16211.900390625
1538.01984106703,21866.0
946.972649201339,9201.099609375
1565.0177499571,15073.900390625
1122.58357221032,47341.69921875
1939.32031721448,22775.30078125
1949.67886958477,23743.19921875
2038.59555285624,81393.5
977.890865586577,14594.7998046875
1115.99401487561,15479.599609375
989.99508239317,13642.2998046875
1000.28455249177,14277.5
1016.75376606177,11996.2001953125
1441.96038517227,16058.400390625
1073.86976263872,13647.0
1050.73188139063,9527.0
1685.92687893852,16882.30078125
2000.93813802198,27476.099609375
1022.48603468946,10567.5
2063.33725703764,25628.80078125
1865.36573976006,18255.19921875
2030.52273229461,121708.296875
1370.69957062153,26254.19921875
1135.2871334353,17898.599609375
1140.39732734876,12392.2001953125
1648.037369956,22841.099609375
2006.50171219913,23384.69921875
1936.89530663226,19963.099609375
1125.60068471471,14371.400390625
1379.4122935804,14376.400390625
1037.95556093434,17977.900390625
910.291857127283,11187.099609375
916.987934868015,9919.599609375
1497.5830904506,21540.5
1534.95247678115,25030.30078125
2102.82579776366,23413.80078125
1816.86017981068,18412.30078125
1410.37507917318,29703.30078125
1560.54589851862,26545.0
1748.92177683597,21272.5
1532.4522556612,19530.5
927.571506024871,8085.2998046875
1890.23959164181,26794.80078125
998.457214982655,12036.2998046875
1419.60803620706,15022.0
2286.40279808222,25791.69921875
1138.58425198605,51310.8984375
1436.06298763064,27485.400390625
1147.27881299286,11625.099609375
2125.95766216873,23070.69921875
946.401049114645,11603.900390625
1825.18503924094,16845.19921875
1004.8891087457,17580.5
1015.00197335943,12296.2001953125
1711.07817413721,20817.599609375
1511.34650743087,23817.900390625
1114.7442942962,13857.5
1627.08237707017,24021.099609375
940.921265047665,21087.0
1597.70057269184,18357.69921875
980.543959088384,10568.5
1007.01517136835,10822.0
1902.38982615518,26310.099609375
2124.68855398405,15180.7998046875
917.242870735141,8417.7001953125
1346.5630048555,36547.30078125
1963.50891753031,25101.30078125
1211.46203738633,18264.19921875
1076.20128930813,12997.5
2023.59779167316,31909.0
1076.56853957825,16591.400390625
985.214477769466,9667.099609375
1012.77039313792,12960.0
1100.04536964968,14568.5
1387.86696082762,19380.80078125
1277.21766342179,15320.2001953125
1959.41924704649,27874.80078125
1883.18317185812,16419.30078125
2043.84001150741,44074.5
950.947888244805,9309.7001953125
1312.81386383037,11761.0
1099.75656118482,20379.5
1218.25717019082,19853.80078125
1354.78624649257,44958.80078125
980.67978374836,10538.7998046875
2274.51864173785,17491.0
1698.11421731718,20939.69921875
959.858164216099,9440.400390625
1916.66890886669,18872.900390625
1169.71673483654,11439.099609375
893.404751525098,8194.400390625
1024.9342212596,13472.2001953125
1710.99193272062,19832.0
2009.42478367561,88384.203125
1640.84779966478,24945.599609375
960.217949143962,11331.400390625
1846.90049423041,19942.0
992.598369805552,15834.5
985.869756543315,11948.400390625
1149.2469891978,14531.7001953125
924.450937247484,8285.900390625
1333.8244568026,19614.599609375
1583.31864653394,22675.599609375
1927.07091621433,23837.5
1249.56013026014,16006.5
2196.13054236343,31637.0
1000.70996557774,15074.599609375
968.432945477641,12693.599609375
1640.78651700442,18252.099609375
980.920123200017,17890.5
1010.04019490707,13868.0
1788.6656991212,21719.400390625
2176.01356200237,24088.900390625
1236.51806590389,14815.099609375
1163.84396178208,17935.900390625
1074.95513426532,14729.5
1330.58226980014,16731.0
1172.90967286467,9609.7998046875
1359.5066826861,17484.69921875
1152.20738738559,33882.30078125
1447.74869957844,19217.30078125
1236.36731055939,21434.69921875
1639.83418446232,16832.900390625
1688.79825013426,19116.599609375
1718.71845053967,22277.599609375
1436.13998093666,20346.5
1001.6212944489,10616.7998046875
1922.51728028002,19272.69921875
2079.51610222051,25621.80078125
1136.44526429322,23738.30078125
1075.5337540022,13746.2998046875
1586.12149257308,19216.19921875
2178.46375418685,92280.5
1116.57519734192,15000.5
1842.050695912,25198.30078125
1880.20060048957,25609.5
1988.49330104676,22758.69921875
973.045301342883,9429.900390625
1267.31973381142,12527.599609375
1372.39074920161,16140.599609375
1151.86197602716,24509.19921875
1014.62625493987,15931.7001953125
1841.62071448226,26192.5
993.043616188871,10399.900390625
1092.56487385625,13657.7001953125
1441.17708134976,21681.599609375
1140.06216690806,17398.599609375
1073.99633918813,11415.099609375
1434.99588937913,19001.0
1124.38907080775,15173.5
1017.03867472096,14065.2998046875
1760.7365166396,20063.19921875
898.403633842727,13663.7998046875
1241.79082600185,14784.7998046875
1559.26230534148,28268.599609375
957.148022128642,9170.0
990.131352745222,9751.2998046875
1172.00224379916,15459.7001953125
1994.9836918947,16772.80078125
1505.80599781862,18180.0
1981.66953252643,32230.19921875
2199.47546138927,140878.5
1156.12591211247,24700.0
2144.23059156785,106772.796875
1863.54196778754,21926.80078125
1895.98701380006,25883.0
1775.31699861708,21522.19921875
923.120657825449,9286.900390625
1985.61925569858,27351.400390625
1110.42899219921,15496.599609375
1208.21349927179,14335.2001953125
1761.85041255903,18481.69921875
1873.02584945987,20714.0
1065.55949962392,14839.2001953125
1516.06471516402,22460.099609375
1789.0198014751,20003.900390625
1882.23852750432,23474.0
1427.51751062306,18816.599609375
1178.79347679799,68948.8984375
1425.11289045328,15874.599609375
1332.21639979457,19565.5
1355.90337367955,22421.099609375
1374.78712406799,21805.0
1105.46075121176,12424.0
2189.30253976838,27042.0
1577.2928896746,22010.599609375
1929.2006557966,29764.099609375
1933.48175102681,27204.0
973.820471285014,12119.900390625
1251.22490158476,16323.099609375
2301.7617926924,28954.0
1196.43608617948,17503.5
1034.34222385609,14870.7998046875
1166.42039624692,17478.19921875
1130.12925046978,13464.2998046875
1481.1770537323,17428.0
1327.18609618563,17785.5
1067.46929016699,14714.400390625
1775.83121584907,23804.099609375
1995.27361458974,18582.5
1001.83622945226,12184.0
1864.73430551224,25272.80078125
1560.44606349373,15406.2001953125
1967.69017773563,23340.30078125
1808.83415691697,19582.30078125
966.889402397529,14337.7001953125
1038.33885611918,11359.5
1347.93930198432,10134.0
1955.81515807881,22793.30078125
959.056921287558,8776.7998046875
1508.34711118649,33931.30078125
1038.0617470713,25495.0
979.945617477166,11294.7001953125
1598.37802464644,32828.3984375
1964.12263551813,21300.400390625
1084.21516709278,12875.099609375
1023.24449117876,12225.599609375
952.765977643359,9755.7001953125
1817.42242036379,79172.3984375
936.421557854478,9686.2001953125
1861.83908979047,94104.0
1510.11238607411,20733.400390625
1586.43091429643,22803.0
1120.53372293256,32137.599609375
1916.56617684331,33898.0
985.869756543315,8986.5
1567.65413000608,17854.900390625
1805.61837716997,23776.400390625
1921.65486611413,38365.1015625
1153.67037162308,17170.0
1211.9501816319,14757.599609375
1729.63467511929,17923.0
1070.97554972412,14588.0
1020.74293298259,11573.099609375
997.222870779849,14257.599609375
1650.99787956681,21036.099609375
1437.74346960092,35331.1015625
1404.11655962747,15048.400390625
1580.7250529242,17137.599609375
1111.36851109414,27898.599609375
1047.91232189866,10985.5
1912.000730069,23819.19921875
1857.68624245496,19620.80078125
1062.09491227584,14137.7998046875
966.440813323644,9579.7998046875
1124.93537786916,13111.5
2250.56625822198,21909.69921875
1546.26559015391,28113.5
1482.4598669483,20005.5
963.778137442216,11223.400390625
1777.32339291749,19698.099609375
1871.67985939217,29804.099609375
1864.78600579299,21127.30078125
1686.16866688943,25400.69921875
1768.92510571781,19382.30078125
1386.68676821198,20227.0
1596.15312980607,13754.7001953125
1190.28419846281,21815.0
2150.66995067315,15099.5
945.211942657491,8088.2998046875
1790.10506167869,21978.30078125
1179.13543404284,18443.30078125
980.111080660156,10446.2998046875
1846.62951344857,26090.69921875
1569.4347812703,15423.400390625
2033.48301905939,40667.3984375
2059.76191520882,29313.099609375
2006.1770255222,31887.19921875
1008.55771164129,9897.2001953125
986.32514242135,15011.0
1078.26350654098,62901.3984375
1204.73308985503,30667.19921875
2169.63303425102,26575.599609375
947.577676193687,15274.0
1038.02542316716,13394.099609375
1769.42494938036,66836.3984375
1221.42626369291,17780.5
1352.41405042128,18663.0
1203.8018162635,47720.8984375
975.094370659511,12681.900390625
1237.49970269995,17370.599609375
1790.90842164458,18653.5
1408.17480881997,14505.5
1310.99187462616,13452.099609375
1731.61822770084,40380.6015625
1076.51539079826,12486.099609375
1981.63432285247,29833.0
1372.67777489817,131192.59375
1039.3125818809,7467.2001953125
983.126076127184,12460.7998046875
1829.908595279,31710.80078125
2042.98606549096,22222.69921875
1553.43410149456,23173.400390625
1547.98451306569,56646.6015625
1293.49890635898,16794.0
1832.06329361749,25031.80078125
1210.26401708766,16612.19921875
1149.42626883513,17337.80078125
1042.68056547164,13180.2998046875
1760.32001739514,24200.30078125
1696.90806313814,84149.0
984.966672975546,17282.69921875
1153.52708162084,15816.0
1600.68058133095,17333.5
1689.12015123571,21562.80078125
1215.61800456636,21669.30078125
1633.50814256718,19243.30078125
1123.89847525576,18730.0
1183.59558606434,20496.400390625
1328.12639504169,15968.099609375
1051.21579156149,22912.19921875
1016.63142358707,11315.400390625
1297.41464551038,16491.5
1929.20734117773,27898.400390625
1929.85805160781,76932.703125
1000.65035426265,14009.599609375
2034.59256948108,21176.900390625
960.843700817816,12663.0
1037.05236594355,36788.5
1003.93922751001,18887.900390625
1526.77023881501,18405.900390625
1187.6677631342,16789.599609375
1238.26094476473,20016.0
1629.7604293282,20965.5
993.161278896775,16204.0
2264.1756885902,46504.6015625
962.216432410033,10089.599609375
1133.16073654359,13822.599609375
1228.80514169315,11566.5
1309.98917887954,13355.400390625
1711.39762393225,33842.1015625
1133.79361929065,18662.900390625
1776.56036808442,19830.099609375
1446.76394293785,17991.5
1099.47844932978,36412.0
1780.51276540902,26674.80078125
1053.78866048972,13845.2001953125
1360.58091201082,21123.30078125
1154.74359814063,14078.7998046875
1092.92644155241,14585.7998046875
1872.42327377393,29825.5
1199.81766337852,18279.599609375
1066.65378509204,12903.099609375
1859.48193582673,19806.80078125
1057.27608955667,15839.2001953125
1932.56607665791,20331.400390625
1010.46092822625,12457.2001953125
1694.666789114,35673.30078125
1910.73830726544,28802.900390625
1074.82421221817,14287.7998046875
1804.32163607661,20366.400390625
1866.37188962026,22045.80078125
1090.98255556558,11251.2001953125
1017.55133203069,12153.599609375
2258.72532020019,25631.400390625
1053.25661557472,13041.7998046875
1886.27360070891,34452.6015625
1043.7662713673,15308.599609375
1882.16721677225,14776.400390625
2001.26037339249,72877.703125
1058.29015045121,13036.900390625
1381.17411435444,14206.0
1453.61010748497,38172.6015625
1193.62934033468,13849.900390625
1514.7297559752,19616.900390625
1745.45317825921,57131.3984375
2148.33608412035,21451.80078125
1236.14769578924,42557.30078125
1845.24396820918,30020.099609375
1009.10390727969,8004.7001953125
1175.25501598841,12365.400390625
1147.14933944496,37055.69921875
1129.9331459566,12167.599609375
1121.18588186188,14542.2998046875
1121.5306246822,17151.19921875
998.266458774386,9439.2998046875
1309.06470209215,17070.30078125
1358.3350696429,19303.400390625
1102.54982484434,9796.2998046875
1216.08397563119,56820.30078125
1806.83533938184,18395.69921875
1763.73045315606,20116.19921875
1332.48091804132,20524.599609375
1208.65128031285,12260.0
1495.76968081884,16409.30078125
2127.76672630276,33506.80078125
1021.06238277763,11090.599609375
1631.97641032707,71265.6015625
1077.29234350869,19132.69921875
1131.10553896093,16212.400390625
1007.27768400076,9648.0
946.60183339461,18867.900390625
1951.81997431497,47893.3984375
1071.73255771418,16910.400390625
2051.01476253712,110730.1015625
1485.53837353608,30518.099609375
1122.70480045483,19790.30078125
1883.36880260752,21626.400390625
1065.17553590097,17071.30078125
1241.93556450334,24557.19921875
1194.52718702057,11021.2998046875
1290.1602270222,16586.900390625
1859.96428607533,19966.30078125
1061.56219882272,19991.599609375
1140.23654393256,16575.80078125
1099.54374321882,24678.69921875
1024.14222644163,10366.400390625
1249.27845286849,13786.2998046875
1836.76333939857,23186.69921875
1377.88134130142,23378.30078125
989.417911155534,10620.400390625
1182.15042950987,26679.30078125
1111.60205374165,12674.400390625
1993.31925483914,28559.30078125
1833.60639100553,30994.400390625
2380.64505596258,68309.296875
1288.46080313872,39264.80078125
1840.37455943946,29047.099609375
1239.62899659015,19113.400390625
1435.26687016097,19514.19921875
1955.75521249467,23419.69921875
1526.24187085963,44246.8984375
1819.61388829851,20919.0
1503.0647687089,19181.599609375
1248.92301343836,16558.80078125
1029.02099474494,14209.2001953125
1710.53977811013,20267.19921875
1350.97045378908,20483.400390625
1372.03063000469,16973.400390625
1091.90134977901,13350.099609375
1422.38558922092,20245.599609375
1614.82907626436,19452.80078125
1876.1407913748,26458.69921875
924.91874679212,8924.400390625
1303.42146045652,24381.69921875
1299.4199255806,23232.30078125
1863.9655981052,31808.900390625
1560.80506846046,19836.30078125
1176.95577694812,59938.6015625
1097.3605205875,13643.900390625
1456.87502478328,39129.30078125
1810.52633830422,22773.099609375
1943.79194580692,26890.599609375
1014.54246482969,9022.2998046875
986.671333740913,10567.7001953125
1740.36760883292,18930.900390625
1020.93112646142,13516.7001953125
1080.04883757199,15510.400390625
1159.26503282249,13173.599609375
1583.82773830706,15554.099609375
1261.6074099041,15259.7998046875
1605.97116911193,21238.19921875
1246.04874524414,11971.900390625
2185.89500100595,21414.30078125
1578.10683482729,20305.19921875
1233.34161848256,21066.30078125
1776.66343437685,17755.900390625
1276.61397350566,15536.2998046875
2096.92193768694,21491.400390625
1671.47397631762,17398.80078125
1112.71450116183,14087.2001953125
1591.10678128241,22802.69921875
2200.62490125172,111113.1015625
1150.11408313048,17173.0
1564.79880372506,48689.8984375
2126.02830436268,91033.296875
1135.84948541143,17852.599609375
2137.6443769237,17254.599609375
1371.41657774782,19546.400390625
1134.50951218676,27111.099609375
954.774377558108,8581.599609375
994.044194898133,11506.2998046875
1168.90122976158,17889.400390625
1834.97700556039,15011.2001953125
1433.09646117681,20139.599609375
2314.71538717168,106576.796875
1142.03424291867,18028.19921875
1079.69618371733,13580.7998046875
2418.30068802854,35970.19921875
1178.0936288166,15794.7998046875
1399.68816316634,23968.400390625
1907.60709758976,30037.30078125
2204.51378745557,33810.3984375
1729.5194637178,39569.30078125
1186.0208194926,14869.7998046875
1222.03207064639,67011.703125
1491.66931372521,18099.5
2147.4449228156,18252.900390625
1098.56355492201,16615.599609375
1759.45715753717,20176.099609375
1975.18003306264,79346.296875
1741.68084053307,21879.30078125
1678.39646563265,22037.099609375
1609.04677870121,23920.099609375
1065.37944002546,17034.400390625
2059.56937623225,24232.400390625
1087.88477279555,14097.7998046875
1297.26912704777,15510.7001953125
1497.03756335032,25181.599609375
2037.40154378626,45961.5
1632.95726716199,24501.30078125
1093.15675293237,27182.30078125
1691.24064270742,60943.1015625
1220.84931530131,20280.400390625
1021.40534282964,17385.099609375
1028.05328582623,15503.599609375
1984.12596439997,15046.2998046875
1132.86479700553,21621.80078125
1838.31044801528,28079.5
1143.183014243,16461.19921875
1111.74289243747,10289.2001953125
1358.70443695039,15735.599609375
1119.97137095643,11488.2998046875
1900.61775446341,23292.30078125
1363.77852980574,11274.0
1212.16801363375,16043.2001953125
2163.1179074929,40341.80078125
1917.38268472543,21807.80078125
2074.64491068248,36468.0
1417.71050219607,25216.69921875
1411.67260022767,14923.7998046875
1683.78332290191,28482.099609375
1415.49730677267,20917.80078125
1568.31843404445,11174.7998046875
972.828137879147,11975.5
1360.92398348585,10308.7001953125
1271.70211256576,70305.5
1306.03076471192,68431.703125
1639.38982946315,56557.19921875
1016.52557171916,13093.2998046875
1274.44545871283,25063.599609375
1864.78166029525,24491.80078125
2031.89479534872,35878.69921875
1662.1651402079,20079.400390625
1591.92440339472,50580.69921875
1397.14192433961,20917.0
1101.52083326527,13925.5
2037.27452154477,57488.6015625
1101.21664842381,15181.2998046875
1022.52313855473,10834.2001953125
1059.73419277549,16941.30078125
2081.82723847747,16182.7998046875
1120.82932820157,19498.30078125
2334.78467848067,28817.0
2070.66176060468,49309.69921875
1150.94095335336,9365.7998046875
2309.76419390611,40532.30078125
1131.64672056348,51766.19921875
1083.35230723482,32754.19921875
2006.15518661051,25312.0
1645.23953795271,18930.0
1890.81230595869,24943.30078125
1203.97117925215,17196.0
1922.36039666948,22350.30078125
1783.01722060368,26677.80078125
1755.4883810288,16190.0
1123.13756746004,18075.69921875
1279.51743453082,20348.69921875
979.460035961023,8649.7998046875
1191.17413411435,12998.099609375
1066.5560671045,17756.80078125
1329.78715513763,42433.19921875
1396.28909255334,17220.69921875
945.009487032243,12504.2998046875
1277.91617432695,38217.80078125
1537.43687583242,16980.19921875
1052.407015056,14440.7001953125
1261.5453472826,15613.2998046875
1925.4782355829,23309.80078125
1017.34029683299,15484.5
1216.34503976435,16863.69921875
1923.87329841941,30138.69921875
1586.34077307418,15608.7001953125
1211.84811814664,14938.7001953125
1061.611113528,11947.900390625
1180.62582834296,12542.7001953125
1107.49522411292,11794.2998046875
2113.687090795,18629.19921875
1226.65400889126,13686.5
1602.77934531399,19676.5
1657.89362735732,14800.7998046875
2029.77575237625,22895.80078125
1067.05925345763,21559.80078125
1329.54759564711,50717.0
1063.42808869636,13658.7001953125
1440.96058642414,25045.69921875
1078.07531306214,14476.2001953125
2008.83936713458,22287.30078125
1040.72809991235,16157.599609375
1905.20949707017,23275.80078125
1004.9257669189,12474.2001953125
1209.2249974369,15506.7001953125
2010.08864202191,27469.19921875
1131.10264196244,13821.7998046875
1402.30916683872,20473.19921875
1283.83451939612,18166.5
1709.41919680957,87692.5
971.300305444694,9026.0
1061.61033356687,13150.400390625
1782.22879132231,21192.30078125
1083.24277840729,10748.400390625
1212.12266446508,21054.599609375
1002.62777857816,10234.7001953125
1407.7641035725,21095.900390625
1111.24516581228,16931.30078125
1463.53399865874,19856.30078125
1380.314374341,31619.69921875
1573.70016585485,54238.69921875
2046.31895083076,19070.30078125
1035.48208133892,13567.900390625
1952.05685965304,23534.5
1063.93584339326,16471.400390625
1826.54239445656,19644.900390625
2055.97108126155,29757.599609375
1721.01031061437,25538.30078125
1403.95287921278,34174.0
975.376828012293,13184.400390625
1916.37430640485,105240.8984375
1331.34529463321,16575.900390625
1887.68310189734,13610.099609375
1366.59496945318,32827.8984375
954.134698006897,8770.7001953125
1805.62272266771,22964.400390625
1165.50371907085,15416.2998046875
1217.46383829661,11849.2998046875
1217.1693472578,22846.19921875
1008.21464016626,11194.099609375
2186.9492856103,34139.69921875
989.907726746393,15956.2001953125
1956.22853747874,21928.30078125
1976.88725655744,25187.400390625
1587.90348091353,16176.2998046875
1095.9725240417,14066.0
1145.55097623957,41002.8984375
1017.07109881945,10335.900390625
1075.34154929469,10239.400390625
1030.94170474385,11380.7998046875
1206.73836992525,14169.5
1677.99790549423,18478.400390625
1423.09479673589,15126.900390625
1054.78266524087,15702.099609375
1542.41157935495,19452.900390625
1120.1893143813,14454.400390625
2049.44837773814,19594.80078125
1125.42630769021,16835.69921875
2050.38366255836,113814.8984375
2185.85466587313,22554.80078125
1653.34433692074,21575.5
2303.71325544452,89926.5
1240.41274610473,13978.400390625
1136.46019497774,15747.400390625
2000.7130635239,25097.400390625
1025.5288859112,13403.900390625
993.805638214778,10490.5
1829.20261903157,16761.5
1171.80357655656,16451.900390625
1960.4171516033,18869.400390625
1112.42312996754,10807.7001953125
2159.67515905651,29548.80078125
939.319893420771,12161.2998046875
2118.1005565716,23220.69921875
1028.46543957296,11542.7001953125
1023.78712128055,47023.8984375
1843.68972851926,21411.80078125
2274.33055968203,24331.5
1074.77072916913,12984.5
996.057943117786,8578.900390625
2183.02897811512,18119.30078125
1059.93631413168,14326.5
2040.04850902203,26131.400390625
1025.06213488524,14017.099609375
1615.29114752353,23962.400390625
1157.90333210914,18406.19921875
1514.29164066508,15868.2998046875
1095.4476101999,14348.2998046875
1621.89452131258,19665.5
1124.65793455223,14694.0
2122.59068138516,23587.900390625
1750.06909966106,26876.900390625
1235.7318650829,13999.2998046875
996.583191228639,13330.0
1058.50296841721,18467.5
1044.1150254163,21941.400390625
1336.46540519535,13980.400390625
2040.31124450047,42068.1015625
1040.25388354413,39835.8984375
1139.37502115082,16151.2001953125
1776.71156912099,21711.30078125
1997.83144141044,64705.30078125
2063.44600590403,28392.19921875
1097.84509929647,17382.599609375
1010.93157905786,11757.900390625
1424.2404482157,13468.400390625
1110.22252534528,20995.400390625
1667.20959454024,20865.400390625
973.762977007288,7414.2998046875
1917.41945432165,22436.0
918.198044564222,10728.400390625
2000.98939261065,62575.3984375
805.803082722081,7967.7001953125
1552.40722695285,46381.80078125
931.810539065461,7640.89990234375
1103.45658537173,14858.599609375
1186.83409610717,18555.69921875
2041.32140558936,19805.0
1807.03645793086,25360.19921875
1879.74866872512,26448.30078125
1558.04177759302,22701.900390625
1529.36450096286,23816.30078125
1705.13732161823,20422.69921875
1093.69871449605,13238.2001953125
1073.71109625988,13941.599609375
1028.4804816805,44327.6015625
1755.85808260534,49338.19921875
1874.22966375551,29641.5
1243.51977698533,20350.099609375
1385.7250761363,16919.69921875
1060.1267360709,12960.0
1805.52645317942,21720.19921875
1267.16708427559,17403.900390625
1257.4085448618,18075.30078125
1966.08457203402,26404.69921875
973.379681822448,11044.2001953125
1058.33895373347,13841.5
2037.98829740352,23823.69921875
1304.40666278918,24775.80078125
2220.87826338785,43796.1015625
1498.4502958063,16141.0
1263.34382622984,14655.400390625
1948.78748543398,24825.400390625
1102.57979763641,11824.099609375
1161.97840617749,17999.900390625
1084.03900729998,22372.0
1101.93510404935,11390.400390625
1901.66602222474,22391.400390625
1721.2877539313,45033.1015625
1976.58507733032,17279.599609375
1156.08747117096,44296.1015625
1005.61391548331,8635.7001953125
2146.26473019995,24202.69921875
1274.95923025274,19782.5
1607.44128442262,20090.69921875
1057.31597899742,13521.2998046875
1145.30350571471,16916.19921875
1129.11340680693,21067.19921875
968.079177392796,10800.0
1959.10258282692,17905.69921875
1091.7937151428,12502.7998046875
1051.33022300185,9351.099609375
1604.58918940915,6362.10009765625
2054.17583358186,21214.69921875
1387.91364707252,24801.5
1864.19412671686,25325.599609375
1325.60021235836,17389.80078125
1323.41453842062,29935.099609375
1212.39297670881,26487.5
1247.51741205558,13850.7998046875
1416.01687230957,21135.400390625
1369.10833848935,15554.900390625
1318.44629743317,17474.5
1491.09314529474,67553.0
1060.85700253643,15049.2998046875
1925.05059403656,22644.900390625
1257.58793592215,14663.0
1038.59657756178,25291.30078125
2083.4459920953,14989.900390625
1226.75919222105,13363.7001953125
1834.82625021588,21551.400390625
1962.55870202557,24949.5
1040.22391075206,11150.0
1074.61852532538,11227.900390625
1055.52006277961,12178.7998046875
2037.2894522293,20318.19921875
1089.93250503595,15324.599609375
1016.83722190288,27723.599609375
1214.89810044158,13182.400390625
1526.74316302143,19947.0
1321.99077508577,13885.7998046875
1887.00743271104,31134.19921875
1337.15110245335,16778.5
1085.8627792725,15589.5
1960.66718485759,34928.30078125
1109.28545775676,17729.69921875
2104.31908906227,28554.5
2019.57920907537,37804.80078125
932.843876142264,8295.900390625
1823.67860002611,23389.900390625
993.515381250677,14193.5
1038.06497833885,12765.0
1193.85686613917,14948.7998046875
1314.09244297166,17591.400390625
1864.65864928244,87460.703125
1424.28390319305,14225.5
1233.30629738558,22745.900390625
1092.76989221093,9912.2001953125
1844.40684706857,22000.900390625
1146.51612242884,19433.0
1697.11341576188,20739.0
1056.59083799075,20268.80078125
1083.52378726083,22014.30078125
1699.29552416301,56211.5
1886.4982295149,20486.400390625
2132.63190099777,21971.69921875
1276.42934556343,20939.400390625
1307.59035270674,15952.2998046875
1398.71510594274,29790.900390625
1223.99668131473,16851.900390625
2070.48860923339,15344.900390625
974.5805991196,10223.0
2073.03462521408,52619.3984375
1780.8649735716,23567.69921875
992.821884381362,55104.5
945.359578157466,10448.2998046875
991.760802972866,16039.900390625
1227.98930234914,11804.7001953125
1101.51013665546,43367.5
1038.10063370488,10580.5
1718.93126850567,57749.30078125
1022.75601266413,27149.900390625
1224.6787016131,18320.69921875
1132.12205116189,15710.0
2449.93190031139,22646.0
1630.95421555215,20595.80078125
1414.91333873089,16761.400390625
1972.93619630907,24338.80078125
1051.83652919949,10581.599609375
1980.51786420361,20075.599609375
1330.42326915224,17222.900390625
1730.73430889231,17138.0
1404.78364924131,20551.900390625
1292.91594112436,17873.19921875
1016.56947238859,16764.400390625
1049.92751861756,49988.5
1416.38980515365,16155.0
820.918116632495,9421.900390625
1458.89100146331,17674.80078125
1238.65493655938,16419.0
1031.1784786589,10234.7998046875
1062.17658534866,10689.900390625
949.722792152563,11576.900390625
1154.73824983572,7956.5
1358.23590315613,18231.5
1656.47342955907,65320.5
1316.29661313052,24751.80078125
1048.14441604692,17481.400390625
1084.96537827869,10628.900390625
1151.14418893974,16828.5
1671.05937126448,17222.30078125
1176.34540165087,18240.80078125
2210.70890730356,34516.6015625
1356.06126009726,16451.900390625
1167.67546513123,20509.5
2078.54694480256,121196.3984375
1890.9406652764,25124.69921875
1702.57826914433,23948.30078125
1453.79518111928,15349.5
1206.22248134798,64578.19921875
1015.99720376378,15105.7001953125
1387.45514134996,26994.900390625
1252.5038149951,13753.599609375
2393.67374955656,34175.19921875
1102.81579159033,14464.2998046875
980.900178479643,37561.19921875
1105.20470111445,10898.2998046875
1381.01288524616,11551.099609375
1109.70619107594,12173.7001953125
1262.94158913179,30634.80078125
1103.40165382344,14476.599609375
1132.235034103,11581.5
1835.01700642415,25174.80078125
962.579337182423,11144.5
1116.09106432503,14921.599609375
1769.28455637661,17928.69921875
1125.78542407996,60346.0
1062.75420227837,14982.2001953125
1817.2338926159,20941.19921875
1068.74430377167,11657.400390625
1236.25065065866,18639.80078125
1207.39086312363,14363.599609375
1932.00093910631,21107.19921875
1181.88981106878,12358.7998046875
1959.34013670311,23745.19921875
991.339289692561,12639.7998046875
1441.29797532521,25687.5
2061.71761203565,28826.900390625
1947.71425891643,27607.80078125
1159.32208140814,13223.599609375
2172.87967817423,15848.2001953125
902.248340819612,21459.599609375
2186.56420765716,17427.0
1306.27567250735,16703.5
1841.7811636294,25271.599609375
1517.45883997586,20600.400390625
1288.31461613799,11173.7001953125
905.904074356529,9723.5
1084.31143658107,9436.2001953125
968.380130966706,9933.7998046875
1084.81451151117,10725.599609375
1015.37813747106,10705.0
1944.76021184071,28841.0
1171.70596999204,62858.5
2135.78628666138,25137.19921875
1013.28416467784,12099.900390625
1553.47287670512,34069.30078125
1314.19294653466,30422.599609375
977.415869257225,13534.7001953125
2069.53371396185,58774.1015625
1290.08133952485,18008.0
1051.54872354181,10228.5
1791.34274857206,27048.30078125
2220.04259074648,25216.5
1441.0023700562,14642.599609375
1598.08888191253,23345.19921875
1107.92386846643,15806.7001953125
1132.88652449421,16466.400390625
1433.51931153334,20578.80078125
1599.22729089611,19702.099609375
1023.46588871721,18138.80078125
1061.80966934759,14544.099609375
1947.58411683042,24734.0
1651.63889619425,21328.400390625
1969.77311964999,19550.69921875
1586.05976422064,20140.0
1970.98339648072,32317.19921875
965.381180414393,10513.2001953125
1151.23444158501,11332.7001953125
2155.7925125417,26485.900390625
1646.75801085358,26652.19921875
1098.01056247946,72076.1015625
2000.46815572847,26584.5
1995.88866965379,26323.19921875
1582.15405314094,24240.30078125
952.844419448629,9366.5
1034.93232016392,17973.19921875
1405.37519404838,17325.69921875
2109.25869433387,16590.400390625
1401.29577448229,20932.80078125
1241.60898363509,17315.099609375
1562.34749731039,18466.0
1094.1547689122,16506.0
1089.27822906927,16505.099609375
2067.06502555624,93286.3984375
2241.29051474886,46149.69921875
2080.14586512304,24182.19921875
1925.96092010056,29034.80078125
967.997950012055,12707.5
1785.51487899419,26915.19921875
1730.96072046661,28575.900390625
921.802467800959,9430.2998046875
1396.97935815511,24534.599609375
1048.21606104804,14441.2998046875
1779.15997853718,25441.599609375
1617.59905251294,18482.5
1127.80128933697,21511.0
1039.4958727469,13948.2001953125
1813.15803858641,26101.80078125
2121.92504027056,27743.5
1270.05238334868,24247.69921875
1112.97121979726,15371.900390625
1102.96342709031,15894.599609375
1537.73459813878,14253.7001953125
1324.1155006322,17641.80078125
2038.3210065378,27646.599609375
1744.75823289065,15943.0
1924.31230511367,91608.203125
1211.23562581203,19941.69921875
1163.33052451122,38384.69921875
1533.81863614134,57815.3984375
1554.46766141741,21279.30078125
1581.97934184738,39589.19921875
1781.40448382886,33663.1015625
1078.12088507685,11903.7998046875
1500.40744113238,25545.5
1131.92026407475,14979.7001953125
962.485630423571,25101.19921875
1123.35227961736,18536.900390625
1077.85703536822,16097.2001953125
1906.35336578167,23561.30078125
1105.70855600568,12291.599609375
992.499871856889,12755.5
1247.20620756394,55719.80078125
1730.55670060027,33578.0
2090.66241533406,17459.69921875
1704.80316398471,21825.80078125
839.271716297257,13811.7001953125
1485.29134870329,40336.19921875
1512.54664476689,17142.900390625
1055.81956785428,10583.2998046875
1491.34696693168,28153.0
1433.49078724052,20648.69921875
1337.94911411434,28863.5
1373.25684032712,14761.400390625
1444.3724706843,17794.30078125
2254.6713050824,37101.8984375
1714.25796424911,19970.80078125
1100.41228565075,19291.900390625
1167.65830598633,14867.599609375
1670.90850449696,27651.599609375
1311.86320263355,12840.400390625
2056.80831382518,22994.400390625
1087.18024504737,11094.400390625
1092.88153807582,28958.30078125
1342.43589623734,12551.2001953125
1883.69014659388,21577.0
929.092541655175,9895.7998046875
1976.66441051974,24380.80078125
1959.94404946527,34228.8984375
1034.20205369838,16885.400390625
1036.66405672286,12917.099609375
1513.52571883352,19181.80078125
1338.70456218213,37369.69921875
1018.59647994749,13974.0
1674.9137163325,20746.400390625
1499.67650612873,17199.80078125
1318.84630607084,24636.900390625
982.34065526732,12279.2998046875
1113.63329537526,7686.89990234375
1065.47180970809,11661.599609375
1002.54577123629,11560.900390625
1770.11421217496,21105.400390625
1312.55959650136,44192.3984375
1202.11743448756,12743.0
1271.34199336884,14865.2998046875
1290.21861268407,25612.0
1032.28814050362,16239.400390625
1032.95133031181,11053.2998046875
1294.87308645044,18409.30078125
1288.25043647913,17269.5
1365.36586213226,16304.7001953125
1261.30968759774,16654.400390625
887.092303238262,22264.80078125
1834.23537394693,14439.7998046875
1052.80379242612,6187.39990234375
1697.06672951698,23627.80078125
1589.9640268011,56237.3984375
997.651737979398,11115.099609375
1089.51032321753,12381.099609375
1663.73642761971,23392.900390625
1945.04367200066,20367.19921875
1895.62934590956,36519.30078125
2134.0378366496,60283.0
1085.82389263892,9649.099609375
1801.9965719423,26047.400390625
1044.13318736837,15458.5
1578.80601427057,21291.0
1008.8728159386,10104.7001953125
1212.65326088084,21753.80078125
1599.86050791222,15752.5
1187.18173592598,15182.7001953125
1059.30599411406,16234.0
848.226171495525,15651.900390625
1895.84795787254,31944.80078125
1883.82875682933,18573.900390625
1324.76409402491,15902.7998046875
1585.63189982826,17332.900390625
1841.74617680148,25927.599609375
1932.72407449864,29738.900390625
1164.82871842266,17702.900390625
1823.1376412696,18519.0
1322.63647148,17705.19921875
1580.31646471408,36489.80078125
1066.01521977101,15316.0
2033.37805857563,26710.5
1024.49922579402,17033.5
1206.69814621545,32311.900390625
1445.5730537124,23328.30078125
1912.12106692936,60729.80078125
1436.83347780598,67168.8984375
1839.62646529091,18302.599609375
1083.96947933622,12862.599609375
2024.45886876283,96519.3984375
1264.64769839641,20264.900390625
1000.60010248115,10931.7998046875
1395.48038428254,19735.19921875
1237.73257680935,25905.0
1065.62412497485,9741.900390625
1140.98174108262,17251.30078125
1036.58204938099,11305.7998046875
1055.48329318339,12033.400390625
1813.18266307358,19926.900390625
1193.4763565298,13438.099609375
1590.09628592447,20002.900390625
1126.04882809652,14897.5
1833.74722970135,21407.19921875
989.965221024119,11048.400390625
1678.48638400886,24664.30078125
1402.18682436402,16279.2998046875
2056.21175498226,24519.400390625
1151.39522500121,13986.7998046875
1132.306010566,12126.900390625
1249.19677979567,19421.599609375
934.527143688012,13640.900390625
1140.6062455091,24979.30078125
1257.47094175236,16148.0
1316.50196575426,30459.19921875
2245.69194683942,34963.5
1244.55879663609,19722.400390625
2020.75115638762,21874.30078125
2180.60976152988,27969.400390625
1050.22200965638,11600.599609375
963.390831028698,13022.400390625
983.35003639507,11937.900390625
1923.98717274467,27743.0
1057.1787058382,12522.7001953125
1195.44843254041,17186.5
1077.46705480225,15451.5
1729.78910742342,22515.900390625
1893.58629343595,25734.80078125
1198.90132047151,16343.2998046875
1807.88817548694,24239.400390625
1440.15978918767,21519.400390625
2192.03708349697,28913.099609375
969.588847875177,11890.599609375
1004.8098869793,11355.900390625
1167.80950702291,22780.400390625
1235.47626067766,18492.900390625
2002.36190135682,31314.80078125
1084.18374580147,14275.599609375
1795.38383861966,28372.0
1104.17426103614,18542.19921875
1106.91660437604,14911.400390625
1800.78785503383,22950.80078125
1272.23014625208,18271.80078125
1170.36131700058,14317.400390625
953.752182783189,12402.7998046875
1055.34925129172,15223.099609375
949.308075676408,7180.60009765625
1675.77189642367,29904.400390625
1366.96255399236,26500.80078125
1593.40688666051,16728.0
1123.55830077921,14633.2001953125
1383.76091116003,23911.0
1164.84587756757,15480.900390625
2148.40984615883,55782.80078125
1051.85001138477,13778.900390625
1056.2453152093,18330.80078125
2119.10759781595,27775.900390625
1053.62887988069,9949.099609375
1601.57664524853,18206.099609375
1038.66465702629,13574.900390625
2032.61971350935,31034.900390625
922.131889956186,11451.5
2338.60158541435,32034.30078125
1512.03955860811,18735.5
1189.67627447197,9121.900390625
1923.71686050094,23141.30078125
1231.10524707124,21446.30078125
1504.00283910459,22154.400390625
1203.59713217787,22761.599609375
1043.79368142994,15257.400390625
1016.40790901126,14619.900390625
1850.95417507914,31003.0
972.889420539514,11446.2001953125
1257.9973040934,17752.0
1051.61156612444,11469.2001953125
933.436089487445,12898.900390625
1039.72584985781,17327.80078125
1034.79114719904,14616.400390625
1606.30744378281,19480.400390625
1105.13238757522,13538.099609375
1028.16236896169,23936.80078125
1145.75309759576,19806.599609375
1101.9537116935,17593.400390625
1866.84933725603,18431.30078125
1377.54005259469,24008.900390625
1222.63252929497,17211.0
1043.8283339888,11097.099609375
1367.00110635688,24438.69921875
1152.29585726256,15185.900390625
1135.19130963909,45009.80078125
1262.85601625332,12221.5
1095.54967368517,18016.400390625
1926.74578384533,64206.8984375
1271.97699315326,15876.2001953125
1168.48840747675,17109.599609375
1220.155818432,16378.2998046875
1075.21786974377,11419.7001953125
1113.26927637268,19616.099609375
1019.92386237103,12895.2998046875
1606.65430364049,14471.400390625
1832.63344520494,27884.400390625
1262.0968912259,15571.099609375
1287.66034017131,22358.80078125
1070.43503665969,14151.099609375
1855.30669246443,32455.5
1242.75496938395,19140.599609375
1257.25277548145,13409.400390625
1883.47086609278,21767.80078125
1738.38093640684,22479.0
1872.63520035578,58072.3984375
1097.67685053801,14113.099609375
1391.0395084433,18200.30078125
1211.51084066858,9124.400390625
2450.77804671653,26042.5
1675.77334492292,32067.099609375
1116.25831027632,13861.7001953125
1933.44007881776,38753.80078125
1225.63003134804,20261.5
1050.131088473,12482.7001953125
1964.67083677087,28575.599609375
2058.92869387387,81598.796875
1237.40343321167,19397.099609375
1503.43313320922,17215.900390625
1052.0529127021,12257.7998046875
1343.83325231672,17160.400390625
1969.37244247421,22864.80078125
1260.80438420726,20184.099609375
997.168942038726,14769.7998046875
2099.07775025563,19472.900390625
1966.14875169288,26669.30078125
1779.60567061257,21358.400390625
1101.99003559764,12947.7998046875
1464.9755896766,15060.900390625
1816.14673822099,18388.0
910.610582672699,8591.0
1739.0220644573,20713.19921875
1656.80502446317,23131.400390625
1180.23361931661,19660.0
1422.9978587095,19848.400390625
1296.51936155393,15460.400390625
955.090707508619,17806.900390625
1105.62688293287,27912.69921875
2022.21146647265,82207.1015625
1795.51754624228,18624.30078125
1469.13300535588,20110.599609375
1814.44419449298,18161.900390625
1003.57409427725,13446.900390625
1613.0641356458,19258.900390625
1140.34351003066,12263.0
1097.80520985572,15765.099609375
1107.73846056307,14636.2001953125
938.661383379375,6348.89990234375
1775.75132554455,46442.0
1725.64951942715,17905.400390625
1046.61546938228,12390.7001953125
1913.08576742655,24918.30078125
1030.53278226467,41092.69921875
1867.59598290533,25738.599609375
1284.97270553366,16600.900390625
1333.26856736156,20548.900390625
1095.14565381882,18383.30078125
1552.14081451479,28619.099609375
1247.56053276388,17362.80078125
1267.84955026604,23003.900390625
1177.04781236169,16924.400390625
1041.18549140473,13586.5
1136.56760676791,17877.0
1359.25319531822,20058.30078125
2065.66622097761,29881.900390625
969.322546860129,12364.400390625
1843.52437675929,19898.900390625
1069.83814354771,15337.2998046875
1370.65288437663,17824.19921875
1442.52875399141,39828.1015625
1320.97214584745,21845.400390625
1112.48162705244,21134.30078125
1123.91273740217,23056.900390625
1067.74205371713,10013.400390625
1957.37664026495,25399.099609375
1799.20119124542,35079.5
1302.14611258277,14013.099609375
1013.13474640956,20619.0
1815.19975398379,27926.400390625
1284.31096422472,14452.900390625
1594.21592920037,20140.19921875
1498.0423761343,47873.69921875
1139.56332605268,10967.599609375
904.854413807465,7621.39990234375
2086.76706659511,29354.5
1042.72658317842,11441.099609375
2127.09395411495,36545.3984375
1084.18519430071,11578.5
1841.29335365288,25544.69921875
861.315256365723,10380.5
1255.0008048475,14020.099609375
913.830262225352,10802.2001953125
2054.62263988744,23117.400390625
1159.77211898127,22853.30078125
1024.6906505404,12183.5
2092.52897374581,31004.400390625
2021.32721339507,23724.599609375
1674.59170380803,25981.69921875
1246.10479102262,17486.400390625
946.667127283656,17296.5
1760.3528871857,20090.69921875
874.091298264464,7398.89990234375
1200.24274219543,13414.7998046875
2232.39851215265,30459.5
1843.61529794267,20790.900390625
1046.69112561208,11105.900390625
1270.18352824187,19615.19921875
2096.49942159947,19801.099609375
969.083210215642,11823.2998046875
1796.05527373124,36721.1015625
1018.22209860415,15663.5
2146.71287358176,27245.599609375
1987.11744961002,17275.69921875
1006.32813703413,9916.5
1181.55398208997,23231.900390625
968.582698014973,19810.900390625
1136.73518698826,49432.3984375
1039.71437328687,15690.2001953125
1602.80820387587,70156.1015625
953.167769049328,30050.099609375
1899.39834094513,21524.900390625
1146.58420189336,21192.80078125
2023.55901646261,32572.5
1814.16931390548,25586.69921875
1218.14351871159,19304.80078125
1106.12750655655,15509.5
1691.64856237943,18490.900390625
995.374140051111,59282.8984375
1960.95532478434,34111.8984375
1044.70077622638,12113.2001953125
1099.03142017815,39935.5
1005.9070694459,48118.6015625
1247.31673919864,13582.7001953125
932.665933581163,15358.900390625
966.955030555631,11826.2998046875
1505.25189114589,20048.5
910.245115170875,17517.900390625
1088.88312304443,14626.2001953125
1091.27492956704,13961.599609375
1049.70890665458,11476.2998046875
1020.72755660599,13066.2001953125
1744.56357687672,23409.599609375
1899.64436297075,21598.900390625
1163.71838803984,18999.69921875
1088.8959366916,14403.400390625
1282.55059194992,15767.2001953125
1919.35799200358,25047.599609375
1644.95106375691,19539.400390625
1095.76494295758,17504.0
1866.08987795955,29434.30078125
1613.69523562456,43835.80078125
1368.22831948648,20800.099609375
989.741595025289,10214.7001953125
1392.68790058415,15470.7998046875
980.019156669606,7305.10009765625
2022.79086617066,35114.3984375
877.129859699978,7383.0
1206.05556966575,51635.19921875
1908.87821138878,30682.30078125
1160.53336104605,18985.80078125
983.530764531643,11078.900390625
1232.38248913631,33560.6015625
1000.62182996983,15299.0
1795.53225408077,20495.80078125
1188.65329973592,16572.0
1654.25243452436,75199.703125
1101.25943486305,12021.400390625
1122.68374150427,21619.599609375
1381.22403186688,17861.099609375
1341.65760645068,10868.5
1905.94555753269,44834.19921875
1133.90303669516,15474.7998046875
1084.50854390141,14044.400390625
1180.47106176978,34140.19921875
1097.46080130446,13011.599609375
2200.65877384944,52493.5
1591.56673550422,22839.69921875
1452.84563415265,17659.099609375
1358.40950021949,14992.400390625
2127.9525798982,30763.099609375
1646.34307153138,44548.8984375
1286.48237601604,16308.2998046875
994.514065768618,14930.5
1001.80737089038,11773.2001953125
1290.72425034361,15199.2998046875
1189.56173160859,18913.400390625
1800.97003166964,29306.400390625
1075.63748883275,30717.5
2126.07822187513,28638.19921875
1977.79535416106,28825.80078125
1426.21107572705,18865.099609375
1835.67440223536,24404.400390625
1378.59088308545,25872.900390625
1177.34308336164,17310.30078125
2002.15799723233,42317.5
1211.29234012862,12445.7998046875
1600.35154915629,23542.19921875
1452.65097813872,28103.5
1610.77962949034,19011.69921875
1776.41696665916,48225.8984375
1158.34267307246,15713.599609375
1129.06750052317,20842.099609375
917.036069612158,9501.5
1034.50055596588,13878.7001953125
1064.13194790643,12528.5
917.237522430236,11199.2998046875
2051.01141984655,20315.80078125
987.360150843436,12220.099609375
1380.337996021,24353.80078125
1104.68023296473,14424.5
969.910414707575,11187.7001953125
1030.94783300989,9456.5
2170.91261619948,66957.8984375
972.011629997024,59525.80078125
1255.85831640056,23361.69921875
1425.3642607838,23741.400390625
967.95973191659,35487.8984375
981.404367639934,23844.5
1202.66652712445,16540.900390625
1013.55481119062,8368.900390625
2010.26803308225,25957.5
849.517619995491,17688.0
1786.13171682654,28031.30078125
1289.89414885319,18012.80078125
1937.75437810758,26840.5
1450.25025777461,26844.80078125
1039.82312215326,16220.099609375
1469.50203839431,38667.30078125
938.724448808043,16533.19921875
2031.09589230357,55930.19921875
1027.7202424229,13446.400390625
1342.35790012415,52358.1015625
1775.92993664377,23267.69921875
962.06768267987,12782.2998046875
922.728058818536,10318.2998046875
1111.68617812088,16086.599609375
1567.98817621658,27192.400390625
1053.35867905999,9425.099609375
982.386672974104,12422.900390625
1362.04957882226,22575.5
1226.09499960569,18913.19921875
904.062864681563,9054.5
1129.89749059057,11006.7001953125
1260.29172689753,21137.599609375
996.787875314264,11952.0
1047.79855899642,13234.2998046875
1029.15938213435,17598.099609375
991.817071597384,46932.80078125
1772.04171897802,23314.099609375
914.615738796726,8941.7001953125
1029.05130180606,18462.80078125
1002.86098695661,19572.19921875
1956.88348198353,24854.099609375
1284.23642222511,13146.900390625
2009.24650684545,56316.0
1034.60495933454,13205.2001953125
1056.84399108957,26885.80078125
1152.20315331088,20513.599609375
1830.03238625294,30016.099609375
1632.11301494818,21022.900390625
942.377786750055,7598.2998046875
1953.10869295097,24183.5
1435.15277298966,14962.2998046875
1427.75707011358,20501.19921875
1051.59685828595,11073.900390625
1253.00766988634,12675.099609375
1159.98560548539,21813.400390625
882.924190949169,11207.099609375
1187.88280956058,54759.0
1139.08131007314,14575.099609375
1089.08134459496,13236.7998046875
1032.19142532326,14782.099609375
1054.12805500514,8151.10009765625
1077.0027550827,16076.5
1301.3748424463,19452.400390625
907.471517674184,12729.0
1360.17912060485,18475.400390625
2088.0941147496,36203.30078125
1229.52861135453,16843.19921875
995.662168554835,14319.900390625
1048.10263241485,16932.0
1019.71494421069,22569.80078125
1018.23769782679,5567.89990234375
2015.54547294701,24666.099609375
1084.49506171613,19366.900390625
1992.67567548227,70974.0
1268.03707520677,16495.19921875
1985.81001190685,26267.30078125
1173.66523235548,10602.2998046875
1160.40567026645,14532.099609375
1614.36912204255,24068.099609375
2018.84292576681,23953.5
1023.15145295802,12517.7998046875
1499.39616581331,20026.900390625
1296.52248139846,17905.400390625
1003.95460388661,18869.599609375
1431.24171360506,19902.5
1747.15861898571,31253.099609375
2085.96259239902,18101.80078125
1094.4296494997,13220.099609375
962.335877886238,10084.2998046875
1043.04815001082,14424.900390625
1099.76369225803,12923.7001953125
1147.6692392509,12418.5
2065.57240279574,22983.900390625
947.753501717431,10121.7998046875
986.917021497474,12448.7001953125
2205.92663133458,34226.19921875
1157.78143532652,14203.2998046875
1133.1460287051,16245.400390625
1264.85305102014,21093.19921875
1819.06836119822,22910.099609375
1529.96785660993,52549.8984375
1909.81795312975,30913.5
2257.25787904196,37857.69921875
983.154266150953,8301.7998046875
2161.86261576255,26449.30078125
2079.60568632766,17066.599609375
1188.26710755259,13875.0
1034.80362657715,11890.2998046875
1010.63497098169,10313.2001953125
1761.86957731827,15543.900390625
1783.70570343715,30556.099609375
1154.63908334895,13702.400390625
1086.00005243172,12425.2998046875
1029.23737824754,11124.900390625
1013.40962699706,14901.7001953125
1675.71239653161,22436.099609375
1170.77569920768,26177.400390625
1452.50980517384,16103.2998046875
1207.16590004858,18827.099609375
1474.0986836139,25157.900390625
1903.76233490136,22062.099609375
970.896731270424,10117.400390625
1400.90044561142,21943.80078125
2017.52189445534,35313.5
1488.16372270619,17835.69921875
1074.00168749303,15904.5
1043.62754970883,10341.2001953125
1933.75585165318,38055.6015625
973.95729875216,31530.900390625
2076.47893357273,33996.5
1373.11098759545,53604.30078125
1350.47306143294,17374.80078125
1313.99149371658,15581.5
1477.1608110179,32383.30078125
1079.89652230522,41942.8984375
1306.19009962887,20598.19921875
1241.80085407355,15252.599609375
1025.28754365237,41060.3984375
1066.69868856863,18102.0
1930.09850248248,76026.203125
2003.67045329018,32185.599609375
1304.40098021522,16658.900390625
965.596561109827,19280.30078125
1087.09500643795,12583.5
2262.86535388854,73220.296875
1667.25884351457,26671.19921875
1017.50141451824,11227.900390625
1135.82096111861,17974.099609375
2222.72632557847,32390.599609375
981.215728469023,10569.0
1409.8331176095,15525.7001953125
990.896494615656,10580.7998046875
1931.71747894636,26974.400390625
956.214854345784,10837.7001953125
1156.71467134406,14025.599609375
1140.51855559327,15930.900390625
995.203997101329,18171.30078125
909.908171961877,17876.80078125
971.177294431885,30349.599609375
932.18029635351,12207.7998046875
1562.45234637112,31209.0
1744.93194137704,21651.30078125
1025.57991765383,11076.0
987.017859329532,13727.900390625
1093.10583261276,15918.599609375
1039.91760887325,9278.7001953125
1108.53959206859,8189.2998046875
2376.74279899646,27736.400390625
1066.3828043102,13724.7001953125
1362.13414889357,18110.599609375
1020.9161957769,13598.400390625
1970.93838158111,19302.5
1935.10986417823,30096.80078125
1015.04698825904,23079.30078125
1198.87602744623,55720.6015625
1207.97817385598,19915.099609375
1165.04198208074,19770.900390625
1140.92391253584,23297.0
1331.76290810786,15631.2998046875
1096.535878825,17596.19921875
1287.41153257022,21646.5
1949.21869251693,27436.69921875
1061.09723056507,13341.400390625
1681.01468372956,17607.599609375
1363.73819467291,64856.8984375
1105.71323577247,15245.599609375
1321.15220544591,15298.0
1801.85395047817,20350.19921875
950.853067255764,14409.5
1429.53560434044,23506.80078125
928.493531505844,9420.099609375
1170.43619326924,13428.099609375
1540.3032329923,9090.599609375
1018.31836809244,11901.2998046875
1105.83724959245,11915.0
1264.34529632325,23779.19921875
1361.80890510155,51549.19921875
902.583501260309,35798.30078125
1496.01247157691,39407.3984375
818.431823389905,8855.7001953125
1967.88984778541,22100.0
1959.87786419207,20082.19921875
922.484878079898,13069.2998046875
1907.84309154368,27361.80078125
1283.37033109959,28330.099609375
970.445245198048,13932.900390625
1652.51679815975,51522.1015625
978.794394846421,7477.39990234375
1090.03200579178,36980.30078125
2048.30384048853,28623.80078125
1984.78581151759,20728.19921875
1478.63839167085,20477.0
2028.03309636146,22956.19921875
1657.14976728348,15519.400390625
1009.68007571016,14348.7001953125
1294.23741812791,18861.099609375
1064.56293214334,14420.0
1102.89746466315,14255.2001953125
1345.02235877388,24318.30078125
1303.54525143046,14384.7998046875
1040.25956611809,9601.599609375
1730.9411100153,21040.69921875
937.791058179147,17040.0
1897.06558862252,18733.69921875
993.273593299775,13387.400390625
1367.56758098471,46632.8984375
1093.67988400587,12691.5
1102.50425282963,14389.2001953125
981.448936847473,18017.5
941.502781783036,11237.2998046875
2022.7639018001,28473.099609375
1154.651228458,19934.69921875
1851.96500470614,73275.703125
956.168836638999,24922.5
1116.19691619293,10732.7001953125
1060.39626835349,23812.80078125
1146.40848779263,52260.30078125
1098.2933541013,29429.599609375
1947.12282553238,20142.400390625
1166.71020751894,18937.30078125
1136.37573632945,30958.30078125
1774.78294808774,17621.5
1162.49217771741,11706.099609375
1799.94104009058,19127.900390625
1989.23738396663,124721.796875
1906.26712436508,23037.099609375
978.05020050353,12240.5
1464.05568123299,16563.30078125
1114.74652275658,14887.400390625
1249.29338355301,19716.30078125
1333.28282950797,19277.099609375
2005.15973336012,22036.30078125
1975.92723582704,107648.0
1105.70031070229,12338.599609375
1254.44602963665,21214.900390625
1000.21825579556,10650.7998046875
1894.9882178591,18621.30078125
1064.47134242185,18639.0
1255.74745049681,12974.900390625
1406.46803101725,79595.796875
2091.19858290076,22065.099609375
1902.30581319897,24664.400390625
1814.43171511487,16728.80078125
1117.40641306253,18427.099609375
975.304403050041,7800.7998046875
1155.20890066734,14180.0
1178.17808746489,10646.7998046875
1160.41926387474,14355.400390625
1921.62589612923,21958.599609375
1017.97429381024,15866.2998046875
1303.69355546855,14960.2998046875
1883.7151053501,22531.400390625
989.044866888428,11953.7998046875
2088.59195279781,25842.099609375
2081.50143757036,32778.19921875
1194.50044549604,20287.30078125
2030.56596442593,26346.80078125
2060.8672315558,24565.0
1972.91235178303,19899.400390625
1425.77251472487,19258.30078125
1308.51126395753,14112.0
1294.52511236258,47005.30078125
1077.83608784067,15528.400390625
1815.75196646521,24555.69921875
1178.64450422179,22366.900390625
1084.09672442375,14786.2998046875
2055.20961635074,27589.599609375
2507.93181569687,34668.30078125
1097.44720769616,7843.7998046875
1399.68236916936,50062.1015625
1057.69971987433,10770.400390625
1150.18115978783,17797.30078125
999.189932754604,39543.30078125
1707.2392054458,46953.80078125
2203.56290341272,16203.7001953125
1966.40346471396,22322.400390625
1180.00041093816,16898.599609375
1858.9798637038,63964.19921875
1278.44743928082,11568.400390625
1091.17654304139,11267.599609375
2111.2362300724,23352.30078125
1079.80348408449,16900.5
1748.28064878552,20232.5
926.465465428269,11187.7998046875
2058.73660058937,31420.900390625
1465.07330766413,23362.599609375
2086.88472930301,19267.80078125
1965.21101556625,25724.30078125
1849.4021638496,20500.900390625
1114.60345560038,15227.2998046875
1138.83629085469,16318.599609375
1086.90748149722,13773.2001953125
960.405139815628,8561.7998046875
1382.22661619048,10722.2998046875
1222.10583268487,55913.6015625
1321.97372736389,50971.30078125
1770.57416639677,18299.80078125
1909.15721462798,19232.0
1333.98379171955,18425.599609375
1164.877967397,23164.900390625
1237.24978086867,21323.80078125
1949.46894861726,56222.6015625
2147.85473667892,28687.5
1046.77201872376,15961.0
2198.49917289812,17258.80078125
2016.85580764867,98913.8984375
1073.23687989166,19286.099609375
1075.99983649005,11334.2998046875
1969.24363746442,17117.80078125
2071.58679450716,27802.900390625
1157.62343748579,17910.80078125
996.077553569103,15590.099609375
1825.16788009604,17787.19921875
1871.61010858238,22177.30078125
1409.63913013368,18127.30078125
1077.23273219361,12505.599609375
1316.64926698518,66437.703125
1268.66850945458,17232.599609375
1381.26503553782,19006.400390625
1980.5071675938,27218.80078125
2030.34066708181,29020.400390625
1143.77099351346,13582.599609375
1128.00029084863,16233.7001953125
1865.52730313739,20771.80078125
1483.9353305639,21228.80078125
2216.90202153721,16491.900390625
1271.88718620006,13808.7998046875
1624.5672252657,23176.30078125
1084.3299328022,18813.0
2051.42613632271,23177.0
1033.76137565884,19127.80078125
1397.57558272897,16389.900390625
1007.48626789204,6391.39990234375
1317.16482129339,21283.099609375
1969.56319868248,27940.19921875
1598.77168217203,30389.80078125
1030.07639357947,18633.80078125
1963.46858239749,45661.6015625
2105.24367727268,24195.400390625
1537.57492895277,21725.80078125
1159.8390842156,119076.5
1043.49417635527,13437.5
1913.48377044988,30123.599609375
2102.10377660152,30804.099609375
1453.49211050801,67796.1015625
983.412099016569,10298.5
1209.41330233875,30863.099609375
1766.73051793856,38311.30078125
2016.88098925093,22373.900390625
1288.39383790439,14885.5
969.040869468479,10684.900390625
1088.72055685993,16663.900390625
2157.24190317089,25311.599609375
1401.89166478709,18784.69921875
1121.34878231544,14221.7998046875
1680.76687893564,22706.400390625
1731.72586233705,16818.599609375
1127.90825543506,14874.2998046875
999.513728047379,13571.7001953125
1957.82300087846,76200.3984375
1806.90018757881,32992.5
1467.25820164074,19605.5
1368.56815969397,18662.599609375
1257.66069515346,20123.0
1737.05845659613,23043.5
1642.97319374932,21257.5
1085.30232148769,10861.099609375
1793.33187230454,19091.099609375
1290.87511711113,18754.099609375
2086.40650170612,30566.400390625
1125.98576266785,52598.30078125
1862.59141801374,26096.400390625
1910.53150614246,27228.400390625
1018.95548491422,16251.900390625
1682.28044922368,19055.599609375
1352.19699838056,20061.19921875
1857.31297534182,50654.30078125
1141.33539774445,14148.599609375
1118.17255774014,15032.2998046875
967.965860182627,9863.7001953125
958.071050416785,10310.5
1668.54031965435,21317.099609375
1007.94510788366,14573.599609375
1901.4440675712,20710.80078125
1896.02356055024,24301.19921875
1820.84611546395,27137.5
1102.97947200502,12037.400390625
941.700669064511,13950.0
1797.75425192265,17068.400390625
1363.16670600924,25799.900390625
1203.03767720023,20077.0
1791.11054300078,13398.099609375
1814.2994559915,16583.599609375
1608.00597628214,21549.900390625
1227.61926650354,21016.900390625
1426.58690556963,28358.0
1106.4245603248,72334.3984375
1403.88078851958,15314.7001953125
1133.71016344954,20193.599609375
850.654691902843,7805.89990234375
931.385905940629,7739.60009765625
1377.44055183886,23562.30078125
1282.99706398645,66564.1015625
986.420631948503,11682.599609375
1745.01929702381,19768.099609375
966.314571043289,12551.400390625
1757.83595261293,26263.900390625
1350.57467922613,19624.400390625
1871.01176697116,20345.400390625
1129.26850764917,18332.19921875
959.883122972322,10752.599609375
2068.33680789338,23615.19921875
1100.96427528612,9223.900390625
1679.51214432039,14861.099609375
968.420020407454,13757.2001953125
1090.34220747625,34650.19921875
1115.76804899338,15032.900390625
1112.04418028044,20954.0
1237.54716890598,22819.099609375
976.679251679616,33759.30078125
1913.09356703787,22261.19921875
961.435579893941,10804.599609375
1159.75674260467,32327.900390625
1075.7566000399,12965.0
1486.91322216565,18963.5
2014.45798428304,52297.1015625
1599.85415680015,21510.5
983.991164445525,13413.599609375
1854.62166374455,26971.400390625
1746.96641427819,33525.5
1569.48971281859,25866.900390625
1860.334767613,25007.900390625
971.479250812965,8087.2001953125
954.66384592341,16125.5
1403.23587208649,21014.599609375
1668.15201043366,20582.5
1208.56827016381,16512.599609375
999.941146747683,13174.400390625
1013.49308283818,15109.2998046875
1042.2488012736,17481.400390625
1011.42473733929,36032.5
1009.43483364567,13008.400390625
1246.64173855045,32217.900390625
1215.95205077687,16631.69921875
1713.99411454048,22266.099609375
2037.85882385561,29015.900390625
966.649731483986,5040.7998046875
2116.29684074247,24061.900390625
997.595023662804,16305.0
2020.54636087897,25144.5
1501.19185918508,46020.6015625
1733.06472133153,33689.1015625
1088.07018069891,34501.30078125
893.930278193498,8329.7998046875
1080.74768274621,13858.7001953125
1837.29215304603,34164.0
1335.36053454045,36343.0
1796.19789519537,17246.5
1226.2765077034,20620.0
1091.18935668856,13429.099609375
1582.5605243137,21483.80078125
1108.65970608291,19289.0
1167.7403133282,18277.0
1042.5154365577,19208.599609375
1072.81046399852,58337.6015625
1316.19076126262,19055.0
1906.70390259897,23249.599609375
1292.08093702111,11645.7998046875
935.537639045951,13228.400390625
1080.58723359907,28201.5
1544.64861930438,22649.400390625
1188.61797863894,21457.900390625
1014.11058920864,13814.2001953125
1016.72490749988,7961.10009765625
917.278136120607,7736.2001953125
1347.35031990668,15827.7998046875
1161.2111472697,14529.900390625
1896.33309369661,22929.69921875
1172.69718916772,17588.19921875
2030.64017215648,112091.8984375
1115.8343456896,12514.0
2114.17467792548,17465.0
1743.56589516595,18441.0
1198.28169706369,19204.599609375
1681.73235939396,48403.6015625
1407.80867278004,16140.599609375
1046.09779803671,12487.5
1908.03875036478,38278.0
1586.0926340112,15875.099609375
1700.23649155719,20250.5
2113.41009317014,16099.900390625
2138.82813507595,112175.296875
1066.53901938262,38039.3984375
1079.26085398269,18496.5
1072.47886909443,16979.900390625
1510.73033813664,25765.400390625
1156.96381321421,9288.2001953125
1444.48589931749,29661.099609375
1628.80776251705,31812.19921875
1240.92261783898,44416.30078125
1095.12994317317,16667.5
1091.58123144585,15891.599609375
1409.39132533976,20436.599609375
1552.2271673544,18036.599609375
1289.538375154,8093.5
1179.20072793189,16183.599609375
1146.61840876014,12048.400390625
1016.27420138864,12482.7998046875
1764.20678656164,32401.0
1184.72017859358,35955.6015625
1405.85966133434,20862.099609375
892.68841293692,24035.599609375
2131.94263820317,28343.5
1020.22414740683,13502.599609375
1992.147976065,47255.3984375
1217.00499830499,14073.7998046875
949.109854125876,10327.400390625
1960.72735328777,100599.5
1469.35941693019,21699.400390625
2028.02128552146,24685.69921875
1896.54635735468,18784.30078125
1027.98665486096,48760.8984375
1203.47556966431,10322.599609375
2102.93499232213,79292.1015625
1268.39830863387,15817.2001953125
1142.14054047865,23004.0
1302.63704240382,18014.30078125
2058.32232980529,26025.400390625
1006.46897572995,9498.400390625
1875.79382009411,19946.69921875
1195.84175579694,16381.400390625
1382.30438945764,22535.900390625
1794.18726682025,20045.400390625
1092.93178985732,16344.599609375
1279.58662822553,17963.0
1075.32060176715,19682.0
1148.45577434096,11391.5
1519.65665902265,15879.400390625
1944.86405809428,25872.80078125
1039.14957000432,19665.80078125
1804.11093514797,14465.5
1133.8819777446,23040.80078125
2059.84659670314,27656.400390625
1400.50355681828,24952.900390625
2040.52205685214,63046.8984375
1620.72569384486,20371.400390625
1814.06011934701,19641.80078125
1961.75690198194,18099.599609375
1461.76772096395,24782.5
950.800921282943,10822.5
1827.09260132363,25845.0
989.49668722986,8480.2001953125
1602.5671958861,19659.0
1928.44320211447,24394.19921875
1982.45840749988,26131.400390625
879.772980841598,42906.3984375
1709.50476968805,36572.8984375
1769.62640219844,17243.30078125
1841.02950394425,22226.599609375
1669.11258827916,25673.5
2067.99629914778,61861.0
1485.94517897789,24593.5
1552.71163464035,22849.30078125
1105.25149878236,13424.0
1032.81505995975,12206.7998046875
1013.5801042159,23650.19921875
1913.46415999856,17734.5
1792.72183127635,20667.80078125
1521.680435314,18358.400390625
1126.00537311917,12912.900390625
1799.21322493146,16546.69921875
991.222741214845,8535.400390625
1981.85471758375,26416.900390625
1041.63441474767,16255.400390625
1708.48636329577,34084.30078125
1044.25330138269,14830.599609375
1177.68537487554,18521.5
1577.20586829688,25584.19921875
2109.85926440547,24347.0
1225.10801450473,20922.30078125
1031.58851536827,14842.900390625
1126.58945258397,17640.30078125
914.517018002026,31609.19921875
2107.02644557426,15934.0
1322.45607761248,18777.80078125
1296.83558008143,19742.900390625
1941.08949190776,25317.19921875
959.622504531234,33641.8984375
998.652650957716,10782.5
1052.7493065699,13768.7001953125
1196.45079401797,23310.0
1163.97655517451,24954.400390625
1590.15155174182,64317.69921875
1662.45751420936,19601.400390625
1792.51859568997,18793.599609375
1497.58387041174,19618.69921875
951.024213012716,11176.5
1683.82856064757,21331.30078125
1041.0044289991,12546.7001953125
1090.26198290268,17601.5
1565.00527057899,37419.30078125
1114.03085270651,15027.900390625
1211.97224338963,16219.400390625
1191.36945866639,16926.69921875
2162.15677253231,31844.400390625
1962.94957397569,23830.400390625
1047.63911265644,13459.7998046875
1232.01880440278,40193.0
1234.7228182242,16518.0
1018.98155790063,12474.400390625
1911.7896948713,29911.0
1729.12625188429,18722.19921875
1033.37919470418,15989.5
1131.68493865894,13665.7001953125
1139.59118180739,29401.5
1384.73173992326,19153.30078125
1010.83497530052,12905.400390625
2041.48430604291,65133.8984375
965.456390952116,10968.7998046875
1465.7736013376,21904.599609375
2126.63711973767,24788.30078125
1451.80093192793,24175.19921875
1047.7689204734,19703.19921875
1877.01679914899,23370.30078125
1061.39250156502,15117.2001953125
1599.04979402708,39550.80078125
1768.83563303367,22602.900390625
1106.74501292701,14370.400390625
1209.72773809795,46657.80078125
1086.63115241048,15250.5
1537.40835153959,13551.900390625
1023.5657237421,11680.5
878.244424157522,8747.599609375
1062.20900944714,17500.69921875
1087.81557910084,12228.2998046875
972.644512744085,10946.0
1052.69014094689,11748.099609375
1366.63207331845,21614.900390625
1889.27021137782,17054.599609375
1108.51140204482,16398.19921875
890.42752846146,8984.7998046875
1003.32595521427,12749.7001953125
1039.68484618687,20797.80078125
1088.44389350413,45232.3984375
1473.24083779178,72909.8984375
1797.99815691091,63591.69921875
1038.54810854858,14106.0
1098.61915500841,16523.400390625
1182.26419241211,40340.0
1084.72648732628,12587.400390625
924.576789547274,9403.099609375
1233.52056385083,20392.69921875
1043.06029511987,14820.7998046875
1119.73002869761,16321.0
997.096294230437,7997.10009765625
1262.74726738692,54644.19921875
1136.09795874346,63432.69921875
1097.59406323501,9832.2998046875
1028.05763132397,10927.2998046875
1319.25600851115,20772.900390625
1052.90084187554,14222.7001953125
1891.77566937966,26664.0
1724.80159025371,84608.296875
1978.56261306885,96617.0
1623.92476013902,26066.099609375
1026.92769048982,14749.7998046875
1779.9593272744,54027.3984375
1424.84012690314,25200.30078125
1251.96686746727,29150.0
1210.34212462388,12326.599609375
1874.77519085579,29124.30078125
1433.56432643296,18916.400390625
1024.61688850192,12380.599609375
1693.11789772898,15776.2998046875
1084.76994230363,40398.19921875
1551.51004880508,19051.80078125
2287.0724504255,32642.69921875
2213.14572872578,26168.80078125
1120.65851671367,13393.900390625
1195.73868950451,12340.900390625
2170.78603965006,29464.0
1445.93027591083,24666.80078125
1001.12312213163,11251.400390625
1157.92405679065,11125.7998046875
1097.81557219648,10787.599609375
1057.31854172685,13744.2998046875
1921.0612042697,33715.19921875
975.388527429272,13990.7001953125
1623.24329695574,25540.80078125
2066.83103721666,93047.203125
1887.90282809051,22923.30078125
1171.41571302794,17211.400390625
1046.73491485849,32166.400390625
1015.82639227589,28195.19921875
1238.38752131414,19003.0
1858.65361710461,22799.80078125
1374.64840240953,22083.30078125
1044.23870496722,10828.7998046875
1510.24364239031,17267.0
2090.29516506394,21083.400390625
1209.31558435122,19673.80078125
1557.27128741768,20063.19921875
1389.35980643416,14895.2001953125
1070.64573758833,11723.7998046875
1922.23181450573,22516.30078125
1559.85875276138,23036.400390625
1197.48479963289,11479.400390625
1546.29946275164,31091.599609375
1232.10471155032,19658.19921875
1935.83322241659,20284.0
2068.28533045867,57495.19921875
1771.65953802337,25919.19921875
1588.48722610928,61921.69921875
1119.31286091504,14820.5
1779.14281939227,26949.5
1063.59566891671,15923.0
1533.23210537012,18873.69921875
1699.88027216593,24186.5
1161.19900216065,14423.599609375
1784.2676097212,20578.5
1083.01681252506,14649.0
1941.82109544952,22375.5
2091.52304673165,41325.69921875
1429.67499453702,14678.900390625
1077.55039922035,11911.7998046875
1750.14754146633,18106.30078125
1884.35400494018,28429.5
1563.56334529206,20671.0
1908.25557955946,29916.099609375
1425.41596106455,16867.0
1124.98496111255,21323.5
1945.94753552957,33560.5
1385.94725363588,23496.0
1034.24740286705,14483.5
1826.15620227323,26765.19921875
1085.64528153971,14228.400390625
1022.25605757855,11081.7998046875
1411.9121597182,21089.099609375
1369.92406641034,16357.7998046875
1315.22728641863,56913.30078125
1919.2534772119,50519.19921875
1049.94244930208,12149.0
1070.08238280503,10241.400390625
1133.26770264169,46790.6015625
1851.09111396931,20752.30078125
2124.34849093052,18993.599609375
1439.99655446506,16272.5
944.845472348498,13069.0
1051.8731873727,13684.2001953125
1246.43917150219,16187.7998046875
1487.80360350927,18857.69921875
1954.6877799741,22151.5
1146.63021960014,9324.099609375
2188.54709170059,76839.5
1084.9175778036,16213.5
1277.2650182048,23976.19921875
999.680194037539,12745.900390625
1884.76471018766,37244.30078125
2094.56957491301,144717.796875
1272.54246497391,19760.599609375
1196.6354219602,19174.30078125
1084.88827354965,11446.2998046875
1624.5134079476,22430.900390625
1276.2524058095,21258.5
1973.54902291273,82864.3984375
1997.30441053128,15210.2001953125
1605.78754397686,21337.0
1199.36695726728,20584.5
2156.54706922535,21882.5
1043.28247261946,16852.0
1139.55407794211,14927.5
1952.36171303261,23583.80078125
948.588505820683,10176.599609375
1860.70056938388,27757.80078125
1208.533951874,49864.30078125
1006.68435642539,6960.89990234375
1849.66913340276,21747.0
1063.46976090541,10818.0
2349.77374866828,40232.1015625
1216.54682685149,16616.599609375
1935.75790045585,21833.400390625
1347.58954512815,22279.099609375
946.642837065546,8778.400390625
995.723562638221,13352.2998046875
992.254629792403,10868.599609375
1838.09049897608,25010.900390625
1414.49650521738,15085.7998046875
1363.58387379181,23076.19921875
1146.72894039484,24145.400390625
1871.92320726534,16782.19921875
984.920320999705,11585.099609375
1205.9571831401,16553.599609375
2180.5016812016,42104.8984375
1060.69220789155,16133.099609375
1952.07357310587,28800.80078125
2328.78276614737,37043.30078125
1175.02147334091,16285.900390625
1128.74582226775,29338.0
1214.12081346209,13249.2001953125
1882.94517228986,45742.1015625
2319.82368689382,30340.099609375
1064.76405069236,13504.599609375
1021.79900035524,9810.900390625
1175.29780242765,29776.5
1903.01134375432,20199.400390625
1824.90971296137,22129.5
1142.26277153033,15744.7001953125
1287.40117022947,24833.599609375
2124.58515342255,28618.400390625
2055.81754034157,24752.599609375
982.037918925107,10586.900390625
973.668490287304,10961.5
957.652545557989,11655.7998046875
2140.55452332999,17194.30078125
974.70539290071,7099.2001953125
1984.20574328146,23311.400390625
1427.83551191885,19666.0
1003.00717395734,8971.7001953125
1764.28244279144,19102.099609375
1899.18663720932,21107.099609375
2047.98182796406,91740.3984375
1367.13971659233,22519.5
1955.65515462374,15302.2998046875
2149.60207246051,16223.900390625
1928.75251241479,36634.5
1084.86832882927,15479.7001953125
1965.90986074046,30616.599609375
1298.38447146644,30488.900390625
1483.83549553901,20744.400390625
1497.56882830419,19655.5
1951.37249947127,25108.30078125
913.199886496215,10190.7001953125
1989.70268649335,29039.099609375
1063.70898612688,11475.900390625
1716.42826181025,36752.0
1098.35318826242,13943.2001953125
1025.86337781378,11503.099609375
1646.47388215551,17625.099609375
1167.31356316601,15094.400390625
1027.00501806491,11826.599609375
1772.36473430967,20083.80078125
1207.73995144168,15590.2001953125
1082.86382872018,20489.099609375
2080.90710718782,27673.400390625
1182.27310625362,43914.80078125
999.230602156484,26038.69921875
2086.98055309922,24205.900390625
1082.6570275972,11283.599609375
1427.46436184307,71353.6015625
1194.7171632677,16951.099609375
1344.18657470949,15248.0
1087.55351216051,15148.2998046875
1187.68559081722,17671.69921875
1245.50678368046,20103.400390625
1019.23571380662,55155.5
2169.46991095142,15844.099609375
1065.21620530285,14775.900390625
1144.74828481178,18472.5
2223.51252639947,24104.30078125
1731.90770470381,75650.203125
1316.7398538995,23845.099609375
1871.68431631293,30492.0
1324.78615578265,25392.19921875
2165.75640457923,17310.599609375
1939.62160505745,28373.099609375
1748.16443457686,18693.400390625
1219.23557571933,14089.099609375
1113.9681215469,9531.900390625
1302.9974958698,20677.0
1461.12235883877,20321.30078125
1453.54124805933,15404.5
1086.1583845415,14637.599609375
1962.74054439233,22455.599609375
1458.35828801019,16370.099609375
1644.69178239205,20060.0
1128.3151722999,11671.7998046875
1045.71372289074,12783.2998046875
1041.07039142626,14058.099609375
1357.34630177364,23070.30078125
1677.29972885812,22861.400390625
1042.46095070149,25945.400390625
976.579750923784,11341.5
2213.75008718002,26921.5
1125.6904916679,13398.900390625
1117.13465231956,10604.5
1189.37955497277,73574.203125
1258.99955414795,17130.099609375
1116.14488164313,11900.099609375
980.704073966469,10046.400390625
2170.08229186302,35131.1015625
1514.95661324157,22756.30078125
1681.30026092687,45051.19921875
2084.24288952611,30120.599609375
979.002978737706,9547.400390625
2271.62119755571,20093.30078125
1902.03862079977,20255.19921875
1073.69538561422,15060.900390625
1271.58055005219,16270.400390625
1284.78295213256,14821.0
1048.83858145435,38752.0
1057.78986109658,13283.7001953125
1371.65268312476,21230.099609375
2059.73561937637,29032.599609375
1216.9536322933,21997.099609375
1359.54445508949,14605.900390625
1084.00223770376,52600.5
1926.17128676014,24385.30078125
2082.47950882981,26921.400390625
1611.53374048191,24415.0
1093.27764690782,12447.7001953125
1935.81182919697,34058.6015625
1019.71995824654,14383.400390625
1254.88915898262,27805.599609375
1775.92247130151,36325.3984375
1375.92519878251,12831.0
1062.04388053321,13364.7998046875
1916.84852277307,19653.69921875
2116.89607373784,123033.6015625
1548.38351889619,21558.900390625
1484.92978100712,29943.19921875
1052.76356871632,12236.900390625
1239.07812118496,12662.400390625
1096.88953548682,18449.5
1379.53853586076,14129.7001953125
1180.13879832757,18400.099609375
1158.04996480195,15236.599609375
1683.18397848353,14150.7001953125
1537.29960267319,22154.69921875
1585.23612526531,23103.900390625
1126.21930531536,15220.5
1102.22970651119,14538.2998046875
1147.53586589734,55336.6015625
2328.03912891957,34152.3984375
1205.71260961373,18775.400390625
2385.65530342813,77792.8984375
1370.70848446303,38418.0
1255.8957545349,23199.80078125
1868.5180083863,32406.69921875
1585.93931593727,30663.599609375
1233.86174113454,17859.19921875
1982.51189054892,25601.400390625
1204.92496029349,18235.0
2201.25109861764,62405.30078125
1851.83809388767,24766.599609375
1780.60435513051,24905.400390625
1416.66758273964,17348.900390625
1373.63300443876,19209.900390625
1304.08721299414,69587.6015625
1923.4369658776,24782.19921875
1981.95767245317,19111.19921875
1991.397207764,24152.900390625
1606.43468887034,40760.5
1101.86245624106,15182.7998046875
1870.19347632073,21003.599609375
2061.23359044177,26403.900390625
1100.8790366767,19639.80078125
1182.10664026346,16974.80078125
1040.97835601269,9769.0
2385.14208900331,26533.30078125
1963.57131442087,24929.69921875
929.991781128793,8026.7001953125
1982.20703716935,30093.69921875
1860.19749445378,24643.69921875
1258.98674050078,20583.0
1976.78920430085,33200.8984375
2062.72532181812,34581.5
990.510748124402,16668.80078125
2251.73798268819,31669.599609375
1188.87681431173,16399.400390625
1678.20827215382,20875.099609375
1998.9532483642,19797.69921875
962.513709024321,19481.69921875
1393.03409190372,27712.400390625
1003.55593232517,14441.5
984.032836654575,11293.099609375
2205.92930548703,25532.400390625
1035.654007057,12057.400390625
1047.93081811979,13813.2998046875
1125.90843509277,54572.80078125
1752.037275866,18677.5
1551.76398186504,18747.80078125
2031.77891540911,23415.80078125
1762.02579239069,88114.703125
1077.85848386746,10841.7001953125
995.399767345446,11933.7001953125
988.230587466682,8818.0
2223.4258392908,15746.099609375
2156.39375115141,44063.69921875
1052.53281164428,14260.099609375
1061.76688290835,12744.5
1692.10093983595,7509.7998046875
1057.16266092348,11261.7001953125
1022.97674166447,14559.2998046875
1121.92461647685,14185.099609375
1266.9667456877,24257.400390625
1097.52498096332,12723.400390625
1250.72717495956,21905.80078125
1830.82315541771,28228.5
1115.3040835429,14915.2998046875
1175.00654265638,20074.19921875
1094.07064453297,15692.2001953125
1080.14221006179,12236.2001953125
1457.52294963789,21696.5
1143.82770783006,17396.599609375
1346.31419725441,15205.900390625
1116.87871364527,14443.099609375
1233.51231854743,22181.19921875
1300.44925142873,17430.0
1334.45845377985,12794.2998046875
1174.15616217653,15262.599609375
2320.21455884394,29174.900390625
1176.54117189499,35509.8984375
1239.60693483242,15617.7998046875
1093.43453051836,13316.900390625
1011.79053911017,14019.0
1049.67013144402,12214.2998046875
2060.88193939429,29484.099609375
1588.29535567082,18495.900390625
2171.31507614356,17386.900390625
1045.4770603987,48512.3984375
2013.71390136317,19636.0
1576.39827425627,26716.30078125
1880.20795440882,24476.80078125
1088.70629471352,13683.7001953125
2528.80736397025,65540.203125
1117.05699047542,14600.099609375
1454.8345350391,15437.2001953125
1360.46503207121,19463.69921875
1296.31891154302,21398.400390625
1882.66683758877,22106.80078125
1180.49212072034,17758.099609375
1209.64862775456,53568.8984375
1137.1013230282,15774.7998046875
1709.26053043073,17133.30078125
1729.75345205739,24058.099609375
1224.50087047502,15177.7001953125
1964.39205637771,13261.7001953125
1272.18379427624,82206.3984375
1086.59371427615,16175.5
1611.82221467771,22223.099609375
1028.05863413114,11772.400390625
1865.56685830908,19602.900390625
1504.54168082374,55563.8984375
939.320339112846,9237.7998046875
1231.07850554672,18381.0
1153.6415130612,12834.2998046875
1242.23473530895,56590.69921875
1805.22405110627,21256.19921875
1049.91715627681,67340.703125
1968.78769447129,19322.69921875
1082.29657413123,16779.599609375
1390.1574838261,18375.19921875
2088.26771181296,23411.69921875
1199.28818119295,16774.900390625
1426.12372008028,15983.599609375
1135.81449858351,13310.400390625
1072.0459906662,11896.900390625
1408.34595457693,18157.80078125
1084.53071708216,15659.2998046875
1873.4120416432,23892.69921875
1832.50575442534,23192.0
1258.3342473024,13848.2998046875
1136.41607146228,13458.2001953125
1913.77503022115,24054.0
1348.53340952082,13403.7998046875
2162.93873927859,24950.400390625
1013.66924263098,14385.400390625
1078.62585419827,15856.900390625
1082.55864107156,12172.2998046875
1289.80222486264,47497.80078125
1845.38447263595,22669.69921875
1192.96436775819,24534.69921875
1025.76565982625,11064.7001953125
1583.03763768041,31601.599609375
1302.44918319404,18208.400390625
1170.08821918138,16132.900390625
2012.27765865021,15183.2001953125
1921.12003562365,17288.80078125
1072.91486736718,15428.400390625
1046.68042900227,60426.3984375
912.791632555154,9266.099609375
1460.21916384799,16939.5
1674.25364636884,23879.69921875
1390.94045337955,39545.69921875
1160.63275037886,19381.0
1296.99068092366,24645.900390625
1092.27717962158,10042.7998046875
1171.640676103,17115.099609375
1345.52476516586,14727.5
1621.4979667885,16540.69921875
948.322873343748,10806.5
1364.88774595838,21785.19921875
1675.87206571762,17084.400390625
960.167251670386,12289.900390625
1157.21061520096,19365.80078125
2001.97816047991,21335.099609375
1905.82076375157,20621.400390625
1035.0634650571,12400.7998046875
1614.30561092181,21150.69921875
1996.26951353221,36752.8984375
1940.3596711343,24638.0
1628.00328832096,22847.19921875
1051.7608729697,15232.0
1199.12739777675,37713.8984375
1077.41992286527,9279.7001953125
1531.62828243681,26400.69921875
964.961115633333,12848.900390625
1589.28234077178,53188.80078125
998.426907921528,13426.099609375
992.27814004938,9792.0
1046.24677061291,10878.2001953125
1783.87150088919,17507.69921875
1897.31896456738,27673.0
1224.70689163687,17090.69921875
1640.3022725645,38178.3984375
992.872136162863,13241.400390625
1034.50089023493,11153.2998046875
1079.67189349923,15157.599609375
1519.8816220977,17791.900390625
1098.73146941141,21635.80078125
1032.0285248697,19023.69921875
1358.14966173954,24038.099609375
1197.77037683019,36269.3984375
1002.78332511248,11347.2998046875
1733.20088026057,20638.80078125
971.616523972186,11894.400390625
1792.57709277486,16987.099609375
1183.92784950654,66787.3984375
1324.25812209632,21714.30078125
1539.6239982694,20316.400390625
971.998816349856,10977.7001953125
2064.88314000114,25044.5
1090.57853569923,14570.7001953125
1445.16936811511,17336.19921875
1913.09980672692,24332.400390625
1949.16520946788,25680.900390625
1227.8306359703,21396.599609375
1877.17368275953,30403.80078125
1096.38222648201,17610.5
1057.79487513243,22959.19921875
1170.76711963523,19175.80078125
1641.05281801947,16777.900390625
1911.39681730684,25685.5
989.504821110236,16018.7001953125
1077.88455685387,8993.2001953125
1429.6464702442,35254.8984375
1892.05600969508,34536.69921875
1461.37651474477,18451.69921875
1283.92332354214,42041.3984375
1028.20482113187,16243.900390625
1523.15589892959,22076.80078125
2155.82571660132,45963.6015625
1782.41386495661,32367.400390625
1956.57862860396,18576.0
1358.25306230103,18875.599609375
1283.97825509043,20768.69921875
1118.40153204387,17217.400390625
2048.26773943042,22973.30078125
2042.05300913112,27768.30078125
1654.6977923307,15098.599609375
1802.46220873807,54319.0
997.137966439486,11678.2998046875
1822.02697661771,21176.400390625
1011.10350477595,12518.900390625
1259.4455804924,17398.099609375
1697.95844793683,22109.5
1864.8422744175,26800.69921875
1950.15642864356,17552.69921875
1553.67221248584,24245.69921875
1968.42445542984,30593.900390625
1991.26795706213,20567.30078125
1641.33126414357,16585.599609375
999.513282355303,13587.2998046875
2054.97674224134,31036.599609375
1710.91237668516,16801.400390625
1879.74666311078,24028.400390625
1276.20360252724,18513.599609375
1934.48611811871,26283.69921875
1358.90945530507,20357.19921875
1177.93451674569,20665.0
1262.88988885105,11179.400390625
1465.929704987,11162.7001953125
1277.09353817879,23847.900390625
1724.98554965783,16974.400390625
1032.10340113837,14204.2998046875
2197.08722040327,26931.80078125
1748.19006187119,24648.900390625
1967.99012850237,23482.400390625
1077.67452446334,19041.599609375
1086.89856765572,12624.5
1974.987048394,27198.19921875
1431.4039455205,14959.7001953125
1054.97342144914,16367.5
1925.58408745081,42637.3984375
1182.31622696191,30305.69921875
960.197558731513,14330.2001953125
1765.9196926304,19327.900390625
1795.36389389929,41425.8984375
961.495748324119,8040.7998046875
2229.95968511609,76034.296875
1227.26126434398,17602.80078125
1369.24126615083,12990.400390625
2175.67149333451,31682.69921875
1195.23271757592,15717.0
1035.99161880411,12668.400390625
1429.18150198654,21240.19921875
1473.35136942648,18787.19921875
1843.02085613711,21341.900390625
2122.03846890375,19108.900390625
1186.58094300835,17150.599609375
1557.30337724711,20955.80078125
1696.43061550238,19336.0
1231.54057680588,18689.69921875
969.469068129915,7967.2001953125
1296.72749975314,20643.0
1934.90261736317,22861.400390625
1417.97858597942,22423.69921875
1352.54887227409,22619.30078125
1119.28110535466,13547.900390625
1018.16861555511,15459.900390625
1835.79852747836,28118.599609375
925.205048239052,7518.0
1495.31006086609,23616.69921875
2130.82127694148,20067.69921875
2070.21829698966,96180.8984375
1252.45924578756,20172.69921875
2224.64035019626,17831.400390625
1123.97869982933,17188.400390625
1147.4356966034,12378.7998046875
1773.16096320236,28445.80078125
1055.53610769433,14156.7998046875
1978.95348501897,21564.400390625
1342.4084861747,19098.599609375
1396.73723593515,25209.69921875
1143.22936621884,14710.0
1904.19265060016,25577.900390625
2120.60512318928,24470.400390625
1855.91027095753,26939.400390625
1217.00566684311,15380.099609375
1710.08305515587,19318.30078125
1120.65885098273,32629.30078125
2107.61409057567,20409.400390625
949.325903359424,8493.599609375
1815.24142619284,25177.5
1850.51238280941,20347.19921875
1060.1977125339,15660.2001953125
1231.36519697422,23633.900390625
1478.27002717054,12630.7001953125
1385.43236786578,23558.69921875
1138.77924226904,17041.400390625
1251.30078066059,15904.099609375
1526.3669989098,22209.69921875
2057.61546217372,35978.3984375
1872.94896757686,27782.30078125
2024.55692101942,18293.30078125
992.540875527826,10331.2998046875
1213.44726131315,19332.400390625
1747.11828385289,26328.599609375
1201.6022144484,17943.400390625
1155.64712740047,18998.0
1095.29117228144,12790.900390625
1204.81086312219,19894.099609375
1184.71939863244,14848.599609375
1805.23797898362,18509.400390625
995.558767993343,12148.2998046875
1302.03056691223,71144.203125
1019.94458705254,14857.2998046875
1164.18302202844,22216.69921875
1492.96471774234,21445.30078125
1512.23432604506,20325.80078125
1182.87323063314,61687.8984375
1502.50074538749,18655.5
1406.45622017725,33415.1015625
1032.44424415302,14062.099609375
1828.24850372117,20168.5
1268.0934552543,23854.400390625
1110.81652145876,13983.7998046875
1412.57256395091,17900.30078125
1039.61386972386,10800.7001953125
823.34981259585,7229.7998046875
2199.71078680508,28232.30078125
968.924543836801,12223.7001953125
1597.50547098584,19047.69921875
1402.06281054405,21137.099609375
1048.58832535402,16379.2998046875
1274.54774504413,17724.80078125
1113.56944998546,59684.19921875
1224.93686874778,20463.099609375
1089.62731738732,19628.0
1055.13676759477,12382.7001953125
1233.6179475693,24786.900390625
2299.06112156154,26341.80078125
1414.02340307934,17507.400390625
1392.37736463062,28818.5
2117.84851770296,19752.599609375
1153.64931267252,50141.1015625
1628.44831185824,56298.0
1170.88333384388,18370.30078125
959.219933164134,8320.2998046875
1139.22070026972,12593.7998046875
1318.39248011507,19846.69921875
1723.03776386534,27676.900390625
1062.64723618027,22428.5
1557.84355604248,19970.599609375
1213.4540581173,17372.099609375
1474.03528391617,19933.400390625
1123.01567067742,18177.69921875
1034.28695803875,17559.80078125
988.863804482799,11920.2001953125
1900.47869853589,22642.30078125
1046.44866912306,9339.7998046875
1161.7006285915,14310.2001953125
1063.7611320997,15679.599609375
1836.0110111753,23350.900390625
2050.8266804813,21973.80078125
1122.96252189743,12919.7998046875
1817.71301159695,19419.19921875
936.250412097526,12473.900390625
1443.06325021283,14487.0
1130.74753680137,15866.099609375
1055.06400836347,10647.599609375
998.308910944568,17234.900390625
1610.4027968406,17601.30078125
1058.18819838897,17769.30078125
2016.79185083585,17892.30078125
938.824283832932,10306.2001953125
1389.03389410403,28975.19921875
1159.0180079897,19509.599609375
1147.23847786004,32368.80078125
1807.89786928958,22237.0
1751.0902916288,22721.099609375
1619.80935093784,23336.599609375
966.720373677936,7654.5
1190.6624796118,16445.900390625
1539.54377369583,19655.30078125
1173.30399892837,26372.69921875
1941.94588923063,18079.30078125
1178.15992551282,26242.80078125
1180.69145650106,32620.19921875
1786.30854515745,17199.30078125
1169.01176139628,16462.19921875
1747.33110181889,31601.69921875
1199.43693092312,19593.599609375
1135.60702892242,13149.2998046875
1438.54783237399,16852.400390625
1358.56783232928,23008.80078125
1124.80445582201,21030.19921875
2090.68403139972,24240.5
1623.98960833599,18887.599609375
1335.16543283444,16854.599609375
1555.90033859376,21715.5
1049.88261514096,10307.400390625
1546.76576808553,82546.296875
1248.97181672062,16606.19921875
965.006799071061,13547.2998046875
1714.62699728754,24757.80078125
1438.59563284907,23036.19921875
1142.92317576304,17151.80078125
985.444454880369,14683.7998046875
1159.50826927264,15993.2998046875
1179.54079098541,46077.69921875
996.6875945973,39566.19921875
920.788406906417,7674.10009765625
2144.07170234297,26287.900390625
1031.7482959773,9038.7998046875
2090.95478933552,21064.599609375
1024.00785028089,13828.400390625
1724.59367490054,21473.19921875
1748.36299039644,21547.599609375
1623.81133150583,21615.19921875
1845.63695719666,21837.0
1908.59430553676,23718.19921875
1007.35077750112,8057.89990234375
2304.25588554631,80365.3984375
1236.84687523252,49060.5
1819.18134413933,24400.599609375
2035.93432547406,62278.1015625
1983.1100093141,24103.400390625
1595.6047057073,16799.80078125
1886.95328112388,64849.19921875
1059.79837243435,13426.7998046875
1127.28863202725,14316.7001953125
1358.54187076589,19157.30078125
1414.52469524114,27113.80078125
1079.58854908113,12185.7998046875
1267.18569191974,16267.099609375
2153.80650865375,18654.30078125
1771.53797550981,25104.599609375
1903.16644459656,19195.69921875
1300.04846282993,34613.6015625
1985.8363077393,26011.19921875
1475.55275400987,16320.7001953125
1129.17624938956,9232.400390625
1361.89024390531,22945.5
1240.63057810658,19401.599609375
1405.38444215895,17768.400390625
1607.8142172667,16694.30078125
1715.90345939147,23575.80078125
1032.68926337147,72477.796875
1068.73862119771,10579.2998046875
979.12554405844,11933.7001953125
1682.4525977878,16966.69921875
1070.43581662082,8145.10009765625
1416.4604473476,17797.599609375
1050.19883366846,11590.7998046875
1098.81525952159,11964.2001953125
926.672266551252,10934.2001953125
2090.46096251598,137475.0
2020.76385861177,36560.5
1419.05682653282,15123.599609375
1093.4755341893,11446.599609375
1027.87824026362,12209.5
1467.04504940568,13956.400390625
1113.80978943712,13613.7998046875
1583.44020904751,28932.30078125
991.245582933709,10953.2998046875
1449.413136634,32901.80078125
1276.21719613554,19061.30078125
1660.67608298401,17922.69921875
920.123100060871,11543.2001953125
1783.43795392285,37884.1015625
925.6475090469,12277.900390625
1902.73969443437,26650.400390625
1515.13444437966,47451.69921875
1028.76427610951,12449.2001953125
1940.77617037876,20642.5
980.715104845335,11649.2001953125
1091.89811851146,9987.599609375
1118.56911226422,15955.099609375
1027.08201137093,7448.7998046875
970.907427880233,17508.400390625
1352.78386342084,15638.5
1151.13705786653,24735.599609375
1976.71432803219,25327.599609375
1502.19589200792,25182.400390625
1082.73546940247,18557.80078125
976.407602359663,11654.7998046875
1140.01046662732,12449.7001953125
1667.20179492892,20245.30078125
1048.6343430608,9040.7998046875
2025.85299357466,31250.19921875
1245.01473962922,16720.19921875
1621.96371500728,65082.6015625
1154.20130230789,17084.80078125
1122.14033144134,17580.900390625
1667.48269235944,17725.69921875
1176.94118053265,64862.1015625
1810.72567408494,20015.19921875
2097.95393768752,17216.5
1571.49956123258,29182.19921875
1061.78404205325,12840.400390625
1160.66027186451,16948.30078125
1054.82901721671,14206.599609375
1084.99958514548,21970.400390625
1927.80898229118,30318.5
1652.89507930875,20743.599609375
2012.44122764188,78895.296875
1961.60603521441,22735.69921875
1130.26373805353,18538.0
1149.67875339584,14275.2998046875
1036.48511135459,37587.6015625
1831.74874643528,21206.5
1230.70312139622,15267.900390625
1042.96190859423,13229.599609375
1224.72616781913,33902.0
1768.26046741037,31838.400390625
936.062107195672,8088.10009765625
1070.16762141445,12841.099609375
1589.95477869054,20797.0
2160.24230222245,135623.90625
1924.68601791889,22368.80078125
1028.66622385292,13673.2001953125
1906.84139860423,23897.30078125
1406.61455228704,14293.2998046875
990.587741430426,9944.2001953125
2080.56659844222,25261.30078125
1181.76646578692,20625.80078125
1624.75909570416,20233.80078125
1130.72324658326,11390.2001953125
2007.55109419065,27601.69921875
1383.01571400997,20494.099609375
1705.59794437815,25972.900390625
2026.38849260325,19336.80078125
1425.66131455206,28279.599609375
1205.7756750424,17316.30078125
2034.96761936253,23962.19921875
1690.41666948303,37084.0
1207.37626670816,16717.19921875
961.877706432733,14951.400390625
1090.8880688456,14167.7998046875
1679.3969329189,24158.099609375
1063.99322624797,14647.900390625
1085.01596432925,34824.5
2115.68312275465,28091.80078125
1399.75624263086,43334.0
1942.13998812947,15492.2001953125
1292.16049305657,19312.0
1955.78418247957,34278.30078125
1917.40608355939,40069.6015625
1216.85591430577,16805.0
1275.19488993761,14861.7998046875
1779.17635772095,29353.30078125
962.093421397224,27926.400390625
1050.69912302309,14966.0
1236.37477590166,16130.599609375
983.731883080664,9764.599609375
2179.14142898749,32569.900390625
1048.81540546643,9890.2998046875
1154.47440012709,21536.19921875
1433.39529771336,18144.80078125
1074.46877278805,13084.2998046875
1320.24834191701,15695.7001953125
1815.94851667046,21760.30078125
956.461210640458,13532.7001953125
1662.72169818705,24966.30078125
1811.42128799162,28939.30078125
1506.1582059812,23587.19921875
1185.30236386706,12944.099609375
964.56077272661,10643.900390625
950.938974403297,11127.0
1030.91106341367,16578.599609375
1312.68617305077,18232.0
1077.39674687735,11465.7998046875
1918.3478309147,18829.69921875
1289.21569409142,22666.30078125
2113.82792949082,19483.30078125
2026.07294261387,24040.19921875
2040.12984782579,22906.80078125
900.844967897212,12457.7998046875
1134.66182745352,14387.7998046875
961.016183650994,10766.7001953125
945.327822597094,16954.69921875
1402.03528905839,15672.400390625
940.039129007439,6834.7998046875
1049.48115800405,12060.099609375
1389.03857387082,18524.900390625
2204.93006385399,47977.30078125
1980.13011209801,24302.599609375
1747.69233524599,20395.69921875
1130.28758257956,76563.703125
1468.04339965456,28791.80078125
1167.81552386592,18899.599609375
1150.43286438741,17272.0
1959.35462169556,61511.6015625
1230.30734683327,16306.2998046875
1172.06107515312,12019.0
1030.47395091072,17459.19921875
1061.26347370919,13219.7001953125
1634.00631488445,82261.0
1568.22071605692,25518.099609375
2163.98901265426,31967.5
1072.87921200115,12261.2998046875
1095.48939383197,35025.6015625
2029.21640882163,23071.0
1975.58405292899,23109.900390625
1371.68443868513,15565.900390625
1947.5509127708,18670.5
1081.6857531419,16031.099609375
1961.84202916834,22067.0
1703.5185680004,20214.900390625
2200.26634197706,27821.80078125
1617.03859472813,15261.2001953125
1834.5556037031,24040.30078125
1112.49700342904,14011.7001953125
1863.63043766451,26190.30078125
989.285540609141,11921.2001953125
1110.67423426369,25095.69921875
1405.06855790051,14898.599609375
1238.01637123835,19231.30078125
1797.43625062686,21392.599609375
994.64064231803,16435.599609375
1822.96972678019,24678.69921875
1007.09227609739,25892.0
1128.48876936327,17189.19921875
1412.63139530487,21613.30078125
1074.94934026834,15338.099609375
2104.37925749245,26485.900390625
1481.25761257493,22392.0
1854.87916234111,26243.0
1102.50135583114,24513.900390625
1285.9885491965,19853.19921875
1803.83995436613,15683.0
1182.40146557133,16703.30078125
1242.60343407832,12464.099609375
2079.67476859935,16002.5
1068.29928023439,18604.80078125
1458.28876004643,19376.599609375
2079.09113482662,21712.30078125
1180.38270331583,19007.80078125
1690.21410243477,19107.0
990.179821758421,11449.5
999.178121914606,13526.2001953125
1213.81596008252,13108.400390625
1122.32785638206,8934.7001953125
1821.51431930799,24206.400390625
1684.0303477347,18034.900390625
1063.8462592861,17304.599609375
2168.73407333495,32126.900390625
907.589514651144,11950.5
1340.4695028007,54633.0
1855.04774536863,44988.0
1843.48159032005,27318.69921875
986.696626766191,11298.099609375
963.347041782291,10387.2998046875
1647.31468025574,19173.19921875
1518.53284645454,19951.900390625
2135.27396362071,26089.599609375
1196.25602658102,11370.599609375
1892.96366160662,20970.599609375
1046.42861297967,33485.30078125
1365.48887314507,44191.80078125
1145.17971474077,52477.0
970.977290113051,11671.0
1865.30189437026,21819.599609375
1011.16835297292,58932.0
1489.256225406,18205.099609375
1114.8737678441,22797.19921875
1417.39495220669,79168.3984375
2026.69446021301,21480.30078125
1413.57659677376,41291.19921875
2192.18572180411,30527.19921875
1722.61948185258,23885.19921875
972.760726952744,9769.099609375
1116.00649425372,14221.599609375
1794.79062246731,19798.599609375
1240.05440967612,15968.7998046875
1279.14806722334,14818.7998046875
1780.91489108404,23619.599609375
1652.6589739318,20125.400390625
992.336302865219,14908.7001953125
1939.71609177743,67867.0
1209.7783241485,21370.5
1916.62679096556,20911.900390625
1648.1360907507,19660.400390625
951.071902064783,9130.599609375
1810.81302973172,74212.5
1479.83741477668,20633.5
1684.13597675657,27986.19921875
1031.29870409624,13744.900390625
1790.48267428956,21630.099609375
2009.02522073002,83064.5
1050.54859052462,15599.599609375
1023.2405913731,13545.599609375
1646.36869882572,24631.80078125
1604.85983592193,19502.80078125
1850.12307078155,24360.5
1864.59703235302,21408.400390625
1381.10558919785,15754.2998046875
1178.32249169732,22832.0
1848.14096669925,21139.19921875
1154.15740163847,16744.19921875
995.235084123588,14045.2001953125
957.601513815356,25446.5
959.456707079187,9105.900390625
1894.4248630758,25178.5
1317.26677335564,10029.5
1482.99759443727,28570.30078125
1582.24363724809,17811.69921875
2059.94130626917,29601.0
1474.51986262514,66552.8984375
1669.45944813683,18626.099609375
1526.46003713053,21094.099609375
1139.9754797994,14719.5
1707.83743563399,17745.599609375
1058.52224459947,13615.2998046875
1176.55331700404,20365.30078125
2061.33119700629,27180.0
937.360296788278,25033.30078125
989.582594377392,35636.5
977.747129892262,15426.0
1543.10964456804,25631.69921875
1862.35676113605,24319.900390625
1114.31253009816,14761.7001953125
1212.95521726192,17608.099609375
1179.33009005677,18926.099609375
1237.9421635078,24014.0
1514.81176331707,21750.599609375
1584.48101146657,21888.099609375
1537.69649146633,46475.80078125
1743.49035035917,19048.80078125
1405.25931410878,28338.30078125
1219.7201544283,17230.0
918.478997706249,19478.80078125
1075.67280992973,14880.0
1321.03911108178,9520.7001953125
1082.08721027881,14547.900390625
1078.11520250289,9983.7001953125
1028.54744691483,15345.900390625
1999.10233236342,75546.203125
2113.86001932025,66345.6015625
2224.40925885516,96331.203125
1080.60004724624,16395.0
1806.81361189316,20654.900390625
1866.7587503417,50389.6015625
1397.05924845963,18113.900390625
1842.25460003649,19027.5
2103.40809446017,8209.2998046875
1031.95253437085,19186.5
1385.03692757189,22854.0
1118.69892008118,35689.3984375
1716.57088327438,25508.099609375
1132.53632194596,22068.599609375
1088.76624029766,17714.599609375
1158.61933642826,15471.7998046875
2155.65211953796,41959.30078125
1401.56541818791,14662.7998046875
2095.89550883731,54456.5
1021.37614999871,8521.900390625
1230.74334510602,15101.7998046875
937.021570810978,8194.5
1280.37060058615,15532.2001953125
1136.62922369733,20779.900390625
2017.02985040411,27801.19921875
1123.12865361853,12689.599609375
1924.79498963132,28346.400390625
1342.05048401514,18296.69921875
862.929051659218,5719.10009765625
1142.61832238347,61340.69921875
1705.56017197476,47321.0
1158.20996825701,13810.5
1734.26341016831,26233.900390625
1823.77798935892,22486.099609375
1230.04060012614,21945.400390625
957.96698131718,9276.0
1982.05394194146,20440.0
1147.92272661878,66565.796875
1461.90633119939,31498.5
1961.18708466354,26585.69921875
1342.3859787249,23777.0
2037.60009960585,23542.900390625
1295.99979601704,20977.099609375
1062.63119126556,18442.69921875
1716.71785023624,21145.400390625
1407.7038237193,53839.80078125
954.196426359339,11962.2001953125
1750.91591460431,20966.599609375
1867.09001097674,20406.5
970.755892574599,15887.599609375
1320.99743887273,13038.2998046875
908.398557191005,11137.400390625
1042.30974966491,12334.0
1066.23305177286,13350.900390625
1193.06810258874,15973.2001953125
1126.09919130104,12709.2001953125
1975.71018378632,21307.5
1000.26917611517,9124.5
1976.83979035141,21952.400390625
1251.12428659874,23936.900390625
1573.63420342769,44652.1015625
1025.04363866411,16828.900390625
1076.08964344324,14466.5
979.031057338456,7497.5
1381.30135944196,14036.2998046875
994.389606256564,12918.5
2118.6946641081,24090.69921875
2009.04861956397,20099.0
938.749853256341,19304.400390625
1267.05298710429,68515.1015625
1070.1259492054,46049.69921875
981.149766041864,14752.7998046875
1503.13574517191,18676.69921875
1063.83600836837,16726.19921875
978.200733001995,12349.900390625
1319.27417046322,8677.099609375
1874.0912763661,92805.6015625
1016.17860043847,9054.7998046875
1214.95904883289,23185.5
998.078933833664,13718.5
1021.9169973322,14678.599609375
1380.58502085379,19310.5
945.794907892108,8383.099609375
1211.28699182371,14015.099609375
1837.03042037475,24567.80078125
1662.35121664938,18751.30078125
1766.35368528882,22898.80078125
2448.27214302262,32277.5
1915.97630338152,18473.400390625
1207.44256340438,17422.30078125
1489.50325023879,22356.0
1309.40086534001,19544.69921875
2348.5732770632,32785.6015625
1905.37150613958,18272.19921875
1740.03857665826,18391.099609375
2143.0775861688,28098.19921875
1000.73381010377,17482.5
1408.26327869694,15294.900390625
1122.84341069028,14851.900390625
1061.45021868878,14199.099609375
1234.59735590498,15326.900390625
910.097869651467,10876.0
1504.04562554383,17262.5
1064.49808394637,13541.7998046875
1105.68070025097,16344.0
1291.14531793184,20333.099609375
1756.79726723122,13486.0
1425.0083756616,20422.099609375
1427.89690600224,15932.099609375
1174.24886612821,11933.7998046875
2352.77035933719,21242.30078125
1153.95918008793,61380.0
1835.32754237768,21776.900390625
1466.6727850997,21468.0
1260.48526868127,15744.0
1015.419141142,10727.2001953125
921.727201551727,17151.400390625
1742.84353973475,19439.69921875
1976.51488082845,15617.599609375
986.424197485106,8714.400390625
1803.82491225859,21840.19921875
1592.93345025342,30111.599609375
2129.06502731839,19356.19921875
2187.14828712196,24173.5
1035.41645318081,20739.0
993.368525711834,14381.400390625
1904.84937787325,16789.400390625
1821.58518434798,28307.099609375
1013.25419188577,16737.400390625
2067.07951054869,22974.0
1631.92181304783,20709.5
1155.61292053369,32666.19921875
965.986541675798,10860.5
2027.36700955478,14391.400390625
1356.17000896365,10798.099609375
1467.12527397925,24975.19921875
987.747457256954,16075.900390625
1155.69737918197,18675.69921875
1224.52226369464,20417.900390625
1218.11454872669,25229.599609375
1349.48139656518,70295.6015625
1319.30057771869,16789.099609375
1133.13143228964,20918.5
1997.63221705273,21726.599609375
1657.78309572262,22731.30078125
1891.76452707777,24202.400390625
1459.82194078579,21493.80078125
1385.33041580353,16954.0
1214.27446580509,13514.7001953125
1021.51409169604,15326.900390625
2043.39342804787,23145.19921875
1657.00358028275,55660.1015625
1419.74709213458,19652.19921875
2283.90759099812,91810.6015625
1106.03235129846,12866.7001953125
1929.12466529775,26994.5
1504.50557976564,27514.0
1095.22520985428,12349.400390625
1893.41826752352,49684.8984375
1573.6520311107,47085.1015625
1168.33542367187,19823.900390625
1735.2222052455,26296.5
1258.58517194085,29207.599609375
1813.70579414707,26778.099609375
1102.49957306284,16436.80078125
1275.82743841561,12015.0
826.797686491105,10095.400390625
1315.33213547937,17953.80078125
1336.07642743655,29587.69921875
1266.37943495535,94517.8984375
1138.12140076576,13264.2001953125
1254.36257379554,24634.599609375
1302.36684158311,16152.2001953125
1106.42344609462,14398.5
1929.03797818908,18010.0
1152.72372165494,14356.400390625
1833.52260089535,26822.0
2075.41573512688,15261.5
1217.43854527133,33681.6015625
942.416227691558,10192.099609375
2044.82499099404,30648.5
1108.35306993504,16136.099609375
1005.23641429545,12770.099609375
1578.31686721782,37836.30078125
1223.45505402011,14196.2998046875
1346.57236438908,16584.30078125
2158.89497507853,25774.0
1044.00304528235,15093.400390625
1083.5401664446,14906.7998046875
2072.33087742703,26357.5
1798.75293644059,65935.0
2108.72854361019,23352.69921875
1818.960615139,25590.599609375
1004.28720159788,16657.0
1073.4393355169,42293.1015625
1053.29093386453,14705.099609375
999.355730206651,10998.7998046875
1864.38633142438,18749.80078125
1909.23610212533,21047.5
1379.44516337096,92044.3984375
1263.72277591694,16551.80078125
1115.39968449307,52909.0
1020.89012279049,10323.0
2279.85825564712,37498.19921875
1016.67922406216,12837.400390625
1018.22131864302,14022.7001953125
1396.1168325662,12056.400390625
1146.42988101225,15029.7001953125
1319.90883597858,15813.5
1102.60230508622,16133.900390625
1807.82577859639,23632.400390625
2361.17856318556,26351.900390625
1197.67800714757,17148.5
936.665351419719,11756.0
2048.21358784326,122599.296875
1917.25387971564,24278.0
1606.40326757902,48925.0
984.907507352537,11525.900390625
1038.98700381982,10776.599609375
1827.76503924238,17487.30078125
1521.67408420192,19750.19921875
1055.91472311238,19072.099609375
1889.47812673099,95613.1015625
1850.28641692718,23596.599609375
1015.33468249371,10582.7998046875
1608.47595857565,18998.80078125
1089.87333941294,13421.7998046875
1316.45461097125,22114.80078125
2100.55856217613,33065.19921875
1097.45968707427,14590.7998046875
1161.21928115008,15351.400390625
1802.80126898442,23180.5
1377.86028235086,20033.0
1819.78280559508,106822.3984375
1600.60893632983,20529.0
1761.19435382404,24430.80078125
2060.50510674454,27337.5
1130.78642343495,14850.2998046875
1089.10563481307,55840.1015625
2288.02132885401,48923.0
1124.23441565758,15675.099609375
1070.33197036725,28926.30078125
2333.15634248322,31300.30078125
1153.81154458796,16884.69921875
1359.12338750126,20480.19921875
1110.17082506454,15324.400390625
2113.26546609168,29058.69921875
1022.52280428568,15362.0
1051.77914634479,11639.2001953125
1860.13364906398,85451.8984375
1283.92265500403,16105.7998046875
1471.54085679321,22128.19921875
897.393862734411,9244.7998046875
966.344878104415,8792.900390625
1551.33790024096,19702.5
1105.31211290462,14078.7001953125
1288.63016612737,16505.900390625
1391.98081010654,14123.900390625
1306.20870727302,13882.900390625
980.740397870614,13136.0
1155.7897488646,17699.80078125
1147.95481644821,13240.599609375
1190.69702074764,20582.0
950.81384635313,19287.099609375
1359.43002364913,11737.0
1086.48429687164,13736.099609375
1852.83889544297,30269.80078125
1081.26078574801,17861.30078125
1061.43383950501,15938.2001953125
1117.92731567565,29181.69921875
1015.61814265366,25461.400390625
1244.62219633382,16811.19921875
1250.13952995815,19554.0
1424.97851429255,22040.19921875
1054.21574492097,34406.80078125
1056.07806925801,53876.1015625
1052.76891702122,12256.2998046875
1012.00736830485,16102.2001953125
1348.06164445901,19026.80078125
1920.16692312042,26956.400390625
952.213988007983,11704.5
1349.70323979571,15730.0
1445.576619249,47655.69921875
1956.32436127495,23052.0
1144.69201618727,17937.5
1728.15965719578,17997.400390625
1473.31393129215,60739.5
1149.0790747084,7027.7998046875
1925.72425760852,22319.0
1694.20182085634,24026.30078125
1955.21949062004,27230.5
1013.87782652226,13328.0
1472.63547653038,18330.599609375
1650.9582129721,16069.2998046875
1041.75675722236,55322.69921875
966.174512308596,12132.2998046875
998.055423576687,17070.69921875
1378.47923722056,20134.30078125
1255.05885624032,14509.400390625
951.03736092894,8994.5
1058.26162615839,16614.5
1475.10594770429,16434.900390625
1055.08618154422,12075.900390625
982.854761076287,11330.0
1575.76684000845,23144.80078125
1133.50514509485,21759.30078125
1691.67352113565,25944.69921875
1688.47590334073,22309.80078125
1076.12775011569,15840.900390625
1716.00897699032,28523.5
1160.52299870529,10715.5
1917.21287604471,24422.400390625
1518.86265859033,20412.400390625
2114.95196490497,26308.5
1435.63055489449,15723.2998046875
1061.9534050419,38914.0
1482.4214260068,14620.2998046875
1589.81928829962,32220.599609375
920.26070748915,10196.099609375
1286.21351227156,64757.0
1225.25854700319,17821.599609375
1053.67779458597,15286.7998046875
1129.20755925786,19218.19921875
1149.56967026039,14058.7001953125
1618.32397067357,15235.900390625
1990.75362840713,25258.69921875
1101.73409692335,12366.7001953125
1450.48848018891,17288.80078125
1061.14224546468,11812.2001953125
1494.73322389751,45112.5
1192.73862472201,13989.900390625
994.286651387148,12565.900390625
960.470322281654,10141.0
1655.3888378936,16959.80078125
1362.2856841992,28362.5
1753.82294116607,20553.30078125
2060.03334168274,24133.099609375
1176.70340381043,21392.80078125
1057.2076758231,11588.2001953125
1028.15345512018,47613.8984375
1249.86854917631,17404.5
1625.29069492709,19731.5
1142.67849081365,12980.900390625
1237.97681606666,18273.900390625
1337.89306833586,24488.0
1922.87004555769,28236.80078125
2030.99516589453,23255.80078125
962.237825629652,11375.599609375
2130.25725362007,18803.80078125
1244.2236361954,15949.7998046875
1046.51028605249,13573.7001953125
1864.26900298553,54748.19921875
1143.63193758594,13634.7001953125
1042.09191766306,14688.2998046875
1096.27882592051,14014.2001953125
1414.2950523993,18449.30078125
2113.56341124408,29860.900390625
1060.45298267008,18822.5
1113.51852966585,15548.7998046875
1063.14785980396,16706.69921875
1844.5412232293,34754.30078125
1905.94934591533,21350.900390625
1053.45171728073,16237.0
1112.84564605502,12341.900390625
1226.39695598677,19411.0
1039.64027697933,14311.0
1885.3590405702,25235.30078125
2159.57064426483,29713.599609375
1296.41518103131,26836.0
1446.95826468272,13244.599609375
1165.22059317996,13348.0
1021.78540674694,13274.7998046875
1046.51206882079,12302.2001953125
1755.660975285,19663.19921875
1915.42542797633,20443.80078125
2164.23548037195,22556.69921875
1486.43365749253,49856.3984375
1615.69260466044,25874.5
1084.9068811938,14499.0
1142.78189137514,18030.400390625
1099.03676848306,17061.900390625
1762.29889020989,20602.5
1265.20815618121,15614.400390625
1723.93694762745,27858.0
1007.7183620403,11829.5
1963.56128634917,27256.400390625
1852.23141714421,23665.400390625
1154.1966225411,24000.5
1265.18542588537,18432.80078125
1957.04749666728,64017.0
1558.73460592422,22938.80078125
1545.69432433628,29985.0
1031.42171510905,13480.599609375
1018.28839530037,13925.5
1063.42374319863,14983.2998046875
999.306926924396,8580.7998046875
2094.50004694925,34580.69921875
1946.09260830011,21948.69921875
2153.8109655745,26688.69921875
1935.66564219624,15002.5
1619.12019956626,20128.69921875
1168.94903023667,15620.900390625
1987.8550699948,28857.80078125
1407.27985913258,17158.599609375
1237.42950619808,13082.5
1086.31805372751,13982.2998046875
1114.35208526985,31211.900390625
1961.89551221738,27878.0
1188.49106782047,26551.5
1705.70312770795,18972.0
1309.37445808455,18250.80078125
1484.51083045625,57384.1015625
2011.14448654852,28157.400390625
1190.44030211221,22668.0
1288.08898452482,13168.2001953125
1076.10145428324,34611.3984375
1946.25773721404,28477.400390625
1078.76802997032,11834.0
978.263798430663,13884.7001953125
1231.38413888742,21000.400390625
1910.22085876591,23177.099609375
1931.34020060454,22466.099609375
1283.30258590413,38033.80078125
1713.6300955379,19031.599609375
1434.57437609882,20418.30078125
1307.32572303698,15350.7998046875
2104.35251596793,21937.599609375
962.662458754484,11930.0
975.90553023673,12534.0
1366.92188459048,30462.5
1365.89534431783,104045.296875
1019.98380795517,33218.1015625
1048.72738128154,9225.2998046875
1192.28156749869,12595.900390625
913.69404758481,9693.0
1220.22612635689,15464.7001953125
1766.59079347293,31781.400390625
1222.43675905085,15076.0
1947.96674347714,55297.69921875
1115.34297017647,13480.0
1803.50156265789,24089.099609375
1007.12113465928,11337.7998046875
1816.45370863792,23566.900390625
1859.35892481392,24132.5
1805.44723141302,24225.5
1840.24441735344,20679.19921875
2033.49282428504,53620.1015625
985.683345832781,30507.30078125
1579.17437877088,44292.8984375
2074.37326136253,84725.0
2072.72531491376,29139.5
1243.0348640073,25411.69921875
1454.7168723312,17892.900390625
1311.40324841174,19359.0
993.37665959221,9977.5
1629.63986962181,24956.80078125
1905.39735627995,91692.1015625
1280.69829568458,26218.0
1056.68031067489,12914.7998046875
1163.77153681983,20116.400390625
2389.66296657008,18607.5
1104.13114032784,13279.5
1526.68901143427,15547.900390625
1589.81639130113,15390.900390625
2101.99391350494,21288.0
1232.93113608112,41872.0
1095.41128629576,22082.69921875
2112.0360245017,27116.900390625
1235.24873487317,18111.099609375
1752.40385759801,16288.099609375
1104.22640700896,14812.099609375
1354.88998132312,25470.5
1291.16704542052,19214.30078125
2164.11804051008,78598.796875
1224.42064590145,7316.5
1221.30392121821,14330.7998046875
984.950628060832,8554.7998046875
1008.3230547636,13731.900390625
1353.85853843764,15444.0
1085.28727938014,19966.0
1002.87101502831,12086.5
2021.20531661245,35329.5
1495.19640938686,16768.900390625
2116.6233101877,27793.599609375
1294.4324084109,15932.7998046875
1491.85728435801,19028.400390625
1094.75634179097,11416.099609375
1043.80582653899,10631.2998046875
1279.64289685005,17995.30078125
2264.20621849736,32268.599609375
1880.02410642772,20880.5
2011.50883982015,19918.30078125
2049.56091498718,38739.1015625
1787.29263325992,25618.80078125
975.834999465799,11549.5
2044.70911105443,26791.5
1001.91366845036,17421.19921875
1152.7347525338,68997.0
1753.94773494718,23276.099609375
1633.18122742988,33736.80078125
1497.86231653584,38974.3984375
1024.17832749973,14820.5
1019.02178161043,10126.5
1677.31722227208,17018.69921875
1189.06656771283,14988.400390625
1059.28772073896,17498.400390625
1778.88688071798,20072.5
2249.9255758636,25324.5
1155.29625631412,16346.7001953125
1102.1316542546,14068.900390625
1134.79052104029,10955.599609375
1173.46912784231,42698.3984375
1122.08617985418,9442.599609375
1010.69447087375,49515.80078125
1060.10679135052,13090.5
1438.32498633629,22917.19921875
2053.89950449511,17230.599609375
1450.08412605351,16389.5
2167.38162073216,26158.099609375
1873.72514032616,24584.69921875
1048.8589718668,46158.8984375
1104.13292309614,13801.400390625
1646.2852429846,59240.5
1182.63924229356,17140.69921875
1086.699231875,9758.5
1913.8184851985,40063.30078125
1267.95261655848,15220.2998046875
2036.81278455466,23861.900390625
931.552761911355,45679.5
2024.48538744131,26164.0
1809.74125171341,25697.19921875
1233.12590351806,25107.900390625
976.708110241497,12790.7998046875
1591.68406394307,19117.900390625
2037.21858718931,27341.0
2145.20554298277,20650.0
2141.55510203925,28653.400390625
1194.23971563194,13775.900390625
1173.75827057622,15924.5
1165.94361714926,47581.5
991.703420118159,11936.400390625
1351.11697505886,21347.599609375
1046.70962183321,15315.7998046875
1939.82773764232,21822.900390625
1069.4000282376,16453.099609375
1876.24909454912,21318.599609375
1102.59907381867,11735.5
2171.52054019032,27778.19921875
1373.75913529609,23239.599609375
2017.62016955797,24465.099609375
1330.52455267637,19930.69921875
1981.78340685169,21990.400390625
1110.73451411689,9989.400390625
927.374342993018,8598.599609375
1079.32503364155,34329.30078125
1917.82481126422,16924.0
2171.32844690582,32325.5
1396.1960543326,19943.0
1993.80706481566,26772.0
1035.34380537252,33056.5
1070.82691141698,17464.69921875
1004.99852615021,11449.5
878.17885171093,7398.39990234375
2021.51730106522,22518.900390625
1101.14288638534,27003.099609375
1102.05633229386,12358.5
1476.85595763833,20798.0
1262.91339910803,24431.5
1733.39486773638,19917.099609375
1556.03794602204,20408.400390625
2158.42566132314,33548.69921875
1131.57362706311,25186.400390625
1013.09842250542,12432.5
1353.55401932712,63338.80078125
1904.60580715405,26073.0
1633.9823589354,29831.099609375
1114.49615523322,14084.099609375
1617.00438786135,18359.900390625
1625.29214342633,23019.0
1142.89142020267,14774.2998046875
1808.34534413328,24087.0
1538.15321442059,18972.599609375
1084.28179805805,45528.6015625
1928.01154933945,22170.5
1886.04273221385,24450.0
1972.87513649474,40007.8984375
1813.47180580749,22424.900390625
1083.89816860416,12304.599609375
975.162450124028,12391.0
1006.8647502929,15591.5
1070.95203946714,14176.0
1863.20179331099,17244.599609375
1077.34181532906,12097.7001953125
1072.56934458573,10991.2998046875
1114.44556918267,20010.69921875
1078.66997771374,14104.900390625
1060.99460996471,11306.7998046875
1311.42363882419,17261.5
1241.59862129434,55008.1015625
1880.86691014229,22669.0
1904.82508765514,21538.400390625
2041.47115812669,26759.69921875
1121.95993757383,7964.2998046875
1110.25606367396,9973.5
1166.45315461446,36201.6015625
1670.03349952994,22140.599609375
2409.8730965749,28892.0
1555.84830404396,22663.400390625
1041.46939725675,12217.0
2049.03900956689,15956.7001953125
1018.56361015693,9488.5
1172.39445282551,44716.8984375
1025.94037111981,14675.099609375
1521.0568006775,19672.0
1154.54782789651,11817.0
965.98732163693,16349.2998046875
1098.77860134839,13547.0
1053.04769741438,10891.099609375
1149.84310234864,16411.599609375
1062.31920681278,10808.400390625
1905.13684926188,18897.0
2161.15909082153,30217.69921875
1001.01515322637,10276.7998046875
1827.2141638372,32454.5
1202.29470851055,14263.0
1206.59541419207,17470.69921875
958.733905955916,8182.0
1149.57145302869,56391.8984375
1786.20436463483,23270.900390625
1255.0474910924,20110.099609375
2037.72979599979,25519.5
1876.8164605611,24545.5
1077.43240224339,14713.0
1045.78403081563,10414.5
1183.90823905523,13145.099609375
1125.99144524181,55253.6015625
1060.68229124288,15617.5
1408.50428668671,19558.80078125
1482.67992741053,14661.0
959.794653095356,12147.599609375
995.373360089979,12275.099609375
1649.82336952512,20487.900390625
1948.07125826882,26995.5
2113.11526786227,21028.69921875
1139.83464110358,11148.5
1150.04132389917,17792.900390625
1536.43852558353,19453.5
1306.71891327633,12369.2998046875
1689.17619701419,21805.0
1392.86829445167,17928.099609375
1385.26623614468,17982.0
1053.8795816731,11176.400390625
916.709433032403,7371.0
2014.57230430038,25347.5
1984.08072665431,22001.599609375
2039.44459625987,31334.599609375
1220.79126390849,19889.900390625
1199.40840663029,68925.5
1762.69254773548,15873.2001953125
1526.14626990946,52389.0
1364.94590877422,14329.900390625
1689.41074246887,29374.400390625
1038.86187576965,18609.599609375
1784.86015733544,24082.0
1030.88220485178,13720.5
2177.81594075527,80366.5
1333.36238554343,30474.0
1002.82288028417,12376.2998046875
1896.54769443091,55099.0
1044.89866350786,13138.599609375
1043.00291226517,11347.2998046875
972.847414061408,15755.0
1794.59908629791,20388.599609375
1343.72093791372,20077.099609375
1188.0011408066,16076.5
1121.15769183811,11251.900390625
1692.08177507671,25562.0
1428.48232254327,14408.7001953125
1179.0234539089,19720.0
1330.71241188615,12351.400390625
910.554258336671,22158.099609375
1117.61566549193,15774.5
1064.08414743135,13546.5
1487.68660933948,18914.099609375
1126.55335152586,18082.80078125
1123.97546856178,13651.400390625
1092.52175314795,12419.0
1250.63335677769,16812.400390625
1830.76644110111,37158.0
952.117384250641,9971.2998046875
1576.16651437706,17674.5
1107.09164993865,14641.900390625
1101.37041218983,14731.5
1334.09543758444,30031.19921875
2015.65890158019,30301.0
1021.46629122095,15076.900390625
1144.59318396955,14526.5
1479.33400557752,15753.099609375
960.865762575548,11172.400390625
975.929486185783,12741.599609375
2119.25935596762,20242.30078125
1838.33652100169,23155.0
1775.52067989554,17605.5
949.173699515676,10250.400390625
1906.56974928428,22072.0
1289.45703635024,17627.69921875
1609.07140318837,22491.80078125
1432.18334953735,93066.1015625
1739.42207309497,21210.900390625
958.666940721588,8542.099609375
2062.50670985514,28759.0
1076.47149012883,10578.7001953125
906.314835315515,9590.2998046875
944.082781784478,9726.099609375
1074.50231111672,16921.099609375
1135.04467694629,15163.2998046875
1615.56179403631,18415.0
991.371825214065,16540.400390625
1008.99270710688,13305.900390625
982.880054101566,9641.2001953125
999.906939880896,9891.400390625
1039.17631152885,10941.5
1218.31109893194,30520.80078125
1827.84882935256,26355.19921875
937.053660640407,8243.599609375
1128.02814660335,17553.900390625
1158.73198510032,13972.2001953125
1228.48424339886,26034.099609375
1873.72447178805,22782.099609375
1039.09073865037,13106.7998046875
1207.8801215994,21275.5
1230.1148078567,18118.900390625
2067.15839804604,31563.5
1393.56791958702,20418.400390625
1145.49348196185,14531.5
1932.13264111459,44030.19921875
1412.30013466983,24419.599609375
1849.74334113331,22111.400390625
1099.47354671695,16611.400390625
1029.01497790192,14417.7998046875
1446.03545924062,21787.900390625
1186.56133255703,18595.69921875
1330.15908517455,14505.5
2232.03705587951,29355.400390625
2034.96650513234,86915.0
1159.57066616319,19615.80078125
1029.56440480786,13648.7001953125
960.44748056279,27252.900390625
1143.91718051419,15440.599609375
2226.06010230243,21929.400390625
2016.49947683439,37811.6015625
1726.44953670248,21697.0
2065.80282559872,29452.19921875
955.196559376525,10434.7998046875
1816.86909365219,22992.599609375
988.534995154176,16000.5
1224.91046149231,17054.0
1225.38044378581,15776.2998046875
1060.22835386409,15767.599609375
1264.86909593486,23766.19921875
1091.19860479913,10331.2998046875
1401.56720095621,14680.599609375
1747.02803120762,18626.0
1573.31118809604,39086.19921875
992.918822407761,10689.7998046875
2189.17997444765,24018.0
1158.1159272291,11551.5
2117.9238396637,29985.69921875
1632.50945804924,17625.80078125
1016.59331691462,21008.099609375
1978.48595403188,15711.900390625
1307.02343238684,19859.599609375
1339.74213333365,16926.80078125
1041.77246786802,11671.5
1603.61546364743,20014.400390625
1311.65862997095,20041.5
1779.45591807524,19903.900390625
1834.0235587881,48046.69921875
2155.68643782776,21641.900390625
1589.68981475171,22553.5
1623.96041550505,21577.80078125
984.783047840483,35148.69921875
1550.63470956901,15068.400390625
1052.75710618122,11451.7001953125
1564.10107278103,33639.80078125
1478.5157149271,17308.599609375
1880.97031070378,19414.900390625
1523.24069184694,51629.80078125
1936.51847398251,21914.19921875
939.070751550625,7022.2998046875
1793.52619404942,18723.30078125
2037.43318792361,20997.0
1440.5495469076,18709.5
1457.2487375885,14807.5
1026.44066047444,15538.0
1006.99700941628,15465.599609375
1962.23423819468,34205.80078125
1061.54113987216,12346.5
1908.18850290211,23432.69921875
1074.43378596013,13038.099609375
1217.8539302856,13543.2998046875
1239.76203567466,16895.69921875
1214.96484282987,13136.2998046875
1071.3082588584,12901.2001953125
1323.67760816812,20190.19921875
1087.09400363078,14075.2998046875
1261.5802226875,20797.30078125
1019.3886976115,14241.0
1199.03792509262,18460.5
1855.8899919681,25332.80078125
1103.70260739735,11187.5
1636.33104474971,18475.0
1795.6612819366,26580.80078125
1002.34933245406,14149.400390625
1020.93112646142,11777.599609375
1931.89753854482,34675.5
1068.06250631934,20032.19921875
996.653387730513,14664.7998046875
1901.30568018179,30868.0
1173.26366379555,13882.400390625
1108.93180109494,15989.2001953125
1102.97802350578,10939.2001953125
1196.66428052208,15842.7998046875
1258.68968673253,20277.5
1672.45026480877,12184.2998046875
1006.88937478007,36481.0
1908.32867305982,92048.796875
1482.64672335091,19822.900390625
2294.03638910354,18033.099609375
1109.33114119449,19773.30078125
1210.73856772494,17063.19921875
1518.5751872017,11301.7001953125
1950.79889377024,18685.30078125
1232.13780418691,18984.30078125
1833.63068122364,59001.0
1992.78865842338,12898.5
2122.30855830144,85085.0
1537.4846763075,19197.900390625
1890.23357479879,32137.30078125
1961.43800930199,28830.69921875
1779.04265009833,30399.599609375
2072.2083121063,25154.30078125
1255.41975539837,19194.400390625
1754.86730912174,26584.5
1056.7294482262,14534.900390625
1474.72231825039,26001.19921875
1193.20359297966,22379.099609375
1733.9139875812,24244.0
1063.38853352467,11006.5
1085.43023511333,12760.2001953125
1107.51594879443,15049.5
1788.47137737633,21067.19921875
2091.00426115589,17158.19921875
1898.40155061851,26103.80078125
1030.62370344806,14415.5
1244.9513399315,7425.0
1162.66588620379,19375.0
1134.89603863914,22185.30078125
1075.67425842897,12553.7001953125
1544.60471863495,25358.5
1916.31681212712,69292.5
1060.85020573228,12766.2998046875
1022.86119599392,16615.5
1059.20861039558,15777.7998046875
1758.1325606891,22223.900390625
1004.96465355248,14185.599609375
1994.35080914764,50365.30078125
1249.949442288,16645.5
1133.88766031856,17980.19921875
1957.33741936232,28677.099609375
2006.95542673188,39292.30078125
1314.83050904851,19155.900390625
1537.53069401429,16529.19921875
975.157101819123,13803.7001953125
1054.14487988098,15142.7998046875
1175.42616174537,13065.2998046875
1248.5047314256,44969.0
1664.914503198,73899.796875
2011.38872580584,25109.19921875
1590.85975644962,21349.80078125
1379.89542379013,11306.2998046875
1069.99614138844,16186.5
1191.02616434532,16862.0
2142.04558616822,78870.296875
1298.47360988152,21896.5
1038.16124782713,10311.2998046875
1152.63313474061,16556.400390625
1120.69127508121,21529.599609375
2000.32843126284,48113.30078125
1721.37756088449,23228.5
1684.82902793381,21344.19921875
1402.64934131527,16979.0
1109.00378036511,15240.900390625
1906.31102503451,19281.099609375
1133.48475468241,14234.5
1071.8816417134,12781.900390625
1697.58518082369,15597.0
1523.13016021224,24469.900390625
998.536325326038,9861.599609375
1251.39348461227,16402.19921875
1923.24152990253,38947.8984375
1838.16816082021,24617.900390625
1164.45823688499,16168.2001953125
993.513598482375,43200.69921875
1143.54135067162,10952.7001953125
2138.80785608652,18253.30078125
1459.68399908846,14412.5
1342.40993467395,18910.30078125
1998.37808274091,28685.69921875
1163.10366724485,11315.7998046875
1973.43893697011,72717.0
1478.63660890255,17613.0
1902.24898745936,25498.30078125
1492.89485550953,22311.0
1942.45442388866,21120.30078125
1117.88553204358,7608.5
1140.39443035027,45998.30078125
1854.20917572877,24695.0
1067.5338040949,8951.2998046875
1378.60046546507,19379.69921875
1725.20872996459,24298.69921875
1925.80448218209,21935.30078125
1153.5729879046,19536.30078125
1059.31379372538,15488.5
997.200029060985,12076.2998046875
972.817107000281,12811.0
1604.52824101784,19869.5
1718.99188262792,28213.599609375
1786.82944777057,26383.80078125
1793.95728970934,24781.599609375
1251.67237642845,19012.400390625
1870.49944393049,21619.5
1960.52701469988,25920.900390625
1704.83703658244,22766.0
1965.8811136016,21462.400390625
2359.36125374813,20574.5
1690.59739761961,61398.69921875
963.624373676205,9534.2001953125
1107.04318092545,12488.2998046875
1086.12306344453,16404.5
1280.32068307371,35033.30078125
1308.01420587044,17706.400390625
1061.31405975975,21993.0
1024.45677362384,15116.7998046875
1893.45258581333,21981.900390625
1034.34434089345,14870.7001953125
1157.50867177638,16000.400390625
2320.56776981369,18802.900390625
2007.85951310682,24855.900390625
1184.86915116978,13361.2001953125
1054.92216686047,11917.0
1126.39368233985,46333.0
1120.16613839338,16146.7001953125
1142.38076850729,15351.0
1213.29182620186,20590.599609375
1042.89873174254,13235.2998046875
1421.63181249841,14508.900390625
1402.70705843903,18203.5
1091.81722539977,12296.900390625
1038.61875074253,21498.400390625
1682.44190117799,25714.80078125
1760.68047086111,22417.900390625
1389.61797356883,20382.900390625
1180.16164004644,48703.3984375
1144.90951392006,16508.400390625
1981.78585815811,25086.69921875
1786.02541926656,23041.400390625
1248.99566124665,11024.900390625
1187.1546601324,81947.796875
1672.52124127178,22650.19921875
2013.88816696465,17310.599609375
2119.42671334193,84555.3984375
1243.27520345896,16008.0
2244.93961861615,18471.69921875
1040.05521630152,22837.0
1956.253719081,27153.30078125
1987.04324187946,22135.5
1037.63778248458,16079.2998046875
2135.56566908406,22094.0
2209.97262399501,21868.30078125
957.321619192008,12449.900390625
1023.10153544558,32943.3984375
993.666582287254,12097.900390625
1676.77381220916,20024.69921875
2154.74112493585,21817.400390625
1619.27842025303,83567.3984375
1210.34881000501,19575.400390625
1142.59871193216,21463.19921875
1597.0441796878,28644.5
1343.83080101031,58386.5
1275.74966514846,15018.0
2112.43826159974,25598.599609375
925.086327012469,15561.5
2023.26731099926,20506.69921875
1147.6118563962,16565.19921875
996.128251042679,12449.099609375
1465.58953051046,21933.400390625
1456.40292545242,14794.900390625
1637.94511860076,20484.0
1370.76129897397,25295.30078125
982.851975500816,37666.3984375
996.034098591752,11290.900390625
1827.67801786466,19299.400390625
1050.34892047484,12047.7998046875
1897.38849253114,60606.3984375
1341.82162113443,15721.2998046875
1061.67384468761,11741.400390625
1039.82278788421,15741.2001953125
1250.11523974004,12827.900390625
2039.57852672852,23842.900390625
1295.53627625863,18610.80078125
2081.72183230164,20475.19921875
1249.45138139374,25667.599609375
1305.67031124594,17559.5
917.135180387424,37491.30078125
1069.40426231232,12800.400390625
1286.27379212475,13850.900390625
1309.0561225197,20268.400390625
2213.98786390224,32776.69921875
1232.44377179667,19178.5
1886.93010513596,20214.900390625
1348.09306575033,17505.400390625
1064.4834875309,25504.900390625
2108.0789474103,22470.19921875
1789.03896623434,27334.900390625
1455.03164235945,37806.80078125
1004.87161533174,15100.599609375
1417.10681227994,15368.2001953125
889.620268689901,10465.5
1030.07427654211,18347.5
1894.10864454831,22815.69921875
1824.7727740712,23893.80078125
2256.08504034555,21190.900390625
2027.17335634802,34144.5
1633.22044833251,26215.30078125
1043.46208652584,13519.7998046875
1580.76527663401,22453.900390625
1138.72542495094,15829.5
2000.44208274206,37439.80078125
1357.32669132232,52388.8984375
2155.75150887077,28007.400390625
1002.08514847637,15489.900390625
1021.12578247535,50762.3984375
1676.21647426888,27815.400390625
1146.78208917483,16202.2998046875
1060.24373024069,17772.69921875
1157.94366724196,16946.099609375
1071.10714030938,14089.2001953125
1842.07855166671,27750.5
1066.03627872158,7929.0
1116.74857155925,12905.2001953125
1537.16767781888,14021.5
1490.94194425816,16999.099609375
1981.99689335581,28068.5
975.784636261279,36453.30078125
1388.99289043309,41048.8984375
1311.78019248451,23176.30078125
2017.31286487198,29024.400390625
1583.06761047248,21818.900390625
1619.98796203706,19373.900390625
1350.50047149557,21764.0
893.662194410148,7947.2998046875
1175.94071324641,17417.400390625
2176.09623788236,25204.900390625
1447.52730203998,25660.400390625
1098.03730400399,16473.19921875
1129.87398033359,14845.900390625
1077.22058708455,17504.400390625
1238.07798816778,19379.400390625
1101.17174494722,15089.2998046875
1446.96896129253,21272.69921875
975.008797781036,15063.2001953125
1263.73347252675,23171.400390625
2027.07463555332,24098.5
923.578105029333,35044.0
1304.85692320834,16171.5
1147.94478837652,55883.80078125
982.33096146468,54682.8984375
1610.08223281537,25612.5
2400.20625830562,40408.8984375
1706.34782129501,75647.3984375
917.246770540801,16369.0
1066.90092134784,17870.0
1921.84517663032,15596.2001953125
1295.331592173,67141.1015625
809.729797040839,11278.2001953125
1661.21135916656,22616.599609375
1425.68549334715,17365.0
1797.88327977848,21489.19921875
1879.56860912666,20100.900390625
2181.92722730475,77083.296875
1248.07330149662,17186.69921875
1160.14572036347,55466.80078125
1047.65058922739,17255.0
1041.7256702001,10513.0
1015.6745227012,26780.19921875
1298.00151055066,25174.69921875
1303.8097696772,11471.0
2160.81100531065,40030.5
1946.72192551056,15262.7001953125
1082.03049596222,16523.599609375
1792.26265701567,19646.599609375
1014.97846310245,19556.5
1031.64946375958,10735.2001953125
1011.91243589279,10665.5
1438.79418866866,21553.400390625
1966.03688298195,60799.69921875
1687.54852955485,24334.900390625
918.594877645852,14579.099609375
1637.31613565935,23247.30078125
1573.54584497374,21885.19921875
1175.97391730603,14019.7001953125
1112.26557781889,28604.19921875
2014.82991431996,21897.0
2005.12340945597,49511.5
1690.52931815509,22403.19921875
2075.20759692767,31683.099609375
1048.58509408647,12550.5
1419.7785134259,23461.0
1016.09024198452,11155.2001953125
1845.3948349767,25550.19921875
1583.19340706076,21349.599609375
1270.7896694644,17520.0
1068.42262551626,11928.7001953125
1276.73197048263,21728.0
1118.26314465446,11875.400390625
947.932112816645,23515.599609375
1023.57998588851,9332.2001953125
1678.48025574283,21776.30078125
1948.92899266792,92149.203125
1095.08258839016,15107.2001953125
965.126244547267,9175.5
1704.8214373598,27628.69921875
1303.88642871417,16987.19921875
1915.33851802163,20707.0
1066.00953719705,10083.7001953125
1658.45297091194,17927.099609375
1071.83952381227,9972.2001953125
1644.29645352117,23787.099609375
1343.53374724206,56607.5
2372.78304775261,55179.3984375
1141.97686006396,16363.400390625
1487.85953786473,31086.599609375
2069.72625293842,22030.5
1109.37537613297,10501.0
1056.42002650286,18007.69921875
1025.0175656777,13727.099609375
1319.87429484274,18236.69921875
1372.93594203284,15712.099609375
1508.25295873556,21571.0
2056.81589059046,65099.3984375
966.454741201,11923.2001953125
1245.22232071334,17257.400390625
1801.6324415167,21094.30078125
988.766086495269,10451.7001953125
2131.49427197533,27974.80078125
1355.84131105805,14811.7001953125
1306.66999857105,20002.5
2237.49477818876,39597.69921875
1947.21084971727,24119.69921875
1247.89970443325,16348.5
1829.22044671459,22319.5
1722.33925296017,15371.2001953125
917.785166567878,30065.5
1067.68890493714,16128.5
1212.43999722276,19902.599609375
1657.44325551513,16154.2001953125
1620.56524469771,25416.5
1218.62085492434,18299.69921875
1943.78682034805,99573.0
1639.68543473215,17265.400390625
995.586958017112,10621.2001953125
1219.18677243707,14097.900390625
1161.27566119762,18310.5
1517.23354263175,18923.69921875
1991.84312268543,33204.6015625
1016.84825278175,12708.2001953125
1315.20232766241,16118.5
1191.01257073702,13099.900390625
1541.13400302084,22652.099609375
2278.23593649268,31073.80078125
1969.77356534206,29693.19921875
1792.94724004348,14163.7001953125
1380.59426896435,18685.5
1228.74742456938,18920.69921875
2232.81567993522,31636.69921875
1647.68371329417,24655.0
1151.76849211435,14104.0
2110.27286665144,107244.5
1032.00323184442,11394.099609375
989.140133569544,10542.7001953125
1346.01970621559,23373.599609375
1472.10632861386,47597.5
1808.74613273208,24952.099609375
1031.94763175802,12693.7001953125
1231.56631552324,21733.19921875
948.169221000755,7165.5
1341.84903119706,15268.0
1048.14764731447,15599.900390625
1356.15296124177,57508.69921875
1922.49388144606,17841.30078125
891.349943923,11440.5
2009.6322533367,17540.5
1947.38868085535,27044.69921875
1534.98735218605,31766.599609375
1231.8450959164,22638.0
1338.31413592409,16143.2001953125
948.331787185256,15406.5
1058.98431585864,13680.900390625
2058.03619549289,24825.400390625
1597.88988040087,18738.5
1077.53156873016,16353.0
1974.87183699251,19713.19921875
2138.24940391605,28236.599609375
1086.17944349207,10967.099609375
959.634203948213,12713.0
1996.84200500306,34100.69921875
1185.47919219797,18296.0
2276.6931733737,33150.19921875
2038.6922680366,57463.6015625
1522.89840033303,14474.2998046875
1030.37088461829,6288.7998046875
1246.75193591609,25633.69921875
2021.03105101097,25114.19921875
1512.79623232911,18457.5
1196.50204860664,29813.5
1733.95900248081,20955.69921875
1410.42287964827,22480.19921875
1245.88339348417,16663.5
2287.08426126549,30807.5
1607.40774609394,25317.19921875
1604.57136172613,19598.69921875
1136.96015006332,10558.0
1523.13662274733,19915.0
989.582260108336,11963.7001953125
964.735038328089,11592.599609375
1203.54509762807,11791.7001953125
1111.2465028885,15672.7001953125
1852.43777257511,19778.5
1303.95450817869,18941.400390625
1236.91495469703,13041.2001953125
951.7323062975,11573.400390625
1415.42855877004,16880.5
1258.06036952207,13870.7001953125
1790.08411415114,21329.099609375
1023.59669934134,16131.7001953125
1791.38152378262,24402.5
1726.00885866294,20476.400390625
1723.48769001545,25296.19921875
1214.28950791263,18425.900390625
2132.87770017735,36305.6015625
1071.26435818898,11742.2998046875
1019.96809730951,20676.69921875
938.809687417462,8798.2998046875
1541.15829323894,19502.19921875
1124.66049728166,14991.2001953125
1956.89596136164,37502.0
1318.42245290714,15870.0
999.198512327056,17417.599609375
2002.87912701032,21736.69921875
2082.94859973916,19578.80078125
1416.220442165,18186.599609375
2167.25727264313,19176.19921875
1213.45160681089,14265.0
1747.94905388142,21599.0
993.450867322763,11601.5
1680.36854164326,19497.099609375
945.880480770584,11684.7001953125
1064.60003600862,45425.69921875
1065.90825367292,16814.19921875
2186.51473583679,41098.69921875
1440.69395114003,73652.0
1850.04106343968,33295.5
1043.71211978014,13870.0
1696.35573923371,21122.599609375
1017.69261641859,10208.5
1621.96081800879,42850.1015625
1246.43738873388,48400.6015625
1052.14316534737,32629.0
2198.15465292384,19860.900390625
1883.92324354931,20235.099609375
1954.84399504652,53163.5
2099.0184732096,26270.80078125
1132.37486999165,19898.80078125
1152.56750658251,17895.099609375
2246.68806862793,27951.900390625
1011.93026357581,11004.599609375
993.978566740031,17832.5
1904.48101337294,23409.0
2063.86919052962,19412.5
1906.27002136357,20312.19921875
978.460237212894,11036.2001953125
1144.59073266313,17765.69921875
988.539006382855,8752.2001953125
1948.57288469968,45518.8984375
2042.59029092801,35850.5
1730.23301673051,38813.5
1025.77212236134,52579.5
1534.3805424254,19175.19921875
1424.73249226693,18765.69921875
977.61665353719,9007.900390625
1094.28780799671,11894.5
1366.60065202714,18337.0
2119.08932444086,27598.599609375
1061.45422991746,21430.0
1067.5787075715,15003.099609375
926.619507751827,11487.599609375
1706.85156476322,24470.599609375
1725.81665395542,51093.3984375
1263.89860144069,7794.39990234375
1155.73693435366,18754.30078125
1198.61997734892,17964.099609375
1457.50757326128,18483.69921875
2065.87903894361,33938.8984375
1570.13897474942,19351.5
2217.5534005054,27408.099609375
1837.19376652038,26497.5
1168.47124833185,49769.69921875
1976.027516544,26500.19921875
1900.24315027405,113075.203125
1872.55341585995,26991.0
969.681551826859,21700.900390625
1004.87128106268,12625.5
2090.85562284874,50019.0
1998.9307409144,28665.099609375
1219.505553694,20018.5
1195.66058196829,47499.1015625
1355.86905538974,14127.599609375
1208.6770190302,16261.0
1526.99096781535,22248.0
1271.30243819715,18102.30078125
1932.18523277948,25657.30078125
1159.13522500553,16467.400390625
1022.45361059097,9776.2998046875
1167.25573461923,15363.099609375
1872.50461257769,17143.900390625
1891.92141068831,23632.0
1202.44189831845,15619.7001953125
1016.62184120745,16244.7001953125
1143.29042603317,44520.19921875
1143.09109025245,15992.5
1270.63958265801,16545.900390625
1180.07818420532,42434.5
1317.32426763337,28386.69921875
1236.80052325668,15108.5
1276.2677821861,16935.400390625
2059.02964312895,24988.099609375
1664.79472345273,15442.0
1148.42368451153,18781.099609375
1884.77072703067,74785.8984375
1232.74037987285,14020.099609375
1449.66628973282,16842.5
1052.60701937483,15486.5
1216.77112138843,21832.30078125
2017.73671803568,34397.80078125
1870.4657941788,73603.3984375
1389.4043756417,19147.30078125
1070.68317572266,17727.099609375
1318.2017239068,16722.0
1734.25884182454,43762.0
1136.38888424568,74348.203125
937.855906376117,8328.2001953125
2065.83157273759,24867.400390625
1011.46106124343,13550.7001953125
1101.36394965473,13306.7001953125
1083.70529535853,18744.5
1012.56247778475,11429.900390625
1864.76639534167,25815.0
978.689880054741,12439.0
1056.6863275179,17299.19921875
1429.83332664681,34949.0
1132.92006282288,38137.0
2006.91174890849,30797.0
1056.51629599114,64389.3984375
1038.19400619468,12201.099609375
1027.39800705238,12048.5
1135.81059877785,17993.0
1248.18093613283,21999.599609375
979.688898841739,27629.400390625
1288.1745574033,17807.900390625
2229.22919580452,27732.80078125
1465.04868317697,22627.19921875
1191.54639842032,18321.19921875
1057.94429340071,12541.5
2003.32704754609,29612.400390625
2125.01480058324,28016.5
960.586982182389,6138.5
1709.72828426386,15037.2001953125
1937.26835089936,22211.900390625
1053.23956785284,19308.5
1073.77382741949,53690.5
1155.45848822956,12157.599609375
1102.31171385306,15295.5
1060.39415131613,13739.099609375
1866.48955232816,53760.1015625
1285.09003397251,19960.0
1984.44753123236,26469.0
1240.12182060252,68157.296875
1016.29314330185,35709.19921875
1796.01393579125,30596.0
940.718363730341,10505.0
1019.48708413714,10316.2001953125
1003.9196170587,11884.2001953125
1167.7000896184,18481.69921875
1138.44731309589,14323.400390625
1968.87103888939,65411.5
1141.68303756326,16287.5
2039.38108513912,23151.5
1087.19339296359,11035.599609375
1058.33293689045,10895.5
1530.47059727097,13390.900390625
1201.92745824042,14579.0
2056.40719095732,23568.0
1321.34574722965,25699.099609375
1140.19331180125,20901.900390625
1035.24853869141,18901.30078125
1116.95136145356,14607.400390625
1848.58420746823,22108.5
1015.10537392092,51222.19921875
1837.84091141386,20256.099609375
1017.92537910496,13222.7001953125
985.513648575074,14732.900390625
1231.08318531351,20410.900390625
2028.55210478325,30265.099609375
1285.52001540224,17738.0
1300.35543324686,14445.0
1200.22848004902,14448.5
1969.0011809754,27115.599609375
913.791431303283,7636.39990234375
1534.31212869182,20214.80078125
965.135158388775,11288.7001953125
1140.00400409222,18335.099609375
969.179925396002,12177.2998046875
1000.59185717776,45137.69921875
966.544548154192,12239.099609375
1205.05933645422,37874.0
955.82910785453,10924.099609375
1069.74766805641,18499.400390625
1626.35857313973,98990.3984375
1048.00680861864,14189.2998046875
1941.93029000799,25790.69921875
1519.17464304311,36621.3984375
1226.2511032551,32036.599609375
1070.6946522936,11652.0
1244.74197607908,16816.5
1082.49301291346,16103.599609375
1650.37424493031,76311.8984375
1929.79610040933,15910.400390625
934.905090567947,17504.19921875
1206.72912181469,17521.19921875
1943.73021745448,27278.900390625
1885.84395354822,26144.5
985.686131408252,9767.5
1411.45621672507,18643.5
1878.92502976979,39806.8984375
1170.89124487822,17726.80078125
1800.41982480257,27384.599609375
1326.45738964236,14117.7998046875
998.545239167546,10169.2001953125
1114.26584385326,16813.900390625
1177.07700519263,15519.599609375
1028.50287770729,16254.099609375
1006.46151038769,11164.7001953125
1856.10247566505,27051.30078125
1237.95252584855,54029.19921875
1099.46240441506,12463.7998046875
1871.95351432647,9922.7998046875
1948.52185295705,37166.8984375
1302.93086490453,17764.5
1975.72444593274,24966.69921875
974.828069644463,14092.0
1055.94792717199,11126.2001953125
1905.40560158334,23625.69921875
2071.71582236299,23595.69921875
1140.60914250759,14606.7001953125
1061.64242339629,17168.30078125
1531.70572143491,19609.30078125
981.02530652981,10223.7001953125
1777.25887898958,21344.900390625
1921.3774227972,26091.599609375
1042.34830202943,11612.900390625
1155.12332778886,15908.7001953125
1059.53597122496,15926.7998046875
1013.71347756946,16012.400390625
1214.22098275604,14447.599609375
1459.23474147646,29511.5
1093.73080432548,11169.0
1259.28802834374,13619.5
1062.94674125494,10839.400390625
1098.41458234581,12021.7998046875
2015.97356018542,23920.19921875
1237.17557313812,28880.599609375
1005.55508412936,45139.69921875
2072.15616613348,79576.8984375
1968.03960032274,26069.599609375
995.090234199085,9358.099609375
1019.15760627041,43010.0
1178.83737746742,11608.599609375
1654.88464873331,20244.69921875
1602.08295144618,18451.30078125
1067.00677321575,14735.0
1728.63989040701,61728.0
955.708213879079,15622.7001953125
1108.60522022669,22941.80078125
993.156710553003,12640.5
1060.33175442558,15493.2001953125
1612.85978582923,18770.69921875
2038.66909204868,25359.599609375
1390.44629229095,17119.69921875
972.423115205632,11984.7998046875
1177.81729972986,29277.80078125
1776.52114718178,44091.19921875
1632.11401775535,14901.2001953125
1782.92485092105,21707.900390625
1036.98930051488,11281.2998046875
981.406818946348,11182.7001953125
2042.46170876425,31954.900390625
1094.8386834019,11261.0
1070.86858362603,14424.0
985.210577963806,12783.400390625
1750.86566282281,18997.19921875
996.469094057337,11359.400390625
1208.45952129741,16964.80078125
1010.6025468832,13775.400390625
1838.9921340446,22407.099609375
1999.92084585989,59960.5
1966.62987628827,25529.0
1327.16370015884,24554.400390625
2074.81003959642,22956.80078125
1770.22329531041,26122.099609375
1478.15314442376,50672.30078125
1533.13795291919,19757.400390625
1091.54691315605,14825.099609375
1705.74624841624,22019.099609375
1609.25747962985,54599.5
1298.18123588006,18445.099609375
2024.93375366916,73934.203125
1937.12149536052,48325.8984375
1938.40932261237,24850.19921875
1211.4737368033,19155.80078125
1858.11377257829,25964.5
1044.34990514003,8670.900390625
1222.25168541654,15876.5
1511.93337247115,18284.0
1018.6905209754,14586.099609375
1206.17111533629,16169.2001953125
1287.54446023171,10891.2001953125
1389.17941256664,19233.69921875
1164.93245325321,12150.099609375
1164.38414057746,17446.69921875
1211.06693136149,28001.80078125
1674.30256107411,23421.80078125
1226.85156190367,12510.599609375
917.230001376464,15069.7998046875
1351.82473407459,18948.19921875
1899.15321030367,18898.19921875
1061.25556267485,12090.400390625
893.045690846858,10669.5
1264.13994369951,16819.900390625
1144.80934462611,14302.099609375
1715.16394481537,75528.1015625
1835.76710618704,58959.19921875
1838.59892221108,21228.099609375
1052.55175355748,12364.900390625
980.908312360019,12220.5
1962.04169921811,28719.30078125
1073.11776868451,52523.1015625
1275.45272280322,20045.599609375
1142.71102633515,17791.900390625
1202.91043211271,14517.7001953125
1112.64463892902,14124.2998046875
1743.04822382038,19693.69921875
1590.27500844671,46433.8984375
1315.57035789367,15680.0
1127.39125262761,47766.0
1043.84794444012,54811.1015625
1073.87655944287,21786.80078125
1018.98189216968,13419.2001953125
1056.6791964447,16339.099609375
953.448777902864,13664.7998046875
2129.15015450479,21225.19921875
1973.26600844486,20195.900390625
1459.4300660285,24019.099609375
1532.6822327721,20307.099609375
1181.81961456691,13394.900390625
1838.67948105371,88354.203125
1072.57903838837,46852.3984375
895.861740513731,15161.7998046875
1899.73751261451,53162.19921875
882.137655859115,39884.6015625
1367.62997787526,16781.0
1248.60924621728,11661.5
1051.77413230894,12758.599609375
1069.85318565526,16780.69921875
1401.38814416492,20100.099609375
1689.76729612918,21491.099609375
1946.61963917926,13086.0
2028.40836908894,31353.599609375
1180.46504492676,12255.7001953125
1148.92464240427,12892.7998046875
1925.49428049762,19026.400390625
1102.38436166135,11141.2998046875
1302.79749155096,18601.5
1786.74209212379,21636.5
2041.06825249053,111600.703125
1118.48353938574,18741.80078125
2029.63602791062,31059.099609375
1024.9170621147,17579.69921875
1012.18341667463,64741.69921875
1027.12268077281,14380.099609375
1069.81897878847,11514.2001953125
1659.31906203745,16374.599609375
2024.1359648542,30277.30078125
1132.74635433649,17531.599609375
1080.49452964739,18301.69921875
1654.10981306023,71954.703125
1866.1433610086,20363.900390625
1072.26560543635,14641.5
971.325598469972,7823.39990234375
1961.43020969067,27101.599609375
1620.09180829062,17905.80078125
2023.91935850556,60346.5
1199.36027188615,17358.400390625
1831.88713382469,24975.19921875
1729.56481288648,20442.900390625
1242.9828294575,27764.30078125
1118.02859919979,23969.900390625
1813.44506428297,29332.099609375
1182.04201491253,16081.5
1107.79016084381,16423.5
1171.35509890569,15106.900390625
1451.93787081809,20747.69921875
1914.92357869944,45558.6015625
1913.3999803397,31348.400390625
1266.89220368809,17192.19921875
1868.33193194483,25839.400390625
2006.81414234398,22658.69921875
1070.05920681711,10675.599609375
1779.26839313452,26864.5
2246.15858644236,37992.0
1196.10137143086,20426.5
1048.46531434121,18756.599609375
1671.89938940358,26125.400390625
990.815601503972,9747.2998046875
1443.37880020221,16491.19921875
1143.04217554717,15942.599609375
2263.61010534652,69652.1015625
1345.04230349425,14564.5
1251.42100609793,19029.099609375
1999.28150057773,25782.69921875
1082.29189436443,10547.7998046875
1066.05154367516,12132.7998046875
1555.27313842066,42128.80078125
1489.42659120182,24044.5
1910.80917230543,50779.8984375
1212.25002097562,77916.296875
2068.06003311456,18231.599609375
1463.54291250024,22284.69921875
1926.51290973593,24341.69921875
1324.89211907357,17132.69921875
1898.54172077623,65670.6015625
1793.10156092458,19434.30078125
1741.74290315457,23152.30078125
1257.15862303053,8053.60009765625
1223.62831681442,21322.19921875
1026.90418023285,15936.400390625
1383.40502603783,15587.7001953125
954.743401958867,8766.900390625
1593.3110628643,23823.80078125
1159.94683027483,14126.400390625
1238.2206096319,18054.0
1403.83020246902,19213.69921875
995.38483666092,11859.2998046875
1414.44837047323,19364.19921875
1098.7189900333,14397.099609375
1821.30963522236,19385.0
877.09776987055,11081.0
1178.33786807392,12884.0
1845.45901463556,29649.599609375
1121.56739427842,11840.2998046875
1909.20356660382,25129.19921875
1195.6931174898,15358.7998046875
1517.49950937774,16835.400390625
1329.57144017314,9063.599609375
977.092185387469,12372.599609375
1224.25518271846,21573.69921875
1736.39671528719,15372.2998046875
1090.96795915011,57802.3984375
1760.47010420153,22748.80078125
1062.06672225207,16554.0
1912.21221095877,29938.900390625
1211.29657420334,20308.0
1631.15277137174,37802.69921875
2049.65896724377,19943.0
1030.18937652058,11006.599609375
982.19836807225,12761.7001953125
1363.14988113339,18737.19921875
2206.08128648474,23941.19921875
1046.4140165642,43519.6015625
1121.13874992491,33347.6015625
936.1580424149,11571.2998046875
1985.10826973414,18895.80078125
987.325943976649,32745.69921875
1017.29572762545,15912.5
1200.67695769988,17331.400390625
1101.50657111886,16947.80078125
1227.01813931685,16317.099609375
1112.31482679322,15798.900390625
1011.01681766728,21883.19921875
1267.20920217672,15810.400390625
1049.91971900624,10161.7998046875
1363.98889646532,16171.2001953125
1058.12936703501,14273.900390625
1887.2980239442,25231.099609375
1449.37603276872,18467.5
1126.79090540205,16673.5
1132.04684062416,19774.599609375
1872.18616558982,22026.900390625
977.489742718721,11720.2001953125
1569.73317211477,18388.599609375
1796.61439443983,23113.80078125
2054.69996746252,21857.69921875
930.769068108282,9667.400390625
1914.14339472146,25423.099609375
1908.23240357154,83753.796875
1386.50347734597,20004.900390625
1161.28780630667,23786.099609375
1665.78337989898,28989.69921875
1702.89560190202,17861.80078125
1284.66350665635,25706.599609375
1458.89066719425,20837.80078125
1290.59555675684,23836.599609375
1949.93536537416,27548.900390625
1150.72523838887,14385.5
1351.00254361851,16811.900390625
1024.8532167249,10640.7001953125
1061.61066783592,11508.599609375
1020.3008064438,10051.0
1302.45876557366,23122.599609375
1280.14385474279,26714.599609375
1516.31608549455,18124.099609375
1403.11319534273,16413.69921875
1206.7882874377,14737.2001953125
1370.60263259513,20783.19921875
1023.71870754698,12636.7998046875
1211.80288040098,34706.19921875
1901.91003863602,20494.099609375
1902.4058710699,24293.599609375
1195.1043582582,38038.6015625
1901.6161047123,21886.099609375
2061.27726826516,20553.19921875
1718.23030629409,32949.5
1184.9497100124,52914.69921875
1081.72642254378,14817.2001953125
1801.43243719787,73978.5
1938.18580803656,21864.099609375
1932.78402008278,28413.80078125
1875.01274473198,26071.0
990.226842272376,22231.400390625
1758.65602603165,23227.099609375
1835.56353633161,21675.69921875
1003.89354407228,65045.30078125
1228.83611729239,13254.599609375
1088.92345817725,15459.7998046875
1476.54185614819,18230.099609375
1857.57749358857,16149.099609375
2124.85167728364,20087.5
1099.61215695239,13165.900390625
1053.62676284334,14761.900390625
997.428223403587,16267.599609375
1195.23984864912,12380.7998046875
1105.58086522608,12068.599609375
972.856327902916,9196.2998046875
1271.59659496691,17390.599609375
1534.02610580244,32496.19921875
1154.72967026327,17498.400390625
1403.88368551807,16291.5
1932.79293392428,15470.2001953125
1906.06923708361,18425.400390625
1707.80144599891,27955.69921875
1250.2119549204,15155.900390625
1036.08900252259,11183.2001953125
998.816219949386,46788.6015625
1154.03829043132,27478.5
1186.07430254164,12910.599609375
1033.59769524415,11708.099609375
986.480243263587,10477.7001953125
2105.81973428013,26021.80078125
1029.57187015012,12002.2001953125
1357.70218689584,23559.099609375
1507.72213947376,22505.5
1907.9614227897,19383.19921875
1173.75002527282,16704.5
1057.88646485392,14244.900390625
1010.83965506731,15393.599609375
1476.92726837039,22524.80078125
979.638647060238,12744.2001953125
1563.49103175283,16816.80078125
1324.18358009671,28036.5
1599.57704775227,28071.400390625
1510.69290000231,16210.2998046875
1043.71635385486,20868.400390625
1362.59800292104,23104.099609375
1470.42974644925,28104.80078125
1826.7979988618,19788.099609375
1912.08095464257,22620.099609375
1086.0992189185,19271.19921875
1019.38802907339,17639.900390625
2070.65084114883,26844.19921875
1734.08123353249,19121.0
1248.65515250105,13863.400390625
1930.7766229752,21854.099609375
1054.96205630122,12610.7998046875
1114.07898745065,14187.0
991.9761836683,11421.099609375
1842.86363825752,21101.400390625
2019.46154636746,22725.69921875
1014.25855897767,12604.599609375
2176.8969236958,15926.599609375
2143.56205345476,16638.599609375
1601.83548092132,84599.703125
1149.62025631095,25756.900390625
923.290355083156,8523.5
1150.74061476547,17438.19921875
1146.62241998882,48907.3984375
1138.17844935141,15025.2001953125
1555.25252516218,28267.19921875
1588.63764718472,14498.5
1170.46471756207,12868.900390625
1413.67398049223,16826.599609375
1325.0193641611,21893.80078125
1215.8836370433,10156.400390625
1171.61360030942,12633.599609375
1279.07954206675,21843.19921875
1628.8080967861,26288.30078125
1877.80634266055,20563.0
1116.97632020978,12266.900390625
1960.35631463501,25444.099609375
1129.25714250125,13429.7998046875
2098.50904716743,29242.400390625
1152.56472100704,16264.099609375
1096.82034179212,20566.30078125
2070.12626157609,49478.6015625
1243.80501991358,16844.80078125
1632.23457746174,22950.099609375
1295.5059691975,19655.19921875
1479.67128305558,20994.400390625
2161.96601632404,26170.69921875
989.513400682687,27765.69921875
1075.9445706727,14578.900390625
1167.48615742221,21086.19921875
959.081545774724,10362.5
1331.63098325354,20978.599609375
1185.6354072704,14226.400390625
1184.32540683779,21944.5
1080.41931910966,15934.099609375
984.731681828794,8469.2998046875
1643.47704864056,27067.900390625
1694.33018017406,21145.599609375
1633.03927450387,43945.19921875
1943.56753984696,23039.599609375
1147.07022910157,8871.2998046875
925.818654803852,7770.7001953125
970.835337187038,11323.900390625
1143.57277196293,18411.0
1079.79178466751,9861.2001953125
1468.54758881485,16738.400390625
1102.9527304805,16465.69921875
1060.87048472171,55049.5
2228.7088503065,42174.8984375
1723.61538079505,18246.099609375
1812.0360087866,29483.30078125
1620.59020345393,25859.0
1134.2656071985,15983.400390625
1484.90448798185,18115.099609375
1812.06096754283,21044.30078125
1056.90850501749,13823.599609375
1528.14408463741,19984.80078125
1722.91865265819,23077.599609375
1285.46363535471,20566.69921875
1921.84138824768,32299.19921875
1258.98317496417,17104.900390625
1425.69162161318,78298.203125
2032.4728579705,23071.0
1026.58996731969,10968.0
1525.82860288272,21452.0
1105.68214875021,19042.099609375
1966.92158175161,59936.6015625
999.477292720215,15440.7001953125
931.959623064681,8188.7001953125
1203.11656469758,19601.900390625
1266.4931978576,14142.5
1044.80985936184,12360.900390625
1365.17020331116,17298.099609375
1220.41721683422,13682.2998046875
876.508732081406,9084.400390625
1107.28953722013,13627.599609375
1078.69181662543,18693.19921875
1070.52629211212,25363.099609375
1081.95606538562,16551.69921875
1366.79887357767,32186.900390625
1189.65131571574,20611.099609375
1733.89192582347,18496.69921875
1794.10815647686,33372.5
1360.9739009983,18206.0
2004.22021446518,20520.400390625
1418.04309990733,13910.900390625
1176.36322933388,24069.80078125
1518.44727357607,18480.69921875
2060.2305604261,14299.7001953125
2136.81249266498,22837.80078125
1826.94418586253,27005.19921875
990.804904894163,15077.7998046875
1281.59970790707,25643.69921875
1214.05563099607,12719.900390625
968.492779638762,10220.099609375
1267.45700697064,15726.900390625
2096.30086577988,80761.3984375
1301.8743518398,44860.69921875
1830.62203686868,22130.19921875
1290.44936975611,69650.1015625
2196.18380256644,27081.400390625
1037.34975398086,12303.5
1018.19535707963,14806.2001953125
1335.10337021294,24726.599609375
1114.45303452493,13743.7001953125
966.971075470345,7866.0
1053.74086001464,12001.2001953125
1080.58188529416,13384.400390625
1867.87264626113,23630.900390625
1881.94147373607,19448.099609375
1822.31511654446,53705.5
1346.03965093596,11018.400390625
1132.30679052714,13647.2001953125
1157.60382703447,19185.099609375
990.793094054165,11698.7001953125
961.233012845674,10241.2001953125
1546.24241416599,17179.19921875
1691.16788347611,20167.69921875
1019.01788180477,11162.7998046875
1257.11260532374,27102.19921875
1749.24802343516,20348.80078125
2236.91560133678,32474.69921875
1979.92041397654,30381.900390625
1092.34993885289,16547.400390625
1894.49929365239,25715.80078125
1175.39942022084,13677.400390625
1231.07527427917,17047.5
997.324822842096,9984.599609375
1712.28689104568,19542.400390625
1902.37667823896,20433.099609375
1958.02333946635,24623.69921875
1206.61792164188,16868.5
1022.17873000347,8240.7001953125
1257.4268182369,58026.19921875
1939.88500907401,22704.400390625
1090.46087299133,16549.900390625
1113.40053268889,47178.6015625
1193.50276378527,14267.2001953125
1124.5289066964,18218.099609375
2322.04457050551,27753.0
2019.61976705423,27534.400390625
1046.70215649095,14633.400390625
1023.64171424096,10447.2001953125
1279.43642999612,13894.099609375
1086.50101032446,20145.19921875
1858.82052878684,24999.69921875
1919.1068445191,25393.400390625
1493.70066678184,20310.599609375
1220.94279921413,21337.599609375
1226.28753858226,20005.5
1417.50938364704,22581.400390625
1334.86559349072,22601.80078125
1819.44987361476,20379.69921875
990.578047627787,15980.2998046875
1588.79308229602,21207.69921875
1724.79557341069,21444.80078125
871.680661251672,16188.2001953125
1205.68375105185,17327.900390625
1082.63273737909,55908.6015625
1068.61594445396,13119.400390625
1318.69978480105,26742.400390625
1089.31488724247,14411.2001953125
1947.12304837842,46550.6015625
1290.16769236446,23369.0
1103.29580195553,14216.2001953125
1019.11916532891,14817.400390625
1788.30090015749,16764.0
1779.11652355982,22777.69921875
1160.19062384007,17340.599609375
998.17798889742,26824.099609375
1111.96072443932,12760.2001953125
841.828206041722,7877.39990234375
1064.94132471535,10084.7001953125
1035.65356136492,12703.599609375
1323.79816787451,19638.69921875
952.070698005743,9437.2001953125
1300.81405039244,15994.599609375
1201.18649516508,12693.7001953125
1981.74084325849,34947.5
982.085719400194,9484.0
1032.8147256907,14909.400390625
1593.00219825605,62997.3984375
2228.77169288913,20697.19921875
1495.42282096117,20160.19921875
1559.20347398753,38696.8984375
1884.69919345257,20263.69921875
1540.37487799342,50770.6015625
1114.94396434598,15975.599609375
1095.18487472146,32791.69921875
1091.07670801651,17407.69921875
1437.87717722353,22406.900390625
1783.96565334012,18978.19921875
1040.06413014303,11298.599609375
1607.13888234946,20750.69921875
1017.33249722167,9587.0
1152.88417080208,19550.69921875
1868.31555276106,18240.69921875
1007.04625839061,12292.900390625
1731.38925339711,19997.400390625
1693.62988650059,21137.69921875
1006.78597421858,9834.0
1297.07770230138,79901.5
1340.93380252024,21256.900390625
1043.41261470547,15660.7001953125
1385.10467276735,26019.099609375
1874.75914594108,20319.69921875
1842.65260305982,27299.5
1918.21768882868,21552.69921875
1397.58627933878,80981.203125
1000.08276540464,37395.8984375
1883.59409995163,27922.400390625
1333.13029139517,18773.19921875
1732.01533934002,23514.599609375
950.246480341152,8048.10009765625
1644.67150340262,30164.19921875
1020.60209428676,10602.0
1033.81129317128,14187.2001953125
1802.79881767801,57466.19921875
1593.26504515751,22496.900390625
1561.53778623241,26168.400390625
2115.96056607159,27083.19921875
1073.55098138179,12132.900390625
2009.421218139,16720.900390625
1021.3105218406,9391.7998046875
1181.60389960241,18129.19921875
1177.76693652534,23055.19921875
1243.00422267712,15477.2998046875
1238.17648611644,26987.69921875
1062.05000879924,14546.900390625
1187.30118140219,22499.099609375
969.464054094067,11088.2001953125
1026.62317137931,12795.7001953125
2303.07391016236,29355.69921875
1055.58457670753,9657.400390625
1892.91842386097,21989.69921875
972.699444292377,11700.5
1194.13921206893,11492.900390625
2043.09771135584,28809.400390625
1606.73029413934,47672.3984375
806.789287861911,41764.69921875
1461.09873715878,14475.099609375
2365.11491559544,70770.703125
1142.79838198193,17523.80078125
1347.5307137742,18928.0
1980.57892401794,55209.1015625
1504.85756508218,21788.900390625
1002.70053780947,12250.0
1648.52295147214,51460.6015625
1953.27404471094,41980.19921875
1286.52438249415,16381.5
1030.46860260582,12018.599609375
1767.3987217826,17537.900390625
1122.80062425104,15757.7998046875
1960.49135933385,14282.599609375
2276.93206432611,28908.19921875
1054.59514030015,49978.0
1233.41716328933,18816.599609375
1399.02987597098,40674.80078125
1307.08438077815,17077.0
1277.95996357336,14306.0
1514.04806994588,12831.400390625
922.853576849269,9078.7001953125
1135.90441695972,16226.2998046875
1395.10176886449,17024.599609375
1030.85078356047,12752.099609375
1254.39143235742,18559.19921875
1069.71914376358,11300.2998046875
1809.16218628446,54282.1015625
1111.25263115454,13855.900390625
1078.44000060283,14350.2998046875
1063.04802477907,11312.099609375
955.009034435803,7462.7001953125
1141.97396306547,29559.900390625
1116.17875424086,13900.7001953125
1245.19167938315,19876.30078125
1917.41187755637,21775.099609375
1175.58025978043,11786.900390625
941.408295063052,9787.0
2262.720281118,21670.5
1997.10875171018,19765.900390625
1139.82115891829,17022.599609375
1997.35611081203,27019.69921875
1082.98895677035,13991.2998046875
1146.46943618394,18881.099609375
1031.94830029613,15381.400390625
1078.85404854088,12446.2998046875
1245.84094131399,64532.8984375
1077.94907078179,12047.2001953125
944.517108711951,7690.7998046875
1291.6658862759,32457.0
1157.30543619,17222.599609375
2058.05937148081,29978.400390625
1165.85024465947,11225.2001953125
2073.1086100986,13876.5
1250.31925528755,14928.400390625
2043.37582321089,14665.7998046875
975.938734296347,12366.0
979.102033801462,11589.0
1129.56845841591,18544.099609375
1000.93348015355,12088.7001953125
2507.76534970671,160360.0
1040.5971778652,47925.6015625
1294.65347168029,14406.2001953125
1447.82112454069,24747.30078125
1168.57108335674,13304.5
1007.24982824605,9654.599609375
1969.02257419502,38885.3984375
1758.11941277288,19865.5
1863.31410771399,23907.5
1665.18760101719,31385.400390625
1022.92927545844,11283.2001953125
1646.21827775027,17564.80078125
1301.64047492324,64304.0
880.25967658793,5093.60009765625
1140.20333987295,16267.2001953125
1623.1118177935,20341.30078125
952.799070279957,13516.5
1292.91315554889,17632.400390625
1373.10029098564,19257.0
1659.63817756343,23004.0
1800.20377556902,18429.400390625
1514.02779095645,24018.099609375
1399.29194291132,15109.099609375
1619.33301753226,51301.69921875
1881.09265317848,25794.30078125
1429.36690988991,18479.5
1641.59801085069,18998.599609375
2238.71018047836,34802.30078125
1096.4199988854,11692.5
1862.30974062209,93204.296875
1065.60228606316,12564.7998046875
1237.26972558905,19476.30078125
1375.01464987248,14878.599609375
1649.62548224365,14655.2998046875
1031.25836896342,18446.900390625
1356.53581073453,35063.30078125
1839.09776306647,23138.80078125
1721.75662199461,22442.30078125
1811.9632495553,26524.099609375
1225.35793633601,11255.5
895.444962711728,10071.400390625
1256.98859150376,14033.2998046875
1620.07464914572,22726.900390625
1288.3306610527,17899.30078125
1466.75234113516,26606.599609375
1165.46839797387,12326.7998046875
1413.57481400546,57040.8984375
1172.00146383803,24442.30078125
1025.09467040674,12315.7998046875
1006.26685437376,9742.099609375
1317.65508257633,17996.099609375
1033.35200748759,18021.5
1957.45775622268,35373.8984375
965.375052148356,17001.099609375
1611.13796591896,15668.2001953125
1059.13261989673,14596.099609375
1143.91183220929,13649.5
1160.51976743775,20364.599609375
1157.979322608,11736.2998046875
1281.61040451688,22343.80078125
1122.68585854162,39222.3984375
973.297674480576,13396.2998046875
1305.79577356516,16466.80078125
950.343195521513,9933.599609375
1025.1298800807,14861.0
2054.04457726565,27581.400390625
1795.56033268152,28822.599609375
1368.44370018192,85928.296875
960.415836425437,13044.7998046875
989.470279974393,11227.7998046875
1977.2783513536,25541.599609375
1040.23249032451,16306.900390625
1594.95076400967,17454.5
1555.26099331161,100361.6015625
1349.84474702965,20286.19921875
1309.67830865695,17402.30078125
1538.59032692354,21058.80078125
997.702435452974,12219.7998046875
1862.04444241421,88456.796875
999.71974920923,14092.599609375
2372.19673982743,35332.5
1063.97361579665,13586.400390625
998.600170715838,11565.2001953125
903.106186641728,8797.5
1138.61667608454,65346.30078125
1955.87332089465,29906.400390625
1515.98482485951,22444.30078125
1630.82763900274,31030.80078125
1432.12663522075,15713.599609375
1294.05156453247,14736.5
1047.2191592984,9950.900390625
1982.11990436861,23274.0
995.944180215541,14248.599609375
1539.28170675549,17986.69921875
1053.2416848902,21112.099609375
1082.05122064372,13003.2998046875
1558.59231872915,18685.900390625
1065.35448126924,9331.7998046875
1067.66071491337,16932.80078125
2134.79127910306,23375.599609375
1131.65530013593,17625.599609375
939.237886078898,10484.5
1064.74555447123,18356.900390625
1271.98089295892,15226.0
1569.28892853862,22484.400390625
1631.63835288788,18614.30078125
1925.21795141087,28094.30078125
1074.46130744578,13599.099609375
1800.2308513626,26194.099609375
989.92733719771,11660.0
1157.16704880059,13030.599609375
1354.86000853105,19606.099609375
2090.71077292424,30431.30078125
1605.60458737991,16549.80078125
2155.50704676741,160473.09375
1619.07128486099,15230.599609375
958.714629773655,10416.0
1028.42087036542,10477.099609375
937.344251873564,10775.2001953125
1036.73391895568,14053.099609375
981.663537581776,10154.400390625
1030.40620571526,15732.099609375
1179.64352300879,15221.7998046875
1191.37803823884,31516.69921875
2076.11859152977,36223.30078125
1395.86835923417,20165.30078125
1475.7420617189,23170.099609375
1054.4429364564,11251.7998046875
1095.98957176358,14450.7998046875
1874.6836011343,22742.30078125
1028.34643978883,12539.599609375
1138.82058020903,17274.099609375
1775.21081248012,23117.80078125
1145.69248347351,13255.400390625
1087.18626189038,17474.30078125
2089.40912921805,31409.80078125
946.632140455737,13131.2998046875
1164.09455215147,16528.099609375
1118.39618373897,22295.900390625
1030.48531605865,10074.0
1642.99636973724,22361.099609375
1876.57623253246,25439.19921875
1028.15345512018,73494.6015625
1157.88015612122,16367.400390625
1274.38194759209,18910.400390625
1123.68242602221,10970.099609375
1556.43940315895,20927.900390625
1062.08744693358,14075.5
1293.08530411301,18506.900390625
1195.79150401544,15454.0
1948.01888944996,13458.900390625
1127.54991900645,14973.7998046875
1895.13863893455,28738.400390625
1963.3007793311,17523.400390625
1835.34637286787,26405.0
1870.08227614792,76551.1015625
1082.85056938094,12815.7998046875
2157.79990964928,33438.0
945.306429377475,12358.0
1045.4096494723,11813.900390625
1270.29940818147,19834.400390625
1091.03425584632,12371.5
1017.94710659364,15879.7998046875
1259.886592801,18914.5
1256.24840838955,32248.099609375
1360.05142982525,18030.30078125
1820.10370388936,16146.400390625
997.960156895571,12748.900390625
1015.40387618841,13385.0
1000.77013400792,10156.2998046875
1068.09214484235,16440.599609375
1301.90644166923,20808.5
1077.54326814714,15710.400390625
2409.19609031238,35377.8984375
1227.39564050471,15328.7998046875
1054.76595178805,10787.099609375
1069.94867518241,17552.0
2021.9687871376,29541.099609375
1143.632271855,15205.7998046875
1967.04280999612,18973.0
1063.31399152506,15396.5
880.315666654901,12631.5
1030.85791463368,12674.900390625
1091.41933379947,16608.5
1022.43789994532,14219.2998046875
1562.24053121229,14079.0
1107.22145775561,32727.099609375
1939.77002051855,22096.5
1261.4625599796,21076.0
1247.90003870231,19332.400390625
984.6885611205,14727.0
1336.08288997164,22944.80078125
1919.39141890924,31821.30078125
1162.65229259549,15361.099609375
1290.51990052704,15423.7998046875
1067.87219580315,38850.19921875
2010.18402012604,23766.900390625
2181.36810659617,26757.5
2050.42845461194,26932.80078125
1167.39089074109,12909.0
896.012941550309,9693.400390625
1491.12556939323,19135.400390625
1444.60456483256,46016.30078125
1266.02577829353,13564.599609375
908.549368247017,10179.900390625
1583.6494614769,46861.8984375
1482.16292460307,16475.0
1133.53467219485,14055.7998046875
1032.82074253371,11724.7998046875
1285.09215100986,19587.0
1021.60323011112,12432.900390625
1073.74496885761,11476.0
1757.617674919,16569.80078125
1045.93055208542,12799.099609375
1394.75591181398,17921.599609375
2097.76674701586,29351.599609375
1124.54996564696,37352.19921875
1303.40686404105,52207.80078125
1847.68357520688,18949.900390625
1267.19594283748,13357.2001953125
1137.61587452924,14517.2998046875
1959.91797647886,40803.6015625
1959.57858196344,26001.5
925.099864909259,41214.5
2136.45705323485,31592.30078125
1076.05109107872,13523.7001953125
1100.33640657491,20190.30078125
1446.28437826473,22588.0
1790.54585114125,27493.099609375
1287.06534125066,18330.80078125
2074.16133478068,57903.6015625
1170.15852710627,17573.900390625
1830.21166589026,73524.796875
1912.53422348325,25506.599609375
1713.17014131609,18466.69921875
1125.12613407743,13955.5
1458.39895741207,20114.30078125
1034.31336529421,15610.900390625
2134.70882606911,21540.69921875
1505.5025929383,19549.80078125
1775.16980880918,29482.599609375
1824.66402520481,22682.0
1906.6952116035,32023.900390625
1991.98975537823,27289.80078125
1228.94096635313,16269.900390625
1452.53866373573,19916.5
1126.59368665869,17635.30078125
2208.55822019374,17193.19921875
1106.10544479882,12556.2998046875
1123.68955709541,14379.599609375
1152.66667306929,15556.2998046875
1096.56406884877,15341.400390625
2125.05201587153,22352.30078125
1909.28601963777,33523.6015625
1242.35351224704,18635.599609375
1390.26623269249,16620.69921875
960.80659695254,12586.0
1386.79406857913,50193.80078125
1087.13500730171,80833.8984375
1377.03697766459,14934.099609375
964.100818504802,11410.099609375
1663.77676275253,56646.69921875
1438.45869395891,17316.80078125
1901.4104178195,28190.19921875
1322.72817262451,35504.6015625
1755.3825291609,14862.900390625
1311.00535681144,22308.30078125
1368.30921259816,20089.0
1008.25285826172,10161.2001953125
1092.86337612374,12695.5
1151.62308507475,12596.900390625
1369.91192130129,19475.19921875
1283.18102339057,22928.099609375
1645.97403849296,34098.8984375
1651.01459301964,20412.099609375
988.585358358696,21340.69921875
1428.98684597261,27525.30078125
1551.42492161868,16932.599609375
1252.20542415063,19494.0
1069.06910187162,15034.2998046875
1736.7632970192,26666.400390625
1106.60595699949,12887.2001953125
2014.94468002937,21528.80078125
1340.41145140788,16601.099609375
1249.25594541868,70476.0
1046.27964040347,11523.400390625
1887.0816404416,21437.5
1137.94100689824,12748.7998046875
1268.19251031806,20381.69921875
981.498854359917,7451.7998046875
980.816054100412,49674.0
1098.19953591943,64896.1015625
1015.71374360383,7533.60009765625
1634.68020130245,13706.2001953125
1986.2619436713,20883.0
1992.56024123474,14009.400390625
1017.85128279743,13209.7998046875
1349.00796015809,22650.099609375
1130.12000235921,15140.099609375
2129.40731883229,126769.1015625
1438.98572483806,24351.19921875
1146.6459302458,18299.0
2083.29601671193,35475.3984375
1870.49721547011,37880.69921875
1668.21084178762,32102.599609375
1131.06776655754,31796.400390625
1001.72536354851,16302.2998046875
1108.11952728753,13390.5
1966.35176443322,21768.599609375
962.995502157823,10092.7001953125
1158.69031289127,15192.0
1944.00186677443,44422.80078125
1038.89507982927,10940.400390625
1587.46135437474,23765.19921875
1401.20385049174,23857.599609375
1704.66633651756,22478.099609375
1078.37838367341,21522.0
1837.69182741464,19736.80078125
1122.64775186918,14967.400390625
1917.79940681593,31791.69921875
2003.97129544108,20016.19921875
1499.1052403111,14488.900390625
2121.11989753636,57531.1015625
2200.58790880946,15840.599609375
1058.50909668325,17345.69921875
1605.69060595046,20858.900390625
2141.80112406487,18834.30078125
2095.41906400871,45454.1015625
1417.87596537906,28869.30078125
1089.64046530355,13748.0
1854.86166892715,20662.599609375
976.022190137465,12389.599609375
1014.41410551198,15576.2001953125
1082.01768231505,13736.7001953125
1102.38191035493,14542.5
991.406366349908,12715.099609375
1229.95435870955,67941.1015625
1170.93793112312,16797.80078125
1225.90457766648,109701.8984375
1171.60357223772,33859.80078125
1026.70517872118,14370.7998046875
2230.3091077032,24364.5
1149.68053616414,12775.599609375
1215.06646062306,35254.1015625
1427.62804225775,23250.30078125
1152.03412459128,83335.0
2123.94848229285,59239.5
1336.61983749947,18022.900390625
1127.41765988307,16067.7998046875
1828.94133205237,17226.30078125
1137.94212112843,17950.69921875
1994.00539778921,25438.19921875
1781.68081291561,49047.5
1247.13667960018,13301.599609375
994.038066632096,9689.5
1910.37818806852,14318.5
1746.66902624089,19357.900390625
1015.73792239892,17327.80078125
1380.73443912206,17844.80078125
1829.26791292062,19055.19921875
1055.96998892973,12037.5
1135.99132691443,17528.5
1994.33365000274,43767.19921875
2009.47113565145,25254.80078125
1153.15448304581,28363.30078125
1390.69409708487,13948.7001953125
1298.30848096759,40889.19921875
1672.09939372242,26802.099609375
1901.04004770485,23808.599609375
1161.32591297912,12206.0
1093.09301896559,15501.0
1902.34926817632,34130.8984375
1700.05353496024,20502.30078125
1313.49733262799,72540.796875
1915.00224335075,27893.19921875
1028.85842856044,13429.7001953125
1633.86146495995,18330.0
1867.89793928641,26541.69921875
1288.71440192962,25979.30078125
1521.20087064087,25120.19921875
1634.85736390242,19726.0
997.456413427356,16778.30078125
1041.41513424657,11449.2001953125
1857.57325951385,23307.0
2072.4093192323,27375.099609375
1971.38808488518,21167.599609375
1365.6504365224,14941.400390625
1228.06740988535,12276.2998046875
1023.83960152243,10913.099609375
1001.45371422855,13593.7001953125
1525.65678858765,23398.30078125
1229.42131098738,15595.2001953125
1054.91247305783,14522.2001953125
976.1601318348,9042.5
1312.16315340029,19900.599609375
1174.42859145761,16420.80078125
2029.4414833197,29168.5
1384.23512752825,19932.0
954.167902066514,12661.400390625
1616.06631746566,16235.2001953125
2098.40742937424,27312.0
1262.81501258238,18988.099609375
1111.98858019403,13928.099609375
1482.55335086112,22836.80078125
1892.93380023757,16085.0
1133.40029603412,17182.80078125
1214.2922934881,17667.5
1894.72681945688,21295.0
1351.43352785541,17946.69921875
1399.79546353349,17040.0
1112.8550055886,14240.7001953125
1453.91462659549,24187.19921875
1080.05452014595,12626.5
1046.87007098035,9187.599609375
1106.45163611838,18282.30078125
1118.53769097291,18221.5
1401.34970322341,16444.5
1526.4846616177,15871.900390625
1643.71983939863,23047.30078125
1865.63315500529,21457.80078125
1557.57146103046,19909.69921875
1030.58593104467,8286.2001953125
1216.37634963265,12345.5
1521.81848843435,20409.80078125
1183.04003089236,35766.19921875
1087.4405292194,14288.0
1343.18577315419,75184.6015625
975.111195535358,11220.599609375
1154.06937745357,25001.80078125
1098.49837245598,15504.5
1814.08619233342,21332.900390625
1533.50375469007,21091.30078125
1020.64020095921,11430.7998046875
1575.05328699574,19362.69921875
1163.74234398889,9418.599609375
1973.08840015281,28833.0
2250.71757068157,21640.30078125
2102.56595928371,28795.69921875
1135.96246835254,12911.7001953125
1042.17604204229,10743.0
1841.58717615359,27846.599609375
2456.59700245289,29047.099609375
913.752210400648,6927.7998046875
1876.25355146988,20193.5
1237.47117840713,32419.900390625
1064.38432104412,14384.7998046875
2117.51335726226,25959.30078125
1183.76818032053,14319.2998046875
1735.99492388122,25232.19921875
1657.9106750792,9820.2001953125
1049.87403556851,17145.0
934.987097909819,35310.1015625
1133.890223048,20718.80078125
1080.57898829567,19732.5
1066.17032061325,16148.400390625
1450.74620163151,11722.7001953125
2100.42663732181,33927.80078125
1865.24919128234,32984.19921875
955.269987145947,8719.2001953125
2168.64136938326,32666.5
1404.46419944627,18214.5
1217.50450769849,19803.80078125
2084.27185951101,29419.80078125
1234.70320777289,18702.19921875
1236.74135763367,22386.599609375
875.108200445987,9680.0
1131.36147763522,12674.0
1127.58200883588,16146.2001953125
1809.0844130173,19624.30078125
1482.67101356902,19242.0
1148.73500042619,30802.19921875
989.002526141266,10281.400390625
1158.92630684519,18473.30078125
1450.24635796895,17601.400390625
1020.76644323957,13954.2998046875
1846.54148926368,27273.30078125
1047.19241777388,12843.900390625
1617.75281627895,25001.5
998.899675790504,13251.7998046875
1003.38801783577,13225.7001953125
1297.02310502215,15428.599609375
1048.20358166993,12229.0
1022.31667170081,17373.0
1953.76675730029,29373.5
1498.21998442634,21036.80078125
1144.86383048233,16094.2001953125
1218.92325699749,30482.599609375
1004.69445273177,10703.599609375
1972.97497151962,17992.80078125
1089.45617163037,48270.0
993.927200728342,36911.8984375
1905.04882507699,25438.30078125
1689.85398323785,31171.0
2071.60127949961,55707.3984375
1107.60297017215,13436.5
1701.32609725851,21291.80078125
1093.41781706554,14205.0
1646.57661417889,23699.80078125
1779.86662332271,20671.5
1685.76787829063,21415.099609375
994.629611439164,18655.0
1123.12441954381,14942.2998046875
1800.52823939991,76028.1015625
1007.26409039246,11761.7998046875
1905.29551564072,18130.69921875
1065.00227310666,13784.7001953125
1133.13221225077,12487.5
1011.55053392757,33510.80078125
1828.79291659126,15995.0
968.796964480219,25169.5
1077.65491401203,12696.7998046875
981.711338056862,13273.099609375
984.533460278262,8317.099609375
1663.82378326648,20045.0
1131.06453528999,20126.400390625
2074.44635486289,17778.5
1207.69861350169,40946.30078125
1223.18050770167,15009.2998046875
1053.02886692419,13733.2998046875
1036.9971001262,15829.599609375
1500.73435626968,57517.5
1588.27006264554,22191.80078125
1556.92119629245,20392.5
1079.47868598454,12977.0
2179.5351979361,22545.5
981.254949371657,9902.7998046875
1925.47177304781,19391.80078125
1021.64178247564,16129.5
1740.12738080428,28300.30078125
1918.63374238106,39890.5
1825.58683064691,39832.0
1413.17903944251,19187.30078125
1199.75671498721,15303.099609375
1425.25372914911,20580.80078125
1040.72631714405,13130.2001953125
2072.78481480582,106197.5
1387.23407808056,33469.0
1490.68700839104,24490.19921875
1163.94803088168,9846.5
1166.77338437063,51004.3984375
1814.68341971445,19131.80078125
1359.76518408983,16185.0
2087.4356047082,24024.30078125
1103.18304186046,17292.5
2227.15182504111,21977.099609375
1097.7128401731,15740.2998046875
1191.04009222268,12350.0
1125.44736664077,16868.599609375
1361.77046416005,21910.69921875
916.55293940243,11942.2001953125
1050.11404075111,13355.0
1036.44154495422,36474.30078125
1480.56834978033,27520.5
1425.95580559087,25724.5
1268.49669515952,17583.5
1728.05837367164,20174.900390625
1181.47944009036,40619.80078125
979.509953473468,10575.7998046875
1702.40968611682,21523.0
2079.55398604692,28228.30078125
1493.39113363548,20884.099609375
2275.60390194144,28723.5
1032.7177876643,12575.0
1068.935394249,10482.2998046875
904.078519615712,10647.2001953125
1115.69495549302,13804.5
994.5429243305,10359.7998046875
1992.47600543249,33084.5
1839.89677753463,28392.599609375
2168.05974122487,18694.19921875
1025.90616425302,10525.7998046875
1018.21062203321,15067.099609375
853.401547875011,6719.89990234375
1119.31787495088,12572.900390625
1981.97238029166,18465.0
1386.08597529435,16462.0
1159.10179809988,20172.80078125
1265.33584696082,15802.599609375
1166.85750874986,12498.2998046875
2194.40170280298,26132.5
1559.01661758492,18298.599609375
1510.02614465752,42092.30078125
925.371904209778,7559.7001953125
1943.95685187481,25664.19921875
1236.98203135438,19623.0
1211.26871844862,11558.2998046875
1057.08956742312,16954.0
1656.1685761795,28552.5
1541.53802288718,32731.80078125
1384.39591094445,24850.0
1952.23758778961,82448.296875
1889.27333122235,22783.5
1198.02742973468,11804.599609375
1062.54060435123,20676.5
1245.113906116,12006.7998046875
1117.64597255306,17417.0
2349.54911986228,60479.3984375
1805.31642078889,24147.80078125
1267.63806937627,19794.0
1062.98741065682,13851.0
1333.61409014301,19599.599609375
1182.30096200833,23641.69921875
1122.02445150174,45894.5
1667.64392146771,13620.400390625
1165.57502980291,21228.5
1003.59125342215,61018.80078125
1286.6470592379,17110.30078125
1104.89316235375,12498.7998046875
1206.89558780485,23999.0
1970.19741850576,22405.400390625
1706.0658096343,48950.5
1427.86871597847,25687.5
2261.76003754156,127228.296875
1148.58769919527,17484.599609375
1306.740640765,24939.0
1088.78117098218,14514.2998046875
1225.09631508775,16005.0
1096.37041564201,54680.1015625
1356.3960862689,27062.80078125
1020.08007744346,9474.900390625
974.39095714152,9192.5
1141.86276289266,16763.80078125
2048.95165392012,14055.2998046875
931.335654159128,10042.0
1182.65996697506,14275.0
2079.74496510122,59761.8984375
1664.58970509805,26826.0
1729.50419876422,20332.30078125
995.520995589954,11293.2998046875
1245.97788020415,15114.2998046875
1830.78538301432,22135.099609375
2163.31802323475,29561.5
1222.74161243042,20628.400390625
1427.6277079887,19097.5
1201.66929110575,14784.2998046875
1507.78520490243,19436.30078125
1495.15930552159,20231.0
1051.71674945423,9220.7998046875
1138.28040141365,37333.0
1931.3317324551,51689.0
1303.43538833387,14935.2998046875
1324.19862220426,16030.5
1015.96511393436,12640.099609375
1133.91050203743,16203.2001953125
1140.0446734941,14630.599609375
1150.96167803487,17000.599609375
1632.00348612065,22786.900390625
1656.63454724433,21784.69921875
1028.66120981707,17139.69921875
984.877868829524,12094.599609375
1106.79426190134,14689.400390625
1242.62271026058,15573.2998046875
1330.07384656513,15399.400390625
1903.35898357313,28449.69921875
990.8825667383,13891.2001953125
1301.71858245945,23171.599609375
1893.77883241252,19869.900390625
1063.91690148005,10861.900390625
1098.76578770122,12989.2998046875
1710.56551682749,25190.5
1069.45774536136,10670.2998046875
1273.84176879671,15619.099609375
2011.10103157117,29186.599609375
1208.75646364264,18956.400390625
1811.24022558599,21279.400390625
1989.25498880361,28288.80078125
1530.35794859892,23516.0
1717.02727195958,17383.0
1866.52453915608,20417.30078125
1217.13012635516,12879.599609375
1381.30960474536,19008.599609375
1163.24417167162,12776.900390625
1173.96217470071,11178.7001953125
1545.05754178356,19371.400390625
2031.79897155251,33837.1015625
1169.62469942297,15958.400390625
1867.57882376043,25270.69921875
1265.39467831477,11391.400390625
972.633147596162,12117.0
1141.08792721959,15941.0
1286.79892881259,14778.599609375
2262.94557846211,27489.5
1668.86968609807,19966.400390625
1121.32705482676,13808.599609375
1222.69559472364,25986.19921875
1600.19889962047,27785.400390625
1099.63355017201,29532.19921875
1058.72759722321,12085.7001953125
1384.56739097046,19562.599609375
945.10363948317,7719.89990234375
1766.87068809627,19000.80078125
2032.98384393494,27810.5
1246.40641313464,17288.30078125
1035.48999237325,11663.5
1215.94246839725,15999.099609375
1398.23654407678,20523.900390625
1503.26020468397,22400.599609375
1726.96052266693,19862.19921875
1012.09606102785,11049.599609375
2303.02287841973,34382.5
2014.16048482272,24973.80078125
1963.29453964205,20326.80078125
1056.09522840291,15992.099609375
1388.55756069845,17387.900390625
967.533984561569,9636.7001953125
2212.97213166242,30485.69921875
1050.92765163475,9571.599609375
1155.60935499708,20747.900390625
999.222022584033,7575.89990234375
1058.36112691422,16608.30078125
2103.22736632359,28416.5
1379.4761389702,22859.0
1505.24654284098,24127.30078125
1881.60430768103,23636.099609375
1263.38939824455,20695.400390625
1323.36740648365,26280.19921875
1111.37096240056,15973.2001953125
1878.58140117966,25131.599609375
1148.46580241265,28656.400390625
2170.02836312189,16469.900390625
1503.71982463672,19687.80078125
1250.32527213057,22559.5
1418.08878334506,19697.30078125
1016.2378774845,49808.0
1822.33929533955,19063.400390625
1982.03009741542,60112.69921875
1049.83058059116,13809.2998046875
1002.3282735035,15288.099609375
1102.71350525903,20762.5
1051.40610207768,15291.2998046875
1522.18139320674,26011.19921875
1034.01920852445,13879.599609375
1118.45033532613,12744.400390625
1246.69945567422,36439.19921875
1074.16815348319,15842.7001953125
1107.08418459639,14374.900390625
1015.36855509144,16492.400390625
1154.20910191921,16324.5
1212.02784347604,14027.599609375
1234.25617862127,17362.0
1881.96398118587,26225.900390625
1909.80302244523,13027.2001953125
1210.96074522453,15132.2998046875
999.765098377901,13288.2998046875
1578.31397021933,19682.599609375
964.010565859535,12802.5
1019.67817461447,12755.2998046875
2031.79028055704,26951.30078125
1008.83437499709,18442.80078125
988.414881139858,41983.3984375
1899.66843034282,28752.0
1263.82405944108,16342.900390625
1360.54458810667,15354.2001953125
1947.79960894887,20580.400390625
1788.05710659225,21165.30078125
951.792140458621,11049.099609375
1277.13989015463,31889.400390625
1830.85847651468,49811.1015625
1197.48301686458,67053.8984375
2223.67007854812,41214.3984375
1219.95302853769,42451.0
1523.87502309324,16109.0
1755.80749655478,18027.30078125
1166.17504275941,26110.599609375
1100.88828478727,15541.400390625
1595.71913714766,22870.69921875
1192.99857462498,13198.2001953125
1692.25715490838,18141.599609375
1805.35530742247,95210.8984375
1521.18805699371,19507.900390625
1071.18279653918,13026.5
1870.88340765344,27752.30078125
1042.16746246984,17760.599609375
1047.75365551982,11676.5
2133.44952311008,20868.599609375
1237.05111362607,21854.900390625
1742.86248164796,21305.099609375
1706.43016290594,17754.19921875
1036.38494206065,14975.2998046875
1264.08322938292,23434.099609375
1048.8489437951,14334.5
1012.18341667463,12765.7998046875
1105.11734546767,13795.2998046875
2153.23780556554,19341.80078125
1021.28946289004,12640.5
1127.07859963672,16378.400390625
1190.49701642881,19641.19921875
1103.972473949,25465.900390625
1857.62172852705,22387.599609375
1450.35265552893,18158.30078125
1002.98076670188,10863.099609375
1282.21331447187,35815.30078125
2009.52862992917,26873.099609375
1323.94078933864,15837.099609375
1064.4196421411,18535.900390625
1101.51659919056,15391.2998046875
1610.62174307263,21772.5
1430.36169460219,38999.0
1260.89853665818,16922.80078125
1665.0167895293,19187.599609375
1988.08371002947,26871.5
1288.97178910316,22281.599609375
1681.206442745,21230.400390625
979.393739264808,14734.099609375
1198.05171995279,12579.7998046875
975.293037902119,10574.7998046875
986.333276301726,12353.099609375
1829.03080473651,28351.30078125
1050.41209732653,11603.7998046875
1620.14595987779,28962.400390625
2072.36876125344,27455.5
1366.05512492686,28387.400390625
1198.28949667501,21083.69921875
1750.04057536823,25070.900390625
1197.34039540046,22027.80078125
1018.40884358375,14297.099609375
1147.80294687352,14133.2001953125
1494.58024009263,23379.5
2065.32170100333,19292.5
1766.31580146241,36055.0
1001.77071271718,14774.7001953125
1187.05482510751,20527.5
973.803646409168,16340.400390625
2051.24317972576,22146.19921875
1122.57387840768,39916.19921875
1023.39457798515,14072.099609375
1035.62548276417,9760.900390625
1866.96666569487,25231.400390625
2011.31674653566,26045.30078125
1197.34039540046,33418.0
1087.09144090134,13580.5
1727.53992236494,22611.80078125
938.1750219021,9657.099609375
1073.04824072074,12895.099609375
1070.11982093936,11030.400390625
1080.75659658772,13004.099609375
1759.74384896467,27618.69921875
1078.47922150547,17226.599609375
1266.26110370934,23265.5
2083.6788662047,99104.296875
1102.73913255336,14410.7998046875
1578.32366402197,21009.80078125
1375.21643695962,10840.2998046875
1244.70208663833,20970.900390625
1938.39439192785,24656.599609375
1824.46402088597,17146.19921875
1156.34920384224,15145.0
1699.55012576108,56348.6015625
974.780269169377,10842.0
1607.49721877808,11081.099609375
1551.82069618163,18462.5
1472.81018782393,14783.0
1211.15150143279,14687.900390625
1311.30062781139,13633.400390625
934.924366750207,50156.3984375
1817.45061038756,23541.400390625
968.978026885849,12820.400390625
1897.13689935458,25410.099609375
1155.83888641591,17532.599609375
961.911913299519,13617.099609375
1942.09853876645,22943.400390625
1069.60861212888,14021.400390625
1986.74239972857,20230.19921875
1146.16313430513,23356.80078125
1654.46814948885,18167.400390625
1979.98659924974,30134.69921875
1408.2571504309,22530.900390625
1380.21420504706,14880.400390625
1352.22329421301,53949.0
1589.15576422237,49060.5
1176.30863205465,43802.1015625
1291.42732959255,21692.900390625
2149.11403963795,33935.30078125
1846.01980668943,25319.30078125
1212.86117623401,37065.8984375
973.836850468785,13066.400390625
1098.12755664925,11504.7001953125
1058.69762443114,12580.0
897.544339521366,11590.0
2068.80500741858,17230.900390625
2098.96944708131,24493.80078125
1717.29011886104,18611.099609375
1074.90265402344,36395.69921875
1145.78986719198,19322.0
1691.98227432088,20458.599609375
1108.45435345917,28530.80078125
1148.71249297638,54678.1015625
1415.60293579454,17131.0
1128.29734461688,16308.5
1068.69405199017,17964.900390625
2041.08318317506,30754.69921875
1289.74695904529,15221.900390625
2140.73079454581,46657.69921875
1611.76806309055,21453.5
1327.91313138362,20441.5
1061.56687858952,16171.099609375
1745.09874163625,25523.30078125
1563.6179425713,68598.6015625
1226.36419761923,17714.19921875
2179.06632987279,16724.5
928.507793652257,11118.900390625
1325.37914908896,20869.900390625
1003.26857235956,11529.900390625
1943.60832067186,26195.900390625
1668.72171632904,65032.3984375
940.932964464644,39970.1015625
1349.24963668598,11992.599609375
1843.73931176265,17208.0
1007.87702841915,14791.099609375
1044.08750393064,12475.7001953125
1044.54322407773,12259.7998046875
820.835719310057,16325.0
1397.17624262942,30060.099609375
2035.34601193454,49976.19921875
1021.17503144968,11420.7998046875
1339.37566302466,20581.19921875
963.032160331024,9715.7998046875
1384.16481960336,24803.69921875
1229.07645674405,19173.5
1443.89580300967,20004.599609375
1217.66997088148,23419.5
1493.15580821967,65972.6015625
1141.02452752186,14147.0
1232.7643358219,48837.19921875
1270.85641185269,15636.5
992.646838818751,13994.900390625
2110.82307351851,31767.400390625
1440.99267625356,11001.400390625
1796.86676757752,23128.599609375
2263.08285162133,82279.5
1202.17203176679,13680.099609375
1101.74546207127,16475.0
1255.47390698553,17860.30078125
1859.35067951053,27065.599609375
1873.71756356088,20116.19921875
1538.48915482242,25345.0
2144.15393253088,22231.19921875
1891.99450418867,20539.900390625
1356.82105366279,22480.400390625
1917.01320599493,27631.599609375
1099.08735453362,67260.6015625
1085.04838842773,13885.5
901.039623911141,9969.7998046875
1794.99664362916,22443.69921875
1169.33265969057,15507.900390625
1065.97176479366,11094.5
1734.91278352216,61672.1015625
2066.58189534651,22305.69921875
2031.5571836016,18390.30078125
1051.42537825994,10979.400390625
1223.63299658121,34211.19921875
1920.62130619129,23697.400390625
1165.1948544626,13984.0
1075.66857585501,9992.5
2439.33044576001,31924.900390625
2051.24362541783,23895.80078125
1978.74490112769,73884.796875
1083.619388211,16268.599609375
1776.85240781682,20149.0
1642.63413350297,18796.5
977.949696940529,10504.599609375
1811.02161362301,18910.0
1493.70846639316,12218.599609375
1970.36143318951,26187.19921875
1264.80391346883,20414.900390625
993.212979177521,13168.7001953125
1152.57006931195,14498.900390625
1290.099947169,16508.900390625
1087.79741714877,14248.400390625
1623.0810650403,56943.8984375
1142.54088338537,15576.099609375
1272.70469688936,16288.599609375
1778.44330567994,29546.599609375
1294.84812769422,20672.0
1024.78123745472,12554.099609375
2185.83505542181,30399.900390625
1895.84327810575,19321.0
1087.84989739065,15546.400390625
1340.18470556452,35401.1015625
2038.66017820717,22021.400390625
979.973138962822,13513.7001953125
1451.16125237672,17476.900390625
1380.11258725387,25239.400390625
1059.548004911,10619.5
1010.01456761274,12934.0
2104.82071549313,36391.1015625
1843.22620876085,22060.400390625
978.446755027613,13726.599609375
1017.48146979787,14158.2001953125
1518.8654441658,15766.0
1702.59152848358,18872.599609375
998.475042665671,18302.0
1142.9116991921,35016.80078125
1738.5609960053,31452.599609375
1131.80404986609,13042.5
1268.20933519391,16735.19921875
2070.77028662504,25166.0
1066.62782352864,13510.400390625
1073.15052705205,12775.7001953125
1681.88110912413,25720.400390625
1904.22607750581,27972.400390625
1104.15788185236,25317.900390625
1106.07647481392,12560.900390625
1203.95725137479,16055.599609375
913.840624566105,15106.599609375
1340.04988371171,16436.599609375
1270.43489857239,19151.0
1763.47841428742,25653.599609375
1057.20333032536,13906.2001953125
1749.41159242683,26888.900390625
1965.57626022203,20478.5
942.036498043321,13443.2001953125
959.764346034229,14951.400390625
1138.95863332939,43568.19921875
1082.40810857309,12026.900390625
914.138346872469,10433.5
1047.54362312929,19207.5
1917.08273395869,26882.599609375
1033.29718736231,21190.30078125
1142.2324644692,11203.2998046875
958.987839015872,9426.599609375
1753.81469586268,18595.5
1167.95892529118,16539.099609375
2026.82571652921,35144.0
1083.31876890614,13813.599609375
1836.61258405407,26288.0
1656.39966752059,14530.900390625
1024.82146116453,10264.2001953125
1295.10484632965,21856.400390625
1785.2802221165,48038.1015625
1400.31313487906,18699.0
2003.13138872499,25786.19921875
860.518358934916,15504.0
1013.11981572503,11330.400390625
1574.15343469552,36467.1015625
2179.58622967874,23344.19921875
1132.6447365433,20955.80078125
1005.19541062451,13042.599609375
2041.77467443003,17718.69921875
1254.92737707808,13364.5
1622.96061675692,34326.1015625
1001.03008391089,13907.2998046875
939.628758029019,9423.5
1063.09292825567,9232.7001953125
1518.06219562292,23463.0
1005.55018151653,9863.400390625
1384.17763325052,19806.69921875
1720.08048552207,17464.900390625
1722.9275664997,18878.400390625
1848.35311612714,29039.400390625
1088.99398894819,45042.8984375
1132.10634051623,12703.099609375
1342.49082778563,19571.80078125
952.489648556614,10566.099609375
1425.6302275298,15771.7001953125
1133.49054867939,15002.0
1410.83971316178,19699.099609375
1210.83305444492,14354.0
1951.65105701839,26246.5
2012.68346128486,18161.30078125
1087.15283498473,14900.599609375
1034.41063758967,36565.5
1111.05329537382,14981.5
1952.02298705531,29005.30078125
1029.44351083241,13838.099609375
1350.13433545564,20814.5
982.538208279738,9180.5
1888.64802524057,71176.3984375
1916.39280262598,22143.69921875
1022.68180493358,25463.80078125
1653.89666082518,27072.599609375
2076.07691932073,35275.19921875
1755.41317049108,15278.599609375
2057.97424429441,112629.5
2029.79090590681,22348.30078125
1320.67475781015,12619.099609375
1861.54281598336,23153.5
1056.24275247987,16624.19921875
1817.38932772719,23396.900390625
1069.41785592062,17859.599609375
2052.26448311653,16777.19921875
1076.56419408052,13213.5
1263.13379383931,22701.599609375
1531.08242106747,16113.0
880.062123575511,11682.2998046875
1783.82191764581,33196.6015625
1968.54991774907,58522.5
1090.17641002421,12925.900390625
1588.74104774622,19900.80078125
1027.89718217683,13457.5
1665.28598754284,21691.19921875
2154.86302171847,30901.900390625
1194.07035264329,12095.400390625
1080.10332342821,13719.0
2097.07792991333,37292.1015625
1014.5224086863,12805.099609375
1321.97729290049,17775.0
2020.69967895291,25063.69921875
1471.6826982962,12986.599609375
2087.54457642064,20225.400390625
950.214056242667,7971.7001953125
1310.47442612662,17623.400390625
1093.7504147768,16371.400390625
1278.29545828311,17496.5
2166.8646179247,19396.400390625
1429.78262917323,23897.900390625
1646.05916567936,20151.0
1526.3841580547,13235.0
1207.87332479525,21249.0
1033.03824026651,11869.099609375
1272.86202619197,15248.0
913.323621758647,7884.10009765625
1983.51915463932,27755.599609375
1266.13954119577,14859.900390625
892.167120343236,13380.7001953125
2072.64709595452,37146.8984375
1538.06975857948,20047.400390625
1160.57001921925,20467.599609375
2079.21526006962,29465.5
1747.00920071743,16968.0
1202.49393286825,12805.099609375
1093.21881555387,16237.7001953125
1198.94622394811,11176.400390625
1026.22449981787,36289.3984375
1010.04944301764,17440.5
2058.61916072751,26876.0
1410.43067925959,22193.099609375
1120.02351692925,13194.0
1279.74028056852,15812.7001953125
1062.65325302329,44644.6015625
1141.43345000104,15441.7998046875
1018.44416468072,7140.7001953125
1237.29535288338,17828.400390625
1618.17666944265,19989.400390625
1740.24994612501,24852.5
2088.45846802123,31999.0
1122.54535411486,17333.599609375
1419.10250997054,18881.0
1785.28668465159,18779.5
1688.69050407503,53829.1015625
1604.94396030116,27910.19921875
1944.8736404739,24343.30078125
1410.85219253989,21858.400390625
1310.10082474442,20431.099609375
1011.2421150114,42925.19921875
1647.56783335457,22077.69921875
1019.37120419754,17126.900390625
1036.96211329828,8981.2001953125
1047.41236681309,13752.400390625
1164.40731656538,12047.599609375
2033.31543883904,34426.19921875
2021.87385472554,19900.400390625
1400.4061730998,37667.0
1912.49544827269,39197.1015625
1906.02110233946,21668.0
1308.84464162992,22162.69921875
1212.40478754881,47082.5
1149.14637421178,16638.099609375
1496.13091424595,21286.19921875
973.914178043866,16272.599609375
1961.06830772545,15927.2998046875
1217.41748632077,19511.900390625
1049.2343560173,8393.599609375
1180.57624509957,16075.7001953125
1120.60603647179,16388.900390625
1064.02631888456,7458.0
1488.22756809599,16957.5
1303.5259752482,16190.5
960.229982829998,9790.900390625
1600.26486204763,18065.69921875
1358.8641061364,17898.400390625
1704.35747190931,59240.3984375
1179.80642346235,26640.400390625
2107.63280964283,12149.400390625
1193.79937186145,18105.400390625
1483.95705805258,41639.1015625
960.415390733362,8481.599609375
1094.21649726464,22097.400390625
1151.8409170766,14309.7998046875
1013.33586495858,9650.900390625
1955.8505905988,31361.400390625
1104.64034352398,53650.8984375
1772.50167319983,25204.0
1188.75235479967,24277.400390625
1764.14516963222,22233.900390625
1974.75172297819,16065.400390625
2076.24472238711,26075.5
1233.61750187723,14456.599609375
1027.45717267539,13399.2998046875
1218.72860098356,15701.2998046875
1052.5175466907,14067.900390625
1194.7135977311,13621.400390625
2348.8966266639,26058.400390625
2377.64109137442,27428.599609375
1491.41649489544,23172.5
1921.93186373899,25321.099609375
2021.57501818899,35079.8984375
2105.08144535724,32267.19921875
1318.6894224603,16120.7001953125
1239.55055478488,14703.7998046875
1588.76533796433,24323.80078125
2285.60835195782,34536.30078125
1419.01014028792,22272.400390625
1491.6568343471,17904.400390625
1127.22445236839,17367.400390625
1399.57506880221,56448.0
1282.71995493857,17742.599609375
1066.74860608108,28972.0
1290.14953041239,19661.69921875
1193.13306220873,32151.900390625
1816.75466221183,25325.30078125
1816.39521155302,23490.900390625
1138.67695593774,73998.3984375
2023.24190655096,25712.900390625
1289.3101808114,17472.400390625
1532.15598185408,16370.5
1959.51417945855,21637.099609375
2143.52104978382,24759.0
1053.85562572405,16244.599609375
1917.09766464322,19679.30078125
1041.61123875975,13011.900390625
1079.19667432384,19184.400390625
1289.4573706193,16561.400390625
1728.273308675,19015.0
1639.82304216043,18770.599609375
1108.12632409168,11809.400390625
1167.21016260452,11775.7998046875
1480.11987212946,71015.3984375
1164.17655949334,16032.400390625
1255.46532741308,12885.900390625
1149.07684624802,24981.5
1074.03377732246,10285.400390625
1791.8419236965,16930.69921875
1169.63651026297,16256.2998046875
1861.4839846294,18197.900390625
1491.91745278818,25230.19921875
1738.33525296912,20872.30078125
961.627338909379,10171.5
1199.802732694,19096.900390625
974.874421620304,11823.7998046875
1118.33913515332,25321.400390625
1213.09037338378,14979.900390625
1795.65738213094,17625.400390625
1354.35158529604,20984.5
1488.97588509058,19065.900390625
1909.85182572748,24382.5
1252.40966254418,12114.5
1117.22557350294,13400.099609375
2069.66742158447,24561.099609375
1683.21785108126,23328.19921875
1036.03373670524,12568.099609375
1919.50774454091,21281.19921875
1896.97957005197,28582.900390625
1383.83255616115,24907.5
1110.39300256412,15704.5
1807.44783171645,22977.5
1123.68420879051,18478.099609375
1730.71614694024,16439.69921875
1715.3012179746,18725.30078125
1246.47839240482,21394.0
1869.29351259749,28420.599609375
1892.01277756377,83061.1015625
962.740566290697,9744.7001953125
1807.77630677602,26470.599609375
1737.00575350821,16740.19921875
1292.71092276968,17707.5
1286.82567033711,18732.599609375
1190.385816256,15339.2001953125
1258.58740040122,56105.1015625
1146.95290066273,9640.900390625
1159.31283329758,16896.80078125
1066.1735518808,21864.19921875
1373.3406304373,23382.5
941.711365674321,11786.900390625
1096.76373889854,30536.80078125
1309.85758829428,21556.400390625
1962.54310280293,38763.3984375
1058.02418370522,20424.599609375
1192.74575579521,19398.900390625
1005.81325126403,11804.099609375
1399.183639737,6393.10009765625
1141.858863087,15718.7001953125
1238.36969363112,15384.400390625
1682.70329958021,15622.2998046875
938.82250106463,8845.5
994.071939229826,11441.099609375
1514.19782248321,43486.6015625
1038.55635385197,12498.7001953125
929.928659988616,9743.099609375
1019.23359676926,19343.900390625
1082.03584426712,11725.5
1463.56541995005,19945.599609375
1013.40327588499,8656.099609375
1000.73848987056,10340.7001953125
1805.86406492654,16239.900390625
1167.92605550062,21799.5
1092.26581447366,17111.19921875
858.345164375291,8413.599609375
1954.75441093937,54040.5
964.696931655643,11916.099609375
974.1431523476,8732.2001953125
1067.3712379104,17496.599609375
2154.49332014193,4912.39990234375
1415.78366393112,22429.80078125
1089.09025843647,17003.0
1689.46032571226,21368.099609375
1040.89066609685,11769.099609375
1846.36789220031,29269.69921875
2051.58591693174,21000.099609375
1037.13615605373,15898.7998046875
1570.84773657232,16817.5
1335.95876472865,19378.099609375
1197.89661911055,11697.2001953125
1128.32230337311,10819.099609375
2037.70350016734,78453.203125
1148.64831331753,13510.400390625
1050.08083669149,13905.2998046875
1380.42212040023,16423.0
1359.47782412421,13909.0
1777.48707333218,25237.30078125
1290.53772821006,16752.900390625
1915.66899869554,19108.0
1929.76289634971,23361.099609375
1365.778127302,18014.599609375
1345.43774378814,14775.599609375
1045.77188570658,13394.599609375
1130.34039709049,15934.099609375
1062.610132315,32518.400390625
958.314621135988,11423.7998046875
1144.56109414012,17927.0
1434.87744671009,11321.099609375
2311.72635326804,27412.599609375
2030.90937017002,91083.703125
1884.49774063449,64473.6015625
1545.4515335782,17140.80078125
1404.07767299389,10632.7001953125
1458.53377926488,23412.5
988.956174165425,14343.7998046875
1853.4325572874,22292.900390625
1907.30224421019,26333.900390625
939.282900978513,12042.7998046875
1001.97171984318,10183.0
1257.02524967696,51829.6015625
1372.08834712846,13425.2998046875
1449.61347522189,29508.19921875
2214.98688268924,40416.80078125
1080.02421308483,11783.2001953125
1519.51336902041,34549.5
1506.00667067557,19616.099609375
1992.51143795248,27585.30078125
2078.9556444357,28039.0
1031.72901979503,18544.599609375
1748.39006619002,26252.30078125
1587.69779402074,8834.2001953125
1492.82354477746,11324.5
1634.22158415687,24275.599609375
1139.09512652748,78626.3984375
2134.4870942616,26214.0
1152.2109529222,16862.30078125
968.00430112413,14815.099609375
1046.38905780798,11260.0
1477.7330796427,30361.099609375
1169.37901166641,19546.80078125
2067.44720651089,31999.5
943.79999016264,10444.400390625
1037.62318606911,11040.7998046875
1151.07176397749,16490.5
2024.97698580047,29199.69921875
2156.55954860346,21928.599609375
1023.18666263198,11137.7998046875
1781.98566629518,20135.19921875
1374.61530977293,20297.0
1718.27665826993,28069.599609375
1609.66617926299,18896.5
1292.86067530702,17131.599609375
1100.71179072541,10845.7998046875
1092.89646876034,16095.5
1098.68266612916,54225.0
1513.28036534601,15182.0
884.251629084223,9378.599609375
1989.67059666392,58023.5
1922.77622737582,20482.69921875
1207.06428225539,10744.599609375
1744.43521755901,17782.19921875
1648.57509744496,20618.5
1208.85663293659,16261.599609375
1710.20495193849,19899.900390625
1077.81391465992,30893.80078125
1872.86473177461,27602.0
1258.11206980282,20482.69921875
1007.77641343312,25282.30078125
1444.10226986359,32897.0
1004.04151384132,11021.400390625
1000.83041386111,11139.2998046875
1192.65060053711,22892.599609375
2097.37052676083,24864.30078125
1753.88210678908,48621.19921875
937.864485948569,11008.099609375
1345.72800075224,25722.599609375
2173.09829013721,34748.19921875
1154.3709995656,54173.1015625
983.261566518104,10995.2998046875
1363.47367642617,21743.19921875
1119.85727378513,14506.599609375
1088.61180799353,25063.19921875
1149.20164002913,15536.2998046875
1107.85500904078,10839.2001953125
1038.69362701119,23486.5
1251.43627105151,22803.099609375
1878.95823382941,23255.80078125
1768.44843804317,16479.5
1798.45554840328,17286.099609375
1880.01184989564,24667.900390625
2263.70214076009,76730.1015625
1634.50615854701,20949.19921875
1163.09263636598,22573.80078125
1423.81146959313,11616.0
2095.46831298304,32018.5
1079.84448775542,15299.099609375
1952.61397474728,21386.900390625
1121.6600982301,15251.7001953125
1249.4499328945,17391.19921875
1134.45502633054,11941.2998046875
1338.85398045041,14186.7001953125
1163.09230209693,30053.19921875
1489.94860804513,24811.599609375
2005.21923325218,72481.296875
1407.11517591072,23476.5
1151.62977045588,17663.400390625
992.984450565863,11422.2998046875
1014.87717957832,10662.5
877.027517657166,17846.5
2073.49034536117,19308.5
982.897881784582,11101.400390625
2115.06806769061,32219.30078125
1963.62836300652,20544.30078125
1488.19826384203,18623.5
1007.0994071706,13868.2998046875
1219.84461394035,20250.5
1230.84852843582,17633.0
993.387690471076,12635.599609375
1284.87565608424,19304.400390625
1207.45359428324,27087.80078125
1031.56533938035,15004.5
1784.62382911246,17971.5
1229.67903242998,17901.0
930.847175644495,13718.099609375
1656.62385063452,23442.900390625
2035.69744013599,34653.30078125
1074.29796130015,13058.2998046875
1140.01826623864,15144.0
992.751242187412,10562.599609375
965.523801878519,18297.099609375
2252.1896916066,144139.09375
1404.15890037463,19548.5
2097.68763667247,19812.30078125
1992.035661662,15471.2001953125
952.222233311378,11060.400390625
2348.90776896578,58938.80078125
1751.01608389825,20291.900390625
1085.53007013822,14260.2998046875
1193.62254353053,17684.5
1328.38411648429,25851.400390625
2069.38284719433,31279.30078125
2135.81815364477,26763.80078125
1070.22578423029,31846.5
1084.43333336369,15368.5
1925.29839883048,24332.599609375
1163.31759944104,21093.099609375
1167.13807191132,11160.0
1040.22457929017,12675.900390625
1062.34160283957,14454.2998046875
1061.45344995633,11867.0
1920.92682810897,19954.80078125
1381.33668053894,35968.0
1051.07350436642,13155.099609375
2057.03650816778,26749.80078125
1389.80304720314,44546.5
1174.170758592,15197.5
929.454109351339,12309.099609375
1062.35842771542,13224.099609375
1156.57695249277,11058.099609375
2038.24858157555,22659.0
1452.90624827491,15386.900390625
1203.5340667492,16868.0
984.356186255274,10851.400390625
953.90115535939,11354.7998046875
1167.25183481357,13667.5
1127.78167888565,17253.900390625
1169.56798510638,43461.1015625
1658.15781133501,24065.099609375
1155.73905139102,15088.400390625
1237.25368067433,15427.7998046875
2166.27964707575,26685.0
1932.4684700934,32967.30078125
2070.2954017187,20195.5
1545.34523601822,17657.400390625
1947.60662428022,29370.30078125
1522.49627465801,39185.0
1540.70290736091,18827.80078125
1246.11225636488,24481.30078125
1282.85187979289,13416.0
1407.29345274088,43596.80078125
1725.70612232073,18647.900390625
1528.1646978959,31915.30078125
2055.13006031528,59057.80078125
1017.81417893215,46878.5
1418.68099669024,17045.5
1100.24147416285,23819.099609375
1138.91406412185,17625.599609375
1618.52007518674,20971.5
1525.87996889441,32588.400390625
1066.45879480905,11240.5
1063.31722279261,38112.5
1056.99552639521,14438.7001953125
1499.7531651657,18396.599609375
2119.05901737973,29730.599609375
1882.68065404311,27798.5
2134.08106878092,21013.599609375
1312.71503161265,22196.400390625
918.596326145097,10636.0
1704.03055677201,20884.400390625
2102.15235703774,99853.5
1353.46454664299,14508.7001953125
996.081119105706,10889.900390625
1483.78524375751,24591.400390625
1122.2252357817,14642.0
944.617278005896,6856.0
1084.3955609603,15939.400390625
1192.44379941413,64890.0
975.867423564284,14865.900390625
1103.79531134903,16488.0
1901.72529927077,24738.400390625
997.894974429545,16334.0
1074.79468511818,16242.7001953125
972.776437598401,12888.5
1717.30259823916,64464.69921875
1563.06884993441,17633.099609375
1244.91847014094,13765.0
940.337519851916,7514.60009765625
2039.54220282438,29170.5
1984.20284628297,20092.400390625
1994.31649085783,35089.0
1151.87300690603,18531.900390625
1009.51750952565,16489.400390625
997.445716817547,12936.5
1132.1398788449,16009.5
1571.59193091521,14626.0
1374.59993339633,15103.5
1911.51759985927,17868.400390625
1931.6343573743,24343.5
1716.15271268464,19454.5
1101.73587969165,10568.599609375
1131.72627659893,48648.5
1863.34196346871,24545.400390625
1688.9658303546,25285.0
1043.01037760743,18736.900390625
858.117360013255,10691.900390625
1166.22785727035,18522.5
1180.94850940555,13049.900390625
1068.02016557218,14826.2001953125
1446.44839294847,19108.599609375
2041.66369710326,26815.599609375
1176.55108854366,15282.5
1936.56237465194,15085.0
1209.21396655803,23362.400390625
1128.27127163047,21354.400390625
1051.38337178184,13244.0
1083.87432407812,15090.2001953125
1947.38377824253,26391.599609375
975.076542976496,10333.599609375
1800.0044397883,79331.8984375
1667.61038313904,20933.5
1029.28629295281,13617.900390625
1356.3511827923,16912.0
1916.81999848024,36861.8984375
1289.08878327295,18680.19921875
1039.08940157414,10174.599609375
1721.09878049133,16952.599609375
1160.04978514424,19782.0
1165.34505269201,39961.1015625
1318.00483943249,21264.900390625
1687.03119247833,22296.5
1046.2011985982,16562.099609375
1986.22561976715,226705.59375
1192.05092184967,10559.2001953125
1121.95314076968,13965.599609375
1990.78571823656,26326.5
1630.50272947977,23677.69921875
1525.17544114623,23447.900390625
1017.11856502548,10748.2001953125
1354.06422533043,17071.099609375
1251.71939694241,36510.5
1417.23728863502,19595.19921875
2074.71020457153,25223.400390625
1134.33335239396,13383.099609375
2190.61799992891,15940.2998046875
1393.54507786816,13473.099609375
1200.76609611496,15400.400390625
1886.38747503417,17652.69921875
1774.85815862546,83624.1015625
1023.11323486256,10378.0
1299.79107565639,14226.599609375
1046.73881466415,21638.099609375
1257.36085580974,14240.2001953125
1047.58351257004,9809.0
1242.55853060172,11849.900390625
1066.24163134531,20988.099609375
1085.800716651,17087.5
1012.57919123758,8150.2001953125
1982.05817601617,28613.599609375
1202.3299181845,29917.099609375
962.494544265079,11788.2001953125
1464.31774817332,17524.099609375
1083.18717832088,14918.5
1542.64612480963,16578.69921875
2098.14825943239,24642.400390625
1141.7832068572,13013.2998046875
1478.70078856141,18460.599609375
1647.3806426829,21172.5
1492.73540916955,19816.400390625
1116.31992720574,12672.2001953125
1038.30598632862,12475.2998046875
954.575487469462,9954.099609375
1093.6635048221,10342.2001953125
1807.41540761797,21644.0
2080.26352783095,28637.900390625
1992.41784261665,30813.099609375
1267.35817475292,15580.599609375
1809.99797034884,32000.599609375
1023.85308370771,13387.900390625
1884.73663158691,24930.19921875
1221.67228571853,26807.599609375
1250.66968068183,11611.7001953125
1614.02683052865,33858.3984375
1024.51203944118,11964.599609375
1054.72205111862,11289.099609375
1094.57371946307,11044.7998046875
935.332620691269,12029.599609375
1966.52825849508,33796.19921875
1191.05179163965,9247.5
2256.07657219612,30463.400390625
1899.32101337005,29191.099609375
1564.99891946691,17174.5
1045.29265530251,11887.7001953125
1335.35975457931,26917.30078125
1249.39009873337,19507.099609375
1421.48428842145,16383.2998046875
1038.02107766942,12124.599609375
1226.6241475222,18078.5
1126.14119777914,11248.2998046875
2356.80498684971,39808.69921875
1188.24604860202,15556.900390625
1837.26686002075,20612.19921875
1059.80583777661,41052.1015625
2222.85579912637,21514.0
1382.48043782742,29751.69921875
1373.50286235274,23322.900390625
1064.51379459203,15642.599609375
1080.18321373272,14480.7998046875
1029.2666825015,15859.599609375
1840.90905566087,13743.0
1553.09103001953,27551.69921875
1844.97298742734,23599.80078125
1618.99897132176,22752.599609375
1877.6233860636,22096.599609375
1163.83148240397,21942.900390625
1780.65148706748,12300.7998046875
1229.90800673371,16380.7001953125
1786.66899862343,17317.599609375
1584.28056145566,18570.0
1706.41835206594,16682.099609375
980.958675564539,27976.0
1377.00600206535,27793.099609375
1021.86964254919,19183.400390625
2005.47996311629,31206.30078125
1389.12882651609,16909.5
2372.71953663187,37264.80078125
1066.11895460156,15148.2998046875
1739.19142744595,18901.19921875
1063.72792804009,14420.599609375
1535.18668796677,15799.5
2000.50982793752,27425.599609375
1123.48877281545,6375.10009765625
1089.98843939141,13750.2998046875
920.122041542192,8041.10009765625
1258.63832072084,17715.69921875
1131.82544308571,15892.2001953125
1232.59564137136,13082.5
980.737166603067,10254.7001953125
1237.73647661501,18374.099609375
1898.80044502599,23302.099609375
996.671215413529,11582.2998046875
1376.91719791932,14794.099609375
1006.13314675114,10196.7001953125
1425.29295005174,17525.099609375
2112.17998304205,35428.69921875
1744.49549741221,18928.599609375
1386.2902136879,28184.099609375
1055.3314236087,27601.30078125
1187.65104968137,16032.0
865.621700332716,12463.900390625
1246.09832848753,18633.69921875
1758.07016379855,19338.80078125
1712.56934839846,23145.099609375
1007.64136873428,12966.099609375
2177.39231043761,90374.3984375
2249.02862056186,19562.19921875
1991.29403004854,25506.599609375
1082.52833401043,10542.7001953125
1044.03725214914,19068.099609375
1414.1224581431,62702.0
2214.55010445535,27796.19921875
996.391655059238,12242.599609375
1866.63897059644,44283.30078125
990.887246505092,14630.099609375
1282.83226934157,12748.400390625
1256.36317409897,16953.30078125
1701.06937862309,27711.19921875
1115.74699004282,44696.19921875
967.297322069534,36738.0
1818.51748579303,22639.0
1807.94522407259,10680.7998046875
1221.07260703108,16168.5
2038.09236650312,24757.19921875
1847.69170908725,33368.0
1164.27138048238,9483.0
1126.54376914624,14834.2998046875
1099.37828003583,11325.900390625
1491.98452944553,19614.19921875
1925.83679485756,23617.19921875
1020.5272180181,13600.0
1420.40671640617,21333.69921875
1011.75956351093,8133.0
1138.74180413471,43118.3984375
1723.27910612416,17914.30078125
1991.99398945295,21152.69921875
1414.17527265403,31953.19921875
1791.66186409804,18767.0
1135.1748190323,14658.7998046875
919.620693668882,9213.5
1186.22305227181,14704.5
1995.80911361833,24210.900390625
1918.62126300295,26527.0
2005.66670809588,46118.5
1894.72124830594,23929.400390625
901.171548765458,10784.2998046875
1144.02202957493,14985.7001953125
1127.34178080724,29186.0
1265.43501344759,24939.0
1068.68435818753,14230.7001953125
1870.03726124831,24419.80078125
1107.82938174645,18036.0
941.301663234014,13223.400390625
1176.59532348215,17728.900390625
1298.90180854296,16797.30078125
1072.15863933826,37635.69921875
1235.34756709089,20509.69921875
1125.38964951701,16778.0
2099.84300354908,29489.69921875
1826.80379285878,20514.0
1667.92526459031,18865.5
1121.57875942634,14941.900390625
982.78099903781,10972.099609375
1280.43021190123,16599.19921875
1541.64744029169,20569.0
1030.99095371818,12354.7998046875
2208.45905370697,101130.703125
960.772390085753,12616.0
1071.93256203301,17399.69921875
1090.05295331932,15325.7998046875
1832.23945341029,51466.5
1972.61886355138,14202.900390625
1020.81636075201,10567.099609375
980.244119744662,9377.7001953125
1288.76353948093,9763.0
1124.6914728809,14728.2998046875
1127.163058285,21068.5
1822.21595005768,25241.900390625
1090.62488767507,10276.400390625
2012.75254355654,19416.30078125
2158.75948468761,23822.19921875
1534.26254544843,66735.203125
1255.07991519089,15329.7001953125
1077.59998246373,19649.900390625
1886.96219496539,23177.30078125
1942.81632585388,21246.69921875
2111.50854793047,22559.69921875
1480.17480367776,85985.0
1028.21763477904,10333.7998046875
1220.37732739347,15062.5
1779.12722016963,21609.0
1295.04033240173,18831.400390625
989.846109816969,13662.099609375
1098.63876545973,14341.5
1490.16788854622,17589.80078125
2047.17490246155,29876.0
1461.51523640323,26675.30078125
1927.71672403157,31168.400390625
1396.0145462349,18378.19921875
1261.44729502601,18395.19921875
1156.04078492607,12193.5
1889.29695290235,29066.0
1864.38020315834,24412.19921875
1413.78807766353,17961.5
1984.52530449952,22957.0
1477.96695655927,46856.8984375
1774.21457926859,22065.30078125
1092.60665748832,9495.7001953125
1037.89494681209,24719.5
932.159961652571,7525.2001953125
1530.15248455216,19527.80078125
1686.02927669285,22375.0
1459.72110295373,21095.0
1253.43408577947,12357.900390625
1041.32889282998,11684.099609375
1124.81515243182,14571.5
1269.38339954351,20440.5
1583.5956441588,11504.2998046875
1224.54465972143,15596.400390625
1098.02059055116,15982.400390625
1922.05821744236,23952.400390625
1086.91996087534,23942.80078125
875.952508371313,7779.7001953125
1815.92389218329,66100.203125
1136.24492570533,36224.5
1036.00164687581,15775.0
1152.79358388776,88039.703125
2128.99505366255,33443.30078125
1799.0639180862,21339.5
1075.88039101384,12482.5
1961.97930232756,40689.3984375
1813.28896063356,26636.099609375
1032.83221910466,17202.19921875
1057.74172635244,15909.0
1297.30333391455,17199.5
1819.20095459065,19843.30078125
1155.79899697516,12968.7998046875
1290.60870467306,20275.900390625
998.009071600846,11996.0
2083.22359174968,68128.5
920.404387471955,7747.60009765625
2141.12211218801,26613.30078125
1022.41260692004,10654.0
1047.94441172809,14185.7998046875
1951.09862169094,14400.7001953125
1175.92321983245,17242.900390625
1368.03611477897,19528.0
1054.24683194323,19560.900390625
957.938791293411,13298.400390625
1142.53520081141,19072.30078125
1551.39818009416,12697.5
1079.35456074154,17925.30078125
1016.19330827696,26898.0
1019.7410171971,14097.5
2117.67157794903,30092.599609375
2010.58781714635,26005.19921875
1067.85748796466,14691.5
1202.37025331733,16950.30078125
955.58520286627,9707.7998046875
1042.21024890908,13382.400390625
1342.07867403891,17282.0
1184.24451372611,11613.2998046875
1839.07380711742,110181.0
1715.63849545265,36213.8984375
991.991114352826,12076.2998046875
1046.95386109052,15242.2001953125
1085.58756441594,38839.0
1003.12561662638,14018.0
1046.96310920109,9178.2001953125
1247.84399292383,19056.80078125
1069.49161795909,12282.400390625
1356.98941384427,16900.099609375
1198.65496417683,13950.2998046875
1000.92523485015,11606.0
1153.34880479068,13029.0
1057.8904760826,14235.400390625
1032.33516101757,13186.5
1151.47790088119,13125.099609375
1357.45828190758,17564.30078125
1857.07263589016,30425.19921875
1343.34767080058,29121.69921875
1360.26324498408,19843.900390625
1198.05383699015,14338.400390625
1670.65212013059,22283.19921875
1069.83179243564,13585.400390625
957.775110878722,9498.599609375
2300.61859251901,97443.3984375
1025.91507809453,58680.8984375
1105.18620489332,18465.900390625
1040.87996948704,18691.69921875
1091.9734404722,13728.7001953125
1841.59820703245,24388.30078125
916.441293537544,9880.7998046875
1809.53155359194,25439.099609375
1041.13635385341,17936.30078125
1384.4044905169,20068.30078125
1403.92792045656,24114.30078125
1117.50335108893,24590.599609375
1135.73215697258,25178.30078125
1969.07828570445,34946.30078125
1332.94198649332,17320.69921875
1012.54041602702,14502.5
1979.65478149961,20344.0
1075.33842945016,11446.7998046875
1276.07234621104,15496.7998046875
1007.05405800193,13200.400390625
1434.90853373235,12932.900390625
1044.5660657966,35763.8984375
1298.8204697392,18793.69921875
1093.39787234516,12872.2998046875
1014.06323442563,15813.099609375
909.450390488937,10390.0
1003.85008909493,42934.8984375
1925.29059921916,24228.19921875
1126.78020879224,15663.599609375
1883.23843767547,17818.0
1187.99434400245,18581.400390625
1628.39694584655,19384.099609375
2146.33470385579,36901.1015625
2142.66598953717,29427.900390625
1912.11282162596,40282.6015625
1075.00104054909,16007.7998046875
1600.05126412049,21266.69921875
1926.64238328384,45919.5
916.520125323379,10052.7001953125
1153.89321766078,19647.5
1316.10485411509,20456.80078125
1939.11217901527,40606.69921875
1863.09516148196,17938.30078125
1000.37190813855,11298.5
939.919683531233,13425.2998046875
1341.01369282476,18424.5
1796.02674943842,19686.30078125
1144.40710752807,16707.0
1091.95093302239,13307.400390625
1151.44302547629,12097.599609375
1819.69946117698,72403.796875
1659.83751334415,29097.80078125
1148.3998399855,17841.0
2011.11908210022,16649.69921875
1020.52365248149,14026.2998046875
1186.32065883632,14416.7998046875
1718.31621344162,18943.400390625
1814.60609213937,18308.900390625
1718.73594395363,17427.400390625
1183.52394106322,17506.80078125
2102.17486448755,27463.599609375
1275.38531187682,35932.8984375
1791.46709666109,20713.19921875
1909.78051499542,27750.599609375
1951.57439798143,24459.099609375
1172.75702332884,13466.5
1981.11264027822,17890.80078125
1211.16854915468,13821.400390625
1083.49815996649,15747.400390625
1966.0714241178,28613.69921875
1532.0284024975,19313.30078125
1983.03691581374,15019.5
1878.24267520236,31708.400390625
1659.12864009824,24554.599609375
1166.87711920118,17592.69921875
1037.78831498305,13672.2998046875
1020.99530612028,9502.599609375
2013.04803740253,24331.900390625
1252.24609355251,38592.6015625
1797.86589778754,25956.69921875
926.54179019618,8661.400390625
1321.36892321757,23860.900390625
972.531084110897,10559.7001953125
1084.41483714256,14688.599609375
1560.87715915366,22288.099609375
1676.97816202573,27734.0
970.022729110574,14017.7001953125
1217.86540685654,14389.7998046875
1255.11913609352,15011.7001953125
1043.24536875418,18022.900390625
2546.63816683058,31501.0
1366.42170665887,17792.30078125
1046.03896668276,12850.2998046875
1973.87259535947,42755.3984375
897.988583097516,7429.39990234375
1558.26005528694,20933.900390625
968.224361586356,14158.7998046875
1072.51129319291,12178.599609375
1206.25880525213,15306.099609375
997.413961257175,12124.2998046875
1139.04130920937,15739.900390625
1210.6283703593,14282.599609375
1285.44837040112,17196.30078125
1467.7823355214,19888.80078125
1126.87469551222,14020.900390625
1385.29899451222,18842.19921875
1991.86251029071,24212.599609375
1082.41457110819,16071.0
1866.76343010849,26066.900390625
1231.53032588815,14202.099609375
1987.43366813751,105981.203125
1430.9410943002,21152.599609375
1697.72457102027,16998.400390625
1652.41874590317,3486.10009765625
991.70520288646,8501.7001953125
1882.24565857752,23215.30078125
1044.11602822347,13144.900390625
1043.81552034163,14991.400390625
1350.66125491177,22605.099609375
1139.88355580885,58701.80078125
901.805155762141,12517.7998046875
1443.43651732597,16923.400390625
1227.41926218471,16613.400390625
2166.27496730896,53411.80078125
1133.04875640965,16530.599609375
1255.14877461653,14728.0
1055.18133680231,19633.400390625
2033.78452974839,22644.19921875
946.719830371571,12977.0
1806.80536658977,21856.19921875
976.109545784242,9897.2998046875
1000.45636678684,10384.7998046875
1044.15602908723,13819.400390625
963.176898832509,7418.2001953125
1090.38677668379,9870.2998046875
1025.50470711611,42924.30078125
1210.61054267628,13757.400390625
1169.53990650563,27378.900390625
1905.53084105653,18821.900390625
1966.68335933731,34572.80078125
1925.49272057535,67525.6015625
1660.55596896969,17387.400390625
1217.03062559933,51892.19921875
1184.34579725024,9657.099609375
1805.24577859494,30884.0
870.657686515622,10588.7001953125
951.129730611566,12915.7998046875
1911.44718051136,25014.400390625
1988.27914600453,24448.599609375
1860.91739857856,16049.400390625
1502.55389416748,18728.19921875
1678.28704822814,19475.900390625
1765.30541752749,19783.099609375
963.394396565301,13496.400390625
1003.8226790323,20932.599609375
1181.74250983786,20025.80078125
1033.3296114608,13394.099609375
1411.88051558084,20004.099609375
1205.24117882098,16806.19921875
1448.94605133899,24604.0
1125.28045495854,15242.2998046875
1018.61709320597,12177.900390625
1001.02729833542,11550.400390625
1277.17097717689,17339.900390625
1105.01216213788,18375.19921875
2178.86487705471,33206.80078125
1027.73417030025,18900.599609375
1510.71574172117,22121.5
1185.22893609764,13770.400390625
1876.46948928041,22828.69921875
1429.05748816656,18550.80078125
1067.58115887791,13348.2998046875
1163.39035867235,18236.400390625
1143.74324918177,53223.8984375
988.422680751177,14627.7001953125
978.46636547893,13570.7998046875
1802.60483020219,14994.5
1061.74548968873,13534.900390625
1401.72943287165,30204.599609375
969.855928851358,12292.7998046875
1065.40484447376,12922.2998046875
1590.36904947461,20775.80078125
1412.86738925879,16484.400390625
1074.52192156804,13535.400390625
1086.35772032222,6125.7998046875
1133.51327897523,12855.2998046875
1439.12221803615,15016.400390625
1274.15096767401,16118.400390625
1209.06343405957,16081.7001953125
2009.24182707866,59635.1015625
1173.97287131052,12485.099609375
1080.97442858957,12075.900390625
1002.4423706748,12683.2001953125
1196.62907084813,11907.599609375
1034.52651752927,13731.5
1776.53930913385,35588.69921875
1171.21960851477,17226.30078125
1326.51722380348,19971.900390625
1167.07534075171,15936.599609375
1930.38797948545,44355.1015625
1099.52836684222,11157.900390625
1314.38938531689,86637.203125
1317.51324107333,20427.099609375
903.038831426834,14524.7998046875
1744.46084485334,26375.19921875
2172.21693405812,114366.5
1775.19086775975,20050.30078125
1989.48318314621,48889.3984375
1409.3856427658,22836.900390625
1773.31361273818,20959.599609375
2092.62234623561,18719.400390625
1424.97494875595,26623.19921875
1588.03406869162,22975.599609375
2312.99813560518,37237.80078125
2019.28995491844,31477.400390625
1868.8200761904,21367.69921875
971.51746890843,16070.900390625
1987.04502464777,26869.19921875
1285.88693140331,21734.900390625
1077.66561062184,21858.5
1230.44205726306,19929.400390625
1242.19083463952,16602.900390625
940.058739458757,9206.400390625
1738.0023209888,18597.19921875
1334.9116111975,22345.599609375
1523.57629797971,57755.8984375
1158.73198510032,18502.30078125
1281.07880529395,22491.599609375
1219.18142413217,13316.0
1000.33981830912,11247.5
1129.89893908982,18724.80078125
1372.36189063973,20172.69921875
1372.91454881322,28422.599609375
1717.42271225347,20155.400390625
1388.55299235468,18016.19921875
2266.95970413915,35953.8984375
996.337503472077,10998.900390625
1415.83001590696,27183.900390625
1044.48940675963,14046.7001953125
944.41549091876,9817.2001953125
1330.87542376273,16159.400390625
1329.83462134366,21367.30078125
1888.54172768059,25513.0
1903.27318784862,32353.400390625
989.740146526044,13708.900390625
1128.27060309236,17052.69921875
1596.58199700562,20237.30078125
1115.66464843189,15076.900390625
1708.83010330892,18373.80078125
1778.65835210632,39038.1015625
2178.78398394303,46275.3984375
1144.05879917115,14461.099609375
1333.91470944787,15171.7001953125
1588.3478359127,20957.099609375
1164.58024509063,18291.69921875
2125.00856089418,40433.6015625
1067.85927073296,12732.0
2075.38520521971,16932.900390625
1186.05547205146,15127.599609375
1861.3580766181,23202.900390625
1174.39148759234,30593.900390625
1765.2091480392,21561.099609375
995.00644408891,9093.7998046875
1010.69057106809,12244.900390625
1158.6739337075,17556.69921875
1157.97252580385,16833.099609375
1114.22807144987,14469.400390625
1273.52588453827,15684.2001953125
1019.15158942739,9849.0
1010.26660648137,11738.900390625
1152.33084409048,20730.19921875
1865.67482721434,34739.80078125
1102.32876157494,16574.400390625
1437.18223185498,14279.400390625
1225.29420236923,17033.69921875
979.769569107385,28810.599609375
1572.5507259924,21020.69921875
1509.31415156707,23253.69921875
1947.39046362366,23351.900390625
1053.17215692643,13674.7001953125
1415.23100575763,15017.7998046875
1516.40488964057,23364.0
1991.00343881539,91223.3984375
1157.34755409112,14676.7001953125
1923.66716583454,47420.6015625
1811.99389088548,19720.80078125
1707.81214260872,20272.30078125
925.061702525303,9673.099609375
1085.84027182269,16369.2001953125
1018.57787230334,39966.8984375
2401.90880203363,42512.1015625
1093.6552595187,11955.400390625
1056.84287685939,17257.400390625
1676.28355092622,26759.900390625
1235.82501472666,19302.69921875
1419.86731757192,48647.1015625
2272.11502437524,30210.900390625
1394.24247454313,18036.30078125
2352.84412137567,27624.5
2092.66223567636,22069.900390625
1370.37800378913,14453.400390625
1072.25457455749,14524.599609375
1130.50797731084,18048.400390625
1083.4260692733,12935.2998046875
818.207918833529,10229.599609375
1136.39211551322,17807.400390625
1931.5374193479,25748.19921875
1209.8037285968,12002.599609375
1093.90662984923,20489.900390625
2121.25048531445,24089.900390625
1057.94641043806,53026.3984375
1607.17743471398,21422.099609375
1915.175171876,28196.80078125
2246.52093409965,17510.69921875
1076.49110058015,19860.599609375
2103.29154598245,132882.703125
1175.84232672077,13123.900390625
1121.15512910868,9401.5
1185.75596697679,17116.599609375
1466.40358708617,24645.400390625
1028.85018325704,17868.400390625
1151.7906652951,19111.099609375
1899.22585811196,30842.900390625
1234.44693482953,19383.69921875
2150.33167038793,37488.1015625
1719.2471527641,30453.30078125
1211.1379078245,17779.900390625
1032.6072560296,12651.7001953125
1387.56634152277,48090.1015625
1424.1855166674,53747.8984375
1052.57381531522,13626.5
930.273458520443,10771.2001953125
1186.0828821141,37804.80078125
939.033981954405,14486.0
1642.32393181849,21835.900390625
1925.65784948929,23701.400390625
1430.9582534451,96305.8984375
1195.39539518343,11040.7001953125
1313.75906529926,15923.599609375
1945.41270503909,18703.80078125
2335.25399223606,25644.900390625
1266.61164052663,16244.099609375
1870.81922799459,20030.400390625
943.25802859896,8277.2998046875
975.327579037962,11570.900390625
1031.34784164755,15554.099609375
998.551033164526,14536.2001953125
997.884612088792,13331.599609375
1159.17377737005,23452.099609375
1435.65763068807,29870.099609375
1732.3634248509,23202.400390625
959.891256852697,13727.5
2031.62894002574,26555.900390625
1164.25466702956,11196.599609375
1802.56092953277,65427.1015625
1096.70524181365,12915.599609375
1192.92759816197,16384.19921875
1907.3998507747,22317.5
1948.77255474946,24466.900390625
1486.75455578681,23508.900390625
1046.88856720148,8963.7001953125
1782.89164686144,21188.69921875
1127.09464455143,13536.7001953125
2120.83955722094,22794.0
1045.23103837309,16814.400390625
1160.40633880456,16449.900390625
1986.3796063792,22939.599609375
1035.75384208189,15870.900390625
1153.15838285147,15150.400390625
956.460207833289,8994.599609375
1044.14210120988,20414.19921875
1068.77995913771,16403.900390625
1840.08820228102,22827.900390625
1143.10958647358,19322.099609375
1751.9349895347,15854.099609375
1360.91072414661,48859.19921875
1961.90442605889,26871.5
986.337956068517,15419.400390625
1834.98447090265,24746.69921875
1372.86385133964,21190.19921875
942.758853474518,9809.7001953125
2006.32878367388,25305.0
960.150538217559,7805.60009765625
1005.85536916515,11782.7001953125
1083.20355750465,11353.0
1033.21050025365,10320.099609375
1087.94471837969,17429.599609375
1123.9153001316,17087.400390625
2435.0250603117,31227.0
1405.74166435737,15219.900390625
1096.40963654464,16174.099609375
1257.72197781383,14251.099609375
1733.41915795449,23585.099609375
1006.634773182,11233.0
1111.21552728926,72158.8984375
1870.94112477721,26321.900390625
1215.9374543614,15356.2001953125
1140.72279398682,13950.7001953125
1054.47469201678,11568.900390625
1973.65353770441,22187.80078125
1477.23891855411,19088.599609375
1257.71451247156,16722.599609375
915.35670187207,6780.60009765625
1149.76220923696,13742.599609375
1281.26131619883,43437.1015625
1597.09799700591,25610.69921875
1028.5407615337,14543.900390625
1210.21331961409,24700.0
1837.22084231396,20865.900390625
873.667333677745,13057.400390625
1274.10171869968,14564.599609375
989.034170278619,19519.69921875
1482.65530292337,54777.3984375
1171.79466271505,29947.19921875
1309.57669086376,17412.099609375
1401.32897854191,20596.599609375
1595.33483915565,19378.599609375
1458.39149206981,18895.69921875
1457.67125367597,17580.099609375
1003.80551988739,14348.099609375
1000.18438319783,9878.599609375
1061.72911050496,10658.7001953125
1613.72687976191,36876.5
2096.91658938204,23632.900390625
1311.5330562287,15506.400390625
1164.05856251638,14185.099609375
2007.9947806517,31311.099609375
1081.93857197167,21443.599609375
1230.18032459178,18371.19921875
1410.66355336898,19592.5
1142.60651154347,21029.900390625
1274.96992686255,17800.599609375
1043.7213678907,9577.099609375
1053.23388527888,17854.900390625
1821.65192673627,25799.599609375
1697.83721969232,15089.599609375
1219.50945349966,17421.69921875
1358.41172867987,19252.900390625
1515.4072079298,32005.0
2039.76995147491,16140.400390625
1162.86622479168,22583.400390625
1172.30241741194,18717.099609375
1437.80408372317,20774.099609375
1192.96258498989,22771.5
1154.62950096933,63348.3984375
1187.84849127077,12804.900390625
1643.34579232435,19128.69921875
1082.04264107127,27208.69921875
2067.54771007389,66044.6015625
1038.83123443947,32310.599609375
1046.97135450448,12050.099609375
1060.16060866863,11487.099609375
1744.27443414281,19591.599609375
1000.07741709973,11887.7001953125
1000.85392411809,17368.5
2058.73147513051,25961.900390625
1619.12476791004,19588.900390625
1112.21744307475,17608.099609375
2182.50774123295,84913.0
1027.14373972337,13190.400390625
2195.41030396959,104317.8984375
1183.0314513199,21083.69921875
1546.54648758443,31116.19921875
1212.57548761368,10433.7001953125
1237.37992295469,15823.0
1025.8209256436,15870.599609375
1061.28408696768,12822.900390625
2245.21617054894,29490.599609375
1460.55254152038,22125.099609375
1051.99341281003,13988.2998046875
971.184759774148,29102.30078125
2071.02098841745,16451.099609375
1103.81637029959,15001.2001953125
985.791760430121,6766.7001953125
1712.1575289208,25671.69921875
1306.3534457745,19251.599609375
1016.61537867236,9960.099609375
2029.88918100944,67025.8984375
2090.49260665334,21288.69921875
1050.89556180532,13282.7998046875
1133.29043293753,21704.099609375
1180.47072750072,14913.2998046875
1009.85656977201,13287.7998046875
1876.65200018528,19789.30078125
2024.53352218546,29475.80078125
1131.6214275382,97417.1015625
1545.0123040379,20999.69921875
1056.99730916351,15101.2001953125
1012.13249635502,16632.599609375
1981.7669162449,60443.19921875
1083.39253094462,23537.599609375
1558.83655798646,24788.400390625
1205.90793416577,21632.900390625
1934.98707601145,23279.099609375
1909.30964131777,28027.80078125
1561.00473851024,17417.69921875
1673.46109443577,19344.0
1691.81647686883,22381.0
1626.88905813247,77285.703125
1344.19270297553,25914.80078125
1249.37149108923,20529.80078125
1332.67067144242,13079.2998046875
1127.76529970188,15034.599609375
1030.5713346292,12302.7001953125
1132.25330747809,11457.7001953125
1190.21645326735,18670.19921875
1756.19146027774,71388.203125
1073.79232364062,12821.099609375
1173.18343922198,17467.400390625
974.672188841094,15701.7001953125
1763.07940845693,21303.30078125
1889.94721764035,25578.099609375
1669.91126847827,75147.703125
1362.36156327504,15348.7001953125
965.823306953185,9311.5
1157.60282422731,22027.0
1718.61861551478,33778.30078125
1754.44724434068,18660.80078125
1877.6162549904,21362.69921875
1075.17084922981,26098.69921875
2017.3478516999,22068.19921875
1111.39090712093,28711.19921875
2072.26914907459,20791.099609375
1070.79125605094,51922.3984375
1100.20225326022,73826.3984375
1929.89794104856,21584.80078125
1657.6771324317,30105.80078125
1860.74513859142,22068.099609375
981.821535422503,10877.2001953125
930.233513368186,9642.7001953125
1914.04355969657,19333.69921875
1991.88657766278,32369.599609375
1295.48713870732,15069.2001953125
989.48989042571,47467.3984375
1197.94252539432,17813.400390625
1929.03797818908,62669.19921875
2047.58961893771,25349.80078125
1048.39723487669,17825.69921875
1129.55453053855,12632.2998046875
1045.03203686142,10447.2998046875
1360.50035316819,14259.7998046875
1622.1340808031,52359.6015625
1393.94943200356,19083.69921875
1353.41997743545,14402.7001953125
1276.58689771208,25575.80078125
1770.14307073684,19031.30078125
1778.44085437353,21067.19921875
1654.74737557409,18445.80078125
889.973981063237,9628.2998046875
1074.15923964169,15522.099609375
1042.18428734569,42126.19921875
1142.56127379782,13592.2001953125
1762.15025190275,20316.599609375
2401.96540492721,39412.69921875
1022.46998977474,13246.099609375
1021.21848642703,15009.900390625
1101.85922497352,10756.2998046875
1493.88674322332,20067.80078125
1394.42576540914,30079.80078125
1515.21433468417,15967.099609375
1859.42845277768,28031.69921875
1105.78811204114,13822.7001953125
965.41148747552,28947.599609375
923.409076309739,7786.2001953125
1094.10061732504,9738.7998046875
2257.77621892564,37345.80078125
1003.66679822893,10913.2998046875
1489.11104121244,28529.099609375
2161.3634406381,24922.69921875
1292.77911365722,16488.19921875
1581.7394480878,25738.599609375
1296.47122680979,21776.19921875
1945.14172425725,22449.19921875
1143.43795011012,22924.599609375
1126.51524485342,63867.3984375
2000.66960854655,26226.900390625
926.631597149372,11214.7998046875
1895.9736430378,23829.400390625
1004.10212796357,9541.400390625
1841.05802823707,16236.2998046875
1328.60061140991,12674.400390625
1829.10133550744,25218.099609375
1213.1773947615,16652.599609375
1036.53959721081,14204.099609375
1135.47610687527,18895.5
1934.67308594434,26760.80078125
1124.0814318527,36950.3984375
1086.25387406866,15653.599609375
1734.0263019842,41965.8984375
1369.27447021045,19546.400390625
1105.58264799438,20437.099609375
2041.5090419531,19197.19921875
1770.08279088365,19733.099609375
1120.75044070422,8618.5
1680.36542179873,22720.599609375
1709.48293077635,17612.400390625
1022.99557215465,9289.7998046875
1059.5166950427,29789.900390625
1474.70883606511,33530.3984375
1593.99921142871,62665.3984375
996.922920013108,22200.599609375
1089.66575832882,12028.7001953125
1327.14620674488,17024.599609375
1499.0047367481,23128.400390625
1037.35298524841,9557.900390625
1182.57016002187,15971.400390625
2067.22547470338,23446.69921875
1921.15613668176,12770.7998046875
1260.96773035289,16846.900390625
1253.44946215607,13058.900390625
1123.39250332716,14391.099609375
1174.27917318934,25678.599609375
1176.31932866446,13229.0
1098.34327161374,15873.5
1070.82757995509,17317.400390625
1048.23600576842,13098.7998046875
2084.53169799097,25406.400390625
1498.31447114633,22935.900390625
1215.76630860445,23416.69921875
1070.0656693522,14621.099609375
1096.7156041544,14670.0
890.678898791983,7527.10009765625
1440.02819860241,24596.900390625
1021.62462333074,9470.2998046875
1215.66223950485,11699.400390625
1641.38519288469,6401.39990234375
1411.6041864941,17024.900390625
1760.46297312832,35032.1015625
1365.9306654148,13664.2001953125
1174.49845369043,14211.599609375
1176.87911791115,18336.599609375
972.769975063308,9360.900390625
1082.22804897463,18248.80078125
889.337198510516,10840.400390625
1030.75852530086,35465.3984375
1578.8398868683,33606.6015625
1789.6233799682,22975.69921875
1058.24234997613,63254.6015625
986.331159264368,40004.30078125
1719.47077876293,20857.400390625
2011.53246150015,29859.400390625
1261.40161158829,20263.80078125
1878.89650547697,19898.900390625
1360.82693403644,14192.400390625
1912.55606239494,27146.80078125
1113.86616948465,70276.3984375
1186.64913389588,8949.400390625
1717.28120501954,25072.400390625
1082.31395612217,14734.400390625
1054.58266092204,12958.2998046875
1143.58135153538,14015.7998046875
1910.06152384896,30038.5
1561.6494320973,21293.80078125
1173.42489290382,14545.7998046875
1241.73266318602,28333.599609375
982.958941598911,8129.7001953125
1160.04699956877,64826.19921875
1022.21583386875,27123.80078125
1193.48382187207,15828.599609375
1659.6835267321,22579.69921875
1888.37994145722,19464.900390625
977.814540818665,10038.599609375
1005.74873733612,8487.5
1271.64829524765,32734.0
1183.67859621338,14161.599609375
1243.90229220904,15344.599609375
1805.553528973,23079.69921875
1229.38777265871,75554.796875
1065.04149400929,12404.2998046875
1974.3421319609,25899.69921875
2093.25589752078,44345.6015625
1198.54476681119,36978.3984375
997.741990624665,8409.7001953125
1256.33999811105,18740.0
1065.97566459932,10840.7998046875
1832.43689499969,31180.099609375
1000.6553682985,13341.0
1042.24167020039,16214.7998046875
1343.75871031711,35608.6015625
1216.54615831337,21874.69921875
1914.14094341505,33046.8984375
1895.14153593304,68106.1015625
1927.53265320444,22090.0
2095.47009575135,30605.099609375
1555.78657569152,19864.0
1030.08853868852,12573.5
1079.95613362031,11820.400390625
2010.67160725652,26999.19921875
1622.26633992648,19955.900390625
1062.68322581536,19426.80078125
1581.17575903544,16268.2998046875
1278.0199091575,49299.0
2012.43989056565,27210.099609375
1462.39024137025,17261.599609375
1381.53378785928,30219.80078125
1772.42044581909,19188.19921875
1120.87423167816,16664.400390625
1162.03478622503,60166.80078125
1023.27836377649,38517.30078125
1703.62698259774,17702.19921875
1081.5634106672,9242.599609375
1384.58555292253,16067.5
1247.80198644572,18325.900390625
1012.5208055757,12696.599609375
1194.29542714136,17838.5
2211.6863100249,50737.5
1720.05051273,19697.599609375
1201.21535372696,21653.19921875
1280.03154033979,11263.7998046875
1642.5592572343,19686.80078125
1636.12457789579,15429.0
1560.8425065948,10816.099609375
1572.57033644372,16049.7998046875
1134.87854522518,17291.900390625
1945.13971864291,24972.400390625
1735.37452051227,20792.5
1849.25553115679,19236.69921875
1664.48374180713,22500.80078125
1910.89162533938,28951.599609375
1517.79221764825,16890.0
1235.07758911622,18840.5
1081.32674817517,13819.099609375
979.544940301386,18040.099609375
1902.48520425932,95265.5
1831.81905436018,17169.900390625
1700.02467639836,15522.5
1510.19729041447,20240.099609375
1813.34132945242,33259.30078125
1513.15490302679,20755.80078125
1022.77450888526,11556.599609375
2289.96454630273,44263.8984375
1920.84147807653,23816.5
995.354083907718,16118.7998046875
1179.40574628657,11528.599609375
1650.04688410093,20173.0
1180.85647399198,12789.0
2021.12397780869,14366.900390625
2391.34946538338,73671.0
1270.56292362105,15268.0
1783.47851190171,24688.69921875
2209.02508264272,39114.19921875
1120.54330531218,16126.7998046875
1420.90132318684,20728.599609375
1012.46119426062,13311.5
1074.46799282691,10966.5
2273.6174523614,32147.400390625
1325.12566172108,16912.099609375
1243.34651419102,67741.5
1818.54846139227,17168.0
1007.12213746644,31044.19921875
1538.09081753004,17438.69921875
1819.52007011664,102701.296875
1452.86023056812,55834.30078125
1039.03335579566,22194.099609375
1239.6860451758,16292.2001953125
1240.91838376427,15647.099609375
1146.5738395526,17302.0
954.705963824534,11057.400390625
1176.36969186898,17192.099609375
864.828758419079,9869.7001953125
1633.93244142296,43791.19921875
1120.97863504682,20114.0
1382.8734268149,22928.900390625
1062.02649854227,26599.599609375
1772.73599580847,25214.0
985.262946782665,8680.0
1114.72646661318,17170.69921875
1318.53933565391,20648.19921875
1352.40625080996,30035.80078125
1109.57214918426,16632.599609375
2359.93641937143,25707.400390625
1618.67127622332,17898.5
1218.53528204586,46230.30078125
1822.94688506133,25416.0
1892.62493562932,58824.0
1142.64361540875,17115.900390625
1253.67052542547,15348.099609375
1941.98667005553,16691.0
1819.23772418687,18742.599609375
1082.66660997682,15379.0
1141.00981968337,12395.0
1341.2315248266,26569.400390625
1073.62697188064,31999.099609375
1014.39516359878,9898.5
1182.27344052268,55659.80078125
991.35678310652,9450.7998046875
1121.71101854972,12572.900390625
1123.39785163207,20843.80078125
2104.35585865849,16842.69921875
1817.46843807057,35000.1015625
1006.79990209593,11037.7998046875
1028.95358381853,13831.900390625
998.229689178166,9756.2001953125
2006.68333171985,28297.599609375
1225.08662128511,17634.0
1972.40604558538,25934.0
1773.6619210951,19582.0
1171.50763701849,15189.7001953125
1640.99120109004,32177.099609375
1314.74738747645,23225.5
954.4769895208,14775.5
1037.03776952808,10646.900390625
1853.27255383233,18847.599609375
1050.6495397797,19713.5
1085.10688551263,14313.099609375
1586.04405357498,17047.19921875
1144.5999807737,20006.69921875
1275.7511136477,53449.80078125
1996.50483894802,34553.30078125
1234.27144357485,18770.599609375
1172.5930086451,33064.8984375
1005.68778894481,34285.5
1995.69078237231,30951.099609375
1040.90169697572,10859.0
1341.70317846539,24105.5
1492.13004790815,31692.599609375
1010.01245057538,9794.5
1036.79921284473,15786.5
1200.99930449341,12440.099609375
1681.32911948875,29892.5
1041.21936400246,13624.5
1073.97851150511,15077.900390625
2095.83600894524,20841.599609375
1936.68293435833,27150.0
1349.25253368447,19545.0
969.979942671336,9687.7001953125
917.124093797049,7646.2001953125
1868.32870067728,24170.80078125
1008.18433310513,16010.7998046875
1010.84177210467,16646.0
1154.8120118742,24616.80078125
954.275982394797,12859.2001953125
2031.59506742801,17487.599609375
1171.33158864871,19537.80078125
1026.89626919851,15268.400390625
1010.17780233535,32949.69921875
1917.91684667779,25110.900390625
1749.71510873017,17929.5
1815.78940459954,22056.19921875
1006.37203770356,11819.099609375
1241.73945999016,14689.5
1388.09080967249,61476.5
1883.18941154717,18657.400390625
1865.39894381967,22918.599609375
1126.76772941413,17590.5
1737.22102278063,22926.69921875
1014.57377469799,12592.7001953125
1868.61071233799,17933.30078125
838.957559095613,13446.599609375
1372.96368636453,21575.5
2095.72681438677,114051.5
2042.927234137,21599.400390625
1350.90805689852,65247.6015625
1327.58409920896,11061.5
1117.25732906331,12318.5
1224.34108986599,23218.099609375
1535.30111940712,18052.69921875
1921.92450981974,21623.69921875
1613.24519805143,19353.30078125
1701.4779668332,22029.099609375
1911.53631892644,18138.900390625
1925.04101165694,34864.69921875
1883.51677237655,96319.203125
1147.83113689729,21057.0
942.06858787275,11821.900390625
1026.0373091462,16149.599609375
1569.78955216231,26108.599609375
1020.24654343362,9569.5
956.182764516355,40826.5
984.128771873804,8864.0
1351.42962804975,21206.400390625
986.326590920595,13328.7998046875
1296.96249089989,15871.0
1577.77245434773,48434.5
1466.29628671901,19716.0
1921.311237524,23270.400390625
1239.19221835626,17128.69921875
1615.24758112316,25618.099609375
1503.77074495633,21861.0
2009.59815789294,30628.0
1638.90993052097,20369.5
2124.85056305345,26449.5
938.731245612193,9178.400390625
1146.67590303787,15818.7998046875
1075.06522020794,14888.7001953125
1147.07658021365,17277.099609375
986.307314738334,12614.099609375
1076.57310792202,11250.0
1368.93752700145,28149.30078125
2001.44800975623,35402.6015625
1400.84696256237,16251.2001953125
1535.59850744443,16894.400390625
1880.83615738909,26437.80078125
1097.52063546558,18791.900390625
1196.60767762851,15821.400390625
1047.99388354846,11109.7001953125
1021.75654818506,59063.0
1732.34593143694,16250.2001953125
1012.36392196516,22888.400390625
1879.77942147833,30946.30078125
1285.4565042815,26638.900390625
1829.38267863003,18067.0
1125.12936534498,11154.5
1038.47289801085,15864.0
1607.24517990944,21597.0
1474.27417486858,71897.5
2083.8373097375,139812.40625
1044.56250025999,14938.2998046875
1581.51760485727,20270.69921875
1590.34587348669,19336.599609375
1666.91978326822,18373.900390625
1378.41360906246,34630.0
984.907841621594,9754.2998046875
1792.45051622545,16651.099609375
1069.25807531159,14670.2998046875
1170.43942453679,16985.900390625
1945.4098080406,37606.6015625
955.74776905077,9094.400390625
1004.67049678272,16328.0
1338.2414881158,21847.400390625
1700.33699512019,21289.5
1286.13685323459,17196.69921875
1053.27912302453,44730.30078125
962.674603863539,10505.2998046875
1153.01720988659,23170.69921875
1013.33798199594,16587.5
1325.05111972147,16149.5
1902.29467089709,29128.5
991.501187338948,9414.400390625
1061.03706213489,9814.0
2240.63913578067,34832.5
1787.8292465187,26628.19921875
1167.38453962902,13231.400390625
1362.74742118931,15168.2998046875
1023.39168098666,12595.599609375
999.618911377172,12043.400390625
1168.85454351669,10685.0
1277.87372215677,14649.5
1141.04514078035,12519.900390625
1785.91912170658,21177.19921875
1014.49744993008,12139.099609375
977.346786985538,10701.400390625
919.428544672878,15513.099609375
1170.77993328239,23146.0
1991.60311750283,68629.296875
1066.25377645437,12087.400390625
1069.86956483903,13137.7998046875
1335.34660666309,26979.599609375
1029.45209040486,18203.30078125
1131.8514046491,20256.900390625
1677.79823544445,67933.8984375
1015.13256113752,15480.400390625
1223.39332566767,14435.2001953125
2029.78377483361,22821.0
1266.36773553837,16818.19921875
2015.49198989796,22843.900390625
1458.05521739893,16059.900390625
2140.31072976475,48875.69921875
1745.01461725702,17861.5
1235.38065972749,19264.900390625
1118.90884104869,21549.5
1750.77975567527,64867.5
1360.05109555619,21023.400390625
1040.55617419427,10150.2001953125
1747.27806446191,56728.8984375
1472.32092934817,13399.5
1145.77059100972,66477.5
1728.93828125149,23393.19921875
1045.73556180243,15064.400390625
1157.54221010505,14278.099609375
1142.44283112879,26383.5
1916.64528718669,33059.1015625
1863.86966288597,19899.400390625
1391.08697464933,43395.30078125
1845.53634221064,71519.3984375
1067.79587103523,23697.599609375
869.077819531366,6167.7998046875
972.037702983435,12097.900390625
938.58149307486,13645.0
1136.88493952559,52991.8984375
1014.91283494435,11754.2001953125
1183.23435263723,13072.5
1147.55402784941,19356.5
1791.52637370712,26524.0
1145.12344611625,43151.0
1925.92504188849,22032.900390625
1073.25259053731,14837.7998046875
1734.03878136231,17626.19921875
1166.01314511303,9443.599609375
1076.09075767343,16801.0
1081.94035473997,17899.0
2342.21035414883,89525.8984375
1023.42778204477,12544.2998046875
992.644276089317,11808.7001953125
1263.46282601397,22528.099609375
1852.17793409516,23156.400390625
1278.00208147448,18145.599609375
1189.93043037796,18711.0
1180.64187325767,17088.099609375
1021.83432145221,11936.400390625
1135.46295895905,19632.30078125
1965.59520213524,64008.8984375
1833.84962745568,26839.599609375
1961.6615238778,30493.30078125
1089.87612498841,13794.400390625
1695.19192580183,20147.0
1332.29272456248,12039.2001953125
1855.7185119421,22543.400390625
900.889871373808,8401.7998046875
932.71261982606,13173.400390625
1023.15746980104,14806.5
1059.48560802044,37857.3984375
1573.82217406049,18665.0
1077.02269980308,60843.5
1120.51199544389,17745.69921875
2084.29793249742,21924.19921875
1373.18731236336,26277.099609375
1558.72279508422,18440.599609375
1740.73742183248,41521.69921875
1681.15875369293,18745.599609375
929.589934011315,13405.2998046875
1264.69728163979,17899.599609375
1240.19313133458,37025.80078125
1183.70500346885,16908.599609375
1057.85125517997,17515.69921875
1119.68479095195,11760.2001953125
2108.93935596185,16385.599609375
961.755698227093,13169.099609375
1718.77728189362,19554.900390625
1597.69344161864,21350.69921875
1732.3444829377,21870.30078125
1551.90983459671,16635.30078125
1732.21400658262,16511.30078125
995.488237222412,14267.5
1209.01284800901,16714.900390625
1886.72263547487,16621.900390625
1813.94747067495,23487.19921875
1078.65861256582,14442.900390625
1385.35570882881,14634.7998046875
1076.34212800395,14750.7001953125
961.272902286422,12462.7998046875
1308.39081567415,21352.69921875
1355.77033459504,17756.599609375
1201.05033623604,22851.099609375
883.189823426104,9684.099609375
1152.41385423952,12526.099609375
1357.75344148451,12015.2998046875
1592.02278992037,27899.099609375
1739.14150993351,20049.599609375
1030.42871316507,13250.599609375
1125.58608829924,10009.900390625
1246.11158782677,17021.099609375
1322.55736113662,16334.2998046875
1130.68012587496,16144.099609375
2077.87484115287,17043.099609375
1046.17869114839,30299.599609375
1030.95106427743,7848.5
2163.30376108833,28774.400390625
1032.61862117752,9114.599609375
1103.25123274799,10849.2001953125
952.482071791333,7576.7998046875
1263.21903244873,18963.19921875
1769.52411586714,91502.6015625
976.557020627939,25357.099609375
1133.08508031379,20467.599609375
1801.22140200017,41070.19921875
1131.46710665709,15135.2001953125
1280.05549628885,26818.69921875
1491.48535432109,16191.599609375
1644.3303261189,17472.099609375
1110.01327291588,15852.599609375
1139.31942106442,15900.099609375
1425.68839034564,17810.400390625
1145.58161756975,19190.19921875
976.070324881607,10476.099609375
1694.32516613821,30200.80078125
1610.17783376554,18929.80078125
1158.04205376761,15399.099609375
851.387409674792,12538.599609375
1082.2024216803,39617.80078125
1945.27877457044,78737.6015625
2047.69056819279,17960.5
1083.10127117335,19828.099609375
1135.33036556662,13957.900390625
975.007015012734,9472.2001953125
1323.57922164248,22889.30078125
1052.71431974198,12523.2998046875
1738.25146285894,30986.599609375
929.14140064894,14566.7001953125
1093.75899434925,6254.0
1039.85487771363,12576.400390625
1580.93865085133,19032.099609375
2102.48573471014,29052.19921875
1951.76114296102,22709.30078125
1864.49151475417,23406.69921875
1027.99055466662,13752.099609375
1025.60097660439,11680.099609375
1585.5292792279,32141.599609375
1828.19892047778,26081.099609375
1041.16309537794,27137.900390625
1377.02594678572,19270.69921875
1001.22162008029,10530.099609375
953.993190772959,7387.7998046875
1477.31346055372,21161.80078125
2037.92746043522,28851.599609375
1847.71778207366,19836.099609375
989.548053241549,12358.5
1149.61635650529,18006.400390625
1400.63369890429,17323.099609375
1394.31055400765,19150.19921875
1021.70841344091,17546.80078125
1909.2129261374,20382.900390625
1896.01018978798,22478.30078125
1389.92171271821,15555.099609375
2377.84700111325,72356.8984375
1299.52611171757,20824.5
1345.02492150331,15846.2001953125
1554.42665774647,40352.80078125
1132.43336707655,14450.7001953125
1076.27260004019,13624.099609375
1039.33542359976,12409.599609375
1380.62959006132,16076.099609375
1409.33505671525,22772.900390625
1951.44670720183,31311.30078125
1025.00553199167,14961.2998046875
1347.62163495758,17862.099609375
1193.58800239469,15404.099609375
966.450507126284,12317.0
970.173595878095,13989.900390625
1932.29019326324,27819.400390625
1172.10274736217,17400.30078125
935.85998583948,13933.2001953125
935.40894545918,42584.69921875
1093.94050244696,23680.599609375
2028.86453492811,25021.599609375
1861.00263718798,24805.599609375
1603.76978452853,13392.599609375
1908.51363527111,20001.900390625
1086.34345817581,55224.1015625
1084.95535020699,15051.2998046875
1197.75399764642,12814.7998046875
1919.46607233186,25303.099609375
1348.82611779133,21176.30078125
1041.73424977256,16258.599609375
1954.1362360308,25217.5
2105.30139439644,21345.400390625
1114.96112349088,14551.099609375
1167.83201447271,13696.400390625
1813.41119168524,33959.80078125
2167.57638816911,31136.69921875
1839.73487988825,83302.1015625
1029.11837846341,16638.599609375
1552.49279983133,24570.599609375
1684.50601260217,22614.099609375
1635.49704345363,37373.69921875
1594.88703004289,22299.599609375
1144.85101683516,13383.2998046875
1986.77538094215,30454.099609375
1167.95814533005,25337.30078125
1061.11082417337,18026.099609375
1462.27859550537,21273.599609375
1527.83176591558,19494.099609375
1049.2928531022,9426.2998046875
1803.08584337456,21321.30078125
1538.21739407945,21397.599609375
1000.9733695943,9606.2998046875
1839.84652575313,31712.19921875
1292.05954380149,14375.099609375
1348.5155818378,18292.599609375
918.344231564952,9145.099609375
1034.99293428617,15498.2001953125
1184.90915203354,13692.099609375
1449.79531758865,19811.80078125
998.485070737367,14670.7001953125
1075.78367583348,15636.2998046875
1668.19267983554,14620.2001953125
979.044650946755,9780.599609375
1640.10338247586,18080.599609375
1033.8427144626,15659.599609375
2198.25983625363,44110.8984375
1184.34758001855,26827.599609375
1528.95490994558,15601.7001953125
