Propidium Iodide PE-A,Alexa-647 APC-A
328508.3125,62526.19921875
265024.8125,8583.5
272559.5,5563.0
570966.0,10833.7001953125
242547.09375,5103.2998046875
531045.8125,13080.400390625
315185.3125,10253.7998046875
306255.90625,7348.10009765625
361875.6875,43706.5
329834.5,13744.0
286014.8125,4383.5
464117.3125,201547.796875
356025.40625,135494.203125
317811.90625,164027.59375
555913.0,61823.1015625
573695.3125,11493.5
531024.375,16129.599609375
402180.3125,130283.296875
468795.40625,100856.3984375
283138.8125,5502.2001953125
556933.625,11178.0
329926.0,43366.5
527836.5,104018.5
322775.1875,13077.099609375
596596.1875,12148.7998046875
331997.59375,31571.80078125
284013.8125,6291.89990234375
314065.6875,6733.0
333062.5,12440.0
564283.3125,17306.0
459760.3125,90874.796875
423012.90625,9937.099609375
472353.6875,101037.1015625
305649.90625,7860.10009765625
579221.8125,11955.2998046875
512847.40625,82717.8984375
577778.875,12364.0
466454.8125,13154.7998046875
277704.59375,49044.0
244043.59375,6301.7001953125
280488.6875,7971.5
281456.5,9748.599609375
324882.90625,7624.39990234375
439365.0,101661.5
480057.59375,134553.59375
561989.0,9251.5
523786.3125,10250.7001953125
314223.09375,54940.5
410093.8125,99564.5
612072.6875,12105.900390625
527956.1875,124856.1015625
280057.8125,4401.89990234375
326474.40625,9674.599609375
280064.6875,6482.5
289332.3125,6708.2001953125
275796.8125,5481.5
570699.8125,86198.796875
583573.875,12963.7001953125
583199.1875,16252.599609375
376525.6875,5536.39990234375
249934.5,6355.10009765625
276066.90625,8141.10009765625
316875.5,52881.5
256014.703125,6164.39990234375
405435.8125,153538.296875
358964.1875,123166.0
361962.5,124074.0
528428.3125,66755.703125
532416.8125,11771.0
392903.3125,100385.296875
591773.375,13030.099609375
294205.5,9158.099609375
471191.3125,127078.5
539538.375,9481.599609375
618422.875,13446.400390625
482320.90625,125516.5
521646.5,11259.5
326046.8125,101723.796875
563834.625,29404.5
321308.1875,70979.5
355088.59375,131456.09375
308372.59375,6082.0
309822.5,10274.5
279100.1875,4806.10009765625
467033.6875,164795.296875
382507.5,98608.703125
532699.8125,9173.7998046875
496236.90625,63473.6015625
349595.1875,80983.5
555872.8125,9367.2001953125
344901.3125,74507.296875
285723.40625,6576.2001953125
315302.59375,6576.5
604639.5,12318.5
302640.8125,8982.5
550396.0,17997.0
458358.6875,67062.6015625
332578.1875,101579.796875
441514.0,124904.203125
577776.625,13183.7998046875
566487.3125,14328.900390625
565672.3125,14859.2998046875
294311.6875,53327.0
368630.8125,123651.0
315624.8125,19201.80078125
287601.0,5611.60009765625
463541.3125,8806.5
268707.3125,6814.2998046875
309921.3125,7877.2998046875
501178.90625,11825.599609375
257448.09375,3662.0
327942.09375,145751.703125
403103.8125,107219.703125
583713.6875,11037.5
566768.625,19393.599609375
318110.0,12248.099609375
247005.90625,5192.39990234375
304071.59375,4838.10009765625
421021.8125,86755.703125
315190.5,73919.703125
389888.09375,151527.796875
303266.3125,8158.2001953125
285393.0,46976.0
283769.6875,8955.099609375
298015.1875,12395.7998046875
301812.59375,4993.7998046875
558931.3125,136959.40625
278304.90625,13049.599609375
409431.6875,11855.0
277958.3125,8332.0
361726.1875,101645.6015625
298569.1875,8400.900390625
323980.5,37862.1015625
290977.3125,4961.2998046875
466306.40625,158085.40625
314133.3125,75619.296875
294029.3125,12330.7001953125
307030.3125,8061.5
287644.0,6729.5
311715.1875,9275.400390625
455213.0,111079.203125
328068.59375,80604.796875
326460.3125,6567.89990234375
453457.3125,39943.30078125
277705.90625,42537.1015625
296151.1875,6752.0
261467.40625,7125.7001953125
388048.90625,134861.59375
349131.0,61736.1015625
293268.90625,7728.60009765625
308116.3125,9932.7998046875
330658.90625,57713.1015625
540350.625,230329.0
403155.59375,98580.203125
306667.8125,6573.7001953125
291527.1875,6442.5
320821.59375,149874.59375
556472.875,100048.8984375
304374.5,55818.5
415052.59375,122941.0
318292.59375,24723.80078125
570945.5,12005.7001953125
285430.90625,6754.7998046875
600702.375,12425.2001953125
453941.6875,157352.796875
287778.90625,63279.0
490455.40625,10058.0
459853.1875,203552.59375
538662.125,101313.703125
509857.8125,137843.703125
287252.5,6983.5
309466.3125,9943.5
466403.0,11863.5
295914.6875,8029.10009765625
319749.0,15975.2001953125
308123.59375,7973.7998046875
296418.3125,10444.900390625
410008.59375,77944.0
298865.8125,6137.5
415784.5,13422.0
282259.1875,5967.39990234375
544835.6875,76363.6015625
286534.1875,8326.2998046875
409650.0,8932.2001953125
331588.8125,66771.3984375
296092.40625,4486.10009765625
293787.1875,6929.0
446071.8125,187256.703125
540580.8125,12404.0
272630.3125,7118.7998046875
280789.1875,25780.099609375
379563.1875,78229.8984375
286642.8125,6595.7998046875
570751.3125,10173.2001953125
567298.0,152257.5
291362.90625,9227.7001953125
564798.875,13250.599609375
311917.59375,7177.5
300233.59375,7683.7001953125
302421.8125,7110.2001953125
276715.1875,4871.5
433246.90625,241972.40625
546776.3125,7644.0
308041.59375,8236.2998046875
542061.5,11102.7001953125
351004.90625,88494.296875
604222.875,13927.2001953125
286347.40625,8921.0
300536.3125,6688.89990234375
307605.59375,7131.7001953125
284120.1875,5944.0
572450.375,12977.7998046875
374207.09375,88644.5
602181.5,10446.7001953125
626933.125,25361.19921875
310271.0,31189.599609375
302672.0,7079.60009765625
305645.90625,40581.80078125
567677.125,14193.5
451612.1875,11705.7001953125
409993.1875,95689.5
404260.40625,10196.400390625
564738.125,14097.5
620163.0,15052.2001953125
550873.625,108214.203125
301967.5,6060.10009765625
573254.0,16948.099609375
295863.90625,8866.7998046875
284330.09375,6324.0
323866.6875,50846.19921875
286930.0,5162.2998046875
304732.90625,16842.900390625
588675.1875,12609.599609375
309550.1875,15618.099609375
297641.40625,5341.7998046875
272520.3125,6068.60009765625
288619.8125,6358.60009765625
289603.5,5836.2998046875
441559.3125,112076.5
557311.625,13472.7998046875
488142.6875,107243.3984375
377218.0,146353.0
318060.40625,9018.2998046875
294099.90625,7215.60009765625
301434.40625,9371.7998046875
441243.90625,122826.1015625
291551.59375,5928.2001953125
268734.40625,102702.796875
312794.90625,8096.89990234375
247513.90625,4658.2998046875
584359.3125,12104.2998046875
329995.90625,62343.5
378691.09375,95768.0
299485.5,5090.7001953125
500014.5,19507.599609375
306112.90625,7701.2998046875
590365.625,120013.5
273888.1875,4606.2001953125
346759.0,55997.30078125
332249.90625,11824.7998046875
299644.90625,6381.0
481167.59375,69989.203125
292359.90625,6917.7998046875
305205.59375,6167.7998046875
300238.09375,12578.5
525286.5,164845.796875
377212.1875,124588.1015625
484838.6875,130913.1015625
306433.3125,11004.099609375
302190.09375,45923.30078125
354408.0,105532.796875
492582.1875,84527.1015625
299563.6875,6077.89990234375
382841.1875,116185.0
430362.5,260894.0
303312.40625,6235.89990234375
572080.875,14089.7998046875
537061.375,102252.0
595725.125,11935.0
313818.0,7444.7001953125
290103.0,5932.60009765625
260443.5,6601.60009765625
346970.40625,78570.296875
595421.125,13816.5
288765.6875,6733.0
574963.0,9274.7998046875
260515.90625,5239.39990234375
353871.1875,10413.599609375
276227.6875,6616.2001953125
306121.40625,8191.7998046875
300451.90625,6014.2998046875
302851.40625,6305.5
583119.625,10888.0
446647.0,129429.703125
310677.09375,94109.203125
261946.0,6827.10009765625
292259.40625,6294.2998046875
283818.09375,5601.7998046875
274727.1875,4510.2001953125
343461.6875,131059.5
291680.90625,5661.39990234375
398517.6875,30368.19921875
305691.40625,14694.7998046875
391050.3125,126489.6015625
566645.8125,12015.099609375
351281.90625,117666.0
297245.0,12051.7998046875
443437.09375,159430.796875
531901.6875,17989.099609375
563838.875,27528.900390625
381443.40625,136080.296875
256679.796875,8684.400390625
515761.90625,69923.6015625
570423.875,12752.7998046875
305284.90625,7184.39990234375
359521.09375,11393.7001953125
302474.40625,6909.7001953125
277298.8125,4695.89990234375
301888.40625,6388.7998046875
533293.375,75034.0
243099.0,3434.199951171875
268600.5,6427.60009765625
274301.90625,6552.7998046875
279569.6875,4782.7001953125
305509.40625,152275.296875
269300.40625,4772.0
332997.5,122553.203125
300959.59375,6633.2001953125
417260.0,127587.6015625
575003.875,10217.2998046875
312550.59375,20596.80078125
391474.1875,5331.5
290946.1875,6763.10009765625
424641.90625,143457.296875
415698.3125,136700.59375
522293.0,96809.796875
448905.6875,159124.5
592979.875,21410.900390625
571006.375,9821.099609375
303090.90625,6034.10009765625
273379.3125,8395.400390625
290990.59375,6535.2001953125
587595.375,11716.2998046875
443318.1875,122335.796875
383867.5,129446.796875
291665.59375,5037.60009765625
457589.09375,138527.203125
286370.40625,6303.2998046875
325417.90625,83135.0
301317.5,7179.7001953125
289847.0,7163.10009765625
584063.875,31571.80078125
540621.875,119068.5
243103.5,6635.7001953125
293932.5,5565.10009765625
311566.0,7983.60009765625
581096.6875,9424.7001953125
463967.90625,193406.90625
336576.1875,75898.1015625
568738.6875,8741.7001953125
416508.1875,167122.59375
292023.90625,6289.7998046875
398399.8125,171607.59375
328468.3125,12074.099609375
565761.875,11854.5
302832.59375,6549.7998046875
285458.0,6040.7998046875
314755.59375,8054.2998046875
277854.6875,25802.099609375
543687.6875,15463.0
585762.5,10852.0
357704.40625,138195.796875
271296.8125,10604.900390625
265674.90625,4884.60009765625
513308.8125,59664.3984375
287421.8125,6223.89990234375
260770.90625,65496.80078125
457533.1875,106142.296875
327292.40625,51300.3984375
533841.375,125842.296875
301393.90625,6092.60009765625
304277.90625,8754.2998046875
439603.40625,146539.0
294267.09375,5981.5
476835.0,184896.703125
577594.625,12597.2001953125
288098.5,19643.599609375
509586.5,10785.099609375
389157.09375,121345.296875
246565.703125,5955.0
356093.0,74636.296875
307639.90625,10255.2998046875
316673.40625,8424.5
562429.5,40908.19921875
546098.125,67980.703125
294418.5,5734.60009765625
334825.40625,14274.7998046875
275001.09375,7076.7998046875
477377.1875,152099.203125
298256.6875,5016.60009765625
438972.6875,131859.703125
331329.40625,17722.30078125
302258.8125,19851.099609375
506232.3125,135482.5
308660.59375,52016.30078125
291934.6875,12224.599609375
314822.1875,7759.0
270563.40625,5153.2998046875
417704.90625,149334.59375
490649.3125,115228.8984375
286647.40625,6581.2998046875
272708.3125,3928.89990234375
292691.09375,7252.7001953125
332823.8125,80619.8984375
302421.6875,6037.2998046875
517107.40625,110950.3984375
310896.40625,6078.7998046875
262463.09375,4529.7001953125
493846.40625,154038.703125
460622.59375,123436.0
518742.09375,13816.400390625
587080.125,20436.0
381372.0,128135.203125
283030.59375,6794.7001953125
420471.0,140853.59375
590799.375,14454.2998046875
297405.09375,33257.80078125
304965.09375,5816.5
587491.1875,70504.703125
591607.1875,12174.0
362741.5,185033.296875
253452.90625,5072.7998046875
345169.09375,105269.5
301373.59375,10435.7001953125
387173.0,146225.59375
571848.0,25079.599609375
266021.40625,4728.7998046875
276587.09375,6887.5
358089.6875,123395.703125
350774.6875,5795.5
282228.40625,4615.89990234375
381104.6875,119337.1015625
368633.1875,124738.203125
294592.1875,8232.599609375
283054.40625,5524.7998046875
326459.8125,87056.1015625
280068.3125,32670.099609375
249809.09375,31944.80078125
608814.8125,14734.0
293290.59375,6186.7998046875
321394.6875,20583.099609375
315131.1875,10223.400390625
313499.5,66721.5
294438.8125,27933.900390625
571066.375,27294.30078125
302993.90625,12162.099609375
328483.59375,18435.69921875
443161.40625,225169.296875
261352.703125,6623.2998046875
298334.90625,6778.39990234375
285292.90625,5017.7998046875
554109.625,60569.80078125
428582.5,214469.296875
496713.40625,109693.1015625
350755.59375,88190.6015625
342023.59375,84647.203125
295254.40625,5442.2001953125
332964.90625,152300.203125
322227.3125,76524.3984375
314663.09375,77011.5
560951.125,11425.400390625
437806.1875,125518.3984375
372679.3125,75473.0
290607.5,7522.89990234375
302347.40625,5893.2998046875
564803.875,140117.5
280499.09375,5790.0
307487.5,6362.2001953125
323664.90625,32678.80078125
537187.625,12310.0
304036.1875,6550.7001953125
300860.6875,6625.5
597894.375,12987.400390625
531584.1875,155914.203125
539454.375,14329.7998046875
340880.8125,59954.6015625
326995.3125,4886.10009765625
329547.0,14141.2998046875
242671.296875,4510.0
518650.5,11413.599609375
257172.40625,5514.60009765625
308675.6875,7208.2998046875
590933.875,12800.400390625
294966.59375,5904.5
304126.90625,6823.10009765625
402267.59375,70506.1015625
398858.5,116880.3984375
327295.1875,22074.5
398934.5,102817.296875
309426.5,8489.2001953125
320639.90625,28857.19921875
469442.59375,90755.203125
291176.5,4179.60009765625
311471.40625,7006.89990234375
339275.09375,62614.6015625
538672.875,78748.1015625
589632.375,15762.5
458473.8125,94564.296875
308315.6875,7328.2001953125
384977.1875,8534.5
285175.09375,8978.099609375
316536.90625,6943.2998046875
320862.40625,40791.0
277394.09375,5701.7001953125
516823.3125,123361.703125
302489.59375,7305.2998046875
548785.6875,107634.5
426648.59375,97580.796875
530689.6875,54587.6015625
535475.0,153297.296875
406002.90625,167320.5
550841.6875,10192.900390625
538878.5,26100.099609375
457132.1875,48424.80078125
542978.6875,12378.7001953125
479215.40625,174634.90625
299267.5,5876.2001953125
544401.875,7421.60009765625
296813.6875,7677.0
392113.5,6943.2998046875
596671.125,12832.900390625
398178.0,306406.1875
384585.8125,143204.203125
508412.59375,158490.09375
254562.59375,7097.39990234375
329155.40625,12011.099609375
265846.0,6018.2998046875
477721.90625,134870.0
315871.8125,4337.5
292056.6875,6909.39990234375
414525.5,84015.1015625
257342.90625,6844.10009765625
438493.1875,9608.7998046875
289284.40625,7417.39990234375
366336.59375,165310.0
362862.90625,67351.1015625
596868.625,13818.900390625
276521.0,7508.2001953125
366341.90625,11950.7001953125
584999.5,12818.599609375
586852.3125,13738.2001953125
293739.40625,9671.599609375
370337.40625,113065.5
303287.90625,7030.0
418463.8125,10391.400390625
274767.6875,6007.7001953125
370758.5,87915.6015625
411430.90625,150002.796875
298629.90625,5928.5
287509.5,5182.39990234375
282581.5,8284.0
560727.125,96107.203125
293245.1875,5457.60009765625
582408.625,11266.0
253914.5,128758.796875
306199.3125,7914.5
306434.1875,9595.900390625
248965.40625,45935.6015625
313639.90625,20664.099609375
579379.5,113264.3984375
364214.0,11767.2998046875
333018.5,140004.0
301919.09375,8637.900390625
572673.5,18539.19921875
293369.90625,5971.2001953125
286733.59375,5616.7001953125
535439.0,137888.59375
351561.90625,60351.5
325606.8125,85258.0
487559.90625,163027.09375
267872.09375,6985.0
345948.90625,68021.1015625
370703.0,68428.8984375
291846.1875,14515.0
245176.0,5629.7998046875
342112.59375,83886.3984375
374526.0,8883.7001953125
532565.625,28389.69921875
589573.8125,10683.2001953125
545644.875,89027.8984375
409400.59375,281858.40625
301288.0,45688.6015625
283823.40625,4384.5
274835.8125,9383.900390625
427135.40625,155204.59375
290262.5,9282.0
495245.6875,92268.203125
457641.59375,111572.6015625
309556.0,28883.599609375
581254.5,11751.2998046875
285653.3125,5363.0
485691.1875,116328.8984375
292450.6875,6365.7001953125
367042.90625,94840.8984375
310308.40625,8977.099609375
563756.125,9287.599609375
508065.0,78320.8984375
371190.6875,114501.5
295636.0,44003.30078125
308168.59375,42764.8984375
515064.5,50790.69921875
270198.90625,4835.7001953125
438484.09375,80056.703125
567034.3125,81739.703125
508827.09375,147892.90625
296165.5,6315.10009765625
375070.09375,105286.0
307627.0,7172.2998046875
404637.90625,97837.0
288348.1875,87481.3984375
564395.0,12575.099609375
387188.90625,128054.1015625
446012.6875,189443.796875
392271.1875,91215.703125
517602.90625,47608.8984375
298993.09375,7880.10009765625
291561.0,9516.900390625
563084.5,14073.2998046875
280771.0,6142.5
307263.59375,6157.39990234375
343161.5,94182.703125
474707.40625,13736.2001953125
319064.09375,8011.2001953125
391510.0,106774.1015625
312556.09375,9088.0
345094.40625,52578.0
315838.8125,6826.5
558028.6875,10191.900390625
290143.6875,48700.80078125
545140.6875,72319.703125
267127.90625,4736.89990234375
481802.90625,136295.59375
325551.59375,52104.1015625
521433.5,12074.400390625
342677.6875,92400.0
453605.5,105400.296875
622676.0,14233.0
566069.125,12016.400390625
477909.0,99172.703125
373182.59375,82341.703125
253357.5,6952.60009765625
459580.40625,90955.3984375
410477.09375,127752.8984375
343443.90625,48423.1015625
538204.5,166445.09375
584184.875,14041.5
515286.8125,76326.296875
562228.3125,51361.3984375
255544.59375,14452.0
293020.5,5454.2998046875
274707.0,79331.1015625
349448.40625,61819.6015625
288024.6875,26871.69921875
328427.90625,39684.3984375
533787.625,35036.5
312389.0,7642.2001953125
484498.90625,143467.59375
566986.625,14953.599609375
310360.0,7156.39990234375
268526.0,5519.2998046875
289251.0,5409.7998046875
552400.6875,9308.400390625
284910.40625,6720.10009765625
399400.1875,70855.703125
277830.90625,7099.89990234375
527666.625,121759.5
384618.5,132472.203125
510488.90625,12056.599609375
464127.09375,51818.1015625
500887.0,236850.90625
331107.6875,56115.5
293613.0,93796.296875
519388.09375,147057.90625
422112.09375,78286.0
544850.8125,82278.5
351706.1875,74920.3984375
534306.5,111568.1015625
305739.90625,8946.599609375
284086.6875,5806.2998046875
316499.1875,9004.2001953125
572503.375,10742.900390625
365772.09375,92606.5
541290.6875,48128.0
245365.5,4766.2998046875
336206.0,57731.5
267292.40625,5696.2001953125
589855.125,19933.19921875
303878.5,6599.60009765625
378257.3125,154243.703125
385877.40625,186624.90625
427987.59375,84854.1015625
384473.09375,87951.8984375
500905.90625,104278.6015625
477488.09375,11909.0
401504.5,174020.296875
269016.40625,6020.0
470462.3125,95795.0
538917.0,11427.599609375
416370.1875,123683.796875
402875.40625,80691.3984375
348295.59375,81699.5
256547.0,38714.19921875
256872.90625,5516.10009765625
423153.09375,79264.1015625
258706.0,4727.39990234375
572425.1875,10697.5
324229.0,70053.5
387372.59375,107689.3984375
312901.0,11726.2001953125
311973.0,47629.30078125
317123.90625,7791.5
594130.8125,43296.5
316327.6875,81452.8984375
567234.0,12150.099609375
515577.40625,12434.099609375
268860.6875,5296.2998046875
308925.6875,111742.703125
431717.59375,90956.0
551328.5,77428.203125
278062.90625,4890.10009765625
303848.0,79328.3984375
277183.6875,6143.0
385627.5,101272.0
323904.5,17942.19921875
297577.90625,6015.2001953125
276745.59375,7289.7001953125
546873.0,108123.6015625
337414.40625,49598.3984375
295934.09375,6112.10009765625
303112.09375,6764.39990234375
359501.59375,98485.0
294104.40625,4661.0
290542.3125,5021.5
263535.1875,42784.3984375
450235.0,265354.59375
625382.375,13728.599609375
311916.6875,8910.7998046875
350085.6875,74371.203125
445052.09375,13555.0
326052.90625,114173.1015625
510686.5,135200.796875
295160.5,6443.0
285955.09375,6276.89990234375
373842.0,90588.703125
309596.40625,5085.5
269457.8125,86491.5
572885.6875,11748.400390625
489547.5,185500.59375
523955.90625,118195.1015625
568450.1875,10720.2998046875
352016.40625,71237.8984375
378743.09375,54523.5
465200.5,178841.703125
564417.375,7867.10009765625
327548.59375,171372.59375
461045.0,103403.3984375
286754.6875,5465.0
547368.0,96831.296875
498743.90625,7972.2998046875
280223.5,5469.2998046875
313068.90625,10663.2998046875
594169.8125,13417.900390625
435167.5,106410.1015625
346853.3125,96907.5
588353.875,10841.900390625
323728.5,6601.7998046875
491063.6875,170268.09375
264208.1875,8964.900390625
388786.59375,203149.0
285908.0,59835.69921875
263918.40625,4258.2001953125
592689.6875,12476.0
582838.0,11823.900390625
553501.375,98514.3984375
376361.09375,122683.0
362349.59375,47955.6015625
271825.59375,5044.89990234375
299789.1875,5416.39990234375
565538.3125,12500.0
276637.09375,4697.2001953125
334846.0,51358.80078125
297047.90625,7062.2998046875
398476.0,108006.1015625
328195.3125,54605.8984375
292637.59375,6447.2998046875
275482.8125,6344.2998046875
293981.5,8659.099609375
334550.90625,14464.400390625
597478.0,12658.2998046875
545570.375,79103.796875
327731.6875,30176.599609375
546014.0,119917.296875
279825.40625,3906.300048828125
282242.3125,10214.400390625
275387.59375,4758.7998046875
539863.8125,10255.900390625
263913.0,5849.10009765625
389216.8125,99431.296875
268936.5,7170.10009765625
585677.5,12872.2998046875
531763.1875,46838.1015625
462209.90625,143411.296875
342249.6875,87491.1015625
577751.6875,8533.400390625
569353.125,11681.0
367778.5,167145.703125
289937.90625,7469.7001953125
298933.6875,5754.0
384532.09375,207695.0
593706.125,8541.5
329819.09375,49438.6015625
537572.125,240810.90625
329621.1875,72597.703125
458744.90625,82862.5
571851.875,10476.2998046875
595404.3125,12804.5
391253.59375,73816.703125
386906.40625,130431.8984375
284961.90625,5695.2001953125
412275.59375,91061.203125
266165.0,78808.0
320838.3125,8887.599609375
287761.6875,7837.0
487466.1875,84900.796875
321487.8125,17513.900390625
297407.59375,7707.2998046875
400841.8125,58617.3984375
325024.8125,58151.5
341233.40625,123667.3984375
241153.0,5455.7998046875
569466.6875,10970.599609375
287983.40625,5096.2998046875
422367.1875,167447.09375
339959.1875,77652.8984375
281585.09375,68622.5
290472.0,5861.10009765625
501252.3125,113756.3984375
526654.5,14555.099609375
323487.59375,11580.2998046875
393779.5,10198.7998046875
412833.40625,106706.796875
335770.6875,70997.6015625
303749.1875,7062.89990234375
302877.5,10240.7001953125
309595.90625,26644.19921875
457028.09375,188410.0
274031.1875,5550.39990234375
431031.6875,155221.203125
599787.875,12053.0
479465.09375,117835.703125
535296.875,13693.400390625
375745.59375,92794.203125
260098.0,15747.0
250647.09375,39772.30078125
555793.875,10504.2001953125
386651.59375,89091.296875
544127.5,10302.900390625
286633.59375,6989.10009765625
304443.5,9512.2998046875
305451.59375,6900.7001953125
565635.375,47764.8984375
582052.0,13087.7001953125
330978.6875,47966.0
476927.0,10177.400390625
284441.40625,6239.2001953125
499442.90625,181060.296875
587281.625,88957.796875
468207.3125,103758.3984375
397819.5,118113.1015625
303752.90625,7238.39990234375
294985.6875,7474.10009765625
304751.90625,6066.2998046875
367190.1875,118322.6015625
300031.90625,16064.7998046875
493279.0,103998.1015625
308418.09375,8428.2998046875
572513.8125,10634.900390625
300570.5,7327.60009765625
581586.1875,11395.599609375
297594.90625,5954.7998046875
385930.6875,116149.3984375
307981.59375,7767.5
451792.0,78056.703125
472789.1875,144044.5
300215.0,5647.39990234375
306788.40625,6264.39990234375
269940.09375,4493.10009765625
564243.625,69763.3984375
350154.1875,77029.8984375
387387.40625,79792.0
301746.40625,7568.7998046875
301063.8125,4880.0
593036.125,12859.7001953125
590948.375,13038.900390625
314296.3125,9428.099609375
559777.1875,17301.0
277634.59375,11802.599609375
295088.09375,4829.7001953125
260961.09375,5768.7998046875
593394.0,33719.8984375
587523.5,13861.2998046875
298870.8125,14623.400390625
292111.5,8580.2998046875
331314.90625,20824.30078125
293428.0,7451.60009765625
457996.8125,74830.3984375
303636.09375,6215.2998046875
363500.8125,49923.8984375
305633.5,7478.10009765625
432565.09375,12504.2998046875
496092.8125,114979.796875
274466.40625,4667.89990234375
491303.5,101268.296875
294111.1875,198371.59375
330756.40625,6360.7998046875
449909.1875,142378.59375
357338.1875,155751.90625
420545.09375,81926.5
468518.40625,117129.203125
274029.59375,4976.0
318145.09375,8571.099609375
474560.09375,186586.40625
249974.296875,4493.89990234375
306667.40625,7996.5
533534.375,89353.296875
561745.3125,70240.5
283249.40625,7366.2001953125
323156.59375,133666.703125
525508.0,81871.0
326087.09375,95409.796875
579673.3125,12898.099609375
365814.90625,114865.703125
586318.1875,11294.5
359584.59375,90658.296875
614377.0,18208.900390625
540615.125,12251.599609375
300767.09375,6324.2001953125
301056.40625,10196.400390625
312294.5,7190.7001953125
500938.0,145492.296875
411745.90625,98946.796875
304496.0,5617.60009765625
474809.8125,159009.90625
428134.09375,147550.796875
543625.8125,203921.40625
336134.5,22331.099609375
370134.09375,175130.796875
580097.3125,14423.7998046875
363105.8125,82899.5
472954.5,38228.30078125
553143.1875,85121.1015625
287903.40625,4796.2998046875
317551.1875,8215.599609375
554782.6875,97271.3984375
274605.90625,5389.2001953125
594560.0,10532.400390625
297579.90625,7874.89990234375
603654.625,64931.0
366580.59375,197757.59375
330405.3125,18817.900390625
539508.1875,8761.7001953125
372946.90625,104392.5
315543.90625,20263.30078125
256966.796875,5452.5
436610.59375,39596.19921875
284140.90625,6176.7001953125
357291.59375,122579.203125
293872.0,5246.5
462809.59375,110724.796875
611449.3125,18465.599609375
279000.90625,5037.2001953125
553590.625,11162.099609375
299217.6875,6711.7998046875
269709.09375,4855.7001953125
503170.09375,106235.296875
475185.59375,97188.6015625
276878.0,6198.7998046875
301813.3125,78458.203125
300200.09375,6759.7001953125
274041.90625,101762.8984375
315427.5,135438.703125
605337.875,12771.7001953125
577866.375,9902.900390625
460157.0,131472.59375
599624.625,15644.2998046875
573148.375,82335.3984375
598962.6875,13533.599609375
406770.40625,9641.2998046875
571346.1875,12319.599609375
244644.203125,9671.900390625
468020.0,88987.203125
610298.1875,14416.5
312377.90625,5558.39990234375
302470.59375,12845.5
540539.625,209841.59375
490576.0,175565.09375
419904.3125,60802.6015625
291967.5,6074.10009765625
288587.6875,7868.0
287255.3125,6824.7001953125
320132.3125,49899.19921875
358972.90625,87991.0
301389.0,8378.0
448228.3125,139387.296875
313219.6875,7404.7001953125
316378.59375,12158.099609375
318201.90625,12615.2001953125
306800.90625,7955.7001953125
265820.3125,6042.2998046875
302891.90625,5604.2001953125
262446.59375,9301.0
274226.40625,5476.10009765625
584300.0,10016.0
312656.09375,7216.10009765625
287308.09375,12246.900390625
596313.8125,12220.2998046875
304434.40625,20311.900390625
319731.5,29130.80078125
282447.1875,6950.0
442571.59375,94021.796875
546726.8125,126549.1015625
563039.6875,81255.703125
485958.8125,228185.703125
531704.1875,112619.6015625
361725.09375,10821.2998046875
580852.6875,178950.703125
398993.1875,102361.703125
591774.5,14968.400390625
353748.0,89082.0
401557.1875,146439.5
294487.0,6542.60009765625
278606.3125,4342.39990234375
246566.0,4628.10009765625
325846.8125,15522.599609375
252018.203125,7649.0
554172.875,84958.1015625
302754.8125,7510.7001953125
566812.375,13805.0
533147.5,113154.0
488618.6875,22685.69921875
559163.375,19438.0
295176.40625,5526.7998046875
300189.6875,5036.89990234375
330350.09375,53791.6015625
322688.90625,11197.7001953125
273035.90625,5725.2001953125
372901.59375,75964.6015625
311357.0,9644.099609375
485452.3125,205825.59375
307082.0,8422.099609375
312488.6875,14504.5
517361.3125,157306.203125
296307.40625,71296.6015625
291007.3125,6194.7001953125
412365.90625,190112.0
301526.5,81885.5
308897.8125,12033.7998046875
517521.90625,129462.5
580519.875,13007.7998046875
294117.6875,6636.2001953125
267952.59375,39969.1015625
411522.40625,101105.703125
270174.8125,53547.80078125
265543.0,6727.10009765625
593722.0,12027.0
290234.09375,28764.099609375
277626.59375,6969.39990234375
274605.40625,10585.2001953125
382945.6875,69736.0
503653.90625,96098.0
594839.375,34793.3984375
443181.8125,135961.09375
325781.1875,27784.69921875
358358.8125,93375.203125
257318.703125,6692.10009765625
518030.3125,132897.90625
294424.40625,5404.60009765625
318769.09375,6871.60009765625
306808.5,10110.599609375
412115.3125,133661.59375
327914.0,12953.099609375
510769.6875,227715.0
296144.90625,4726.10009765625
301691.3125,5223.7001953125
302240.90625,8174.5
325265.6875,10890.7001953125
241096.90625,6233.0
446029.90625,92228.296875
533050.1875,59912.69921875
417050.1875,150664.90625
585932.625,166165.59375
406631.1875,132795.703125
521905.90625,197719.203125
342906.40625,84328.203125
428770.8125,125430.296875
351912.59375,104078.5
594877.3125,12870.2001953125
387595.0,116652.6015625
585203.0,117869.5
319401.5,69074.703125
320497.09375,47557.1015625
320214.59375,26917.900390625
572847.875,27034.69921875
419730.1875,115599.5
368711.09375,96157.6015625
299560.0,8228.599609375
320214.3125,10665.599609375
581460.5,67215.1015625
523054.1875,54594.0
254810.90625,5529.60009765625
293196.3125,7244.7001953125
285911.5,6208.5
331948.1875,66771.203125
477795.3125,242657.796875
437696.90625,71575.796875
309280.6875,12800.2001953125
297355.1875,6333.39990234375
242220.09375,4294.10009765625
359719.6875,117146.703125
570338.375,11345.5
502703.40625,8534.7001953125
255943.296875,6482.7998046875
530894.875,167635.703125
297510.59375,6488.5
371098.0,101662.5
247584.0,73311.703125
417911.59375,112202.1015625
318630.59375,42497.8984375
512726.40625,12372.7001953125
459138.6875,146171.5
468476.90625,252892.5
577165.3125,20628.30078125
270943.5,6340.2998046875
599065.1875,11668.0
593819.3125,13150.099609375
285302.09375,5704.2998046875
297961.1875,6971.7001953125
288561.3125,8540.2001953125
577219.8125,12301.400390625
289259.90625,5429.60009765625
591689.875,14564.599609375
451234.09375,122896.296875
296818.0,20977.099609375
515302.3125,79439.6015625
435332.0,110065.1015625
263927.6875,6558.0
444615.3125,128079.703125
270902.90625,4661.60009765625
371629.3125,107182.703125
316560.40625,8188.0
479131.5,9852.0
552429.1875,11668.7001953125
388615.40625,142312.0
269062.6875,4250.7001953125
353363.1875,101270.3984375
342606.59375,144174.09375
467883.90625,11579.0
550978.375,10835.2001953125
606564.3125,57582.19921875
312864.0,38320.1015625
289417.09375,5844.10009765625
279193.40625,5165.5
272017.40625,4393.89990234375
330223.6875,27558.0
372730.3125,78330.6015625
561188.125,56346.30078125
318426.8125,6661.60009765625
596799.1875,13864.2001953125
333846.6875,121102.6015625
299512.0,7898.60009765625
302446.8125,104802.6015625
312364.0,14114.099609375
308525.1875,6802.0
275328.3125,95506.703125
308115.40625,6208.5
306977.40625,6488.0
289608.90625,6219.7998046875
488837.6875,145525.703125
584717.6875,10220.2001953125
290197.40625,5257.5
476007.90625,40189.69921875
374051.3125,84800.296875
257868.40625,4845.2001953125
341627.3125,49457.19921875
285282.40625,6661.10009765625
308020.0,7867.2001953125
545829.125,136498.09375
406615.0,66116.1015625
563235.3125,12255.599609375
282640.0,6235.10009765625
581499.1875,13086.5
355807.90625,68720.1015625
284118.3125,4770.7001953125
313847.0,6257.5
581699.3125,17128.80078125
570221.375,11309.5
601586.1875,13561.2001953125
424301.1875,127082.3984375
559112.6875,10846.2001953125
479214.90625,168798.703125
526423.375,10654.2001953125
566071.875,11984.2001953125
511602.59375,64135.5
549316.3125,145283.703125
343228.40625,7640.10009765625
566056.0,149877.5
298883.0,6293.7001953125
604806.625,17150.599609375
353792.59375,85615.3984375
578199.875,9197.7001953125
242231.203125,6626.5
389190.90625,92482.5
411076.5,159980.796875
268207.1875,59478.5
589863.3125,44998.6015625
296535.3125,6925.60009765625
601103.5,11896.599609375
510223.8125,126950.703125
294852.90625,8958.099609375
248871.40625,4013.5
296551.5,6053.5
556398.1875,11359.2001953125
481345.8125,9852.2998046875
594606.375,11237.5
263598.6875,6254.7001953125
591957.6875,15684.900390625
534919.625,9257.099609375
304911.3125,6618.60009765625
502931.0,131803.09375
315348.8125,51726.19921875
342751.40625,17083.0
594212.0,12678.0
438114.1875,123540.703125
306018.8125,8157.2998046875
595663.375,30232.5
547708.875,8189.7998046875
251536.09375,4807.60009765625
339937.1875,29844.69921875
380754.90625,93914.0
568682.875,104559.203125
304634.90625,5397.7001953125
315898.5,30518.599609375
275126.40625,5527.60009765625
528013.5,131340.5
285773.0,5675.2001953125
441828.09375,112623.1015625
595705.875,12120.7001953125
588692.3125,24965.30078125
347629.3125,76579.1015625
290327.1875,7568.2001953125
515356.3125,122542.203125
251651.296875,6037.39990234375
525005.375,162491.59375
275210.0,4341.10009765625
598012.5,21210.099609375
560467.1875,128959.0
596791.8125,13282.2001953125
282345.40625,9415.599609375
574794.375,11543.0
396828.3125,191612.796875
439546.90625,228551.5
409927.90625,119037.796875
263753.59375,5838.60009765625
303718.90625,7248.0
307324.90625,7216.2001953125
321997.3125,14439.7998046875
302699.59375,11724.599609375
283829.5,8133.60009765625
613720.8125,40995.6015625
363101.5,112884.6015625
278145.8125,6898.7001953125
539983.375,13464.599609375
490133.3125,10376.7001953125
551002.375,92875.5
500950.8125,47973.30078125
452273.40625,119910.5
550384.6875,123981.703125
279325.1875,5788.7001953125
284157.40625,10282.7001953125
292523.40625,6126.2001953125
415300.59375,145361.5
312232.8125,6236.2001953125
387897.5,129474.1015625
510744.40625,11997.099609375
570971.5,82074.0
587745.5,12281.7001953125
360018.09375,97537.6015625
562508.125,302623.90625
289415.1875,5765.5
338720.3125,11441.2998046875
535180.0,76740.796875
382614.3125,177037.59375
600056.0,14511.099609375
300531.5,27726.599609375
461855.3125,69814.703125
305259.40625,43480.6015625
523671.8125,84439.703125
485678.90625,145570.0
356609.0,74189.5
295998.6875,6598.7001953125
256172.296875,6716.7998046875
295930.90625,7078.5
600303.875,11951.2998046875
405772.6875,76987.703125
471476.09375,107080.6015625
245072.0,5859.10009765625
259624.203125,5993.0
549354.8125,46438.19921875
571570.875,13076.5
473202.8125,11693.7998046875
515731.1875,115377.703125
335602.6875,64353.3984375
275574.59375,6639.60009765625
591048.1875,16270.7001953125
277105.40625,5347.0
433513.40625,107394.703125
597061.875,14680.2001953125
311295.8125,7539.7998046875
387777.40625,177352.703125
446750.09375,105621.5
309741.0,8567.099609375
263616.90625,4790.60009765625
320792.5,10002.0
497614.59375,25030.099609375
395416.09375,89313.8984375
557333.875,11799.7001953125
574061.6875,42951.0
572226.375,10968.5
346729.90625,87729.8984375
317192.1875,10388.0
310830.3125,43483.6015625
304516.6875,7340.2001953125
302768.8125,6509.7001953125
302551.1875,6806.60009765625
410713.90625,11170.099609375
571858.625,24187.099609375
523367.3125,13409.099609375
395624.5,10008.599609375
466738.40625,182619.0
394924.5,107350.0
363888.6875,127741.703125
237429.296875,5964.7998046875
307072.90625,8713.0
528161.6875,12095.900390625
266128.09375,5500.60009765625
288408.40625,9217.0
308634.90625,10610.2001953125
306707.90625,7534.7001953125
308844.8125,5474.7998046875
397648.40625,11345.7001953125
339416.40625,107475.0
307251.6875,8250.0
282535.5,101293.703125
298029.5,17881.599609375
589227.6875,44141.69921875
280246.6875,6992.2001953125
591932.125,15605.7001953125
322579.6875,11084.0
461219.0,145876.0
296867.59375,7497.7001953125
303252.6875,28759.0
310853.3125,7489.7001953125
324773.09375,17054.400390625
575536.875,34122.1015625
554154.125,47402.19921875
448556.3125,123204.1015625
503927.8125,19240.0
506449.1875,310536.5
576792.625,254989.796875
430768.40625,118292.1015625
574211.6875,109415.796875
579347.625,14392.2001953125
291888.59375,34632.19921875
286417.90625,6614.7998046875
387615.90625,82183.796875
608350.0,16310.7001953125
545850.6875,12488.900390625
573265.6875,124898.5
291670.0,6340.0
398638.40625,120607.796875
307072.3125,14315.599609375
561116.625,12196.2001953125
567868.125,17125.0
398230.5,8600.900390625
422577.90625,112120.296875
292062.1875,7682.0
412641.8125,127449.796875
313780.3125,9023.099609375
302186.40625,6973.0
257406.203125,6598.0
367061.5,120532.203125
550921.1875,12255.7001953125
304565.1875,15132.2001953125
273779.1875,7503.5
366420.90625,90198.0
373058.0,120971.203125
497030.5,17126.69921875
410797.0,107358.6015625
558341.125,9395.2001953125
365825.09375,130934.0
302787.0,5854.0
459371.59375,256806.296875
325889.59375,84897.703125
475572.6875,130261.5
299505.8125,6559.2001953125
346585.3125,183439.0
311843.09375,10316.400390625
285203.6875,10387.7001953125
398766.8125,157831.90625
321746.59375,5894.2001953125
300872.59375,10846.599609375
340005.8125,62163.6015625
354449.6875,13156.0
302742.90625,8736.099609375
522139.1875,10554.5
322491.09375,21507.69921875
589372.3125,74453.703125
492603.40625,111106.796875
329608.1875,9435.7998046875
594871.375,12158.7998046875
493545.5,44848.19921875
491470.8125,11162.7998046875
401814.8125,72327.1015625
413856.90625,123681.5
467199.0,261273.09375
526032.1875,140533.703125
557842.125,92870.796875
349669.59375,104707.703125
330881.3125,44146.69921875
408557.8125,184076.5
396379.3125,139908.296875
532159.3125,80870.1015625
249118.5,7279.7001953125
391782.0,235884.09375
417845.09375,131631.703125
309937.1875,7278.0
302094.0,5608.0
580081.625,12914.2001953125
299291.6875,5398.5
596892.3125,11355.7001953125
433491.3125,89572.0
279720.59375,5636.39990234375
543422.875,61004.1015625
308750.6875,12898.7001953125
248359.296875,5417.39990234375
271477.09375,7844.7001953125
324972.59375,22442.099609375
313400.90625,62768.1015625
505052.3125,44498.5
467665.1875,8796.0
288489.59375,71055.296875
278346.6875,6558.39990234375
348512.1875,107015.0
438193.6875,15848.7998046875
280384.09375,7200.7001953125
290383.09375,6612.2001953125
296189.90625,7327.2998046875
592323.0,14840.7001953125
430648.1875,14639.900390625
534712.1875,119774.0
276527.5,5371.39990234375
303515.5,6517.0
374399.40625,15590.7998046875
244117.296875,16532.599609375
440990.6875,78338.203125
432761.59375,108257.5
445090.6875,214653.296875
406238.09375,108961.8984375
580893.0,72263.3984375
365328.40625,83271.296875
572420.0,11672.0
285436.8125,8481.099609375
548831.375,114273.5
265887.1875,6390.0
295209.5,6309.2001953125
293844.5,10680.7001953125
302077.1875,6473.7001953125
339648.3125,58383.30078125
592483.375,14699.5
489041.0,134996.203125
271342.5,4033.199951171875
348934.0,64435.6015625
347999.6875,131604.703125
403696.6875,117741.703125
567574.625,13187.2001953125
390969.09375,118353.0
508480.5,14044.5
266088.59375,5241.7998046875
564434.625,11492.7001953125
495804.6875,96224.0
292791.8125,23332.19921875
535985.8125,10556.0
466156.90625,10959.599609375
314592.3125,7359.39990234375
278517.09375,9673.599609375
291310.6875,4279.0
310037.09375,7378.7998046875
346792.6875,106791.8984375
504567.6875,49306.0
335112.3125,60003.80078125
294197.8125,8014.60009765625
386900.1875,114920.5
304557.5,7797.2001953125
508202.5,106113.203125
307152.0,44144.6015625
282916.59375,5825.7001953125
563221.6875,12531.0
357601.8125,96639.6015625
413022.90625,117084.5
557274.6875,11652.5
296257.0,7461.2001953125
544864.1875,157768.703125
356713.1875,161388.0
598423.125,12517.0
265618.0,5686.5
530284.125,242327.296875
305122.09375,10618.7001953125
549467.3125,10307.7001953125
488667.3125,10330.7001953125
378874.8125,8467.0
582818.625,13866.400390625
297768.40625,5743.60009765625
293702.3125,4921.39990234375
588080.125,12398.2001953125
586375.625,144248.59375
565460.3125,19207.0
280878.6875,5705.0
426189.59375,130871.796875
290567.1875,5503.39990234375
581793.875,11924.599609375
299062.1875,5181.0
270522.6875,57712.80078125
300890.8125,6688.2001953125
317606.09375,6420.7001953125
366484.40625,89653.796875
588380.6875,14607.2998046875
294343.90625,4452.2998046875
307422.0,7598.7001953125
437152.6875,100425.3984375
304027.8125,7760.7998046875
461188.3125,118387.1015625
380982.0,105120.203125
255023.0,6508.2001953125
288016.1875,6682.2001953125
296808.59375,6269.2001953125
550383.3125,45332.30078125
318223.8125,96720.1015625
487529.1875,103264.0
296642.0,5579.2001953125
269055.1875,5459.7001953125
580566.6875,12457.7001953125
306275.59375,6239.0
285036.5,6795.0
526700.125,18332.80078125
293846.1875,6993.0
368209.3125,74973.703125
342448.59375,71088.3984375
306683.8125,6569.39990234375
556869.625,18719.599609375
599128.3125,14291.099609375
299590.6875,5726.39990234375
583503.1875,13869.5
356659.3125,65901.703125
324078.40625,45061.80078125
448061.8125,169554.296875
331553.8125,45124.6015625
606419.875,17055.5
365715.1875,136110.0
262298.5,6903.2001953125
561427.3125,126512.296875
301048.3125,11966.099609375
296104.40625,6039.5
310414.1875,8720.0
364288.0,68572.203125
292310.5,5654.60009765625
301855.6875,6220.7001953125
300463.1875,6059.2001953125
560063.125,22769.19921875
433785.1875,296648.5
299588.59375,9688.5
302309.0,17865.0
562836.125,10798.7998046875
441354.59375,9595.2001953125
298369.6875,7720.5
283103.3125,5001.7001953125
290600.8125,7963.5
395296.09375,73737.3984375
595149.375,12952.599609375
348287.3125,75622.8984375
245810.09375,4958.2001953125
328352.3125,6085.10009765625
396583.1875,170538.0
306963.09375,52801.80078125
493917.40625,12180.599609375
565150.6875,11140.0
571821.625,10130.7001953125
316177.40625,11177.7998046875
327113.40625,82393.296875
366696.5,98804.203125
284473.1875,5415.39990234375
470056.1875,171453.5
296539.0,6979.39990234375
267736.3125,4609.10009765625
269441.40625,5656.0
375338.1875,97238.5
543514.0,124860.203125
402739.1875,331469.6875
303955.1875,7855.7001953125
577555.625,140175.203125
441464.6875,136510.0
280759.59375,28123.5
282174.6875,13861.0
541253.1875,66716.296875
275440.09375,5781.39990234375
311009.8125,6953.0
553705.6875,117495.1015625
439910.59375,127703.0
359307.0,67599.703125
336316.59375,12517.7001953125
435632.1875,157600.5
532022.375,74158.1015625
293880.59375,6276.2998046875
291209.6875,7168.7998046875
328143.5,15911.0
300880.6875,7662.2998046875
578473.6875,9174.099609375
312320.40625,7591.2001953125
449380.40625,5910.10009765625
578935.0,101049.296875
528424.625,85981.1015625
561272.5,11516.900390625
309544.6875,8051.2998046875
299632.59375,9067.400390625
602996.875,13247.599609375
554162.0,133424.203125
535692.8125,77165.0
322984.6875,112412.5
291453.6875,8076.7998046875
289364.09375,8878.900390625
347780.5,50225.5
314530.5,12428.2001953125
366198.8125,83473.5
574505.125,84467.0
353725.09375,79047.703125
313478.6875,8768.5
311632.90625,26335.099609375
293704.09375,5794.7998046875
375292.90625,74169.8984375
501855.5,162563.0
286042.3125,7621.2001953125
288287.59375,6759.89990234375
298857.5,8598.7001953125
272879.3125,6407.10009765625
502670.40625,9901.900390625
405449.3125,85529.8984375
518781.09375,250721.5
450213.0,127651.3984375
457332.0,265798.8125
302880.5,6780.10009765625
483448.0,13241.599609375
604084.6875,12347.0
246127.296875,4068.199951171875
432703.5,127851.3984375
330175.1875,48981.5
539104.875,181534.59375
317690.0,38570.6015625
276687.6875,23025.5
281841.0,4853.5
610257.875,14713.099609375
454459.6875,176179.5
379564.09375,5534.2998046875
576366.875,8786.900390625
489722.6875,8148.2998046875
559267.5,49507.1015625
504934.0,91337.8984375
572416.0,10846.599609375
253422.203125,6617.7998046875
566476.5,77372.1015625
411628.1875,104699.796875
296388.40625,4665.10009765625
282768.8125,10667.5
393819.0,109566.703125
602520.625,12550.7001953125
282842.59375,5593.2998046875
500436.90625,12499.900390625
273305.6875,3914.300048828125
281971.5,6963.5
444164.1875,98422.1015625
267011.59375,5410.39990234375
398879.5,125870.1015625
556587.5,39864.8984375
295734.1875,5009.7998046875
510009.90625,36703.6015625
590482.3125,24637.0
281518.1875,6007.60009765625
412025.0,119122.703125
303401.59375,73746.703125
361502.6875,129819.5
295193.40625,6548.60009765625
393154.59375,127099.796875
288664.90625,27096.400390625
302030.6875,5194.2998046875
452771.0,82107.5
286449.1875,4563.2998046875
281841.6875,6214.10009765625
304822.8125,6276.2001953125
277236.09375,5196.89990234375
585388.3125,14554.599609375
548613.3125,13038.400390625
562414.6875,12310.5
490728.6875,38005.30078125
314008.09375,67667.8984375
328697.0,27056.5
433863.90625,20417.099609375
284304.8125,5335.5
337793.59375,11093.7001953125
283863.6875,4770.5
280697.90625,9433.099609375
406151.09375,7408.2998046875
315390.1875,8635.599609375
281740.90625,11846.900390625
462050.6875,163505.796875
452178.1875,110539.796875
555798.6875,56311.1015625
605231.3125,17601.69921875
317963.3125,83593.8984375
295662.5,10314.599609375
267992.6875,7717.7998046875
570439.375,14264.599609375
510772.5,163805.703125
534338.8125,95081.0
599828.625,14104.0
250782.59375,5013.7001953125
367666.6875,231392.5
268565.90625,9051.599609375
342713.09375,120135.296875
579807.6875,15977.599609375
294552.6875,8045.7998046875
291485.5,4974.0
300439.1875,9122.2998046875
398383.09375,115586.8984375
311600.0,83401.703125
351157.5,77304.6015625
580823.0,10618.900390625
288278.1875,7343.0
271685.6875,6356.2998046875
291254.5,5145.7001953125
322787.3125,54161.5
338770.09375,67976.703125
311901.90625,7115.10009765625
382454.59375,90300.296875
281254.1875,23058.099609375
581895.1875,62706.80078125
525827.125,96738.8984375
297559.5,6329.60009765625
297642.0,17121.400390625
574867.6875,13924.7998046875
366324.59375,104994.3984375
343601.90625,86956.1015625
359951.0,11824.7001953125
303994.6875,7213.60009765625
493557.59375,137090.5
538221.0,78938.703125
279345.09375,5426.7001953125
593574.1875,17370.5
567054.6875,9205.2998046875
277039.6875,5733.10009765625
295367.40625,5913.7001953125
528323.8125,99752.1015625
505889.8125,80343.3984375
502069.5,71981.6015625
534330.875,111362.8984375
289634.0,4431.89990234375
276752.1875,5268.0
319431.6875,19016.30078125
484665.59375,149762.40625
254876.90625,7031.60009765625
337470.3125,55676.5
520522.5,130901.203125
392819.1875,150176.5
304430.5,5949.60009765625
327793.5,33598.8984375
294877.6875,6172.0
342699.1875,97235.796875
324191.59375,49005.3984375
546817.0,74298.5
306307.40625,10246.099609375
434709.1875,12573.599609375
306847.0,6787.7001953125
346633.09375,69615.703125
306187.1875,5640.0
289222.90625,7115.10009765625
320074.09375,48431.30078125
258199.703125,18284.599609375
295623.1875,5759.7998046875
265998.1875,85789.296875
255338.703125,6037.60009765625
289478.1875,5313.89990234375
295081.3125,7218.39990234375
284435.90625,6135.5
592781.1875,11869.7998046875
392987.1875,125426.1015625
306058.1875,38993.19921875
313419.90625,8273.7001953125
471841.6875,108113.0
342415.6875,35421.19921875
595437.3125,15082.900390625
261032.90625,25799.5
307688.3125,7167.89990234375
291534.6875,7519.89990234375
407160.6875,127423.0
273776.40625,6099.0
270769.1875,6321.2001953125
592475.6875,13473.5
440754.0,110593.5
280521.8125,5737.89990234375
615593.125,20729.400390625
332924.5,41563.8984375
364004.59375,65328.30078125
540076.375,43347.5
571464.6875,37965.8984375
366806.1875,73407.3984375
336847.6875,76640.5
334703.1875,56093.1015625
486925.40625,170355.203125
575938.6875,12022.0
303893.6875,8270.2001953125
310021.8125,7763.39990234375
302489.1875,8754.400390625
500800.1875,80826.5
292416.40625,7629.0
336087.3125,137066.296875
366048.90625,109833.203125
283729.6875,46441.69921875
304712.8125,5964.89990234375
305013.0,14027.5
283608.40625,6879.0
438328.8125,131295.90625
328897.59375,24953.900390625
442061.90625,116868.203125
369484.5,95413.3984375
514610.59375,69239.5
361514.6875,46160.5
456959.90625,164504.0
302764.6875,7129.2998046875
331388.6875,54146.6015625
513055.1875,86426.703125
269573.40625,4436.7001953125
377274.3125,15575.900390625
533013.0,132326.40625
461706.59375,108888.0
503334.90625,121547.0
313686.09375,13012.7998046875
467935.40625,190697.5
287439.59375,5998.60009765625
573524.3125,63050.69921875
595577.125,12477.599609375
355814.0,109008.3984375
383191.0,104376.0
527583.8125,87972.6015625
346150.59375,67998.3984375
371241.40625,79521.296875
288669.5,5813.2001953125
444458.40625,158516.703125
384578.3125,134101.90625
362285.90625,159566.796875
510107.09375,64704.5
309393.59375,10422.5
446879.1875,141853.90625
403832.40625,120392.3984375
328672.1875,86137.3984375
298233.3125,7198.89990234375
593161.1875,12333.0
263790.90625,5347.0
319145.1875,8107.2998046875
587839.1875,27714.0
434842.6875,208221.203125
302292.5,8541.5
264106.90625,6324.2001953125
286826.90625,23814.5
307795.09375,182769.40625
353462.1875,68676.8984375
368654.3125,135237.40625
349999.1875,78902.0
299462.3125,6831.7998046875
295079.1875,7047.10009765625
541300.3125,8502.900390625
504098.40625,71796.5
270328.90625,5719.7001953125
571438.0,12236.900390625
317955.09375,9132.900390625
259626.703125,5054.89990234375
610974.125,16200.599609375
258754.0,7102.39990234375
258342.796875,6114.60009765625
556900.0,9868.400390625
297990.09375,10455.0
294442.0,7042.2001953125
398136.6875,106355.3984375
253964.296875,6922.39990234375
292373.6875,5951.7998046875
311893.3125,7836.2998046875
309051.6875,9791.099609375
342046.6875,54026.19921875
257278.703125,9541.0
300932.8125,6551.89990234375
570558.375,122532.0
308355.5,8165.39990234375
301176.90625,8612.5
302093.09375,4953.2998046875
499429.8125,78538.8984375
359707.6875,149431.5
279438.90625,7821.0
294904.1875,5714.2998046875
550002.875,7471.0
320570.8125,13813.400390625
509624.59375,142483.40625
296189.09375,7385.5
390364.09375,184444.40625
565537.625,11201.7998046875
285037.40625,4179.5
396731.1875,35031.3984375
293646.09375,5847.60009765625
517825.5,88141.0
315374.3125,53627.6015625
456701.5,208411.90625
585477.6875,11328.2998046875
332159.1875,83444.6015625
578329.1875,14888.7001953125
289269.40625,73863.703125
300530.8125,8244.900390625
450574.90625,124790.0
578614.1875,13886.900390625
283051.8125,6945.39990234375
302031.1875,6283.0
304847.6875,6074.7998046875
561395.1875,14982.099609375
297191.6875,8225.7001953125
296234.1875,4947.2001953125
284523.3125,6557.39990234375
290378.0,6639.0
408707.40625,129429.5
491913.90625,99892.5
327448.59375,18037.30078125
296037.40625,6736.0
390519.59375,110350.1015625
505893.8125,156044.703125
296777.5,7473.0
287455.0,3548.39990234375
307045.59375,7883.89990234375
317734.59375,17705.0
269839.1875,7141.39990234375
307507.0,7000.7001953125
295805.90625,7023.2001953125
560066.3125,109771.3984375
308446.8125,14139.900390625
554807.1875,106832.5
311931.6875,8276.7998046875
289052.6875,6344.10009765625
304451.6875,12429.2001953125
307494.40625,8101.7001953125
573482.6875,12045.0
277829.1875,6116.5
601857.875,14484.0
272794.1875,6377.7998046875
247589.703125,6782.10009765625
303844.90625,5725.2001953125
528686.1875,40251.5
470725.6875,174884.203125
447739.8125,147941.40625
588029.5,13697.5
307721.90625,6403.5
444380.09375,118235.3984375
319397.40625,63855.69921875
576510.625,16529.0
522470.59375,11457.900390625
577203.625,11581.2998046875
320886.59375,60862.6015625
249540.203125,4664.39990234375
415184.8125,130053.3984375
347685.3125,111385.703125
306591.5,6601.10009765625
296539.90625,8000.89990234375
283878.59375,7177.5
420265.40625,112226.796875
275507.5,6005.2998046875
358513.8125,44679.69921875
510944.1875,112213.5
285258.6875,4606.7998046875
382307.59375,7315.2001953125
302182.09375,8308.0
576268.625,31353.400390625
324853.6875,48679.0
488202.90625,12314.7998046875
518954.59375,83098.6015625
316003.6875,57991.1015625
296855.6875,9087.7001953125
479853.40625,78458.1015625
415921.3125,142614.5
308933.09375,15115.099609375
284704.59375,6563.7998046875
303747.40625,5733.7001953125
485494.5,140825.796875
314089.09375,7490.7001953125
576545.3125,11950.0
350325.8125,63462.80078125
594585.8125,13473.7001953125
602086.875,82917.3984375
307014.09375,6962.0
386875.3125,44577.1015625
263907.09375,60037.6015625
322142.3125,40434.19921875
295563.90625,5334.2001953125
362587.40625,10073.400390625
537602.875,8818.2998046875
260327.09375,5791.60009765625
316245.6875,7883.0
278173.6875,6410.7998046875
549677.125,154173.703125
284857.59375,7110.2001953125
586533.125,13177.5
540172.875,119162.203125
301568.09375,6020.89990234375
289988.5,6754.0
313788.6875,27611.5
282268.40625,5701.2998046875
306188.09375,227846.59375
314072.5,8229.5
578412.1875,12275.7001953125
576778.8125,13430.400390625
591340.1875,11766.7998046875
296952.09375,18981.30078125
290080.5,4226.5
273711.3125,5544.2001953125
491644.40625,144416.203125
273993.0,5681.2998046875
301024.59375,6456.2001953125
572779.875,13093.2998046875
540089.375,10328.400390625
329050.8125,82970.5
589755.8125,11784.2998046875
578819.8125,9042.2998046875
518775.8125,151402.703125
588772.875,13694.7001953125
282503.90625,5869.89990234375
386679.59375,96920.5
265426.8125,5452.60009765625
510044.09375,12349.099609375
273099.8125,4514.7001953125
367092.1875,181867.5
424323.90625,175946.203125
465739.09375,220709.90625
408138.5,147883.0
300296.90625,4791.2998046875
503758.59375,161508.59375
466812.3125,99152.703125
564010.875,11815.2001953125
288255.90625,6307.89990234375
306940.09375,15295.5
544625.3125,45917.1015625
387581.90625,153128.796875
287130.3125,5356.7001953125
498659.09375,172782.203125
584591.625,13494.5
342694.40625,80908.203125
371232.59375,94954.8984375
356707.59375,88066.3984375
276085.0,4722.0
446732.90625,125201.296875
310057.09375,42160.1015625
331242.40625,52687.1015625
600857.1875,12949.7998046875
337251.3125,121834.5
292630.3125,5165.2001953125
305475.0,10005.2998046875
301999.09375,8093.7001953125
252976.703125,5410.10009765625
287708.90625,5472.7998046875
288593.8125,7127.7998046875
248797.296875,6129.7998046875
255003.796875,10051.2998046875
292950.0,6349.5
421120.09375,19495.30078125
277936.59375,6871.39990234375
579321.6875,50781.30078125
390067.3125,9960.099609375
317818.6875,12878.2001953125
287223.8125,6260.2001953125
582695.875,57951.69921875
588909.5,10618.099609375
391424.3125,156829.59375
363480.90625,91435.296875
561790.625,13741.099609375
294515.1875,5471.5
490603.6875,111896.796875
310983.90625,7811.7001953125
578665.125,15530.900390625
542227.125,73928.8984375
423636.5,209358.0
247166.703125,4226.5
513753.09375,52853.6015625
590555.1875,10424.099609375
398685.59375,98933.203125
580212.0,7582.5
317212.40625,39349.1015625
317801.3125,8091.39990234375
277820.1875,5726.2998046875
305980.6875,8279.0
561582.3125,9537.7001953125
250560.59375,7547.7001953125
307695.1875,21077.599609375
343286.90625,65514.30078125
383202.40625,257035.40625
471562.8125,217840.0
435685.8125,182473.296875
574506.8125,16755.30078125
301154.59375,8167.7998046875
596116.375,12723.900390625
296868.40625,12523.2001953125
302026.0,11168.099609375
357578.40625,83468.3984375
520473.59375,29023.5
565623.3125,11533.599609375
370938.90625,59437.80078125
376274.09375,96653.1015625
267118.5,62667.80078125
302887.8125,53667.69921875
265223.6875,6732.5
577736.625,11221.2001953125
285933.09375,8907.0
600049.875,64085.19921875
323953.09375,12543.400390625
288433.59375,5355.39990234375
300401.90625,10974.7001953125
272445.5,7683.60009765625
272511.90625,11432.400390625
301657.59375,8222.5
295277.8125,6783.60009765625
304283.90625,8287.2998046875
287710.09375,13617.7001953125
282242.59375,12084.0
289619.40625,4717.2001953125
305986.09375,6769.39990234375
299339.5,5352.5
412493.1875,245841.5
318045.59375,9042.599609375
586512.5,22977.5
325873.90625,46132.1015625
289042.8125,5050.89990234375
461498.59375,118430.1015625
284974.59375,73195.796875
397636.5,106750.0
303667.1875,6579.5
385223.3125,100625.203125
315241.90625,21775.19921875
541827.375,145437.203125
535960.5,59351.6015625
323057.40625,101644.8984375
467841.3125,138384.09375
260061.5,4648.2998046875
352011.1875,64342.0
276749.6875,6235.2998046875
359708.09375,74391.703125
498982.09375,119528.5
407669.8125,139516.203125
446779.90625,74890.703125
450662.5,140265.09375
393389.90625,129176.8984375
297879.09375,5949.10009765625
583216.8125,11078.7001953125
500054.6875,128910.0
265314.59375,7543.7001953125
612631.625,17238.69921875
414197.40625,84597.703125
466112.1875,105046.0
278494.40625,5182.7998046875
313197.59375,14724.099609375
273307.59375,4780.2001953125
319500.1875,18614.19921875
574529.875,82673.1015625
500591.1875,33953.80078125
460846.8125,134979.5
571291.625,8701.099609375
514076.8125,14292.2001953125
311551.90625,6615.2001953125
301244.90625,9479.400390625
269154.8125,7090.10009765625
301928.40625,9574.7998046875
304620.3125,6360.2001953125
251502.90625,5816.7001953125
317654.0,92461.6015625
257216.5,6271.2998046875
323245.59375,111875.703125
256334.90625,13185.2001953125
296013.09375,7369.89990234375
298128.6875,5033.0
436367.09375,165127.203125
355844.0,247055.5
283577.1875,6163.2001953125
287751.40625,5612.60009765625
298559.3125,8029.39990234375
578887.6875,86684.296875
302452.09375,22259.599609375
297678.09375,5722.7998046875
442988.0,270934.5
355352.8125,125678.203125
298621.90625,6582.7001953125
415558.0,110207.6015625
277129.3125,7569.60009765625
593901.375,12672.7998046875
272231.5,4227.2998046875
417367.3125,136497.203125
515082.5,170604.90625
517497.59375,103256.1015625
571733.625,11050.7998046875
441641.09375,11651.099609375
544689.1875,147653.796875
290049.40625,5226.60009765625
403485.90625,113187.6015625
525439.125,15336.5
312432.09375,17793.5
350992.40625,83432.3984375
275210.09375,82710.0
363566.0,61756.80078125
317624.09375,44183.5
577030.8125,13562.5
396210.0,32645.0
607888.8125,16811.5
293497.09375,7735.2001953125
288956.59375,4644.0
306682.0,7367.7001953125
571930.375,85110.296875
295901.40625,6262.0
306319.90625,7152.7001953125
296047.3125,6053.7001953125
553080.6875,10907.2998046875
359534.3125,15219.2998046875
466308.0,11727.400390625
417993.09375,140428.09375
515012.09375,11174.7998046875
408563.59375,140843.09375
610896.375,13341.599609375
525158.0,151034.90625
364229.90625,96406.296875
534923.125,46955.5
292975.0,73065.3984375
313110.1875,8413.7001953125
379308.59375,93629.6015625
356298.6875,111909.796875
271653.40625,35141.6015625
284048.59375,6775.7001953125
505850.59375,16507.0
332472.09375,51037.0
353284.90625,73170.8984375
388717.1875,100007.703125
473278.6875,144975.59375
460165.09375,150980.5
513684.3125,70644.5
313719.5,5122.5
313168.90625,7975.39990234375
383790.6875,123206.1015625
455077.59375,163316.703125
475896.0,161077.09375
536043.625,104149.0
501961.0,84368.8984375
279015.09375,6729.10009765625
588936.8125,15528.599609375
293876.0,3796.60009765625
413401.40625,8216.2998046875
293056.09375,5188.10009765625
338291.90625,65714.0
309232.3125,11825.7001953125
300721.59375,8580.099609375
309038.3125,61943.80078125
282038.3125,15739.2001953125
586135.625,14836.400390625
344781.5,68914.5
586911.125,12971.2998046875
276572.5,5121.5
559167.875,16251.400390625
292305.5,9341.900390625
585954.625,14196.2998046875
288252.1875,4935.2001953125
464406.6875,70963.296875
286933.09375,5240.7001953125
504022.90625,143901.09375
289921.09375,64885.5
583212.625,11804.5
545278.3125,60557.69921875
596459.6875,12771.7998046875
488266.90625,280345.09375
338345.09375,19184.69921875
373121.40625,150418.09375
247125.09375,3633.5
287759.09375,6479.0
299089.90625,18973.900390625
290470.90625,7005.7998046875
576105.625,11862.0
325457.09375,7702.0
300482.8125,5270.5
586825.0,10072.5
299030.1875,7432.10009765625
331342.5,44084.6015625
558192.125,58856.0
466237.0,136260.703125
284961.40625,6093.5
293622.0,7348.89990234375
384199.3125,107102.703125
567594.625,14875.099609375
277620.59375,7525.2998046875
506536.1875,169049.203125
305451.09375,19306.099609375
285477.40625,7249.60009765625
340561.09375,6895.7001953125
561624.375,63020.6015625
547150.625,28399.5
265983.6875,62275.69921875
580091.375,19294.30078125
305993.09375,8206.0
273864.1875,56770.1015625
397901.0,4980.7998046875
503081.09375,134721.0
287366.8125,5225.2001953125
575063.0,15790.400390625
263326.8125,15035.7001953125
324338.09375,10178.2998046875
267979.0,7762.89990234375
244503.09375,5255.2998046875
378945.59375,149247.09375
580804.1875,11160.2998046875
359950.90625,90482.6015625
304148.59375,12004.7001953125
601385.875,13248.099609375
316681.90625,34856.8984375
521590.1875,116849.203125
505973.5,328688.90625
294295.90625,4477.7998046875
272804.09375,5037.0
241652.0,4637.7998046875
568450.625,18412.5
384231.5,105358.5
377387.6875,73811.1015625
425420.09375,136356.203125
301003.5,7892.60009765625
293620.09375,6514.0
377261.0,42109.3984375
294245.09375,83041.6015625
511823.5,149678.703125
308521.0,9501.099609375
388970.8125,89751.203125
331138.09375,42610.30078125
345320.6875,80392.203125
319269.1875,77147.296875
495249.90625,95630.1015625
485748.40625,124957.1015625
553554.125,54038.0
391239.59375,101973.0
285625.0,6557.39990234375
597746.3125,13154.7001953125
283053.09375,6156.10009765625
350104.09375,88651.296875
525885.1875,88963.703125
542972.125,11528.099609375
331757.1875,178509.796875
314704.09375,107163.203125
341858.90625,68517.6015625
284946.59375,6191.0
371508.90625,74756.796875
345448.1875,110145.1015625
571455.8125,12711.5
265357.5,54651.5
286558.8125,4854.5
579714.375,10765.900390625
565746.1875,39778.1015625
287423.09375,8103.2001953125
564197.0,11065.599609375
305379.59375,7688.5
433023.0,126832.3984375
519963.8125,139599.59375
300946.40625,10657.7998046875
297972.90625,7063.0
269708.3125,74361.703125
292560.0,9092.900390625
257931.296875,7975.2001953125
334887.59375,75870.1015625
578472.625,13056.7998046875
304140.1875,9285.2001953125
301076.09375,7305.60009765625
274546.40625,4702.10009765625
305112.09375,10325.5
319748.6875,30276.19921875
302810.1875,6788.60009765625
454994.0,116182.3984375
343021.09375,62791.6015625
448116.40625,95417.6015625
351394.09375,86099.0
309406.59375,8380.5
302929.1875,6514.7001953125
322435.40625,102159.296875
316878.0,65728.796875
306365.8125,6512.0
448397.40625,162629.40625
422446.6875,162294.09375
476241.59375,105784.703125
517714.09375,140953.5
577250.0,68468.8984375
299182.5,59134.69921875
251419.40625,5762.2998046875
433489.5,12047.900390625
491676.59375,98966.1015625
277016.1875,5077.7001953125
291101.09375,5067.10009765625
252247.09375,6571.2001953125
289994.59375,5405.5
308180.1875,8577.7001953125
279552.90625,8304.0
470235.90625,295436.5
300998.5,6712.10009765625
292067.59375,5559.89990234375
419015.59375,112724.6015625
290129.1875,5684.89990234375
583832.875,13702.7001953125
470321.09375,110652.203125
490453.8125,95008.6015625
467810.3125,12824.599609375
412348.90625,103944.6015625
432302.0,135304.5
572260.125,9645.400390625
547756.0,11603.2001953125
509892.3125,203479.796875
290733.8125,5882.60009765625
345479.40625,41866.80078125
348238.59375,81474.203125
428401.40625,157150.296875
289844.1875,56022.69921875
308511.40625,18646.099609375
568778.0,75219.1015625
505563.0,151352.59375
284932.5,5143.0
255011.5,5453.0
518659.0,21927.69921875
263714.40625,5680.7001953125
443419.1875,149239.703125
570262.875,18314.5
544933.0,33428.6015625
309227.90625,7328.7998046875
325648.09375,13707.599609375
383233.90625,129047.296875
321444.59375,22557.69921875
558791.375,9322.7001953125
449399.5,112187.1015625
390800.59375,113566.3984375
607200.875,14381.2998046875
304181.59375,7293.60009765625
343166.6875,91657.3984375
255343.40625,5328.2998046875
346979.59375,95205.203125
611454.0,15086.400390625
579236.375,16878.400390625
505297.09375,99078.703125
558568.375,14678.099609375
356922.90625,79401.6015625
398908.3125,137451.59375
510261.59375,14344.2001953125
406521.40625,10500.7998046875
281190.5,6823.60009765625
282236.5,4466.10009765625
465186.6875,218647.59375
315025.0,33196.5
563331.625,17199.30078125
502565.8125,70925.796875
409290.0,251342.0
299885.0,6052.5
483431.5,91207.703125
546014.1875,109980.703125
588782.875,14281.5
289454.40625,6283.0
521187.09375,207607.09375
275557.6875,4930.39990234375
557494.875,77548.796875
551686.375,7134.2001953125
522580.8125,67263.3984375
300363.59375,8270.900390625
497079.90625,96820.296875
328855.09375,13367.599609375
582551.875,12580.2001953125
290683.09375,6113.2001953125
486774.90625,104272.6015625
579794.8125,9464.599609375
286600.3125,9572.599609375
280757.90625,15479.099609375
534599.625,13345.900390625
392555.0,132841.703125
296306.3125,7335.2998046875
269163.3125,7027.10009765625
262126.40625,6470.7998046875
524764.625,42748.69921875
370622.3125,131284.09375
493480.90625,134621.796875
329587.6875,39957.69921875
299981.40625,14936.099609375
547308.5,65844.6015625
422072.0,102960.6015625
283002.5,24324.0
297729.09375,6545.7998046875
361954.5,107178.0
401554.8125,104080.8984375
498552.6875,131651.203125
385484.40625,153290.703125
314485.1875,5831.7001953125
570870.875,9880.0
563334.875,44470.5
374169.3125,108954.8984375
531039.5,12466.599609375
287962.59375,7506.89990234375
296722.90625,7699.7998046875
267991.59375,4182.10009765625
523704.59375,309802.1875
590793.875,12652.2001953125
283109.40625,11880.900390625
511905.90625,102371.1015625
512964.3125,105408.6015625
417485.3125,159027.09375
331339.5,49506.0
283509.0,6297.7001953125
288135.40625,6468.2998046875
317058.8125,24358.599609375
268161.5,4782.7998046875
551912.5,50099.6015625
558872.5,11572.099609375
297393.1875,6242.10009765625
290803.5,5814.0
300045.3125,61690.8984375
299229.5,7056.60009765625
513218.59375,11583.400390625
281066.40625,6620.2998046875
294512.1875,5819.39990234375
408190.90625,161429.796875
315321.90625,17128.19921875
574160.125,12760.7001953125
333399.40625,4624.10009765625
308447.3125,16721.599609375
396315.8125,92769.6015625
577266.875,12909.599609375
279162.59375,5863.89990234375
311701.0,9580.7001953125
535606.3125,72038.6015625
532642.375,83021.296875
414718.90625,83967.5
383468.90625,110528.5
507919.8125,147326.40625
312829.59375,38516.1015625
297045.6875,7668.89990234375
525094.875,91613.296875
576116.125,13224.2001953125
302562.90625,7765.60009765625
299804.8125,5735.60009765625
401517.8125,109618.1015625
319810.90625,6626.60009765625
574918.125,15150.400390625
421519.5,147645.703125
349308.09375,75165.703125
272734.3125,6339.60009765625
545573.3125,112119.8984375
417842.09375,121054.1015625
414683.59375,168359.703125
432725.0,10015.900390625
412457.59375,138705.203125
398244.90625,146633.09375
464580.3125,120090.1015625
581850.375,14533.099609375
347973.6875,95002.203125
595000.875,12623.5
519610.3125,14638.400390625
304394.5,92728.6015625
567373.625,15335.900390625
569547.375,102919.796875
379566.1875,123036.8984375
583728.125,10836.7001953125
273461.40625,5277.7001953125
332934.0,108554.3984375
406488.90625,84642.8984375
305254.8125,7115.60009765625
266810.40625,4703.60009765625
541759.0,62996.0
330725.09375,12227.900390625
575976.0,13353.2001953125
564560.3125,11386.2998046875
280943.3125,4425.10009765625
292448.40625,7044.7998046875
287826.6875,10990.2001953125
406404.8125,152909.90625
500900.09375,7089.89990234375
271083.1875,63463.3984375
289662.90625,4907.2998046875
568092.375,8424.2001953125
327171.5,84774.8984375
574472.875,104906.5
300691.90625,6177.0
554776.3125,63233.8984375
526721.125,33318.8984375
296854.90625,11736.2998046875
271700.59375,4907.10009765625
295472.59375,10146.2001953125
337922.5,104716.3984375
519319.59375,73097.703125
304583.40625,7060.10009765625
304169.3125,7696.60009765625
307999.1875,9327.2001953125
373586.90625,120828.0
315658.40625,8411.0
264967.3125,7511.39990234375
335222.5,91300.1015625
310267.59375,6760.39990234375
399385.59375,12210.099609375
375477.90625,103951.296875
259570.09375,8695.7001953125
307125.90625,5827.7001953125
580375.375,12607.900390625
292561.90625,4918.10009765625
313771.8125,8899.099609375
396363.90625,159275.09375
309608.5,7778.0
274174.59375,4729.89990234375
574660.0,127662.703125
553527.8125,155367.296875
352172.8125,86726.1015625
317417.40625,7349.2998046875
493087.59375,152621.203125
306386.90625,7203.2998046875
306272.1875,10826.2001953125
305944.1875,6519.7001953125
294311.90625,4494.0
581663.3125,10248.400390625
322634.0,11073.599609375
290730.09375,5863.89990234375
561786.625,12787.099609375
306028.90625,7568.2001953125
312670.0,6917.89990234375
579418.875,38193.6015625
522648.8125,161810.59375
252238.90625,7071.60009765625
288009.5,13347.5
317393.59375,71356.3984375
355729.3125,14076.7998046875
292116.3125,5354.60009765625
513574.40625,130512.796875
340535.1875,75391.6015625
274809.09375,5110.2998046875
411543.90625,155325.703125
270312.6875,8690.2998046875
299036.8125,7127.0
534406.5,55613.5
305645.8125,7975.39990234375
304069.59375,7201.10009765625
296119.5,7074.2998046875
575003.875,11159.2001953125
324969.8125,12112.099609375
470076.90625,123871.6015625
298620.6875,6357.89990234375
435091.8125,98278.6015625
518416.5,10923.7001953125
281296.09375,5699.0
542162.5,105674.0
306670.8125,18360.30078125
290891.09375,79617.796875
566291.375,13831.2001953125
261958.703125,4886.7998046875
493657.5,120099.6015625
337549.3125,61667.5
417304.1875,139905.203125
277233.0,5821.5
516724.09375,133624.09375
573904.125,12972.400390625
505923.5,93474.296875
558158.0,16364.7998046875
441711.8125,265622.09375
335907.6875,70809.796875
455520.09375,137806.5
341732.6875,10776.099609375
554879.0,124848.5
582955.625,16630.30078125
262418.40625,6912.7001953125
328895.5,73800.1015625
295125.1875,6156.2001953125
413347.5,175426.0
349781.8125,88476.8984375
252230.09375,9892.099609375
302969.90625,10637.2001953125
503319.0,14146.7998046875
549213.3125,93689.1015625
270503.6875,4665.7998046875
351301.59375,34739.0
362635.6875,73521.1015625
582199.0,19539.0
353276.3125,63022.80078125
483059.59375,109362.796875
302842.1875,7124.2998046875
291766.8125,4643.5
499304.59375,143801.59375
464467.5,95509.796875
307706.90625,7769.2001953125
428709.6875,109796.6015625
587093.5,15486.0
402430.90625,8783.2001953125
317820.3125,20345.5
443198.6875,157066.703125
515347.09375,61562.3984375
332709.90625,47611.80078125
273644.1875,6488.7998046875
297291.09375,5959.0
293420.40625,6273.60009765625
475022.6875,9153.400390625
299492.3125,6085.60009765625
278665.6875,4840.7001953125
459636.59375,13358.5
277492.1875,6732.89990234375
418126.40625,130282.5
290295.90625,6471.60009765625
309443.0,7822.89990234375
279731.8125,6969.2998046875
299005.09375,4918.2998046875
273851.6875,4834.7001953125
313955.0,116317.5
559276.125,197825.09375
377813.59375,110093.8984375
277607.0,7389.2998046875
550249.5,13743.2998046875
289804.40625,5163.10009765625
580740.1875,33077.3984375
288967.3125,9181.099609375
276370.6875,5769.7001953125
296883.5,74097.203125
481622.09375,80267.0
304851.90625,12167.5
302264.3125,42864.6015625
273457.0,4689.0
386510.90625,147642.09375
269392.40625,7408.2001953125
329309.5,41518.0
272926.1875,4196.2001953125
553761.8125,141774.09375
622871.125,14596.5
569718.3125,12417.7998046875
260063.90625,4848.2001953125
549553.0,37510.1015625
528457.3125,282713.0
541822.1875,63379.19921875
600553.5,13880.0
565020.5,7475.7998046875
309091.40625,8059.2001953125
325082.0,17957.80078125
256175.40625,7353.2998046875
579494.3125,11881.099609375
288753.6875,4830.7998046875
585230.1875,13008.099609375
486693.5,103669.5
530327.625,10163.7998046875
258455.703125,6037.7998046875
506638.5,79402.6015625
259148.203125,5305.7001953125
519217.59375,132826.59375
298369.40625,6094.2001953125
280242.0,4512.2998046875
391927.90625,115908.296875
416930.3125,101766.6015625
432753.09375,106677.0
272415.1875,9076.900390625
428260.3125,9439.099609375
298645.6875,8971.2001953125
268001.0,5287.2001953125
536044.625,119900.5
299222.40625,6903.0
356632.8125,109560.6015625
470620.09375,188346.0
489367.1875,130358.1015625
299256.8125,6678.2998046875
290679.09375,4787.2998046875
463319.90625,127676.203125
277636.6875,6061.2998046875
408731.3125,110269.5
365653.5,64195.0
486510.3125,73089.3984375
262696.59375,26520.599609375
590076.625,12138.400390625
281656.0,12227.2998046875
358623.0,99994.296875
590618.375,13263.2998046875
296026.8125,8118.10009765625
301609.1875,5523.7998046875
400290.09375,10743.5
285731.90625,35074.6015625
343512.1875,49960.3984375
243062.09375,5444.0
302093.8125,6453.7998046875
293089.40625,4787.7001953125
575932.8125,10003.5
330537.1875,116468.203125
487603.8125,10428.400390625
290811.09375,21572.400390625
293817.40625,7180.2001953125
556429.0,10932.2998046875
325501.59375,34458.5
465988.90625,133419.09375
395811.8125,108695.1015625
399627.6875,105977.703125
313878.09375,6164.5
412289.5,123464.5
580208.0,13732.400390625
342044.40625,69871.703125
241992.5,5794.0
509423.3125,62385.1015625
459405.8125,169274.0
286245.59375,5809.0
582782.3125,12100.7998046875
344102.09375,32157.30078125
290212.40625,5909.7001953125
593722.5,12652.599609375
293990.6875,5962.2001953125
287470.3125,6409.89990234375
295001.09375,5651.39990234375
281695.5,5897.2998046875
572545.375,16040.2001953125
282027.90625,6034.7998046875
506994.8125,7815.10009765625
566972.6875,33257.30078125
278043.1875,5745.39990234375
363732.8125,133416.59375
306951.5,8253.7001953125
286351.59375,10100.5
277812.09375,6706.5
483523.0,95745.0
362469.3125,70216.296875
290288.09375,8361.2998046875
315958.0,7825.60009765625
484276.3125,180020.5
354899.1875,84934.703125
367777.8125,201411.40625
589639.0,18150.30078125
300453.40625,6799.2001953125
236802.40625,6425.2998046875
315259.8125,9334.599609375
317595.1875,61710.30078125
411083.59375,122579.5
407465.1875,44225.8984375
494774.3125,85315.1015625
313091.09375,29489.5
285988.40625,6306.0
319574.6875,8157.60009765625
594096.0,28686.0
280753.8125,5961.7998046875
581728.625,13510.2998046875
273890.40625,6610.2001953125
393854.1875,126568.796875
250740.5,4810.60009765625
407124.59375,117296.6015625
615559.125,13896.900390625
252079.0,6209.7998046875
370237.90625,109882.703125
567386.0,91013.296875
254353.40625,8244.7998046875
298465.1875,7377.7998046875
308105.59375,9007.0
331277.40625,49599.6015625
274384.6875,4543.39990234375
548070.8125,90570.1015625
559322.0,8340.7001953125
303850.59375,59960.0
287594.6875,8174.39990234375
292050.5,5660.5
244411.5,4236.89990234375
305822.09375,8232.5
337465.5,54338.5
494267.3125,10653.2998046875
436229.09375,108590.796875
311440.40625,30383.69921875
552904.1875,11869.2998046875
335110.3125,71790.0
377510.1875,99809.703125
290165.5,7234.0
370673.09375,152923.59375
427414.59375,257374.5
426462.1875,131882.59375
462009.0,139252.5
256085.59375,3685.800048828125
463596.40625,149714.703125
417315.1875,138705.796875
517927.5,161710.59375
310960.3125,16341.5
291815.5,5381.5
358414.59375,95772.1015625
571746.125,12168.900390625
259401.40625,76635.703125
278962.0,3972.800048828125
555768.8125,12316.599609375
366102.09375,83214.0
336420.3125,88750.6015625
294461.1875,6918.5
286901.90625,6327.0
561465.375,14114.5
299011.90625,109677.3984375
431157.8125,95291.3984375
565149.625,10614.0
309607.3125,5702.7001953125
570314.8125,12350.5
307053.5,7600.39990234375
515801.90625,195361.5
248690.203125,55319.19921875
580910.8125,132597.40625
432294.90625,108039.3984375
387115.40625,143862.5
300568.8125,6580.7001953125
305514.09375,7083.2998046875
273293.90625,6025.39990234375
284635.8125,5899.39990234375
493944.59375,139393.0
266751.5,7935.39990234375
422820.3125,111453.6015625
334961.8125,25635.69921875
576378.3125,27553.0
509716.40625,86466.3984375
578965.375,15583.400390625
278950.5,4603.5
327901.40625,40615.5
327449.09375,65415.5
303499.3125,8040.60009765625
278641.8125,12943.7001953125
311776.40625,13098.900390625
444273.5,162726.90625
285303.6875,5804.89990234375
303623.6875,6117.7998046875
320297.8125,19096.900390625
287476.90625,5816.0
253794.203125,3278.5
312937.40625,7827.89990234375
505733.3125,63609.19921875
264551.09375,6428.2998046875
285040.90625,7580.5
605939.875,14000.900390625
297011.8125,7567.2001953125
362521.3125,78875.5
299618.40625,5799.89990234375
553690.0,12245.400390625
300783.6875,6055.39990234375
299700.3125,6954.89990234375
450218.90625,202626.5
373217.6875,93558.703125
580332.3125,12773.400390625
531728.1875,21400.5
388779.90625,125874.8984375
263590.3125,5928.7001953125
289244.90625,9659.0
375241.3125,111242.203125
575112.125,14542.2998046875
524182.8125,123543.3984375
528641.125,83643.5
528089.6875,164961.296875
283807.5,5327.89990234375
419542.3125,116578.703125
544962.3125,35908.5
556742.375,8428.400390625
487351.0,16344.900390625
292655.6875,5838.5
298798.40625,6713.89990234375
309769.0,8643.0
389434.40625,10800.0
345905.09375,36183.80078125
300371.90625,16526.0
293907.40625,8214.900390625
285398.09375,5649.5
532562.6875,116326.796875
298652.3125,10007.599609375
289445.6875,57867.5
274450.6875,4930.0
497670.90625,115366.8984375
257400.296875,42934.19921875
563038.0,11843.0
594901.875,11711.5
322294.3125,35542.19921875
424963.09375,188386.296875
587957.375,12504.0
298950.09375,35355.0
291406.6875,5389.7998046875
321716.8125,63247.1015625
371785.8125,132759.703125
552039.375,88546.8984375
521293.0,65447.8984375
290907.1875,7092.39990234375
329021.3125,12328.900390625
345800.40625,93189.0
279174.90625,6763.7998046875
303657.90625,12781.0
316721.0,5338.5
495341.90625,77684.3984375
327100.90625,79854.0
271292.8125,79471.203125
278909.40625,7214.5
304381.90625,26527.900390625
578006.1875,12736.7998046875
304177.0,12201.900390625
501328.8125,160491.09375
298571.3125,5902.0
296466.0,8166.39990234375
552645.1875,47665.30078125
293116.3125,118946.8984375
343029.6875,54152.69921875
387637.8125,106168.3984375
306049.90625,121571.296875
503475.90625,139911.0
263276.5,6411.0
248637.5,10537.900390625
448342.1875,169898.296875
298995.40625,6322.89990234375
528040.0,11955.5
538944.375,142170.0
252835.796875,5656.7001953125
434337.90625,10979.5
288341.40625,6299.89990234375
392993.0,69956.3984375
588037.3125,11766.2001953125
260832.796875,6357.5
307804.0,6899.89990234375
396300.8125,25623.900390625
555428.375,94863.0
296231.6875,6473.2001953125
290122.90625,7238.0
349921.0,88836.0
316086.40625,47690.3984375
397496.8125,10775.7001953125
308922.90625,51650.5
378496.90625,137190.5
371338.40625,116625.3984375
282185.1875,21822.30078125
309627.0,14369.400390625
342661.8125,63419.1015625
538172.8125,182292.203125
591085.8125,12918.0
274991.90625,5564.89990234375
296128.6875,54934.3984375
526657.1875,160803.796875
299187.8125,6318.39990234375
310727.40625,87499.0
352904.8125,126793.3984375
374356.90625,232411.5
264002.5,3892.5
362756.5,79542.3984375
311221.6875,55113.80078125
567420.375,10798.900390625
291988.40625,9056.099609375
566303.5,54708.1015625
282762.0,5843.7998046875
252130.203125,8293.0
432695.90625,89840.8984375
513802.3125,10489.2001953125
303499.5,60300.0
275711.3125,6475.7001953125
406509.40625,102906.5
435821.90625,185743.90625
287929.09375,7019.5
315247.8125,18422.099609375
568765.8125,14700.2001953125
572043.3125,14546.0
409667.0,163892.90625
307539.6875,6796.39990234375
274492.40625,4783.0
485021.3125,202870.90625
548044.875,14222.2998046875
287944.40625,5817.5
582373.0,12147.5
607744.5,46290.8984375
283107.6875,7345.7998046875
479697.90625,135931.90625
342814.1875,67650.0
577011.375,10351.400390625
469053.3125,151715.703125
377945.90625,83884.5
246603.796875,6514.89990234375
494612.59375,129804.0
338734.6875,42611.80078125
544946.8125,213614.09375
466252.90625,117842.8984375
269590.6875,83905.3984375
538473.3125,41844.8984375
331395.90625,62693.5
312088.6875,21120.69921875
332328.40625,51520.1015625
317855.1875,20992.900390625
498580.59375,12520.0
324783.0,53348.0
316269.0,33955.0
357091.8125,79619.3984375
294395.09375,5593.2998046875
296396.90625,5850.0
544711.6875,22460.5
254098.59375,5014.89990234375
482764.09375,108965.296875
311189.3125,10358.099609375
302007.90625,6663.89990234375
581505.5,14204.7001953125
279158.1875,4729.0
313090.6875,4064.89990234375
285522.0,4637.2001953125
440580.0,150939.796875
309811.3125,30077.599609375
456309.1875,162183.296875
589975.375,16193.7998046875
383475.40625,70160.796875
422075.59375,130723.203125
299765.90625,4899.2998046875
410237.40625,161959.59375
284371.59375,4556.2001953125
439109.09375,163284.0
561939.8125,15561.7998046875
258625.5,6304.0
575050.8125,14182.900390625
394177.09375,132222.296875
237419.5,4519.0
289814.90625,5998.5
585120.1875,14512.0
586385.3125,12836.099609375
327810.09375,71944.1015625
515239.09375,103696.6015625
300935.09375,9028.2998046875
252336.796875,6099.10009765625
579030.8125,14583.400390625
358943.90625,171499.296875
393866.6875,124168.8984375
393117.59375,80958.203125
363240.09375,79916.0
316745.8125,9787.7998046875
316007.3125,10081.400390625
309761.59375,8986.599609375
297726.90625,4906.5
278395.8125,5214.60009765625
303173.09375,8083.10009765625
548770.125,94750.3984375
395682.59375,102274.6015625
310035.59375,6469.2998046875
374053.3125,91102.1015625
322156.3125,38147.3984375
474775.90625,139707.40625
300111.40625,6093.5
312558.0,7472.2001953125
264780.6875,6272.0
549883.875,14317.7998046875
514913.1875,150392.90625
293402.40625,5368.60009765625
288971.1875,5252.89990234375
327630.59375,40486.0
347297.3125,5037.2998046875
296641.0,4895.0
306800.3125,5730.39990234375
285622.09375,6156.2998046875
300786.0,38837.0
264793.90625,7313.0
266988.09375,10781.599609375
342717.09375,90086.8984375
302146.8125,7732.10009765625
292463.8125,26885.400390625
273810.8125,5143.10009765625
584144.375,13165.400390625
358168.90625,98390.0
288116.0,7006.2001953125
272329.1875,10467.5
437087.6875,144390.40625
461079.6875,171860.5
502173.90625,70617.796875
576111.1875,34955.3984375
352603.6875,88899.3984375
288719.09375,6453.2001953125
366018.09375,7871.0
308660.3125,10143.7998046875
556755.5,10533.5
581919.3125,12865.900390625
467699.09375,156023.296875
296445.0,5474.5
378972.6875,144676.5
276667.3125,5821.60009765625
475652.59375,94726.3984375
307490.59375,8081.10009765625
305979.59375,6857.7998046875
519218.6875,119271.6015625
287214.8125,5254.10009765625
564669.875,55973.0
534018.0,10849.2001953125
569844.1875,13944.400390625
573745.6875,12675.5
595147.5,11949.2001953125
407090.3125,110971.1015625
513205.1875,103893.296875
283248.40625,4261.7998046875
386992.90625,114955.296875
583736.5,12770.2998046875
422055.3125,185917.40625
258407.296875,6950.89990234375
391278.5,158192.5
535045.875,71673.796875
259078.90625,5228.60009765625
364361.0,8454.0
314360.5,74078.0
278110.3125,6112.39990234375
326724.59375,9469.2998046875
486651.5,33691.0
446183.59375,158069.09375
464820.40625,165506.0
337373.6875,58670.0
419267.8125,158830.09375
314503.09375,68306.3984375
303929.09375,6938.60009765625
246929.09375,6144.2998046875
586653.8125,11521.599609375
289869.3125,5310.89990234375
575676.375,12423.2998046875
609757.375,12082.099609375
292077.1875,7328.89990234375
302593.09375,7066.2001953125
291367.3125,25885.80078125
360314.5,89926.0
303611.5,6551.5
282894.09375,7098.2998046875
584238.5,12133.0
585719.125,12045.599609375
296585.1875,5226.0
552395.125,14266.099609375
308323.09375,8616.400390625
451846.59375,151585.796875
297538.8125,6930.10009765625
357974.3125,68283.8984375
358335.1875,82411.6015625
578538.375,15553.0
319312.0,82029.703125
595939.6875,13086.900390625
299865.1875,22991.0
269732.1875,8630.2998046875
281952.90625,6244.10009765625
313663.90625,46003.80078125
323522.09375,33812.69921875
323724.0,16417.80078125
539526.8125,86584.6015625
264458.0,4043.5
327601.90625,74455.203125
505361.40625,90797.6015625
308257.90625,46560.30078125
432238.6875,115580.3984375
501711.40625,111702.1015625
410395.0,8297.0
276721.0,4287.0
540355.3125,93185.3984375
294597.09375,7312.60009765625
567920.875,13297.5
321991.90625,27654.80078125
243356.203125,4976.39990234375
281158.40625,5607.10009765625
332457.1875,37274.8984375
529119.8125,56725.80078125
282068.0,5068.5
473035.0,143772.0
309458.59375,7299.60009765625
438413.09375,199735.40625
335128.59375,123601.296875
303887.3125,8160.89990234375
335798.90625,124017.8984375
556181.375,12835.5
582082.6875,13342.5
568594.0,10378.2001953125
504400.0,328643.3125
262334.8125,6362.60009765625
319267.6875,51179.3984375
283197.1875,8817.2998046875
358789.1875,98431.5
284744.90625,9366.599609375
546774.125,10606.7001953125
368768.90625,78842.296875
307227.3125,68799.8984375
322857.3125,20769.400390625
359554.5,78239.5
298542.90625,13205.7001953125
328030.90625,36663.6015625
319560.5,94945.203125
349546.90625,93465.0
472394.59375,155499.40625
522643.0,12318.7998046875
270770.6875,5428.2001953125
433483.6875,147395.09375
577462.125,49792.69921875
290144.5,4121.5
293662.8125,65517.19921875
303840.3125,9783.7998046875
294685.1875,5846.89990234375
558000.375,45019.30078125
539581.6875,13164.900390625
271656.09375,69938.203125
547539.625,90939.5
564158.0,36961.0
565656.5,7376.0
422545.3125,208557.40625
459673.59375,113807.796875
415509.5,295039.0
531759.875,100592.5
459217.1875,39955.0
482262.8125,166716.59375
564486.625,44139.6015625
350688.59375,78873.6015625
530658.375,15861.2998046875
280840.6875,5221.89990234375
306323.09375,7481.2001953125
420560.09375,198700.5
312992.8125,6868.7998046875
541351.0,157072.0
568264.5,75927.0
352379.59375,62964.1015625
407629.90625,105557.0
518859.6875,132329.0
307520.09375,7382.60009765625
466046.09375,107764.3984375
563137.125,11896.7998046875
477558.8125,207901.59375
288447.6875,8287.599609375
542979.3125,137953.09375
284262.40625,8802.0
303410.5,11545.2001953125
274026.1875,6502.5
569673.6875,94565.8984375
286622.0,7523.7001953125
472031.0,135896.796875
312071.8125,7349.10009765625
440050.6875,134177.296875
484626.90625,122175.796875
325935.90625,94871.6015625
597057.375,13737.7998046875
568167.8125,12345.599609375
473408.5,138748.0
598867.8125,13502.400390625
376230.8125,96889.3984375
467353.1875,41963.19921875
511079.5,47611.5
306093.40625,8752.7001953125
513793.40625,11324.5
297200.59375,6473.89990234375
312340.1875,69772.5
573697.6875,10655.7001953125
418387.09375,106263.6015625
313952.59375,20750.69921875
318441.5,119514.5
472881.8125,70698.703125
269054.90625,58739.80078125
524089.6875,94594.3984375
399306.90625,150961.59375
306315.6875,6020.39990234375
298576.59375,7704.7001953125
304770.8125,9066.7998046875
354882.0,117945.0
597799.5,12649.0
427886.59375,161618.296875
431530.0,167506.5
527491.125,119453.1015625
453674.90625,20570.5
306506.6875,10872.5
356395.59375,76957.6015625
363073.09375,87537.3984375
333550.40625,90234.796875
496706.90625,156734.59375
362619.59375,90879.203125
286413.59375,5156.5
300480.8125,6539.2998046875
327479.0,11424.5
515637.3125,104889.8984375
308762.59375,7069.7998046875
587068.0,13607.5
291639.90625,6379.0
351848.59375,8384.599609375
593925.625,13606.900390625
559099.625,19526.80078125
521443.8125,158637.90625
495244.6875,10619.599609375
304601.3125,7815.10009765625
564227.875,9747.900390625
488094.40625,155326.5
291729.0,5826.7001953125
596625.1875,13483.0
284872.1875,5383.39990234375
271469.0,8183.7998046875
265864.3125,4771.60009765625
557714.1875,13846.900390625
592423.3125,14740.599609375
605406.875,13946.2998046875
593912.875,12128.599609375
309276.40625,10155.7998046875
338434.59375,75679.203125
291584.90625,6251.7998046875
594406.8125,14952.599609375
296105.5,15048.5
421064.8125,204294.40625
493489.3125,14728.900390625
579360.0,11338.0
311590.3125,8303.7001953125
484094.90625,161798.203125
571946.0,8057.7001953125
278632.90625,6360.5
297964.09375,8300.900390625
310889.1875,26911.0
266433.5,5564.7998046875
509853.6875,107779.203125
473611.59375,12842.099609375
346712.59375,9965.2001953125
289367.8125,5608.2998046875
281512.6875,25657.400390625
303637.90625,13081.099609375
243858.09375,4033.5
506326.3125,53198.80078125
398500.59375,170815.796875
615838.8125,16858.099609375
280167.59375,9879.099609375
368443.09375,95684.8984375
560999.625,184064.59375
286316.3125,7009.39990234375
505073.1875,117242.6015625
337629.1875,77496.1015625
598003.125,11205.2998046875
295867.09375,58904.30078125
358213.40625,112203.0
301384.59375,6955.7001953125
316796.5,6895.5
504556.59375,12602.7998046875
251075.5,50407.1015625
314439.5,35094.19921875
611163.6875,72510.1015625
298300.0,8599.400390625
307340.8125,5763.7998046875
506245.8125,75032.1015625
380375.09375,160539.90625
281519.8125,7348.60009765625
495518.8125,306247.5
531461.3125,86080.703125
427716.5,116182.796875
487951.40625,74073.703125
588566.0,12647.900390625
254713.296875,7055.7001953125
349094.6875,246928.5
300931.3125,6392.7998046875
386144.1875,115057.8984375
400597.1875,114621.5
282667.8125,6977.10009765625
380606.90625,7253.2998046875
553672.625,18323.900390625
571647.1875,51364.1015625
468385.09375,133337.59375
558231.8125,15238.900390625
294664.6875,5147.10009765625
305548.6875,7543.60009765625
436196.59375,95979.296875
329824.40625,40150.0
316179.59375,8780.7001953125
355174.40625,78515.6015625
321116.5,62351.0
527880.875,61858.69921875
241660.5,47734.30078125
292984.5,5399.10009765625
293947.8125,5908.39990234375
597127.0,16911.19921875
253021.203125,47043.1015625
469790.5,10031.400390625
293784.59375,7079.0
300590.8125,5526.60009765625
556581.125,89818.1015625
307366.3125,7034.5
284429.8125,7539.7001953125
473678.0,54085.30078125
466482.40625,130035.703125
391554.5,93405.8984375
441022.0,131620.703125
373496.3125,88466.703125
560745.375,15600.7001953125
313416.1875,8552.0
291470.6875,7020.5
308159.3125,22758.30078125
425676.59375,161701.09375
491004.3125,179588.40625
589928.625,13710.7001953125
266248.40625,4007.199951171875
280732.09375,6034.7998046875
271861.3125,52247.3984375
395734.6875,214952.59375
298354.0,9804.400390625
537720.3125,128836.296875
297333.8125,9017.0
329351.8125,59276.19921875
294586.5,7467.2998046875
465934.90625,135824.703125
445035.0,127833.8984375
310388.0,9150.7001953125
553702.3125,14278.7001953125
264453.1875,6462.0
377147.09375,108019.6015625
463994.1875,157435.09375
361422.6875,50632.19921875
271455.1875,5930.10009765625
513474.09375,125683.296875
311189.40625,8989.5
281527.09375,5209.2001953125
303376.0,8135.0
287963.5,4589.2998046875
389220.3125,148485.90625
442806.0,79885.703125
300492.3125,5250.39990234375
280085.6875,32232.599609375
592585.1875,9988.2001953125
293810.09375,8098.2998046875
342126.59375,102705.296875
298376.09375,18761.19921875
292324.90625,6722.10009765625
562991.5,35805.0
586288.375,12981.7001953125
384197.0,9960.7998046875
318973.8125,40496.8984375
422987.5,123901.203125
549868.6875,130558.6015625
291312.5,5286.89990234375
556249.8125,132735.296875
477709.59375,189586.5
281799.8125,41060.1015625
389757.59375,89197.3984375
281186.59375,8969.599609375
321867.3125,34120.5
547249.5,11731.2998046875
313899.90625,15799.7001953125
240837.5,5494.39990234375
526792.6875,172555.703125
598086.3125,14789.2001953125
572958.375,10110.7001953125
442009.1875,175498.0
311817.1875,7015.0
306607.3125,11220.2998046875
516125.59375,71125.796875
389175.1875,86798.3984375
461096.8125,128099.1015625
562378.375,56359.0
407354.59375,93250.3984375
550617.3125,11385.400390625
303286.6875,7879.2001953125
268342.1875,5138.10009765625
295796.09375,7500.7998046875
569802.625,116393.796875
268938.90625,7910.0
575825.125,80907.703125
339603.5,53918.0
332965.5,71300.1015625
299426.3125,10274.400390625
379473.0,141587.703125
387272.6875,96419.6015625
426181.5,161924.90625
255427.796875,18020.80078125
283171.59375,5251.0
291131.3125,5819.10009765625
340730.09375,131993.90625
542551.125,75668.6015625
447859.3125,109206.0
285421.8125,5805.7001953125
556060.5,183909.796875
395659.90625,123392.703125
305977.0,9637.900390625
598152.5,17485.69921875
567575.875,12639.7001953125
380157.1875,81200.0
322584.8125,7626.2998046875
296944.1875,11077.900390625
334566.6875,78658.0
311078.8125,7812.10009765625
427916.40625,11288.5
346191.90625,32249.80078125
324363.59375,78103.8984375
296330.59375,9497.099609375
549251.8125,10885.400390625
272795.6875,34574.1015625
571515.125,13604.7998046875
281966.40625,5790.5
565026.875,82803.1015625
454800.0,85642.5
552172.0,12501.2998046875
390139.5,81237.6015625
301885.3125,6367.89990234375
321222.0,24690.19921875
479425.6875,85016.1015625
319296.0,3983.89990234375
382477.8125,8343.2998046875
553956.625,110789.3984375
375534.3125,94966.1015625
597802.3125,18448.400390625
293920.59375,4967.7998046875
511435.40625,76160.0
340208.59375,67711.203125
427912.90625,97324.6015625
413960.0,10691.0
563222.0,14701.2998046875
309007.59375,9179.7998046875
442895.5,80447.203125
552526.6875,11608.599609375
316685.09375,44230.5
416451.3125,139279.59375
578073.3125,16589.099609375
301510.59375,5245.60009765625
328457.90625,21125.69921875
284708.6875,7170.5
596463.1875,11772.0
245433.796875,3532.800048828125
260398.09375,29799.80078125
267243.1875,27898.400390625
278531.1875,6644.5
278087.8125,6872.10009765625
591099.875,12865.5
512446.59375,11012.900390625
313394.59375,15900.599609375
571325.8125,17622.400390625
295584.6875,7036.10009765625
405314.1875,212698.203125
573104.625,12932.2998046875
265590.09375,8256.2998046875
298337.59375,6775.7001953125
322052.40625,24799.599609375
288797.5,9354.5
298426.40625,6484.7001953125
308812.5,9069.7998046875
286741.59375,6236.2998046875
567112.0,10204.599609375
300743.3125,8960.900390625
440828.5,126061.203125
560688.0,13831.900390625
296178.09375,10392.0
379533.09375,146718.40625
291122.3125,6227.5
414854.8125,122432.203125
432835.59375,119151.6015625
576332.8125,17147.900390625
289093.6875,6938.60009765625
287318.1875,4439.7001953125
598491.1875,12381.099609375
321662.59375,44905.30078125
295904.59375,5927.2998046875
519799.40625,197697.09375
362835.0,91161.5
349164.5,61246.30078125
306730.0,7497.60009765625
441894.8125,159924.40625
344257.5,105736.703125
407421.1875,118570.6015625
410570.8125,210694.296875
276211.09375,8787.5
292848.3125,6194.60009765625
561394.625,113334.8984375
260546.296875,6654.10009765625
343677.59375,84667.6015625
334848.8125,57433.5
330047.3125,73055.203125
325063.0,39281.80078125
304452.0,8771.900390625
390371.6875,205833.203125
289669.0,5866.2001953125
382072.8125,114721.203125
390039.90625,139646.203125
310930.1875,10805.0
288730.6875,67123.5
289778.09375,4941.2998046875
316558.1875,8344.5
537925.8125,11494.599609375
279630.40625,7187.5
419182.40625,93968.296875
526754.6875,126767.1015625
590285.6875,27456.80078125
529222.6875,129338.703125
299554.3125,6573.2001953125
569257.1875,10281.7001953125
376982.09375,128274.5
440849.90625,141501.59375
369465.1875,98312.203125
296907.6875,5341.10009765625
355579.59375,74008.796875
573725.625,12674.7001953125
290376.5,8666.0
277516.90625,6612.2001953125
247397.5,5557.7998046875
316014.5,62012.1015625
580488.1875,37732.1015625
517356.5,115488.8984375
298618.3125,6885.7998046875
259319.59375,5678.10009765625
303050.8125,6671.89990234375
307019.1875,8446.7001953125
526625.625,154853.296875
311858.40625,7877.10009765625
307750.40625,9010.7001953125
488162.0,209994.796875
284863.59375,7445.7998046875
550933.5,13060.599609375
349324.1875,54283.1015625
317858.5,10076.400390625
546498.8125,92157.296875
586874.8125,11311.599609375
300385.09375,6223.60009765625
304838.3125,6347.2001953125
294332.5,7326.89990234375
377912.3125,169118.203125
341307.90625,55832.19921875
330765.6875,53415.19921875
325752.1875,24509.099609375
268782.09375,69987.296875
577151.875,44402.1015625
393369.5,86217.0
270547.40625,5481.7001953125
364573.0,191310.796875
301055.09375,7347.7998046875
297578.3125,5941.89990234375
513717.5,9929.7001953125
567305.0,12279.900390625
369181.8125,47978.1015625
356654.8125,103526.8984375
476042.1875,77053.6015625
354033.1875,167883.09375
453710.09375,122815.796875
289493.59375,6099.2998046875
307769.09375,29903.19921875
388652.90625,95462.6015625
268461.0,8559.0
410302.90625,125230.703125
490702.0,146631.296875
305614.59375,7443.7998046875
562036.5,12444.099609375
307432.0,6798.39990234375
587877.625,11959.5
388326.09375,123836.8984375
312648.3125,23759.5
299194.09375,29283.599609375
342479.1875,72873.703125
597841.625,80315.296875
443800.90625,93065.5
459805.09375,126405.203125
276898.0,95485.0
392207.40625,113801.203125
571344.5,13434.2998046875
507861.59375,9027.2998046875
383446.5,117954.6015625
589389.5,13926.2001953125
270963.09375,8214.599609375
411860.8125,153828.90625
287164.1875,4532.10009765625
467642.6875,141915.703125
613229.6875,20480.599609375
300897.09375,7194.7998046875
594728.375,13139.5
436261.40625,105983.1015625
314564.40625,110679.203125
571987.5,42533.80078125
532170.5,110852.1015625
289778.0,8156.2001953125
450853.1875,12330.099609375
547068.125,101833.5
433661.8125,159402.90625
258199.296875,7083.5
583908.5,21454.80078125
261211.90625,5116.10009765625
286720.3125,6804.39990234375
327400.0,46461.5
267301.59375,8152.10009765625
338513.3125,132016.203125
279973.40625,3805.5
387924.8125,145891.40625
320898.90625,35283.3984375
462171.8125,14937.2998046875
580747.3125,11360.400390625
378779.3125,112048.8984375
524587.625,14053.099609375
471165.8125,128793.203125
356493.59375,102565.5
561027.6875,79042.6015625
426129.3125,105983.1015625
324145.8125,43021.3984375
321941.1875,47472.8984375
288990.0,5932.60009765625
369149.8125,107301.5
369497.09375,77756.0
597070.3125,13157.900390625
388365.8125,105324.0
332994.90625,23378.400390625
581472.8125,85630.296875
383017.5,136358.5
511512.3125,129401.3984375
339546.59375,91191.6015625
313134.90625,23285.5
536612.1875,12699.599609375
436488.3125,121203.3984375
290891.3125,6807.5
310315.40625,18382.900390625
529355.5,87704.796875
540076.375,97197.6015625
293350.3125,6086.2998046875
356617.3125,60755.3984375
289527.6875,5986.10009765625
436290.5,87314.0
313172.3125,7627.89990234375
387716.40625,131662.0
315687.09375,9194.5
297354.8125,5427.39990234375
512316.6875,129523.3984375
470000.0,312741.09375
290907.3125,7161.0
442179.1875,69679.203125
599404.8125,11649.5
336370.90625,7015.89990234375
470595.0,154472.796875
299949.90625,5591.10009765625
297976.8125,11856.400390625
595934.1875,14172.099609375
408788.0,99437.5
252412.796875,7639.39990234375
278782.09375,6332.10009765625
298857.8125,6251.7001953125
295318.1875,11023.099609375
339573.8125,74645.1015625
303447.6875,7665.39990234375
274040.09375,5470.5
284526.8125,20870.69921875
541471.6875,128489.703125
356101.3125,61722.3984375
305092.6875,9965.099609375
307647.8125,37271.69921875
349939.0,24127.400390625
575524.1875,12140.7001953125
511511.3125,8459.400390625
385166.6875,136455.703125
374578.8125,88985.5
270237.40625,10845.599609375
282296.8125,4378.7998046875
280758.8125,7260.89990234375
305130.0,7230.5
589279.5,12155.0
340932.3125,75057.8984375
377844.6875,107887.203125
289282.90625,5794.89990234375
288314.40625,5718.60009765625
472434.6875,110929.6015625
596203.0,12239.5
480924.0,161265.5
293423.8125,5871.89990234375
378345.3125,107838.703125
296211.59375,17363.0
405219.1875,225666.59375
239115.796875,5988.10009765625
586799.1875,13799.400390625
384037.0,51967.6015625
495988.3125,155044.5
273447.09375,5538.5
336996.09375,101317.296875
337681.1875,89639.203125
276161.59375,6967.60009765625
462615.1875,131861.203125
315214.8125,16541.0
536530.375,74263.3984375
358922.40625,65797.1015625
320959.8125,38352.30078125
571283.8125,11609.900390625
549620.1875,12146.599609375
576197.3125,13905.900390625
278791.8125,3991.199951171875
415543.8125,163338.90625
298203.6875,5944.2001953125
305332.8125,34903.5
360759.90625,71973.3984375
476351.0,23481.30078125
568592.875,13128.599609375
327518.6875,49747.6015625
300608.5,9105.5
322898.3125,72140.8984375
296668.09375,5908.10009765625
554608.8125,56026.19921875
284664.09375,6723.0
604880.8125,13676.599609375
349839.3125,43666.3984375
441974.1875,177456.703125
296537.3125,5705.0
564924.3125,23029.0
256132.796875,6288.39990234375
455652.6875,7072.2001953125
283877.8125,5568.0
361031.40625,91716.8984375
272899.8125,3928.300048828125
332846.8125,55178.3984375
285528.6875,6002.10009765625
250817.0,4783.5
401331.3125,146760.40625
317844.8125,113699.203125
298606.90625,7745.0
283592.59375,7165.0
355764.1875,109233.1015625
381310.8125,139079.40625
403910.6875,129140.8984375
294838.8125,7267.5
302096.09375,10769.5
296222.8125,6591.2001953125
423985.1875,88533.203125
478075.3125,52008.8984375
524684.1875,157898.59375
611006.0,14464.400390625
569508.6875,240870.703125
599085.125,12189.400390625
438796.8125,6414.60009765625
301948.09375,6827.60009765625
294692.90625,5821.60009765625
481853.8125,11939.7998046875
315920.1875,21058.599609375
249374.09375,6331.7001953125
284141.09375,24235.099609375
525307.625,116417.203125
284069.8125,6108.89990234375
499730.1875,96884.203125
267691.8125,4792.0
487672.40625,151065.90625
267503.0,5085.2998046875
592865.375,11166.099609375
301181.8125,6075.89990234375
488016.0,127580.0
293405.40625,6359.0
606749.625,13113.5
299812.1875,7732.60009765625
428186.8125,154906.40625
306557.1875,8365.400390625
410352.40625,168059.59375
565936.8125,12086.7001953125
566964.0,16561.900390625
542928.625,12270.7998046875
320736.59375,11100.599609375
323518.0,52838.5
271340.09375,4822.2998046875
418156.90625,171731.796875
539478.1875,106823.203125
262191.3125,83586.0
586515.625,11581.0
312199.1875,92972.0
563643.1875,115995.203125
380542.09375,122868.3984375
333349.90625,79904.8984375
506163.90625,8529.7001953125
310951.5,11784.7001953125
334024.5,8584.2998046875
584591.0,11584.2998046875
550907.3125,12651.599609375
489359.3125,10936.7998046875
551927.5,13357.900390625
560776.0,12645.900390625
290644.40625,6512.10009765625
289333.8125,5223.7001953125
608900.875,10914.5
281520.90625,4919.2998046875
345210.59375,51637.0
561865.875,11392.599609375
296488.3125,6583.2001953125
295542.0,7884.89990234375
312599.09375,8263.7998046875
574224.125,12108.599609375
314980.5,5382.0
258317.90625,4739.0
293169.0,6659.2001953125
297172.40625,8300.2998046875
479606.40625,62487.6015625
466610.3125,318886.1875
271106.90625,6822.0
546100.875,124544.296875
295547.09375,43370.5
529938.8125,104807.203125
356307.5,121791.8984375
356399.09375,48542.80078125
409162.90625,106949.0
319855.6875,40014.30078125
248814.09375,27053.30078125
483879.5,9964.2001953125
349302.90625,195385.296875
280709.6875,5403.7001953125
307456.8125,77927.0
538500.0,45367.80078125
266369.40625,7885.2001953125
305489.5,7580.7001953125
447949.0,95087.796875
542870.1875,8762.2001953125
396495.0,89375.796875
582105.8125,12862.2998046875
361365.0,100711.8984375
437851.40625,135221.90625
314508.1875,8883.400390625
335100.59375,85190.703125
290867.1875,5615.89990234375
308345.6875,52203.0
413294.09375,145624.296875
485408.40625,140023.59375
329684.09375,81634.296875
287283.8125,5462.7001953125
269149.40625,4981.10009765625
450989.8125,154669.703125
295022.90625,6386.5
321538.90625,26709.599609375
266253.09375,7670.2998046875
566698.5,110764.8984375
307770.09375,74069.6015625
306043.0,14648.5
346797.90625,62111.0
581258.125,68196.796875
304535.0,7519.7001953125
571108.1875,11482.7001953125
330138.40625,65439.8984375
273893.6875,9094.900390625
318010.0,14416.7998046875
327231.0,17085.69921875
368155.0,67923.796875
434956.1875,135464.703125
265003.5,52200.30078125
310366.0,9387.2998046875
298655.3125,11429.599609375
424554.3125,134702.296875
262598.09375,5551.7001953125
289190.1875,5621.0
309299.09375,35331.19921875
489400.6875,10124.5
270379.59375,5926.2001953125
257534.59375,3656.300048828125
281205.09375,7662.60009765625
291492.40625,34066.8984375
414072.1875,123670.8984375
549146.375,10280.599609375
264839.3125,6620.7001953125
421815.40625,120416.5
554328.625,148816.5
356084.90625,8856.099609375
395978.09375,78453.296875
307232.5,6427.39990234375
269436.8125,5294.2001953125
293145.5,6231.0
253766.90625,5546.5
291726.1875,7740.2998046875
296413.90625,7559.10009765625
471760.40625,139788.0
388043.09375,130309.5
299337.40625,10635.599609375
325646.59375,28932.30078125
532773.0,108939.3984375
282151.3125,7429.2001953125
309851.5,50390.8984375
254214.09375,6360.2998046875
518375.09375,134036.09375
303773.40625,7019.0
295089.1875,6546.2998046875
352153.09375,56471.30078125
286421.40625,103701.3984375
430513.5,74014.796875
290173.09375,6395.10009765625
455954.1875,113092.0
586317.6875,13429.7001953125
572681.625,87084.8984375
600144.375,41761.3984375
336045.90625,90604.703125
265735.0,6209.2001953125
420974.0,210281.296875
438238.8125,146988.59375
284817.8125,4439.2998046875
432832.0,44075.3984375
363007.90625,102670.8984375
433040.3125,143814.296875
353046.1875,11440.400390625
591982.625,11392.7001953125
422762.1875,285597.0
438175.40625,9241.099609375
468522.3125,127242.203125
344169.09375,12503.0
291600.90625,5976.60009765625
291432.0,6383.39990234375
277217.8125,5780.7001953125
316594.5,111370.3984375
578356.125,7387.60009765625
574643.625,82177.296875
504540.40625,133220.09375
354694.40625,44469.5
295532.90625,7058.7998046875
290365.59375,9072.0
292948.09375,6652.7998046875
561413.0,11106.400390625
597570.3125,20638.19921875
286263.0,4436.39990234375
472056.59375,194860.296875
294434.0,9766.7001953125
297391.90625,59259.80078125
373827.6875,131531.703125
579418.375,12103.900390625
322045.8125,16392.5
562706.6875,14528.400390625
567444.5,12930.2998046875
296733.09375,6462.0
575757.6875,17073.0
341627.6875,69548.703125
264121.59375,5279.39990234375
299611.40625,6969.39990234375
489406.5,67314.703125
371714.5,143863.296875
314092.5,9737.2998046875
412670.3125,149064.59375
345080.5,6016.39990234375
429700.90625,143468.90625
294019.09375,17899.19921875
356744.1875,62474.0
491600.8125,12252.400390625
337848.59375,91993.203125
304233.6875,16357.400390625
565111.625,12531.7998046875
304142.59375,11785.599609375
470215.40625,12872.400390625
263191.1875,54874.8984375
262004.0,4558.2001953125
292750.0,7683.60009765625
389519.6875,137702.5
263853.09375,6342.89990234375
608981.875,13611.599609375
574179.3125,14438.2001953125
369233.40625,37851.0
589819.875,36490.80078125
398299.90625,105781.6015625
624561.625,51923.30078125
551478.5,73169.8984375
292097.0,5816.89990234375
403820.59375,119247.796875
295655.5,6055.0
581206.375,16228.099609375
461047.3125,10034.7001953125
437791.90625,224663.5
371462.90625,102470.296875
265277.09375,8206.0
297870.09375,6546.2998046875
521731.5,80333.8984375
286105.0,12083.400390625
564233.125,12894.099609375
302187.09375,7787.2998046875
302785.5,6953.7001953125
273087.40625,34251.30078125
494412.90625,11236.400390625
299929.3125,4845.5
417482.59375,181066.90625
293918.40625,7847.39990234375
260101.0,6574.2001953125
581502.5,7694.7998046875
275264.1875,5632.2001953125
290071.5,6541.7998046875
302514.3125,51384.19921875
307936.59375,7379.7998046875
297349.0,53400.3984375
321265.3125,27786.19921875
271648.59375,5037.7998046875
286744.5,7925.0
307646.40625,49342.0
300207.40625,7514.10009765625
404923.8125,151536.203125
371260.90625,92388.0
385027.09375,159877.5
307988.59375,7097.2998046875
307817.3125,17309.19921875
418260.5,92371.8984375
283913.0,6574.0
286412.40625,8102.5
567765.1875,13240.7998046875
321116.09375,10232.2998046875
489668.90625,17676.30078125
283323.40625,4771.89990234375
383725.3125,133782.5
328162.09375,9642.099609375
273999.6875,7387.0
303417.1875,7056.2001953125
385267.09375,17314.400390625
251383.40625,5061.89990234375
411749.90625,91254.703125
564661.0,83730.703125
404657.5,122310.296875
330977.0,31311.30078125
264824.5,6120.7998046875
571449.8125,15021.599609375
262205.3125,53550.30078125
327067.40625,43493.8984375
306456.8125,28801.30078125
547229.6875,42784.8984375
396104.8125,101833.3984375
595115.125,14625.7001953125
323863.1875,74497.5
547607.625,75471.703125
331218.40625,42543.6015625
311533.90625,8066.5
393473.59375,12917.7998046875
294772.0,4458.39990234375
347580.5,36595.3984375
329890.59375,38335.80078125
330796.40625,35756.0
317673.6875,8676.7998046875
348172.09375,113082.296875
307814.0,7797.2001953125
573791.6875,14776.2001953125
315798.90625,15918.7001953125
320232.6875,90029.3984375
566631.3125,58239.8984375
566839.625,76307.1015625
304349.0,10556.0
308863.09375,6754.39990234375
407993.09375,130970.3984375
467450.0,108256.3984375
524249.3125,12860.2998046875
293309.1875,10216.2001953125
509702.5,99890.1015625
449679.5,154384.203125
535879.625,117346.296875
498074.3125,131937.796875
305929.09375,7966.5
371390.0,87420.703125
283572.40625,7644.2998046875
461299.1875,10249.7001953125
295526.59375,7951.89990234375
310867.0,41602.69921875
522458.09375,11951.7001953125
593105.875,11757.0
559945.1875,14046.2001953125
364967.59375,45743.69921875
336191.1875,85879.796875
570828.0,10891.599609375
456815.0,79266.203125
290453.1875,6286.7001953125
345459.6875,46487.80078125
583980.0,22756.19921875
294151.3125,7445.2998046875
303674.1875,8062.7998046875
306138.5,6607.2001953125
294224.59375,6530.7001953125
256665.703125,6525.89990234375
458508.8125,35553.3984375
375385.90625,137851.40625
274202.0,86692.5
526542.625,113649.796875
592729.375,18016.900390625
300021.59375,8245.400390625
589507.125,13471.5
312101.90625,48435.19921875
508837.6875,10552.400390625
246054.796875,5847.2998046875
292306.8125,7295.39990234375
557837.375,87726.8984375
310722.59375,13200.099609375
569403.0,14099.5
596777.5,14276.0
296835.09375,45154.80078125
341105.09375,11071.900390625
307018.59375,9859.900390625
352885.5,6440.39990234375
332884.40625,57993.3984375
287988.90625,6550.89990234375
441738.6875,103547.203125
303484.0,7307.10009765625
420933.5,121217.703125
296894.59375,7363.2998046875
272381.09375,5066.5
590492.375,14075.7998046875
584444.125,14022.5
355662.0,110818.703125
298679.09375,7699.7001953125
615021.8125,12698.2998046875
323306.1875,66388.0
572278.125,109414.703125
295931.0,6474.60009765625
302573.5,7831.5
578957.0,11953.7001953125
543326.6875,13031.2001953125
490167.09375,216489.90625
302424.09375,7262.5
327690.6875,24551.69921875
304103.90625,192752.703125
570255.1875,11467.900390625
405609.8125,179326.90625
301512.09375,6595.10009765625
321615.5,32197.0
267516.59375,5528.39990234375
280618.0,6904.89990234375
482504.09375,45387.8984375
307265.09375,41231.0
406171.09375,199832.203125
342238.1875,54915.3984375
294381.3125,15693.2998046875
295515.3125,8611.900390625
307178.40625,6440.89990234375
267871.0,8678.0
555264.5,30242.0
413388.5,136456.40625
303265.3125,6195.7998046875
386969.09375,8023.0
587044.875,15143.900390625
309761.1875,76601.203125
267242.8125,4936.2998046875
550583.625,51825.5
343202.5,117076.203125
572665.375,17895.30078125
576831.125,12294.0
564503.1875,10477.7001953125
562443.125,9384.900390625
384974.1875,183269.59375
556727.375,8892.5
369733.3125,9456.2998046875
291059.1875,55960.0
286026.1875,5405.2001953125
593395.3125,22369.599609375
339017.59375,140258.203125
328553.6875,39296.30078125
528172.6875,108883.796875
285694.5,7279.2001953125
297999.3125,14150.900390625
520546.09375,77486.6015625
594055.3125,24126.80078125
347133.6875,66255.796875
543680.3125,10353.099609375
292293.1875,7659.60009765625
541153.375,45351.30078125
554412.875,34140.19921875
500091.5,128314.6015625
583926.0,12734.7001953125
292662.90625,4593.10009765625
306596.3125,6539.2998046875
306359.40625,5436.2998046875
296292.8125,32744.19921875
600433.625,12452.400390625
311952.09375,5436.5
287206.59375,6640.2001953125
471460.40625,132396.703125
310722.1875,62757.3984375
291546.3125,5963.7998046875
279201.8125,7733.89990234375
278233.59375,8893.099609375
311273.0,7578.5
374364.09375,90812.296875
271499.6875,6147.7001953125
270975.59375,5271.2001953125
439239.90625,78935.703125
420328.40625,105047.8984375
336878.0,65124.5
316959.59375,21267.80078125
303766.59375,171755.40625
252358.0,6606.39990234375
252089.90625,6722.39990234375
583189.8125,12704.2998046875
524300.125,21142.0
262086.90625,34264.8984375
522244.0,140912.09375
491580.59375,138060.796875
574452.3125,14363.7998046875
261405.09375,73133.5
286758.5,6257.2001953125
318490.6875,9883.2001953125
329443.59375,35796.8984375
275581.5,9794.2001953125
267221.09375,6400.7001953125
467653.6875,209046.59375
267366.40625,115711.5
314087.6875,21564.0
318431.3125,11066.599609375
294963.59375,6313.2001953125
558227.5,76449.1015625
273735.5,9376.5
304846.0,8079.2001953125
415115.6875,130639.703125
458561.40625,110808.203125
265528.0,8842.599609375
401039.6875,61254.80078125
538070.0,110949.8984375
463416.5,180491.703125
542845.125,80213.203125
577565.375,12076.2001953125
310238.3125,8105.89990234375
466955.90625,92801.3984375
564795.5,12890.5
296689.09375,5802.7998046875
547589.625,89430.3984375
526875.5,88540.3984375
469969.8125,140094.796875
325215.09375,10372.0
432418.09375,9071.400390625
335919.6875,108125.703125
344752.59375,82014.703125
261717.90625,12559.2001953125
331685.1875,94901.8984375
292620.3125,68451.296875
308803.3125,8171.39990234375
560723.875,11647.900390625
292549.09375,15357.099609375
331330.0,95827.5
330168.09375,57608.30078125
384802.59375,9765.400390625
528051.625,15118.400390625
400808.5,156263.90625
295338.40625,8957.400390625
596139.125,10905.5
539088.875,93172.8984375
304141.6875,9030.7001953125
472777.5,150741.09375
384238.5,119012.203125
354466.40625,133084.296875
256102.59375,7466.0
312689.09375,35256.3984375
349777.6875,68078.6015625
278491.90625,86171.0
274393.8125,5752.7998046875
290725.6875,8079.0
298323.8125,10142.599609375
524167.1875,60802.30078125
417914.0,107583.1015625
493140.59375,102164.8984375
429109.1875,142623.203125
293765.90625,5251.2001953125
243289.796875,4798.39990234375
302305.90625,5503.39990234375
565096.625,13014.599609375
581427.0,12381.0
548491.0,11290.5
597176.125,13718.900390625
599134.625,13405.400390625
316827.0,53114.8984375
317381.40625,66086.3984375
296693.59375,6645.89990234375
594025.625,12554.5
299331.1875,7171.7001953125
576046.125,45841.19921875
337840.40625,67877.703125
593607.3125,13258.2998046875
378861.8125,150838.90625
370418.40625,101107.8984375
310350.09375,8103.10009765625
251397.0,8236.0
427827.0,144351.0
252764.09375,6985.7998046875
295812.5,5371.89990234375
583048.875,14319.400390625
418527.8125,12841.7998046875
611703.375,15295.900390625
310947.6875,7348.2001953125
418188.5,243501.09375
405948.5,8528.7001953125
301631.09375,39585.80078125
585209.8125,29063.80078125
269449.59375,7267.0
279993.0,19115.69921875
298744.59375,6759.0
484397.5,125984.203125
556491.6875,86885.6015625
440238.90625,9958.0
298621.1875,5355.5
439211.3125,137618.59375
292321.09375,6441.7001953125
325477.6875,76340.296875
294675.09375,8696.900390625
250327.703125,6131.2001953125
297017.09375,7170.2001953125
280597.1875,39533.8984375
389132.3125,174256.796875
587599.875,12993.900390625
345485.09375,48658.6015625
593951.0,13197.0
302843.59375,7467.39990234375
304834.09375,10176.400390625
257570.59375,30522.0
303542.1875,7211.7001953125
419158.59375,117363.203125
321402.90625,62466.69921875
303572.1875,5914.39990234375
346095.8125,202111.796875
322049.8125,73744.3984375
266790.40625,5390.39990234375
526230.0,88381.5
559096.625,12050.900390625
289095.90625,7788.89990234375
541930.125,13463.5
501466.40625,130720.3984375
304375.1875,6661.2001953125
276971.5,4862.7001953125
307125.09375,35543.80078125
303423.5,6651.2001953125
298211.90625,10630.7998046875
560388.625,8394.0
604627.6875,16361.7001953125
289989.09375,5272.39990234375
495619.5,10780.7001953125
303765.6875,24135.599609375
531923.375,11675.5
298288.3125,5908.7998046875
404553.1875,11761.7001953125
327872.8125,8831.599609375
326174.09375,7981.7001953125
554040.0,30967.099609375
262270.1875,7578.2001953125
295032.40625,7717.7001953125
292390.1875,5460.7998046875
282737.5,5473.39990234375
338888.5,13268.2001953125
411630.09375,173166.90625
365076.59375,8534.5
292326.40625,10745.7001953125
346559.8125,39298.80078125
544785.3125,92047.8984375
471922.90625,179492.40625
299439.5,7226.0
291344.0,6118.0
582138.125,13421.7998046875
308549.8125,7475.10009765625
322967.59375,17454.099609375
548389.6875,78938.203125
298341.1875,10515.900390625
316745.5,36962.69921875
319440.1875,7478.5
295976.0,7960.5
423704.40625,137939.203125
602713.8125,14973.7001953125
310481.1875,12635.7998046875
555904.625,162069.0
546456.375,9844.5
320416.5,6003.39990234375
248515.0,5763.10009765625
515542.09375,10871.7998046875
302046.5,6801.5
364619.90625,26726.69921875
306137.09375,9161.7998046875
416056.6875,90827.296875
324532.1875,6871.39990234375
579265.5,27791.099609375
294695.1875,16328.400390625
440706.6875,55316.3984375
605285.6875,13332.7998046875
570236.0,11479.5
333149.5,7849.2001953125
304619.90625,8025.0
287992.40625,7748.5
291438.3125,8425.5
292136.09375,6311.39990234375
390951.6875,115523.6015625
492540.6875,9674.7001953125
307251.3125,6940.2001953125
249246.5,4862.5
489795.8125,7464.0
321822.90625,36409.80078125
287899.09375,6192.60009765625
574140.6875,11652.7001953125
407683.6875,92645.0
507245.0,117966.5
291746.8125,6783.2001953125
290472.3125,4407.0
270823.8125,15865.599609375
296140.09375,8453.099609375
526251.6875,150383.703125
584139.625,64395.80078125
285706.0,8723.7001953125
312239.0,9245.5
274222.3125,8044.2001953125
458176.1875,124645.296875
516649.0,75595.703125
404277.40625,115718.5
263356.3125,7370.60009765625
586728.5,11949.900390625
369969.5,154424.0
381763.40625,17655.69921875
317204.09375,54807.80078125
296381.6875,6087.2998046875
288501.1875,6909.39990234375
292453.0,10357.599609375
574264.6875,10164.400390625
583876.8125,12893.2001953125
252837.90625,4420.7998046875
249036.59375,6266.60009765625
447667.6875,103115.203125
374338.8125,115798.0
295808.09375,5828.10009765625
267795.09375,35835.30078125
401370.0,86394.703125
572984.375,10403.2001953125
564727.1875,13116.0
275653.5,8334.7001953125
432517.40625,91176.0
304471.0,6033.39990234375
319273.5,105794.1015625
567255.0,11619.0
329470.59375,85538.296875
258958.703125,4348.2998046875
601190.8125,11741.7998046875
612983.625,15650.2001953125
327132.1875,196087.90625
280920.59375,6898.2998046875
278625.5,6026.5
358648.5,52578.69921875
454497.59375,148898.40625
385507.1875,97896.6015625
293486.40625,6694.7998046875
447282.3125,144844.703125
296994.8125,6467.0
241951.796875,6326.10009765625
259562.796875,5784.7001953125
555525.3125,94448.0
280494.3125,8754.099609375
241499.90625,9871.7998046875
292416.59375,6388.10009765625
300669.1875,6587.2001953125
371747.1875,8309.900390625
288711.5,5754.2001953125
608252.6875,13629.5
304922.5,9041.5
386820.90625,97691.203125
445449.6875,12420.5
327510.3125,45841.19921875
562193.1875,12042.2998046875
299903.5,12046.2001953125
292551.09375,7018.5
340355.40625,14381.0
467230.5,140147.40625
302543.8125,6140.60009765625
309664.5,9340.099609375
418846.40625,51580.0
457224.59375,167784.296875
359065.5,60507.8984375
248128.0,6638.5
402240.40625,10949.2001953125
537556.625,74176.296875
385616.8125,124856.203125
295620.8125,7203.60009765625
393007.40625,114602.296875
621201.1875,15044.7001953125
266592.6875,6487.89990234375
351732.6875,68608.0
285696.6875,6032.0
526843.8125,17095.19921875
285655.3125,4761.5
464194.3125,142299.59375
485711.09375,52336.6015625
554356.125,10787.7998046875
366157.1875,123887.8984375
262038.5,8048.2001953125
588726.5,10986.0
487576.40625,167085.203125
298582.1875,6151.0
297306.1875,7104.7998046875
272065.0,7470.7001953125
447524.90625,113894.0
245251.5,7430.39990234375
483658.3125,124553.6015625
442590.0,117631.6015625
263859.90625,116831.0
403073.09375,139805.796875
403873.5,260350.90625
312611.0,66934.5
352283.40625,82224.703125
412522.59375,143156.296875
289187.1875,5319.2998046875
334643.1875,84634.3984375
277647.09375,4390.2001953125
335100.1875,116196.8984375
613798.1875,20102.80078125
296458.59375,79119.796875
364757.5,45062.19921875
528140.8125,110576.703125
594995.8125,14999.5
431819.8125,98132.6015625
325647.1875,10595.7001953125
263697.5,6583.2001953125
298770.6875,6251.5
271945.90625,29279.19921875
549380.3125,10389.7001953125
299932.5,6742.7001953125
294959.59375,5217.5
336861.90625,91351.5
419697.5,14181.400390625
568033.8125,14790.099609375
481626.5,181462.09375
299558.3125,7229.5
530818.8125,372596.09375
320617.90625,7393.2998046875
547158.125,13869.099609375
584978.6875,19055.69921875
313830.59375,8476.2998046875
473578.6875,126115.8984375
551187.0,12998.2001953125
289983.0,51752.5
244401.796875,5906.2001953125
517181.5,125798.203125
618664.5,13811.900390625
315136.8125,5900.7001953125
285653.8125,6618.7001953125
505734.3125,105325.0
358152.1875,63477.69921875
548279.8125,18274.69921875
594384.3125,12100.5
353270.09375,59036.0
324050.59375,12441.2998046875
374266.09375,139446.59375
410089.40625,135228.203125
494658.1875,179427.296875
584984.5,13262.2001953125
591664.375,15685.2998046875
554119.6875,13057.400390625
305624.59375,6533.2001953125
476174.09375,9905.599609375
472829.8125,126802.296875
361251.40625,75729.8984375
369835.40625,68479.1015625
340760.09375,93463.0
550177.375,114118.703125
585484.375,78547.796875
538589.875,8822.099609375
295167.59375,6742.0
423002.40625,17971.80078125
524137.5,12013.5
314776.09375,51054.19921875
255224.59375,7493.7998046875
294003.59375,6428.5
560087.375,74008.703125
309858.6875,7502.7998046875
381089.0,75942.703125
519487.0,111244.296875
571783.875,18771.80078125
288547.59375,7328.39990234375
295994.90625,97806.796875
251548.703125,4425.39990234375
273727.09375,5466.2001953125
284950.90625,5934.10009765625
308839.09375,20616.599609375
468629.09375,142748.0
558873.125,12002.2998046875
492672.90625,9209.7001953125
500417.0,11068.7001953125
309474.59375,11009.900390625
403891.6875,95690.203125
559740.375,219379.296875
577418.1875,12142.900390625
556792.625,19716.19921875
310440.90625,43425.6015625
293236.59375,11871.099609375
556076.5,12501.7998046875
290284.8125,5879.2001953125
501855.09375,155897.703125
297198.0,6939.10009765625
413358.90625,120353.1015625
418416.59375,12936.5
509548.59375,125720.203125
338582.0,39477.5
531741.625,140553.796875
431018.6875,146629.59375
440202.6875,108167.0
550318.5,11246.099609375
551739.1875,17222.80078125
313967.59375,7887.2998046875
592537.8125,15150.900390625
532062.6875,11818.0
607805.125,20133.099609375
376435.40625,145153.203125
400071.1875,120352.796875
345428.59375,9862.0
291811.59375,7175.10009765625
349705.90625,92728.203125
264324.6875,6471.7998046875
284143.5,6978.7001953125
365770.0,64712.80078125
280885.40625,5882.7998046875
407289.1875,140995.203125
599198.375,12724.2998046875
478542.09375,148131.203125
347075.8125,79118.203125
379427.5,124813.0
377314.0,87495.1015625
472775.40625,163052.90625
336745.40625,80554.6015625
279906.90625,59679.1015625
538434.625,10863.5
435991.0,5936.0
378083.59375,92728.703125
397555.09375,86320.0
271543.59375,6449.7998046875
563464.6875,262314.8125
283637.0,6340.2001953125
307483.40625,9500.7998046875
283620.59375,4850.39990234375
362270.1875,84216.203125
309281.90625,14121.2998046875
495942.1875,210006.40625
316595.09375,27235.69921875
404751.90625,110492.1015625
256307.09375,7773.60009765625
327982.8125,42762.19921875
305589.8125,6368.0
262861.90625,9142.7001953125
279698.40625,4695.7998046875
318411.90625,9297.099609375
557287.125,46292.5
326790.40625,88224.796875
303974.0,5349.0
278566.59375,6250.2001953125
257864.59375,9489.7998046875
272492.09375,4781.5
529145.6875,119489.796875
587445.0,14600.7001953125
429877.6875,156092.203125
492248.90625,71252.296875
298933.6875,6000.89990234375
549044.875,59656.1015625
579894.0,146961.296875
302910.8125,7581.2001953125
527260.5,102842.5
544001.625,77685.203125
290430.5,5500.60009765625
534476.8125,10205.2998046875
321810.59375,69615.5
331195.5,59810.5
461045.90625,167491.203125
601540.375,13666.2998046875
566160.375,13017.599609375
457909.09375,132904.5
318788.90625,14109.2998046875
367696.5,77874.5
566817.625,85653.703125
578477.5,13163.0
367533.09375,4824.2998046875
343843.1875,7996.60009765625
285261.6875,6973.5
306420.0,10053.900390625
323086.6875,9358.0
559575.0,12643.099609375
456173.3125,149816.09375
294335.6875,5974.7998046875
332944.09375,111131.796875
362181.09375,115298.1015625
298743.5,7774.7001953125
335083.0,51644.80078125
322846.1875,33617.3984375
304543.40625,62364.1015625
291027.0,7986.7998046875
429429.0,14447.5
395055.09375,76093.703125
278411.5,6242.60009765625
435104.3125,143895.796875
242016.90625,45326.3984375
493636.90625,128105.1015625
306674.09375,7304.5
345886.5,70772.5
320060.90625,45498.69921875
539103.875,21419.099609375
497384.59375,132494.5
479398.59375,95669.703125
289966.0,5893.0
309346.59375,18134.80078125
453009.09375,99237.296875
256251.09375,5936.60009765625
240650.5,4883.2998046875
572361.375,14167.7998046875
460846.6875,335239.6875
479339.40625,9354.7998046875
351232.1875,158505.40625
589634.125,14435.2001953125
388831.90625,79753.6015625
527138.625,10016.7001953125
289495.0,8822.099609375
285730.90625,17119.599609375
397479.8125,175061.5
316762.0,55155.5
528724.375,24993.69921875
368928.40625,138138.09375
428790.09375,82184.203125
514440.6875,151343.0
270620.5,6322.39990234375
445765.09375,182569.5
278893.09375,6546.2998046875
267942.09375,6783.60009765625
371147.6875,121792.796875
370777.5,6040.2001953125
603553.0,16269.2998046875
328201.40625,34312.30078125
547833.6875,110754.703125
499350.6875,33444.8984375
250042.59375,45927.69921875
265728.90625,11922.099609375
274601.09375,8061.60009765625
333656.0,14397.2998046875
300710.8125,7964.7001953125
585604.625,13634.2001953125
577489.0,16200.599609375
257812.296875,5371.7998046875
595547.875,14879.400390625
468028.5,12330.0
306551.90625,13067.7001953125
278818.59375,8257.5
295491.09375,6807.60009765625
290679.40625,4762.2001953125
408898.6875,136711.296875
607125.5,14039.2001953125
358223.40625,39252.80078125
545963.1875,9329.7001953125
518064.1875,403224.40625
555222.875,15215.599609375
320033.0,72525.296875
280173.0,6227.5
264576.09375,4802.7001953125
456895.0,151757.59375
295642.3125,134548.5
537597.625,67128.0
269677.09375,12545.2998046875
298466.0,8336.2001953125
586516.875,42726.80078125
560354.625,14429.2001953125
409167.90625,147992.09375
327556.09375,87517.1015625
515431.0,12269.7998046875
306693.3125,11968.2001953125
244078.5,5640.0
269043.09375,5168.7001953125
606397.0,17514.599609375
576531.875,94356.3984375
574300.3125,14876.5
289233.5,7525.5
571271.875,14265.2001953125
288717.09375,8462.5
289916.09375,8844.2998046875
303439.09375,8010.60009765625
378586.90625,80169.703125
572623.1875,13316.7998046875
276066.0,6943.2998046875
545203.875,139594.296875
414340.6875,13910.900390625
527755.875,174466.09375
337480.5,10991.7998046875
304236.3125,27092.19921875
482869.09375,119587.703125
488455.3125,103345.296875
279382.40625,8832.900390625
265791.59375,6848.5
569378.8125,16258.0
289023.90625,6382.7001953125
584875.375,14859.599609375
577394.875,11288.7998046875
410917.5,11791.0
291159.0,5961.0
373324.09375,65644.796875
377554.6875,103423.1015625
541968.1875,81633.5
283918.09375,8277.099609375
304466.40625,10551.2001953125
383573.1875,96040.296875
580524.5,13054.2001953125
396405.59375,158347.90625
314810.40625,35377.80078125
490090.6875,7935.89990234375
507445.59375,15083.7001953125
595695.375,18263.599609375
367904.8125,138167.203125
287785.59375,6714.5
554550.625,24578.30078125
357746.09375,110380.1015625
308096.90625,62501.19921875
287128.6875,6333.2998046875
332941.0,46337.69921875
553124.1875,108435.203125
292211.40625,6729.2998046875
551209.125,304005.6875
467269.90625,100267.1015625
308518.09375,7442.10009765625
303778.8125,9134.2001953125
513112.5,76831.0
305893.09375,8619.2001953125
425628.0,101441.1015625
493599.3125,209155.296875
261099.90625,7073.39990234375
280360.40625,5653.60009765625
331358.59375,30013.0
381933.8125,81829.0
492302.5,15906.5
576592.875,60303.19921875
320347.90625,68987.6015625
562281.375,13361.2998046875
298694.5,4528.0
375952.09375,57651.69921875
304128.0,7700.5
274562.1875,51325.80078125
283428.0,5636.0
389170.90625,168169.0
530836.3125,7576.2998046875
293633.6875,9051.5
554343.125,16996.099609375
546034.6875,114115.5
491429.8125,102316.203125
253101.703125,48299.30078125
296530.90625,4919.5
580164.625,45098.80078125
435206.6875,175186.0
276480.09375,5804.10009765625
278061.09375,6998.10009765625
543451.125,147291.90625
277074.1875,18553.30078125
279267.5,4526.0
304662.40625,121706.203125
645760.1875,38102.1015625
540702.5,92004.703125
412903.40625,117812.5
568965.6875,9687.2001953125
304169.59375,6908.2001953125
429736.90625,88169.8984375
312025.5,8250.7998046875
501251.1875,105891.796875
586794.625,45062.30078125
255790.40625,5947.7998046875
597275.0,13011.7001953125
398062.59375,130095.203125
543046.625,169366.59375
303933.90625,8372.400390625
555171.8125,13340.7001953125
484648.1875,207526.0
257318.90625,7316.5
265368.09375,5192.7998046875
323767.3125,33680.80078125
361338.1875,9559.5
286123.0,25979.099609375
301952.09375,6928.60009765625
499789.6875,175222.0
473444.09375,174323.40625
560177.875,21089.69921875
581016.1875,12421.2998046875
587131.875,11781.7001953125
282631.6875,7958.7998046875
247127.203125,8481.5
326767.6875,74234.5
290555.5,8528.099609375
507922.09375,124708.1015625
313331.6875,6412.0
244949.40625,4939.7001953125
571442.6875,14219.2998046875
391456.09375,17681.5
499797.5,94395.5
348077.40625,95400.203125
484417.6875,173074.09375
546928.3125,11889.2998046875
583226.6875,12810.7001953125
288344.09375,6160.7001953125
313601.90625,41899.8984375
413930.0,153547.796875
334827.5,83829.796875
295321.0,21376.19921875
293740.59375,5865.2998046875
550325.6875,20407.19921875
296009.59375,6953.7001953125
564734.8125,9567.2001953125
291074.1875,6853.0
376617.5,107005.5
444152.59375,83377.296875
452715.3125,107562.296875
292296.6875,5765.0
313376.5,141314.59375
288075.09375,6943.10009765625
291089.59375,5740.10009765625
302292.1875,6592.0
473248.59375,9660.900390625
288258.90625,5721.7001953125
264607.5,68399.1015625
309248.6875,8170.7998046875
534718.125,62280.0
291460.0,37441.0
466442.40625,112103.703125
373116.8125,101791.203125
431620.1875,118134.796875
299368.5,6677.5
344384.90625,61739.0
581746.125,8061.7998046875
409900.5,162024.09375
341791.6875,84106.0
471665.6875,148136.296875
569271.125,97265.0
374426.1875,91257.6015625
436352.0,13075.7001953125
314990.6875,27685.69921875
299886.1875,6044.89990234375
287351.59375,172741.703125
468661.40625,78513.8984375
428476.0,137986.296875
605767.5,14854.900390625
305852.0,9557.7998046875
438168.1875,112744.296875
552040.0,50208.69921875
488460.40625,12399.2998046875
310654.40625,91571.796875
289728.6875,10962.7001953125
265818.0,5708.2001953125
305779.59375,7133.7001953125
279162.8125,5155.7998046875
510043.40625,145308.90625
491476.0,200932.0
509101.6875,169405.796875
532748.125,218233.09375
296636.90625,6904.0
429518.09375,138123.296875
300277.3125,6443.2998046875
294388.5,5672.10009765625
530705.6875,12183.0
394632.40625,11501.7001953125
346034.5,78961.1015625
398767.1875,130218.296875
499358.6875,190306.5
572773.125,16020.599609375
340939.5,101445.0
575245.375,16430.0
330912.59375,79329.296875
276054.8125,15034.7998046875
442682.6875,132211.5
365762.0,109045.6015625
521313.09375,12756.099609375
259988.59375,6760.60009765625
507555.1875,144552.0
308431.5,6886.10009765625
323885.09375,44783.0
540264.0,24953.5
560199.375,12863.2001953125
304851.1875,7205.60009765625
477653.5,114432.203125
531844.875,12877.0
595495.6875,13076.900390625
530633.0,122703.8984375
425868.0,160436.203125
305064.90625,5711.2998046875
437847.59375,112113.296875
276370.6875,6554.2001953125
295187.0,5168.2001953125
265122.09375,15300.2001953125
245256.40625,10557.400390625
312066.5,10426.0
570605.3125,13436.7001953125
342498.1875,11828.5
588309.625,13471.599609375
258273.0,6734.5
583649.625,12635.2998046875
483073.8125,169808.796875
592973.6875,11839.5
532460.0,17040.099609375
262689.59375,7580.10009765625
334334.59375,5750.60009765625
542620.375,60406.19921875
292972.0,7717.10009765625
267017.59375,5129.5
404449.40625,206922.203125
518331.6875,183289.09375
307543.0,6984.2001953125
303801.6875,7567.7001953125
291224.1875,66175.703125
322240.6875,41600.3984375
334341.90625,68208.3984375
249747.5,7801.7998046875
293909.5,5290.39990234375
335805.3125,49383.19921875
575513.1875,12270.7998046875
264014.6875,6911.0
306867.59375,4945.60009765625
285341.09375,7545.7998046875
297688.8125,8079.7998046875
293656.6875,12048.0
355859.09375,36797.1015625
305778.09375,6381.10009765625
302542.6875,7150.0
297299.90625,6930.2001953125
303087.0,6917.60009765625
563943.1875,11826.2998046875
288025.09375,4969.0
552300.0,33916.5
254484.40625,9334.7001953125
383981.6875,8746.599609375
309309.3125,8963.2998046875
573879.5,9344.400390625
556846.0,16817.19921875
455361.1875,143149.703125
282820.40625,5106.5
553924.1875,7363.7001953125
314383.1875,15399.900390625
300697.59375,7547.2001953125
357228.0,93721.796875
451599.5,102958.3984375
583591.0,10263.2998046875
534939.1875,8984.7998046875
488554.5,156493.203125
304636.09375,9170.2998046875
278296.40625,27818.30078125
576930.6875,12213.7001953125
304750.59375,37100.19921875
301467.8125,8162.7998046875
304846.09375,44309.6015625
282786.90625,3877.800048828125
482914.90625,228192.796875
281147.8125,6289.39990234375
296808.0,6541.2998046875
343854.0,18166.69921875
306835.5,7346.0
275913.6875,5885.2998046875
389512.3125,43852.8984375
430523.8125,165795.203125
365650.59375,95562.6015625
294837.5,6160.0
397000.59375,126730.796875
310420.3125,8200.7998046875
425291.6875,9738.5
479447.09375,115784.1015625
295573.09375,7130.60009765625
306642.1875,7193.5
437781.40625,157089.203125
353373.5,79250.6015625
571055.1875,13161.7998046875
319712.09375,13671.5
293097.90625,8398.2001953125
585484.1875,14708.099609375
288612.0,6899.7001953125
582904.875,16012.0
303323.8125,54584.19921875
291316.6875,6784.7998046875
365661.6875,107459.5
315456.09375,7370.10009765625
577714.375,14260.0
507686.59375,94133.796875
381886.8125,71954.796875
408173.5,72041.1015625
266031.59375,49781.1015625
541885.125,185827.59375
284237.1875,6657.5
566062.6875,11824.2998046875
342582.0,74018.5
344280.6875,108427.1015625
429777.5,115565.8984375
276253.90625,5116.5
559743.6875,12320.2001953125
279248.09375,6534.2001953125
612019.375,16084.400390625
305600.5,31404.900390625
528345.0,11731.7998046875
484035.1875,117277.796875
331815.0,42037.19921875
277219.90625,7459.2998046875
364028.59375,67290.296875
584007.6875,14998.2001953125
281788.5,7250.2001953125
272996.09375,5995.2001953125
393396.3125,100712.796875
288499.09375,38359.6015625
313832.90625,8472.900390625
563909.875,9553.7998046875
310149.5,6745.60009765625
341144.5,115293.3984375
271558.40625,5585.7998046875
300128.5,7346.7998046875
306241.6875,9127.7998046875
287097.09375,4824.60009765625
278067.5,6732.0
305964.40625,8448.5
286452.59375,6888.7998046875
291645.8125,108387.796875
303306.6875,8888.5
276469.5,5924.60009765625
377648.59375,5582.10009765625
442069.1875,126286.5
289036.59375,7626.39990234375
433042.5,125891.6015625
533869.1875,213050.296875
511733.5,13329.0
583993.375,11539.7001953125
596745.1875,11640.7998046875
472744.59375,102148.6015625
489815.5,113422.5
553732.125,16360.7998046875
423803.3125,61823.30078125
293426.1875,5871.0
587734.0,12021.099609375
533076.125,12138.099609375
541845.5,9679.099609375
314361.6875,10444.7998046875
550576.625,11228.5
264762.0,5657.5
405681.90625,53595.69921875
452704.6875,96178.6015625
284048.3125,5058.2998046875
510630.5,11986.900390625
284287.0,7874.7001953125
592567.6875,14699.2001953125
343685.90625,64488.0
309160.1875,8454.7001953125
291986.1875,7248.89990234375
353129.90625,97348.8984375
611159.0,15679.2998046875
291690.0,5303.2998046875
347863.0,180047.703125
300640.90625,7352.2998046875
269053.6875,10753.2001953125
355149.09375,8228.7001953125
361774.59375,59807.1015625
299632.90625,6000.39990234375
281016.40625,4454.2998046875
602954.5,14603.900390625
597140.875,19908.30078125
278451.3125,5475.2998046875
301544.5,5184.7998046875
497253.5,13678.7001953125
577480.375,11029.599609375
460288.5,13486.599609375
514543.1875,14974.599609375
260810.796875,6694.2998046875
593986.125,11416.400390625
323332.09375,62530.30078125
296275.0,5579.5
498851.0,20599.900390625
595154.3125,11773.2998046875
369135.40625,46386.30078125
267008.09375,5812.10009765625
568519.125,10830.400390625
290388.59375,4809.7998046875
541385.0,107404.0
357337.0,83456.0
576377.5,83150.3984375
303035.8125,6930.2998046875
430381.3125,150021.5
310254.90625,7811.2998046875
324947.0,99009.796875
501211.8125,150416.5
275724.8125,20643.69921875
303536.5,6052.7001953125
310427.0,7918.7001953125
304296.8125,6457.5
358092.90625,107506.796875
382279.5,162266.296875
554227.0,120947.6015625
429925.90625,138738.09375
300642.8125,8017.60009765625
313248.09375,8919.0
311589.09375,14866.599609375
295406.0,7438.60009765625
525981.0,62477.1015625
569959.875,35347.0
470483.6875,139837.203125
316724.1875,8444.400390625
260879.59375,81897.6015625
380047.90625,182170.59375
603797.375,15036.5
314037.40625,8726.7998046875
433199.5,157791.5
569090.625,12099.599609375
450776.0,155842.5
456350.8125,187255.296875
579173.625,16791.900390625
290389.0,5743.7998046875
284157.5,6246.39990234375
515083.09375,84902.796875
259169.0,6628.0
452838.0,230556.5
284358.3125,8225.7998046875
294477.40625,12053.7998046875
582723.0,14731.7998046875
312433.59375,96768.296875
260069.0,6413.89990234375
262466.0,5067.5
338176.3125,57421.5
257007.5,7928.7001953125
490985.40625,10544.900390625
308240.40625,8066.2998046875
457504.40625,130208.203125
580284.0,11470.2998046875
349474.0,75032.1015625
424425.90625,106812.796875
414558.8125,112430.0
527313.0,5857.7001953125
558885.5,12874.7001953125
285710.90625,5692.5
303998.8125,45138.0
323546.0,32407.5
326902.5,71714.5
294627.3125,6745.7998046875
277344.40625,62010.80078125
314826.59375,11570.2998046875
298414.5,14912.900390625
545463.625,128834.796875
570483.5,10677.0
305278.59375,7815.89990234375
589600.375,13045.2998046875
581656.125,9140.2998046875
432759.0,106088.3984375
462850.0,311677.90625
566376.3125,8958.0
368055.5,118005.703125
501437.40625,85304.8984375
279716.1875,5524.2001953125
386050.90625,129540.296875
590868.875,13772.7001953125
417206.5,40070.80078125
535106.3125,143763.5
567608.3125,37608.0
324232.0,11755.2001953125
507443.0,119741.5
307025.09375,13258.099609375
283830.5,5053.5
451948.8125,176727.296875
464980.59375,177301.40625
307901.40625,7339.2998046875
302875.0,9280.2998046875
306917.59375,7316.7998046875
297641.09375,5915.2998046875
591698.0,11567.400390625
439203.0,89362.5
555118.3125,11159.2998046875
296541.09375,6360.89990234375
285441.90625,5755.7998046875
291400.0,6130.7998046875
287976.59375,7118.7998046875
573896.5,39598.8984375
314196.5,94164.5
363596.0,98569.5
386745.5,160391.40625
297917.3125,5718.7998046875
293685.5,6609.2001953125
577369.875,11650.900390625
285686.1875,37746.69921875
263748.40625,6200.7998046875
525340.375,138810.203125
577378.5,100659.796875
503438.8125,11443.5
593904.0,12957.099609375
449387.40625,154943.796875
549743.5,103314.703125
592182.375,10335.0
468971.90625,151497.796875
298847.5,5813.2998046875
307165.5,8353.099609375
334674.8125,116454.1015625
403530.59375,119340.6015625
498552.3125,117788.703125
471747.0,157208.59375
374564.0,151098.59375
444035.1875,180265.203125
386967.6875,8539.099609375
286009.0,4980.10009765625
305251.5,7164.89990234375
291178.0,5280.5
385412.09375,116021.6015625
386621.59375,86240.3984375
482090.90625,152938.296875
579859.5,56877.30078125
466400.59375,46840.80078125
575798.0,12086.400390625
309212.5,7823.0
304002.5,6061.5
585362.625,13701.599609375
511680.0,108090.0
373670.09375,10786.900390625
569377.875,12197.2998046875
428913.0,152920.796875
351969.09375,93427.296875
571974.0,11460.400390625
610931.125,14613.2998046875
310814.0,17772.5
427620.0,189074.0
301122.3125,7633.2998046875
305912.8125,7865.0
329926.5,29805.69921875
535314.875,113647.8984375
585256.6875,15365.7001953125
463777.40625,11954.2001953125
290012.5,6471.7998046875
294989.0,6443.60009765625
479592.8125,195832.203125
242941.90625,6740.7998046875
333026.8125,78182.5
393656.0,248099.203125
599159.5,12816.7001953125
311360.40625,10558.5
301484.40625,28719.30078125
571119.0,91087.296875
300261.5,7048.2998046875
321317.5,9389.099609375
413470.59375,165366.59375
292575.3125,70502.703125
363222.0,75661.1015625
283358.6875,6515.2001953125
484407.40625,108145.0
559743.0,10840.400390625
445203.6875,56920.19921875
296619.6875,10489.2998046875
605769.6875,15472.900390625
252366.59375,5510.60009765625
264379.40625,5897.10009765625
292683.0,7024.5
333464.0,121542.5
328428.8125,11337.2998046875
504720.59375,144711.90625
285296.40625,7023.7998046875
506989.09375,48337.30078125
507212.09375,11401.2998046875
315617.8125,8069.7998046875
294016.5,9707.5
279406.09375,8417.400390625
389314.0,117911.796875
291830.59375,5920.2998046875
576705.0,14082.400390625
483739.59375,100927.296875
571280.5,13145.0
294255.0,13501.5
342216.5,52990.8984375
553076.3125,119253.796875
388050.8125,98408.5
591507.0,11836.7001953125
446444.6875,133839.703125
279328.0,5112.7998046875
276591.3125,5747.0
314984.0,7882.10009765625
435286.8125,109055.203125
359981.5,83678.703125
401224.90625,150652.5
609848.3125,17259.0
304540.0,6910.7998046875
593851.0,11795.7998046875
554117.0,56711.1015625
580027.875,16427.099609375
300960.59375,6465.0
300538.0,4623.60009765625
573584.0,13611.099609375
307594.1875,7597.2001953125
311397.5,7936.10009765625
283231.40625,7905.5
589337.5,13791.400390625
452060.1875,150222.203125
367900.09375,107489.296875
293276.09375,33341.1015625
373393.40625,97945.6015625
565848.875,12644.7998046875
284591.8125,5820.2001953125
571857.6875,142135.59375
252393.203125,7978.10009765625
542823.8125,26174.599609375
323841.40625,10796.400390625
554315.6875,53308.3984375
379222.1875,125395.703125
255438.0,5576.0
283870.09375,8076.39990234375
545661.0,133276.796875
312735.09375,6706.7998046875
464936.0,104199.3984375
306155.5,5640.5
575493.0,24120.400390625
284881.3125,6114.7998046875
509547.3125,12067.0
283160.40625,7502.89990234375
306610.1875,8988.7001953125
436439.0,130931.5
310502.5,24374.5
294486.90625,6065.2998046875
307349.0,10666.2998046875
317568.09375,8011.7998046875
556707.5,96351.5
321678.0,9643.400390625
555382.3125,130889.0
270875.6875,4383.7998046875
461882.6875,161682.203125
559979.625,33964.69921875
562946.1875,23312.80078125
262302.09375,5521.2001953125
272810.8125,30840.099609375
378325.90625,78774.1015625
349979.1875,82737.1015625
327207.09375,80856.296875
436750.3125,172660.796875
267505.09375,4695.60009765625
598256.1875,12428.2998046875
296184.1875,7798.2001953125
305997.59375,7949.2001953125
548582.3125,169655.59375
630578.375,15002.099609375
296422.59375,50413.30078125
402584.59375,105959.703125
366949.3125,84720.703125
588684.625,17641.099609375
580805.0,13898.0
354855.09375,118070.3984375
287014.6875,7458.5
299827.8125,7622.10009765625
561335.3125,20360.69921875
281408.1875,3708.300048828125
338613.0,14412.2001953125
453827.1875,125985.8984375
335776.40625,49590.3984375
490632.3125,117067.203125
295786.0,4912.0
244570.0,6265.7001953125
306417.90625,6416.7998046875
410874.90625,86516.0
254097.296875,24514.099609375
586434.1875,12482.099609375
370607.8125,92819.796875
388668.59375,186766.0
567231.1875,107743.3984375
281196.0,36139.0
376736.3125,180724.796875
364535.0,73473.1015625
285011.8125,6757.60009765625
586977.1875,11621.7998046875
250056.796875,12288.0
339258.5,67166.8984375
404960.3125,155841.796875
577466.5,12026.400390625
403948.3125,112590.0
536404.875,79905.5
290410.5,7025.10009765625
396778.3125,131636.09375
519851.6875,45171.0
273020.40625,4812.5
580780.625,10993.7001953125
292234.09375,5788.89990234375
501535.59375,137829.703125
348906.3125,60982.1015625
408498.0,119532.296875
268828.5,5653.2001953125
523624.40625,140280.703125
263279.1875,65801.796875
588612.6875,17749.69921875
487143.09375,151492.203125
440393.8125,86231.6015625
353233.40625,122693.1015625
259140.59375,5461.10009765625
258994.09375,5536.7001953125
493120.40625,122888.796875
550637.3125,111724.203125
285540.09375,5873.60009765625
564779.0,14350.0
575855.625,11949.400390625
483007.6875,128367.0
418498.6875,80235.796875
600721.1875,16612.69921875
423467.1875,110660.1015625
498470.09375,13760.2998046875
509962.09375,116054.1015625
494112.59375,12472.2001953125
553019.8125,143338.203125
486342.09375,136497.09375
358679.09375,84214.8984375
306868.1875,49315.0
346621.3125,7378.7001953125
275975.59375,8797.7001953125
341019.1875,82541.3984375
488823.40625,75196.3984375
303656.3125,6941.0
309083.1875,48309.69921875
353706.3125,114051.5
519814.59375,106746.8984375
310934.09375,8511.2998046875
288674.0,10702.7001953125
323734.40625,71950.796875
272790.90625,17996.5
575763.3125,15500.099609375
296488.1875,7573.60009765625
538755.875,11266.099609375
405522.09375,92061.5
549184.125,113674.203125
292482.6875,5860.89990234375
584663.0,42871.0
423872.3125,12508.7998046875
267195.3125,6328.60009765625
295876.40625,7741.2001953125
499043.0,132226.59375
271347.8125,6848.10009765625
307984.6875,39754.30078125
432265.8125,155471.0
305554.8125,6543.5
530270.375,24690.5
371106.6875,156649.203125
309098.8125,81370.6015625
256932.203125,10909.099609375
584784.375,12652.7998046875
291980.8125,7438.2001953125
408144.5,88373.5
500999.09375,10001.400390625
556664.6875,123534.5
374762.6875,231083.296875
290194.6875,48729.19921875
443577.09375,46505.69921875
309994.8125,107271.6015625
437175.90625,15899.099609375
509251.6875,11929.099609375
581330.8125,14926.2998046875
341985.09375,47228.6015625
407851.59375,173505.703125
549149.375,82533.296875
566423.125,13854.099609375
356034.5,121821.0
530311.125,12134.900390625
278016.6875,4431.0
299809.3125,6836.60009765625
358308.8125,93004.703125
279128.1875,6011.2998046875
391927.5,87084.703125
284102.6875,6119.39990234375
474120.90625,116184.3984375
438019.8125,105683.0
341304.6875,80404.203125
296252.3125,8742.7998046875
580024.125,44780.80078125
501222.8125,206389.703125
293419.0,7501.5
313837.0,48064.19921875
290188.90625,5034.7998046875
353980.40625,10590.5
293978.6875,7004.10009765625
291643.3125,6444.7998046875
291805.40625,5636.60009765625
543182.125,31130.0
316359.6875,13970.7998046875
304926.09375,5427.7001953125
582274.8125,10899.599609375
508483.40625,120152.6015625
494796.1875,8129.60009765625
516084.3125,80999.796875
268313.59375,4787.7001953125
326983.8125,14534.7001953125
297052.59375,5645.10009765625
331816.5,35228.0
291894.6875,5138.0
424589.6875,135161.796875
317156.1875,7154.7001953125
267518.59375,66093.703125
497803.3125,93736.6015625
581841.1875,13118.099609375
284298.09375,6742.10009765625
337694.59375,55356.69921875
560758.125,12053.400390625
290203.6875,7331.0
268505.3125,4852.10009765625
376616.09375,147771.203125
248680.203125,5789.39990234375
454028.8125,76232.5
296028.59375,8183.89990234375
401911.09375,93959.796875
505561.8125,155374.703125
513678.5,100274.5
286014.90625,5100.7998046875
296667.8125,9869.900390625
549706.375,11090.0
292679.3125,5986.7998046875
301025.59375,5159.5
572801.125,129619.203125
327930.1875,30094.400390625
305578.5,8728.5
422442.8125,10314.2998046875
281345.0,6528.10009765625
490780.1875,12647.7998046875
300540.3125,5338.0
273281.3125,5656.2998046875
271498.6875,8488.7998046875
489470.6875,84654.203125
270556.8125,7487.60009765625
550798.125,100637.796875
303193.09375,7328.60009765625
296755.09375,8796.7001953125
359365.59375,93488.1015625
582361.125,10639.2001953125
512842.8125,112084.1015625
269530.40625,7551.10009765625
282207.1875,5562.60009765625
349937.59375,85043.796875
373465.8125,122782.796875
383820.09375,263494.6875
291192.40625,6451.7998046875
312965.3125,9925.7001953125
261652.59375,4334.10009765625
454862.5,127466.0
462335.09375,118455.3984375
581905.1875,12856.0
452766.3125,108380.1015625
289301.8125,7489.7001953125
301203.59375,13581.2001953125
372355.0,156249.703125
362359.6875,100169.8984375
318764.3125,9216.0
482755.3125,170495.0
363314.8125,141233.796875
509791.0,208921.5
293002.5,32256.69921875
271994.40625,5830.7998046875
300483.90625,6182.5
524638.3125,36303.6015625
410837.6875,182564.09375
277694.09375,8533.5
290672.6875,6113.89990234375
568752.8125,13999.2998046875
587351.875,9464.7001953125
448824.5,114251.6015625
429504.3125,88619.1015625
303457.1875,6665.7998046875
315070.5,8514.900390625
278738.8125,5987.2998046875
281560.5,5357.89990234375
317048.8125,90495.5
312708.0,7232.10009765625
537788.625,54745.69921875
289951.09375,7300.2001953125
305299.59375,7343.10009765625
548507.6875,84028.703125
333260.0,65627.296875
307576.0,6187.2001953125
436228.90625,152058.203125
415226.59375,127847.203125
265846.6875,10174.7998046875
323567.8125,32366.69921875
299602.90625,26111.5
287219.59375,5869.0
348120.90625,45769.1015625
573057.1875,9976.2001953125
308726.8125,15932.099609375
329906.09375,85341.203125
576735.6875,10168.7001953125
403090.1875,159662.59375
316790.59375,241387.90625
327559.6875,9335.400390625
273059.40625,6803.0
300144.6875,7181.7998046875
444555.09375,158068.203125
261244.796875,6501.60009765625
344372.90625,77183.1015625
458858.1875,74139.296875
315918.6875,32825.69921875
250084.59375,7915.2001953125
553363.375,10819.599609375
586938.6875,11268.599609375
378256.59375,70626.796875
295290.59375,12748.2001953125
284658.09375,6116.60009765625
257935.5,6660.0
577216.125,12178.400390625
476858.8125,36016.1015625
576449.3125,11529.2001953125
290501.09375,5137.2001953125
261717.5,6744.2001953125
274305.6875,99191.3984375
291470.90625,6751.39990234375
555466.8125,11398.0
571206.1875,10608.7001953125
260089.796875,6520.5
568013.125,10188.400390625
263384.59375,5148.2998046875
296051.5,6217.5
321151.0,9850.2001953125
577827.875,10938.7998046875
297577.3125,35825.8984375
540685.875,12278.5
274191.6875,52267.6015625
578416.3125,12126.2998046875
291697.40625,6180.60009765625
316932.09375,8003.5
330372.59375,32139.19921875
293422.6875,7146.39990234375
383533.5,122016.5
353331.8125,88852.296875
337164.8125,85046.1015625
319551.90625,11252.7001953125
306600.5,7123.10009765625
286207.8125,8198.099609375
282702.1875,7774.2998046875
505884.8125,8954.7998046875
297405.0,6820.39990234375
426194.40625,102991.5
455301.0,153246.59375
310490.90625,10661.5
311395.09375,93081.703125
569142.625,14788.7001953125
371335.3125,102143.796875
397355.5,21966.0
363152.5,164850.0
298697.6875,10525.099609375
303824.1875,14030.7001953125
590519.6875,13570.7001953125
480328.1875,191786.40625
502127.90625,74682.1015625
295014.1875,5690.39990234375
462830.0,131980.90625
308939.8125,10062.2998046875
356518.5,77540.5
302555.59375,8034.7998046875
347199.6875,88991.6015625
439568.0,90301.3984375
567675.1875,24267.19921875
318390.1875,7804.39990234375
464194.40625,144960.09375
305168.0,31708.400390625
542125.125,45552.5
272325.59375,6301.7001953125
326955.59375,27550.599609375
508144.5,149644.203125
329367.6875,55158.8984375
316921.40625,8199.900390625
345821.0,79048.796875
545456.375,9113.400390625
301428.5,6799.2998046875
264525.09375,76461.6015625
304946.59375,8386.0
432213.90625,100464.296875
534783.1875,82780.703125
280328.0,57773.8984375
563049.125,12273.0
300672.90625,8566.400390625
495439.09375,90851.3984375
459578.3125,105240.0
562655.875,112213.0
283630.3125,7015.60009765625
502964.5,111454.6015625
306041.59375,7335.7998046875
516940.09375,53079.5
291473.40625,7284.60009765625
273470.40625,6549.2998046875
311557.1875,27212.5
446373.3125,161358.703125
515290.6875,107962.703125
581413.0,71216.1015625
294931.59375,7129.5
399190.6875,153802.59375
505934.8125,11493.599609375
327016.40625,70526.1015625
272888.40625,5861.39990234375
296349.6875,6600.5
591958.6875,96056.296875
375497.09375,59202.80078125
278674.1875,11640.900390625
525675.875,58896.19921875
481994.90625,162351.90625
474143.3125,194231.09375
303819.0,116525.6015625
415420.09375,165959.09375
303981.5,6980.5
414936.6875,154115.5
423558.0,114379.1015625
575684.6875,13222.0
456054.09375,94401.0
289012.40625,8567.7001953125
264417.8125,4622.60009765625
276278.5,8074.5
557751.625,13608.7998046875
512858.1875,108702.1015625
328756.6875,60994.69921875
522548.1875,120748.203125
519362.1875,209992.90625
578018.375,43602.1015625
292736.1875,6548.89990234375
549672.0,35134.8984375
405033.59375,74112.5
418704.5,167813.5
303981.3125,7097.7998046875
558606.5,10507.0
248035.296875,10552.599609375
546908.0,34721.3984375
360129.1875,90088.703125
452722.6875,9333.400390625
347785.90625,11951.599609375
368279.5,61210.8984375
560324.625,13067.0
323399.59375,65074.69921875
353345.09375,46638.1015625
334368.0,27339.69921875
327298.6875,48881.8984375
468970.1875,147118.203125
260783.90625,6317.7001953125
577798.8125,11318.7001953125
305348.5,17573.30078125
330555.5,57390.30078125
344342.59375,61790.1015625
587974.1875,11704.099609375
479698.5,99467.6015625
403591.90625,142854.296875
246003.703125,6270.2001953125
586877.8125,36515.69921875
299063.0,6353.89990234375
293394.09375,8007.0
383210.8125,216232.40625
382131.90625,57008.8984375
282797.09375,6977.39990234375
306290.59375,7261.0
281136.5,5432.2998046875
273640.40625,7079.0
567617.0,15505.099609375
276284.59375,9285.0
282518.0,41615.8984375
293445.90625,5351.10009765625
306458.1875,6678.5
305980.8125,5997.7001953125
582758.1875,14811.2001953125
570247.0,12442.099609375
264466.09375,147096.703125
303925.40625,7083.2001953125
242338.09375,7664.5
316395.6875,107094.1015625
308384.3125,8967.599609375
333901.6875,23569.5
472479.09375,105524.203125
279229.6875,24991.80078125
500563.09375,121831.296875
297388.6875,17819.400390625
601447.875,12756.2001953125
525012.375,11816.900390625
251241.796875,83960.6015625
294337.5,15312.0
297031.0,6556.89990234375
270367.6875,6677.7001953125
369062.6875,99647.8984375
289953.40625,7122.60009765625
389661.0,107071.3984375
571242.625,65166.0
554372.5,45644.0
463248.09375,174702.703125
289742.8125,5723.2998046875
301393.0,7353.0
400432.8125,68214.1015625
394103.0,85432.8984375
290780.1875,7629.2001953125
582816.6875,15114.400390625
298953.90625,17699.599609375
600850.125,14870.0
290390.09375,4972.2001953125
264852.59375,6085.10009765625
497016.0,7908.7001953125
308434.1875,7020.89990234375
503983.40625,8653.2001953125
282981.3125,7920.2001953125
301175.90625,59538.3984375
295066.0,16659.30078125
303736.40625,7799.39990234375
288921.0,6674.7998046875
507861.59375,208980.09375
532333.6875,172292.09375
400036.0,117025.6015625
269186.40625,6616.7998046875
449201.1875,105005.203125
543411.8125,14447.2998046875
402209.40625,88412.3984375
421847.09375,71683.3984375
577961.5,12345.2998046875
301416.8125,7400.5
296790.8125,7860.10009765625
289385.5,6469.60009765625
471840.09375,98942.0
283170.59375,5572.2998046875
600625.0,11946.900390625
373048.59375,81232.5
391248.90625,179980.09375
401603.1875,322196.5
351985.3125,66366.203125
431049.1875,116565.203125
540826.0,87587.6015625
536775.625,46121.69921875
416736.40625,9949.7001953125
300602.59375,6037.0
612732.1875,15613.099609375
275722.3125,4874.60009765625
276696.90625,17462.099609375
282787.5,5874.5
303166.1875,43128.6015625
291328.0,6961.39990234375
309461.1875,15282.2001953125
277248.6875,4305.7001953125
432703.6875,141398.40625
539103.375,93429.1015625
255239.203125,4000.89990234375
602512.125,12761.0
569439.0,13283.5
375419.1875,120328.6015625
302720.59375,7354.2001953125
586085.125,14334.099609375
605091.5,13205.2001953125
305711.8125,15296.2998046875
578504.0,15243.5
300015.0,8340.900390625
381502.1875,80559.203125
472084.6875,209946.703125
570983.1875,54430.3984375
310977.6875,9557.900390625
270121.0,5692.39990234375
525388.6875,114783.1015625
413751.09375,121503.703125
299429.59375,22905.099609375
584240.0,11545.7001953125
330409.6875,70984.203125
292113.90625,8289.2001953125
510458.8125,80748.203125
249073.40625,7405.89990234375
397222.59375,91642.1015625
522538.1875,126165.1015625
321550.5,40492.6015625
314510.40625,7011.7998046875
286033.8125,4868.7001953125
462282.5,148780.40625
294791.59375,7188.0
581945.3125,13321.2998046875
373679.3125,70467.3984375
327818.40625,46341.3984375
432547.09375,108922.8984375
304131.09375,5635.39990234375
278914.09375,13070.0
576440.5,51894.30078125
294102.3125,6483.5
312556.3125,7703.10009765625
314207.5,12578.599609375
335134.09375,69767.5
404721.0,108927.3984375
410406.09375,125591.0
321291.40625,59201.1015625
278352.3125,8962.2001953125
309340.6875,7535.7001953125
570794.125,12529.2001953125
293691.90625,7162.7001953125
312307.09375,7892.0
444083.6875,97363.6015625
483569.8125,144006.59375
517830.6875,136167.0
259405.0,6972.5
541911.0,45171.5
593497.625,14149.7998046875
333502.6875,98800.1015625
256084.0,6897.89990234375
565529.1875,12362.7001953125
291421.1875,8163.2001953125
311058.6875,8305.400390625
249748.203125,35864.8984375
360642.5,66728.8984375
302676.09375,6364.5
320300.8125,20546.80078125
340157.0,74302.0
321476.3125,70420.6015625
606261.125,10819.7998046875
301700.1875,7118.60009765625
301157.5,7132.89990234375
578443.6875,69772.203125
297194.1875,11028.400390625
287852.90625,4578.10009765625
279871.5,6499.39990234375
294207.09375,5914.5
304981.59375,7105.7001953125
439042.90625,10021.900390625
507163.59375,11123.599609375
460392.1875,106577.3984375
498114.1875,133795.203125
520488.40625,111071.703125
298736.3125,7778.2001953125
317244.0,61621.80078125
271252.6875,5200.10009765625
313190.59375,9839.0
382114.0,8094.10009765625
587330.875,10783.7998046875
398224.3125,154379.203125
271707.5,4697.89990234375
293298.8125,80574.796875
311651.3125,7576.89990234375
286831.59375,6290.39990234375
559860.125,13768.900390625
293370.59375,6841.0
588423.0,12397.7998046875
411212.90625,109607.5
274801.8125,7022.60009765625
568549.125,93033.796875
279158.59375,7227.5
380796.40625,149576.59375
540703.375,41235.30078125
297726.6875,5251.5
381027.8125,121952.703125
345221.1875,64599.19921875
575281.5,12808.599609375
258685.59375,3469.199951171875
591814.1875,14414.099609375
454438.3125,14793.599609375
460092.40625,117505.1015625
492441.1875,45924.0
497422.59375,83077.203125
582522.1875,13200.2998046875
521505.09375,10900.2998046875
317811.40625,10693.2001953125
275084.5,47292.1015625
459164.8125,184345.296875
520779.5,106950.5
492855.5,136027.0
397353.59375,135552.796875
481119.6875,145603.59375
359065.1875,85219.703125
471416.1875,220970.703125
326357.1875,18564.900390625
565653.375,10147.599609375
303986.6875,10134.400390625
296493.0,5919.89990234375
480745.0,92430.5
343294.3125,98045.296875
374337.5,94053.5
310570.3125,7462.60009765625
415809.0,113884.3984375
464090.1875,11693.7001953125
583958.6875,56939.8984375
572200.5,14317.400390625
330104.09375,123905.5
354807.1875,9038.099609375
394583.59375,79999.703125
491390.6875,11180.900390625
441833.1875,145617.203125
308272.8125,9470.2001953125
575332.875,33378.8984375
342505.5,114145.296875
551867.625,14009.099609375
372441.6875,97090.1015625
547767.125,15396.5
312702.90625,6994.7998046875
241763.703125,6153.7001953125
535084.8125,207516.796875
291198.8125,8618.400390625
284310.59375,6897.89990234375
298919.59375,8608.400390625
349833.09375,172425.5
576839.8125,17682.0
360421.90625,79196.0
291909.5,11522.099609375
471935.59375,101386.5
291477.59375,6277.2998046875
584281.125,12810.5
518646.90625,62845.6015625
400772.6875,102197.0
484446.6875,162864.203125
439295.0,107862.6015625
307252.09375,7124.2001953125
427134.90625,167690.703125
330142.09375,189097.5
340764.1875,103763.1015625
547624.3125,112753.6015625
574825.375,17497.599609375
258813.59375,6799.2001953125
290963.1875,6771.7998046875
383732.6875,98110.3984375
553486.375,7725.2001953125
341698.90625,65658.703125
406965.90625,102023.3984375
333193.8125,37802.1015625
274014.5,5875.10009765625
429426.09375,136874.703125
298216.5,5170.0
288927.6875,5919.5
365064.6875,86564.5
442352.59375,148580.5
467086.90625,73066.703125
311690.09375,9559.599609375
416928.59375,149857.90625
437393.5,181366.703125
499753.90625,11087.7001953125
519082.3125,112987.796875
290509.6875,4893.89990234375
526156.3125,153145.703125
411170.3125,208012.90625
298306.1875,6541.60009765625
352823.59375,88848.296875
574740.3125,38653.30078125
306355.5,6707.0
271848.59375,4818.2998046875
543576.1875,12396.099609375
345923.0,92262.8984375
290780.6875,6738.7001953125
272127.1875,16648.69921875
449917.5,11793.5
304505.8125,10919.599609375
465575.0,111744.5
289307.6875,8354.099609375
390921.6875,124173.203125
569277.1875,16132.900390625
274007.6875,5183.39990234375
466276.0,83833.8984375
290907.6875,5901.10009765625
301552.40625,4810.39990234375
404749.09375,13055.599609375
573117.5,15522.2001953125
609524.6875,12763.900390625
557215.6875,13546.2001953125
518010.40625,131770.203125
575243.8125,15581.7001953125
495982.90625,65852.8984375
484261.5,145238.796875
324797.90625,56665.8984375
292678.5,7370.7998046875
324692.5,9758.099609375
389414.40625,12524.7998046875
276033.1875,5815.2001953125
561760.0,12348.400390625
375869.59375,109289.0
507537.3125,48112.80078125
236888.296875,5805.39990234375
426768.09375,9722.400390625
341879.09375,161685.0
581566.3125,12670.5
296570.90625,7196.0
495029.5,146041.09375
507372.59375,150664.296875
270949.0,6272.39990234375
381009.59375,85327.0
389281.90625,119992.796875
380708.6875,51087.5
326827.3125,141420.203125
282748.0,7327.10009765625
297689.09375,10976.5
577831.6875,16191.099609375
252522.296875,4343.60009765625
321806.90625,11327.599609375
562966.875,11320.400390625
395241.1875,106958.0
353005.6875,136378.296875
486629.6875,12191.900390625
605215.875,18347.19921875
517785.90625,104357.203125
583499.875,13613.400390625
585870.8125,12855.599609375
262664.0,52832.1015625
519474.09375,87377.1015625
503840.09375,77147.703125
480422.5,97498.5
244928.203125,4415.5
327525.0,50067.1015625
579910.125,14023.5
433217.1875,213954.0
300372.09375,8642.5
376370.90625,119832.703125
503262.59375,195409.09375
543961.125,132744.796875
280166.5,6529.60009765625
313014.1875,20929.5
590068.5,14036.7001953125
338363.0,85599.3984375
603320.375,13262.900390625
372599.0,91053.703125
286900.3125,6750.60009765625
367236.0,53048.5
502572.5,24165.599609375
305760.6875,75331.8984375
577443.8125,12949.599609375
298245.0,6073.39990234375
389490.5,93225.296875
377952.59375,146482.40625
260028.5,163032.59375
322875.40625,11485.099609375
278173.0,6346.2001953125
359773.90625,80257.0
478504.0,158281.90625
565620.875,39277.8984375
291200.3125,7396.60009765625
420309.5,105710.1015625
528842.125,43393.1015625
403649.3125,109352.203125
328041.8125,72163.6015625
366692.0,12473.900390625
299345.40625,7355.0
307315.6875,7913.2001953125
300729.5,32786.0
304742.59375,6484.5
302795.0,7447.39990234375
413311.40625,135907.796875
265020.8125,6307.0
299553.5,7197.89990234375
344395.8125,70594.796875
343683.0,42536.80078125
490583.1875,47588.6015625
273769.5,7696.10009765625
281647.8125,61732.69921875
503480.90625,91053.3984375
318681.59375,159057.796875
519407.8125,103073.1015625
326067.0,125827.703125
275762.0,7342.7998046875
279586.0,5992.0
513784.40625,80564.203125
294731.90625,5911.0
382584.5,51289.19921875
533120.8125,138595.203125
577629.0,13526.599609375
485159.90625,14544.7998046875
299163.90625,9860.0
350216.5,90665.1015625
487345.40625,116160.296875
507599.59375,14962.099609375
246576.90625,4946.39990234375
319604.3125,32314.5
344316.1875,85442.5
250959.90625,4287.10009765625
307423.0,8005.7001953125
504988.90625,9148.900390625
294076.0,9333.7001953125
377440.8125,129102.796875
374400.5,92417.5
535300.0,88713.6015625
354713.09375,76040.6015625
409806.3125,114708.296875
328637.6875,61143.3984375
352057.8125,48548.1015625
373145.0,154421.40625
568140.0,13839.2998046875
338610.40625,7408.0
572857.6875,58095.69921875
389345.09375,141455.40625
586752.5,15851.0
517074.5,230676.59375
567695.6875,13999.0
353043.0,125601.203125
337341.5,80328.3984375
568342.5,14962.7001953125
294862.8125,8713.7998046875
479727.0,38329.0
394287.5,11232.099609375
577385.625,10349.099609375
295367.8125,7735.7998046875
285194.1875,8048.89990234375
623800.5,14346.2998046875
286899.40625,9410.5
244273.703125,5475.2001953125
431208.0,50484.5
439179.3125,131332.90625
559767.125,10383.0
309050.40625,86590.8984375
404769.40625,95823.796875
364740.0,12538.2998046875
555301.8125,77719.0
302519.0,7400.39990234375
585885.3125,17906.80078125
291359.0,14835.7998046875
298185.5,12120.099609375
407150.5,136353.59375
294498.0,6512.10009765625
490657.8125,80160.203125
306416.40625,49180.8984375
294143.09375,4616.7998046875
258913.796875,7448.10009765625
438184.6875,124524.5
553298.5,7645.5
321078.40625,47883.69921875
306078.90625,6510.0
265491.8125,5029.2001953125
286169.0,4937.10009765625
274859.0,5175.60009765625
451857.90625,70285.0
319855.3125,59565.3984375
301484.0,7386.10009765625
308447.6875,10695.0
520686.40625,10579.599609375
306185.5,23282.19921875
389439.0,143609.90625
390517.90625,103580.3984375
282953.3125,11201.099609375
400547.8125,143153.296875
299596.5,7259.0
551243.5,123034.1015625
582006.625,11996.599609375
605757.3125,14400.2001953125
350028.5,191373.09375
364594.90625,74867.5
331415.90625,64939.8984375
290642.5,6299.2001953125
296889.3125,9756.099609375
568669.0,11950.0
569353.625,13045.099609375
551438.3125,119015.203125
458649.3125,108332.1015625
314696.0,97307.8984375
278168.5,8274.2998046875
565318.375,11153.0
349783.59375,55170.8984375
493813.0,144036.5
428996.90625,125847.8984375
571083.1875,13494.400390625
520155.3125,124671.0
410726.3125,202133.796875
291392.5,7896.7998046875
593182.0,14035.599609375
287919.0,6781.10009765625
265948.3125,5637.7001953125
307276.59375,7326.2998046875
321864.3125,9208.099609375
296857.5,5343.7001953125
249534.203125,6552.0
305655.1875,7391.5
340740.40625,71399.1015625
291551.5,7682.2001953125
559206.375,159012.40625
569548.8125,44274.1015625
255102.796875,8397.2998046875
383390.0,77856.6015625
474537.8125,259727.203125
306013.6875,129886.8984375
388149.3125,66877.6015625
342566.5,46047.30078125
423388.1875,13247.0
522332.40625,85793.1015625
550652.5,11653.2001953125
310922.5,58939.3984375
505767.40625,18921.400390625
297061.3125,18540.599609375
419799.8125,150348.296875
294814.0,5771.60009765625
292496.09375,6435.10009765625
290602.8125,9950.7001953125
347817.6875,78958.8984375
322566.8125,12854.599609375
316739.5,49310.8984375
283367.59375,8776.900390625
312116.5,9223.0
312138.3125,7395.89990234375
468538.90625,9701.400390625
279390.1875,5320.89990234375
327302.0,85390.8984375
560436.875,107677.796875
280323.8125,4920.0
444597.5,120524.3984375
581858.8125,151326.296875
291781.5,5154.2998046875
348877.1875,70025.1015625
279829.5,51009.6015625
295596.5,4915.10009765625
321146.0,54656.1015625
383257.3125,110985.203125
542378.0,109096.296875
535400.375,169270.90625
547697.8125,136080.59375
603355.5,12848.2001953125
306744.0,5958.7998046875
497037.6875,121649.5
552887.0,11579.5
423359.5,138019.796875
260877.40625,85613.5
490308.5,144480.09375
314957.0,6986.7001953125
295044.90625,7996.0
424048.5,47398.19921875
527739.3125,80765.6015625
325623.0,11092.5
271918.3125,6045.2998046875
277120.6875,8189.39990234375
584627.8125,49827.6015625
548429.0,181959.90625
574564.0,7679.7998046875
599285.375,10885.0
247928.203125,35668.19921875
550734.5,72630.1015625
599262.6875,12269.5
311686.40625,41688.1015625
290592.5,8337.2001953125
329403.40625,54519.0
291722.0,64811.3984375
517777.3125,96818.6015625
579304.5,14273.0
304770.0,12204.099609375
272273.3125,5940.2001953125
481858.3125,93308.796875
303198.1875,7652.39990234375
243779.796875,14712.099609375
326694.5,34573.8984375
358052.5,17713.30078125
302346.6875,19571.19921875
545317.125,165961.40625
467876.5,74287.5
247475.09375,6647.5
369196.90625,103476.3984375
308612.6875,12132.400390625
327167.5,59511.3984375
460571.3125,172268.5
384642.0,88562.296875
371386.0,68757.6015625
307165.5,7673.60009765625
456226.5,128559.6015625
310279.0,17821.599609375
582153.5,14170.7998046875
516374.90625,108352.3984375
507594.8125,107939.6015625
569017.6875,12373.5
288764.5,11294.5
317674.0,8287.7998046875
334589.90625,87442.5
565202.5,11600.599609375
307356.09375,42486.3984375
585592.1875,14630.0
481320.40625,37452.5
601052.5,28953.400390625
393941.40625,149087.40625
307454.0,12613.2001953125
503045.8125,108362.796875
534997.0,154279.09375
293413.59375,18693.099609375
578068.0,55951.1015625
329605.6875,49601.5
306742.40625,82091.1015625
482480.5,122754.8984375
304436.40625,12950.900390625
469852.0,185144.203125
262890.3125,7140.60009765625
288327.3125,5924.7998046875
264979.0,6242.5
518089.3125,62142.19921875
594618.8125,15427.2998046875
438771.5,150372.90625
435492.0,343643.3125
565900.375,12446.0
533895.6875,13377.7001953125
587476.5,13375.0
245790.40625,5377.39990234375
492125.1875,158205.40625
485131.5,13428.400390625
591940.875,15566.2998046875
446498.0,130565.296875
254381.296875,5060.5
292836.3125,5658.2998046875
369247.5,142101.296875
265025.6875,10110.0
409467.90625,312053.59375
310688.5,7981.2001953125
306979.40625,8601.0
339103.90625,90730.3984375
304991.0,6991.2001953125
288093.8125,7020.60009765625
298965.3125,7384.7998046875
515409.5,131218.5
290035.09375,6860.10009765625
425432.8125,115136.703125
501197.8125,12553.7998046875
286687.0,9127.400390625
296093.5,6342.7998046875
324611.40625,46252.5
431910.1875,103236.203125
300258.59375,7609.89990234375
566579.8125,12284.400390625
307080.09375,8806.5
272430.6875,5117.89990234375
370146.40625,83606.296875
374769.0,46883.30078125
254110.296875,7449.0
602993.5,12620.400390625
429257.3125,215964.796875
310003.5,9380.7998046875
305937.1875,8233.0
590498.375,16239.599609375
555752.5,94297.703125
636255.375,23418.0
338237.8125,10473.599609375
288598.8125,43384.30078125
259823.0,10342.099609375
375038.8125,100473.703125
325156.8125,12785.2998046875
309047.1875,7137.39990234375
295418.3125,5935.10009765625
302625.0,63216.3984375
251442.5,4860.7998046875
308703.40625,8949.0
312153.6875,9305.2001953125
588814.625,12291.400390625
334865.6875,72378.0
283240.5,7319.2001953125
283578.5,5737.39990234375
304779.3125,6115.60009765625
301606.0,39881.0
377704.0,7906.10009765625
321849.09375,9953.099609375
291373.8125,6143.7001953125
279340.8125,5457.2998046875
525289.1875,7612.89990234375
327806.3125,43783.1015625
537287.5,206854.40625
251936.0,65347.30078125
468606.90625,148324.0
338593.6875,12997.2001953125
540711.0,46460.5
299737.3125,6224.39990234375
382062.09375,85071.5
487483.1875,243328.40625
563650.6875,12410.400390625
477432.5,160652.296875
592468.1875,14495.0
540892.5,29698.5
588248.375,12965.2001953125
561587.3125,10439.7001953125
272951.90625,5761.39990234375
318026.0,9853.2001953125
402144.6875,146989.203125
292833.59375,5207.60009765625
479728.6875,154403.5
272400.6875,8174.5
560064.5,13034.2001953125
475024.0,78869.3984375
529292.6875,134346.203125
326043.40625,46228.69921875
278176.3125,6430.2001953125
395838.5,131926.296875
283915.90625,8089.89990234375
515683.0,142406.203125
295820.6875,10248.7001953125
384004.1875,77711.203125
313786.09375,8910.599609375
455782.90625,149299.796875
432178.59375,145457.796875
302505.8125,47459.19921875
292055.8125,5695.89990234375
583504.875,16656.599609375
390519.3125,98731.3984375
295041.8125,7487.2001953125
375945.5,50283.3984375
327930.90625,11066.5
371424.5,93299.796875
450622.8125,127333.6015625
296030.09375,4994.0
448579.40625,81687.8984375
405017.09375,10853.0
588767.0,14318.400390625
287798.09375,5827.2001953125
548019.875,12473.599609375
539026.1875,12198.400390625
321799.5,60061.30078125
473643.1875,202974.5
501733.5,164612.5
336785.0,111282.203125
303840.5,28330.400390625
298815.6875,5975.7001953125
606283.3125,14268.2001953125
434085.5,74876.703125
320546.1875,146406.90625
238102.203125,6044.2001953125
266378.09375,7919.60009765625
556019.375,8729.2998046875
347521.90625,19346.400390625
243182.796875,6297.2001953125
554162.875,12679.599609375
271874.6875,11089.0
299928.6875,6864.5
289380.1875,4656.0
389202.0,89040.0
282257.0,5478.2001953125
276845.5,6988.39990234375
372608.3125,116848.203125
559806.0,29600.80078125
409855.6875,162142.90625
305739.6875,6460.5
463584.0,146591.0
292188.5,6266.89990234375
307731.90625,11014.7001953125
416386.3125,11920.7001953125
294707.90625,7360.39990234375
264636.6875,6296.89990234375
245374.5,6051.2001953125
406790.1875,106011.5
320329.5,76195.5
367696.0,199590.40625
593303.6875,13641.2001953125
562000.375,10449.7001953125
378093.8125,82051.203125
311287.5,7873.2998046875
314350.40625,11888.400390625
336102.1875,62684.3984375
335588.5,9397.7001953125
517257.1875,15247.400390625
588331.1875,14978.7001953125
479028.09375,134896.09375
298236.90625,6948.2998046875
304545.59375,7800.0
275982.40625,5884.39990234375
280511.09375,6927.7998046875
342569.8125,18589.69921875
300196.3125,7448.39990234375
362583.3125,74587.703125
551329.625,63273.1015625
471884.5,56994.3984375
388582.90625,163898.5
603057.5,14488.2998046875
359608.3125,103313.8984375
320447.09375,6532.5
573090.875,43092.3984375
283550.59375,6163.5
314902.6875,8492.400390625
561406.0,11610.900390625
297412.59375,7430.2001953125
389439.90625,106148.1015625
296581.8125,5481.7998046875
529838.125,182696.40625
322841.1875,14580.099609375
300526.3125,5318.2001953125
572477.6875,12921.900390625
296008.0,4952.2001953125
578464.6875,12424.099609375
312765.5,65278.80078125
384541.0,5351.60009765625
299033.0,6560.5
550381.1875,11514.099609375
598359.875,17424.5
323788.09375,37844.6015625
305259.40625,8676.0
582835.6875,13100.2998046875
409362.59375,251070.59375
274808.6875,6138.2001953125
284236.40625,5535.2998046875
523087.6875,143739.40625
264490.0,7799.2998046875
456358.6875,213697.5
325973.6875,49419.5
556214.0,71534.0
595869.375,11482.2001953125
274005.8125,6643.2001953125
266730.5,6566.7998046875
334485.40625,39713.8984375
294531.1875,6369.89990234375
310909.1875,16281.400390625
311296.6875,7401.7001953125
284380.40625,5409.7998046875
326652.1875,6756.39990234375
296792.0,7657.7998046875
298479.1875,6982.0
521181.1875,7056.5
301868.5,9034.2001953125
353955.5,8840.400390625
565675.1875,15365.2001953125
277985.90625,15167.2001953125
272454.3125,11781.7001953125
470825.1875,93728.8984375
343224.1875,54142.69921875
289512.6875,50901.69921875
290430.90625,7978.7998046875
275650.09375,5089.0
378523.09375,9142.7998046875
522979.3125,13741.400390625
355342.90625,81860.1015625
310556.90625,6255.39990234375
315277.8125,7553.39990234375
292614.8125,6080.2001953125
457568.0,7783.7998046875
527037.8125,124639.3984375
340347.8125,30268.599609375
445670.09375,108231.5
296136.90625,6212.39990234375
500722.1875,250933.90625
568356.375,14933.099609375
378800.3125,129347.296875
380324.59375,64510.3984375
280757.6875,6703.10009765625
478561.3125,67897.203125
309092.6875,17537.900390625
345807.1875,71289.6015625
513535.6875,266261.90625
306429.0,96913.296875
573392.1875,10738.5
567277.6875,17993.5
444350.5,132815.0
303212.5,7617.7001953125
293535.6875,6425.39990234375
287490.5,8523.2998046875
299795.6875,6527.5
381699.1875,76994.5
285460.5,4652.0
556257.0,14856.7001953125
546610.5,57947.3984375
409543.90625,125475.703125
465111.3125,50997.69921875
370818.90625,107853.8984375
300391.1875,9343.900390625
293064.0,6953.2001953125
482334.6875,182668.90625
318238.59375,48847.6015625
475078.09375,157115.5
587277.125,17770.30078125
346462.8125,79624.203125
605707.8125,11749.400390625
377879.3125,84450.8984375
276187.8125,7539.7001953125
300329.59375,6866.10009765625
334039.40625,55341.5
346227.0,197547.796875
507443.8125,152891.59375
337742.09375,45243.5
311909.40625,8275.900390625
478928.09375,14378.0
307814.6875,139982.40625
486664.09375,148592.203125
384791.59375,68307.703125
426253.40625,246226.59375
352611.8125,78209.296875
339847.09375,13378.900390625
522798.6875,17132.099609375
328982.1875,10011.0
488772.6875,174456.5
385183.6875,102461.703125
406394.3125,142389.203125
282485.1875,6809.39990234375
302228.5,7882.2001953125
313829.6875,9057.2001953125
285251.6875,6288.89990234375
412944.6875,11888.7001953125
407765.6875,121963.8984375
298636.0,7849.2998046875
576315.5,11972.5
356461.0,56829.8984375
286081.1875,4554.2001953125
603456.375,15327.2001953125
445461.3125,169884.703125
301002.0,22211.80078125
306092.5,6478.7001953125
375750.6875,209241.90625
340225.6875,77549.703125
551852.625,14786.599609375
281019.90625,32979.80078125
532566.625,11761.0
491492.40625,165704.90625
456927.59375,351340.3125
315487.40625,9110.099609375
582219.875,15792.900390625
601134.8125,10135.2001953125
571651.625,14341.599609375
531214.8125,108768.3984375
537661.8125,125555.1015625
311436.59375,8954.5
543949.125,86438.5
438796.6875,133274.40625
344466.0,75789.3984375
249767.59375,7227.2001953125
577353.875,35191.1015625
293806.8125,7427.2998046875
299864.09375,8300.900390625
539118.3125,46562.19921875
356718.1875,72001.3984375
604585.0,14216.2001953125
566520.5,10958.7998046875
587711.5,13739.599609375
291025.1875,6323.89990234375
287094.0,7251.7998046875
581878.6875,26460.5
303933.0,9474.5
442778.40625,58499.69921875
541621.8125,156257.703125
449733.90625,118138.3984375
273744.1875,6824.39990234375
294705.5,6586.2001953125
448110.6875,135340.203125
575296.6875,13997.900390625
309368.09375,37357.0
292066.59375,11394.7998046875
280373.3125,5841.2001953125
366503.3125,25697.099609375
270547.40625,6281.39990234375
295577.5,7187.39990234375
261310.40625,23490.0
285146.3125,8040.60009765625
294796.09375,7042.60009765625
533883.625,14487.099609375
313043.8125,13873.7998046875
319450.1875,30665.30078125
440182.8125,141757.09375
375372.09375,95635.5
482768.90625,10891.7998046875
587159.8125,14739.5
317402.59375,13588.2998046875
518145.8125,135125.90625
391848.09375,16231.400390625
484212.59375,193633.296875
303499.90625,10103.400390625
292093.5,6912.7001953125
414707.5,130688.8984375
581106.625,52514.69921875
351659.0,73219.6015625
351567.1875,87371.6015625
277323.40625,7807.0
292985.3125,6450.2998046875
535792.875,184251.5
364048.59375,146001.296875
613041.5,63689.69921875
281579.0,9403.0
505133.40625,154116.796875
277182.1875,6440.7001953125
459098.0,182884.796875
549787.125,121538.0
305507.0,6567.39990234375
327603.59375,52077.1015625
542770.125,171056.703125
365080.3125,137633.09375
316108.8125,9260.400390625
337679.90625,36698.6015625
408134.8125,164208.5
298788.1875,7350.2998046875
305337.8125,10122.7998046875
284179.1875,6604.5
351578.90625,99296.1015625
344276.0,178370.703125
293672.6875,6613.5
383960.59375,104384.296875
326223.90625,51827.69921875
302146.59375,7037.7998046875
359759.40625,63456.3984375
304001.3125,6635.10009765625
547662.375,249524.40625
306081.59375,10828.2001953125
436389.90625,168553.703125
554677.625,12369.7998046875
307322.3125,60993.69921875
325192.40625,36384.8984375
307944.3125,7320.60009765625
292487.40625,5384.89990234375
252745.0,9972.900390625
420891.90625,168791.0
265218.8125,39570.6015625
545112.625,153298.59375
550803.3125,12661.2998046875
524517.6875,14636.7998046875
469234.40625,300194.40625
273206.8125,5383.10009765625
396538.40625,91547.296875
392078.8125,159788.5
514923.8125,120839.203125
345663.59375,53625.3984375
590574.3125,12641.400390625
463412.40625,175537.40625
302424.59375,8127.5
301705.6875,10876.900390625
294034.90625,10262.900390625
388166.5,110481.6015625
366979.40625,115950.703125
569146.6875,13298.099609375
296390.90625,5746.5
574564.0,81417.6015625
402474.1875,9169.7998046875
304757.3125,10037.2998046875
371863.09375,126013.796875
299435.5,5215.7001953125
250589.5,9964.5
305278.90625,7918.2998046875
322392.1875,62668.69921875
312205.5,7087.2998046875
313417.59375,9337.7001953125
294087.8125,4791.60009765625
299038.3125,6989.39990234375
427064.40625,136132.59375
322795.3125,142079.5
311696.0,8182.10009765625
531835.3125,41266.80078125
397978.40625,121302.3984375
317065.09375,40870.19921875
281615.8125,4944.10009765625
397069.40625,108119.203125
487196.09375,112787.296875
494204.90625,133595.90625
365934.09375,111733.703125
519606.3125,12527.599609375
291004.90625,4701.89990234375
297266.5,8464.400390625
307569.40625,9429.5
298823.8125,6944.10009765625
296230.09375,6023.60009765625
576275.8125,12643.7998046875
301732.1875,6763.2998046875
505109.6875,14128.599609375
461759.3125,100583.1015625
577397.125,13685.5
313036.0,20105.69921875
397182.59375,92622.796875
602247.8125,19306.400390625
591397.125,12041.400390625
282534.09375,15788.7998046875
297131.8125,8208.400390625
408939.09375,183701.0
318405.6875,26593.900390625
291491.5,6352.89990234375
308148.90625,14019.400390625
485214.09375,134362.203125
435402.90625,128155.703125
268825.6875,44917.6015625
439045.5,119585.6015625
395134.40625,130691.203125
277102.5,7061.5
401127.90625,114710.796875
507250.6875,173634.703125
290441.0,5167.7998046875
540175.625,7648.0
439267.0,109420.3984375
281731.8125,5822.60009765625
317454.40625,72221.1015625
326730.3125,96341.5
519775.6875,34752.30078125
535284.0,160260.59375
549084.8125,127683.296875
265753.1875,4820.5
519512.40625,151555.90625
443109.0,149434.703125
308578.40625,7239.2001953125
408209.59375,109493.796875
539127.8125,128734.203125
582934.375,15098.400390625
321575.90625,40556.8984375
536279.125,64943.69921875
601219.875,14697.0
283198.90625,7225.10009765625
295006.3125,5131.10009765625
588399.125,12151.099609375
573555.625,12839.099609375
276262.8125,6902.2998046875
524112.1875,293807.3125
338290.90625,70477.3984375
505572.1875,118819.6015625
277728.8125,8416.599609375
382981.59375,154118.0
574203.375,13570.7998046875
308742.3125,7154.0
361357.8125,68954.203125
586784.3125,11231.400390625
578688.625,10430.400390625
295793.09375,5436.2998046875
315588.8125,7175.89990234375
249400.90625,75968.3984375
416784.59375,9617.5
302705.40625,6801.89990234375
425550.0,117528.6015625
352007.40625,120147.203125
449674.40625,104596.0
579971.5,15405.599609375
306618.90625,71012.203125
294085.59375,7415.2998046875
552807.8125,89559.203125
303539.40625,47058.3984375
314519.90625,54696.3984375
546338.875,70107.1015625
480272.09375,11644.599609375
525466.375,154882.90625
302531.3125,6798.60009765625
623001.375,11640.2998046875
405914.0,119582.203125
540155.3125,73867.5
530189.3125,10670.2001953125
299626.09375,6935.2998046875
406254.3125,105557.3984375
478755.59375,193126.90625
519600.09375,63139.80078125
521580.8125,12329.400390625
246167.90625,7956.2001953125
529722.125,58948.30078125
377767.3125,148177.203125
304827.40625,51013.8984375
504040.09375,78535.203125
292278.8125,6368.60009765625
446470.40625,188751.40625
530479.125,8412.7001953125
578388.0,9159.900390625
578963.375,8622.0
423211.59375,64093.6015625
468951.09375,157171.09375
600323.8125,9932.7998046875
326389.1875,71937.796875
587524.375,11972.900390625
300746.6875,7670.10009765625
530298.125,57597.5
423078.90625,224677.796875
527231.5,86713.703125
424227.3125,163153.0
317699.8125,115693.703125
573160.625,16516.80078125
586861.8125,13851.400390625
357199.59375,97201.3984375
273198.3125,4177.89990234375
344463.90625,81648.3984375
302712.59375,10214.5
302024.6875,6353.89990234375
584368.0,11756.400390625
247530.40625,78165.8984375
423840.09375,135732.203125
318054.5,35179.1015625
474485.6875,152687.59375
314751.09375,76303.796875
273032.8125,6595.7001953125
326318.8125,70212.1015625
314689.90625,8450.900390625
524521.125,106319.203125
285102.5,5355.39990234375
285347.90625,4083.0
458894.3125,169746.09375
298018.59375,6963.60009765625
265321.59375,5599.10009765625
587989.8125,12414.7998046875
359098.90625,9973.400390625
473362.3125,59056.6015625
453692.59375,174047.5
286435.40625,4843.7998046875
536121.8125,82692.5
303656.8125,7275.7001953125
305874.09375,7157.2998046875
450435.3125,149337.40625
339177.59375,63875.8984375
300426.59375,6415.2998046875
513872.40625,202208.40625
286322.1875,7001.39990234375
377183.0,133750.90625
323079.5,48205.1015625
336292.40625,128938.703125
548916.6875,12144.7998046875
489145.90625,123469.703125
579097.3125,13226.7001953125
298461.90625,7516.89990234375
302144.3125,6389.10009765625
308896.90625,95037.8984375
293589.40625,7320.60009765625
273214.3125,7472.60009765625
395779.09375,131743.59375
299154.09375,9413.599609375
303204.40625,15592.900390625
269821.1875,33886.6015625
341600.3125,68188.6015625
540159.625,110818.5
528322.375,12652.2998046875
530329.5,23997.19921875
325585.8125,13270.7001953125
281168.59375,5873.7998046875
314889.8125,30843.400390625
577610.625,15062.900390625
388948.59375,88933.296875
454134.40625,86958.3984375
370641.59375,9177.5
539686.5,10528.7001953125
343975.6875,107953.3984375
304443.0,110074.3984375
263507.40625,53182.8984375
586405.125,10934.7001953125
285895.0,7114.60009765625
298772.90625,6459.2001953125
450839.6875,128580.1015625
285596.90625,9681.0
305071.0,7689.10009765625
302465.6875,7095.2998046875
488369.1875,144073.59375
294723.90625,9157.2001953125
305257.8125,8200.2998046875
504555.40625,111606.0
474105.09375,139270.296875
278523.40625,4014.199951171875
349985.3125,68126.703125
365806.90625,76321.3984375
514312.59375,125341.203125
402282.3125,70692.6015625
323783.09375,61753.19921875
311089.0,50004.8984375
295023.40625,5950.10009765625
266076.59375,8244.599609375
581534.3125,12334.2998046875
363763.6875,78351.796875
563150.6875,14558.099609375
380285.8125,91030.6015625
618611.0,13402.7001953125
274297.3125,4529.5
309633.8125,41002.69921875
297363.09375,6455.2998046875
600814.8125,14557.400390625
559074.625,11924.900390625
588693.625,11865.7998046875
480934.3125,10013.400390625
273149.40625,9272.900390625
294920.09375,5220.5
318985.6875,6019.39990234375
492846.0,118796.8984375
479002.09375,125772.703125
617517.0,18187.599609375
577625.875,75897.5
268218.0,9242.599609375
527241.1875,13965.7998046875
551905.125,87153.296875
321397.40625,18908.400390625
284697.59375,6109.2001953125
436813.40625,11038.400390625
301522.09375,6605.7001953125
542343.0,145281.40625
304431.40625,7452.5
299847.90625,7968.60009765625
277587.09375,5274.60009765625
359669.6875,120318.6015625
489494.09375,10218.5
269997.40625,6227.7998046875
321398.8125,96705.203125
589637.125,13682.7998046875
600455.3125,16327.900390625
295420.59375,6679.89990234375
483592.09375,169788.796875
602218.875,9486.400390625
350099.09375,55682.5
392670.5,112483.703125
329715.0,8339.400390625
345610.90625,35062.8984375
291093.09375,7007.2001953125
436897.0,136090.59375
318174.90625,9886.2001953125
279604.90625,3062.699951171875
594240.8125,13312.7001953125
425521.90625,132398.90625
396815.3125,103414.6015625
244450.59375,96107.203125
331547.5,51652.8984375
246119.40625,5709.0
294879.90625,7327.60009765625
311416.8125,11161.099609375
270855.59375,5647.10009765625
277134.3125,4400.7998046875
367706.1875,89366.296875
312177.90625,14822.900390625
361440.1875,45612.6015625
535115.3125,122233.6015625
297720.0,6656.2001953125
339295.8125,24883.5
433114.09375,99531.296875
372074.8125,161799.90625
576494.125,54691.3984375
497474.59375,13673.2998046875
440796.3125,105840.3984375
274909.90625,6712.39990234375
283906.09375,6245.0
584145.6875,9623.400390625
254164.0,9564.400390625
302113.40625,14278.900390625
471719.59375,126086.703125
316640.5,94990.6015625
494480.40625,11696.2001953125
343549.6875,78163.1015625
501039.90625,126684.703125
330033.8125,59308.80078125
455665.59375,115129.296875
417759.5,106632.703125
445178.59375,166168.796875
366981.40625,84167.3984375
462217.09375,185420.703125
266979.8125,7092.10009765625
342310.40625,48997.8984375
425682.40625,168575.5
374388.40625,47474.6015625
415124.3125,126154.1015625
349080.59375,5387.10009765625
561664.625,10141.099609375
572174.6875,14843.599609375
469049.8125,145473.59375
318690.59375,55019.5
401186.5,130367.703125
449353.3125,8057.0
280883.8125,7786.2001953125
300260.8125,40492.3984375
292202.59375,7759.89990234375
299135.09375,6977.2998046875
594552.875,13007.900390625
493763.09375,199957.5
581918.5,19188.69921875
562681.6875,7360.89990234375
308679.40625,34242.8984375
349877.59375,135439.203125
275158.0,8978.599609375
439202.40625,206289.203125
578943.1875,14839.099609375
561871.375,102748.5
501201.90625,99647.703125
262925.3125,5345.7001953125
449093.40625,161774.90625
272018.59375,5369.2001953125
293206.3125,5345.10009765625
311200.40625,18607.0
390162.90625,79101.1015625
440314.8125,137436.09375
396749.09375,9550.599609375
302837.09375,6003.60009765625
353758.1875,124417.296875
357000.40625,106282.8984375
279549.1875,6649.60009765625
567405.625,12341.5
296301.90625,8195.2998046875
357852.8125,49774.19921875
303682.09375,7739.7998046875
298186.59375,7777.2998046875
481805.8125,133445.40625
432359.40625,10704.400390625
349221.09375,52296.0
344748.5,154401.203125
278203.1875,15644.900390625
391264.40625,268142.40625
325883.09375,80919.203125
282399.5,7236.39990234375
296819.0,7560.60009765625
365901.09375,47739.1015625
312823.6875,8028.89990234375
315628.0,31954.900390625
559880.5,212122.90625
513915.8125,12321.599609375
584312.125,40183.80078125
502461.1875,197046.0
285774.3125,7717.89990234375
391502.6875,160193.59375
321362.6875,35415.8984375
545373.6875,25341.5
287107.0,5824.89990234375
284604.40625,7010.7998046875
552939.125,108092.8984375
289528.5,5258.2001953125
579924.1875,13581.900390625
577996.875,35629.30078125
578630.625,15714.2001953125
385352.6875,63243.0
457445.6875,148784.59375
583006.6875,37071.6015625
530860.1875,13382.900390625
290974.0,6486.89990234375
388245.09375,250548.59375
523636.1875,108617.3984375
471244.5,14714.599609375
295153.59375,6578.2998046875
302511.5,6213.89990234375
382782.3125,106389.1015625
286792.09375,5577.7998046875
574733.6875,12885.5
564042.1875,12089.7998046875
602910.125,16184.0
274544.3125,6617.7001953125
400294.6875,242030.90625
281356.0,5554.0
322116.1875,9374.5
304156.90625,9784.7998046875
512641.59375,14335.900390625
266883.0,31196.69921875
305444.6875,7302.39990234375
439470.40625,314672.3125
552299.875,11601.7998046875
336447.09375,57316.69921875
279859.6875,6833.39990234375
550001.8125,12581.2001953125
583049.875,20477.0
287441.59375,18303.5
382480.40625,118989.5
422008.6875,163219.5
492980.59375,130104.6015625
432680.6875,126590.0
559921.3125,10202.900390625
292714.0,7990.2998046875
419648.5,238377.09375
574695.625,12510.900390625
299248.09375,6546.89990234375
408980.8125,137578.796875
584580.875,13863.400390625
408823.90625,143539.5
524755.3125,135017.296875
552367.875,13727.900390625
280999.5,4783.2001953125
279100.8125,5287.5
256664.296875,4886.60009765625
558155.1875,113904.296875
457307.59375,189604.296875
544449.8125,13282.099609375
273596.1875,5225.60009765625
560794.125,12030.400390625
455922.40625,130563.5
302441.1875,6865.2001953125
295076.8125,7072.2001953125
254175.796875,31438.19921875
303915.40625,20546.69921875
252214.5,89383.1015625
525125.875,123071.6015625
570398.0,11221.400390625
549001.1875,13306.400390625
573945.0,13159.599609375
364168.09375,81379.296875
397815.5,135311.90625
304230.3125,64735.6015625
249520.59375,7324.2998046875
330639.1875,26450.0
280343.8125,6143.39990234375
548137.1875,60423.6015625
262473.6875,36430.30078125
391976.59375,119379.5
263645.3125,5196.7001953125
298581.1875,5880.39990234375
577923.0,79236.5
293265.5,13498.400390625
494188.90625,139017.796875
280560.59375,6723.89990234375
574835.5,69732.703125
267326.1875,6269.89990234375
283500.90625,5173.2998046875
291200.90625,6151.2998046875
353177.59375,102302.203125
598083.6875,13217.0
598861.6875,11865.099609375
488207.3125,122552.703125
371904.5,44904.1015625
442663.59375,167917.09375
275018.0,11537.900390625
595589.1875,14281.900390625
530131.0,13634.900390625
297502.59375,20882.80078125
295549.5,6802.39990234375
568299.3125,12467.599609375
336218.59375,86668.296875
594549.1875,11793.0
560963.8125,92739.3984375
344510.1875,106218.796875
498257.3125,115971.703125
279392.6875,8701.400390625
289735.0,7274.0
303634.5,8046.89990234375
446942.40625,187138.796875
281928.09375,4633.89990234375
369156.0,82811.203125
425597.6875,124608.8984375
345812.90625,85167.796875
308648.40625,40602.30078125
591264.1875,21006.5
321444.6875,10308.099609375
302064.6875,8497.900390625
429619.3125,156022.703125
294612.59375,8961.599609375
383260.59375,126362.5
451221.6875,131841.40625
257529.703125,8528.400390625
358308.90625,49308.5
303883.1875,6429.5
248941.703125,5589.0
290050.3125,6912.89990234375
287609.0,12691.599609375
331043.09375,99814.3984375
571324.625,13097.400390625
339326.8125,50622.80078125
590689.375,11476.900390625
321863.40625,82929.0
298323.0,7335.89990234375
532249.375,9595.900390625
585805.8125,13783.0
575948.6875,18194.0
520741.6875,336718.8125
265372.1875,9827.099609375
270302.40625,6888.7998046875
273318.5,6367.39990234375
466042.5,180107.59375
345501.59375,46787.1015625
331025.90625,43787.6015625
292829.0,6432.39990234375
552366.5,263930.90625
603689.0,16016.599609375
268883.09375,5727.7998046875
499485.1875,11110.099609375
301858.59375,7352.5
250283.703125,4833.39990234375
307759.1875,6528.0
286025.5,7380.39990234375
316786.5,10380.099609375
305906.90625,29506.099609375
314210.1875,8003.39990234375
548247.0,19406.400390625
301867.3125,10841.099609375
289810.6875,4257.0
513910.6875,57686.30078125
462652.59375,149575.0
394746.59375,92496.8984375
515937.0,116781.203125
294882.1875,6953.89990234375
296567.40625,4453.7998046875
264516.40625,6631.2998046875
399279.09375,9519.7001953125
327586.1875,71220.5
333922.1875,56826.1015625
489198.6875,111580.8984375
311981.59375,43798.1015625
438443.40625,158125.5
277307.09375,9143.0
298915.6875,7831.39990234375
556041.625,71240.6015625
402963.1875,157927.5
287622.5,6171.2998046875
579290.125,14915.900390625
318050.5,42578.3984375
439216.09375,14720.599609375
364442.0,145552.90625
350870.1875,73026.3984375
391292.0,235117.90625
312326.3125,30068.599609375
540909.125,147469.296875
286662.1875,5014.10009765625
496093.59375,145235.0
309232.5,5912.89990234375
459277.59375,10662.099609375
369942.90625,78375.1015625
309678.0,32264.400390625
506485.1875,73600.8984375
289317.0,6074.39990234375
302673.0,70567.6015625
380266.59375,144916.296875
294522.0,5594.89990234375
312505.3125,8609.099609375
302053.59375,9534.7998046875
440719.6875,124176.0
303739.3125,7048.39990234375
590401.1875,13403.599609375
318547.6875,13829.7998046875
272562.59375,6521.0
303989.8125,8048.7001953125
466028.6875,126288.0
491178.0,113641.203125
264652.40625,4089.800048828125
582710.875,12399.2998046875
265697.09375,4301.7001953125
429637.1875,134149.0
545624.6875,174588.59375
347080.6875,45334.8984375
608326.3125,17075.69921875
281097.40625,13776.0
288018.09375,25785.0
298712.6875,10309.400390625
584998.1875,12309.900390625
588186.875,15139.5
302188.6875,6984.5
472838.6875,150823.0
302877.8125,8410.400390625
294727.5,5316.60009765625
377553.59375,14007.900390625
469555.59375,149257.40625
549790.625,9955.599609375
256910.796875,6618.60009765625
570238.6875,13282.0
392820.3125,104741.8984375
494020.6875,138850.59375
471655.59375,108712.0
245335.796875,7698.7001953125
306805.6875,9642.900390625
333823.5,46656.0
503985.1875,101289.0
601631.0,14888.900390625
267401.90625,5572.2998046875
345415.59375,38423.1015625
546916.0,9818.900390625
303228.1875,8093.89990234375
384985.0,113948.8984375
464176.5,155310.09375
299900.59375,5928.2998046875
395105.0,86930.8984375
465758.8125,148421.09375
567462.125,27650.80078125
499248.6875,131154.5
302954.3125,6488.39990234375
281418.6875,5092.60009765625
512953.6875,13714.2998046875
309941.59375,8193.0
262759.3125,8948.7001953125
284386.1875,4521.5
277231.90625,7659.7998046875
523044.59375,12593.900390625
304233.5,7843.2001953125
450903.1875,14808.400390625
596580.875,15934.2998046875
301064.09375,12563.7001953125
435306.6875,173274.5
559545.1875,7995.10009765625
307771.6875,6268.60009765625
339445.5,94501.3984375
298616.5,6340.10009765625
277238.09375,5619.60009765625
319308.6875,13568.400390625
262925.5,6270.60009765625
304210.5,5848.39990234375
328730.0,11779.900390625
341612.5,80574.6015625
301553.59375,5212.60009765625
299079.90625,7558.10009765625
252640.5,34839.8984375
427223.1875,95797.3984375
441937.0,129796.3984375
303067.5,5391.10009765625
354396.09375,131382.296875
459215.5,167059.40625
300797.8125,40277.6015625
291801.09375,5495.2998046875
424923.1875,75956.0
599137.3125,23375.400390625
351652.6875,82583.1015625
452896.1875,152572.796875
582849.625,14285.5
452945.5,120848.5
457606.6875,183142.5
347466.5,93808.8984375
276763.09375,12951.900390625
594488.5,16062.7001953125
598150.875,13427.2998046875
284601.40625,20683.30078125
557609.1875,149639.5
529748.6875,11147.599609375
355905.6875,73583.6015625
530346.6875,85783.3984375
289300.3125,6968.7001953125
304812.09375,5852.60009765625
294251.59375,8009.5
295515.1875,5335.89990234375
400826.6875,135395.40625
313545.90625,7769.5
312597.1875,10587.0
292161.09375,7752.10009765625
591179.5,16455.900390625
594440.5,12439.099609375
262986.59375,5917.10009765625
590562.875,12192.599609375
296967.5,9504.400390625
310159.1875,36919.3984375
583592.5,12590.900390625
343783.0,38758.3984375
549488.8125,168570.59375
350951.09375,11354.7998046875
577390.6875,15726.0
577080.3125,13595.400390625
279770.1875,6348.2998046875
371647.8125,147748.703125
471818.1875,159727.40625
254631.0,5970.0
546803.6875,10835.5
268115.5,3681.89990234375
509867.5,123389.703125
311257.1875,53944.3984375
314534.90625,6777.7998046875
452704.59375,139608.203125
307450.1875,8847.099609375
512783.6875,23502.599609375
399527.6875,86482.8984375
306963.3125,7090.7001953125
289220.59375,8906.599609375
306193.40625,10341.0
457333.59375,310316.0
290437.0,5937.60009765625
299966.09375,6698.60009765625
553260.875,9949.599609375
260994.0,7725.39990234375
309536.1875,10337.400390625
596371.125,14080.2998046875
587620.3125,13224.099609375
346951.6875,49250.5
312068.8125,9580.2001953125
307344.6875,9282.400390625
445062.1875,146850.5
307620.5,9632.900390625
298918.90625,6549.7998046875
380887.59375,128177.3984375
301291.1875,38186.3984375
313135.90625,61589.30078125
314036.90625,7091.7998046875
392815.09375,88010.703125
326683.1875,99792.5
321986.1875,138113.59375
298563.6875,6774.89990234375
278796.3125,5639.7001953125
312362.8125,8182.2998046875
263416.09375,4025.60009765625
594556.875,12589.5
287327.09375,6074.0
291142.6875,7072.0
437096.59375,157546.09375
309216.6875,6738.10009765625
440821.09375,116092.0
314184.59375,22735.30078125
548057.375,93120.3984375
437260.1875,17534.400390625
590631.8125,14031.2998046875
511374.0,84766.5
259564.59375,9185.2998046875
541108.5,26077.5
504418.59375,96011.203125
304810.09375,19843.400390625
259006.796875,6576.7998046875
546105.6875,64071.8984375
406631.5,139418.296875
307266.3125,6680.2998046875
429649.1875,103203.0
500735.8125,13700.0
430133.1875,10670.0
559114.0,13458.400390625
298387.40625,6391.2001953125
449065.09375,89954.0
464032.59375,140910.796875
404923.90625,65617.3984375
298558.8125,5892.2998046875
289605.0,9541.5
294124.09375,7141.7998046875
295633.0,42151.80078125
578718.0,143690.0
298004.59375,7439.2001953125
297019.8125,6644.89990234375
337384.1875,125461.0
353332.90625,11239.7998046875
318833.5,40145.80078125
345467.6875,57431.19921875
288935.40625,5767.60009765625
285327.1875,51213.0
285509.09375,11070.099609375
305371.6875,9798.099609375
331298.09375,30066.5
599990.125,15603.2998046875
589292.875,13198.900390625
304471.6875,5775.89990234375
426751.0,84809.5
552925.625,10231.7998046875
308245.0,8583.7998046875
534809.125,33912.19921875
294091.0,7620.2001953125
545838.375,10649.900390625
296543.6875,17906.5
489772.09375,186177.796875
332855.40625,8346.7998046875
585616.6875,71634.0
307723.59375,6924.89990234375
572463.8125,10950.7998046875
334472.1875,87305.3984375
571685.0,94495.796875
298546.1875,6223.2001953125
299716.3125,7699.2998046875
294223.1875,5655.60009765625
336100.90625,54434.69921875
327162.59375,83567.6015625
442446.6875,108175.1015625
466962.59375,139259.0
248579.09375,9076.2998046875
297448.90625,6847.39990234375
325322.09375,20818.099609375
376769.6875,124068.3984375
288437.5,113839.5
591906.125,12703.2001953125
317038.0,49445.19921875
290455.40625,8702.400390625
372058.8125,98738.3984375
311804.09375,8516.7998046875
414291.40625,115658.296875
346999.09375,74459.3984375
256640.296875,6555.7998046875
310137.1875,8213.400390625
516328.90625,103215.203125
506929.59375,10470.099609375
586610.625,13919.5
287173.40625,5706.39990234375
353731.1875,131977.90625
331039.0,15798.099609375
288209.3125,84865.296875
450971.59375,135882.796875
331908.5,10588.7998046875
291418.5,4656.0
321874.09375,56926.19921875
295534.5,4957.2001953125
582795.375,11659.400390625
359044.6875,77340.5
314029.1875,6972.5
493993.09375,378796.40625
312309.8125,6617.7998046875
255083.59375,5160.2998046875
312428.40625,52715.3984375
362470.59375,64350.6015625
580471.875,12436.2001953125
290391.40625,4348.7001953125
568620.6875,11236.099609375
394946.59375,12681.0
279131.5,6543.7001953125
410769.40625,21946.900390625
337580.6875,6856.39990234375
303935.3125,4948.7998046875
336654.90625,59879.69921875
463355.1875,123084.6015625
466894.09375,127167.296875
571821.5,66787.203125
250720.90625,7133.89990234375
293425.59375,6070.60009765625
431372.6875,108334.8984375
288070.0,7899.60009765625
511499.8125,37558.30078125
294759.09375,12624.7998046875
275495.0,4434.2998046875
299177.09375,7890.7001953125
425351.5,147613.703125
549616.375,10857.900390625
547445.1875,60737.0
269269.09375,24303.30078125
294805.40625,4100.7998046875
380717.1875,92759.5
503561.09375,42600.3984375
297364.6875,6025.7001953125
294473.59375,7312.60009765625
254613.203125,7053.60009765625
382927.59375,137346.296875
575258.875,15510.900390625
356652.09375,175194.59375
527125.6875,74485.3984375
401699.3125,110648.296875
505797.0,106761.0
341397.09375,33902.80078125
259183.0,55929.80078125
270282.0,6449.5
398485.59375,11891.7001953125
562204.0,15452.2001953125
287472.1875,5796.5
379216.59375,116992.796875
277806.1875,6226.5
498884.3125,96076.796875
301075.6875,5036.89990234375
274333.5,5936.7998046875
255881.203125,6510.2001953125
293850.8125,7600.2998046875
393698.1875,90192.1015625
316601.90625,54832.6015625
297539.6875,141438.90625
585863.8125,12066.5
290189.6875,5929.5
384861.5,99544.6015625
294272.5,7692.2001953125
307388.59375,15261.099609375
513302.0,117489.203125
338992.90625,179123.40625
272652.0,61727.1015625
464393.09375,139456.703125
335440.3125,155438.90625
306410.40625,83396.703125
539773.625,14530.599609375
257208.703125,6940.10009765625
282215.09375,7780.5
451973.59375,219305.796875
570377.875,21295.900390625
388182.6875,141098.40625
298614.3125,6248.2998046875
395340.5,84964.0
609121.625,22438.80078125
317064.0,35251.80078125
298054.59375,13877.2001953125
562479.5,9508.7001953125
577567.375,14647.900390625
374465.8125,127953.8984375
536973.6875,137796.0
273031.59375,5797.7998046875
583809.375,26831.80078125
272250.1875,5202.5
451462.59375,13093.400390625
443032.3125,156877.296875
490141.6875,245675.90625
291130.1875,6377.7001953125
494631.3125,150967.296875
578302.6875,15920.099609375
574520.875,15342.599609375
329502.1875,58662.3984375
309004.3125,5854.0
318363.6875,51328.0
309866.0,8407.900390625
294731.5,46692.1015625
607430.375,14732.0
292751.09375,6887.60009765625
306447.40625,64089.3984375
533769.0,89654.1015625
343106.59375,68907.6015625
552172.125,13880.5
446822.09375,140276.796875
384847.09375,128495.1015625
555901.1875,10060.400390625
551602.5,14032.099609375
563050.3125,119895.796875
575988.125,16499.30078125
294270.5,8340.2998046875
293836.59375,7748.7001953125
308324.3125,6453.39990234375
331907.1875,46130.0
314934.59375,19092.900390625
272256.1875,30308.400390625
287324.6875,18020.099609375
582229.1875,14186.900390625
338560.5,42962.3984375
268580.5,71701.6015625
303471.90625,6569.5
376947.40625,105899.8984375
557445.5,11540.7001953125
305953.09375,8063.60009765625
260031.90625,5665.2001953125
386210.1875,80241.1015625
276450.59375,36199.5
356797.59375,84317.296875
577900.6875,16451.900390625
362888.5,128505.1015625
467592.3125,71671.296875
535223.0,10790.5
309344.09375,7451.2998046875
268921.0,5425.7998046875
423868.0,108783.0
365281.09375,13359.7001953125
303184.5,9242.7001953125
556557.375,8429.400390625
551460.8125,45789.3984375
293085.1875,5381.5
371392.59375,139185.296875
298961.6875,5919.5
593061.125,33469.3984375
295578.1875,9598.900390625
483361.5,11807.7998046875
311537.8125,6302.7998046875
284763.90625,6619.10009765625
317789.6875,60290.0
343478.1875,28498.400390625
287386.8125,6272.0
308750.6875,9650.5
302706.5,8590.099609375
514701.90625,123965.5
388011.40625,109840.3984375
557959.375,59348.3984375
585608.875,97317.203125
586722.1875,14503.099609375
300078.59375,6579.5
391782.59375,89159.1015625
264323.0,7024.10009765625
565806.125,15792.7998046875
310284.5,7748.2998046875
289612.5,5864.0
471362.40625,66811.3984375
503050.8125,58315.8984375
283544.1875,7113.0
302248.09375,8180.7998046875
291710.1875,12307.0
438530.09375,153940.90625
526006.6875,97606.8984375
526944.8125,165201.796875
250774.203125,50387.6015625
555776.375,9696.099609375
287590.1875,7010.5
292529.6875,6250.39990234375
356078.1875,90184.0
283146.0,7034.89990234375
492503.5,204312.59375
393061.90625,103816.5
441240.90625,11392.400390625
584838.625,76279.1015625
310587.5,6022.7998046875
245169.0,7051.60009765625
541906.625,75751.203125
370018.0,84121.5
562849.8125,12729.400390625
308990.90625,6339.7998046875
325736.6875,26563.5
531254.5,10371.099609375
294779.40625,8748.099609375
258732.703125,6907.7998046875
541289.875,168720.90625
312952.09375,24920.599609375
294967.1875,14399.599609375
572278.625,82930.796875
254204.703125,5353.89990234375
585772.5,11973.099609375
569900.5,15325.0
533433.125,269646.8125
300123.0,54121.30078125
296757.5,5872.5
547073.125,64805.19921875
292411.0,9461.7001953125
280600.3125,6384.89990234375
302490.09375,7789.7998046875
584535.375,13169.7998046875
328240.1875,13326.0
582621.625,12563.900390625
589686.8125,17550.80078125
329738.09375,41294.0
434430.90625,108017.3984375
539320.0,113054.1015625
256078.09375,63471.6015625
458524.40625,133812.5
397808.5,149539.5
302135.90625,6136.10009765625
526538.6875,104627.5
259571.59375,7365.10009765625
313863.40625,13822.599609375
318968.09375,53947.69921875
587721.6875,12236.2998046875
303498.5,102852.3984375
569089.125,10459.2001953125
549644.875,13819.5
307911.0,8242.400390625
385203.8125,145627.796875
327098.8125,9643.099609375
270427.59375,23986.80078125
495596.5,172028.59375
522940.59375,102356.8984375
299221.5,7095.7001953125
560173.875,12737.2998046875
325400.09375,71319.296875
571894.3125,11970.7001953125
585415.375,11208.0
468646.0,198878.90625
530263.3125,72040.0
618602.3125,16088.599609375
566735.6875,11072.2998046875
306297.90625,6921.0
280678.90625,86079.3984375
586175.3125,51388.80078125
580252.6875,10249.599609375
421992.40625,13167.099609375
291140.40625,8543.7001953125
422992.09375,161788.203125
266530.0,6412.2001953125
286756.59375,6418.89990234375
350441.59375,53149.5
292672.90625,7853.89990234375
284430.59375,8405.099609375
538997.5,171580.09375
499208.8125,78799.5
279666.90625,5465.60009765625
440093.59375,248839.59375
578496.875,8939.599609375
438292.0,138806.90625
556109.625,90014.203125
455766.59375,194125.09375
261810.90625,76892.5
327573.8125,112035.296875
428033.0,89497.6015625
303105.8125,8492.2998046875
583113.625,14775.0
283268.0,6058.5
260289.203125,11207.900390625
336648.3125,89394.6015625
584027.3125,11416.0
297980.90625,6118.2001953125
297064.40625,6072.60009765625
259951.59375,8854.7001953125
551488.6875,12124.7998046875
372149.5,74426.8984375
263409.59375,6491.60009765625
511695.3125,149167.296875
390073.0,145837.09375
299954.5,11862.900390625
557179.125,14902.900390625
301571.59375,15644.2998046875
584088.0,11083.599609375
326838.1875,36035.8984375
337427.09375,90642.3984375
276732.0,6696.7001953125
302526.40625,7563.7998046875
547583.125,12751.0
313376.5,18986.099609375
478943.59375,223677.09375
279227.40625,5653.5
256192.703125,50702.8984375
322032.5,51553.6015625
378081.3125,7944.60009765625
300047.6875,4625.5
311514.09375,9976.099609375
497512.90625,147282.09375
325186.59375,39090.19921875
304011.59375,7077.10009765625
430518.90625,10539.5
491745.90625,12721.7001953125
292792.3125,6536.7998046875
336041.0,134458.59375
536705.125,73560.0
303808.0,8360.599609375
345703.59375,70471.6015625
357852.40625,58239.5
247223.5,6232.5
268124.0,8169.60009765625
556113.8125,13356.099609375
576066.875,40581.69921875
307093.6875,8743.5
328811.1875,92762.796875
558129.375,9305.5
251285.40625,4700.2001953125
518483.8125,83546.296875
300284.5,7802.89990234375
305529.3125,58973.6015625
504916.0,147848.59375
470539.6875,137079.90625
486853.09375,133994.90625
431358.59375,10825.900390625
577427.875,12100.7998046875
309300.09375,19014.30078125
277483.59375,5436.5
282911.0,7016.10009765625
305390.40625,9461.5
366237.1875,94984.3984375
334277.8125,74059.0
277504.90625,7262.2001953125
283126.1875,6939.0
285014.90625,4190.60009765625
572673.6875,27831.30078125
467583.5,127375.8984375
282108.59375,35475.69921875
288810.3125,5943.7998046875
307431.0,7363.10009765625
270633.59375,6737.39990234375
373142.3125,160721.796875
287991.09375,7348.0
582202.0,13351.599609375
369446.90625,121531.0
593804.0,27054.0
287923.6875,7417.39990234375
294004.0,11602.099609375
276875.6875,5169.5
291426.09375,8174.10009765625
573647.6875,31101.80078125
447259.5,89682.3984375
486525.59375,107051.6015625
401801.90625,122880.5
400467.0,131799.09375
324952.09375,35848.8984375
253430.59375,4767.0
294928.40625,18950.400390625
277988.5,79625.6015625
355301.09375,72554.6015625
321905.40625,26539.5
540945.5,13865.0
412011.6875,144885.40625
440113.0,143893.09375
400877.3125,137140.09375
514221.8125,41431.0
448309.40625,109095.203125
359022.6875,131993.0
285271.59375,6914.10009765625
291521.90625,61481.6015625
269274.09375,120704.203125
291879.6875,5186.2998046875
571461.0,15869.400390625
370718.59375,130852.203125
256397.09375,5698.60009765625
489133.40625,67615.5
289065.90625,6613.7001953125
274472.8125,7208.7998046875
586020.0,39763.6015625
415004.09375,150251.90625
315277.3125,34413.1015625
313946.5,9758.599609375
320523.6875,9413.400390625
326002.09375,54307.3984375
297688.5,12146.599609375
289413.09375,5197.39990234375
247281.40625,6155.7998046875
455851.8125,164116.203125
447609.3125,135880.203125
514225.0,90614.8984375
295821.3125,6396.5
470709.3125,160580.09375
296876.59375,6755.5
580264.0,10810.099609375
278585.40625,5806.0
275151.5,7300.5
363575.6875,182021.90625
571792.5,15215.599609375
455573.3125,10368.599609375
335286.3125,36949.0
294085.40625,76028.703125
330338.59375,52990.6015625
279001.90625,13632.599609375
534272.125,178290.703125
345916.09375,49257.69921875
515768.59375,107795.1015625
371108.90625,76731.5
343780.3125,44650.30078125
337175.0,49402.1015625
291175.5,6518.39990234375
464552.59375,157453.90625
372122.8125,107834.296875
556682.375,102726.8984375
297979.09375,198355.59375
376089.5,89689.0
562832.1875,112643.8984375
299185.8125,5932.60009765625
256295.796875,38649.0
525031.375,102215.1015625
595159.1875,15897.5
596238.125,21204.19921875
271822.6875,6739.2998046875
315821.09375,59014.19921875
460381.90625,184296.703125
292892.5,5704.39990234375
288250.09375,8001.89990234375
315919.8125,40413.1015625
421914.1875,93825.8984375
300359.5,7005.60009765625
443491.90625,133399.40625
475513.5,163661.09375
590106.875,108841.0
357820.0,158774.5
567570.8125,12611.099609375
311333.90625,10557.099609375
446967.1875,130639.0
308993.59375,6422.7001953125
539456.0,12002.400390625
298251.09375,14692.599609375
576464.875,12264.5
468988.90625,168305.703125
604348.8125,20394.80078125
411699.40625,128922.3984375
296400.5,5893.60009765625
258892.0,9009.5
281456.0,6396.60009765625
479268.3125,147281.5
592240.1875,20308.5
265671.59375,4988.7001953125
365021.1875,120703.796875
455566.0,133615.90625
416861.59375,121593.203125
489714.90625,123646.0
555208.375,13251.7001953125
575061.0,13869.099609375
478664.5,174597.40625
308315.59375,6468.89990234375
520767.3125,80019.796875
354019.90625,89061.203125
421873.8125,149943.09375
305063.59375,8214.7998046875
309986.5,20625.099609375
256807.09375,26208.400390625
281981.0,6903.10009765625
280116.59375,5311.39990234375
295731.5,23711.19921875
537301.125,13001.599609375
489205.40625,184548.0
500377.1875,142608.40625
290258.0,9260.099609375
544303.8125,57913.6015625
560369.875,7593.10009765625
302616.1875,6211.0
277069.40625,6358.60009765625
345824.09375,95179.203125
271137.5,6070.39990234375
259433.09375,11706.2001953125
518511.40625,129132.0
396281.8125,128876.796875
508213.0,11792.900390625
296965.8125,5313.7998046875
299834.40625,8658.2001953125
400662.8125,145839.59375
562631.125,12921.0
272734.90625,11910.400390625
326261.5,60065.6015625
346633.59375,142288.09375
304601.5,18472.5
303915.6875,7389.89990234375
326963.5,48888.6015625
279969.3125,4225.5
286438.40625,4819.10009765625
360282.90625,112496.203125
456089.6875,116664.5
324150.09375,49674.1015625
437215.90625,115403.1015625
577595.125,16636.69921875
432153.6875,89162.296875
386048.40625,152895.5
292607.40625,5165.7001953125
396315.0,168781.09375
552801.5,13022.900390625
318990.3125,40205.80078125
261676.40625,19848.69921875
475989.09375,170955.796875
297736.1875,7922.89990234375
371388.59375,125442.3984375
285308.5,5608.60009765625
592213.625,13418.400390625
531628.0,12684.2001953125
300310.90625,6522.7998046875
359005.3125,98323.703125
307417.8125,6601.2001953125
266289.40625,7175.5
348842.5,86836.3984375
563662.625,13079.0
298093.40625,6880.39990234375
373939.0,59226.1015625
570854.125,126832.1015625
350293.6875,164014.90625
306273.0,9118.099609375
570377.3125,10094.599609375
299377.8125,7450.0
585703.375,11759.099609375
553663.6875,13012.0
414219.59375,105758.203125
286697.6875,8426.7998046875
555909.0,11873.900390625
507028.09375,78034.203125
355808.40625,94666.0
301457.90625,9106.7001953125
430136.3125,153601.796875
572932.0,11537.900390625
276833.09375,6894.39990234375
383212.09375,93871.8984375
379281.09375,90849.5
335348.8125,115487.0
563595.375,67894.1015625
537563.875,128553.8984375
494601.1875,162354.09375
541119.125,11274.7998046875
294508.3125,8952.5
308670.1875,9139.900390625
354831.40625,68365.6015625
432782.5,133130.90625
540215.0,47205.3984375
447109.3125,13000.900390625
282836.8125,5500.10009765625
463182.0,12072.2998046875
311921.1875,12935.599609375
292007.5,8170.39990234375
298466.09375,5189.2998046875
250704.59375,87723.8984375
274341.3125,57092.6015625
598427.1875,12867.7998046875
614366.6875,16347.2998046875
425022.59375,227125.40625
354840.3125,113557.0
480295.0,12823.2001953125
297567.3125,7716.5
345667.90625,59531.6015625
303946.90625,8866.099609375
369116.59375,11740.2998046875
290868.40625,5282.60009765625
273926.0,6720.89990234375
418011.5,11997.900390625
583253.375,13862.2998046875
561156.8125,94013.3984375
599483.125,12047.599609375
453306.5,333925.3125
274434.1875,5900.10009765625
543462.5,110613.8984375
303885.09375,6526.7998046875
345441.6875,31940.30078125
323391.8125,120349.5
506435.0,115538.703125
487047.8125,148826.5
308310.90625,28939.900390625
563708.875,51861.3984375
282783.40625,6674.60009765625
312722.1875,8499.099609375
405597.1875,113991.3984375
300692.90625,6331.10009765625
452020.0,119330.3984375
309125.0,7047.89990234375
587345.375,12124.7998046875
476025.8125,101434.8984375
427365.3125,88507.6015625
485853.6875,110632.1015625
267498.0,4985.39990234375
327909.6875,26668.80078125
305413.3125,14085.599609375
299265.6875,91902.796875
546089.625,11702.900390625
511325.8125,194227.40625
519768.0,15592.7998046875
322005.1875,33430.8984375
323152.3125,52734.1015625
263569.3125,6389.60009765625
252493.59375,8575.400390625
301486.09375,7201.89990234375
437680.8125,156987.40625
596045.0,13488.099609375
296000.6875,5462.2998046875
318600.3125,10832.0
306296.0,12468.900390625
305467.8125,6442.2998046875
416069.3125,112274.1015625
293151.3125,18082.30078125
300432.09375,9604.7001953125
547448.0,11096.5
308882.5,7675.2998046875
261438.703125,3672.800048828125
570152.625,23387.5
306794.5,9786.2001953125
331455.3125,45269.0
599737.375,22740.900390625
568534.875,15247.900390625
303991.90625,12772.599609375
308934.59375,8188.7998046875
276250.3125,10516.0
528464.1875,16473.900390625
366264.90625,59957.1015625
304570.5,5767.39990234375
268938.09375,6874.10009765625
335416.5,25126.900390625
291979.90625,7100.7998046875
317534.8125,39263.3984375
428178.8125,110332.6015625
301934.09375,5813.60009765625
440188.0,129031.3984375
299611.09375,7445.2998046875
310095.90625,10196.7001953125
570311.1875,12211.2998046875
283748.1875,6466.39990234375
291658.3125,5764.60009765625
304207.8125,6784.10009765625
499427.59375,98714.3984375
331780.59375,35082.8984375
313871.8125,13367.5
439800.5,183392.90625
359867.6875,90684.296875
288564.09375,7266.39990234375
505717.8125,93840.5
298647.40625,9765.400390625
371510.40625,94399.1015625
359887.90625,72477.3984375
454778.90625,98072.203125
587673.375,13870.599609375
454983.09375,92347.796875
580714.6875,8917.400390625
512255.5,127769.8984375
373887.0,87669.8984375
300232.90625,7415.7998046875
266452.8125,6623.89990234375
412119.8125,233032.59375
357376.1875,100327.1015625
565793.5,12802.400390625
453770.6875,76124.296875
458038.59375,129234.3984375
291356.40625,7667.7001953125
370749.09375,142080.90625
320139.3125,13394.900390625
547442.5,107132.796875
295663.6875,5886.39990234375
296597.3125,6623.10009765625
298898.3125,6619.10009765625
479496.59375,186847.40625
273440.09375,6361.89990234375
284686.6875,9425.7998046875
525703.625,14246.900390625
530260.125,14749.0
301742.5,6989.7001953125
303023.8125,99054.0
288807.40625,6443.39990234375
527299.375,9738.400390625
290104.40625,6848.7001953125
474388.90625,123831.1015625
541746.1875,16911.599609375
383321.09375,139078.296875
462361.1875,163592.40625
283190.5,5620.89990234375
303505.5,20245.900390625
408117.90625,112264.296875
414189.8125,11685.400390625
523058.8125,149786.09375
553878.5,54007.30078125
448061.6875,94817.1015625
294215.0,6127.89990234375
341672.1875,67223.796875
289448.09375,9663.900390625
297847.40625,6863.7001953125
570595.3125,13227.900390625
454174.0,74723.296875
289688.3125,5652.60009765625
295756.8125,7032.10009765625
538570.125,21349.900390625
283086.09375,5821.89990234375
341967.8125,16481.400390625
303635.0,6831.10009765625
533583.1875,127065.296875
359983.59375,8284.900390625
590496.125,11994.5
600030.3125,13135.0
347489.5,49942.69921875
287292.90625,7530.60009765625
294561.90625,6129.89990234375
244245.90625,5216.2001953125
361804.40625,97769.1015625
268983.1875,6763.10009765625
501614.09375,20830.80078125
338892.3125,111059.5
291581.5,9404.900390625
381005.8125,63787.6015625
571134.125,21586.099609375
523411.6875,100699.1015625
413971.09375,126333.796875
430336.6875,62150.30078125
281887.09375,6332.39990234375
443798.5,14925.2001953125
568770.8125,18405.0
275199.40625,5036.39990234375
604478.375,14639.400390625
526182.875,99952.203125
583123.875,12061.599609375
295770.1875,6156.10009765625
278066.09375,5141.2998046875
257839.296875,69109.5
292275.40625,6412.10009765625
590330.5,14302.400390625
571480.375,13566.7998046875
571316.3125,15528.900390625
518277.3125,13946.599609375
563119.125,12433.599609375
413263.5,126092.796875
479636.1875,138539.59375
380051.0,101494.3984375
426030.6875,13780.7998046875
363528.59375,92766.8984375
296670.90625,7836.2001953125
306136.3125,8875.099609375
338098.5,76022.796875
592794.8125,14312.599609375
479369.8125,150388.09375
590938.625,11173.400390625
394324.59375,111107.3984375
238912.09375,59528.0
299097.3125,30883.5
249247.90625,5712.39990234375
304564.90625,6781.10009765625
309348.40625,76465.3984375
292435.90625,5031.10009765625
312443.8125,61291.0
416527.1875,85026.3984375
299698.40625,6883.60009765625
568665.625,13377.599609375
488292.0,29495.400390625
580403.375,9811.2998046875
509416.3125,160208.90625
268480.3125,5607.10009765625
326336.59375,18795.099609375
305073.0,7868.7998046875
392777.1875,143043.09375
310170.0,9634.400390625
591118.6875,15530.2998046875
295425.59375,74198.3984375
543337.375,10933.2001953125
384867.3125,76598.1015625
581146.1875,11793.7998046875
297698.59375,5878.39990234375
264961.5,12997.2998046875
305513.6875,15471.400390625
375766.3125,134950.59375
472864.3125,171772.59375
306966.09375,35788.3984375
281201.3125,18699.900390625
440712.5,84736.1015625
522257.1875,15187.7998046875
395021.59375,28404.400390625
310689.3125,9546.0
311199.0,8972.900390625
279031.5,6559.2998046875
290447.59375,6517.7001953125
366930.1875,73674.796875
548536.125,89684.3984375
266830.8125,6628.5
558160.0,81599.703125
372213.40625,135628.40625
646898.875,21056.599609375
569014.375,46613.8984375
580786.375,13025.099609375
568161.6875,14253.099609375
460716.09375,204853.296875
311819.8125,16014.0
297668.6875,11547.400390625
297265.40625,7399.10009765625
308721.40625,9530.2998046875
294580.8125,7598.89990234375
299916.09375,7441.10009765625
299327.5,5476.7998046875
372751.5,116060.8984375
486563.59375,11665.2998046875
314950.1875,7790.2998046875
579082.375,30201.19921875
303039.1875,7661.2998046875
299105.09375,8651.400390625
562502.0,38127.19921875
303552.3125,6403.5
305930.90625,10827.900390625
476949.40625,282553.90625
292773.3125,5208.5
466260.1875,10080.900390625
434707.90625,12469.099609375
570309.125,43331.6015625
268657.8125,7670.39990234375
373407.09375,94579.1015625
332040.6875,59257.1015625
393802.09375,132734.40625
401785.40625,8509.2001953125
372274.59375,13219.900390625
539700.3125,309002.90625
434610.6875,145599.90625
277079.3125,6134.60009765625
401321.59375,84864.3984375
515581.3125,120977.5
305515.5,9743.900390625
402049.59375,77220.3984375
325753.8125,63086.5
263330.8125,5843.0
572964.875,13037.900390625
306536.90625,11637.599609375
571035.375,12724.400390625
272116.90625,5164.60009765625
271115.09375,7000.2998046875
313688.8125,19115.5
558181.875,10741.099609375
379639.0,189697.40625
282237.8125,7152.60009765625
489250.59375,9201.099609375
265173.5,6429.7998046875
568659.1875,53477.6015625
443791.0,130552.3984375
284195.1875,5452.2998046875
549025.625,77910.8984375
274440.3125,6351.0
566887.0,12980.7001953125
289789.90625,7082.39990234375
313861.90625,10137.099609375
600705.875,14524.400390625
543334.125,10937.7998046875
298388.8125,5794.0
293339.90625,7522.60009765625
564768.0,44343.3984375
297014.09375,7335.10009765625
291950.90625,5297.2998046875
527080.0,155055.796875
308913.0,8020.39990234375
295887.09375,8369.2998046875
312313.1875,19616.80078125
557540.625,93468.8984375
573247.375,79409.703125
336479.8125,74845.1015625
370406.1875,126810.796875
579388.8125,12740.900390625
302275.3125,6847.10009765625
384484.3125,92287.1015625
247894.59375,5596.89990234375
261050.09375,4183.0
537353.5,15113.7001953125
559045.8125,18486.0
444745.40625,165947.40625
289658.40625,9181.2001953125
579661.875,13763.099609375
545482.6875,66402.1015625
320009.09375,12973.2998046875
518295.8125,14100.0
536235.1875,83355.8984375
571949.0,89639.3984375
291601.09375,5159.10009765625
503395.09375,24109.400390625
579621.125,14908.5
575059.8125,13281.5
599464.375,15372.599609375
379966.90625,98378.203125
279441.90625,6965.60009765625
520227.6875,11472.099609375
399538.59375,145163.296875
453931.6875,239929.90625
318099.5,13413.900390625
497121.40625,6650.2998046875
293586.8125,7065.10009765625
548673.125,12846.099609375
450310.09375,134580.796875
371205.1875,130032.796875
254176.59375,5641.89990234375
338321.8125,56054.3984375
593041.5,13955.7998046875
259249.296875,5930.10009765625
327425.8125,91745.1015625
445550.09375,191909.40625
300699.0,8301.599609375
536759.1875,82800.796875
433156.40625,134114.203125
292125.0,6143.89990234375
403531.59375,123372.8984375
299099.6875,6032.89990234375
451085.09375,126354.0
517900.5,9009.599609375
503610.90625,155518.09375
308255.8125,9862.2998046875
548350.125,11355.2998046875
307011.1875,8027.0
258686.0,5320.2001953125
453263.59375,185439.796875
299740.40625,117894.5
266152.40625,102265.703125
572797.375,11345.2001953125
306042.5,7442.39990234375
267114.5,5935.10009765625
553760.375,64130.1015625
253207.796875,8291.2998046875
257875.703125,5991.5
278975.0,6587.2001953125
580970.625,12040.7998046875
253645.40625,8113.60009765625
335331.40625,37795.1015625
588690.375,17222.69921875
378452.09375,97439.296875
294032.6875,9940.7001953125
254091.203125,6891.7998046875
326655.0,9009.2998046875
527143.8125,55837.5
289819.1875,7613.89990234375
264495.5,6223.10009765625
520280.1875,144327.703125
467236.5,172999.0
542836.625,12501.7001953125
542036.8125,89808.203125
414953.59375,17432.19921875
588809.5,12084.900390625
306900.0,79303.203125
306989.40625,6338.89990234375
572258.8125,12810.7998046875
326226.90625,14655.7998046875
262903.5,4435.89990234375
560602.8125,174376.703125
537942.3125,99934.5
413770.1875,187281.296875
316961.40625,9154.2001953125
300496.5,8212.900390625
367624.40625,96990.0
298240.90625,6561.2001953125
569431.0,14143.900390625
354758.59375,27788.400390625
314387.6875,15011.400390625
299173.59375,8707.5
461947.5,143719.59375
583437.375,62416.6015625
292965.6875,8116.5
302907.5,6486.7001953125
398608.09375,109875.296875
352577.40625,43261.1015625
277700.40625,66391.1015625
327898.1875,12180.099609375
583476.375,13067.2001953125
324285.8125,32695.80078125
586697.125,15865.099609375
324398.59375,45064.80078125
587552.0,11932.400390625
604058.0,10749.2001953125
277583.1875,5278.2998046875
310174.8125,11002.5
448247.6875,139180.40625
595766.1875,13480.7001953125
283863.0,85052.5
308893.59375,5987.7001953125
576341.375,14196.5
362379.40625,8981.2001953125
310379.5,4565.39990234375
577431.3125,11321.2998046875
297655.90625,5076.2001953125
262148.0,8262.900390625
464049.09375,76724.3984375
616838.3125,12115.7998046875
293449.0,6992.60009765625
546084.375,11269.0
437849.90625,119371.203125
478325.40625,140582.203125
593685.0,12039.900390625
285435.09375,10759.900390625
481675.90625,80809.203125
448724.40625,101539.203125
316667.09375,9308.900390625
403233.8125,92089.796875
394046.59375,130152.0
462585.0,122394.6015625
288418.8125,6881.2998046875
496908.6875,123230.5
274759.0,6228.7001953125
393371.59375,128266.796875
588836.375,11813.099609375
556834.875,14763.599609375
569216.875,11616.7001953125
322786.8125,13744.7998046875
488085.09375,84911.1015625
427333.1875,93153.703125
577317.0,10974.900390625
287042.5,4843.7001953125
537211.5,13474.400390625
536657.8125,11554.0
360473.8125,92080.703125
292647.09375,6988.7001953125
292974.40625,6257.2998046875
357949.5,90460.8984375
572795.375,16329.900390625
316443.90625,22926.30078125
348663.40625,89781.5
311431.5,9826.400390625
569270.125,15292.7001953125
303023.3125,7635.0
444647.3125,8273.7001953125
310979.90625,18722.5
576877.875,12349.2001953125
314836.5,12127.900390625
533502.125,8124.39990234375
560658.8125,11184.7998046875
489012.6875,65271.8984375
313703.59375,9649.5
572033.5,15261.099609375
345685.90625,51636.6015625
284854.3125,5701.7998046875
300959.0,7357.2001953125
303348.40625,6006.10009765625
344552.40625,95283.6015625
456820.6875,14164.099609375
308932.90625,6622.2001953125
393793.40625,101296.5
334108.0,35423.3984375
286221.09375,8499.400390625
316435.8125,12199.7998046875
557028.125,14933.5
327974.5,17362.599609375
477382.90625,109615.1015625
316487.3125,8399.2998046875
497462.09375,115218.796875
369006.1875,91386.0
508572.5,44070.19921875
339109.09375,28733.80078125
393649.40625,90969.1015625
541148.6875,193396.59375
527055.375,14069.2001953125
495587.3125,11536.7998046875
247794.203125,4752.2001953125
293675.0,31485.80078125
443101.3125,233134.0
545905.625,94838.703125
391450.8125,120613.203125
466567.09375,12983.7001953125
331446.90625,61273.80078125
416874.5,95186.8984375
254714.5,5266.7001953125
529574.875,91787.3984375
391753.8125,121810.796875
556178.875,47560.30078125
504683.3125,13662.2001953125
404101.3125,132149.203125
400761.6875,132706.296875
409333.6875,103141.1015625
395809.90625,101870.1015625
577016.375,16687.599609375
294851.8125,8175.10009765625
300128.0,6247.7998046875
281015.90625,39354.1015625
557937.1875,24922.400390625
312768.09375,67111.3984375
403823.3125,18872.80078125
412064.90625,130439.5
278304.8125,6642.7001953125
490082.40625,104380.796875
317038.5,47590.30078125
434789.3125,286522.0
295160.90625,7989.0
563255.875,9432.7001953125
311908.3125,7853.7998046875
349626.6875,41463.0
320764.5,11060.2001953125
555424.375,13481.2001953125
300034.8125,6062.7998046875
370521.09375,107110.796875
456159.5,76990.703125
300036.5,6380.10009765625
589402.5,13209.599609375
296419.0,7325.2998046875
275982.59375,4824.60009765625
302776.40625,6610.89990234375
322920.40625,119030.0
282193.6875,39660.6015625
278317.0,4957.5
476480.3125,99912.8984375
426476.40625,132412.5
397598.8125,107577.796875
261549.296875,7088.7001953125
309674.09375,8161.39990234375
310712.09375,6468.2001953125
278675.6875,7383.60009765625
571008.0,13776.099609375
482654.90625,102947.3984375
605681.3125,14329.599609375
553657.5,12247.900390625
569733.8125,11540.0
582621.625,12176.7998046875
358425.6875,12181.900390625
496892.3125,9839.0
455853.6875,117421.203125
294213.8125,5299.10009765625
314182.1875,10146.2001953125
296714.40625,20499.19921875
571104.3125,12088.0
581674.8125,15897.599609375
283861.6875,7704.7998046875
560057.375,12281.5
395598.6875,102479.8984375
481047.8125,109926.8984375
293834.59375,7580.2001953125
565105.375,12291.0
445474.40625,183280.90625
287673.5,7310.0
298926.90625,8334.900390625
246954.203125,4107.2998046875
287280.5,6835.7001953125
413031.0,125192.6015625
391065.5,122304.1015625
284197.09375,7613.10009765625
393782.40625,138099.90625
417291.0,117222.296875
531276.6875,57353.1015625
484348.0,79260.5
262528.6875,6748.7001953125
289693.90625,7296.7001953125
319055.3125,30391.80078125
308971.59375,7270.7998046875
303687.5,10306.7001953125
403693.5,67531.6015625
307856.0,11082.2998046875
353526.59375,12545.099609375
538813.875,53675.8984375
289944.90625,7069.5
350229.59375,82398.796875
426495.1875,56632.6015625
405932.8125,9638.900390625
303088.90625,20999.19921875
601822.6875,12954.2998046875
461117.59375,157566.90625
287800.09375,5424.2001953125
285989.1875,5500.10009765625
294239.0,8344.599609375
270804.1875,6769.2998046875
295202.40625,6028.89990234375
531968.5,62521.3984375
253127.796875,58889.0
586754.125,78471.296875
274940.1875,6647.39990234375
304365.0,12960.5
424284.6875,176691.703125
286111.09375,5638.7001953125
288713.1875,7558.7001953125
593082.375,14490.900390625
527488.1875,144439.703125
283070.8125,6096.10009765625
510017.6875,12916.2998046875
317300.90625,86006.0
316167.8125,8646.400390625
308314.09375,9084.099609375
351511.6875,99289.703125
438551.0,84778.5
287066.6875,7030.0
478075.40625,151461.0
317434.09375,13622.5
306601.0,9471.5
348902.09375,10061.5
325658.40625,37009.3984375
444609.6875,70241.796875
301059.90625,7500.10009765625
292811.5,5991.7001953125
467098.0,121235.6015625
580898.875,14047.900390625
491190.09375,27966.30078125
285626.1875,5842.10009765625
585526.5,13935.0
287380.8125,7401.39990234375
435253.5,122930.203125
301912.5,7311.10009765625
310525.0,6852.60009765625
299842.90625,6631.39990234375
308213.90625,75348.5
502807.0,50420.80078125
287412.6875,7130.10009765625
294260.0,5881.5
415703.3125,83242.3984375
452686.90625,82677.203125
354652.90625,118961.0
425177.3125,172455.203125
292953.6875,5667.2998046875
593361.625,10949.900390625
338722.6875,72227.1015625
507377.5,69241.1015625
308671.40625,39960.3984375
523288.5,99840.5
477356.5,276918.90625
501382.1875,23286.400390625
280818.3125,14052.5
507458.59375,240375.203125
584518.3125,11832.599609375
309641.6875,7964.7001953125
284271.90625,7562.39990234375
503417.6875,7648.7001953125
526906.375,190150.203125
571792.8125,11401.0
315323.8125,25535.099609375
278670.6875,4800.7998046875
301177.0,7913.60009765625
523994.40625,8841.5
536000.125,177751.09375
257438.703125,5604.2998046875
296348.09375,7514.2001953125
327598.1875,12799.7001953125
490950.0,138668.5
364312.09375,5097.2001953125
300179.09375,8389.5
545902.875,61806.3984375
479070.5,128968.6015625
334738.0,30338.099609375
516000.0,21394.80078125
558397.625,12477.099609375
285703.40625,5855.89990234375
289762.0,15169.0
309067.6875,8490.7001953125
492846.40625,101612.703125
406228.90625,111649.0
272775.09375,7398.2001953125
497464.3125,139317.796875
432880.59375,144303.296875
305919.5,6842.7001953125
492193.0,164829.59375
308397.5,18105.30078125
263068.90625,5317.39990234375
487327.40625,122334.5
301164.59375,5954.2998046875
525776.1875,67286.6015625
509429.5,14214.0
292883.3125,6151.39990234375
546006.1875,21942.19921875
494919.90625,124693.203125
362637.40625,75117.5
420614.09375,94719.203125
289227.3125,5986.7998046875
308946.1875,8172.7998046875
269290.59375,4409.39990234375
277546.59375,61700.19921875
450864.1875,12738.599609375
546581.5,14400.599609375
394334.1875,118725.296875
279777.3125,6134.10009765625
296211.0,9345.400390625
492087.09375,125125.296875
246976.203125,6680.89990234375
325585.5,100282.0
281941.8125,6072.5
285557.1875,5763.7001953125
551940.125,133828.203125
457921.1875,255028.703125
337748.40625,77541.3984375
505478.1875,65110.69921875
379656.90625,80124.203125
543748.8125,128713.0
587779.8125,55948.1015625
382577.6875,53860.80078125
491092.5,78265.6015625
553029.1875,8617.900390625
358891.8125,28364.900390625
405466.09375,11911.099609375
249566.203125,6253.7998046875
289108.1875,6245.2001953125
609138.0,15207.0
301565.1875,27302.5
300842.09375,7547.7998046875
452762.0,108567.796875
598695.875,13244.400390625
313871.59375,10073.2998046875
267398.6875,5896.60009765625
512468.5,121110.5
284529.6875,7663.7001953125
292640.40625,8878.2001953125
578171.375,10978.5
269516.8125,5623.7998046875
295931.1875,26127.30078125
506890.09375,100287.3984375
284527.0,5460.2001953125
317442.0,89433.1015625
248111.0,6584.2998046875
513470.59375,113493.6015625
318676.0,84706.296875
396137.6875,14058.099609375
605823.5,19583.5
505192.8125,172482.40625
316574.40625,41908.19921875
306113.3125,7562.7998046875
364798.8125,114175.703125
554841.625,10770.400390625
392248.09375,115491.203125
289714.6875,6677.10009765625
356760.5,28119.599609375
294954.1875,8071.2998046875
549884.5,135067.0
479728.3125,86443.1015625
358791.0,26437.900390625
292730.3125,5730.5
313753.09375,13078.2998046875
556301.3125,74241.5
294559.1875,9098.7001953125
399097.1875,128166.203125
465413.1875,162709.703125
417881.40625,161791.203125
534213.8125,124250.0
295069.1875,7806.2998046875
262816.5,6367.60009765625
553016.875,115022.5
619732.1875,66911.8984375
576497.3125,12522.900390625
355094.09375,65581.6015625
280499.0,5304.10009765625
542346.0,12226.599609375
352819.09375,98389.6015625
413913.90625,92870.8984375
293716.40625,7651.0
278678.09375,6252.7998046875
342174.5,57695.0
275823.90625,6573.0
298269.3125,6311.2998046875
569868.0,87271.203125
290799.0,7091.10009765625
397126.5,91287.296875
265916.40625,5856.39990234375
577957.125,99876.296875
281509.1875,6548.60009765625
313889.8125,187881.90625
367537.1875,93662.203125
294626.90625,6091.2001953125
585721.875,14534.0
298698.09375,5934.7001953125
425055.3125,9838.7001953125
285353.6875,6852.2998046875
303377.59375,8049.39990234375
346303.09375,86726.703125
306112.1875,6487.10009765625
594748.875,14981.900390625
314636.5,11810.5
518536.5,119939.3984375
497905.3125,110322.5
295539.59375,9748.2998046875
581460.6875,13472.400390625
293278.0,6467.0
546236.1875,36003.19921875
293394.09375,61444.19921875
294977.1875,11118.2001953125
260230.40625,5676.7001953125
303257.8125,7325.5
465148.8125,124672.1015625
256609.203125,39720.80078125
397467.5,8010.10009765625
400449.40625,119638.5
315234.6875,7661.7998046875
594926.625,13131.2001953125
362063.0,46771.0
267017.5,7578.60009765625
537219.125,14364.099609375
304704.90625,11047.400390625
276886.90625,6543.0
263786.59375,8910.7998046875
289302.59375,6048.7998046875
586566.5,16899.19921875
432621.5,125210.6015625
252098.0,4842.7998046875
408046.90625,79749.8984375
606351.375,13882.0
333773.0,89270.796875
489184.0,117934.0
301404.1875,6953.7001953125
367960.90625,125941.0
440620.09375,114623.203125
293599.3125,7393.7998046875
288935.1875,6651.7998046875
345971.09375,8835.900390625
313419.59375,6930.7001953125
254865.203125,6453.60009765625
273975.0,6542.60009765625
290098.40625,4453.39990234375
257541.5,7637.5
307759.8125,8194.099609375
572910.3125,125266.5
298064.59375,8162.7998046875
350838.1875,54474.8984375
574513.6875,17301.19921875
533636.625,76641.703125
526944.8125,91683.1015625
368292.6875,145051.203125
286528.6875,5291.2001953125
302221.90625,6850.7001953125
372920.8125,109078.5
335077.1875,42587.80078125
586940.375,11352.0
308892.6875,20141.400390625
366379.59375,75252.1015625
557062.125,13509.2001953125
257744.703125,10229.5
266488.09375,9357.7001953125
444881.40625,10286.0
307997.59375,9021.5
296628.90625,6825.39990234375
571644.0,76638.5
363520.6875,256032.796875
262210.90625,12077.099609375
264417.59375,6786.7998046875
266598.59375,5808.60009765625
292936.8125,5471.5
579389.125,75422.3984375
589642.625,12644.599609375
278311.3125,56189.0
298406.8125,64413.3984375
509064.3125,147942.203125
294347.59375,7686.0
280676.0,5943.5
305415.1875,7535.0
295280.5,44218.30078125
453383.0,13462.099609375
450372.8125,9855.900390625
565982.875,12212.400390625
324052.40625,55204.8984375
592108.3125,14569.7001953125
568727.625,22202.30078125
518838.5,146297.09375
580277.5,13690.7998046875
433521.90625,151875.40625
495958.90625,133394.5
528826.125,14676.7998046875
594428.5,14019.2998046875
312390.6875,21930.099609375
518165.5,136581.0
570380.3125,25625.400390625
565591.375,12801.2001953125
568017.875,11054.0
290979.59375,6286.7001953125
316088.8125,11678.2998046875
423263.90625,156703.296875
527097.3125,100841.1015625
593071.3125,11200.400390625
321387.09375,11942.0
260639.703125,6413.39990234375
324423.09375,55009.69921875
539675.3125,14513.7001953125
466480.8125,166597.5
298157.5,29764.599609375
329245.40625,49082.30078125
322342.1875,37380.0
267187.8125,61967.1015625
601234.0,15244.099609375
288821.59375,5561.89990234375
347782.3125,41769.80078125
406573.6875,102453.796875
365648.3125,107372.5
426308.8125,130228.203125
591288.3125,13454.7998046875
315019.1875,9390.2001953125
460395.40625,134792.703125
569847.1875,9956.099609375
261066.5,5678.39990234375
287947.3125,5769.2001953125
329570.6875,65558.0
315954.09375,54428.30078125
288210.3125,5768.7998046875
338261.90625,124399.8984375
497931.5,174130.09375
325909.3125,71124.3984375
328099.6875,14140.400390625
569658.3125,144667.5
300209.09375,8319.7001953125
281050.3125,5702.60009765625
340200.40625,107248.796875
345807.8125,71013.1015625
415004.59375,117987.5
506229.59375,48929.6015625
330203.8125,103519.5
529310.1875,7765.10009765625
519388.59375,87110.703125
348314.8125,34710.69921875
549286.3125,120929.3984375
416778.3125,10197.2001953125
465741.3125,106518.0
438366.90625,150231.796875
304549.3125,7845.60009765625
518516.3125,147139.796875
296686.1875,5566.7998046875
286979.3125,10054.0
453208.59375,183762.703125
289414.8125,5734.2998046875
359395.6875,107914.296875
448613.3125,169366.796875
251864.296875,6939.10009765625
302627.3125,10905.0
296350.0,6771.10009765625
496609.8125,49147.6015625
340729.5,67198.5
401533.6875,86207.296875
510220.09375,165044.796875
531636.3125,14955.2998046875
539736.5,12594.5
298770.0,6295.2001953125
329712.40625,61056.69921875
599179.625,17156.099609375
555097.875,81863.1015625
460032.3125,142276.5
385028.1875,103277.6015625
346045.40625,80888.296875
327693.8125,19605.099609375
590949.3125,14461.900390625
563337.625,12090.0
486972.09375,107573.1015625
289857.6875,5720.89990234375
341425.8125,129824.0
290602.6875,30535.099609375
300261.90625,22651.099609375
394706.8125,123797.1015625
426905.40625,135070.796875
405965.8125,125877.3984375
311067.59375,91138.5
333449.59375,33993.6015625
445086.6875,338888.40625
360550.3125,142821.5
311584.6875,16938.599609375
300676.09375,6879.2001953125
288944.3125,5068.89990234375
536401.8125,9774.2001953125
285783.40625,7115.2998046875
267905.8125,60824.1015625
298576.59375,12374.400390625
397682.8125,144242.796875
375158.1875,97107.296875
300344.3125,7897.89990234375
605431.625,12803.7001953125
438534.09375,225163.0
368958.3125,26490.30078125
567119.6875,137563.796875
533968.375,11575.5
290389.3125,6926.2998046875
247861.296875,5815.5
316729.6875,17765.19921875
598412.375,66790.703125
262903.09375,6970.2001953125
293558.3125,6313.10009765625
307362.3125,7487.10009765625
596575.625,13024.5
493167.59375,108917.1015625
586865.3125,12790.0
285546.1875,7153.60009765625
295886.59375,12244.2001953125
300236.3125,7479.2001953125
411732.8125,167960.203125
327449.3125,24354.5
385227.5,96369.6015625
598150.375,12875.2998046875
317147.1875,35201.5
562324.375,12171.2998046875
573743.3125,11679.599609375
572384.5,129285.1015625
448843.59375,78474.3984375
328718.3125,12059.099609375
487262.8125,93291.1015625
306353.6875,18339.400390625
287840.8125,6488.5
333945.6875,84019.1015625
450479.59375,115956.703125
473607.3125,137124.703125
285415.59375,10516.2001953125
339140.0,77515.6015625
538994.875,149582.796875
416365.6875,144212.5
510606.40625,10354.7998046875
352847.59375,8493.400390625
431441.3125,109662.296875
314175.8125,11395.900390625
283038.3125,5903.5
438308.59375,167043.703125
548500.375,38077.0
565849.8125,11163.7998046875
269356.3125,8212.099609375
330720.8125,52000.5
280377.40625,10040.2001953125
449654.1875,108396.1015625
585641.125,50343.69921875
278218.3125,9203.599609375
462223.6875,11821.2998046875
586761.5,16698.400390625
287940.59375,6306.7998046875
603460.8125,17472.30078125
332114.5,74104.6015625
420996.3125,206442.296875
411733.40625,107163.8984375
285849.90625,7540.7001953125
298052.1875,7557.7998046875
594727.0,10908.599609375
578468.5,11027.7001953125
517291.1875,159574.90625
261181.703125,5150.2998046875
330169.09375,93354.1015625
280789.8125,7579.0
509462.1875,17317.599609375
435240.59375,10132.7001953125
400034.8125,10672.599609375
319974.40625,14085.7998046875
289258.3125,6312.89990234375
254127.59375,7516.10009765625
548342.1875,142286.90625
422245.3125,119367.5
503672.6875,180556.59375
345104.09375,95601.203125
421106.40625,106844.1015625
295643.3125,6267.7001953125
343754.59375,54036.19921875
402684.0,11965.599609375
339255.90625,129672.296875
273728.40625,5378.2998046875
548773.3125,13528.599609375
305651.0,16928.599609375
284716.59375,5566.89990234375
306786.6875,27891.80078125
381106.8125,11721.900390625
308016.09375,7541.7001953125
416049.3125,137435.703125
552065.3125,9315.7998046875
312435.1875,23424.80078125
277598.3125,4999.0
283548.6875,9680.7001953125
367940.3125,102240.6015625
288643.90625,5336.2998046875
303874.3125,7423.60009765625
581995.1875,14233.400390625
498577.1875,191822.59375
567092.125,13013.2001953125
332353.40625,20851.099609375
611690.3125,13373.2001953125
336851.3125,48078.8984375
259019.296875,4821.2001953125
285877.5,5525.10009765625
292205.40625,4681.7998046875
370203.3125,147430.09375
276639.8125,7283.39990234375
402900.09375,94418.6015625
318197.6875,103840.3984375
304575.6875,9487.599609375
479095.59375,127933.203125
426199.40625,172272.09375
381326.3125,59754.19921875
323023.59375,7309.7001953125
604510.8125,18668.900390625
293892.8125,5134.7001953125
339307.3125,53380.5
305850.0,8348.099609375
450936.90625,8289.7998046875
494433.5,196016.59375
306457.3125,7550.2998046875
304094.6875,6721.2998046875
451210.3125,8050.89990234375
324540.3125,40163.5
502795.09375,215986.203125
347955.3125,52508.69921875
256511.796875,7502.2998046875
298720.6875,9580.2998046875
307047.90625,8189.0
594082.3125,11993.7998046875
300820.8125,6942.5
421710.6875,130247.203125
296274.6875,6627.2001953125
352655.0,86195.6015625
310153.09375,6935.2001953125
560843.3125,12026.099609375
334322.0,33873.5
317344.0,10294.900390625
401040.59375,142466.296875
571621.1875,16406.0
584098.625,56382.8984375
485585.0,13064.5
309793.8125,9868.599609375
286001.90625,4685.7998046875
446762.3125,32534.599609375
324547.09375,15941.599609375
590462.1875,13957.400390625
315000.3125,10238.0
318162.6875,10775.099609375
593496.875,16534.099609375
374283.8125,14942.7001953125
292073.59375,5282.2001953125
322289.5,57082.6015625
609992.875,16405.30078125
436453.6875,251659.0
421742.90625,9981.7998046875
580367.0,11897.599609375
299861.6875,6983.2998046875
364847.8125,176132.5
257154.90625,8197.7998046875
424207.09375,130221.0
281671.59375,7993.10009765625
297498.40625,7076.60009765625
546617.8125,147240.203125
332338.09375,41392.19921875
292832.8125,4671.39990234375
414861.8125,137680.703125
288764.0,7057.60009765625
315372.90625,8334.2998046875
306598.1875,9907.5
587081.0,13565.099609375
304840.8125,7229.2998046875
525409.3125,123881.5
295140.09375,5049.2001953125
296319.59375,7350.5
309110.8125,6917.2998046875
304477.40625,7888.5
341187.8125,25319.80078125
588828.3125,17218.099609375
390209.1875,162485.203125
437679.40625,188746.703125
360016.6875,112522.203125
278910.0,4833.10009765625
311224.3125,8096.10009765625
248270.90625,25823.30078125
310608.8125,15393.599609375
591555.125,13768.5
480553.8125,12978.0
282341.09375,9361.7001953125
343101.8125,113791.203125
307477.59375,62354.69921875
296134.8125,4694.2001953125
341014.8125,68834.0
285503.5,5588.10009765625
532993.875,10337.2998046875
280505.1875,6480.5
515301.8125,165707.59375
548798.0,11114.599609375
294578.3125,10102.2998046875
598357.6875,35754.30078125
586786.8125,7730.89990234375
593680.8125,13069.0
273978.3125,6339.7001953125
588249.875,12116.2998046875
391171.8125,82442.6015625
530463.3125,157585.40625
379287.59375,142454.0
596141.1875,13033.400390625
578821.625,12771.2001953125
521721.40625,7133.60009765625
312529.8125,48197.3984375
446713.8125,229032.203125
452892.1875,77874.0
373201.8125,13706.099609375
377361.3125,154845.296875
522441.8125,116926.8984375
265963.3125,4951.5
495980.09375,74375.703125
263359.3125,7103.7001953125
586978.8125,14528.2998046875
568933.3125,11721.7998046875
258687.703125,6044.2001953125
290345.40625,7577.60009765625
432275.5,10808.599609375
285374.40625,31535.099609375
431418.5,104658.296875
550616.875,12912.7001953125
403916.40625,236200.40625
266914.90625,5419.39990234375
294682.3125,6454.2998046875
349374.59375,142276.59375
580578.8125,13795.400390625
311363.1875,20478.099609375
278116.6875,6428.89990234375
352456.0,74523.8984375
472340.8125,234634.40625
383068.6875,140211.203125
290891.09375,6898.7998046875
311619.90625,6086.39990234375
464317.59375,87554.0
305920.0,9012.2998046875
452140.09375,200946.703125
290183.40625,6532.39990234375
298418.3125,9496.7001953125
381410.3125,132701.703125
559485.3125,84296.5
565793.5,9565.099609375
298961.90625,5918.5
450852.59375,39203.8984375
274382.6875,32170.80078125
292000.6875,5939.7001953125
506308.8125,121098.6015625
304675.40625,10153.400390625
336838.90625,10678.599609375
437455.90625,92794.1015625
289822.0,6400.7998046875
287028.90625,5013.39990234375
316662.40625,8033.89990234375
540826.5,54291.3984375
254081.59375,70533.1015625
511353.8125,132923.40625
455897.6875,11613.400390625
277515.0,7656.89990234375
277740.90625,28830.099609375
284027.09375,45813.30078125
523224.59375,132405.0
270227.0,8766.2998046875
542481.125,12770.7001953125
283144.40625,10523.400390625
532113.875,71302.6015625
291399.0,5635.7998046875
536228.875,12605.2001953125
444316.90625,87552.3984375
298041.8125,8662.400390625
248935.203125,27432.599609375
302446.5,11272.900390625
288378.40625,6609.10009765625
571623.3125,12353.400390625
296840.5,8484.2998046875
283791.09375,8094.2998046875
302683.09375,7222.5
375496.0,79971.296875
541215.625,149397.703125
549838.3125,12002.0
573246.375,82215.8984375
288038.3125,35093.19921875
498912.09375,197387.0
591209.3125,40779.19921875
480049.3125,208774.5
321439.0,10844.599609375
314124.40625,13428.7998046875
278988.6875,7386.7001953125
300944.09375,7107.89990234375
410827.6875,94160.796875
594909.6875,15337.2001953125
585200.875,12207.900390625
502585.90625,34950.1015625
570633.5,102350.6015625
579502.875,26930.099609375
295559.90625,6728.2001953125
602778.375,12860.400390625
307868.0,7624.39990234375
305000.8125,6722.7998046875
316163.6875,19901.599609375
361902.1875,108635.8984375
292112.0,22064.400390625
312588.40625,13361.599609375
433003.8125,320162.90625
545153.5,10447.2998046875
273386.59375,5631.7998046875
245657.90625,5499.89990234375
288313.5,5386.60009765625
431516.40625,142900.703125
244489.90625,5790.89990234375
243709.40625,5646.39990234375
277292.0,5833.89990234375
501426.3125,138414.796875
557376.1875,16553.099609375
566086.0,14009.400390625
285546.90625,6504.10009765625
317447.3125,6992.89990234375
595319.6875,19573.69921875
476863.5,122252.296875
266937.59375,9793.2998046875
303802.40625,7723.39990234375
528032.125,123078.5
352079.0,26721.30078125
529173.3125,149997.5
370888.8125,84804.703125
351453.59375,52102.0
385545.3125,119397.703125
308774.0,9339.099609375
600064.875,14867.2998046875
272590.0,4717.10009765625
591565.0,15652.2998046875
527803.375,144607.703125
478531.90625,144811.40625
553558.875,92383.8984375
247194.5,9428.400390625
295181.8125,7336.2998046875
448497.59375,144345.59375
403373.40625,113909.6015625
544076.3125,12350.900390625
376818.59375,88410.296875
331582.40625,63603.8984375
343780.0,70296.796875
268441.3125,69154.5
563428.375,13060.400390625
289379.8125,6977.7001953125
512286.09375,136129.5
274826.5,5950.60009765625
535266.1875,103531.703125
299341.40625,5402.0
308710.09375,47234.3984375
277576.1875,5094.7998046875
303351.59375,6288.89990234375
287440.59375,8085.39990234375
333199.59375,123175.8984375
297906.90625,6437.10009765625
265310.5,8184.60009765625
362005.40625,74045.1015625
336957.5,72957.296875
244933.40625,6307.2001953125
313565.40625,7646.39990234375
573937.375,12766.900390625
269590.0,4689.39990234375
301095.3125,8114.7998046875
325149.6875,84941.1015625
430238.6875,306182.40625
286573.0,5685.39990234375
364158.1875,91817.703125
411742.5,115356.796875
283563.59375,6690.7998046875
396823.90625,132912.90625
287191.59375,7549.0
300318.0,6633.7998046875
608238.625,16510.19921875
525102.375,89893.3984375
431791.3125,275549.1875
308088.3125,7915.2001953125
374519.3125,98049.5
318473.40625,11162.099609375
483924.5,142528.796875
313835.90625,57981.19921875
479233.90625,167395.40625
275117.90625,5203.89990234375
297120.0,8031.89990234375
268340.3125,36417.30078125
281560.8125,6267.39990234375
532225.0,15274.900390625
575892.375,22967.099609375
569770.3125,12713.400390625
538130.1875,164956.703125
522177.09375,168411.796875
448753.90625,138183.40625
334986.59375,74801.0
532099.0,154718.796875
560601.625,104150.703125
276738.3125,6277.5
304934.40625,7462.89990234375
284361.8125,6304.7001953125
537275.125,55856.5
376396.8125,6403.7001953125
291740.3125,42181.5
529752.0,103811.6015625
538248.875,86587.6015625
269307.5,5516.10009765625
300960.40625,8610.099609375
408103.5,110257.6015625
474791.90625,93546.6015625
414316.90625,112644.1015625
491532.40625,18954.599609375
298848.40625,5599.10009765625
467258.5,199624.296875
287974.90625,6104.89990234375
290261.90625,50574.8984375
560039.5,11079.900390625
316823.8125,9087.900390625
276498.1875,5233.39990234375
319492.0,46658.3984375
376363.90625,114273.6015625
399378.8125,21982.900390625
328525.5,42168.30078125
420547.59375,136643.296875
502162.90625,113977.8984375
352873.59375,74944.0
562804.375,10470.599609375
277877.0,5946.2998046875
574712.875,96114.3984375
584774.375,13245.400390625
295826.5,6344.39990234375
308830.59375,7427.60009765625
411985.0,138039.40625
282331.90625,10671.099609375
289278.3125,7301.89990234375
367994.1875,92769.203125
514023.5,114124.296875
257811.59375,3547.800048828125
306754.90625,7106.89990234375
306544.59375,59241.5
258216.5,3917.300048828125
492861.59375,82929.703125
570384.875,12123.400390625
294102.8125,7517.7001953125
580642.3125,12145.0
385002.5,211216.59375
564390.375,11986.7998046875
322120.6875,71450.203125
274024.40625,4909.0
312034.09375,9396.400390625
535705.1875,11000.2998046875
287410.1875,5274.7001953125
322535.90625,17988.900390625
299924.59375,9588.900390625
315518.09375,11288.900390625
584830.375,12950.0
290495.59375,4958.39990234375
281897.5,10295.900390625
315726.8125,11877.7998046875
449150.59375,126957.3984375
601746.625,13921.2001953125
492648.40625,181430.59375
305790.40625,20482.099609375
328951.90625,48541.1015625
441658.5,91357.296875
404902.40625,144846.90625
586891.3125,18068.80078125
488987.09375,126064.6015625
293551.0,6690.89990234375
604430.875,15577.099609375
308050.3125,86694.3984375
593470.125,14282.7998046875
407333.90625,113294.6015625
489429.5,127320.1015625
335962.90625,84660.1015625
284973.0,9237.7998046875
488396.90625,50408.69921875
506077.40625,159335.40625
286825.8125,8548.900390625
285363.6875,7101.10009765625
296794.5,6220.39990234375
529275.1875,11444.7001953125
357129.5,112511.296875
302787.59375,7030.7998046875
542867.875,8799.400390625
529434.125,137831.5
304711.5,10387.2998046875
308803.09375,8525.7001953125
546167.8125,114903.0
320511.8125,50074.69921875
346959.59375,63423.5
298557.3125,8702.2001953125
522268.3125,13606.5
269169.0,5703.60009765625
313761.40625,8022.7998046875
424628.1875,172937.203125
275317.40625,4382.0
541820.625,12734.900390625
576949.6875,12031.2998046875
518054.6875,93205.703125
524530.8125,47204.6015625
542025.375,105274.8984375
568941.625,16244.400390625
594433.625,13885.900390625
345631.0,110213.3984375
275597.59375,5690.39990234375
307244.8125,7757.10009765625
374677.5,10613.5
252301.5,5792.5
258642.0,7190.89990234375
314832.1875,30043.099609375
255644.296875,5702.39990234375
399081.40625,99423.8984375
297762.6875,4966.7998046875
327635.3125,62273.1015625
588834.625,15394.2998046875
391819.3125,102705.6015625
299941.6875,9175.599609375
258071.296875,4274.89990234375
306388.59375,9221.2998046875
479451.59375,66427.703125
346002.3125,22512.900390625
296144.90625,5767.89990234375
520605.59375,11964.5
309362.5,8315.2001953125
283820.3125,6021.39990234375
514602.59375,11594.7001953125
506630.90625,169047.703125
326188.8125,35304.5
300127.09375,6570.0
445765.6875,142811.703125
250760.703125,4058.0
402292.09375,62100.30078125
280958.5,5300.2001953125
328119.0,44358.69921875
302075.6875,12544.099609375
593803.3125,96462.0
277283.3125,8547.2001953125
334131.5,42504.69921875
338293.1875,46720.5
258454.203125,6096.2001953125
290628.09375,5116.7001953125
271615.40625,13962.400390625
487746.8125,15345.900390625
255885.5,6972.10009765625
336206.09375,71638.8984375
550997.8125,14610.099609375
431630.5,123583.0
340248.6875,56105.1015625
479110.1875,13301.2998046875
325400.09375,51706.30078125
532171.125,14047.900390625
355751.8125,68255.1015625
548411.0,11934.0
318302.5,33525.0
303432.3125,5547.7001953125
477795.1875,191360.09375
295790.8125,5192.89990234375
289486.1875,7064.7998046875
590882.8125,12862.599609375
266026.09375,5413.2998046875
313541.59375,35644.19921875
275346.1875,74115.1015625
304243.3125,7331.39990234375
271189.8125,8258.400390625
573656.375,12471.900390625
307639.5,7176.7001953125
293136.3125,9462.900390625
492984.09375,13796.2001953125
436644.40625,124350.703125
308535.3125,6621.5
333498.1875,125582.703125
339095.59375,78256.296875
316146.5,12077.599609375
333385.5,90463.203125
452787.6875,12815.599609375
337928.3125,68491.5
481512.3125,14258.2001953125
293118.6875,85200.703125
487198.59375,178703.203125
583836.875,33586.69921875
552597.875,24343.400390625
309640.09375,7583.10009765625
475895.5,149160.59375
399546.1875,188170.796875
504821.5,119179.1015625
345312.40625,96584.6015625
603941.3125,12075.599609375
365656.0,109381.796875
410222.59375,10945.099609375
326974.40625,33973.6015625
499844.1875,137349.0
316099.0,8822.7998046875
586761.1875,20259.900390625
398808.59375,71596.1015625
302866.0,77076.5
532374.5,12409.5
256046.5,5260.89990234375
496504.8125,136556.703125
376809.6875,9163.599609375
552465.8125,13849.400390625
256839.40625,6464.89990234375
571949.8125,12136.599609375
573204.625,24360.30078125
557111.125,191442.703125
574797.1875,41038.1015625
504352.8125,153020.90625
309647.3125,7456.89990234375
306295.90625,12121.900390625
357147.59375,121692.0
350188.0,118385.203125
313288.3125,8457.400390625
238313.59375,6284.89990234375
249473.5,6426.0
261104.0,7815.0
482956.0,9284.900390625
320985.8125,17563.19921875
370130.1875,117876.6015625
318940.90625,84995.8984375
260561.296875,6351.60009765625
307986.09375,9205.7998046875
300753.09375,6225.7001953125
431062.6875,36280.1015625
544013.8125,12458.400390625
586513.8125,14187.400390625
330509.40625,69533.8984375
308023.5,18176.19921875
296161.3125,6794.39990234375
298437.59375,10517.7001953125
348462.40625,10356.7001953125
448094.6875,259089.296875
407206.8125,82328.5
356323.1875,59888.19921875
451404.1875,173824.0
323949.09375,14761.2998046875
371208.0,175602.203125
423640.3125,162126.5
516365.3125,121781.703125
299085.5,7971.7001953125
492152.1875,159276.0
386880.1875,112602.703125
303856.40625,5753.2001953125
315340.90625,8283.900390625
478154.3125,160272.90625
311865.90625,21366.400390625
523221.90625,109540.0
551476.125,87571.6015625
406504.0,93353.6015625
345570.6875,78671.796875
493217.0,215771.09375
298477.40625,6866.60009765625
290275.0,5787.2998046875
271112.09375,5302.10009765625
301031.40625,7585.10009765625
485839.1875,174510.203125
383127.40625,106069.8984375
579435.1875,12268.0
444875.0,125051.296875
302086.6875,8896.900390625
270425.09375,34251.1015625
376013.3125,163448.703125
306101.6875,9685.2998046875
561980.1875,11237.900390625
444909.09375,160106.90625
544910.8125,134338.09375
596846.5,12565.0
515356.0,13254.0
404294.5,107411.8984375
274967.8125,4888.7001953125
292452.6875,8556.099609375
562807.3125,62474.3984375
556265.375,12330.400390625
285180.6875,7870.60009765625
308367.8125,6098.89990234375
589052.375,14147.900390625
291257.3125,5013.10009765625
603758.5,16033.5
298794.0,8764.5
361780.8125,95950.203125
478040.40625,127762.3984375
295473.1875,6725.10009765625
415532.3125,137285.90625
306405.8125,16801.400390625
304516.90625,85243.3984375
291944.09375,6132.2001953125
346345.40625,122250.203125
293406.6875,7241.2998046875
277669.3125,5378.0
273067.59375,5387.7998046875
588120.5,33531.6015625
518508.0,273159.1875
319284.3125,111682.5
577159.3125,7665.2001953125
314747.0,56281.69921875
302666.1875,6905.5
562157.125,14941.7001953125
304069.3125,30677.900390625
355500.90625,71832.0
261462.0,6282.10009765625
280663.40625,5707.60009765625
384732.40625,128693.6015625
405377.1875,108082.0
415402.6875,104928.203125
585367.5,13531.2998046875
286369.6875,7153.2001953125
306357.09375,6869.10009765625
532398.6875,15178.599609375
566374.8125,50956.1015625
316523.0,75955.3984375
440608.8125,158383.90625
444121.40625,245508.40625
297915.6875,5293.7998046875
272769.8125,5649.10009765625
470347.59375,11228.7001953125
256752.203125,11190.099609375
302229.3125,8561.900390625
584167.125,15751.5
507592.0,72807.703125
486827.0,130241.3984375
345099.3125,88741.203125
276867.1875,5950.60009765625
415682.3125,174840.90625
540119.375,65694.3984375
294776.6875,19187.30078125
314381.09375,70095.796875
487486.09375,140966.703125
447949.6875,102719.6015625
580801.3125,14889.900390625
279935.59375,6991.5
483785.5,102746.203125
263887.90625,10880.7001953125
407128.6875,131715.796875
256907.203125,4694.2001953125
556256.1875,121950.5
262755.09375,89767.296875
564693.0,70156.6015625
336910.0,16437.69921875
291902.1875,8607.599609375
277919.3125,8856.7001953125
301240.5,92390.203125
335283.1875,45882.0
293457.59375,7003.7001953125
276229.40625,8797.7001953125
263492.40625,5767.89990234375
592208.3125,10394.900390625
288200.40625,61737.0
422598.59375,164556.59375
507140.1875,34958.30078125
438364.0,265777.09375
453116.90625,216550.59375
592020.3125,25702.599609375
297825.59375,7062.89990234375
282901.8125,6346.60009765625
299197.0,7693.0
350800.0,8866.0
294684.5,6987.39990234375
300831.8125,7032.2001953125
263453.6875,6797.10009765625
282651.8125,6932.39990234375
291128.40625,7198.39990234375
297248.6875,5997.2998046875
567210.8125,14296.099609375
297674.59375,7318.2998046875
355557.6875,11258.599609375
492257.8125,187713.90625
568129.125,26179.900390625
379186.8125,129162.1015625
470552.5,127833.0
314633.0,6700.89990234375
293491.8125,11668.2001953125
507815.6875,173037.59375
515048.8125,187865.90625
292291.90625,7286.39990234375
324051.3125,20218.599609375
478580.59375,290875.1875
289459.3125,4372.89990234375
255860.40625,4901.39990234375
567928.625,11702.0
302539.0,5804.2001953125
331483.3125,76795.3984375
556150.375,85365.203125
518740.6875,10417.7998046875
395309.8125,123785.5
359247.1875,154762.5
256501.0,87441.703125
244991.0,59745.19921875
303599.1875,6267.60009765625
382601.3125,71977.203125
287047.0,15907.2001953125
529290.6875,65803.0
419033.1875,135704.203125
441656.09375,181889.203125
279908.40625,10069.2001953125
302607.40625,10344.900390625
273321.3125,72497.8984375
596403.875,13056.900390625
535689.5,103433.6015625
304832.5,7056.60009765625
306735.90625,6299.10009765625
341532.5,46076.80078125
433754.59375,129733.6015625
582879.875,27427.599609375
445046.1875,83683.703125
569752.875,130762.3984375
589839.1875,15287.5
575557.1875,53124.3984375
407835.59375,141420.59375
351799.0,9480.5
264219.40625,5029.5
279681.6875,6572.60009765625
500900.1875,21764.30078125
488823.6875,152604.90625
411167.40625,97731.703125
293321.3125,6817.5
299882.0,7079.7001953125
500998.09375,129705.3984375
288376.8125,11488.099609375
447749.5,167677.0
477681.5,88469.5
329049.5,45338.8984375
312535.3125,8827.599609375
290153.5,7732.5
279848.5,5894.0
471184.3125,148549.703125
287852.1875,6308.10009765625
449388.3125,75482.3984375
440729.90625,98066.8984375
530460.6875,155265.296875
311136.3125,14672.099609375
520489.59375,25429.30078125
496443.59375,112899.703125
606994.8125,17281.400390625
547842.875,8669.400390625
261221.0,8849.7001953125
487680.59375,188975.203125
305362.3125,7727.0
585164.6875,11780.5
379504.5,144716.703125
350469.0,71824.703125
293628.8125,7429.5
362288.5,140184.203125
285321.1875,4158.0
482465.59375,195279.203125
447544.40625,190474.703125
472607.40625,158716.90625
570010.875,13605.400390625
428663.59375,149246.09375
299361.0,5775.60009765625
372355.0,5100.39990234375
425421.8125,181319.203125
249999.703125,40369.8984375
387983.8125,94227.796875
365746.59375,128276.1015625
319115.3125,29945.80078125
264329.3125,6368.2001953125
451184.6875,100231.8984375
531441.8125,9053.2998046875
557300.125,62240.0
576023.125,10446.599609375
583950.6875,13077.400390625
571894.3125,31389.80078125
348576.8125,70100.203125
251449.203125,6507.10009765625
567502.875,13096.5
297448.1875,6780.39990234375
356958.8125,83169.1015625
286246.09375,57812.5
579320.0,26058.0
297524.8125,9112.0
366996.8125,111463.0
265592.40625,38145.1015625
311310.5,7134.2001953125
462475.3125,174243.296875
337955.5,127324.5
282585.90625,4760.60009765625
392724.3125,116962.3984375
279423.6875,5149.0
263546.8125,6748.0
541389.125,9699.599609375
539588.8125,14127.0
549621.3125,16813.900390625
510684.0,156295.0
485856.3125,166925.296875
393896.6875,82112.796875
306783.0,10939.599609375
419160.90625,9577.7998046875
315592.59375,9682.5
296205.90625,4813.2998046875
348737.0,52006.19921875
317609.3125,10751.7001953125
584041.5,63575.69921875
286577.0,7886.89990234375
473282.6875,23650.400390625
619644.8125,19553.80078125
354336.59375,71596.0
267713.1875,5069.89990234375
407275.8125,161130.796875
465987.8125,124354.203125
576846.1875,11698.099609375
366190.1875,77516.3984375
298694.59375,8887.0
318229.1875,7103.39990234375
511140.8125,27441.30078125
574210.625,12706.5
556443.125,180492.59375
482713.6875,7576.39990234375
365731.3125,13578.2001953125
298377.6875,9305.099609375
296948.90625,7090.5
302235.59375,6499.5
326712.8125,59456.5
377780.8125,120560.5
354526.5,65263.6015625
308242.3125,6749.5
241407.40625,6194.60009765625
583894.875,13928.2001953125
588386.625,13018.7001953125
404006.5,31850.0
276554.40625,43445.1015625
379005.3125,169889.40625
274797.6875,55538.3984375
293185.90625,28967.099609375
549138.625,13968.599609375
541102.8125,32247.400390625
392748.90625,88539.1015625
584901.0,12080.099609375
393410.90625,96929.296875
420928.59375,174295.0
563966.5,124277.703125
323240.3125,24919.69921875
259571.203125,5866.89990234375
578444.8125,32488.80078125
569362.625,8233.5
348718.09375,71887.1015625
333551.8125,47615.30078125
280820.3125,6847.2001953125
547354.6875,95843.6015625
448323.0,61719.19921875
296030.3125,6067.2001953125
285904.6875,7950.39990234375
307071.59375,8859.0
293454.3125,20174.80078125
345342.8125,82881.203125
368760.6875,89399.1015625
311863.8125,45575.6015625
586365.125,13396.0
307941.3125,7512.0
379551.0,98313.5
272645.3125,7099.5
509496.5,12075.099609375
443740.40625,143579.59375
485863.0,12024.2001953125
353404.3125,134890.796875
587832.375,12785.2001953125
297777.5,8202.0
563256.375,12533.599609375
601679.8125,17638.400390625
297633.3125,5531.2001953125
292934.6875,6665.89990234375
272688.1875,5123.0
279302.8125,6597.5
313194.90625,62983.1015625
477791.40625,12485.2998046875
554249.3125,105333.8984375
594753.6875,16662.599609375
524074.0,86722.5
578669.3125,31496.80078125
287320.59375,6653.2998046875
319777.09375,51915.5
291178.40625,74060.296875
293386.5,7368.2001953125
564364.3125,130375.203125
443822.90625,89250.1015625
417215.8125,134275.40625
625667.125,11787.2001953125
296574.09375,13986.900390625
288668.1875,7526.39990234375
279255.6875,7369.2001953125
358240.8125,80246.1015625
467608.40625,11821.7001953125
356423.0,6188.39990234375
297276.3125,8284.2001953125
451434.3125,82342.296875
271145.09375,6911.0
254201.59375,6056.60009765625
567617.3125,36273.30078125
578477.8125,12235.7001953125
300530.1875,6623.60009765625
284016.90625,7376.5
321151.6875,76043.8984375
546801.3125,14575.099609375
343422.5,72939.203125
528008.0,205584.90625
305475.6875,6856.89990234375
294023.8125,6800.2998046875
294746.6875,7073.39990234375
350626.3125,78643.796875
474354.6875,54316.1015625
289827.40625,7630.5
506624.09375,87359.5
273405.3125,7330.2998046875
258563.5,6173.5
302184.8125,7815.5
309302.8125,51270.0
590290.375,12327.099609375
248702.5,6726.2001953125
356989.3125,85915.796875
287564.90625,5768.7001953125
496468.59375,171649.203125
428352.5,133026.0
327349.40625,20564.099609375
273397.8125,32753.69921875
502692.6875,85583.8984375
296626.1875,8231.5
299275.90625,6001.7998046875
301970.09375,52054.6015625
576536.8125,143213.0
536783.3125,212588.90625
444244.5,133000.5
295378.3125,18002.30078125
299699.90625,11355.400390625
290819.1875,7128.2998046875
288746.5,6862.60009765625
268071.90625,7766.2998046875
569706.0,13242.7001953125
300771.3125,8303.7001953125
366624.3125,284275.8125
290310.09375,5358.60009765625
312953.3125,11550.2001953125
429740.6875,138413.09375
483448.40625,13657.5
312996.1875,10113.400390625
379260.3125,93730.6015625
576710.3125,16170.2998046875
299931.3125,8677.0
608108.5,14903.5
291257.5,10131.2001953125
307954.0,7184.39990234375
279174.3125,9530.7001953125
415546.6875,163622.90625
260193.09375,6343.0
340319.59375,19462.099609375
290102.1875,8457.900390625
299746.8125,5794.7998046875
294161.1875,5155.10009765625
387143.1875,145134.90625
302773.8125,9355.099609375
294158.8125,8464.2998046875
516056.8125,65049.0
313060.40625,7889.10009765625
596546.0,15190.7001953125
272660.8125,5899.7998046875
478491.90625,37903.19921875
594565.125,16661.69921875
469661.5,151633.5
582728.875,10942.099609375
582094.8125,12095.900390625
262603.8125,11892.2001953125
399467.1875,78988.8984375
326273.1875,22304.5
369394.3125,60205.5
442624.09375,137299.09375
564239.3125,154970.0
285403.8125,5112.89990234375
362873.1875,105641.1015625
329985.90625,28436.900390625
268118.6875,7056.2998046875
506801.5,45906.1015625
334571.40625,61137.80078125
310242.59375,7853.7998046875
276374.90625,6762.2998046875
270398.3125,5437.7001953125
409793.90625,141591.09375
421290.5,120585.1015625
560506.6875,12775.7001953125
316481.5,10227.2001953125
502217.40625,29918.69921875
282329.8125,6687.60009765625
482517.1875,118462.203125
271662.3125,110396.3984375
469953.59375,141250.09375
441905.5,182446.703125
500393.3125,170909.296875
494173.1875,15032.400390625
376088.3125,101370.296875
309294.3125,9207.7001953125
286296.6875,8025.60009765625
265901.90625,5017.0
304754.59375,6399.0
332369.3125,55070.30078125
454569.5,141291.40625
319556.8125,11138.2001953125
314702.59375,10299.599609375
244119.203125,7085.39990234375
389335.3125,90331.703125
336418.1875,9612.599609375
505097.8125,12562.5
572404.0,14017.0
534686.3125,7839.5
569074.5,55475.6015625
520726.3125,89844.0
463881.5,11073.2001953125
570142.3125,18502.80078125
292218.90625,31719.19921875
300313.5,6265.0
355447.3125,83540.8984375
280586.8125,4786.7001953125
588684.6875,13401.900390625
530155.6875,115141.0
586432.625,10349.099609375
294547.40625,63329.1015625
306021.09375,12252.099609375
436896.3125,7697.5
315005.3125,8601.900390625
486332.6875,115218.1015625
297722.5,27628.5
355218.40625,145353.09375
437843.3125,145547.296875
301476.90625,30844.900390625
313007.0,7003.60009765625
305697.90625,10201.2998046875
564496.125,8293.5
244720.90625,7553.2998046875
433456.8125,130529.203125
552398.875,208940.59375
293788.8125,7194.39990234375
522638.6875,12785.099609375
301537.09375,6492.89990234375
539550.8125,69903.703125
286143.8125,6473.10009765625
376708.3125,71630.6015625
298857.6875,9342.2001953125
341552.3125,84897.3984375
303196.59375,6152.10009765625
546005.6875,269027.0
294713.59375,8675.0
270839.90625,8054.10009765625
511400.6875,134441.296875
411643.90625,146555.0
239544.59375,60374.19921875
317121.8125,5940.39990234375
251337.5,4786.7998046875
556753.625,12939.900390625
471459.0,167188.203125
468339.5,178486.40625
541097.8125,91570.703125
346913.1875,57764.8984375
279083.3125,6997.2998046875
316487.09375,13836.599609375
495043.3125,74992.296875
536171.0,115670.703125
394613.0,104952.3984375
578561.8125,12303.2001953125
472783.59375,108252.0
605869.125,14579.599609375
297764.3125,6770.7998046875
247815.796875,101708.703125
469041.1875,66270.6015625
599271.375,12860.5
286983.8125,9724.099609375
416949.5,76997.0
532434.3125,113707.5
569140.0,14022.599609375
552259.3125,10615.2998046875
593902.8125,18123.400390625
308963.8125,7737.7001953125
480535.6875,178668.0
301338.3125,56955.0
540080.875,76574.1015625
602913.875,12137.7998046875
583556.125,46148.1015625
263839.6875,10726.599609375
379309.40625,226805.59375
316619.1875,92432.796875
367016.0,82603.1015625
596932.875,16401.80078125
366537.59375,11751.7998046875
325858.59375,9133.0
562644.8125,13048.900390625
267260.90625,5990.10009765625
502191.1875,115812.703125
504113.0,178592.0
279363.59375,9726.0
362524.8125,65724.6015625
299282.8125,5865.5
575987.0,14560.400390625
326102.8125,11234.7001953125
299012.8125,30835.599609375
291352.5,5743.7998046875
371174.40625,116792.1015625
489409.1875,130879.703125
584751.0,42501.0
299113.3125,5312.60009765625
467760.40625,157545.90625
340032.5,96625.3984375
248152.296875,4628.2001953125
250185.796875,6880.10009765625
346331.0,19716.900390625
296529.90625,4615.2998046875
308303.90625,7667.60009765625
542175.0,14199.0
514868.8125,14416.0
343332.59375,80433.703125
297446.3125,6678.5
516770.1875,138157.703125
411507.5,206112.203125
295298.6875,5655.7998046875
288737.1875,7756.39990234375
302493.8125,6281.10009765625
298698.40625,5074.89990234375
308893.8125,24344.0
322068.0,63365.0
291550.3125,13393.0
619699.6875,20032.80078125
594701.125,12661.7998046875
547978.6875,11308.2001953125
249323.203125,5101.2001953125
364548.90625,113789.296875
446731.09375,124944.296875
499799.40625,166624.40625
338825.8125,76853.796875
388120.1875,82679.0
307892.3125,12371.900390625
409743.40625,151093.59375
259168.59375,11589.5
358688.8125,56234.8984375
471105.0,183662.796875
340104.09375,66044.296875
249945.09375,27111.19921875
621585.875,15312.2998046875
575676.6875,9200.0
577135.8125,10944.400390625
548238.1875,12278.7001953125
281615.5,7945.5
602683.625,12234.0
303576.8125,6722.10009765625
547670.0,50420.8984375
328446.3125,42656.3984375
299313.3125,7977.2001953125
541584.5,12751.7998046875
348026.0,99665.8984375
277047.59375,8551.7998046875
281660.09375,5962.2001953125
487622.90625,48297.1015625
340612.8125,71337.703125
266870.0,8119.0
297979.59375,6289.2998046875
411475.59375,127324.703125
434013.8125,151336.5
299658.1875,7302.7001953125
354505.5,57100.19921875
269439.8125,6586.39990234375
531615.1875,141441.0
341152.40625,26105.099609375
381755.6875,96256.203125
567194.125,11161.0
281052.3125,55683.0
293379.40625,5673.60009765625
508393.1875,140937.703125
293683.5,7194.0
353972.59375,88065.0
302879.5,74035.3984375
283460.8125,6144.39990234375
333194.8125,23793.19921875
485797.3125,13147.099609375
298653.0,6587.7998046875
298423.0,7663.39990234375
456908.59375,188029.796875
588941.125,12545.7001953125
286414.09375,5051.2001953125
282132.40625,26375.30078125
316689.40625,32695.599609375
357439.3125,97187.0
605588.0,18616.0
399363.8125,16366.5
250950.09375,7237.2998046875
363710.09375,80902.703125
304833.3125,7631.0
291276.0,5531.7001953125
371362.6875,11214.7998046875
302070.8125,7464.60009765625
543550.375,80431.3984375
525554.8125,164720.0
295723.5,6139.7998046875
543521.5,23870.0
448147.3125,172493.5
313776.09375,9287.2998046875
306908.3125,12058.400390625
428124.09375,11495.5
407669.8125,149458.09375
320878.5,21039.400390625
534198.3125,82075.3984375
561049.5,89784.296875
299172.0,8579.900390625
283224.59375,7282.2998046875
320594.59375,60428.69921875
348086.90625,16869.599609375
302060.0,41194.5
541743.3125,109923.1015625
274949.90625,6872.39990234375
300169.0,7294.89990234375
288065.8125,7208.60009765625
551704.5,15262.2998046875
303107.5,8643.400390625
566613.8125,12002.7001953125
415934.8125,153130.0
609461.125,13702.2998046875
298156.3125,10426.5
295329.1875,6267.7001953125
540738.5,9015.2001953125
296602.8125,6396.89990234375
309117.1875,9342.0
464266.3125,132687.90625
349083.40625,59562.3984375
554976.1875,59896.5
356866.8125,114513.3984375
255048.703125,6293.7001953125
268570.0,4926.5
555080.125,10460.5
483216.3125,148155.59375
585918.875,13470.900390625
377361.8125,143994.0
440749.3125,8500.900390625
499515.0,244382.796875
262930.5,4414.89990234375
335038.3125,15970.900390625
421645.1875,159818.5
316316.8125,10754.900390625
238794.40625,8633.099609375
389038.6875,121798.203125
599109.5,11650.0
411503.09375,298953.0
337980.8125,59667.6015625
243564.296875,5777.39990234375
307448.40625,8112.10009765625
595393.1875,53747.19921875
308538.5,8266.5
307027.09375,13508.5
297004.8125,5817.7001953125
575579.3125,19877.599609375
297490.5,6360.7998046875
494117.0,233119.90625
316604.8125,15723.900390625
307378.40625,6298.60009765625
378402.5,61673.5
292708.59375,12015.0
298940.3125,46173.1015625
312166.40625,7130.89990234375
302089.8125,8509.0
308896.5,7319.89990234375
285765.3125,8205.400390625
430089.3125,65703.703125
497548.59375,233920.796875
339527.09375,46526.69921875
258338.59375,6719.7001953125
305453.40625,7713.60009765625
404782.8125,148226.203125
304328.8125,7246.5
445101.0,210500.5
275908.8125,6891.2001953125
568469.375,12105.2001953125
290329.1875,10644.599609375
335541.90625,70190.8984375
290515.40625,6616.2998046875
450717.09375,135773.59375
271632.8125,4522.2998046875
406609.40625,126981.1015625
301834.09375,66773.8984375
305844.1875,5407.10009765625
548124.6875,131685.09375
532682.6875,14736.2998046875
345634.3125,78724.203125
587675.0,11583.2001953125
526904.1875,10568.2001953125
594813.3125,13449.099609375
295893.3125,6897.7001953125
522532.0,115262.1015625
304656.8125,7661.7001953125
306817.8125,7642.5
528663.8125,79702.703125
313033.5,58215.69921875
586460.875,13909.0
253853.5,6365.2001953125
246006.703125,5880.0
528820.6875,133286.5
281673.0,7794.89990234375
589597.6875,11145.2998046875
365324.1875,64302.1015625
467083.3125,192763.703125
290341.1875,4518.89990234375
259673.796875,6617.0
511418.09375,175626.40625
324821.5,52968.69921875
295549.3125,24034.900390625
276249.40625,21178.19921875
326475.90625,49585.3984375
526787.625,115093.703125
344282.09375,49776.6015625
268733.8125,9193.2998046875
491814.90625,11332.599609375
571956.6875,16851.599609375
541312.6875,108549.1015625
340596.6875,67826.796875
269408.0,4726.2001953125
301931.6875,6996.2001953125
355584.3125,34835.6015625
400659.5,195746.59375
338999.3125,129498.203125
302920.59375,8031.10009765625
568792.3125,12758.2001953125
292880.1875,7059.10009765625
247218.09375,6505.7001953125
570530.625,12512.599609375
403897.59375,179787.40625
274026.6875,10079.099609375
329207.6875,25299.80078125
273907.5,5188.7001953125
399907.8125,106766.796875
256626.296875,7760.7001953125
558529.0,15445.099609375
367789.3125,80427.203125
561545.8125,40689.5
394013.8125,171941.703125
575653.0,13017.2001953125
491753.0,12049.7001953125
400429.6875,125324.0
528289.1875,98099.1015625
561259.1875,12314.900390625
271746.3125,5549.39990234375
379855.6875,138841.90625
524098.3125,87306.203125
267403.40625,4378.2001953125
582130.6875,11645.599609375
295711.09375,61444.69921875
279684.90625,5987.2998046875
274835.59375,6551.10009765625
450571.3125,187179.796875
303272.59375,7790.39990234375
287045.6875,89571.6015625
322962.6875,35409.30078125
309005.8125,158775.703125
396952.0,141800.703125
398534.8125,222489.296875
585551.6875,13529.7001953125
323138.8125,49826.1015625
312678.8125,23266.19921875
559369.3125,52991.69921875
301057.59375,7075.10009765625
261255.296875,80077.5
539351.3125,31567.69921875
410115.5,52428.19921875
470389.90625,184647.5
318687.5,10585.7001953125
521187.6875,39103.0
292634.0,6772.89990234375
371779.1875,90266.796875
335466.6875,64632.6015625
252844.90625,4726.7001953125
289576.1875,6278.60009765625
319062.90625,22312.400390625
332762.40625,65291.80078125
295644.09375,6790.10009765625
332212.8125,138116.296875
285511.59375,8215.400390625
301357.1875,7068.10009765625
294696.1875,6267.60009765625
640622.1875,21630.30078125
284468.3125,212569.703125
390040.8125,139773.296875
288326.1875,4943.7001953125
241956.296875,5578.10009765625
292480.8125,8271.2001953125
266801.3125,7209.7001953125
293434.3125,5592.5
320016.8125,8468.2001953125
341252.40625,21780.0
595148.0,22607.69921875
298005.6875,6815.5
384430.1875,72884.0
294182.0,6536.89990234375
312715.6875,9285.2998046875
315315.09375,9208.900390625
267780.6875,13327.7998046875
243681.5,6757.7001953125
459728.8125,107086.3984375
507133.1875,138356.40625
490336.1875,143435.5
274952.5,6129.60009765625
540540.3125,10551.400390625
626990.125,19500.19921875
344012.1875,67845.6015625
416171.3125,138143.203125
598322.1875,12742.599609375
298291.40625,6013.89990234375
513931.59375,254716.203125
274612.09375,7630.60009765625
410386.3125,170598.296875
490336.40625,112195.1015625
501282.09375,176016.40625
281760.8125,6830.2998046875
259756.703125,4805.60009765625
568686.6875,12989.099609375
372747.8125,155658.703125
588055.5,12757.2001953125
375755.8125,106921.796875
506572.3125,144749.703125
284936.0,5056.60009765625
591284.8125,13615.7001953125
255969.296875,41272.69921875
379894.6875,111891.1015625
401977.90625,103210.3984375
256492.59375,5315.2001953125
292132.40625,5850.7998046875
321111.59375,77905.6015625
593257.875,13874.599609375
360523.09375,57683.8984375
255177.703125,4155.60009765625
294337.1875,4819.60009765625
560687.8125,121924.203125
272976.5,5485.2001953125
420429.8125,145825.296875
300955.6875,6083.2001953125
521808.3125,118483.6015625
545874.3125,89852.203125
456544.5,177524.09375
282161.8125,5259.2001953125
566599.3125,11786.5
299212.3125,8049.7001953125
474809.90625,137116.0
608174.5,22105.19921875
295208.5,7210.89990234375
578164.8125,11603.2001953125
292082.1875,6307.89990234375
290854.6875,7303.2998046875
564719.3125,51869.8984375
305139.6875,7400.89990234375
326933.0,65070.1015625
591624.8125,14226.900390625
468732.0,117080.203125
289489.09375,3820.199951171875
523937.0,149984.796875
582987.3125,11695.7998046875
340591.8125,6346.5
406972.8125,88019.8984375
304722.6875,9541.599609375
464636.09375,98734.796875
281888.90625,7026.39990234375
438929.8125,126527.703125
474279.8125,124592.203125
313369.1875,10069.099609375
252279.90625,16177.400390625
299550.59375,5599.7001953125
575687.875,14055.2998046875
290119.90625,8019.60009765625
427228.09375,11308.400390625
303823.1875,7703.10009765625
303402.1875,7561.10009765625
433133.3125,98587.796875
339108.1875,65556.703125
585232.8125,13380.599609375
307518.40625,7392.2001953125
289992.40625,5654.39990234375
296414.09375,5548.2001953125
307781.90625,76475.796875
312486.09375,33443.1015625
515271.09375,71658.3984375
564629.3125,13882.7998046875
551279.1875,12326.099609375
271996.1875,6520.60009765625
297852.3125,9708.2001953125
300899.0,8768.7001953125
562589.3125,47004.80078125
542387.1875,25184.19921875
286904.09375,7194.10009765625
274754.3125,5475.7001953125
308960.90625,22780.0
464345.5,100644.703125
579427.1875,14857.5
333933.1875,76340.796875
254624.296875,4537.2001953125
427569.1875,85064.8984375
306407.8125,6705.5
288756.59375,6471.39990234375
299650.6875,6701.7998046875
305373.8125,6863.89990234375
559818.1875,9531.0
359425.3125,83106.8984375
558756.1875,10504.7998046875
246334.0,9318.2001953125
325400.8125,58526.8984375
285457.8125,7319.89990234375
485907.90625,97532.8984375
359949.3125,106883.203125
374705.3125,113298.703125
316679.40625,6582.2001953125
364593.09375,63302.69921875
310032.40625,13006.7998046875
384306.3125,161391.796875
464798.90625,384930.59375
344941.09375,92237.8984375
505861.8125,157810.296875
586892.1875,22728.599609375
271122.6875,6393.7998046875
543299.3125,69799.203125
513489.3125,74944.203125
308980.90625,113814.703125
299458.1875,5955.60009765625
308260.09375,8903.2001953125
598928.375,16550.80078125
534078.125,104499.6015625
508197.90625,313128.59375
589847.625,17387.900390625
284497.3125,4992.7998046875
448351.6875,18048.599609375
322334.1875,53897.30078125
279062.0,6287.7001953125
544537.3125,114115.296875
593079.6875,12153.2001953125
292644.8125,9272.0
320589.8125,6815.7001953125
531752.375,97417.0
285427.5,5697.7001953125
324109.1875,52554.0
304244.0,47118.8984375
575116.6875,11901.2998046875
288444.6875,7009.10009765625
555930.8125,122367.203125
452892.1875,21300.400390625
533598.3125,96824.5
355882.1875,100096.296875
370515.5,64845.19921875
334546.3125,91815.8984375
276033.1875,6796.39990234375
267683.6875,9426.0
378581.5,74880.0
561108.375,55027.19921875
275791.59375,7537.10009765625
605755.375,16493.599609375
274574.8125,7575.7998046875
298357.6875,7529.60009765625
321072.1875,23500.30078125
333171.0,88727.703125
254301.296875,15568.2998046875
262797.6875,62130.19921875
251242.796875,6531.2001953125
342874.40625,53164.19921875
573066.1875,82239.6015625
489245.40625,116817.3984375
299445.59375,5197.7001953125
297803.8125,6122.2998046875
279753.90625,14679.599609375
299248.8125,128871.796875
566255.1875,12668.099609375
570473.6875,109493.296875
368080.8125,7066.2001953125
316726.5,30538.69921875
356288.8125,111697.796875
349850.3125,82374.203125
561777.0,14421.099609375
286424.3125,5969.7001953125
284099.8125,7355.0
446132.5,11720.7001953125
278563.5,30509.19921875
282343.6875,7537.5
516735.0,75399.8984375
292119.6875,7341.7998046875
254411.203125,67835.6015625
284973.3125,9333.2001953125
281157.6875,7032.89990234375
268659.3125,10668.0
323760.6875,58753.30078125
289257.3125,5906.39990234375
288893.6875,6478.39990234375
343752.1875,164573.0
542139.0,24543.599609375
583305.0,15332.0
320801.1875,25764.80078125
368319.59375,93602.703125
560225.0,178477.296875
571698.3125,17991.30078125
277881.8125,4335.0
395358.8125,157804.90625
521703.6875,162575.09375
249787.796875,5563.39990234375
584305.125,12082.7998046875
530213.875,8556.900390625
334873.0,55067.19921875
316711.5,9095.599609375
343642.6875,70947.203125
293929.90625,4727.2001953125
416700.0,210592.09375
416900.1875,147847.40625
289472.1875,5385.2001953125
395685.8125,135147.203125
533961.5,13710.2998046875
359937.59375,70746.703125
534086.0,41361.30078125
260276.5,14455.2998046875
504297.8125,170641.0
474052.3125,118310.703125
482201.09375,114199.0
524585.875,113427.8984375
276112.59375,8196.599609375
266460.3125,5775.2998046875
315672.8125,19017.30078125
462258.1875,92763.6015625
335439.6875,101049.6015625
436192.5,317905.5
304286.3125,7400.7001953125
326061.1875,75798.1015625
597395.125,10482.7998046875
583965.375,12216.599609375
288151.8125,6281.10009765625
454342.59375,157566.796875
362916.5,79329.796875
574522.1875,15515.599609375
297069.1875,6015.60009765625
290767.8125,7136.7998046875
442210.09375,97701.0
293325.1875,6084.7998046875
259047.703125,46744.5
481747.6875,9611.0
575805.875,92776.3984375
241383.0,6549.7001953125
304685.59375,6281.89990234375
355990.6875,95119.5
306077.1875,10698.599609375
311100.0,19819.099609375
290534.0,6331.89990234375
316444.3125,14968.900390625
409490.6875,14598.099609375
246681.09375,6634.5
290762.0,6196.7001953125
501315.5,145733.09375
484314.6875,160805.0
266602.1875,8640.2001953125
521274.90625,12501.099609375
485192.8125,13531.7998046875
340378.5,88435.1015625
588930.8125,10620.099609375
348963.90625,116026.6015625
303579.8125,7272.10009765625
298055.0,8532.0
564181.6875,73020.1015625
297003.09375,40026.30078125
347047.90625,52384.6015625
284474.8125,5408.60009765625
315352.5,102425.296875
418641.6875,137708.59375
307377.8125,9324.7001953125
298326.6875,7146.60009765625
509972.09375,92692.296875
599540.875,11711.599609375
262743.40625,7034.10009765625
295195.6875,5406.10009765625
310551.8125,10783.2998046875
430453.6875,98880.5
310160.6875,18141.599609375
550493.125,193638.203125
308850.0,56597.80078125
581572.375,117822.8984375
548246.0,39363.19921875
575463.625,12455.900390625
285350.90625,7152.7001953125
271236.6875,21700.5
562182.1875,11256.599609375
286458.0,6559.60009765625
433622.0,104648.3984375
296090.6875,4808.60009765625
528858.125,79907.5
405146.5,126979.296875
262299.1875,51088.30078125
302271.5,93656.1015625
412957.59375,111763.796875
312537.40625,29248.80078125
528920.3125,102870.796875
310117.8125,12765.099609375
340035.1875,85146.796875
299676.0,6473.60009765625
298709.8125,7596.39990234375
311319.1875,10607.7998046875
333300.09375,67856.296875
307764.3125,6705.2001953125
318313.90625,8948.099609375
461754.5,102908.1015625
509497.1875,86683.0
576391.5,15122.2998046875
575183.8125,15042.2001953125
510491.6875,108635.1015625
347054.59375,52206.30078125
296615.8125,6805.60009765625
302303.09375,124586.296875
575741.0,14625.7998046875
302410.1875,8020.60009765625
512034.1875,125434.1015625
454656.3125,13668.7998046875
319548.09375,60762.0
368528.1875,8637.2998046875
549328.5,14145.2001953125
586658.1875,68026.5
479438.3125,166875.203125
303702.1875,8278.099609375
500760.09375,66343.296875
424884.40625,70507.1015625
268105.8125,6934.60009765625
452034.5,113768.296875
298732.6875,5026.10009765625
294527.8125,6642.2998046875
417060.59375,257659.0
409942.6875,128894.296875
492920.5,134806.203125
552876.6875,37246.5
325104.6875,85933.1015625
391181.59375,98574.703125
378781.0,87970.796875
289792.6875,6645.5
262207.90625,6769.89990234375
354740.5,75792.203125
378351.1875,111046.1015625
295080.5,6361.60009765625
457359.5,111148.8984375
373037.8125,7690.89990234375
315002.0,21801.80078125
297854.6875,7066.2998046875
309367.0,9413.599609375
269407.6875,27349.5
394082.09375,17916.30078125
572370.875,65288.80078125
585066.375,89137.1015625
310447.8125,5674.2998046875
597205.5,14273.599609375
543946.8125,124000.6015625
281700.59375,4873.89990234375
513182.8125,56422.1015625
373279.59375,155367.59375
360710.8125,105329.8984375
291505.1875,6298.7998046875
492934.09375,148006.296875
557287.5,54635.3984375
297084.40625,8817.2001953125
558206.375,137855.59375
303462.5,8158.89990234375
293276.3125,5173.2001953125
599925.625,12816.900390625
498600.40625,13149.7998046875
429358.5,115347.5
348516.8125,69879.203125
269352.09375,8339.7998046875
538324.375,128242.6015625
286044.40625,8464.599609375
438409.3125,117674.6015625
558137.5,8097.2998046875
575304.1875,70784.1015625
291530.1875,6148.60009765625
580880.3125,11926.7998046875
289756.3125,7435.2001953125
403498.1875,159792.59375
529800.875,11732.099609375
266664.3125,5899.60009765625
323841.6875,52052.1015625
258709.59375,6523.5
245357.5,4941.7001953125
568519.1875,8241.0
461707.6875,186283.09375
513773.59375,13210.7001953125
315869.0,7601.2998046875
279157.1875,6059.5
301975.90625,7980.39990234375
565362.125,75095.3984375
392906.40625,118313.203125
524585.1875,83947.5
412632.6875,121938.6015625
303988.5,11140.099609375
285369.0,6067.89990234375
292695.8125,6420.89990234375
250333.703125,7004.7001953125
582222.625,11550.5
312771.6875,9627.7998046875
281946.5,6591.7001953125
377744.0,211585.09375
283235.1875,6978.0
324768.40625,55005.30078125
448077.6875,181722.203125
601671.875,13283.099609375
428075.3125,110474.703125
301500.6875,6924.60009765625
480042.09375,150597.296875
517067.90625,165097.09375
479614.8125,122862.1015625
304074.09375,8652.2998046875
404381.5,20497.30078125
398441.6875,118517.1015625
534032.5,84983.796875
295710.8125,5089.2998046875
305597.1875,7775.7998046875
285599.5,6765.2001953125
572927.1875,153179.0
567087.8125,12986.7001953125
570123.125,12545.7998046875
306013.40625,8198.599609375
578384.625,12085.7998046875
290695.5,6235.2998046875
289704.1875,8125.7998046875
329279.5,59920.69921875
519810.6875,137838.59375
305005.59375,11622.2001953125
598265.5,15615.7998046875
359206.40625,66769.3984375
635364.5,98700.203125
304535.90625,7064.7001953125
544737.6875,200384.5
439781.0,112565.8984375
273494.8125,6364.89990234375
314060.6875,41444.69921875
392772.59375,236313.5
280822.0,4744.7998046875
380516.6875,226416.296875
430568.0,121439.203125
328943.6875,45097.0
496014.09375,127194.796875
558277.375,15281.7998046875
495655.40625,64496.6015625
562508.3125,9906.2998046875
306132.5,7196.10009765625
571826.8125,11514.099609375
339364.40625,89248.1015625
293446.09375,6953.89990234375
546129.3125,22227.099609375
492387.59375,232538.09375
588707.8125,36771.3984375
592186.1875,20201.30078125
420798.09375,139920.796875
491020.0,8912.5
578864.3125,96244.703125
470941.90625,14596.099609375
389442.40625,77346.1015625
423878.3125,114389.1015625
296431.59375,83145.796875
308652.0,11041.2998046875
534038.6875,54441.1015625
298147.0,8712.7998046875
588534.8125,10756.2998046875
250162.59375,6767.0
293657.5,22970.19921875
295563.3125,8223.2001953125
375179.6875,110454.6015625
353025.6875,71708.5
295826.90625,8584.2001953125
528787.5,92574.5
245015.796875,6598.2001953125
499511.40625,118703.6015625
258811.40625,4486.60009765625
408244.8125,149013.09375
287365.09375,7971.7998046875
338404.6875,53845.1015625
596420.1875,13938.099609375
405599.5,106243.296875
290339.3125,6688.2998046875
287347.1875,5969.0
267186.8125,5636.2001953125
443205.6875,119219.6015625
296490.59375,6448.7001953125
573313.0,17995.19921875
338902.90625,130315.703125
384145.5,144398.59375
454707.5,144793.40625
401228.3125,165718.90625
559745.1875,39347.69921875
589161.6875,12505.599609375
308525.59375,9114.0
290620.5,4643.2998046875
451962.1875,121570.296875
322066.5,8698.599609375
311382.1875,17553.5
402902.09375,128285.296875
436682.90625,132075.296875
273532.1875,7784.7001953125
295710.8125,31409.30078125
402748.0,132523.59375
463894.59375,139675.90625
455574.3125,128747.1015625
364306.6875,135580.796875
315318.5,16549.599609375
443192.3125,210942.40625
298533.6875,7716.2998046875
293561.09375,30667.30078125
545887.8125,11199.2001953125
302024.5,7853.89990234375
606761.375,16123.2001953125
528936.375,11643.599609375
268454.5,10342.599609375
563847.5,13253.400390625
294588.0,4845.0
287677.8125,6564.2001953125
293131.1875,11018.099609375
517006.09375,117858.796875
317669.90625,26902.599609375
377581.09375,79186.796875
301365.0,31657.30078125
332031.6875,68549.6015625
304918.0,9057.5
568643.125,14321.2998046875
338133.90625,70420.6015625
504885.3125,139806.09375
301621.09375,29984.30078125
556633.6875,10340.599609375
361484.5,76402.296875
305644.3125,6553.2998046875
578557.125,12010.0
274552.5,70875.203125
309082.1875,9327.5
304189.3125,10408.2001953125
321862.1875,10215.099609375
395978.09375,94977.703125
554705.5,93912.796875
582384.375,13201.400390625
310420.09375,66822.8984375
319114.1875,10283.599609375
478688.5,167720.09375
299575.0,7798.89990234375
384868.6875,210863.703125
297454.1875,7438.10009765625
278312.0,6494.2998046875
279564.0,6291.7001953125
320180.6875,9637.0
583227.625,9399.2998046875
300297.90625,7111.2998046875
310444.6875,16407.19921875
287760.90625,6872.10009765625
501127.3125,87591.296875
274273.0,4778.10009765625
324246.8125,4745.60009765625
304966.09375,10020.900390625
397032.6875,116197.796875
593987.5,13352.099609375
570312.625,19914.599609375
442983.8125,11374.400390625
266309.6875,92527.796875
296563.59375,60457.30078125
416357.5,11437.400390625
331044.90625,61381.6015625
451956.0,99624.1015625
564235.5,12004.2998046875
585131.3125,12942.7001953125
285807.5,69844.5
370503.8125,117206.203125
468633.09375,18718.30078125
278634.8125,5724.60009765625
496895.09375,12518.2998046875
494171.0,42585.80078125
540219.6875,11277.099609375
295905.6875,7958.7998046875
272247.5,5301.7001953125
299979.6875,5502.0
274859.3125,37854.69921875
281230.1875,6936.2998046875
288587.5,6086.7001953125
594106.0,15205.2998046875
342321.1875,83771.1015625
350201.3125,145314.796875
355870.09375,81151.6015625
301696.09375,6324.39990234375
522521.40625,130147.0
283713.6875,6611.10009765625
414266.0,123668.203125
264227.5,6648.10009765625
583378.125,9797.400390625
396941.1875,11026.400390625
491598.5,110861.796875
536718.0,12927.0
581334.5,11432.5
353254.3125,114760.703125
366559.5,152977.5
568737.0,10731.599609375
480033.5,152409.0
424927.40625,93028.1015625
490329.90625,142351.40625
481748.6875,106636.6015625
550267.875,98789.5
288253.0,7213.5
363868.1875,118164.3984375
486469.90625,179719.59375
565669.8125,14546.7001953125
339155.40625,13594.5
503031.5,85129.703125
597520.125,15292.7001953125
292076.5,5026.7998046875
379463.59375,60638.6015625
312657.6875,8832.5
457567.90625,56438.5
337346.1875,40906.6015625
353339.6875,87078.796875
432770.0,145493.703125
361302.59375,45856.19921875
295084.1875,6547.60009765625
474377.09375,13544.599609375
347656.59375,67387.6015625
283807.6875,6023.5
243945.09375,4498.39990234375
298871.90625,6240.0
336369.1875,5814.60009765625
331581.8125,21675.5
394666.0,134263.59375
489793.90625,128306.6015625
573857.375,11354.400390625
254376.59375,5813.39990234375
327438.5,50224.19921875
296844.3125,6316.60009765625
350992.6875,60840.8984375
283460.0,9137.0
569956.0,74948.6015625
291658.0,5842.0
310656.40625,20529.5
579357.625,17326.19921875
279720.0,5471.7998046875
304771.6875,7187.10009765625
580974.125,13368.599609375
294323.59375,6346.60009765625
448868.6875,126460.5
404933.1875,11671.099609375
538471.8125,62789.5
562705.0,9630.2001953125
398098.5,120457.1015625
413189.90625,119418.3984375
533712.625,132854.90625
386883.1875,30051.30078125
291290.90625,7591.5
502903.5,88775.796875
316773.09375,19498.599609375
322543.59375,29724.400390625
298793.40625,8090.5
272801.1875,5701.60009765625
346364.8125,71119.0
270840.5,4703.7001953125
282114.40625,80164.6015625
550529.875,16534.900390625
277123.59375,5197.89990234375
467626.5,79111.203125
270268.3125,6805.60009765625
309460.6875,6852.89990234375
303069.5,9296.7998046875
359621.0,111916.0
369322.3125,238926.703125
281885.0,4821.10009765625
332094.0,44262.0
566588.375,7754.10009765625
272185.40625,7072.89990234375
316666.1875,56449.1015625
598550.8125,11669.599609375
259986.703125,9130.2998046875
444322.40625,97730.0
298257.59375,8008.7001953125
440553.0,96016.296875
300485.1875,6055.10009765625
274303.59375,4977.10009765625
373116.59375,59420.6015625
587874.6875,12024.5
297745.40625,5198.0
302647.0,8235.7001953125
293480.40625,7061.10009765625
288021.59375,7286.89990234375
590410.5,14804.2001953125
582473.1875,89846.8984375
482231.5,189104.5
282667.0,11116.0
365915.0,8206.5
386106.40625,137483.59375
297748.40625,7677.39990234375
554234.1875,64490.6015625
504353.59375,155685.90625
290540.3125,5856.60009765625
347327.40625,74642.5
264246.0,7683.5
557295.625,11106.400390625
434785.1875,196828.296875
454052.90625,13370.0
286552.09375,73138.203125
291702.59375,3445.60009765625
297516.6875,6582.0
457977.09375,64384.3984375
391204.90625,123744.5
283477.1875,7692.60009765625
288363.0,6470.10009765625
577089.375,8165.60009765625
292591.5,10108.2001953125
577955.3125,12211.099609375
470470.1875,46883.3984375
371065.5,109850.296875
297909.0,110579.5
291448.5,6463.5
588458.5,12335.599609375
576743.875,26026.5
308812.09375,7449.2001953125
478672.6875,118900.1015625
299302.1875,47593.5
400836.1875,188006.09375
400115.3125,134711.0
321165.5,29891.099609375
552615.875,18207.599609375
327576.40625,46459.8984375
311629.09375,45821.8984375
297795.3125,8719.099609375
249045.203125,6045.39990234375
303601.5,5767.2998046875
461371.0,103091.0
431911.0,121905.0
291596.8125,5525.7001953125
551873.375,9821.5
324429.5,61849.30078125
291279.1875,7308.60009765625
533030.625,184807.09375
550541.3125,8417.7998046875
524707.125,72940.6015625
292428.1875,7718.0
262433.09375,5502.39990234375
586077.875,12714.5
543009.6875,62290.6015625
296944.3125,18522.0
360702.0,97857.703125
298758.59375,7937.89990234375
270210.0,8704.7001953125
293358.8125,8525.599609375
312911.6875,10125.900390625
499564.0,157786.296875
334181.5,34816.5
511829.1875,11699.2998046875
556731.875,15022.0
293413.5,7857.7001953125
294440.09375,7814.2001953125
547323.0,10499.2998046875
302629.1875,104993.1015625
540869.625,46621.1015625
479739.40625,192617.0
304237.6875,6672.60009765625
270340.0,5892.60009765625
502484.90625,12768.099609375
293971.90625,8778.900390625
523453.09375,119543.8984375
271353.3125,10728.099609375
354987.6875,74752.8984375
602712.5,64596.80078125
242901.5,4109.5
312956.5,7278.0
468550.5,138494.5
593847.0,12622.599609375
382253.5,57265.5
500574.90625,155265.09375
303811.6875,6077.10009765625
297268.3125,23812.599609375
331974.90625,38863.5
276467.5,5841.7001953125
585841.125,14900.2001953125
302576.5,6262.2998046875
500799.1875,137097.59375
341923.09375,13351.099609375
267669.3125,6144.2998046875
589602.875,74394.5
553914.1875,120632.1015625
485019.8125,19709.5
519122.0,104065.703125
421688.40625,11073.599609375
306756.40625,12792.900390625
324647.09375,49549.3984375
536748.5,99903.703125
302127.3125,7152.10009765625
339715.6875,196251.90625
324663.5,45136.80078125
284773.0,6875.0
372823.6875,195630.796875
583714.375,12683.0
372023.6875,107689.1015625
312592.59375,57451.1015625
290113.09375,5429.89990234375
293221.6875,6994.60009765625
333482.5,70540.703125
307106.5,7602.60009765625
274668.5,4678.7001953125
577402.8125,14171.099609375
355840.5,87216.0
315310.5,11519.5
276446.0,5961.60009765625
480402.40625,169683.09375
273492.90625,8548.400390625
289174.6875,5723.60009765625
280488.59375,66640.3984375
349962.3125,55480.6015625
269004.90625,7343.0
292238.5,5706.0
300303.6875,7617.2998046875
296405.90625,6769.5
306462.0,7847.2001953125
374859.59375,84660.203125
273219.0,14309.2998046875
574490.1875,18031.599609375
246400.59375,6173.60009765625
548637.125,102997.3984375
289326.1875,33734.1015625
358644.3125,77214.0
386717.5,74270.203125
305301.5,8460.599609375
565666.0,11616.2001953125
395197.3125,161111.59375
583128.6875,12841.400390625
363887.0,87443.5
351565.0,122026.5
409687.5,132387.59375
585162.5,13555.0
514125.90625,109725.6015625
322001.90625,7820.39990234375
290645.1875,5350.10009765625
446299.59375,122102.3984375
591973.0,14535.7001953125
323233.0,95464.296875
265838.1875,4026.10009765625
291923.6875,7741.5
296852.8125,5581.60009765625
330828.3125,15645.099609375
300344.3125,7074.7998046875
282528.3125,5843.0
594383.1875,19246.900390625
273556.6875,6553.7998046875
434656.3125,153426.40625
277946.40625,11328.5
340020.5,65719.6015625
595777.8125,13925.400390625
297018.0,5924.5
559856.0,48470.1015625
305689.6875,7315.2998046875
536606.5,12743.900390625
479130.0,114929.203125
380733.1875,7336.60009765625
275084.8125,6558.7998046875
482298.3125,116967.6015625
272690.1875,5406.5
262377.59375,9309.7001953125
310832.3125,13929.2998046875
296448.6875,6142.39990234375
302328.0,8425.099609375
309761.1875,8067.2998046875
301258.6875,125266.796875
390401.3125,32398.400390625
453176.1875,9550.7001953125
490628.5,176505.59375
305134.40625,6213.7001953125
295875.6875,5986.2998046875
248404.59375,8325.099609375
358491.5,127402.8984375
574412.0,15005.2001953125
242187.203125,6571.10009765625
545779.1875,130936.0
560158.625,67906.203125
501917.8125,198873.796875
285153.3125,6588.0
272866.1875,8989.900390625
443791.1875,112765.296875
579674.6875,11614.7998046875
373785.3125,93493.3984375
356869.6875,167660.203125
342847.5,31784.19921875
337506.5,72570.6015625
282852.3125,6071.89990234375
511235.5,30129.599609375
515775.90625,9788.2001953125
469114.09375,170547.59375
420100.0,100834.3984375
305560.0,7716.2001953125
337974.59375,123320.203125
305076.6875,7361.7998046875
475615.1875,147095.203125
330308.59375,68388.1015625
293070.6875,6404.0
586273.625,13258.900390625
522770.09375,11347.400390625
561256.3125,87464.8984375
485966.5,217395.703125
501612.90625,113990.203125
260393.90625,8110.5
540789.3125,114079.1015625
575033.125,12655.2001953125
460771.8125,141619.796875
266604.6875,6230.2998046875
255025.796875,151939.40625
571177.8125,15993.2998046875
580028.0,69280.703125
262462.5,6669.10009765625
268357.8125,5941.89990234375
252485.5,9268.599609375
303126.90625,6347.2001953125
604668.0,15278.900390625
357612.5,15276.7001953125
294837.1875,7364.60009765625
415901.3125,11298.2998046875
442925.59375,148954.203125
265652.3125,30073.69921875
545189.6875,11996.2998046875
274169.1875,4538.7001953125
478188.59375,148444.90625
590872.625,18621.400390625
271187.8125,5846.39990234375
540367.6875,106137.5
293059.59375,6865.2001953125
421112.8125,113829.0
527540.1875,14217.2998046875
459803.1875,407681.3125
502577.8125,56520.6015625
514110.1875,78274.0
595194.625,15608.2001953125
535672.3125,93431.796875
298695.8125,6773.5
378746.6875,117092.8984375
302486.0,6254.60009765625
322118.1875,16342.7998046875
298273.3125,7503.39990234375
302952.59375,51062.8984375
270816.1875,7192.2001953125
324253.8125,43130.30078125
568515.875,6760.0
293100.5,8497.599609375
574768.5,12742.5
293248.90625,5031.7001953125
302649.0,7229.2001953125
531749.3125,119636.796875
561185.125,15838.2001953125
247932.703125,6176.2998046875
292699.59375,6887.10009765625
367736.6875,65139.0
564409.125,16216.400390625
307751.09375,8259.900390625
577558.875,12030.2998046875
297230.0,14823.7001953125
296958.40625,5087.2001953125
369194.40625,101248.5
314377.8125,9710.099609375
471067.1875,168949.59375
276136.5,9523.099609375
342654.0,140619.5
548832.375,12730.900390625
311229.90625,8854.900390625
309561.3125,7933.2001953125
309964.6875,8826.2998046875
261882.0,8794.599609375
476763.1875,160545.5
483751.59375,156668.203125
293932.8125,7393.2998046875
526462.8125,94882.0
300620.0,7344.60009765625
611580.6875,17393.80078125
535571.3125,113791.3984375
322975.8125,80289.1015625
424037.1875,105044.5
577914.625,11703.7001953125
291581.3125,8680.7998046875
462816.3125,138680.0
299586.0,9130.599609375
363039.1875,84545.796875
293826.8125,5638.39990234375
586634.1875,12660.2001953125
581551.3125,108065.796875
295947.5,7298.2001953125
284820.40625,4686.0
303548.5,6638.10009765625
545801.3125,110411.3984375
475514.0,163176.5
502581.0,45409.1015625
441330.40625,103972.703125
251908.703125,5596.2998046875
443334.09375,144067.09375
310946.5,10217.900390625
309588.5,7766.7001953125
364566.6875,81154.6015625
356745.3125,120065.796875
291880.09375,5193.2001953125
293538.3125,9151.2001953125
481954.6875,124253.296875
527268.6875,64764.19921875
278891.6875,7362.5
578921.375,14185.2998046875
272202.5,32729.19921875
528207.3125,122801.6015625
288236.1875,8217.099609375
469403.0,93317.5
293866.1875,8506.5
276940.3125,49416.5
415493.6875,153104.40625
319638.0,16511.599609375
379760.6875,43357.80078125
303810.1875,8793.2998046875
273635.09375,8681.400390625
297903.6875,7475.7001953125
598547.5,15380.7001953125
285869.0,10383.099609375
390665.8125,192733.90625
575968.0,79442.0
469936.5,105189.1015625
305189.40625,8813.2001953125
282593.1875,7456.7998046875
561393.125,40736.1015625
304780.5,6824.39990234375
464574.6875,118822.6015625
300832.3125,9450.7998046875
293404.8125,9598.5
468882.6875,160923.40625
368981.5,106876.1015625
260203.703125,6730.7998046875
424516.6875,160434.296875
268983.59375,5766.39990234375
322236.3125,9207.2998046875
409501.40625,110631.5
268328.5,78552.6015625
257595.796875,9473.400390625
596858.1875,15140.2998046875
550924.125,61435.1015625
452078.5,93859.3984375
577796.8125,10839.7998046875
573623.1875,9183.7001953125
299662.09375,7927.39990234375
531750.625,246005.40625
299458.0,5670.2001953125
336095.40625,29007.19921875
328487.0,9361.599609375
484419.5,13836.0
252854.796875,4096.60009765625
288128.1875,6781.0
407011.8125,138663.0
459685.6875,126162.3984375
523352.1875,10281.2998046875
290667.6875,6950.7998046875
586272.3125,14116.900390625
314734.09375,6598.39990234375
318768.1875,29416.19921875
307862.3125,39133.80078125
584773.0,11488.2001953125
342281.0,152561.09375
307581.5,9384.5
626439.375,91733.703125
468432.5,145086.90625
390531.1875,111023.5
328376.09375,7258.2001953125
286628.3125,6614.7998046875
288476.6875,4090.89990234375
590713.5,11709.099609375
551742.1875,93672.296875
529710.6875,71271.796875
566173.8125,12131.400390625
515001.59375,11034.400390625
492722.40625,105187.0
559455.5,30208.599609375
302881.8125,7151.39990234375
314984.0,11041.0
567466.0,11508.099609375
266128.6875,6803.2998046875
444185.0,161873.40625
314488.0,35218.69921875
324279.59375,67679.203125
545432.3125,88858.203125
273067.1875,7106.7998046875
565321.125,103420.6015625
305794.6875,11788.0
578432.625,89704.8984375
306628.09375,6303.89990234375
257696.40625,4073.300048828125
304580.5,10405.2001953125
580070.375,14404.2001953125
396686.8125,11902.599609375
298121.0,6876.0
259737.90625,10573.400390625
285801.40625,6590.39990234375
467391.8125,88291.703125
278344.3125,7058.2001953125
301477.09375,6300.7998046875
281953.0,93002.1015625
298190.09375,5121.0
543172.875,43644.3984375
595852.875,13544.7001953125
263158.1875,4818.10009765625
262940.3125,7953.7001953125
539585.1875,97679.3984375
536888.0,18210.900390625
528040.3125,12455.7998046875
337319.0,49708.8984375
385253.3125,262321.09375
288141.6875,6988.5
426733.59375,164322.703125
295867.3125,8166.0
312683.1875,13595.900390625
328924.6875,71334.296875
306348.6875,6704.2998046875
346851.8125,88764.8984375
281484.09375,6135.89990234375
295563.1875,8703.7001953125
277133.8125,5247.2998046875
335817.0,29562.69921875
288012.90625,6412.5
589067.0,14167.599609375
257491.0,5667.5
489568.90625,97362.203125
567128.1875,74240.296875
306612.59375,7932.10009765625
392026.0,107258.8984375
319203.0,8461.7001953125
287649.6875,8181.60009765625
255109.296875,5885.2998046875
467358.09375,132167.703125
572435.375,14053.099609375
536920.0,12304.2001953125
408838.0,114495.703125
292988.59375,5019.10009765625
502922.3125,11563.599609375
283994.1875,8747.099609375
276735.09375,60289.8984375
476236.6875,152944.5
304037.1875,7953.10009765625
485207.5,242385.09375
291553.09375,18327.19921875
391928.09375,121010.3984375
286960.0,5680.2001953125
414482.40625,133540.09375
315876.0,13335.900390625
443341.6875,11386.5
521367.6875,119532.3984375
306375.40625,7156.2001953125
295056.6875,8146.2998046875
394999.40625,92204.296875
327945.59375,79743.3984375
565168.125,82002.5
310217.8125,8021.2001953125
492726.59375,157907.90625
324518.3125,50690.5
593747.0,34069.30078125
309592.3125,22373.099609375
293554.6875,6858.60009765625
285213.59375,7734.10009765625
311593.5,8626.2998046875
594115.1875,12441.7001953125
423105.8125,126537.1015625
280862.09375,6243.5
563021.6875,31005.099609375
567604.125,15337.099609375
289268.40625,7793.2998046875
279354.6875,5611.2001953125
300137.8125,7199.10009765625
308716.8125,58898.6015625
335550.0,29869.099609375
291747.59375,5123.2998046875
566570.1875,103930.703125
291173.59375,7489.39990234375
389735.3125,88924.3984375
258683.0,104234.6015625
296644.09375,7443.0
445886.5,9254.2001953125
384531.3125,200993.296875
396587.3125,108255.1015625
432717.0,132076.703125
385085.40625,129090.703125
501908.59375,97887.6015625
405696.59375,82764.203125
339115.8125,86057.3984375
434463.3125,135366.59375
469200.1875,120120.1015625
320656.6875,82970.5
308755.1875,11174.099609375
562553.0,12482.599609375
303041.0,10050.5
382945.5,128315.1015625
285361.59375,7160.7001953125
441538.59375,163136.40625
551102.0,79476.796875
457730.90625,10817.599609375
480380.0,104702.703125
337162.0,10316.2001953125
560844.625,33139.6015625
296283.09375,5820.7001953125
313760.8125,8525.599609375
303185.1875,7233.5
603418.1875,15634.599609375
600043.0,16297.0
382024.0,97473.6015625
279311.8125,7305.10009765625
296025.09375,7405.39990234375
344880.59375,6634.5
317900.40625,9706.2001953125
574935.375,14520.599609375
563009.625,12697.2001953125
249313.5,9254.400390625
500972.6875,12529.599609375
362314.6875,123481.5
477153.5,127386.5
561954.375,49629.19921875
338385.40625,111848.796875
303845.59375,8675.400390625
437395.09375,284542.0
278235.8125,7275.2001953125
397969.59375,106731.3984375
288613.8125,8892.0
573277.8125,69848.296875
280339.8125,6709.10009765625
431697.1875,144614.59375
279732.5,6389.2998046875
312495.0,11400.2998046875
307282.40625,9877.7001953125
531472.125,9557.599609375
303489.40625,6203.60009765625
237244.0,8788.7001953125
298902.59375,7030.60009765625
522914.09375,136461.203125
310714.59375,148396.90625
314823.1875,128654.5
280827.0,5057.5
515830.5,68091.6015625
307050.59375,9848.7001953125
276320.90625,6382.2001953125
342004.5,60302.19921875
381186.0,117457.796875
261539.203125,6654.7998046875
477299.40625,171517.296875
322333.40625,121095.6015625
332942.5,82307.703125
276809.40625,6124.7001953125
280234.59375,5921.2001953125
547793.3125,141830.09375
306039.6875,7516.5
314962.1875,11790.099609375
526555.5,144238.5
366407.5,66912.6015625
569690.625,11464.900390625
396728.59375,132263.5
352439.40625,95702.203125
329567.0,120290.203125
583094.5,15781.2998046875
294783.1875,53219.80078125
589451.375,14142.599609375
283965.0,6868.39990234375
286006.6875,8535.099609375
317705.1875,7824.89990234375
430969.0,9807.0
422128.5,145545.296875
535481.375,106921.296875
513793.5,9485.7001953125
299078.5,6202.7001953125
263131.59375,28757.599609375
499660.59375,174852.203125
283335.8125,7370.89990234375
360717.3125,6650.10009765625
319680.1875,75065.1015625
567343.125,58788.3984375
459619.6875,151434.5
322667.0,28199.099609375
267034.5,5327.5
285863.0,56350.1015625
297131.59375,5228.7001953125
273676.40625,6302.10009765625
280636.5,5554.2001953125
433613.40625,133032.203125
526312.625,143899.59375
404556.09375,151386.203125
289924.3125,6304.89990234375
289173.1875,6139.10009765625
273606.09375,5014.89990234375
300343.6875,12045.099609375
521742.0,180397.703125
557833.5,10052.2998046875
251955.203125,55975.80078125
410306.40625,110964.6015625
288273.59375,5821.2001953125
300992.0,6690.39990234375
562839.6875,10603.599609375
254130.703125,33125.0
319143.5,42479.0
303929.40625,9019.7001953125
331924.1875,18831.80078125
417085.90625,139505.796875
525152.625,39070.5
576228.625,21562.400390625
510654.40625,91114.1015625
288031.40625,7515.7001953125
343491.59375,67978.703125
308570.1875,8671.099609375
249701.5,18915.30078125
448070.40625,75654.796875
575973.5,12531.2001953125
311225.09375,8138.10009765625
293651.59375,6831.2001953125
296247.3125,7830.10009765625
297793.59375,7891.39990234375
307657.0,7382.10009765625
298637.0,17980.5
570358.0,11580.599609375
306786.59375,7991.2001953125
288088.8125,7430.10009765625
295880.0,60761.69921875
262563.09375,4956.0
308940.0,6207.2001953125
282830.5,6149.2998046875
339755.90625,62801.6015625
382227.59375,145173.203125
452678.6875,195833.59375
369184.1875,84515.5
245450.203125,6292.89990234375
396262.5,22570.5
280859.40625,6197.7001953125
355667.1875,50287.30078125
436109.40625,99296.296875
574104.625,18429.400390625
337860.09375,88889.0
267065.3125,8219.7001953125
324598.59375,44969.8984375
288187.8125,7973.2998046875
285609.6875,7145.5
280721.8125,61471.1015625
298185.0,8085.7998046875
327970.40625,147576.796875
448564.90625,90097.1015625
309911.0,8502.2001953125
468839.0,122871.203125
469977.40625,9113.2001953125
352675.09375,167763.09375
439655.09375,80198.703125
284463.3125,6453.10009765625
426492.6875,165357.59375
336405.1875,127380.1015625
341999.0,123779.6015625
287335.0,6114.0
270561.5,5503.60009765625
300652.3125,81418.1015625
286824.09375,6633.39990234375
461552.0,67366.703125
477281.90625,162940.703125
507958.0,124963.796875
271915.90625,29472.80078125
535185.5,199226.203125
502880.59375,317757.09375
252808.09375,4614.7001953125
403520.8125,154599.40625
578354.3125,11418.599609375
313078.1875,40884.1015625
258820.59375,7731.39990234375
444097.1875,114655.6015625
555202.5,11377.099609375
303564.5,7532.5
329464.5,36953.1015625
293813.59375,7090.7001953125
301601.3125,7331.10009765625
294303.0,6969.7001953125
338425.09375,47952.5
245971.90625,5594.7001953125
287405.90625,55286.6015625
507258.5,118642.8984375
461284.6875,150587.09375
293548.6875,6668.0
348099.1875,9492.400390625
453524.90625,276929.1875
258505.703125,64225.80078125
576985.875,10568.7998046875
400504.59375,113893.0
305412.8125,7111.2001953125
549149.625,12647.900390625
589587.3125,15306.0
592357.875,14897.7998046875
445906.0,159946.703125
563278.5,101912.203125
308269.59375,7352.10009765625
297483.09375,8354.7001953125
546270.3125,173710.40625
387536.8125,111385.1015625
365723.6875,127958.6015625
298212.6875,6864.5
288257.1875,16310.099609375
571366.5,11419.099609375
547562.0,56285.0
256833.0,8667.599609375
447569.59375,162988.203125
342773.3125,68173.6015625
305910.5,6686.7001953125
509514.59375,15995.0
426302.5,69248.703125
297135.0,7454.7998046875
282915.6875,6422.2998046875
317413.40625,24899.599609375
526708.5,29361.400390625
545777.1875,167967.40625
263930.5,5074.0
271404.90625,6238.2001953125
570964.6875,14992.7998046875
313271.40625,14957.7998046875
378587.0,92024.296875
453697.40625,12393.599609375
314708.0,8229.7001953125
362327.59375,75416.1015625
342946.59375,68359.203125
502855.3125,113727.8984375
434096.1875,113130.6015625
521394.59375,108989.8984375
294676.1875,5274.5
533410.6875,178695.59375
315512.5,9433.5
350601.5,60224.69921875
326921.09375,33946.0
278817.90625,7073.7001953125
317338.5,7553.2001953125
301590.5,6554.7998046875
598550.1875,12768.2998046875
328235.59375,88538.203125
569750.6875,11309.599609375
295798.1875,7621.5
306743.6875,58881.3984375
386242.5,91022.1015625
274197.0,9360.900390625
369130.09375,94489.6015625
259451.90625,10197.0
587605.0,13182.599609375
549893.375,13729.2998046875
582708.6875,83233.3984375
310224.5,21725.80078125
282712.3125,7513.5
498629.8125,209363.40625
412273.40625,122149.5
300577.5,6568.0
312004.1875,24097.69921875
566328.5,15510.900390625
289055.90625,6645.0
291233.0,6240.89990234375
534515.6875,154385.703125
300103.59375,39312.30078125
259002.203125,58993.19921875
299338.59375,7441.2998046875
468845.90625,158727.5
478064.5,144967.0
293069.6875,7156.7001953125
500502.0,164978.90625
564281.5,55085.6015625
296686.1875,6764.2001953125
296762.90625,6359.7998046875
325791.6875,47638.8984375
280888.5,5416.7998046875
523099.8125,130725.3984375
532012.0,138091.5
278023.1875,5162.7001953125
284948.0,12527.900390625
260854.40625,3858.0
394761.6875,119766.203125
310424.6875,27152.099609375
288300.09375,4919.0
400233.1875,90761.703125
320958.6875,30192.30078125
568863.6875,31902.099609375
529203.1875,171174.296875
292998.0,5397.60009765625
557543.0,14091.400390625
527880.5,12001.599609375
469655.90625,11336.7998046875
451937.1875,12916.400390625
412201.8125,117471.0
311262.5,6427.0
588311.6875,9612.7001953125
308264.6875,9666.900390625
509833.59375,168285.5
296822.5,6323.39990234375
574312.5,81663.8984375
410654.40625,142530.5
542886.1875,13349.7001953125
592690.625,12074.2998046875
298100.1875,5808.60009765625
480320.59375,137824.5
289899.1875,6261.2998046875
571914.5,11209.0
543197.1875,23398.19921875
299877.5,12848.2001953125
488002.1875,105881.1015625
301197.0,138170.90625
350542.09375,87478.6015625
579322.875,13758.5
329363.6875,60454.19921875
326267.90625,92865.0
367561.1875,115420.8984375
338923.0,27825.30078125
323961.8125,60295.5
329544.40625,26775.0
298895.5,6904.5
370846.1875,88671.203125
586485.1875,83080.8984375
564161.6875,89207.1015625
372769.0,118038.3984375
258245.59375,7215.60009765625
486043.0,150743.59375
297782.40625,5181.2998046875
306545.1875,8920.900390625
575769.5,20452.30078125
363479.8125,99954.3984375
384436.90625,143501.0
510939.5,79083.0
580955.1875,17689.19921875
452985.1875,13102.400390625
364498.09375,97803.5
423510.90625,152442.5
271857.5,5218.39990234375
288739.6875,7096.2998046875
350647.5,175891.40625
315876.59375,30686.099609375
288030.40625,5976.0
286922.0,5016.60009765625
478448.1875,70925.703125
622315.375,14473.0
293526.1875,6367.39990234375
353801.0,71315.796875
350248.90625,271796.5
313474.5,7105.0
289304.1875,5462.7001953125
255866.703125,5384.39990234375
287873.59375,5429.0
554024.5,9252.900390625
541568.0,39680.3984375
298141.6875,6347.2001953125
341948.09375,72211.296875
319046.1875,30446.099609375
253580.59375,6139.5
300507.1875,7351.7001953125
529624.625,13040.2998046875
577957.1875,15239.2998046875
294590.6875,6626.60009765625
585744.1875,15074.2998046875
273533.0,6069.89990234375
259774.90625,5735.0
538185.1875,89055.703125
333423.90625,50752.5
386790.6875,110668.8984375
283748.3125,7243.89990234375
300270.90625,6171.5
548108.0,8035.0
350530.6875,95247.8984375
416443.6875,120734.6015625
447252.6875,110979.296875
292195.0,7238.10009765625
270588.09375,4382.60009765625
597423.875,11437.0
299438.5,6696.10009765625
301436.6875,6835.2001953125
311550.40625,11360.7998046875
496783.6875,13311.900390625
349526.0,78343.796875
574558.3125,14906.5
304099.3125,9342.400390625
537539.875,105994.0
255459.5,40153.5
264188.1875,5643.7001953125
273597.6875,6575.39990234375
563902.125,44188.5
272946.5,6139.39990234375
319049.5,172848.40625
545314.5,115536.3984375
301313.6875,7014.2001953125
290209.6875,6855.7001953125
280732.1875,5788.10009765625
294075.0,11151.099609375
567219.5,48947.8984375
253551.90625,5991.5
283743.5,8970.099609375
447686.90625,110566.5
299504.1875,6756.39990234375
357343.5,83768.296875
298960.8125,10952.900390625
303895.40625,86548.5
297950.5,50944.0
251606.203125,67349.203125
431250.1875,13188.400390625
297515.09375,7298.0
299732.0,6782.89990234375
533625.375,10252.0
598345.0,13142.900390625
301387.6875,7479.10009765625
302234.0,7241.60009765625
294332.59375,13063.099609375
390183.0,9688.099609375
432073.1875,101590.703125
577153.375,12673.5
295408.1875,6091.89990234375
300294.90625,6729.5
265934.0,5292.0
532456.1875,108511.703125
288605.1875,7959.2001953125
406378.1875,102092.3984375
569566.625,14141.0
404832.5,68284.8984375
392858.5,122684.3984375
299073.1875,5726.7001953125
248146.09375,4612.2998046875
308934.6875,8707.099609375
528398.625,11348.5
472666.40625,81335.5
323564.1875,12681.7998046875
588829.5,12582.0
337835.1875,25134.69921875
401688.6875,99489.6015625
446049.1875,112161.796875
577490.5,50505.1015625
286150.6875,7272.2001953125
299857.40625,7641.5
287618.5,7374.2998046875
281384.8125,4860.0
435304.3125,184962.90625
584568.875,16028.5
370294.1875,95521.203125
242132.703125,7493.2001953125
553467.1875,7446.39990234375
312803.0,124512.8984375
404463.5,186761.90625
404969.1875,142655.203125
302280.6875,6265.10009765625
577197.6875,110628.6015625
290008.5,6738.60009765625
377940.0,121349.8984375
306453.09375,12491.599609375
299998.40625,5538.0
287421.5,6570.10009765625
326078.1875,11189.2001953125
399996.40625,121372.296875
264054.6875,4629.39990234375
292692.8125,7283.5
549824.3125,10861.400390625
576317.0,11584.5
525525.1875,53799.19921875
553312.1875,131401.203125
364559.09375,56730.0
281579.0,17132.900390625
299188.0,27805.900390625
591103.375,11655.0
425131.0,138191.90625
309530.1875,8152.2001953125
431176.09375,113501.296875
542446.6875,52030.6015625
277907.09375,6067.5
290948.1875,7973.2001953125
578773.625,46551.30078125
251919.40625,78799.0
304344.0,7807.5
424433.6875,153237.703125
562854.0,12432.2001953125
571836.6875,33666.30078125
295564.0,6842.60009765625
405434.40625,14130.0
293226.5,6873.60009765625
585933.6875,67589.703125
448823.6875,180794.90625
562669.0,10904.2998046875
570897.8125,34193.5
304337.8125,8183.89990234375
328036.90625,13610.5
403112.0,9484.0
328920.1875,69437.203125
305173.0,9717.900390625
572758.0,11855.400390625
598803.875,64767.5
311140.0,7103.39990234375
487312.1875,100613.203125
350805.59375,94622.296875
294257.09375,12376.5
589624.5,11689.5
561050.1875,237764.203125
359311.59375,54967.6015625
269377.0,7678.2001953125
561684.6875,16401.400390625
385940.6875,146393.796875
263478.1875,9033.7998046875
474176.5,97685.5
598267.125,12945.0
331936.1875,45308.5
631541.875,16412.80078125
310582.09375,8938.7001953125
331982.8125,49042.19921875
304973.09375,8933.7001953125
369953.90625,71574.203125
312118.40625,11634.2001953125
359633.09375,76547.296875
310334.59375,50132.8984375
580166.375,12964.7001953125
270240.3125,5346.2001953125
538095.1875,102792.6015625
262082.0,105624.6015625
275556.0,94582.8984375
436092.59375,136953.59375
405494.40625,147540.5
403285.0,166122.09375
559391.875,144103.296875
410287.40625,57091.5
424965.0,87889.796875
284990.8125,9773.400390625
344166.90625,52428.0
431098.6875,9515.2001953125
293087.59375,6476.89990234375
478742.6875,189045.796875
290222.90625,8036.7998046875
600879.6875,15426.0
296794.5,10678.0
297106.5,36844.19921875
438928.3125,176676.5
341104.1875,68320.296875
362447.6875,117248.3984375
285109.3125,6406.89990234375
260612.59375,15139.7001953125
564155.1875,7480.7001953125
361759.3125,105795.796875
270430.09375,5186.7998046875
566831.875,13088.400390625
297107.0,17042.5
423730.6875,170187.703125
285742.59375,78670.6015625
339197.0,57998.80078125
539989.375,12819.400390625
328203.8125,66444.296875
291952.5,60540.19921875
321027.59375,49602.8984375
262833.6875,9297.0
250763.59375,5103.39990234375
561071.125,11422.400390625
322209.8125,6775.0
302112.09375,6141.39990234375
590497.3125,12886.2001953125
587092.8125,13614.599609375
294614.6875,7820.7998046875
588306.6875,59012.0
505145.59375,144818.90625
442527.59375,162003.90625
297604.0,6631.7998046875
313776.6875,21848.80078125
258972.703125,4939.2998046875
363525.59375,9881.900390625
252335.0,7200.2001953125
600291.125,17495.400390625
292315.09375,5882.89990234375
421348.8125,110304.703125
267057.1875,4956.7998046875
324820.90625,8824.2998046875
539613.625,11989.099609375
446281.09375,123115.3984375
541364.5,55350.69921875
344855.09375,151795.40625
512885.90625,160650.703125
590533.125,11617.900390625
593839.3125,11856.599609375
352250.1875,103904.796875
289217.90625,5395.7998046875
489752.09375,111482.1015625
313187.59375,11683.400390625
580024.125,14654.400390625
362022.8125,13269.5
300801.90625,6054.2001953125
300989.0,7124.7998046875
350895.6875,69204.796875
310312.3125,8446.900390625
464936.59375,11732.7001953125
354964.0,75902.5
482710.1875,85203.203125
446851.8125,209456.90625
277608.5,4652.10009765625
282520.59375,22014.30078125
319415.3125,81842.1015625
504449.0,136120.5
317176.1875,11919.7001953125
388217.90625,79931.0
555863.125,14082.599609375
547134.5,10604.2998046875
570088.625,12398.400390625
340140.8125,17886.69921875
578788.375,27340.30078125
562351.5,9985.0
294878.59375,4752.89990234375
356001.3125,7892.5
607432.875,15404.2001953125
297747.5,9858.2998046875
465868.3125,119629.703125
604752.1875,18622.30078125
269172.40625,6002.7998046875
390418.1875,169284.0
310994.09375,8645.599609375
287298.0,7541.2001953125
373290.09375,150170.90625
263823.5,6766.7998046875
411523.1875,94465.796875
298156.6875,7735.39990234375
302617.09375,46609.19921875
282411.5,5822.10009765625
560064.375,13486.2998046875
276296.3125,6955.10009765625
313920.90625,43390.0
293728.90625,5668.89990234375
534796.0,265212.5
328417.90625,85973.0
495921.59375,108120.296875
313263.09375,7015.60009765625
280068.40625,4125.89990234375
302474.3125,8023.2998046875
287531.5,7934.2001953125
449685.09375,49555.0
297070.59375,5376.2001953125
303463.59375,21279.099609375
294855.5,7776.10009765625
365852.6875,19499.80078125
295319.09375,7691.39990234375
287328.40625,82676.0
444842.40625,126937.796875
599736.1875,14330.900390625
515849.5,13576.400390625
459967.09375,129318.8984375
315505.8125,99763.1015625
366950.1875,119113.5
603348.625,29255.400390625
551605.0,11341.0
314978.5,71033.703125
573868.625,12367.400390625
358443.59375,108378.8984375
297258.8125,9507.2001953125
292377.8125,95768.1015625
281817.40625,5776.2998046875
513402.1875,9715.0
392882.59375,112252.8984375
604487.0,16355.0
307147.5,6567.2001953125
527316.625,16277.400390625
564421.8125,14477.0
297155.90625,7363.7001953125
490357.5,106433.296875
557310.1875,107018.3984375
468111.1875,140804.40625
414552.3125,106042.3984375
267670.0,7118.10009765625
242222.90625,7399.7998046875
571622.125,11222.7998046875
294286.40625,8282.599609375
300191.90625,7332.5
577850.375,11480.400390625
448316.1875,6557.2001953125
566256.625,30376.30078125
257446.5,8927.2998046875
288707.8125,6982.7998046875
366425.09375,110116.0
410757.59375,152536.203125
559780.125,7514.60009765625
276372.1875,7194.7001953125
323963.40625,48098.0
304580.5,7262.39990234375
472336.3125,185765.703125
431914.3125,67413.6015625
243235.703125,5792.2998046875
301969.40625,7013.7998046875
428587.09375,142581.09375
329714.09375,65729.8984375
338006.0,106232.5
563685.625,12984.400390625
323977.3125,36449.0
555341.375,19023.69921875
287851.1875,7559.7998046875
333104.40625,38155.30078125
296582.6875,8172.0
275441.09375,5676.39990234375
307387.0,8093.0
353335.0,139517.203125
591024.375,16082.2001953125
339995.0,142304.296875
520253.1875,116388.296875
407395.3125,125340.3984375
256587.59375,7357.2001953125
489022.5,177786.0
305214.6875,4991.2001953125
428361.3125,9129.2998046875
320748.3125,10667.400390625
355524.0,76787.1015625
552667.375,196999.796875
354015.09375,81021.796875
542231.3125,8364.099609375
609659.875,15529.599609375
592676.875,21226.400390625
364580.6875,37160.19921875
550021.875,14957.5
402208.59375,107223.296875
396515.59375,110445.6015625
583365.5,11516.7998046875
288000.90625,6634.39990234375
504526.8125,89035.296875
258715.0,62097.69921875
311933.09375,48555.5
299641.59375,6406.7001953125
340220.09375,7392.10009765625
307192.0,6366.10009765625
297149.1875,10319.2001953125
492709.59375,13778.900390625
326798.90625,64490.5
413074.5,77192.8984375
331459.1875,96134.703125
280351.3125,7351.7998046875
513748.09375,10907.2001953125
323541.6875,35123.6015625
475880.8125,98613.6015625
317012.1875,86383.796875
475082.90625,134945.296875
328832.6875,68198.0
330289.59375,23953.900390625
323157.1875,9492.7001953125
343450.90625,146235.703125
303086.6875,8773.599609375
306081.1875,30633.80078125
280522.5,6577.60009765625
312166.0,9030.400390625
431111.5,95057.6015625
278298.5,11969.099609375
575416.6875,16494.19921875
581671.6875,61200.0
589145.1875,12343.099609375
307568.09375,6619.39990234375
415594.6875,145805.90625
299832.0,5826.2001953125
303159.1875,13544.5
267474.1875,11954.900390625
405959.6875,55118.0
532460.3125,24439.5
599248.8125,72084.203125
286669.6875,7331.0
495081.0,195426.09375
354174.59375,54459.1015625
561307.375,147764.296875
306289.0,7123.89990234375
422020.1875,182429.5
490812.90625,145346.5
276540.40625,4234.39990234375
278681.0,7641.2998046875
497519.5,290606.59375
304686.0,7609.0
306894.0,7779.60009765625
268146.0,3859.39990234375
306861.3125,7162.7001953125
283658.5,6519.10009765625
510032.90625,77424.703125
300470.8125,5710.7998046875
514476.0,118230.796875
337906.40625,77010.1015625
274571.6875,7454.7001953125
362550.5,206746.5
354211.1875,74208.296875
596610.125,14355.599609375
561597.0,151868.59375
289561.1875,5664.2001953125
588454.6875,54616.5
333355.6875,7248.10009765625
309744.6875,6758.2001953125
275769.40625,6058.7001953125
299072.0,6203.89990234375
572701.125,12646.099609375
338494.5,8598.099609375
301552.5,8399.099609375
256284.703125,7473.7001953125
301582.40625,7277.89990234375
386443.5,153570.703125
309129.1875,56303.0
549062.1875,27758.400390625
573858.3125,11059.7001953125
316345.5,8113.60009765625
300573.5,6137.89990234375
318798.6875,8284.599609375
295028.40625,4621.5
478832.5,95064.296875
300259.5,58981.1015625
485259.0,111561.5
271649.8125,6447.89990234375
256318.09375,5224.89990234375
296382.5,125965.8984375
285268.1875,6694.60009765625
519157.1875,228306.203125
380594.6875,103756.6015625
298186.0,36140.5
532707.0,11212.900390625
327851.5,82727.6015625
317922.5,6946.10009765625
483122.6875,178759.0
303292.6875,9288.400390625
526187.375,8253.0
278961.5,18217.69921875
300868.6875,6421.10009765625
524999.1875,45027.19921875
302283.6875,7502.10009765625
269934.5,6739.0
260630.703125,4570.2998046875
301763.5,8602.099609375
277847.59375,7476.10009765625
578411.5,12204.599609375
322242.6875,33039.19921875
333772.1875,47644.1015625
290275.59375,7054.89990234375
404683.40625,128673.5
251522.40625,7033.89990234375
289933.1875,6406.89990234375
534221.1875,68510.0
237940.796875,4199.0
522705.8125,14094.2001953125
289517.6875,6529.0
321641.0,32638.099609375
298961.09375,5514.10009765625
459758.40625,157222.796875
326522.0,83875.8984375
320481.1875,44356.1015625
244097.40625,3769.0
547357.0,14354.2998046875
525015.5,45892.19921875
339150.0,32059.099609375
287466.3125,4784.89990234375
590269.625,11199.400390625
323354.5,28366.900390625
532603.1875,118289.1015625
428327.90625,110659.203125
274913.1875,6323.60009765625
280830.5,6589.0
370331.6875,14799.2998046875
262813.0,6444.10009765625
572968.625,13543.599609375
350381.0,70253.6015625
250506.0,5271.10009765625
345328.1875,37076.1015625
576089.125,11540.900390625
272717.1875,6273.10009765625
317064.6875,42744.19921875
300694.1875,6219.60009765625
343505.5,111420.0
296834.6875,7318.2998046875
309711.0,8865.599609375
519915.5,161250.09375
544434.6875,13288.7001953125
575921.6875,37081.5
296900.6875,23291.599609375
356017.09375,25445.400390625
272874.1875,94441.8984375
507776.90625,121297.8984375
319139.0,16276.2001953125
255264.703125,6580.5
568838.1875,54177.5
318984.1875,30005.0
304255.09375,6604.10009765625
297804.09375,72241.6015625
456589.40625,87507.796875
445300.5,132853.90625
275199.1875,4884.0
314582.6875,12618.599609375
596522.875,14278.5
302018.40625,6078.89990234375
536809.5,216864.59375
481644.0,194384.0
303916.3125,10439.900390625
284887.0,7342.39990234375
319367.1875,44310.6015625
307928.6875,8309.7001953125
311220.90625,6862.7001953125
303230.6875,7245.60009765625
422040.0,11118.5
291694.0,11335.599609375
279793.59375,5903.10009765625
602381.5,21206.099609375
356856.5,105976.6015625
258261.203125,58339.69921875
275935.6875,5225.5
287468.6875,6500.10009765625
287897.1875,5691.89990234375
564067.6875,129400.6015625
578502.375,9715.7001953125
308064.1875,6123.60009765625
598424.5,15013.5
307935.1875,69552.796875
525670.0,12412.400390625
394612.09375,242774.09375
506179.0,84867.1015625
532690.0,11853.599609375
481541.1875,96028.203125
297107.1875,5195.5
369972.1875,119263.6015625
383691.1875,106173.8984375
260411.40625,4514.5
290286.40625,15610.900390625
365485.0,109023.703125
316397.1875,89651.5
444109.1875,156542.0
485451.8125,165828.703125
437935.1875,143745.5
496374.59375,114018.1015625
260772.40625,7994.2998046875
353249.6875,51286.5
260815.703125,6406.60009765625
309135.0,8334.7998046875
318754.5,12807.099609375
311516.0,49272.69921875
306880.0,8712.0
301254.6875,15629.5
310457.5,8605.599609375
558249.3125,63181.3984375
300159.09375,9309.400390625
546991.5,392441.90625
318578.3125,57455.69921875
266633.5,6446.10009765625
308280.90625,8536.7001953125
445205.6875,146586.0
540683.0,12406.0
497838.3125,96163.796875
581111.375,14927.599609375
342933.0,7869.7001953125
478684.59375,184388.703125
309437.90625,7882.7001953125
294979.0,5087.60009765625
611659.0,18157.80078125
301250.6875,9190.099609375
477572.40625,157016.703125
335352.6875,49971.1015625
328401.0,60489.5
574692.1875,15312.7998046875
584102.6875,14728.0
285386.09375,8549.400390625
310513.6875,7331.39990234375
321595.0,7647.7001953125
561003.6875,29140.599609375
518555.1875,125546.203125
291042.90625,5246.2001953125
305300.0,7849.0
369603.5,120987.3984375
468489.5,71416.6015625
300328.6875,6583.7001953125
335892.6875,40594.1015625
461905.59375,176600.90625
341450.1875,31092.900390625
575621.375,11794.400390625
262962.0,3991.699951171875
282872.6875,139965.0
594943.6875,14723.400390625
333580.1875,29087.0
380747.3125,115177.0
538561.1875,11550.5
299427.0,136977.09375
401636.59375,199802.59375
298208.40625,8343.7998046875
291771.6875,9885.099609375
590455.375,12165.0
299167.40625,6929.39990234375
381193.0,112633.203125
286091.1875,6803.5
267047.0,4001.60009765625
479280.3125,184223.40625
284060.0,6616.39990234375
441604.8125,133128.40625
451931.90625,99577.3984375
571365.1875,15772.2001953125
319778.90625,15929.7001953125
314248.6875,8359.599609375
305952.0,10178.0
253438.703125,5379.60009765625
520255.40625,283872.1875
312176.1875,10150.099609375
302345.0,10536.5
344442.1875,58783.80078125
299522.5,80283.6015625
392495.59375,149123.59375
616566.5,13808.099609375
301663.1875,71766.203125
286096.1875,4995.5
572807.6875,108983.6015625
513990.09375,153497.90625
499748.90625,93787.3984375
557281.1875,78058.5
299223.6875,5969.39990234375
299590.6875,10131.5
308802.3125,7564.0
365485.3125,118875.203125
324895.6875,72839.0
259642.0,8665.900390625
360229.6875,11538.5
406624.1875,84799.1015625
587701.875,13100.5
471652.40625,152623.40625
310855.0,8815.099609375
292403.0,7425.7001953125
620162.5,54452.0
327551.6875,40310.5
451563.3125,12317.400390625
577287.625,13776.400390625
316978.5,72114.8984375
376532.3125,58747.3984375
308417.8125,10803.2001953125
577362.5,24966.599609375
456434.40625,107828.203125
286219.3125,5461.7998046875
308759.5,7023.7998046875
306537.90625,15071.599609375
274276.6875,6349.0
301310.5,7704.0
422582.3125,88200.796875
365841.90625,122905.1015625
413130.40625,149079.59375
514582.5,11379.2001953125
292411.09375,7218.2001953125
522511.40625,51913.19921875
307500.0,10675.599609375
297886.5,14782.2998046875
301459.6875,7856.60009765625
321457.5,70667.0
308718.5,6600.60009765625
363496.5,77107.3984375
408530.59375,105500.6015625
572755.0,8109.10009765625
576620.6875,86656.5
294486.1875,7286.10009765625
298936.59375,11034.900390625
289411.40625,7255.7001953125
265021.8125,6682.0
276859.1875,8266.2001953125
569581.875,32637.80078125
388573.3125,139404.203125
297493.0,6356.60009765625
305356.8125,8589.599609375
363523.1875,69819.8984375
591372.875,69028.796875
501157.6875,184084.703125
606045.125,14817.7001953125
434697.0,135812.90625
300566.40625,7665.0
560875.125,12078.5
306837.90625,7947.7998046875
353746.40625,94930.6015625
310446.40625,7222.60009765625
285492.40625,5322.60009765625
306688.40625,6302.5
331771.3125,34271.0
583140.375,14666.5
531552.625,61011.69921875
612646.875,39952.19921875
585304.1875,11481.099609375
269201.90625,5684.89990234375
268286.6875,6383.2998046875
279421.1875,4845.5
324396.8125,22546.30078125
582770.125,13058.7998046875
290539.09375,7552.2001953125
329500.40625,46921.0
529233.5,18905.0
463651.59375,10900.5
396923.90625,105211.796875
349665.90625,37198.3984375
293803.3125,106847.296875
569268.0,13753.900390625
553093.6875,14456.0
236027.90625,31723.30078125
566269.125,12839.599609375
306454.90625,33593.69921875
327607.3125,11188.5
289415.1875,11986.2001953125
291755.3125,6004.2001953125
599806.0,31068.599609375
304090.3125,70883.6015625
312568.6875,5403.2998046875
452110.6875,143854.90625
422498.59375,182687.40625
263228.8125,5214.2001953125
570106.3125,10007.0
284710.90625,5192.2998046875
286097.1875,6664.7001953125
305731.59375,8517.7001953125
383796.40625,88397.0
303059.90625,7007.2001953125
271103.3125,41485.5
354541.90625,23606.80078125
438350.0,65695.1015625
311047.8125,9590.2998046875
290643.6875,9054.400390625
276874.59375,10664.900390625
262320.90625,6894.2998046875
290000.59375,5808.7001953125
355130.0,86892.3984375
278639.09375,8257.5
285820.40625,5518.7998046875
554221.6875,72546.3984375
304054.40625,11765.7998046875
293039.8125,7315.39990234375
468824.40625,13803.099609375
246695.203125,6571.89990234375
460250.8125,145423.5
425400.8125,133154.703125
308464.40625,15402.5
313819.59375,7354.7001953125
271627.90625,5266.2001953125
307382.6875,8727.599609375
311903.6875,7065.5
290508.8125,6547.2998046875
372047.09375,125074.296875
321040.59375,101117.6015625
255175.296875,9659.900390625
474065.09375,238551.203125
365825.0,93444.5
396544.59375,6840.0
348628.90625,39023.80078125
342727.59375,137864.40625
589749.5,13158.2001953125
332435.6875,53491.0
578572.8125,10605.7001953125
295379.8125,8123.10009765625
306016.6875,8386.7998046875
436668.1875,118693.0
294063.8125,9138.2001953125
422890.40625,128401.796875
298220.09375,6595.2001953125
286744.5,7834.39990234375
552387.375,72746.703125
303809.90625,7294.7998046875
250146.796875,36589.19921875
296596.6875,6295.7998046875
268111.6875,7160.5
277773.8125,6210.7998046875
291931.6875,7955.89990234375
303477.3125,6901.2001953125
471144.8125,147636.5
550210.375,87336.796875
535763.0,158489.40625
299985.40625,7367.0
593603.1875,11850.900390625
361681.90625,48493.80078125
559970.3125,14914.400390625
282815.90625,8931.099609375
297674.40625,7843.0
577058.1875,13910.400390625
330268.3125,42819.69921875
263432.40625,4620.0
300389.90625,10493.7001953125
259994.703125,3788.60009765625
303122.1875,6743.2998046875
300098.1875,53293.5
312483.40625,9237.2001953125
585894.8125,11351.2001953125
342784.5,85078.1015625
558441.3125,11366.599609375
297749.6875,7225.5
291154.8125,11146.2998046875
292769.6875,8700.400390625
627434.8125,17513.19921875
419529.8125,19768.0
276726.90625,7242.7998046875
311508.3125,87585.5
474469.6875,111114.203125
373338.90625,115199.296875
580666.0,65956.1015625
303000.6875,7436.5
418282.1875,145029.40625
532892.125,13062.900390625
622895.875,14671.7998046875
339176.1875,126379.203125
509700.59375,11781.2001953125
427805.0,110805.8984375
356534.90625,33282.5
388013.09375,9674.5
597535.375,8481.7998046875
371779.1875,141985.40625
391902.90625,122697.296875
379494.90625,84640.5
305040.3125,29446.19921875
284136.90625,7149.5
262282.90625,6432.2001953125
301583.6875,37264.1015625
286957.40625,6403.39990234375
469748.6875,7929.5
564525.625,99866.296875
274692.3125,7729.39990234375
591835.8125,45177.1015625
295111.40625,6976.0
377121.09375,76206.5
320369.40625,14345.7998046875
295821.59375,5697.7001953125
293127.40625,7593.2001953125
311459.3125,8674.5
309025.40625,13351.7998046875
480190.5,110681.6015625
293118.3125,7592.60009765625
331177.1875,14260.7998046875
564635.3125,98833.296875
283329.6875,4903.89990234375
371824.09375,130155.3984375
491319.3125,172948.0
310000.40625,10430.7998046875
374261.1875,86467.703125
321965.09375,11908.2001953125
307096.5,7358.89990234375
261085.40625,8333.0
504931.09375,107498.0
284131.3125,7107.2001953125
369161.3125,120410.1015625
369354.1875,14390.7998046875
287701.6875,5056.0
322107.3125,30946.30078125
462451.1875,146754.90625
573840.625,10736.400390625
296438.8125,5691.2001953125
485140.8125,120444.5
297288.40625,4883.2998046875
389626.1875,96200.703125
544365.0,13415.900390625
545127.375,13601.5
562467.125,12268.5
284037.90625,6846.7998046875
265138.6875,11550.900390625
298071.90625,9393.2998046875
501716.40625,89860.6015625
328935.90625,10246.599609375
369756.40625,135690.59375
541075.375,101096.5
563597.1875,11864.900390625
396488.3125,129128.5
291139.8125,6131.7001953125
355612.59375,84380.203125
285703.90625,8057.7001953125
276146.90625,7658.7001953125
433817.8125,153815.0
509735.3125,93686.703125
296645.5,89009.1015625
552880.3125,71715.6015625
269552.1875,11806.7998046875
296707.6875,7430.5
579973.1875,9213.900390625
511349.59375,11182.900390625
274830.3125,4754.2001953125
245603.796875,7077.0
475887.1875,143432.203125
594836.0,14039.400390625
380629.40625,103011.0
286028.09375,5054.5
303498.40625,8743.2998046875
314910.40625,60599.30078125
550995.3125,15700.400390625
536298.6875,97284.8984375
566176.0,11992.599609375
579179.1875,15096.7998046875
295469.1875,7978.5
318847.3125,8587.2998046875
424367.1875,110940.8984375
349193.59375,74722.8984375
429833.8125,122121.703125
389495.8125,163282.0
479368.90625,223294.796875
298744.1875,8188.2001953125
426898.40625,125538.5
278565.40625,4260.2998046875
510532.40625,87133.796875
370821.8125,200510.90625
268711.90625,7986.60009765625
370753.40625,36408.5
327793.6875,13183.900390625
414746.8125,134445.0
350040.8125,78479.203125
456918.1875,163588.90625
479660.09375,202956.203125
243121.296875,7599.2998046875
384017.90625,81399.203125
547245.3125,125441.0
599813.6875,13667.7001953125
303682.40625,11797.2998046875
571884.3125,14866.7001953125
289900.5,7218.60009765625
554836.8125,17716.099609375
291757.1875,8655.2998046875
415299.3125,121471.796875
291852.1875,4774.39990234375
358874.09375,72014.8984375
553260.3125,13226.2001953125
336167.6875,51830.19921875
401728.09375,77884.703125
359452.0,57598.8984375
553265.625,65619.5
467003.40625,132269.796875
313252.3125,7101.39990234375
296565.40625,36669.1015625
254776.203125,76203.703125
489572.90625,11639.2998046875
454660.6875,195424.0
416443.8125,150957.296875
427656.1875,73971.8984375
442407.3125,8968.7001953125
282176.90625,6540.7998046875
306841.0,7858.89990234375
308456.09375,8328.5
435823.40625,52267.30078125
577317.1875,37603.8984375
372706.3125,134970.90625
573134.375,9616.599609375
361302.1875,143786.90625
501493.3125,21981.5
280625.90625,5926.2001953125
431128.3125,131230.703125
393041.5,110339.1015625
520356.8125,12990.099609375
267855.1875,5463.5
470441.59375,131243.90625
586420.8125,12309.7001953125
350520.90625,112345.296875
412908.6875,136194.203125
600722.125,23524.69921875
302377.5,6975.89990234375
272339.40625,4951.2998046875
549161.1875,11993.900390625
274209.40625,5142.7998046875
547583.8125,104598.3984375
304452.40625,6628.10009765625
296366.90625,7189.2001953125
566650.3125,40876.5
474170.1875,150337.203125
271702.90625,6771.2998046875
303930.3125,7467.2001953125
558999.1875,125891.5
593131.3125,13029.2998046875
296455.1875,8096.89990234375
489944.59375,130245.8984375
242671.296875,6342.2001953125
426811.1875,116490.703125
549320.625,13190.7001953125
272311.90625,7357.5
326659.90625,52615.30078125
270981.09375,5552.5
488579.09375,158756.0
314686.59375,8131.2001953125
278387.0,3939.10009765625
441688.5,144746.09375
245985.5,6291.2998046875
254773.796875,5522.60009765625
297729.59375,8885.900390625
294824.0,12340.7998046875
547517.1875,43241.1015625
353853.5,83416.296875
353819.09375,105947.0
272833.59375,5277.0
319598.8125,6271.60009765625
274023.09375,5598.2001953125
308310.5,8659.599609375
298399.0,7023.10009765625
539502.0,198367.09375
299408.0,7418.7998046875
578842.3125,11082.599609375
428540.90625,105089.203125
288096.09375,5794.39990234375
294334.6875,6165.7998046875
400460.6875,10076.900390625
294791.59375,78218.0
372097.3125,71916.1015625
327752.59375,21367.69921875
364067.0,85709.1015625
433889.5,204633.09375
289487.5,6092.7998046875
295751.40625,6096.2001953125
386610.59375,72966.3984375
417351.1875,135875.296875
298934.6875,7877.89990234375
287610.0,5805.2998046875
584303.3125,14366.099609375
331839.1875,12811.099609375
310854.0,9014.7998046875
266951.0,5844.2001953125
593220.375,14207.5
490528.1875,143647.796875
528061.6875,148243.09375
561379.3125,9482.599609375
327849.40625,6997.10009765625
296428.0,8892.599609375
321016.6875,15525.5
295567.8125,73726.1015625
293021.59375,9917.7001953125
517158.5,165735.09375
325341.0,17763.099609375
275832.0,108742.1015625
449541.5,182274.296875
393170.8125,97875.6015625
296837.90625,6992.2001953125
389942.59375,82428.3984375
313081.1875,7537.7998046875
273716.1875,6400.89990234375
319411.0,29962.30078125
450983.3125,9583.599609375
299530.1875,6881.10009765625
433185.5,50603.30078125
585806.125,12894.599609375
553499.3125,79686.6015625
288566.59375,6122.7001953125
316509.59375,11677.0
502285.09375,117835.0
576716.625,12737.5
287749.3125,7198.10009765625
569152.125,10155.2001953125
336449.0,90818.1015625
340654.5,80195.296875
581518.375,11504.7001953125
300920.09375,42901.0
572230.125,11473.5
474808.3125,98511.1015625
374269.0,51097.6015625
442706.0,161552.59375
268079.8125,5819.10009765625
559071.375,123732.703125
336264.59375,29087.900390625
301848.6875,8927.2998046875
424673.0,114204.296875
376561.1875,116381.6015625
275460.09375,5563.60009765625
438788.5,190744.203125
346186.1875,74864.796875
474119.1875,117235.1015625
506601.8125,113235.6015625
295188.3125,7424.7001953125
292832.90625,10026.599609375
559366.1875,13671.0
304550.90625,8526.2001953125
378316.09375,74594.703125
599433.375,12588.7001953125
304123.40625,7287.2998046875
276535.3125,20390.0
598237.375,39622.0
291534.59375,6584.0
294545.59375,8188.0
429600.8125,121571.6015625
490572.5,145878.09375
579661.0,10760.099609375
296056.8125,8850.099609375
572768.625,14088.400390625
587333.1875,12482.2998046875
290555.1875,5770.39990234375
310139.5,47829.80078125
475220.0,148254.796875
266040.40625,4645.60009765625
272883.40625,5646.0
296754.6875,52844.30078125
569776.1875,26366.099609375
306946.8125,17329.099609375
424057.59375,151164.0
298591.59375,8021.5
582387.8125,12661.599609375
254460.59375,8522.2001953125
291983.5,7886.60009765625
294671.5,10370.7998046875
263056.3125,5935.60009765625
570064.875,18189.19921875
286758.1875,6749.7998046875
316999.1875,13527.400390625
365935.5,130121.796875
535353.8125,12603.099609375
292693.0,7523.2998046875
341512.09375,74478.1015625
462644.0,124033.703125
325948.40625,123806.1015625
459966.40625,13662.0
345407.6875,18262.80078125
276011.6875,7153.60009765625
568800.8125,14477.099609375
297639.1875,6636.0
291559.40625,8448.2001953125
289839.40625,6071.7998046875
271063.3125,5965.5
287435.90625,6835.0
509038.3125,202404.59375
542170.1875,108682.296875
308428.3125,7771.5
541286.625,11681.2998046875
567878.1875,38501.30078125
324144.5,10376.2001953125
323190.90625,17834.900390625
613570.875,11235.900390625
348829.40625,82398.796875
295516.6875,6858.7998046875
569481.3125,10272.5
512201.8125,59354.3984375
272810.6875,6625.5
563158.6875,61943.80078125
286196.40625,8171.5
282462.1875,5540.5
277567.59375,6825.60009765625
307399.5,11110.7998046875
380984.59375,138100.90625
341084.59375,30818.5
323790.59375,23705.0
298017.8125,6604.10009765625
504425.09375,105926.203125
297628.5,7405.60009765625
262514.3125,5270.10009765625
366608.40625,102434.703125
602993.625,16352.400390625
306255.6875,59274.8984375
306844.8125,7322.10009765625
330149.6875,9063.099609375
279146.5,7352.2998046875
324670.40625,71146.6015625
347836.40625,46093.0
450557.6875,341846.09375
288677.3125,7019.7001953125
377279.90625,55385.6015625
596494.125,12497.0
499929.3125,110872.1015625
564234.625,148732.203125
478597.5,158732.59375
301638.5,7977.60009765625
294692.5,5202.10009765625
288330.8125,7709.60009765625
290860.90625,4970.2001953125
308093.8125,7749.60009765625
460066.6875,133651.09375
295264.0,5808.2998046875
254672.59375,7770.60009765625
373657.5,110680.703125
376600.40625,30241.5
299632.6875,7152.7998046875
413445.8125,142878.09375
554763.8125,12557.2001953125
540743.375,7857.10009765625
569892.375,146608.796875
330454.8125,52518.1015625
474530.1875,89428.796875
312518.3125,73388.0
295851.59375,8218.2001953125
299620.5,15751.599609375
286929.5,8009.60009765625
544508.5,163212.09375
301233.5,5063.7998046875
305484.8125,6465.10009765625
299789.1875,11052.900390625
352513.8125,72637.1015625
425589.0,121029.703125
290337.90625,7462.60009765625
309846.90625,8088.0
304653.6875,9469.2998046875
335228.6875,59332.1015625
291112.8125,6388.2001953125
329199.0,65130.1015625
287675.1875,5035.5
390316.90625,102504.703125
512534.09375,165148.703125
287499.40625,8983.2998046875
444250.90625,130855.5
555456.6875,74231.296875
393315.8125,115605.0
322272.09375,38725.0
275541.09375,74738.5
241241.59375,6417.7001953125
556693.0,12095.099609375
296605.5,29938.599609375
301595.3125,7451.10009765625
260258.40625,7273.2001953125
529365.625,11092.5
406618.59375,129345.5
562907.3125,12004.599609375
308886.0,6703.60009765625
293868.0,7433.60009765625
511823.5,218251.296875
305192.8125,9533.599609375
354695.40625,86196.703125
557033.125,14315.900390625
370728.6875,96977.3984375
503541.0,172413.296875
251181.796875,6873.60009765625
299890.0,6798.7998046875
285220.0,8249.7001953125
594008.875,14319.599609375
313901.6875,44343.1015625
287651.3125,7098.10009765625
243636.796875,6805.7001953125
320304.90625,50876.6015625
321732.0,37160.6015625
255027.09375,6163.2001953125
398251.90625,106005.203125
445607.8125,85038.0
491758.3125,14572.7998046875
315411.6875,21445.80078125
285619.59375,5231.60009765625
273182.8125,5717.2998046875
491722.6875,101732.296875
593730.625,13456.599609375
315636.6875,8486.099609375
558442.8125,11760.900390625
391475.90625,56260.1015625
338174.40625,9982.2998046875
474306.40625,100754.296875
412275.40625,135626.90625
302894.1875,20712.69921875
330295.59375,5911.7001953125
567787.1875,102933.0
533035.375,161461.0
403259.3125,92120.1015625
485042.1875,94613.203125
305164.1875,7005.7998046875
383252.1875,119383.6015625
325933.8125,106036.6015625
404188.3125,233645.59375
521369.1875,64765.1015625
305768.59375,8429.7001953125
297686.3125,7699.60009765625
317991.6875,31310.30078125
429500.09375,127597.5
304782.90625,9498.599609375
283508.1875,7707.60009765625
582970.375,11744.7998046875
308273.59375,6672.2998046875
330467.1875,41476.69921875
314351.5,49277.80078125
249676.703125,48778.80078125
558200.3125,11180.7998046875
347998.5,15764.7998046875
280486.6875,9511.2998046875
377280.90625,91418.703125
571698.3125,77097.0
297172.8125,6104.39990234375
338659.0,35412.1015625
277320.1875,6127.7001953125
584060.8125,12366.7998046875
306353.1875,6690.7998046875
576754.625,9874.099609375
573493.1875,13380.099609375
372453.8125,86355.296875
247233.296875,7141.39990234375
553998.875,109275.1015625
543041.875,22986.30078125
253129.90625,6929.89990234375
565217.125,14247.0
370127.8125,107441.296875
406133.1875,120139.296875
447843.1875,165232.59375
286503.8125,7350.39990234375
305212.40625,7843.60009765625
293583.40625,5999.2998046875
444885.90625,185234.90625
533759.625,122057.0
251062.296875,56887.19921875
277144.1875,6254.7001953125
320887.09375,44178.19921875
253031.703125,34755.1015625
470972.6875,151534.5
474605.6875,194921.09375
283454.3125,5940.10009765625
444978.09375,11459.5
315562.8125,41670.6015625
302447.0,9783.599609375
318303.59375,107763.6015625
315310.1875,16964.099609375
282908.6875,7430.2998046875
368663.59375,98409.6015625
419313.5,87328.3984375
662968.625,9992.599609375
286945.8125,7354.0
302491.40625,34075.6015625
290071.6875,6263.10009765625
573419.875,11426.7998046875
331236.1875,87120.703125
339553.6875,68251.3984375
430161.8125,181565.40625
399821.3125,10206.400390625
354585.5,100076.796875
283299.1875,5315.2998046875
578201.3125,49739.30078125
307724.59375,11318.599609375
551866.0,56801.30078125
308494.3125,9996.2998046875
417243.59375,159950.59375
304468.6875,8463.599609375
338909.3125,66192.796875
411258.8125,104068.3984375
526146.375,124758.6015625
302497.90625,10692.2998046875
593110.375,14502.400390625
571596.125,47279.6015625
372252.3125,84844.296875
337914.1875,65344.80078125
291771.1875,8744.599609375
436340.8125,148018.90625
492332.40625,52138.6015625
395168.40625,129601.296875
401382.90625,102025.796875
592828.875,14499.900390625
488620.8125,132023.203125
354109.59375,77648.703125
337872.6875,45237.19921875
417882.6875,98516.296875
289271.1875,6577.60009765625
330461.09375,12589.2998046875
386050.3125,139384.09375
589346.3125,14098.599609375
303647.0,6145.60009765625
298401.59375,8699.599609375
293494.6875,9127.099609375
327814.40625,19446.19921875
281780.8125,4470.60009765625
302538.09375,10094.0
295620.5,4796.89990234375
581296.8125,13093.5
535592.125,124301.796875
553507.6875,75014.8984375
307157.3125,6627.89990234375
337417.8125,72807.8984375
249715.203125,6045.2998046875
253428.09375,6073.60009765625
398945.5,30547.80078125
582978.1875,15861.2998046875
298635.8125,5479.0
601466.1875,15449.7998046875
389165.3125,99478.5
302857.3125,74928.3984375
478046.3125,128603.3984375
366211.09375,73975.6015625
282423.09375,6507.39990234375
379824.09375,134803.203125
405417.6875,92888.296875
503407.09375,12945.599609375
371182.3125,10602.2998046875
298618.3125,6423.39990234375
276034.90625,6494.7998046875
417340.09375,145778.59375
585989.625,56799.0
274878.8125,6249.2001953125
278941.6875,7996.10009765625
608402.1875,14281.5
299710.8125,6180.7998046875
287718.09375,6372.60009765625
415666.3125,129133.8984375
356030.40625,118697.296875
287913.40625,5378.7998046875
284284.59375,6750.60009765625
308458.09375,8371.0
528768.3125,153163.203125
327419.1875,68499.1015625
349843.6875,64297.0
281611.1875,94638.1015625
592700.875,14965.0
309138.3125,8056.10009765625
311719.6875,8668.7001953125
574748.6875,14405.2998046875
287559.59375,8334.7998046875
405542.8125,60673.1015625
602020.8125,31480.099609375
289407.09375,6633.60009765625
289879.3125,6739.60009765625
324658.59375,52148.0
305741.40625,84230.1015625
282765.40625,23114.30078125
568819.125,11439.2998046875
355368.1875,166863.203125
514309.3125,104202.8984375
363138.6875,102147.796875
374935.8125,32080.80078125
334738.59375,65155.6015625
300501.1875,18587.30078125
328781.3125,17074.5
286749.90625,7953.2001953125
278523.6875,55667.6015625
540190.8125,110633.796875
286336.90625,4800.60009765625
330024.90625,90791.796875
477732.90625,191531.90625
324008.09375,22119.599609375
247719.09375,9215.0
569111.3125,11888.2001953125
552045.1875,59866.69921875
319755.6875,26909.80078125
586847.125,13727.099609375
555729.1875,107007.1015625
577783.3125,10720.7998046875
583671.3125,18065.900390625
273550.40625,6618.10009765625
429365.40625,133622.796875
382730.09375,68081.6015625
563668.3125,15899.2001953125
272755.1875,7118.2001953125
422628.09375,157107.703125
315072.6875,10535.099609375
347635.1875,48772.5
275705.6875,5581.10009765625
575503.875,14595.0
549423.3125,16723.099609375
267036.1875,7674.7001953125
322737.1875,15213.7998046875
324731.3125,8236.099609375
331017.5,63893.6015625
335543.09375,65829.1015625
541899.6875,85784.6015625
585943.8125,18798.099609375
350005.6875,115280.296875
593350.625,37923.0
287386.09375,6139.60009765625
412398.09375,93235.1015625
450070.3125,69800.0
375880.40625,8542.599609375
550460.6875,130325.1015625
245520.90625,6249.7998046875
294343.09375,5591.2998046875
277143.3125,5908.39990234375
389094.6875,90008.296875
343263.8125,27425.80078125
597290.0,16040.7998046875
261814.203125,3768.800048828125
382776.40625,125612.703125
431298.90625,149760.703125
283000.8125,6408.39990234375
515635.1875,139688.703125
492405.6875,110775.796875
274126.59375,19559.599609375
258940.203125,5748.60009765625
601846.8125,13766.2998046875
490821.3125,161696.90625
311869.90625,13446.2998046875
551014.375,10315.2998046875
466981.3125,130598.296875
308466.3125,6495.2998046875
289208.90625,5125.10009765625
567141.375,12780.2998046875
590640.875,13937.2998046875
252855.90625,7074.89990234375
557496.625,89447.6015625
338354.6875,51764.19921875
297843.09375,7018.2001953125
356150.1875,127764.1015625
372159.40625,101021.0
288585.3125,6298.60009765625
339809.6875,37472.19921875
311841.09375,7255.5
262490.1875,8278.599609375
354872.8125,60828.6015625
293549.0,8198.099609375
494464.59375,171063.203125
555708.8125,11624.599609375
520682.6875,75250.296875
296194.59375,7829.60009765625
281577.8125,44678.5
436998.6875,8170.60009765625
267892.90625,4013.800048828125
298971.09375,6920.7998046875
285624.6875,5264.2001953125
571460.3125,12417.900390625
388012.5,204212.796875
289114.8125,6296.7998046875
568743.125,13063.099609375
584257.0,14073.2998046875
362414.1875,106928.296875
268685.1875,6844.7998046875
406227.8125,226089.90625
508753.6875,79813.1015625
273186.59375,7282.39990234375
277067.0,7571.60009765625
243060.796875,8318.400390625
340195.59375,83580.203125
307906.3125,10451.2998046875
345323.1875,106321.296875
568299.625,11941.099609375
379346.6875,97792.6015625
302168.3125,110607.796875
303527.40625,5753.60009765625
301537.40625,7986.0
581186.625,12753.2998046875
371957.6875,81097.1015625
298836.90625,6986.2001953125
569359.375,13159.0
595299.0,132538.59375
290250.59375,3644.300048828125
274474.5,10415.7001953125
385747.0,142593.90625
504021.0,158514.203125
358982.1875,96675.6015625
295371.3125,6154.5
379731.0,111337.0
290155.09375,71078.5
296776.90625,5498.10009765625
251517.59375,5122.89990234375
325455.8125,28125.599609375
624906.3125,18965.80078125
301910.6875,58591.6015625
509899.8125,76454.6015625
572325.375,12660.400390625
396083.5,122551.203125
474989.90625,128498.6015625
602191.6875,17976.099609375
297945.40625,19793.900390625
585662.125,17268.19921875
593052.6875,12102.0
302664.40625,6901.5
235897.09375,6151.2998046875
421443.6875,314355.59375
318476.40625,53220.69921875
556919.375,12029.0
510765.8125,123652.703125
514364.0,64016.1015625
291346.5,6945.7998046875
391042.5,119119.3984375
264435.5,7050.7001953125
456794.3125,80005.0
298195.40625,6704.0
540596.625,98800.296875
545752.1875,40776.6015625
242859.40625,6336.0
295092.3125,6612.7001953125
442848.0,119614.1015625
546445.0,90022.703125
290516.5,6968.0
355707.09375,114249.5
523395.1875,13220.5
567273.6875,47078.80078125
492772.09375,112572.8984375
566208.6875,14538.7998046875
356452.8125,75088.796875
327715.6875,47234.1015625
365731.09375,134080.09375
512652.0,20021.69921875
296057.90625,8541.7001953125
476962.59375,129206.1015625
562645.3125,16445.900390625
291583.90625,8495.5
303742.3125,9119.599609375
291069.5,5238.7998046875
297074.3125,6119.7001953125
261669.90625,62985.0
290804.40625,7688.7001953125
505375.3125,117386.203125
433176.09375,48334.30078125
312828.0,54866.19921875
504862.5,95950.296875
397910.5,88207.8984375
378013.0,152751.703125
540007.6875,131311.09375
573051.8125,11981.5
255876.59375,10362.0
350129.6875,131929.5
475730.6875,43765.30078125
266988.40625,18547.5
541802.625,73910.296875
389232.1875,103386.6015625
299120.40625,10265.7001953125
277660.3125,4184.7001953125
573876.625,16718.80078125
530532.0,118760.203125
583142.0,116868.796875
402188.0,251697.703125
268947.6875,4514.60009765625
270210.09375,7204.5
392603.90625,97525.6015625
415219.3125,12025.2998046875
273260.1875,6969.0
502743.40625,9719.5
296778.59375,5897.39990234375
531200.3125,13435.599609375
242398.296875,4867.7998046875
314671.1875,15433.599609375
310954.3125,10046.599609375
582383.875,12684.400390625
297299.5,7983.7001953125
386870.90625,126630.203125
327217.90625,64057.1015625
316838.59375,7837.10009765625
535850.375,144168.90625
531346.125,64474.69921875
580634.125,13291.5
460917.90625,92986.5
563288.125,28774.30078125
470141.1875,136908.09375
547379.375,247008.0
282023.5,6524.60009765625
574578.125,13248.7998046875
582305.5,15170.2998046875
580803.5,8339.7001953125
275557.1875,8561.099609375
301554.5,5467.0
287390.09375,62398.0
289153.8125,5560.7998046875
314963.09375,8146.2998046875
504124.1875,11670.099609375
284359.40625,7392.2001953125
403512.40625,9448.5
316566.8125,90925.203125
297573.0,5496.10009765625
279838.0,5491.2001953125
247051.5,6580.2001953125
536785.1875,84809.1015625
605484.3125,11916.0
244930.5,6408.5
385919.09375,17890.5
373248.3125,9419.2998046875
311483.1875,9446.7998046875
477325.90625,110957.0
562572.8125,87624.6015625
415657.1875,121842.796875
477623.8125,107912.296875
310027.1875,20738.099609375
584672.125,12034.599609375
575503.3125,10122.599609375
259388.40625,4706.39990234375
403354.0,112262.203125
333224.59375,42514.6015625
516491.3125,147341.90625
297010.09375,6904.2001953125
266910.40625,5829.0
526553.375,144098.703125
369661.40625,75362.0
596524.3125,13003.2001953125
383524.59375,82605.296875
585489.0,14099.2001953125
307607.5,8070.7998046875
255385.5,6149.89990234375
281138.0,25201.19921875
346185.8125,83615.0
565365.125,11357.0
304163.40625,8271.099609375
314429.8125,39230.30078125
584640.375,13121.5
556310.1875,56439.1015625
297735.40625,10226.2001953125
396310.40625,68187.0
357579.3125,86255.703125
280319.59375,6884.7998046875
307763.5,10777.2998046875
307516.5,9724.900390625
362252.0,114908.5
276606.90625,5311.60009765625
303285.3125,6305.7998046875
282138.6875,28682.30078125
516573.09375,189917.90625
332364.8125,4717.10009765625
300744.6875,5938.2998046875
605724.8125,34318.30078125
491865.6875,12297.599609375
551592.8125,92959.1015625
299667.40625,57871.3984375
264847.40625,8370.7001953125
575433.375,58353.1015625
515420.6875,60970.1015625
372555.90625,66124.0
302797.40625,6048.39990234375
330060.09375,82435.203125
436216.1875,120368.0
444507.59375,168287.5
322958.40625,16321.5
299432.5,33921.69921875
407256.3125,156227.703125
490748.6875,163338.296875
300658.3125,7628.2998046875
281596.90625,5063.10009765625
546495.875,12293.0
583351.6875,13264.099609375
585839.375,16907.69921875
315064.3125,8856.2001953125
518062.0,102989.6015625
415598.59375,309745.8125
271599.0,5668.2001953125
385016.5,118398.296875
557638.6875,9519.099609375
325337.8125,8625.5
358723.0,30891.0
492388.59375,162472.5
382937.8125,84867.796875
374212.40625,95392.5
498674.59375,12307.7998046875
298937.6875,6826.10009765625
592687.375,13073.7001953125
395394.40625,128315.0
289876.8125,8407.2001953125
324648.5,44217.6015625
275820.09375,7088.2998046875
283703.5,132285.703125
275072.0,5880.7998046875
339998.5,104776.3984375
279634.0,6102.2001953125
299639.6875,26500.099609375
253767.09375,6931.0
329120.90625,32131.099609375
486106.1875,146183.5
293394.1875,6018.7998046875
536018.375,8105.5
586433.8125,10652.599609375
590820.6875,65891.296875
296164.09375,7745.60009765625
552322.8125,8590.599609375
406830.40625,212979.40625
266966.5,6427.7001953125
285208.90625,18025.19921875
397952.40625,103553.6015625
271050.59375,7527.60009765625
301999.5,7699.39990234375
294454.90625,6898.0
472043.59375,159540.203125
316693.6875,7854.5
472141.59375,151333.0
283248.6875,19898.0
578801.0,15147.2001953125
310430.3125,43388.80078125
308279.5,7723.7998046875
267958.8125,5968.2001953125
318406.3125,6999.7998046875
301025.40625,9250.099609375
275336.90625,6896.5
498829.59375,11686.7998046875
276447.40625,5331.2001953125
604671.375,13641.0
315164.3125,18065.19921875
247833.5,6046.60009765625
300238.0,8596.2998046875
270820.0,4913.89990234375
590374.0,22354.19921875
329594.59375,30276.5
301165.40625,8016.60009765625
594004.3125,83893.796875
350638.6875,123655.5
311670.6875,7626.7998046875
547107.125,115307.296875
301076.40625,7187.0
298758.3125,5993.7001953125
304386.09375,8109.2998046875
345845.0,129874.703125
253482.0,4504.7998046875
284840.5,6997.39990234375
405998.1875,111927.6015625
268169.09375,59890.5
521340.90625,142741.59375
327202.1875,36626.5
381937.6875,146768.296875
499002.40625,102742.0
247710.796875,6304.10009765625
467486.6875,121574.296875
256296.296875,5593.7998046875
437807.6875,114462.6015625
483090.59375,163515.09375
250118.296875,5027.10009765625
299045.90625,5439.39990234375
301803.0,6058.2001953125
458232.40625,11567.599609375
318037.6875,10057.599609375
384227.59375,151020.09375
578965.5,76907.3984375
291902.90625,5889.0
403895.59375,247269.296875
301112.90625,15563.7001953125
528642.375,11526.5
619446.3125,17213.19921875
370677.5,106874.6015625
590551.125,16660.30078125
499006.5,83025.796875
562111.5,13846.7001953125
263523.1875,5794.10009765625
303474.8125,39008.0
500226.5,184858.5
256083.59375,6573.5
384903.90625,106702.6015625
323168.8125,36650.80078125
471263.6875,135522.5
385597.1875,92401.296875
447313.8125,144861.796875
478710.90625,95297.3984375
608993.5,15758.7001953125
478957.90625,31467.69921875
428228.90625,35103.6015625
293863.59375,9506.2998046875
570468.6875,14309.599609375
373318.09375,42227.80078125
283970.5,7293.7001953125
377718.5,113502.296875
509120.0,84851.8984375
319385.5,86891.703125
335901.1875,47354.1015625
320909.3125,9326.5
584732.125,13273.7998046875
275706.1875,5534.7998046875
584395.5,10929.7001953125
297753.0,4972.39990234375
573395.5,12909.5
301863.40625,7310.7001953125
332363.8125,24624.400390625
347351.3125,131064.3984375
404283.5,107311.8984375
551967.625,13044.400390625
596087.625,12244.0
288215.8125,12979.5
282963.40625,7423.7998046875
486782.09375,147190.296875
581895.375,19478.80078125
577726.875,11461.7001953125
538490.0,47575.30078125
301443.09375,74325.3984375
271768.1875,24974.599609375
612042.125,15839.7998046875
312276.90625,9057.5
301599.59375,7153.10009765625
522868.40625,9016.7998046875
279703.6875,5708.10009765625
315818.90625,7426.7998046875
545688.3125,14426.099609375
476577.59375,132234.296875
526488.6875,221346.796875
516659.0,110810.703125
301074.09375,23454.599609375
591069.0,11295.5
291539.90625,6172.60009765625
294297.09375,6809.2001953125
368187.8125,90416.8984375
302234.8125,11162.900390625
591866.125,137304.90625
374835.59375,64525.0
288039.8125,7081.5
405634.09375,72010.296875
479667.0,176751.703125
479523.0,11178.900390625
285520.0,8766.0
404376.90625,137398.203125
581943.125,17680.30078125
556745.625,99193.8984375
304152.8125,8550.900390625
517881.8125,85493.3984375
605814.0,17626.400390625
538207.625,289657.40625
376149.90625,183410.296875
367288.90625,97180.796875
291299.59375,7510.7998046875
285372.0,10586.5
303681.40625,82577.5
521903.3125,152291.90625
305462.59375,7855.60009765625
581417.0,14599.5
279077.90625,6124.60009765625
316285.90625,38563.19921875
562679.625,12769.7998046875
599849.625,13798.2001953125
460835.09375,135440.90625
501865.3125,289850.90625
342725.0,103161.8984375
536397.625,97211.796875
296146.6875,8008.2998046875
543431.625,12645.599609375
556431.875,58216.1015625
297055.90625,14467.7001953125
567664.625,11857.7001953125
542869.625,91344.796875
274551.1875,6024.7998046875
354559.59375,9921.599609375
579364.5,11080.900390625
290773.40625,9656.099609375
491202.90625,312459.1875
321998.09375,9141.7998046875
575845.625,19736.19921875
585034.625,11935.400390625
268273.59375,73445.796875
554324.0,13179.900390625
486007.5,97679.5
368954.40625,117767.1015625
318759.40625,56946.19921875
382471.09375,165474.796875
275591.59375,5204.89990234375
320237.8125,8738.400390625
367856.5,114234.3984375
305651.40625,6831.7998046875
391930.59375,149484.296875
480768.90625,102056.796875
314467.90625,66247.203125
324186.09375,54673.80078125
380879.6875,95300.296875
568272.5,146215.703125
551354.125,73136.6015625
297983.0,11147.5
508243.90625,59211.1015625
600104.625,12403.7998046875
549627.125,14623.7001953125
421671.3125,130171.8984375
294200.5,28134.400390625
315496.09375,9447.900390625
352696.09375,81614.0
291991.90625,4686.7998046875
292990.90625,6449.7001953125
544839.5,150894.796875
269920.6875,9058.599609375
415014.59375,147977.90625
280357.6875,5351.60009765625
307276.09375,6717.2998046875
359663.5,120025.5
590525.875,12473.5
305826.8125,6950.89990234375
274114.40625,3897.800048828125
307448.90625,44789.69921875
319995.8125,41548.6015625
532028.625,114255.203125
292596.5,7393.0
543275.0,38060.30078125
297803.6875,7122.89990234375
307761.1875,37698.1015625
442270.6875,7412.2998046875
467908.0,129140.5
473854.0,95108.203125
317775.09375,9120.5
283190.6875,6117.2998046875
261411.09375,11722.099609375
378562.0,11390.400390625
311922.5,8182.5
292353.90625,6127.10009765625
456668.90625,109083.203125
528537.625,11924.7998046875
369112.59375,89659.703125
327074.3125,29731.900390625
318588.3125,35069.3984375
303086.0,5572.39990234375
294179.09375,6925.89990234375
468097.8125,11569.0
298422.90625,76149.796875
536816.875,12016.2001953125
282248.5,12336.2998046875
304683.59375,8565.900390625
499910.59375,103009.3984375
589653.375,7338.0
331157.3125,47151.8984375
384288.09375,140177.296875
272570.6875,5334.7998046875
421871.5,219051.203125
581109.125,14706.099609375
300508.5,6826.89990234375
567457.5,53744.5
309862.40625,9169.2001953125
412257.09375,120802.296875
384355.09375,101980.3984375
488946.3125,108627.8984375
305239.8125,13825.400390625
270214.5,5836.39990234375
521538.59375,131054.5
565637.3125,12177.0
604432.375,22664.30078125
537929.625,80022.796875
416889.40625,283213.8125
294699.5,7712.2998046875
262405.59375,7244.39990234375
295247.6875,5835.10009765625
581078.125,10272.900390625
301471.1875,6445.10009765625
550354.5,12165.0
469817.90625,196316.0
386325.8125,150791.40625
390286.59375,210039.59375
309875.40625,111535.296875
537267.1875,21781.599609375
308290.40625,12841.7001953125
496501.8125,185456.09375
555255.625,51877.19921875
294068.5,102728.0
321026.0,96825.296875
291565.1875,7185.39990234375
277485.6875,6760.2998046875
608462.6875,15941.599609375
298422.6875,7921.7998046875
278356.0,7720.5
285676.8125,6168.60009765625
302905.59375,11108.7998046875
560658.1875,11820.2998046875
304744.5,7851.2001953125
287082.09375,6932.10009765625
344985.5,139040.40625
284412.09375,8084.89990234375
499278.8125,13753.900390625
330821.5,71940.3984375
293121.59375,7039.89990234375
505773.59375,120198.0
299441.3125,39934.5
567498.875,22563.80078125
626638.875,20541.69921875
260510.0,5069.7998046875
517345.59375,35096.8984375
580798.0,12567.5
351474.8125,8451.400390625
491971.8125,132940.59375
563247.5,13362.5
303050.1875,6314.89990234375
313396.6875,10938.2998046875
294413.59375,7717.7998046875
309412.1875,7702.7998046875
282426.5,20615.69921875
286503.09375,8431.599609375
279312.5,21774.900390625
310866.5,9818.0
607926.375,13847.599609375
402618.09375,116926.296875
430750.09375,142637.203125
466636.8125,147131.90625
375341.09375,184510.40625
367961.3125,87337.0
530370.375,12039.7998046875
373859.59375,79726.796875
337323.90625,64504.69921875
293528.0,14921.2998046875
251379.59375,22549.80078125
286656.1875,40666.80078125
300296.09375,13095.599609375
608239.0,19189.900390625
280318.5,4749.0
267096.90625,62994.19921875
305571.09375,7726.7001953125
282536.8125,5015.39990234375
295393.3125,74342.8984375
278932.59375,5277.5
324410.90625,75022.296875
291459.59375,91159.296875
276694.90625,5062.2998046875
299740.40625,6756.2001953125
302638.6875,8415.599609375
293532.09375,7427.2998046875
383308.59375,103427.6015625
242990.203125,7286.60009765625
470450.90625,100022.796875
282468.09375,5614.2001953125
313139.5,9556.0
296988.1875,19453.099609375
460331.1875,85627.296875
266002.5,3060.5
293049.3125,10201.099609375
562802.8125,90247.6015625
424803.09375,207861.5
548195.375,22248.599609375
301196.5,7918.5
296714.09375,9227.5
508830.59375,55711.69921875
292415.6875,63193.30078125
295158.40625,63208.6015625
301044.8125,9484.2998046875
303726.5,6915.7001953125
575025.0,14708.7998046875
268527.3125,6931.0
401634.09375,13499.599609375
293535.0,5666.2998046875
276795.5,5849.10009765625
405556.59375,10336.7001953125
485655.09375,70075.5
293775.40625,6886.60009765625
295648.0,5722.10009765625
477986.3125,137751.703125
295214.5,6407.5
316211.59375,7914.0
402256.59375,153037.203125
373271.40625,106464.1015625
290381.6875,6917.60009765625
303444.5,12995.0
290795.59375,6132.10009765625
306638.5,9015.0
289854.1875,6874.60009765625
503047.0,71537.203125
396785.0,9024.2998046875
297497.8125,7791.5
433607.09375,385695.59375
585281.5,14948.7998046875
264851.3125,7564.5
337000.09375,163384.796875
280570.6875,6628.2998046875
591260.1875,44537.80078125
422163.59375,86055.6015625
566985.8125,11293.0
353865.1875,70375.6015625
546538.875,68335.5
297269.8125,6840.0
267928.8125,4340.2998046875
289478.59375,5325.2998046875
285283.6875,5569.89990234375
303141.5,7378.10009765625
316750.90625,87716.8984375
361675.59375,106602.3984375
570397.1875,12996.0
559342.625,12773.2998046875
405930.09375,127256.5
560291.875,97384.3984375
328914.8125,84595.6015625
264755.5,9761.099609375
586224.875,12328.099609375
414950.0,138638.59375
303215.90625,10477.099609375
270721.09375,17781.599609375
461866.5,92807.0
458678.5,49344.6015625
616977.0,176196.203125
605443.5,15545.7998046875
538319.8125,147556.0
335781.59375,61965.1015625
301937.5,6577.2998046875
282495.3125,6956.0
482515.09375,107319.796875
437984.40625,81747.703125
310750.3125,8688.099609375
399904.0,123877.1015625
284193.90625,5891.60009765625
310138.0,15047.900390625
314367.0,41911.1015625
380062.59375,141149.0
279649.6875,7779.7998046875
271860.90625,7104.10009765625
268040.5,5703.5
314299.59375,56745.6015625
425676.5,9146.5
414414.0,94144.1015625
571007.5,13327.7001953125
290741.1875,7330.0
245603.0,5570.7998046875
451177.3125,139865.0
273747.3125,6033.5
301738.8125,6635.60009765625
315155.5,38110.1015625
573043.125,14721.2001953125
393693.09375,76842.0
510958.40625,14306.599609375
513408.5,66144.5
298706.59375,6930.0
500108.09375,252256.203125
242648.203125,6104.7998046875
557866.1875,10895.099609375
597366.5,15514.0
304764.90625,7611.89990234375
306534.59375,8306.099609375
461850.5,162401.09375
365892.8125,107534.296875
262051.703125,6628.60009765625
575661.0,13094.7001953125
315884.3125,12398.5
303067.09375,7964.10009765625
266113.5,7605.2998046875
553985.3125,95179.0
317829.59375,42545.80078125
305405.1875,7382.7998046875
292662.90625,7111.2001953125
422176.09375,141990.59375
285121.6875,88112.5
251519.296875,6445.5
290345.1875,7453.10009765625
294733.3125,6888.5
298712.1875,8542.2001953125
575268.3125,11844.2998046875
284867.59375,6402.7998046875
596294.0,12908.0
256361.5,6436.60009765625
288959.0,5432.2001953125
472357.90625,145227.40625
452268.1875,145313.0
351896.90625,113232.8984375
274729.0,5700.10009765625
571861.125,14373.7001953125
529139.625,9256.0
261932.40625,11398.099609375
305413.0,7553.39990234375
371228.0,123331.0
558319.125,38739.5
256998.59375,7702.7001953125
321947.6875,68630.296875
307247.40625,9816.099609375
293090.6875,6422.10009765625
524177.3125,87299.6015625
485007.09375,221830.203125
303781.40625,29228.599609375
410699.0,126744.3984375
311938.09375,8918.2001953125
286247.1875,7911.2998046875
383996.90625,10098.099609375
305465.1875,6362.60009765625
290444.5,6985.5
300009.90625,6332.89990234375
310024.09375,7792.60009765625
443636.0,120337.5
374641.8125,94013.296875
584475.5,13048.2998046875
296207.59375,7230.10009765625
301276.5,7207.7998046875
315508.3125,33154.0
287944.1875,6933.2998046875
438447.6875,134038.296875
378051.40625,10644.7001953125
466395.59375,10620.099609375
364269.8125,163333.0
559342.6875,22406.599609375
281530.90625,7940.0
576702.8125,14489.0
275358.6875,6943.7001953125
296857.09375,7591.2998046875
282140.6875,5417.39990234375
455325.0,159665.09375
563717.875,18588.900390625
562039.125,63445.8984375
563075.375,96622.203125
590027.625,14848.2998046875
298887.09375,6229.0
419865.40625,8013.39990234375
269001.90625,7071.10009765625
430730.5,99396.296875
412420.6875,258324.703125
263377.6875,6045.39990234375
281920.09375,5090.0
295013.8125,7729.0
319636.3125,105482.5
310810.1875,11250.7001953125
586416.3125,41083.6015625
344102.0,79485.1015625
442174.09375,144688.203125
355882.09375,63628.0
286674.90625,7099.60009765625
408310.5,9570.400390625
504842.5,12408.599609375
325605.0,35011.0
294667.59375,7029.5
299363.59375,9180.7001953125
389032.6875,111594.296875
448255.90625,144731.09375
291248.6875,8143.60009765625
287576.0,6185.0
391900.90625,247058.40625
371493.59375,97788.6015625
385852.8125,135144.09375
300371.59375,5691.2001953125
375793.40625,88349.6015625
558978.5,7716.10009765625
571184.3125,129140.703125
578897.5,11845.5
370215.59375,153999.203125
310488.6875,5483.7998046875
315319.40625,11531.099609375
290080.1875,5701.10009765625
290450.5,9354.5
290949.0,5645.60009765625
536557.3125,8388.2998046875
282886.6875,6656.10009765625
270743.5,5417.7001953125
518868.6875,14729.5
380165.5,110956.296875
584838.3125,14538.0
268537.09375,6039.60009765625
331550.0,58473.80078125
465433.3125,224701.5
391216.59375,145766.296875
279087.6875,11995.7998046875
474144.1875,146435.296875
426371.6875,144003.5
296863.40625,7057.5
358978.3125,14479.0
339890.5,87963.5
394151.1875,149038.90625
467151.90625,66692.8984375
578010.125,44285.3984375
540441.5,213115.59375
455950.59375,117615.203125
564204.125,11958.5
303745.5,8316.599609375
279011.3125,5416.2001953125
289579.0,7093.5
261549.59375,4003.0
315620.59375,64441.69921875
266816.1875,8429.2998046875
428795.1875,203532.59375
313014.59375,25616.19921875
511452.59375,9217.5
324769.40625,19107.099609375
284117.0,10046.900390625
506043.0,138057.59375
454199.8125,170982.203125
489910.0,153472.5
557557.125,121126.203125
560189.1875,39820.30078125
271710.40625,7335.60009765625
302647.6875,6361.10009765625
591911.625,14342.599609375
473799.5,139373.59375
476725.8125,156826.296875
325592.6875,6689.10009765625
287386.0,10785.7001953125
424617.1875,130519.0
316841.5,47975.80078125
300280.3125,6889.0
595347.125,12475.599609375
368281.8125,5774.5
505636.09375,19085.80078125
378365.1875,183985.296875
411197.09375,154157.59375
576385.875,11776.0
586866.8125,14511.5
305121.6875,7988.2001953125
495241.3125,125270.796875
516572.59375,137412.296875
356232.0,112180.0
487559.5,140975.09375
295738.0,8099.2001953125
299957.8125,42063.1015625
293254.5,7713.10009765625
300646.0,6206.89990234375
596768.0,15064.099609375
279914.5,6922.5
269218.59375,7407.7001953125
537954.1875,157369.296875
561713.6875,74396.1015625
299847.90625,10149.900390625
311335.3125,7694.60009765625
535164.125,10379.2001953125
253457.90625,6669.60009765625
566350.5,11629.599609375
284379.09375,8680.2001953125
322070.40625,75723.6015625
298700.5,33498.5
289330.40625,8823.400390625
339674.0,6374.0
303919.0,8166.10009765625
286313.8125,7192.7998046875
568859.1875,9511.099609375
378788.0,81145.703125
559680.6875,13020.5
277701.0,7205.7998046875
314788.8125,10478.0
502930.59375,71707.796875
309078.6875,63304.80078125
475958.90625,11312.7001953125
276890.3125,6091.5
551640.875,78236.5
543217.8125,14320.5
343773.3125,64823.30078125
311622.59375,11277.7998046875
540058.5,168802.5
364604.5,72275.703125
301635.09375,6985.39990234375
450220.6875,249504.5
297990.59375,6788.7998046875
441494.40625,140371.90625
559352.6875,8816.400390625
270379.09375,61902.3984375
305923.8125,7745.5
308987.3125,7053.0
557236.0,12665.2998046875
310191.1875,8693.2001953125
516731.8125,216010.09375
293640.0,5235.10009765625
260565.59375,7849.5
329525.90625,58962.1015625
315477.5,15440.099609375
372032.3125,218918.203125
547580.5,8942.0
606937.125,14475.7001953125
322232.1875,8101.2998046875
370596.90625,77638.1015625
545045.6875,16823.099609375
303135.6875,7573.10009765625
254176.296875,7175.7001953125
271586.0,12396.7998046875
472474.40625,204169.09375
276711.5,7038.7998046875
371823.5,164148.90625
360302.09375,62620.0
290724.40625,13497.599609375
277582.3125,7696.7998046875
534577.375,48014.3984375
527532.5,104284.703125
343711.8125,64897.3984375
601879.625,14903.2998046875
551024.8125,10288.7998046875
304979.59375,10964.099609375
306295.40625,9069.599609375
299901.59375,6229.60009765625
304965.90625,5279.7998046875
388003.3125,59370.8984375
248244.203125,7660.0
588238.625,112531.5
279808.5,10497.2001953125
307680.40625,13014.400390625
325215.3125,17149.69921875
500953.6875,157492.90625
299598.5,7576.2001953125
507534.09375,11413.2998046875
284154.6875,6526.10009765625
310585.0,28350.80078125
477189.5,144322.203125
504685.5,106483.5
439179.5,145635.296875
282599.1875,5597.10009765625
416035.0,123069.796875
266732.8125,6645.7001953125
298281.40625,10681.599609375
304596.5,7084.2998046875
351551.6875,84797.3984375
544332.625,143356.0
540898.3125,101660.296875
498264.5,191156.203125
282321.09375,9125.5
592629.6875,17040.099609375
475564.3125,113932.203125
536134.0,103965.296875
549029.8125,12482.2001953125
241990.0,5890.7001953125
294996.0,6132.7998046875
302901.6875,6046.39990234375
523265.0,99399.8984375
375500.09375,8383.5
262993.3125,8267.2998046875
577833.875,11758.599609375
336400.3125,99873.296875
294051.90625,4777.39990234375
365003.0,112295.203125
307254.09375,7191.0
400900.90625,81671.5
488933.59375,166556.296875
305648.90625,11039.400390625
575942.1875,15726.400390625
302492.3125,11609.7998046875
420778.3125,132320.296875
604338.375,19236.599609375
368940.09375,126557.6015625
383269.90625,10874.2998046875
273295.59375,5423.5
414556.1875,102530.8984375
302324.0,6901.5
309914.1875,17018.0
309343.59375,11835.5
498719.0,79543.203125
499933.90625,127384.8984375
304833.3125,5291.2001953125
306412.1875,6820.89990234375
517995.5,72187.703125
511497.59375,237336.796875
398081.6875,9652.400390625
265041.0,6661.7998046875
304857.5,8261.2001953125
317882.0,52950.5
490901.3125,84303.703125
474930.59375,81834.0
379791.40625,169772.703125
270197.59375,6157.2001953125
476788.0,91877.296875
309898.5,8312.7998046875
309263.1875,43794.6015625
297593.8125,5661.2001953125
296751.0,11108.7998046875
464986.0,111321.296875
331194.6875,62578.1015625
361530.90625,81635.6015625
495556.5,179627.203125
258914.5,6203.7998046875
567141.5,15195.400390625
283685.59375,6829.0
304096.8125,9272.7998046875
288622.40625,4665.10009765625
273077.8125,5151.7998046875
296120.59375,7055.0
338964.40625,32581.5
480266.3125,6142.89990234375
248347.59375,6229.7998046875
568920.1875,12589.400390625
596338.5,14334.7998046875
409964.5,122786.703125
493675.09375,13507.099609375
604902.6875,16335.0
356303.40625,91732.1015625
332440.09375,44453.6015625
365764.90625,133597.296875
562024.625,14591.0
295683.6875,7899.39990234375
308484.3125,8140.89990234375
277812.59375,6832.5
297888.5,5703.7001953125
369972.59375,112334.296875
344337.1875,46479.3984375
469148.0,11570.2001953125
371702.8125,104678.703125
281645.40625,6082.7001953125
308043.09375,31781.69921875
269561.5,7770.7998046875
340282.3125,41842.0
289526.09375,24541.19921875
578417.625,47348.69921875
306507.6875,7783.10009765625
573846.875,16645.0
446822.6875,97748.8984375
317906.09375,16606.19921875
297944.0,9177.099609375
287088.09375,6478.7001953125
533796.3125,236764.296875
286960.1875,10469.599609375
301650.3125,5466.7001953125
484961.0,96799.796875
294143.40625,6149.60009765625
304396.1875,7393.60009765625
474907.6875,79491.1015625
590556.3125,12554.7001953125
473506.0,191005.296875
326591.3125,86000.203125
265834.90625,9368.599609375
277722.5,5802.39990234375
262396.09375,17248.0
571669.8125,111047.796875
285340.40625,7241.10009765625
303727.3125,6909.7998046875
416766.90625,70045.3984375
301968.09375,7799.5
306947.90625,114140.5
319955.3125,14297.400390625
295673.59375,5919.7998046875
324063.90625,12623.900390625
355040.6875,87523.8984375
292705.5,81799.703125
305320.0,7545.60009765625
296280.8125,73062.796875
274233.59375,7827.10009765625
300086.40625,5881.60009765625
375003.59375,86174.6015625
413452.90625,90356.296875
475641.3125,209127.40625
306021.0,6288.5
319629.6875,26302.5
262916.5,61700.3984375
303356.40625,5757.39990234375
298845.6875,6049.39990234375
588748.125,14041.2998046875
602531.6875,12711.099609375
574269.5,12972.5
285094.5,5579.7998046875
279747.6875,4268.10009765625
252468.5,6171.7001953125
313595.6875,9182.900390625
350114.0,85340.3984375
514363.8125,150454.296875
513071.5,156757.296875
305064.1875,6134.10009765625
293041.6875,6858.60009765625
494312.8125,70677.703125
301117.5,8251.2998046875
309217.8125,8308.2001953125
321248.0,86680.796875
293860.59375,9506.0
444679.3125,14298.7998046875
490212.90625,64757.1015625
251028.296875,7355.7998046875
275256.90625,6396.89990234375
383298.0,128232.203125
321609.09375,17277.0
507037.90625,92861.0
501751.8125,65621.8984375
289542.09375,6472.7998046875
398643.90625,28750.400390625
301981.6875,6203.89990234375
557967.5,90600.796875
273787.5,5589.10009765625
453047.09375,132983.09375
504118.40625,124483.1015625
265435.6875,10908.0
294045.3125,6058.7998046875
443405.40625,88373.796875
538291.1875,233609.90625
342789.8125,23697.400390625
312564.5,104721.0
314089.09375,37491.5
466455.0,172237.703125
278132.40625,5303.39990234375
567173.5,11342.2001953125
462368.1875,141603.90625
265795.1875,6104.10009765625
567445.5,102955.796875
323649.3125,34111.19921875
494517.40625,32194.69921875
553661.125,13426.7001953125
331341.59375,71176.203125
313570.0,11152.2998046875
543796.1875,101608.1015625
279152.1875,6684.10009765625
266621.8125,4502.2001953125
500684.90625,141231.09375
296268.0,6000.2001953125
302113.5,9590.2998046875
586717.6875,16991.900390625
552938.5,84861.3984375
459894.09375,11915.0
514571.90625,119874.1015625
333376.0,61111.30078125
508754.1875,205705.59375
504809.6875,158332.59375
368646.3125,54674.69921875
576050.5,13064.2998046875
447910.3125,157437.203125
291928.90625,4486.10009765625
291783.0,6246.7998046875
275222.6875,8125.39990234375
613071.5,14790.400390625
317299.09375,11799.5
284844.8125,5247.2998046875
554968.375,11462.099609375
295564.40625,6769.89990234375
581169.0,13879.2001953125
429547.59375,161394.796875
347340.6875,75978.8984375
414783.0,88055.1015625
581013.8125,12251.7998046875
516329.59375,10647.599609375
347174.40625,249257.59375
574379.1875,14080.5
511538.40625,288758.59375
286349.40625,66035.796875
283952.1875,5428.39990234375
275042.0,8990.0
307304.6875,7882.0
435921.59375,157609.5
571485.5,47003.3984375
336079.5,57025.80078125
465960.6875,17794.599609375
375074.1875,118450.6015625
403457.8125,158899.703125
486431.3125,118006.203125
553541.375,60264.6015625
439040.0,9551.2001953125
274072.0,48910.80078125
594979.5,9513.900390625
295045.59375,7248.5
278384.5,7856.7998046875
441180.1875,100017.1015625
306031.3125,6390.7001953125
310193.0,104486.796875
308755.3125,21959.69921875
572413.5,12857.7001953125
350301.0,159822.296875
563599.1875,107415.3984375
577755.0,14466.400390625
269465.09375,4916.0
324477.8125,63799.80078125
426164.40625,123937.1015625
299165.8125,7651.2998046875
593230.375,14066.400390625
362263.09375,58718.5
308749.40625,30218.5
370804.3125,96008.8984375
327606.59375,9676.7998046875
305082.40625,75838.3984375
272731.1875,6600.39990234375
473559.5,100275.703125
335604.09375,36369.6015625
615434.6875,16169.0
353768.8125,10803.7998046875
546190.375,11480.099609375
245953.59375,5923.10009765625
565422.875,11938.2998046875
511838.1875,164763.90625
573364.8125,12243.400390625
302044.0,6899.5
255787.5,7637.39990234375
303093.8125,9460.7001953125
572952.1875,124212.3984375
244940.0,7082.7001953125
294957.09375,4704.2998046875
313173.6875,16262.400390625
402522.5,82680.203125
474718.5,146530.0
564601.3125,107371.703125
445927.59375,93478.0
367460.09375,123003.703125
352527.0,20195.30078125
542089.3125,54646.5
558109.5,86051.0
351198.0,100848.796875
303658.1875,7066.60009765625
311856.6875,34720.6015625
352834.5,122570.296875
582636.875,10197.099609375
399190.0,78200.703125
526318.5,11217.2998046875
501776.6875,154610.90625
283664.59375,7635.5
329544.3125,69415.296875
583778.8125,13295.7998046875
307431.3125,6375.10009765625
303982.1875,7037.60009765625
552584.625,170574.0
443217.8125,300392.09375
281540.90625,7958.10009765625
590372.5,11694.7998046875
375710.1875,139139.203125
368862.8125,84142.296875
296009.0,6287.5
441206.3125,116693.796875
330484.3125,14281.2998046875
570347.875,13576.099609375
490767.09375,77570.703125
538699.5,114982.6015625
298766.5,6632.2998046875
418377.8125,124545.5
605937.6875,16574.900390625
267240.6875,4857.2998046875
567858.875,87132.203125
443618.90625,188371.5
306272.1875,8279.7998046875
288491.09375,6831.0
270706.40625,9048.099609375
588092.0,15724.400390625
305196.5,5492.60009765625
279700.8125,4853.0
571821.3125,10717.0
429802.8125,152433.0
321642.1875,19956.599609375
540428.375,9725.7001953125
280872.3125,6076.10009765625
283173.3125,6397.5
448573.0,149739.296875
303328.1875,7771.2001953125
585886.6875,14144.0
299109.90625,8185.10009765625
301091.90625,5188.7998046875
309685.0,8275.0
296983.5,5452.60009765625
278306.3125,30076.30078125
366185.5,74453.6015625
350408.5,21673.30078125
439479.5,169120.90625
308986.0,9064.099609375
293494.8125,6317.5
286035.3125,6641.0
288787.1875,4224.60009765625
387026.59375,112809.0
524056.8125,126382.1015625
304910.5,6841.89990234375
320483.5,39350.1015625
403041.8125,15527.0
337037.8125,66381.5
591514.1875,16565.599609375
294245.40625,5928.7001953125
352120.59375,63795.5
553371.8125,152785.59375
310210.6875,8026.7001953125
300040.1875,5511.5
271135.3125,23350.30078125
352202.5,49679.3984375
298496.40625,4926.60009765625
258687.40625,6023.7998046875
590977.125,12419.7001953125
374711.5,89227.5
510691.3125,191356.09375
289958.0,6047.39990234375
318186.3125,10953.5
305423.3125,9168.0
567725.3125,13477.5
291822.09375,6455.5
295689.5,6336.39990234375
422305.90625,87698.703125
307589.5,7272.2998046875
592861.1875,12158.400390625
545265.6875,19496.5
435516.3125,20641.80078125
507486.0,139896.40625
311828.40625,7278.7998046875
293040.09375,7234.7001953125
287535.5,7248.60009765625
252737.90625,6360.10009765625
313914.5,14793.599609375
276597.5,12580.2998046875
294481.8125,7829.5
325121.8125,61022.1015625
283058.0,49806.1015625
326490.8125,18254.0
564461.3125,13468.5
302208.8125,7204.0
485807.1875,14237.099609375
447085.0,124298.3984375
415530.5,110993.6015625
573861.8125,13497.5
296508.3125,3737.0
355444.3125,119182.0
582542.6875,322853.09375
573460.875,10034.599609375
370250.5,108230.296875
363628.6875,22122.19921875
520969.6875,111623.8984375
282746.5,27677.099609375
531003.8125,151011.0
266207.8125,9444.0
326639.8125,22552.0
362971.59375,99623.5
298570.0,6659.39990234375
564462.875,13933.2001953125
550111.0,100207.296875
597122.6875,14066.7001953125
319688.40625,25293.30078125
301110.1875,9408.900390625
274045.6875,59242.0
467482.3125,101698.296875
274069.0,6503.89990234375
315108.09375,9595.2001953125
559545.3125,11937.599609375
479292.5,103701.8984375
282953.0,6471.60009765625
516289.8125,115267.0
430400.3125,176523.0
599538.3125,14473.0
299527.1875,7681.10009765625
481912.0,268574.40625
304831.6875,10980.2001953125
297745.90625,6785.2998046875
452391.6875,17713.0
246381.796875,6572.2998046875
356170.40625,250297.59375
291322.59375,7899.2001953125
329112.0,49919.0
576832.8125,122070.796875
483648.0,116983.1015625
409594.8125,329239.8125
354348.40625,258444.09375
310017.59375,7809.2001953125
300753.5,7985.60009765625
278534.5,6048.7998046875
253738.796875,6355.0
269520.3125,7415.10009765625
551880.0,11905.099609375
263411.8125,6228.5
259097.296875,5490.0
250274.296875,7620.5
261988.09375,56614.0
428482.8125,122422.6015625
369643.0,129151.8984375
551361.5,126339.796875
588240.375,11842.2998046875
303503.6875,8674.400390625
329891.3125,140502.796875
250237.5,6010.39990234375
284760.90625,6422.10009765625
291629.90625,5690.2998046875
592031.625,16397.19921875
516681.5,165523.5
416349.3125,126939.296875
281909.5,47170.6015625
388934.8125,94405.796875
300839.40625,8071.10009765625
377449.09375,128154.203125
468717.0,13993.099609375
409600.09375,142439.203125
305666.1875,10759.599609375
292962.1875,6671.0
387955.40625,98977.203125
486842.0,23718.400390625
341831.0,55986.6015625
497904.3125,191755.5
486442.1875,13465.599609375
541115.375,139819.203125
436951.59375,109074.5
263322.3125,9428.599609375
473726.0,213500.90625
268770.40625,4752.2001953125
303062.90625,8001.10009765625
504679.5,119461.296875
376524.40625,49867.30078125
550091.1875,47027.3984375
340077.1875,94557.5
363639.0,12118.400390625
546816.875,51097.6015625
296284.09375,9904.2001953125
303915.0,7593.0
595625.8125,17021.30078125
322357.0,9594.599609375
292553.40625,59268.6015625
292378.59375,6896.2001953125
292787.5,5834.10009765625
325020.09375,40530.69921875
283781.1875,7412.60009765625
601965.1875,15882.900390625
522853.1875,12466.7998046875
246894.0,8957.900390625
292234.09375,7606.89990234375
564828.125,36019.80078125
529603.125,14245.5
551187.875,140435.59375
295468.6875,6548.60009765625
344611.1875,104484.203125
374475.3125,82776.0
357691.59375,118272.703125
574988.1875,64078.80078125
297697.5,7302.2998046875
560959.3125,52997.30078125
291289.90625,7058.0
293258.3125,7704.2001953125
537129.1875,12767.599609375
436128.90625,157606.90625
556760.8125,99859.296875
313099.3125,32748.19921875
491964.09375,12429.0
303684.0,7353.7998046875
283852.1875,6985.7001953125
289011.90625,5648.60009765625
293406.1875,7394.7998046875
399287.8125,89086.5
298432.40625,131879.703125
362658.59375,102192.796875
360353.8125,127656.8984375
567270.625,117078.8984375
344151.59375,54146.80078125
559233.0,152280.90625
303452.40625,14954.900390625
361536.59375,53389.0
301950.90625,8033.10009765625
535885.1875,12575.599609375
554055.6875,171754.703125
513989.59375,13606.2001953125
308506.3125,9879.5
435293.1875,207320.796875
553623.875,52738.5
373810.8125,127717.203125
406384.1875,89961.6015625
293476.90625,7053.89990234375
287645.8125,5273.2998046875
330062.09375,66376.5
461359.5,103843.296875
474826.1875,168710.703125
293023.90625,6051.10009765625
287378.0,11042.400390625
429810.5,49174.8984375
592592.375,14825.900390625
429515.90625,85901.6015625
341026.3125,77730.5
291016.59375,8488.7001953125
377241.3125,59149.8984375
287918.8125,6166.0
365627.0,9776.2998046875
289610.40625,54974.5
310454.1875,7914.10009765625
442216.59375,127292.5
611196.5,13201.7998046875
305091.40625,27653.099609375
280491.5,7851.7001953125
414317.6875,104226.8984375
373658.8125,102224.8984375
561283.3125,13318.2001953125
600804.375,11473.5
344747.1875,124036.296875
288797.5,11464.7001953125
350645.3125,96291.6015625
431801.59375,120040.296875
490831.40625,6801.39990234375
365609.09375,116193.0
311462.1875,8358.599609375
549732.8125,12108.0
486557.09375,15049.7001953125
545132.8125,111232.8984375
301930.6875,6864.2998046875
263831.0,6176.2998046875
267331.40625,5453.5
602658.3125,15486.7001953125
336470.6875,64087.1015625
481641.8125,131597.203125
266498.09375,4279.5
281551.1875,50481.19921875
347980.40625,50264.6015625
582884.6875,13510.2998046875
517890.8125,180845.0
304526.09375,10742.7998046875
386745.8125,8731.900390625
289958.6875,7052.89990234375
309940.09375,13435.7998046875
562319.5,13730.599609375
422688.09375,186544.796875
305416.0,6754.89990234375
262032.59375,8265.0
361082.1875,82800.1015625
470225.1875,68239.203125
427738.8125,135130.5
323156.6875,38972.80078125
301993.0,6383.7998046875
312878.40625,52814.5
522516.6875,10884.099609375
453616.40625,231323.90625
326569.3125,63474.80078125
589822.625,74697.5
268025.5,7183.7998046875
561513.1875,93561.296875
546898.5,10035.400390625
455175.09375,152714.40625
292011.09375,13421.2998046875
303014.40625,6605.89990234375
583766.375,15280.599609375
574358.6875,10747.599609375
532953.6875,9715.2001953125
251921.296875,5140.0
569142.625,14544.7001953125
436197.8125,126951.0
476201.1875,236317.796875
298520.0,9426.7998046875
349547.3125,7108.2001953125
438645.1875,12802.099609375
560646.0,132757.296875
543237.6875,19519.69921875
283098.40625,5317.60009765625
251446.703125,6360.7998046875
277837.1875,14262.5
562134.3125,13167.5
321353.40625,57979.69921875
513728.09375,16512.30078125
531046.5,96586.703125
577415.6875,13118.900390625
475869.59375,120259.296875
561612.3125,326859.1875
541910.375,115313.0
276039.5,6612.2001953125
303794.8125,7176.60009765625
250141.90625,4955.2998046875
274966.90625,6913.89990234375
424572.90625,88626.1015625
384175.1875,97411.1015625
594530.625,14905.400390625
279359.40625,5758.2998046875
489127.3125,122168.3984375
302849.59375,11622.900390625
564606.0,11762.400390625
325247.09375,63381.3984375
374189.59375,80985.796875
509805.0,343900.40625
285724.90625,7541.89990234375
582588.625,20312.5
312908.6875,7311.60009765625
283285.6875,5541.7001953125
527395.8125,10388.400390625
284125.8125,5874.5
282542.0,6985.89990234375
453908.09375,150085.90625
303981.90625,7138.39990234375
287678.09375,17894.0
291993.6875,7592.60009765625
365779.1875,69458.703125
429138.8125,93159.5
511170.59375,339913.1875
605312.8125,14206.400390625
583421.3125,14411.0
593683.5,17631.30078125
571403.3125,158220.296875
467555.90625,149909.5
331634.3125,54708.69921875
563552.875,50374.8984375
299170.59375,7026.5
436514.1875,156882.203125
295775.90625,8079.60009765625
278137.6875,91933.796875
408960.6875,197013.0
357634.90625,88391.703125
303360.09375,7783.7998046875
334172.8125,137236.90625
386411.1875,56412.8984375
419065.5,6590.60009765625
382227.90625,111403.5
438178.1875,12614.7998046875
460353.5,49485.69921875
314624.3125,8947.099609375
298470.90625,7779.2998046875
567266.375,13998.599609375
339746.6875,58839.1015625
595808.375,12037.7998046875
337971.90625,67755.0
285512.0,6812.60009765625
439120.90625,102038.296875
287107.09375,14407.0
262410.90625,5000.7001953125
324831.0,50891.3984375
299010.09375,92992.3984375
509847.09375,22807.0
291908.90625,7228.10009765625
588017.3125,12481.0
270744.09375,6321.2001953125
292647.8125,6618.89990234375
523854.3125,183470.0
253333.703125,4544.7998046875
428597.0,148045.296875
567587.3125,11536.2998046875
576523.6875,10863.599609375
405230.5,146923.90625
302239.09375,5859.39990234375
542594.0,103444.8984375
300002.40625,7809.39990234375
315583.1875,10953.099609375
411621.3125,187765.5
514783.59375,66183.203125
258974.796875,8576.2998046875
440996.90625,116073.5
374625.90625,125896.8984375
376273.8125,139507.296875
571425.8125,13127.7001953125
283119.59375,6670.5
270512.0,4830.2998046875
574691.1875,12826.7001953125
321424.90625,11673.099609375
586979.1875,12186.7998046875
409224.6875,89832.5
244570.296875,6110.0
585082.375,17102.69921875
439169.09375,63978.30078125
406614.3125,20527.400390625
294964.0,5555.2001953125
284356.6875,5685.39990234375
357272.3125,147178.90625
540939.3125,13311.2001953125
296289.6875,7872.2998046875
504861.8125,87408.6015625
585504.1875,12669.7998046875
301863.90625,8246.7998046875
264150.5,7294.2001953125
327108.6875,127352.6015625
308528.09375,7582.39990234375
301934.0,6867.39990234375
594140.125,19621.5
516823.6875,125079.1015625
605199.3125,14367.5
311157.09375,7707.7001953125
504527.8125,102627.0
567055.5,163135.296875
345081.3125,176610.796875
563664.8125,16391.69921875
576085.8125,44155.30078125
392553.3125,130029.703125
319635.59375,75809.0
568940.0,12957.7998046875
270121.1875,6197.7001953125
301075.1875,7154.5
299357.0,8869.900390625
559363.125,18690.400390625
307005.09375,7746.2998046875
358988.0,105503.8984375
549520.875,111410.3984375
580519.125,10927.5
287670.40625,7378.10009765625
568576.1875,32394.69921875
252642.09375,8344.7001953125
284399.8125,6429.89990234375
459960.5,208128.796875
364664.40625,108577.0
518938.3125,13797.7001953125
572492.1875,13803.599609375
309882.90625,16070.400390625
474080.3125,124515.296875
605859.0,18172.30078125
486126.1875,154476.703125
486570.1875,127316.0
514825.3125,186076.0
299539.40625,7911.2001953125
312092.09375,61480.80078125
548454.3125,11703.400390625
510184.5,68661.703125
263720.3125,44248.3984375
499883.3125,146513.703125
382344.5,88673.1015625
325856.40625,8465.0
285066.1875,5124.7998046875
638275.5,56140.69921875
402285.40625,101831.8984375
296896.5,6901.39990234375
570729.625,91711.3984375
459089.59375,142080.796875
313269.1875,11148.099609375
593228.6875,18374.69921875
586813.3125,11743.5
329801.09375,10455.7001953125
400604.3125,112121.5
318390.1875,124508.296875
493346.0,39344.80078125
514432.3125,137016.296875
351339.8125,88162.203125
339262.0,8067.89990234375
322247.0,18364.900390625
294712.90625,34112.3984375
529453.375,73417.6015625
316397.1875,37529.6015625
290339.6875,94344.203125
294619.09375,6986.2001953125
288867.8125,10014.900390625
448335.3125,151741.5
474244.5,182170.796875
377994.3125,148076.296875
524144.3125,104556.203125
302720.6875,6618.10009765625
283440.90625,57617.3984375
274739.8125,5877.7001953125
280037.1875,5263.7001953125
455272.1875,82867.796875
327144.1875,13336.5
249999.59375,4305.7998046875
584623.5,14111.7001953125
579741.625,12220.2998046875
299109.3125,11477.2001953125
491900.40625,134363.5
332525.09375,78580.3984375
487993.59375,131802.796875
562703.5,58955.3984375
583602.375,14284.400390625
516968.8125,24874.0
361052.09375,100656.703125
570218.3125,12412.900390625
520713.8125,17821.0
311618.8125,7952.7998046875
251385.796875,12644.2001953125
553596.6875,7235.60009765625
307613.8125,50958.30078125
585364.5,13707.7998046875
585257.8125,16862.19921875
298974.1875,4901.60009765625
580804.6875,10465.599609375
309650.40625,21362.099609375
292802.09375,193038.203125
269142.0,7578.39990234375
421464.6875,172300.09375
589877.875,43216.5
289662.90625,6650.10009765625
301391.8125,12718.7001953125
394636.3125,87767.203125
248826.203125,6140.2001953125
319982.3125,7803.10009765625
279358.59375,5607.7001953125
556984.8125,12559.2998046875
453707.0,10222.099609375
285856.0,7453.2998046875
299719.90625,6902.89990234375
342285.3125,15056.599609375
318335.0,71881.296875
292981.59375,11113.2998046875
286325.40625,10341.7001953125
292209.8125,9300.7998046875
276419.8125,5384.2998046875
331019.90625,65918.0
579593.5,12680.7001953125
571886.8125,11684.7001953125
309488.6875,8766.0
500709.09375,215458.5
396428.5,179732.796875
309560.40625,7982.10009765625
420414.8125,177686.296875
437402.6875,136305.59375
323634.1875,55955.1015625
300443.3125,7788.7998046875
454852.90625,15608.2998046875
566439.3125,65179.30078125
514050.0,192291.5
282101.90625,6677.7998046875
580797.6875,20445.80078125
310552.3125,7763.89990234375
309150.6875,5580.60009765625
376496.90625,147559.296875
275042.8125,69811.203125
303141.59375,6265.2998046875
277859.1875,153865.203125
602292.5,11440.2998046875
548479.8125,10852.2001953125
290533.6875,6207.10009765625
283875.09375,8861.2998046875
330949.6875,7143.10009765625
568887.875,11588.099609375
312447.8125,8095.5
256427.09375,5564.2001953125
279399.1875,55421.1015625
491739.40625,12724.2998046875
305297.90625,11099.5
297047.40625,6029.60009765625
289152.3125,6948.2001953125
284883.8125,5758.2001953125
296336.6875,5988.2001953125
591552.625,14825.400390625
365156.8125,82691.1015625
376551.8125,122295.796875
274454.0,9174.7998046875
303205.3125,9901.099609375
563867.0,115673.796875
607574.125,14167.7998046875
253959.90625,6333.2001953125
359513.3125,55735.80078125
492571.0,102311.796875
358588.3125,200923.203125
365030.1875,71670.6015625
578086.1875,14279.099609375
296159.3125,4369.0
329252.59375,24278.19921875
342107.5,44719.3984375
491234.6875,11740.099609375
319565.90625,10854.2998046875
442654.90625,102368.5
324383.3125,7312.2001953125
353328.8125,118098.203125
284018.1875,62789.69921875
570717.625,14106.900390625
527753.8125,15080.099609375
304012.09375,14183.7001953125
488389.8125,138789.296875
565376.5,13200.7998046875
302105.8125,6757.60009765625
510177.40625,48762.0
592058.8125,14351.2998046875
363009.8125,77812.296875
346385.0,125103.203125
345246.6875,53184.0
308362.59375,18145.0
301496.0,7123.7998046875
415559.40625,147251.09375
302592.8125,9227.7998046875
490679.1875,11864.599609375
288264.6875,7540.60009765625
365911.0,147362.296875
309910.1875,7227.7001953125
582572.0,13940.7998046875
592277.8125,14497.2001953125
490810.6875,108220.6015625
530049.625,59856.80078125
319726.40625,10260.599609375
282133.3125,10745.5
318690.5,11566.900390625
291579.1875,6292.60009765625
292971.8125,8723.2001953125
585225.8125,13439.7001953125
273579.3125,7059.2998046875
310346.0,13209.599609375
490512.5,34506.80078125
280892.40625,7689.89990234375
581544.8125,12503.099609375
288660.1875,6178.2001953125
293386.5,9168.7998046875
283775.6875,9583.099609375
280088.09375,6862.2998046875
596904.1875,15466.099609375
299320.90625,8044.60009765625
559620.3125,13358.5
599309.125,28176.19921875
554385.5,14869.900390625
262919.40625,51528.0
535458.375,11658.599609375
276294.3125,9397.2001953125
588528.3125,13637.2001953125
286068.6875,6053.2001953125
584290.625,12642.400390625
350083.09375,41668.69921875
297611.5,14029.7998046875
308619.90625,6523.39990234375
311479.8125,37497.6015625
572295.5,12891.7998046875
588193.375,14219.0
511981.09375,138287.796875
350397.3125,99822.796875
545850.8125,120451.796875
293791.90625,11646.0
507876.3125,184209.203125
562890.375,14669.900390625
306028.5,8748.2998046875
427231.6875,163620.09375
345692.6875,83809.6015625
291672.09375,6018.7998046875
557800.6875,14497.599609375
282779.90625,7679.10009765625
564852.625,133848.703125
454586.5,72470.8984375
590641.1875,14049.099609375
577511.875,11991.2998046875
261711.40625,9047.099609375
316035.8125,63399.69921875
352427.8125,11469.7001953125
270320.09375,4950.89990234375
255548.796875,5754.10009765625
267513.09375,7122.7001953125
566220.8125,14412.7998046875
353854.5,56824.6015625
284292.0,7521.2998046875
328756.3125,79949.6015625
458374.5,111248.296875
308188.90625,8161.5
309886.8125,8752.2998046875
311500.8125,9192.7998046875
512028.5,117790.703125
300802.8125,9562.2001953125
309596.6875,20932.0
487903.40625,117499.8984375
291123.0,7084.2998046875
340386.40625,95170.6015625
364517.3125,40470.30078125
297277.5,6334.10009765625
542043.6875,57346.1015625
436406.6875,18775.099609375
554907.5,29764.30078125
294435.3125,5195.0
353325.6875,118785.703125
516709.0,94149.796875
372535.3125,95530.203125
293634.1875,5092.60009765625
338847.59375,117300.796875
545638.1875,146631.59375
565021.875,16267.599609375
269303.8125,8684.0
284200.09375,5834.7001953125
581087.1875,11017.599609375
493027.90625,141054.796875
598574.875,15165.0
273556.40625,4079.10009765625
400580.59375,163714.90625
445791.8125,150091.09375
250921.59375,7132.2001953125
443139.0,196911.09375
281496.5,3578.800048828125
302960.40625,7425.89990234375
302024.3125,6411.60009765625
270600.59375,8195.2998046875
304593.6875,30932.19921875
290935.6875,6318.60009765625
301352.6875,34839.6015625
299632.90625,8177.60009765625
285087.3125,7654.0
404626.09375,91319.203125
276704.0,5582.39990234375
508206.8125,52184.69921875
291856.6875,5663.7001953125
539973.625,56923.8984375
299394.40625,7939.39990234375
505255.5,107648.796875
597384.875,23254.5
324078.8125,118049.296875
282240.3125,6460.7998046875
532871.5,121445.203125
305335.8125,6279.7001953125
436757.90625,11118.900390625
251722.0,18109.80078125
286937.40625,8697.099609375
300837.6875,7371.7001953125
303966.5,7506.2998046875
299366.1875,8389.099609375
528784.625,106755.703125
293348.0,7327.89990234375
280383.40625,5390.2998046875
509087.3125,219511.703125
538829.8125,76866.703125
448819.3125,113799.296875
267675.0,7673.60009765625
465630.5,121060.296875
432910.1875,124100.703125
425713.0,93254.796875
428434.8125,131810.203125
298549.59375,10201.7998046875
557822.1875,61766.6015625
336188.40625,10055.099609375
297841.8125,7267.0
333783.59375,56648.69921875
299172.40625,8411.7998046875
405202.90625,124441.0
424659.40625,161174.59375
262612.8125,8618.7001953125
513323.3125,165713.203125
244729.703125,5211.7001953125
301393.59375,7683.7001953125
567712.0,12672.7998046875
290438.8125,8055.10009765625
584009.5,12835.2998046875
302049.09375,7842.2998046875
404678.90625,77910.203125
306681.3125,7720.7998046875
435254.0,154366.703125
268857.90625,95052.5
387661.6875,108885.5
481204.40625,17444.900390625
549936.625,125997.5
542135.0,122514.796875
285346.0,61099.1015625
270618.6875,8792.599609375
283048.5,7009.7998046875
253405.296875,7943.0
459906.5,260223.5
258271.203125,7731.2998046875
603225.3125,12473.400390625
291602.1875,51637.69921875
316367.0,6417.2998046875
304155.3125,6337.2001953125
384320.6875,113907.1015625
504127.6875,156332.09375
587015.1875,16226.599609375
523803.8125,187262.0
276307.0,6204.89990234375
309050.6875,7927.10009765625
303512.40625,8088.0
354320.3125,54425.19921875
471876.8125,47252.19921875
357899.1875,39456.69921875
475213.09375,14728.400390625
303837.3125,6336.60009765625
294481.09375,6358.2001953125
576264.5,77339.1015625
396041.0,204763.796875
569492.375,12626.900390625
572398.6875,17531.19921875
362147.0,80240.296875
586258.8125,11967.2001953125
532466.1875,11271.599609375
588278.6875,12734.599609375
286347.09375,11866.7998046875
286155.6875,4899.60009765625
288975.5,7277.89990234375
309089.1875,5878.60009765625
520809.90625,135560.0
535862.8125,150629.203125
548338.3125,321425.6875
296012.09375,7026.39990234375
562508.3125,12452.7998046875
390323.5,179392.09375
298712.0,5806.2998046875
558034.875,11977.5
554840.375,63277.19921875
591114.8125,13609.7998046875
498390.40625,17643.5
536853.0,178513.203125
567311.8125,65866.703125
302943.1875,5699.0
385690.90625,179467.90625
524395.3125,74289.203125
542517.1875,10393.099609375
305318.6875,5114.60009765625
292150.6875,5911.60009765625
287422.90625,58879.30078125
307539.40625,77713.0
369529.40625,216199.09375
444834.8125,99792.703125
532226.3125,69707.203125
265075.1875,47640.69921875
280596.09375,4923.7001953125
333410.5,37314.1015625
498413.5,116136.296875
301043.40625,24488.900390625
252771.5,7285.2998046875
267128.09375,8547.2998046875
291787.3125,5367.2998046875
282509.3125,4604.2998046875
270440.0,7284.7001953125
534863.375,72902.0
498209.5,120927.203125
303780.1875,7702.5
290264.5,9622.7998046875
389744.90625,105679.1015625
287810.8125,10021.7998046875
391501.5,69049.296875
411613.8125,125060.203125
486441.6875,172460.59375
290192.1875,6838.60009765625
596171.125,43279.80078125
585032.1875,13602.599609375
439871.40625,154668.09375
586826.8125,9476.0
274520.0,6286.89990234375
436239.1875,12662.099609375
285202.90625,5913.2998046875
594098.375,16223.599609375
312680.8125,12644.7001953125
291006.8125,8580.2001953125
310882.1875,8909.2001953125
458338.59375,215124.203125
291278.8125,4702.2998046875
362826.0,97056.6015625
264051.40625,6752.39990234375
271351.8125,4154.39990234375
600152.625,80947.796875
309332.90625,8859.900390625
354766.59375,67785.1015625
273549.40625,7581.10009765625
305758.40625,6433.7001953125
290927.1875,12320.599609375
447376.1875,167447.0
289910.6875,5948.5
269815.8125,6273.2001953125
290804.8125,6452.5
605158.625,15744.400390625
301234.09375,8025.7001953125
340530.1875,61155.69921875
531603.0,29269.0
595693.5,15500.5
499902.6875,197892.0
297178.8125,4758.89990234375
303689.09375,7076.7998046875
295717.90625,4725.2001953125
580359.1875,11113.0
315678.59375,53337.1015625
565758.375,38538.1015625
345239.3125,85029.6015625
314845.40625,74849.703125
300302.6875,8737.599609375
276118.5,7002.89990234375
541801.5,141218.5
551839.8125,161418.203125
549835.0,51041.80078125
366069.8125,113853.0
302226.09375,7442.89990234375
289747.59375,8489.7001953125
437842.1875,124754.703125
324475.5,11910.5
376732.5,8150.0
564694.6875,10187.5
394474.8125,158304.40625
534152.8125,13547.900390625
270422.59375,6088.2998046875
476339.6875,152168.5
283960.90625,4688.39990234375
414543.8125,100189.1015625
455982.90625,19090.69921875
259604.203125,5152.10009765625
417805.5,224636.90625
432098.5,84311.0
599726.5,12631.5
379048.6875,12609.0
562642.0,12480.7998046875
290480.3125,33767.0
273004.59375,5290.2001953125
257703.203125,7524.7001953125
409003.5,147295.0
272150.0,5521.0
303841.1875,6112.5
408199.8125,115786.3984375
312538.09375,9040.2998046875
328734.90625,45048.69921875
283191.6875,5365.0
370183.40625,68660.8984375
262419.59375,4595.60009765625
460262.40625,9042.7001953125
331153.0,56310.8984375
298099.1875,39403.0
278734.5,6831.5
606017.6875,121051.5
295704.3125,6812.2001953125
334619.3125,14236.5
409096.09375,109364.8984375
548152.625,8619.2998046875
289863.1875,6820.5
376109.40625,99275.8984375
279920.59375,9719.099609375
358693.90625,133419.59375
462412.3125,128516.1015625
561989.375,10633.7001953125
424343.0,120896.8984375
559608.6875,77517.0
267567.6875,4825.0
568404.3125,11227.2001953125
390843.5,20554.80078125
312362.3125,8849.0
286170.09375,6395.89990234375
364757.09375,134223.703125
501361.09375,103753.8984375
408295.1875,240918.203125
390570.6875,115038.5
624302.3125,24682.900390625
296895.40625,7248.2001953125
404972.09375,133553.09375
281630.40625,63658.1015625
412801.6875,111401.6015625
289433.5,5419.39990234375
567712.0,10553.5
539312.1875,149733.0
581463.3125,189210.703125
574989.5,10369.2998046875
516890.3125,12702.5
435130.59375,171024.40625
293116.0,5553.0
436841.6875,12383.5
576627.5,10787.2998046875
536054.1875,10426.0
288920.09375,14253.599609375
398570.8125,137978.796875
440658.40625,133131.5
334520.3125,53134.19921875
485017.6875,72454.296875
536445.5,44251.69921875
387108.09375,123794.703125
363710.59375,134704.703125
450854.0,162072.796875
289683.3125,11034.5
575209.3125,14219.400390625
324507.59375,52186.80078125
319867.40625,8164.2001953125
274020.40625,11949.900390625
489256.59375,80816.1015625
305759.40625,9204.099609375
268454.90625,5881.7001953125
377236.5,109062.8984375
283983.0,4941.0
303043.6875,54953.5
353255.0,70284.0
327433.6875,38055.5
504493.5,42062.80078125
312484.59375,112011.796875
589566.875,16028.7001953125
345671.6875,10135.5
308761.90625,58049.3984375
301430.90625,6990.10009765625
425532.90625,9981.2001953125
282261.1875,6774.10009765625
597030.0,24714.900390625
585325.0,84505.5
574825.5,14678.5
461038.1875,168055.5
573855.5,10879.7998046875
512397.59375,145063.90625
477077.09375,29491.69921875
309193.1875,10056.2001953125
285032.5,11220.5
595784.8125,16475.900390625
590100.0,13615.2998046875
521419.6875,9599.5
344755.09375,114009.6015625
515739.90625,94110.0
560450.8125,7464.2001953125
315137.90625,63123.19921875
600903.3125,12771.599609375
291864.0,6360.2001953125
577693.3125,28700.400390625
549296.625,8709.2998046875
323788.1875,34373.0
306997.40625,7531.10009765625
248819.296875,6601.60009765625
319927.90625,19456.19921875
289917.6875,6442.60009765625
329903.5,39054.8984375
270501.0,4146.5
535139.8125,117461.3984375
593634.625,14511.2998046875
293528.90625,4682.2001953125
505403.09375,246925.296875
282669.8125,7995.39990234375
260041.09375,4517.2998046875
587100.875,78752.8984375
482136.59375,14502.099609375
290057.09375,6143.2998046875
592146.875,21371.69921875
367900.40625,82161.203125
299973.6875,5954.60009765625
329108.5,25389.400390625
417360.5,106497.0
431081.8125,283624.6875
388594.3125,111897.0
311381.09375,6717.89990234375
314350.5,23052.5
311998.0,7678.5
302814.1875,6333.0
571052.8125,12419.900390625
512070.0,97436.296875
335144.09375,15473.599609375
243430.40625,6513.2001953125
484060.6875,27059.30078125
413129.8125,158095.09375
585190.0,12445.2001953125
289333.59375,7151.7001953125
486859.59375,91667.703125
431599.3125,123742.3984375
562003.125,127884.796875
548586.375,29755.69921875
531933.1875,56066.5
309393.40625,18158.900390625
296546.09375,6291.60009765625
245533.40625,6926.60009765625
295450.40625,7720.7001953125
320131.1875,56628.6015625
322181.0,10781.900390625
306267.6875,10641.5
594143.0,13538.0
267187.8125,75437.203125
270704.0,96146.796875
447543.5,172010.5
345595.40625,55108.1015625
469150.1875,150927.59375
373168.40625,137922.296875
281266.0,5309.10009765625
312159.8125,4571.89990234375
249354.703125,6973.2998046875
530519.375,89989.703125
564162.6875,13167.7001953125
244060.796875,6134.60009765625
290186.40625,7620.5
321569.0,28586.69921875
478368.5,107937.703125
516695.8125,88488.703125
355151.5,87045.6015625
506866.09375,140735.796875
261101.0,11747.400390625
305871.8125,5920.7998046875
318215.0,17118.900390625
356609.8125,69378.6015625
393275.40625,216955.703125
578662.0,16085.900390625
509326.8125,111475.6015625
597987.3125,12267.0
302895.0,6013.89990234375
332895.3125,38159.8984375
304253.40625,7300.60009765625
470693.0,86095.3984375
397431.1875,63869.30078125
435019.5,107295.5
281995.40625,6421.10009765625
493577.8125,57533.69921875
285153.5,4555.5
598191.375,12739.599609375
310657.6875,68165.1015625
561409.375,68345.296875
281815.8125,6939.89990234375
308365.1875,8183.10009765625
324391.1875,21768.0
561908.0,12627.7998046875
341535.6875,53241.30078125
306627.40625,7061.2001953125
556205.625,73612.6015625
530773.1875,11861.5
257303.40625,29511.5
569596.5,14729.2001953125
534932.5,66980.203125
255832.0,7865.10009765625
487214.6875,125104.6015625
605386.375,16524.80078125
320194.5,12826.599609375
281119.6875,4788.10009765625
246370.203125,4818.7998046875
362643.90625,88551.703125
393933.3125,115408.203125
416627.59375,153305.09375
484966.8125,12145.099609375
280736.6875,7243.5
416764.90625,15272.0
515738.8125,96425.703125
275442.5,6643.60009765625
418254.8125,111001.703125
275471.1875,5405.89990234375
523219.90625,12611.7998046875
308710.5,7960.89990234375
295794.3125,7606.2998046875
317256.0,11545.400390625
307273.3125,4898.10009765625
525513.0,157168.09375
255589.0,6739.89990234375
492110.8125,11850.0
289536.6875,7061.5
294302.3125,7454.7001953125
418563.5,19220.0
296053.90625,60760.1015625
292628.6875,7410.60009765625
467223.40625,113119.296875
580096.0,12110.7998046875
298083.1875,58442.80078125
484915.90625,57242.69921875
448111.8125,160790.703125
262438.5,6397.5
314523.40625,96083.1015625
552973.375,42532.30078125
452355.5,12902.599609375
469776.3125,97970.3984375
476833.6875,20997.0
390893.5,115056.796875
298041.1875,7675.2998046875
492011.40625,121292.703125
457125.90625,246885.703125
594438.8125,14608.2001953125
330633.1875,28887.69921875
357021.1875,8545.0
293479.40625,8477.5
308071.0,6777.7001953125
281382.5,8154.10009765625
303721.8125,19384.69921875
257061.90625,6253.10009765625
587531.1875,13057.400390625
400434.40625,112310.796875
287490.0,4798.39990234375
494266.8125,96422.296875
474209.59375,191804.5
535683.8125,11450.099609375
398142.0,87541.1015625
369798.1875,65369.30078125
466079.1875,103469.0
549519.5,9009.0
299053.90625,5289.60009765625
309355.1875,8623.099609375
251217.796875,14687.400390625
274224.6875,4739.10009765625
269145.1875,10121.5
284204.0,5069.7998046875
595435.375,12625.2001953125
341551.3125,83890.203125
553024.6875,12825.2001953125
395468.0,93839.5
439872.90625,76333.6015625
487408.1875,91795.6015625
281366.40625,6588.2998046875
339551.5,55736.6015625
550273.1875,26172.099609375
286552.0,5642.2998046875
390682.6875,140750.796875
278991.40625,5842.2001953125
297540.3125,5975.7001953125
500605.6875,137145.703125
296401.09375,11047.099609375
274034.8125,4874.10009765625
430587.6875,97846.5
349239.40625,53108.5
527287.0,11101.7001953125
333891.3125,15640.2001953125
587838.5,13583.599609375
289875.59375,84735.296875
468260.3125,123193.703125
288103.6875,4786.39990234375
606700.5,16134.900390625
297281.40625,8767.2001953125
322675.5,49584.1015625
577221.6875,12688.7998046875
275173.5,6558.89990234375
445708.1875,101440.5
297213.0,8508.900390625
506904.09375,96646.203125
318451.3125,12219.7001953125
446591.3125,87011.5
374309.6875,112124.8984375
277265.40625,5558.60009765625
330476.3125,46098.69921875
318810.5,55678.3984375
421411.1875,104765.796875
330148.5,13875.0
311029.40625,9313.599609375
281882.59375,7407.10009765625
284439.0,6560.0
330423.90625,109640.1015625
245069.203125,6207.10009765625
276384.40625,5800.2998046875
281837.0,6870.60009765625
302931.8125,7340.89990234375
296049.1875,8421.099609375
299327.6875,6824.5
293200.5,60809.30078125
575092.875,15085.2001953125
403950.40625,206348.703125
245794.5,5701.5
312458.1875,11589.599609375
452883.40625,65212.80078125
304989.1875,12732.099609375
528886.1875,13840.5
571465.5,154036.796875
476867.40625,216990.703125
393142.90625,104796.703125
467613.6875,10478.2001953125
478409.09375,157535.09375
344942.3125,85657.6015625
318003.90625,42355.5
477990.3125,91346.203125
555827.0,15552.099609375
572771.625,101362.296875
348836.8125,90732.703125
249798.90625,6106.10009765625
284715.1875,5935.89990234375
404650.40625,132678.796875
499136.0,11335.900390625
252145.59375,11067.5
368948.0,66132.8984375
277944.90625,5552.7001953125
442089.6875,77629.296875
552410.0,11636.900390625
543976.6875,191815.0
311303.3125,32555.099609375
310168.6875,9645.5
297887.0,7084.89990234375
363796.3125,104344.8984375
486810.8125,11153.7001953125
318532.3125,10704.5
499704.6875,82109.3984375
536101.375,7749.60009765625
303699.5,8337.900390625
299910.1875,7761.2998046875
581452.5,64150.5
277748.90625,7107.60009765625
269962.59375,6912.2001953125
592578.875,12964.599609375
567177.875,15835.7998046875
310290.5,10202.599609375
270698.1875,8475.099609375
276846.1875,17759.5
449494.40625,72957.703125
328405.40625,51565.19921875
548013.3125,9747.2001953125
582582.625,61294.6015625
426181.3125,150261.09375
316524.5,44482.5
537475.875,10315.7998046875
460935.5,99615.6015625
359517.3125,77394.3984375
553141.6875,11375.099609375
315515.1875,8592.2998046875
475266.59375,217572.59375
335285.3125,191251.09375
294830.6875,7573.0
319877.40625,8844.5
352446.0,66263.203125
267545.3125,59086.19921875
568245.5,12666.599609375
578331.3125,13697.7001953125
355949.40625,47080.1015625
514178.90625,183016.296875
421829.5,109410.8984375
383097.09375,64280.5
481283.0,31826.400390625
340331.8125,38308.1015625
421040.90625,102500.703125
311844.1875,14981.2998046875
284656.0,135019.90625
309553.6875,10450.0
410970.8125,81370.5
317285.1875,39653.0
548327.1875,15784.599609375
321596.40625,38123.30078125
291290.0,90731.6015625
339704.3125,53465.3984375
343090.6875,81909.6015625
313950.6875,19681.80078125
558486.375,92774.703125
578648.375,12845.7001953125
489144.90625,135982.09375
536846.1875,82082.6015625
275121.40625,8442.7998046875
321923.5,53121.1015625
302261.6875,36699.1015625
563173.6875,12063.5
570746.1875,13389.7998046875
285024.40625,5197.7001953125
433718.8125,7018.7001953125
294420.1875,6707.7001953125
386665.09375,102583.1015625
303691.40625,6514.0
291574.0,6346.2001953125
329037.40625,16105.099609375
271114.6875,7559.89990234375
431155.40625,110415.296875
586989.0,12988.400390625
511549.5,29623.900390625
392628.5,25511.599609375
297741.6875,5988.0
499559.3125,131389.59375
347216.6875,105456.0
251506.5,8262.900390625
493647.59375,116398.703125
301920.3125,8240.400390625
289154.8125,47136.69921875
328060.3125,23076.0
287283.1875,6829.7998046875
284213.0,7610.0
303973.40625,7086.60009765625
434204.59375,87546.203125
566654.3125,47576.19921875
250260.703125,5261.2998046875
292640.1875,8868.2998046875
259656.0,37046.1015625
302269.40625,6851.7998046875
300481.3125,6595.89990234375
554308.625,165786.203125
248579.703125,62936.80078125
420793.59375,114531.8984375
295417.1875,69792.5
494550.1875,103869.8984375
382812.3125,103589.6015625
596533.375,11399.599609375
552501.875,97940.3984375
268531.5,3810.39990234375
488153.5,9646.0
380446.40625,73697.1015625
470368.5,67455.1015625
269674.8125,5510.89990234375
292862.1875,7384.60009765625
279599.5,32675.30078125
342777.6875,63913.80078125
539885.875,69900.703125
579508.375,11831.2001953125
310875.8125,15240.7001953125
568141.6875,11982.7001953125
337492.1875,22735.80078125
327487.09375,64602.1015625
288757.8125,7829.10009765625
304242.8125,7212.5
294828.3125,6951.89990234375
262201.09375,6389.7001953125
564418.125,17948.69921875
248270.296875,6068.7001953125
529007.375,104008.0
478986.90625,138412.0
549157.375,8066.2001953125
293121.90625,6115.39990234375
457100.40625,10929.2001953125
312139.8125,9418.400390625
488248.90625,110387.3984375
262364.1875,7724.89990234375
258760.203125,5831.2001953125
592925.8125,14101.900390625
298902.59375,13573.099609375
296768.59375,8557.400390625
338939.40625,59435.8984375
306955.8125,25496.5
300692.5,7780.89990234375
311601.6875,9874.2998046875
308965.5,89469.296875
463978.90625,144315.296875
328495.59375,33336.0
275266.0,4717.7001953125
563820.0,11556.2998046875
299566.3125,6966.60009765625
538111.125,87575.296875
305663.1875,7420.2998046875
305311.3125,7035.10009765625
326760.59375,19474.5
534298.3125,148303.0
301516.8125,7813.39990234375
286666.8125,4889.5
598992.125,12167.7001953125
461947.8125,112268.203125
376736.90625,159250.703125
413604.6875,87803.3984375
291905.8125,8191.10009765625
300684.1875,7722.60009765625
350594.5,11323.2001953125
288270.90625,5192.89990234375
302542.40625,6570.7001953125
306249.6875,9214.7998046875
371222.8125,82330.1015625
349906.59375,78319.5
396527.09375,123971.203125
309500.3125,11675.5
561116.625,13277.2001953125
390857.3125,86882.203125
555874.6875,7759.39990234375
312052.6875,38889.8984375
281369.1875,4465.10009765625
306880.90625,7375.39990234375
566121.3125,12681.900390625
300646.90625,7488.5
280358.90625,5503.39990234375
271509.1875,6241.89990234375
322105.59375,54467.80078125
401452.8125,88288.3984375
290781.59375,7813.10009765625
282367.09375,5210.89990234375
348380.40625,244386.90625
451388.3125,156672.5
577421.8125,10133.7001953125
586402.1875,12146.400390625
504545.90625,131160.703125
351774.09375,80425.203125
351662.0,55363.8984375
333391.1875,27318.30078125
526132.0,10763.2998046875
301420.5,6491.89990234375
548425.125,56545.0
508289.3125,95428.1015625
608681.3125,28056.80078125
461970.09375,109832.296875
295154.1875,8014.10009765625
296455.0,16855.80078125
345923.5,95115.0
546903.6875,10810.900390625
347748.90625,23126.30078125
266245.6875,62197.3984375
394873.09375,81776.0
346775.8125,99852.0
307355.09375,7158.7001953125
587960.8125,15407.5
563234.125,13791.2001953125
453492.3125,139572.203125
573732.375,13440.0
294961.40625,9764.7001953125
322050.1875,38225.8984375
272010.6875,10374.7998046875
328926.59375,35731.6015625
331473.3125,49132.1015625
297669.09375,54577.0
588377.3125,12581.0
299536.8125,5927.39990234375
271795.59375,59606.69921875
542326.625,36598.19921875
554017.875,88779.5
406599.40625,82870.0
284536.90625,5893.2001953125
304121.1875,11777.900390625
354802.3125,58421.1015625
273833.5,7239.7001953125
591796.875,15514.400390625
275516.40625,9670.0
388707.1875,109571.3984375
304291.09375,10779.900390625
579501.3125,13046.400390625
420340.59375,134357.09375
309094.59375,10467.400390625
285871.90625,6817.39990234375
335304.1875,100019.8984375
589559.875,15809.2001953125
258365.5,5653.39990234375
326387.5,65079.80078125
262854.1875,4716.2998046875
519802.09375,103890.0
309223.3125,6229.5
302753.8125,7516.89990234375
380013.09375,103397.703125
295716.8125,7291.7001953125
379590.1875,51741.8984375
309785.90625,8477.5
296756.90625,6255.7001953125
295085.1875,7108.89990234375
584352.3125,11864.099609375
307720.1875,8172.60009765625
341509.0,81268.703125
300344.40625,10106.400390625
288129.90625,10312.7001953125
544224.8125,124809.8984375
321973.09375,101004.6015625
395398.3125,12426.599609375
386805.09375,88058.0
278425.3125,7486.5
283075.8125,90995.3984375
577966.125,13843.7001953125
503605.3125,130805.5
401802.8125,157018.203125
471811.90625,86917.0
313250.6875,7682.89990234375
586143.875,12862.0
568014.375,12748.7001953125
310091.6875,43437.3984375
323868.3125,59801.6015625
291733.6875,18079.099609375
253161.5,9646.7001953125
306190.40625,8046.39990234375
288838.40625,9129.7001953125
281534.40625,20273.5
546401.875,81541.3984375
279340.6875,8602.900390625
350390.59375,139003.40625
310781.1875,7522.7001953125
545877.125,10935.599609375
417533.59375,126354.3984375
328976.90625,18205.900390625
556993.8125,78376.703125
293921.6875,6491.39990234375
302435.59375,6176.2001953125
562238.375,10439.2001953125
387977.59375,128789.703125
308808.0,6824.89990234375
524990.1875,112350.296875
492261.90625,255531.203125
369329.5,76395.8984375
449138.09375,177594.0
282315.0,5533.2001953125
296373.59375,8570.099609375
319822.8125,44542.1015625
278197.59375,89475.5
578512.3125,14924.5
414047.3125,129883.3984375
284914.09375,53014.69921875
414849.09375,186177.703125
576448.8125,13672.7001953125
313683.40625,15451.0
301966.6875,9083.900390625
282181.0,5909.2001953125
317207.90625,9867.7001953125
298969.8125,11687.900390625
365161.90625,110127.8984375
462625.09375,68598.796875
573165.125,13131.900390625
318218.6875,11274.7998046875
326604.59375,9188.599609375
596641.8125,28415.099609375
318593.09375,13580.5
264271.8125,52390.0
249905.09375,73490.203125
266243.8125,7585.5
306112.8125,5947.7001953125
310216.40625,6405.5
584454.1875,12502.400390625
449399.90625,134487.5
247981.90625,5778.2001953125
286080.8125,6859.60009765625
292520.0,99026.703125
328790.40625,54260.8984375
272044.40625,6124.2001953125
321224.40625,7495.0
558947.125,107858.796875
411122.59375,134816.90625
572798.8125,55288.8984375
510881.09375,159339.09375
529096.875,105730.8984375
302356.8125,21969.5
543488.3125,105096.203125
427215.1875,115442.8984375
370745.09375,79074.203125
363492.6875,12358.7998046875
369907.8125,106723.1015625
284021.59375,5645.5
358079.3125,100641.0
584958.3125,47441.0
257337.203125,8421.400390625
521684.90625,71745.0
359458.6875,138013.40625
595539.8125,14667.599609375
297285.5,18560.19921875
453232.90625,15227.400390625
318879.40625,43063.19921875
541416.375,76381.0
509211.6875,120726.8984375
298254.09375,6821.7998046875
576262.6875,125247.203125
496728.8125,158442.40625
437388.59375,157498.59375
527389.625,115930.6015625
305914.3125,6898.60009765625
303358.59375,7906.5
433758.8125,207282.0
589413.875,11042.5
451427.1875,107878.3984375
484251.90625,117040.0
525465.1875,13931.400390625
349741.1875,123538.6015625
261553.0,6672.2001953125
285658.8125,8374.400390625
444156.40625,107897.5
362186.90625,85975.3984375
298867.1875,7616.89990234375
278929.09375,4789.7998046875
434285.59375,105209.3984375
435096.1875,147292.703125
438806.3125,106519.3984375
481170.90625,210187.40625
528984.3125,15381.0
532807.6875,9436.900390625
304545.59375,19209.69921875
435187.5,19773.900390625
280568.40625,7108.2998046875
301125.40625,6625.2001953125
364483.0,67202.203125
608815.5,12171.7998046875
361010.8125,105995.1015625
293679.1875,7089.2998046875
332196.09375,109447.6015625
534558.8125,35941.6015625
303702.09375,19603.5
324158.3125,11935.5
377393.8125,106427.8984375
517012.59375,208149.703125
302006.3125,7822.2001953125
435383.40625,132153.0
300021.1875,14843.400390625
302467.90625,7226.5
414522.6875,14387.400390625
616215.3125,14297.599609375
532770.6875,195610.59375
535060.625,30413.599609375
287632.8125,7139.10009765625
572771.125,104141.5
481734.8125,47949.5
456773.3125,99384.3984375
283253.59375,5788.2001953125
525429.8125,54074.5
479892.59375,133183.703125
273827.8125,22087.69921875
297348.40625,6911.5
593470.375,15095.5
515181.6875,133634.90625
327303.8125,10106.099609375
319774.90625,14468.2001953125
412526.8125,115004.3984375
487067.90625,255198.5
288861.40625,11377.900390625
304944.09375,48586.8984375
292307.6875,9882.2001953125
294218.8125,8650.400390625
270898.09375,6368.60009765625
285663.09375,5897.39990234375
374629.8125,132175.703125
528753.1875,109792.8984375
569860.875,12700.7001953125
309839.09375,23847.69921875
282464.0,6185.39990234375
498310.1875,18970.80078125
434643.40625,166131.296875
334904.09375,63658.0
261927.0,6214.7001953125
286474.0,7467.7998046875
295122.8125,8674.599609375
282866.3125,5211.7998046875
301468.8125,7919.7001953125
295426.59375,5326.10009765625
458426.3125,146840.09375
508931.59375,113712.0
273127.3125,5248.5
527607.3125,10953.400390625
398486.59375,107895.703125
298089.8125,8968.0
332344.09375,52102.19921875
254264.296875,8260.2001953125
282602.90625,7811.2001953125
253592.203125,6349.39990234375
286284.3125,8178.10009765625
572733.875,11820.7001953125
293871.8125,6917.39990234375
373465.40625,127453.5
304357.90625,6565.39990234375
390093.09375,132044.796875
425746.59375,117683.3984375
573216.6875,44340.69921875
354753.3125,59097.3984375
395907.09375,81189.6015625
294806.59375,5016.89990234375
283154.90625,5293.39990234375
506439.8125,74633.0
249246.796875,7016.7001953125
662408.1875,155730.90625
369872.09375,112192.703125
357757.6875,99379.296875
279216.8125,6347.5
574284.8125,17203.400390625
320277.8125,9866.5
486497.09375,131938.203125
450811.1875,16304.900390625
298962.90625,7668.0
285800.90625,6695.2001953125
295207.1875,4723.60009765625
352145.5,188798.703125
364586.90625,51789.19921875
341402.8125,123375.3984375
552157.6875,127317.296875
289563.8125,7901.60009765625
545354.625,78899.5
293649.8125,20706.0
542041.125,12626.7001953125
268462.8125,4450.0
296097.09375,7708.2001953125
568016.3125,82557.703125
489181.90625,124242.5
337721.40625,7552.0
289539.90625,18782.69921875
411045.6875,176787.90625
447770.3125,24481.599609375
259234.703125,10480.599609375
319454.5,30788.69921875
289061.90625,8139.39990234375
277406.90625,7457.2001953125
492342.3125,109450.3984375
293217.90625,10188.0
356396.90625,127208.8984375
307539.1875,116098.8984375
323529.09375,76698.296875
385284.09375,82654.8984375
570497.625,12381.400390625
387995.40625,97988.3984375
554207.8125,13380.5
294108.6875,5889.39990234375
387426.40625,103306.203125
328893.09375,36879.19921875
290739.6875,6554.2998046875
258294.0,6141.2998046875
567833.375,149795.296875
555834.875,14179.2001953125
512768.5,154189.40625
587565.125,11419.5
590069.8125,14344.599609375
311513.8125,8072.7001953125
296138.3125,44422.30078125
418262.09375,11123.900390625
235420.59375,4940.7001953125
437745.6875,228160.5
306958.6875,8337.2998046875
325390.59375,133838.09375
321651.90625,13280.0
337449.59375,82890.203125
297673.3125,6898.39990234375
276663.40625,6250.7001953125
579872.1875,61902.0
299012.40625,5786.39990234375
437833.59375,76926.0
494165.5,128494.203125
383465.09375,140180.5
534818.375,160180.59375
301639.09375,5719.7998046875
299438.59375,7720.39990234375
300938.40625,7558.7001953125
361149.6875,59473.5
282586.1875,5078.7998046875
261787.5,7902.39990234375
295242.0,6134.89990234375
331795.59375,110997.0
480914.59375,140308.703125
555174.125,25109.30078125
286785.90625,6376.7001953125
358171.40625,67617.203125
282570.40625,8510.400390625
336308.09375,16705.5
499241.59375,104166.5
288394.3125,8825.400390625
281612.5,6058.60009765625
597042.0,11818.400390625
303831.3125,6937.89990234375
305076.3125,8240.7998046875
307893.59375,7414.5
539378.375,49420.3984375
252406.09375,6423.7998046875
567985.625,13072.900390625
542817.875,99080.703125
374765.59375,105637.203125
575894.1875,12612.2001953125
409199.40625,143649.59375
453569.3125,111429.3984375
315475.0,9886.900390625
602889.125,14573.2998046875
295103.59375,82211.5
580994.125,11858.2001953125
296183.09375,9329.7001953125
266352.59375,35283.80078125
447019.90625,175760.203125
595568.6875,12012.5
308040.59375,8195.5
335739.0,62705.19921875
295793.59375,6595.0
393427.8125,106640.3984375
504064.5,154704.09375
359053.0,68154.8984375
265136.8125,7199.39990234375
285313.40625,4642.60009765625
584003.375,12968.900390625
288455.09375,5954.89990234375
302462.09375,11400.2001953125
510948.1875,114172.203125
299944.1875,71131.0
286340.0,8704.400390625
298151.8125,8676.900390625
305132.0,6313.39990234375
302791.09375,7536.2998046875
273381.09375,5143.5
473979.40625,22233.5
374038.8125,84251.8984375
256130.59375,7512.7001953125
481009.90625,96788.703125
402247.40625,213138.59375
580508.6875,16228.7001953125
296695.6875,6103.7998046875
403569.40625,158110.59375
386729.5,154569.40625
543821.625,68421.1015625
296695.5,7423.89990234375
461828.09375,87039.0
312564.40625,9675.0
579109.125,12685.2001953125
603160.3125,14076.900390625
605034.125,12284.7998046875
279695.1875,6339.0
285229.40625,51699.3984375
527330.125,104979.5
293825.0,7485.7001953125
284391.59375,6498.5
334494.8125,30738.400390625
268813.0,6745.10009765625
401254.3125,94023.3984375
303285.0,7270.60009765625
597478.625,12695.2998046875
569926.625,7652.39990234375
235434.90625,58425.19921875
567455.625,13834.7001953125
318307.1875,14688.5
288954.90625,7082.10009765625
278731.0,6747.39990234375
297616.8125,5837.39990234375
585287.5,14255.400390625
309263.40625,32911.6015625
596702.625,13466.900390625
285999.6875,6055.2001953125
659227.6875,153114.5
355082.6875,102043.796875
311793.40625,11241.599609375
579695.625,34256.6015625
534803.625,129909.703125
330563.3125,14187.400390625
322010.1875,84239.0
400593.59375,94527.0
353157.5,50710.69921875
312872.09375,11835.5
263513.0,3727.60009765625
286498.90625,6508.60009765625
272396.40625,5910.89990234375
297648.40625,6866.7001953125
299012.09375,6786.2001953125
405132.6875,96789.0
313563.6875,7653.7998046875
313119.5,16448.400390625
297198.90625,8555.599609375
309009.90625,6394.39990234375
588240.125,11689.400390625
262717.6875,7499.2001953125
307091.40625,12595.599609375
250115.5,6870.89990234375
303205.59375,75725.6015625
466982.8125,80382.3984375
427681.09375,16869.0
350647.09375,42127.69921875
603901.3125,13106.400390625
522720.59375,11694.7998046875
337921.90625,57001.69921875
420594.1875,119032.0
279962.90625,6514.89990234375
314028.09375,17308.0
286037.0,7367.2001953125
434544.3125,19676.900390625
308261.0,40092.1015625
313239.5,11612.400390625
432038.8125,123525.8984375
261558.796875,5704.2998046875
508044.90625,162595.09375
607093.125,14494.7998046875
568988.125,9250.400390625
362059.40625,106206.703125
393275.59375,69201.703125
475351.1875,104061.0
324152.90625,82505.1015625
489932.09375,133413.09375
306663.3125,9770.900390625
241820.5,5547.89990234375
582479.125,103471.796875
308806.09375,8508.0
587883.875,11745.5
287532.59375,5745.7001953125
474663.3125,136194.90625
298907.09375,7919.2998046875
307597.40625,8274.7001953125
350321.90625,50363.19921875
391562.90625,109516.6015625
561356.375,30135.900390625
560246.125,68788.796875
435337.09375,186560.90625
321831.6875,98631.703125
386996.1875,65643.0
295373.1875,7335.2998046875
530514.5,7226.39990234375
532700.625,10835.599609375
471497.59375,11326.5
387887.90625,110692.5
328453.09375,87472.203125
305932.8125,24397.400390625
302568.59375,8199.7001953125
335980.09375,71337.796875
306528.90625,6466.2001953125
284084.40625,6816.2001953125
282191.40625,8092.89990234375
365625.59375,133848.0
313831.0,17043.599609375
459122.0,122123.3984375
294262.3125,8126.39990234375
261432.796875,7480.2998046875
567964.0,12053.099609375
349561.09375,77036.0
404776.8125,30365.69921875
498550.5,180357.203125
282452.40625,5766.89990234375
520612.40625,58400.3984375
579141.625,14235.7998046875
493194.6875,121352.5
427478.6875,15102.2998046875
541824.5,78972.8984375
295024.40625,37842.6015625
303890.59375,6617.2998046875
557968.875,8031.7001953125
472581.09375,150207.703125
262185.0,3698.89990234375
380511.1875,87952.703125
583240.8125,21475.099609375
260679.09375,4645.5
290915.09375,7439.2001953125
292159.90625,7633.0
322640.3125,9649.5
264145.90625,6627.2998046875
326414.40625,72972.203125
254964.0,5878.0
366892.90625,98109.6015625
414389.0,142392.296875
267253.0,19191.400390625
575694.1875,96336.203125
290487.8125,35269.1015625
569152.1875,13318.400390625
541998.625,141519.0
250730.59375,8446.2001953125
608228.875,15242.0
296636.90625,14291.2998046875
295658.90625,113336.703125
295622.40625,6788.10009765625
304538.6875,7167.2998046875
266009.90625,6314.2001953125
457356.0,83423.5
562814.8125,13215.599609375
318573.09375,10218.2001953125
377681.3125,135915.59375
305145.6875,46657.19921875
446227.59375,118776.296875
565186.625,56216.8984375
435584.5,30561.80078125
274871.1875,6863.2001953125
349104.3125,63176.6015625
293779.6875,8090.89990234375
303410.59375,11284.5
391578.90625,194653.5
351707.5,96749.5
295360.90625,7732.60009765625
301825.90625,8129.7001953125
446958.09375,147285.203125
311619.0,48852.0
312175.3125,49956.6015625
273265.0,5469.60009765625
536285.625,136108.296875
342061.0,52884.0
313008.0,6236.7001953125
290745.3125,6159.7998046875
566726.6875,11377.7998046875
563657.5,41970.1015625
601239.5,13877.2998046875
397688.1875,87964.8984375
264283.09375,75945.203125
496568.40625,120249.5
258311.296875,10952.5
437220.90625,161187.796875
300417.90625,6352.2001953125
296436.0,6711.5
608070.3125,15120.099609375
292095.1875,11663.7001953125
572598.3125,82770.6015625
290944.1875,6908.7001953125
260827.796875,10578.599609375
276511.09375,5969.0
454694.40625,91408.0
291206.90625,6647.7998046875
281483.40625,5721.7001953125
314089.90625,6406.60009765625
383936.6875,182599.296875
478433.90625,13031.2001953125
335106.0,17129.5
560013.3125,142410.59375
424669.59375,90133.703125
293554.1875,7575.7001953125
300637.59375,46496.19921875
339501.5,81087.0
383478.0,30456.0
285251.3125,6556.60009765625
330113.90625,77276.0
327749.8125,77086.0
326405.90625,52085.30078125
507094.40625,28463.69921875
572148.5,104827.5
617989.875,15954.599609375
461233.1875,125776.296875
310836.5,16981.5
298256.3125,9338.099609375
389834.09375,118061.203125
530498.5,59743.5
509159.8125,67803.1015625
355378.5,92539.1015625
357712.1875,144692.203125
248538.59375,77976.796875
294563.5,7329.0
443416.3125,136744.0
560650.8125,69730.203125
291242.6875,5716.60009765625
263654.3125,7458.2998046875
320117.1875,10575.7998046875
338417.0,52581.6015625
314192.09375,65717.203125
573554.5,14071.5
274534.09375,5922.0
296754.40625,8703.7998046875
570128.375,23139.80078125
304915.0,7612.2998046875
593089.0,17393.900390625
333865.1875,22418.69921875
542952.3125,12707.599609375
255266.59375,6937.0
456312.09375,164872.703125
460630.40625,10338.2001953125
292659.5,5567.0
282510.40625,8231.7001953125
292102.3125,7478.60009765625
359255.59375,206354.203125
305252.1875,9532.7001953125
394905.8125,58179.1015625
323320.1875,13560.7001953125
298971.59375,7266.89990234375
600277.3125,15759.5
296770.5,6475.2001953125
441074.3125,124908.703125
331135.6875,43860.1015625
291593.8125,16679.80078125
485723.1875,45597.30078125
315995.0,44410.8984375
271405.1875,102323.703125
277860.3125,5159.60009765625
447468.1875,112851.8984375
252737.09375,7467.0
535662.625,138555.703125
308362.40625,8815.0
265568.3125,5351.0
368648.90625,55873.19921875
577446.0,12202.0
605104.1875,15357.2998046875
411651.90625,116366.203125
432349.3125,27420.599609375
562149.6875,127233.203125
334507.5,141283.0
289091.0,4793.10009765625
553975.125,121275.796875
341998.5,75224.0
500132.09375,98293.8984375
554522.5,12710.7998046875
282393.0,5547.89990234375
300698.8125,23606.099609375
268382.1875,7484.89990234375
397349.40625,99944.0
606028.3125,15765.5
277452.90625,3812.800048828125
348193.40625,57376.19921875
317614.40625,12161.7001953125
480085.0,167311.5
268810.6875,24874.69921875
565842.125,72745.703125
272951.0,6633.0
322321.5,79890.6015625
406149.6875,167586.703125
282112.0,4197.0
467480.09375,113204.3984375
562014.8125,115994.0
322003.5,7934.89990234375
243290.296875,5060.60009765625
340150.1875,71903.3984375
479570.59375,122234.0
427905.09375,75222.703125
489610.8125,103750.5
473411.90625,110150.296875
293727.90625,5737.2001953125
373593.5,7820.5
285179.90625,7899.10009765625
342510.1875,90975.796875
355102.0,106842.5
300954.3125,5644.60009765625
427482.59375,132731.203125
561796.1875,14563.7001953125
423940.59375,154891.703125
260118.0,6839.5
297141.5,6956.60009765625
535871.625,38028.80078125
588495.5,13187.0
285175.0,7078.89990234375
281286.6875,7553.7001953125
264194.8125,7872.60009765625
288293.09375,7513.7001953125
321226.90625,52454.5
320352.3125,34721.0
337984.40625,54484.69921875
304769.40625,7679.10009765625
315932.6875,39744.30078125
297858.40625,13088.7001953125
374770.8125,101043.1015625
431502.1875,179476.703125
374663.5,132352.5
353211.8125,78935.1015625
361170.1875,81992.703125
303169.5,13054.5
284908.59375,6611.39990234375
296239.0,5744.7998046875
349543.0,94605.8984375
312201.1875,16149.2001953125
294860.09375,6699.2001953125
288763.8125,6726.0
345588.90625,68723.1015625
431358.1875,206494.796875
548406.875,11895.7001953125
379300.5,80695.0
587068.3125,16178.599609375
332076.09375,85078.703125
568557.6875,12428.2001953125
306359.59375,93574.203125
308046.5,22279.5
283726.0,5011.39990234375
313523.1875,120701.703125
260615.296875,7641.60009765625
268538.09375,6122.5
462757.40625,152538.0
271704.3125,5205.5
310409.40625,7695.2998046875
281407.90625,6850.7001953125
493490.0,155921.5
507367.1875,28250.30078125
271611.40625,7374.2001953125
266816.3125,8986.099609375
498922.59375,186782.703125
297324.6875,7429.7001953125
569113.125,125640.703125
584868.125,31404.30078125
562827.625,156356.40625
547365.8125,11764.0
354691.3125,55211.19921875
271544.5,4771.2998046875
317764.5,49260.3984375
364291.8125,66392.1015625
516068.6875,124816.3984375
260040.59375,5217.0
294579.09375,6178.2001953125
289936.90625,6841.5
321645.3125,11163.0
376557.40625,82717.296875
385796.40625,97956.1015625
397153.90625,122337.203125
550996.0,97788.0
561594.3125,76760.6015625
291865.09375,6197.2001953125
573985.1875,16595.19921875
293444.59375,8701.7001953125
289273.3125,12364.599609375
339058.0,46209.6015625
575435.6875,38562.69921875
379084.5,9170.5
277646.09375,5588.89990234375
572937.8125,13142.5
405381.0,95542.703125
335277.3125,87280.703125
356077.6875,98239.1015625
324686.8125,49672.30078125
300127.3125,10038.0
260856.59375,4098.7001953125
370924.0,94266.5
302301.90625,8018.7998046875
284892.6875,9285.099609375
299243.90625,7354.7998046875
419919.1875,107311.1015625
289188.90625,6270.5
248551.0,10873.2998046875
358554.5,67903.3984375
284686.8125,5550.10009765625
397996.6875,171348.40625
488698.90625,14500.5
407133.3125,97913.0
541996.875,13388.2001953125
549081.5,16052.5
251815.40625,4857.10009765625
422045.1875,113807.296875
243931.0,44498.5
300970.1875,6441.7001953125
330597.3125,81584.1015625
476989.5,153388.40625
474315.6875,10963.7001953125
338745.6875,13036.900390625
431674.59375,96303.0
537472.125,123618.203125
265696.40625,8041.0
326701.40625,84947.796875
307465.5,23706.5
306915.40625,7947.60009765625
319576.1875,43996.30078125
280534.90625,5067.7001953125
565899.8125,11644.599609375
336571.09375,76721.203125
455190.1875,14608.7001953125
498021.09375,204920.703125
288269.5,4999.5
537895.3125,13592.099609375
479185.0,140267.09375
589922.6875,14178.7001953125
296032.59375,6979.2998046875
387003.0,7755.5
366311.09375,73692.3984375
376214.1875,124955.6015625
361957.8125,99712.5
350521.09375,95363.203125
302583.0,7991.0
277343.40625,5086.7998046875
304049.09375,9941.0
390277.40625,100826.796875
487109.6875,116387.6015625
341490.1875,99181.703125
383058.6875,117438.5
293743.90625,6186.2001953125
405762.0,67962.703125
403524.3125,131629.90625
243254.40625,9624.7998046875
585285.875,17913.5
541832.375,64111.3984375
326733.0,34189.19921875
301448.40625,7022.5
360834.3125,69553.203125
453762.8125,193005.90625
273026.8125,6437.2001953125
278729.5,8743.2001953125
305697.09375,10030.5
575471.875,11958.099609375
508634.90625,12780.2001953125
456835.0,134925.703125
567011.8125,81261.8984375
296041.90625,8015.5
587892.6875,14697.900390625
270852.40625,6031.89990234375
281443.0,47740.69921875
272446.40625,6361.5
305141.8125,8802.900390625
495365.90625,14567.599609375
534891.3125,63081.69921875
305459.0,8683.900390625
375601.5,87665.203125
295002.6875,9386.900390625
557530.3125,31115.5
570152.8125,10591.0
530821.6875,48492.3984375
291210.40625,7004.5
615255.375,23883.400390625
328985.59375,12339.400390625
404970.09375,126551.796875
279215.09375,5830.10009765625
298326.3125,8611.599609375
388054.3125,113762.703125
302369.6875,7951.7001953125
360679.40625,89104.1015625
320760.90625,78452.703125
263346.0,6190.2001953125
306695.3125,8482.400390625
394309.90625,118826.0
526331.8125,131639.703125
310374.40625,10208.900390625
362949.0,8813.7001953125
366481.90625,136031.5
354753.3125,92101.3984375
370745.40625,118347.1015625
300102.6875,8765.900390625
300482.09375,7751.0
394321.8125,7911.2998046875
498305.8125,178560.703125
277035.1875,4338.89990234375
574458.5,11533.0
399217.09375,69393.1015625
301728.3125,7766.60009765625
297472.8125,7209.2001953125
601037.6875,13746.2001953125
592582.375,13396.599609375
599733.375,14299.7001953125
269502.5,5325.2001953125
306473.8125,6796.2001953125
292052.6875,7005.89990234375
552204.375,11709.400390625
298476.3125,5879.2001953125
286145.8125,6906.39990234375
332000.90625,58929.1015625
597620.8125,13439.2001953125
503673.5,17398.400390625
339295.5,100256.203125
287730.6875,6288.39990234375
427171.09375,120184.0
395748.8125,146105.0
561431.1875,70398.8984375
314922.09375,138792.90625
299173.59375,7251.10009765625
496937.3125,239541.09375
251695.296875,8014.2001953125
581886.1875,79873.796875
413158.6875,139055.90625
271209.5,5668.2001953125
507990.1875,158853.296875
578080.375,12521.099609375
343481.90625,82616.796875
595915.375,14947.5
265383.3125,106958.203125
392587.90625,120407.8984375
545335.0,100531.203125
535136.375,8737.0
513307.8125,132017.203125
446416.3125,106926.3984375
301993.8125,6200.7001953125
469015.0,146441.40625
500419.1875,146950.90625
248458.796875,6442.7998046875
513971.8125,125501.703125
297630.1875,13261.900390625
311086.40625,7243.0
277605.40625,5570.89990234375
430604.09375,250031.90625
307370.3125,9177.099609375
537313.8125,94478.703125
577823.6875,8628.2998046875
428810.6875,5682.7001953125
303125.0,35680.19921875
323395.0,111684.5
530322.875,130148.5
373598.3125,136089.796875
278172.59375,5641.2998046875
550294.625,89504.6015625
551127.0,12323.400390625
302459.5,10205.5
301184.09375,10819.099609375
485890.40625,14747.2998046875
513379.40625,95207.0
367601.59375,78866.203125
517655.90625,138226.09375
292390.90625,7244.7001953125
561273.375,12669.7001953125
441964.40625,153602.59375
280714.90625,4578.2001953125
475675.0,158548.203125
510371.90625,10467.5
326639.3125,161799.203125
378434.40625,102379.3984375
298723.0,6220.2001953125
331996.3125,42503.19921875
377947.40625,78352.6015625
299749.3125,9038.2001953125
368088.0,107313.203125
393367.09375,93487.5
406448.8125,352449.5
545842.3125,76955.296875
285093.40625,5162.0
538249.875,127284.8984375
376168.5,85111.703125
318843.8125,28644.19921875
597544.875,11687.099609375
295447.3125,9007.2001953125
307126.0,13170.900390625
294556.5,9102.7001953125
388228.59375,113420.5
294711.3125,6279.0
308689.8125,13967.0
547979.6875,15918.400390625
270186.40625,5254.0
473881.40625,84100.3984375
280604.09375,7492.39990234375
373217.09375,78708.796875
295385.8125,5904.10009765625
291750.6875,8184.39990234375
538600.0,119626.703125
471237.1875,14589.7998046875
298174.09375,6327.0
448681.40625,78351.5
477387.3125,17339.30078125
300918.40625,7030.10009765625
277365.40625,6593.7001953125
303017.0,6777.7001953125
418974.40625,127394.296875
432528.40625,126794.5
483416.1875,109859.3984375
371996.40625,131178.40625
408497.0,119297.203125
601049.375,16560.5
308330.90625,6339.60009765625
307170.3125,9061.7001953125
394863.5,104596.8984375
586360.0,19172.69921875
567643.6875,11042.400390625
285124.59375,5954.5
281118.0,4898.7001953125
290540.40625,5935.2998046875
601670.6875,12441.400390625
293638.40625,11039.900390625
279811.8125,5918.2001953125
300852.40625,8594.599609375
394676.59375,239706.0
259299.296875,9552.5
546688.8125,83211.796875
273303.1875,5063.39990234375
310371.5,9486.5
274767.40625,5296.0
510767.09375,114974.3984375
311298.59375,53032.30078125
581874.8125,12341.099609375
274713.3125,10223.2001953125
550023.6875,72399.296875
285036.6875,7120.7001953125
486513.5,166377.703125
302352.1875,6287.2998046875
313867.59375,18151.5
588138.375,12771.5
517586.3125,173079.296875
314771.59375,28257.30078125
404912.90625,89457.203125
285547.0,6225.2001953125
343300.40625,50404.80078125
400995.90625,127579.0
297998.3125,16664.19921875
275065.1875,8471.400390625
385536.5,126248.703125
560486.375,11050.5
485524.3125,163518.703125
243583.796875,50725.8984375
294992.5,5158.89990234375
392162.6875,121367.8984375
498376.3125,105395.5
575421.8125,16733.19921875
562366.6875,76302.8984375
294213.5,5157.0
511254.40625,124253.6015625
299761.0,5997.7001953125
543381.3125,92217.3984375
558192.875,91615.796875
346154.90625,236150.0
474751.8125,85140.703125
298208.6875,7652.39990234375
562253.875,12399.0
275521.90625,7283.10009765625
298550.3125,5734.7001953125
546868.0,12352.900390625
364280.0,75780.703125
287212.1875,7192.39990234375
378633.3125,137385.5
296539.3125,8110.7998046875
292130.8125,4758.5
266998.1875,59208.3984375
461813.5,27819.5
460135.40625,72598.0
553124.375,23393.400390625
299272.09375,6473.39990234375
372186.09375,169055.296875
564671.625,13165.599609375
581691.1875,91604.796875
417474.6875,122651.203125
274213.0,5725.0
516524.09375,9330.0
552194.375,13706.5
303411.3125,7308.2998046875
299990.09375,7263.7998046875
259941.90625,6339.60009765625
539807.875,10382.7001953125
375209.3125,126718.8984375
273344.90625,7063.2998046875
552108.875,9569.0
255655.796875,5301.7001953125
299389.1875,5448.39990234375
340450.8125,84374.3984375
559641.3125,23648.69921875
415534.0,176574.703125
345387.3125,190416.0
349103.8125,84836.796875
277880.8125,6979.5
243998.796875,34872.69921875
291344.6875,18042.900390625
473800.8125,90872.1015625
578342.1875,13285.7998046875
289839.1875,68330.703125
339857.1875,58277.8984375
577136.0,55253.69921875
569852.625,76231.0
275140.90625,6102.5
328170.3125,29254.80078125
530954.125,147132.296875
292004.5,6534.39990234375
590786.3125,12149.900390625
356938.0,113601.5
579772.0,29488.30078125
311472.5,26934.900390625
293328.40625,8391.2998046875
535782.875,10187.0
578709.125,70153.203125
541913.375,12988.599609375
253677.90625,6630.60009765625
282044.90625,6158.2001953125
259313.0,6881.2001953125
296478.3125,7666.39990234375
304105.90625,8158.2998046875
450035.90625,16907.5
363682.8125,83483.203125
485838.5,156522.703125
296724.3125,7436.2001953125
331968.3125,57535.3984375
257525.40625,6591.60009765625
537717.0,121087.203125
310792.1875,14571.900390625
400726.3125,15930.2001953125
302440.90625,13884.7001953125
290799.3125,8614.2001953125
448936.6875,22055.400390625
580489.375,13603.900390625
334266.0,173614.203125
589844.875,14091.5
583247.3125,12146.7001953125
343355.3125,13922.400390625
245420.90625,140867.09375
298918.0,7338.89990234375
297557.0,7383.2001953125
565515.125,13101.5
364987.8125,111832.0
469365.3125,25314.30078125
338006.3125,23173.69921875
281707.40625,5744.0
525022.875,96235.8984375
312150.59375,37804.8984375
555242.625,33681.1015625
413394.1875,124215.796875
328327.09375,62932.3984375
595788.5,20838.69921875
262686.59375,12597.099609375
315900.0,48559.80078125
574434.5,54328.0
269883.09375,7078.89990234375
335816.0,60490.5
285697.3125,7186.39990234375
497387.1875,9622.400390625
528363.875,13646.099609375
441585.09375,91837.5
303002.09375,6436.60009765625
293828.5,10633.400390625
335231.6875,71957.3984375
313215.6875,6510.0
304504.1875,7647.0
406569.1875,87446.203125
486497.40625,190243.5
471970.6875,160728.40625
298405.3125,6276.10009765625
257252.703125,38938.3984375
327455.59375,37075.3984375
491134.3125,167386.09375
300203.1875,7215.2998046875
554410.0,37423.6015625
549884.8125,46225.1015625
359795.59375,78179.3984375
280811.5,5099.2001953125
356731.09375,89979.1015625
587521.5,13018.7998046875
371727.0,111543.5
494158.09375,131839.40625
507944.3125,146233.40625
301534.40625,5907.10009765625
302510.59375,49908.6015625
548260.5,13623.400390625
343005.1875,7905.0
282624.1875,5177.5
315970.90625,8897.0
330022.3125,73871.1015625
300441.90625,7301.0
309322.6875,7444.39990234375
279105.59375,4850.39990234375
579262.6875,12618.7998046875
563770.0,15331.599609375
394849.8125,94102.1015625
521832.1875,151521.296875
261740.0,6761.5
291519.09375,5483.10009765625
300202.5,7883.0
514024.40625,118338.703125
536037.875,119896.796875
487926.09375,12987.2998046875
419110.1875,11942.7001953125
319145.5,26500.19921875
426758.0,165702.09375
484185.0,187532.203125
574051.625,12171.400390625
297726.5,20066.19921875
286392.09375,7595.60009765625
511851.09375,99278.3984375
611285.3125,13337.900390625
312523.40625,13893.099609375
343720.09375,22108.0
306037.59375,7144.10009765625
547319.5,128214.3984375
400296.6875,61011.3984375
592284.6875,12662.5
275882.6875,10770.0
299313.90625,13732.0
378313.1875,111159.3984375
291747.8125,17997.099609375
564579.875,12544.0
576293.6875,12457.900390625
584855.1875,27973.30078125
589301.5,18521.099609375
484967.3125,169404.09375
327074.59375,45227.3984375
309395.0,8276.2001953125
297469.0,12749.2998046875
336646.40625,65993.796875
304399.59375,54375.3984375
278195.59375,5241.39990234375
602779.0,14005.0
352699.59375,88629.8984375
446112.3125,51041.8984375
377815.59375,117219.0
577727.625,126506.1015625
586282.1875,14343.400390625
394900.8125,176304.40625
264807.0,41359.5
281348.1875,6764.5
300224.1875,33065.19921875
250984.40625,6541.0
590644.1875,16565.400390625
301894.8125,7309.60009765625
306479.40625,60940.0
294997.1875,5209.39990234375
294855.1875,7767.2998046875
314203.09375,12412.400390625
289269.09375,5337.60009765625
325188.0,89753.5
295191.09375,7001.89990234375
334788.09375,49747.3984375
389479.0,17125.0
384787.09375,59050.3984375
303537.8125,10939.400390625
314068.1875,12032.900390625
514374.40625,124558.6015625
299098.59375,6810.0
266497.5,5095.89990234375
361516.6875,128137.3984375
403769.0,161209.5
446909.6875,105861.0
301614.6875,5464.0
591368.875,19102.5
475165.6875,100443.8984375
419921.0,173453.203125
309603.5,23333.80078125
290344.5,7007.5
236037.90625,6864.2998046875
534898.5,10694.0
608338.125,13673.400390625
332738.8125,69737.8984375
325095.6875,18058.400390625
337944.59375,71706.1015625
291865.5,7122.39990234375
534163.3125,12994.900390625
529787.0,37123.5
588950.1875,18334.0
275531.1875,5572.7001953125
262649.90625,8746.0
344635.1875,47034.8984375
375608.40625,171357.5
475431.3125,123211.1015625
282528.6875,7839.7998046875
259463.5,5557.60009765625
560077.6875,139540.296875
313207.5,8142.5
569420.0,13100.0
264181.90625,13025.2001953125
448789.5,94314.703125
595695.625,13122.099609375
316146.59375,21501.400390625
287570.59375,7213.89990234375
312676.59375,9433.900390625
296231.3125,8184.39990234375
315853.90625,7855.60009765625
469268.59375,134078.0
562233.125,11538.599609375
348482.09375,45189.3984375
284868.0,5422.2001953125
251324.59375,5140.10009765625
539085.0,78758.0
280337.40625,7497.7998046875
297958.09375,9548.900390625
284521.0,10759.5
304854.3125,7314.39990234375
477198.6875,172961.40625
303917.40625,6999.10009765625
287034.09375,94407.0
479258.59375,189226.09375
569647.6875,12903.400390625
599634.3125,12682.400390625
349137.0,47997.0
562269.125,111488.3984375
249821.5,5201.2001953125
566065.625,12719.599609375
291447.0,9267.2998046875
344276.40625,101322.796875
343340.59375,69315.3984375
392673.59375,104490.8984375
330460.5,58992.0
365432.1875,60230.8984375
239402.90625,121340.6015625
311987.59375,7751.5
495482.8125,77911.3984375
585980.5,12519.0
559506.6875,98886.5
303042.1875,6315.0
287677.6875,5799.2001953125
412979.8125,100969.1015625
256191.09375,7298.39990234375
432343.0,13462.7001953125
301386.09375,8662.599609375
278433.5,6671.0
310529.40625,10405.7998046875
481181.09375,144295.90625
412910.59375,131824.90625
301451.09375,5558.39990234375
300057.6875,13511.400390625
581278.875,18704.599609375
471659.59375,144941.0
252293.09375,4279.60009765625
255529.0,81206.3984375
337500.6875,14937.400390625
587312.8125,19550.900390625
300403.5,9252.0
397639.1875,96208.5
373115.6875,106039.3984375
269615.8125,4556.60009765625
321772.09375,8471.400390625
509382.3125,157608.59375
574766.6875,95804.296875
293129.5,29021.599609375
370905.09375,124812.3984375
266332.5,7850.7001953125
308148.59375,7074.60009765625
485493.5,127920.796875
622987.0,18459.5
293038.40625,6338.7998046875
308837.09375,13979.400390625
289257.09375,55910.3984375
282579.0,64020.5
527186.625,12494.400390625
319225.8125,26068.900390625
573582.375,8735.599609375
264554.09375,7129.5
545023.0,13893.400390625
296374.6875,50296.3984375
240068.0,4745.0
565288.1875,10515.0
394298.1875,117011.0
297049.6875,6377.7001953125
281428.40625,5694.5
435816.6875,153220.40625
279249.8125,7646.60009765625
292114.59375,9197.400390625
524418.0,81699.203125
280056.59375,5703.60009765625
305546.09375,6954.39990234375
272254.0,33739.0
546125.125,16681.900390625
302444.3125,6531.89990234375
342841.90625,47485.6015625
439789.09375,124553.6015625
578350.0,13243.900390625
308349.8125,28282.400390625
534502.5,8810.5
400697.1875,10836.5
299610.6875,7341.89990234375
302229.90625,7093.5
305159.6875,8208.900390625
476503.09375,98764.8984375
334079.3125,62517.6015625
313503.09375,9934.900390625
491801.5,151847.703125
304110.0,7287.7998046875
541340.375,104540.796875
549426.625,171920.90625
558741.125,6828.39990234375
393423.5,9038.0
297706.09375,5716.0
589315.625,9873.599609375
379552.5,159657.90625
304894.8125,14376.900390625
283656.0,77964.5
594091.375,14828.5
498848.6875,104071.8984375
324472.09375,43143.8984375
549342.3125,11460.599609375
254739.203125,5110.7998046875
343769.8125,77523.1015625
297900.59375,65227.8984375
306562.5,8162.7998046875
596136.0,12528.0
567345.125,133369.90625
597199.125,11812.400390625
299709.59375,6620.89990234375
555489.3125,14413.400390625
265553.6875,5619.89990234375
455999.59375,121051.5
411319.09375,276334.09375
414865.0,135798.90625
301904.0,88590.5
502102.6875,9057.0
301903.6875,6484.0
369244.6875,78957.203125
591027.6875,12123.900390625
616565.625,15668.400390625
405790.0,224031.703125
301550.0,9402.7998046875
367330.59375,100496.8984375
286301.09375,6599.89990234375
301019.59375,9439.400390625
600519.8125,13543.900390625
596008.1875,12992.400390625
383312.09375,120321.5
295752.09375,7532.10009765625
570881.5,14501.900390625
355827.8125,46887.8984375
419560.5,165878.0
265539.6875,5008.0
360111.1875,88787.203125
358655.90625,67656.0
352850.8125,11440.099609375
377778.8125,131431.5
626272.6875,22766.5
265704.3125,7131.7001953125
599331.6875,14601.099609375
350649.3125,54704.0
324764.90625,36120.1015625
531971.1875,30818.599609375
289408.3125,6077.89990234375
299929.59375,6926.2001953125
375443.5,96026.203125
307123.59375,15135.099609375
357003.8125,111080.8984375
296914.1875,6895.7998046875
318340.0,12844.900390625
290144.0,7067.7998046875
510085.90625,131578.09375
512519.59375,196930.0
284647.0,77257.3984375
569335.1875,14059.599609375
318935.8125,41242.1015625
303460.3125,6613.0
298071.8125,7013.2001953125
301158.8125,5446.39990234375
587471.125,15198.7001953125
340967.5,45120.69921875
276376.8125,6230.39990234375
484416.5,17841.80078125
548450.625,12636.0
248004.90625,5920.60009765625
366199.59375,128882.0
326122.5,65417.3984375
352964.1875,100181.6015625
452738.40625,145432.796875
309123.8125,12592.0
287104.6875,88305.3984375
298362.90625,20259.5
493978.0,204205.90625
456795.0,123023.3984375
621449.3125,14357.599609375
434050.8125,131861.5
546676.375,168316.59375
577517.8125,13140.2001953125
402602.8125,97302.8984375
573672.125,13126.2001953125
506531.09375,122279.3984375
288488.09375,6076.10009765625
298454.8125,15336.900390625
311651.6875,10351.2998046875
295136.0,6938.39990234375
257417.0,5271.2998046875
457234.59375,241343.5
571070.0,12155.400390625
428785.1875,102577.1015625
302339.90625,58337.80078125
358656.5,131794.703125
330930.8125,62550.0
435106.90625,13381.5
392838.0,95268.3984375
282127.5,7724.89990234375
265698.09375,7686.7998046875
308777.8125,7750.2998046875
316181.6875,41352.69921875
538117.0,18402.80078125
386694.09375,120057.6015625
562740.3125,45195.5
508155.5,176110.703125
392037.8125,14195.599609375
454192.3125,167624.296875
596974.6875,13942.7998046875
346546.0,102515.8984375
570385.625,114776.5
451735.09375,161387.0
249014.0,6232.7998046875
297135.90625,6714.2998046875
571888.6875,221834.5
297588.40625,8679.599609375
522134.8125,10806.7001953125
310413.6875,7352.10009765625
591389.3125,19095.900390625
281510.59375,8249.7001953125
294826.09375,7741.89990234375
260070.5,6925.2001953125
532194.125,152526.59375
353988.8125,69649.3984375
566310.1875,10856.2998046875
579614.0,12640.400390625
568118.0,10568.2998046875
611902.125,169105.5
574494.875,10731.599609375
276090.40625,7471.10009765625
263679.8125,6853.7001953125
576633.6875,13523.599609375
306205.8125,8049.89990234375
397556.0,242327.703125
415785.09375,94516.6015625
244986.296875,4491.89990234375
388512.6875,151982.796875
540479.0,74250.8984375
265132.0,4776.7998046875
286158.3125,7962.7998046875
599277.5,13034.400390625
460240.1875,120678.1015625
260976.90625,6930.2998046875
466568.3125,137374.0
554349.6875,7622.39990234375
408522.0,162473.40625
333886.8125,64050.5
403843.59375,109897.296875
451187.3125,133608.796875
295466.0,7957.5
601228.625,14182.599609375
562178.3125,121594.6015625
610345.875,15562.2001953125
298731.3125,8733.7998046875
309591.1875,9396.2998046875
346346.1875,55592.19921875
541173.0,89764.8984375
268068.5,7760.7998046875
514227.40625,86050.296875
356053.1875,106174.203125
577459.1875,10771.400390625
486413.3125,322153.59375
422174.8125,12622.5
562070.875,13703.099609375
389638.3125,65432.19921875
293989.1875,8630.599609375
401764.3125,120582.3984375
412728.3125,96674.8984375
312991.8125,45155.1015625
583828.375,9931.599609375
590394.8125,14390.7001953125
289084.8125,5529.39990234375
308089.59375,33752.69921875
544365.5,12366.7001953125
441299.59375,192071.59375
462908.0,176158.40625
308576.5,32961.80078125
372725.09375,91845.5
389754.3125,89696.296875
571418.6875,15261.099609375
591717.875,14638.2998046875
301740.5,69149.1015625
384604.3125,119155.5
268187.1875,7586.89990234375
487992.90625,117505.5
417182.5,143078.90625
266300.0,17933.400390625
351140.09375,51031.6015625
287742.8125,5190.0
533450.625,10006.7998046875
245558.796875,6338.7998046875
314517.1875,7707.7001953125
301373.3125,5532.60009765625
238624.296875,6406.10009765625
320933.8125,28610.0
299861.90625,6133.10009765625
424221.6875,56544.5
295343.1875,14008.599609375
238576.296875,4713.39990234375
250446.296875,5824.89990234375
310869.09375,8237.2001953125
267147.5,5128.2001953125
313185.59375,11772.599609375
320294.8125,10809.400390625
255137.796875,5720.10009765625
278796.90625,7213.60009765625
564852.1875,12997.5
568420.8125,49158.8984375
541448.8125,81657.3984375
288723.59375,6972.2001953125
325976.59375,72790.8984375
545959.125,117459.6015625
352110.3125,58995.8984375
297554.1875,6745.2998046875
303851.0,50787.3984375
275073.0,7742.7998046875
332277.40625,14932.599609375
274874.3125,7088.7998046875
309953.09375,6229.0
284574.1875,20906.099609375
284679.90625,41390.80078125
239774.0,7336.60009765625
279271.5,6525.2001953125
581435.8125,17645.0
442431.5,120929.3984375
423447.0,246897.40625
441201.3125,134281.0
272409.59375,6105.2998046875
323566.09375,35432.6015625
368636.0,117621.703125
294030.90625,5335.39990234375
285810.8125,4276.10009765625
390126.40625,77584.6015625
312654.1875,8790.599609375
298090.3125,7255.39990234375
291826.8125,5898.89990234375
555400.625,260925.90625
257964.59375,9036.099609375
474716.3125,275344.5
581848.6875,11928.5
369929.3125,111589.203125
354616.1875,6052.60009765625
395389.3125,161062.90625
323241.3125,102551.3984375
274983.59375,4541.7001953125
296759.09375,6486.10009765625
274995.3125,7676.39990234375
391579.5,126590.8984375
386418.0,65814.296875
374122.59375,168425.0
300521.40625,9870.599609375
396559.8125,10196.7998046875
418417.5,108744.1015625
244362.0,106502.703125
410960.8125,105553.0
507889.1875,124655.3984375
334170.90625,50045.0
343850.0,104034.8984375
373567.0,73858.8984375
288426.09375,6709.2998046875
470286.3125,80387.296875
301553.5,7510.5
299745.6875,7779.2001953125
305401.59375,6759.10009765625
291805.0,5871.2001953125
413422.3125,141801.0
298439.8125,6889.7001953125
351005.8125,74723.8984375
355975.5,133175.703125
284113.59375,19167.099609375
286326.90625,5466.39990234375
501371.5,128971.296875
379960.8125,91182.8984375
416857.40625,112811.3984375
293228.1875,8166.60009765625
289547.59375,5951.39990234375
500266.6875,12460.900390625
564052.1875,11503.0
276676.40625,3990.60009765625
382132.40625,14202.0
412180.3125,106053.0
565175.0,87635.296875
381967.1875,104024.5
360663.8125,86813.0
256315.796875,4622.10009765625
370286.1875,193513.0
413007.3125,113145.203125
434563.0,177107.90625
509529.6875,125583.8984375
576619.625,16646.900390625
299498.3125,8567.0
418955.8125,136734.40625
539627.8125,147271.40625
509660.09375,84667.796875
553771.1875,34997.6015625
573914.625,11224.900390625
307206.40625,6247.2001953125
347471.40625,116511.8984375
522720.6875,108748.6015625
590342.3125,14438.5
360448.90625,96572.3984375
577323.6875,16978.400390625
294221.8125,5147.0
509001.0,45750.0
570811.0,11613.2998046875
540690.8125,12636.900390625
281683.90625,3551.39990234375
553042.1875,111520.6015625
554711.625,96024.3984375
295494.90625,38891.1015625
570835.875,46984.5
372531.90625,46046.0
536089.375,104240.1015625
582087.375,14260.2001953125
521619.3125,168524.0
536379.8125,13270.2001953125
316417.40625,46633.8984375
315773.5,10349.7998046875
264148.3125,12284.400390625
469583.90625,245349.90625
488754.1875,101038.6015625
279569.59375,4365.39990234375
343490.90625,127903.6015625
310817.40625,42829.0
333891.8125,20167.19921875
327264.3125,69391.5
308963.3125,8357.599609375
306364.1875,9059.0
594929.8125,13667.7001953125
286532.0,7193.39990234375
528427.6875,133270.40625
594802.6875,14673.0
277461.59375,7822.39990234375
244815.296875,7934.5
581958.3125,12251.400390625
432386.6875,103953.6015625
345180.3125,14534.900390625
295921.09375,5603.2998046875
519138.09375,138304.90625
284353.09375,5694.5
304239.90625,22615.19921875
568626.6875,100031.1015625
311286.5,27967.5
295284.40625,7340.39990234375
312320.59375,16046.0
334037.40625,58793.5
289340.8125,8136.5
588946.875,14461.599609375
323898.90625,67136.8984375
600996.0,14391.0
347567.90625,61588.3984375
290965.6875,4784.89990234375
502267.90625,9309.400390625
277693.90625,5535.89990234375
444090.09375,115902.8984375
433777.1875,10173.900390625
291621.90625,9022.099609375
466056.90625,147325.5
256381.90625,5259.0
544584.375,8885.099609375
276502.40625,5863.7001953125
448947.3125,9438.5
299770.3125,6759.2001953125
406086.0,61097.1015625
500214.6875,94706.0
461532.3125,83014.0
529957.8125,12860.7001953125
303129.6875,6624.0
261582.203125,24847.0
323846.3125,46736.0
246545.296875,5245.89990234375
412717.1875,128989.1015625
462648.59375,88257.296875
620290.625,13302.400390625
530820.625,10098.0
306451.90625,7489.7001953125
292451.5,4092.0
254218.40625,93981.8984375
290499.6875,8894.400390625
454901.09375,10102.5
284613.90625,7628.0
478355.3125,56215.0
306094.40625,8278.400390625
333293.40625,74257.796875
448593.59375,114768.3984375
410394.1875,150326.59375
257868.40625,4520.89990234375
381692.1875,123106.203125
395833.59375,86882.6015625
589160.6875,12553.7001953125
465074.59375,11467.2998046875
377565.40625,62147.8984375
431973.5,134397.796875
376899.90625,55693.3984375
279569.6875,10995.099609375
377430.59375,8469.900390625
282725.1875,4814.89990234375
407486.40625,7609.5
277573.40625,6852.60009765625
397143.8125,107111.703125
357674.40625,64261.3984375
386594.5,110012.5
585512.5,13876.7998046875
301903.8125,10195.400390625
308504.40625,14160.5
472175.40625,228027.59375
310939.5,33717.30078125
553106.0,46110.1015625
466804.1875,21554.0
588606.6875,13145.0
304043.5,8504.400390625
397599.1875,81257.3984375
301186.1875,6071.0
562435.125,54122.3984375
276604.8125,5409.0
355339.3125,68693.8984375
297763.59375,7220.2998046875
262185.1875,7096.60009765625
578350.625,8168.39990234375
518287.90625,78865.203125
285686.90625,6076.89990234375
249269.203125,13694.099609375
448649.0,130126.0
284597.40625,4889.89990234375
320995.1875,55874.8984375
281720.59375,6487.0
530075.375,200465.0
274298.40625,13009.599609375
249984.90625,5490.89990234375
561360.0,111223.296875
567200.3125,24588.900390625
337159.90625,24423.900390625
293390.1875,8167.60009765625
