Propidium Iodide PE-A,Alexa-647 APC-A
297815.5,18443.099609375
257969.90625,50120.5
305138.59375,66026.0
521013.8125,164160.796875
318606.59375,39399.19921875
382965.8125,206720.90625
269788.1875,18081.80078125
343029.59375,127176.5
319840.8125,12186.7001953125
361681.09375,154476.203125
403480.09375,163394.203125
409995.1875,192658.59375
474721.8125,169703.796875
438426.1875,173022.0
463964.1875,95711.1015625
386455.5,230004.703125
330385.5,63726.0
373979.3125,138105.59375
343212.3125,90109.5
550513.8125,29267.599609375
495528.09375,164157.703125
413246.8125,195358.703125
477894.40625,158443.703125
319780.90625,73497.0
333714.59375,111855.5
491474.09375,244406.703125
507548.6875,19719.69921875
313676.6875,11736.5
562488.625,34528.30078125
532066.375,134197.0
475714.59375,48954.0
532542.3125,33499.8984375
290825.1875,27291.30078125
449390.59375,195082.0
464264.40625,186800.59375
306519.40625,97507.5
367740.8125,198989.5
322000.3125,78353.296875
561170.1875,91500.796875
501571.0,291344.1875
463717.6875,214739.09375
550089.125,97597.0
318215.59375,22224.19921875
553859.0,146986.5
328301.8125,26744.5
321620.0,44301.5
514050.5,116950.6015625
303443.59375,41807.80078125
490460.59375,325045.0
513742.3125,33767.69921875
351918.09375,141741.203125
502333.6875,180579.09375
445766.09375,228622.0
437862.3125,159065.796875
487778.90625,177536.796875
265899.6875,10918.2001953125
528897.8125,126260.0
382432.59375,184543.703125
501302.8125,160649.296875
358441.8125,182858.296875
330633.5,26380.900390625
321594.40625,136912.796875
431314.59375,239353.0
438085.8125,156001.09375
568690.625,149580.703125
502413.3125,198993.59375
516391.0,244577.59375
537856.875,134751.09375
297253.3125,22631.69921875
415094.09375,164876.5
297546.40625,14388.7998046875
282382.8125,26962.900390625
514112.1875,152231.203125
330847.3125,152506.203125
374341.59375,136540.703125
295861.59375,37270.30078125
428269.1875,248559.59375
308196.40625,42924.5
333485.09375,138884.703125
318318.0,80023.1015625
501784.90625,316998.90625
375935.3125,287004.6875
493930.90625,176130.59375
433007.40625,102482.5
383507.59375,166103.796875
455226.1875,229124.296875
498039.6875,132068.796875
289926.0,11999.2001953125
363844.59375,121849.5
543819.5,87121.203125
525500.0,175560.296875
400072.90625,161726.796875
503457.1875,178552.09375
342928.90625,61201.5
536779.5,19686.69921875
510055.0,129310.6015625
297485.3125,72208.796875
497932.6875,242050.09375
326228.5,17291.599609375
361155.0,132526.0
479078.59375,167756.0
314685.59375,102065.703125
431175.1875,193373.0
472361.40625,178642.09375
637026.125,205747.09375
424344.40625,208542.0
475087.3125,251035.5
299759.59375,46974.80078125
299772.6875,136347.296875
339667.5,169919.203125
353287.3125,119766.296875
313839.6875,78112.5
515908.1875,189306.09375
486066.90625,153486.796875
347671.8125,130487.703125
369829.09375,94244.703125
506438.09375,224039.296875
405711.40625,211656.703125
475592.6875,118691.1015625
452456.09375,179314.203125
430703.8125,196826.40625
298111.5,14658.599609375
362664.3125,116960.703125
413584.3125,240230.703125
312809.09375,40289.80078125
306217.40625,98054.703125
402931.8125,119168.8984375
544950.1875,235026.203125
452647.40625,343936.59375
374664.09375,248040.59375
528228.375,202736.0
469250.6875,203165.703125
392048.3125,168870.5
428761.09375,205164.796875
460955.59375,21071.69921875
400586.6875,74396.6015625
507592.6875,131253.796875
499496.59375,288373.5
324604.5,51192.5
339796.3125,223870.90625
466908.5,151792.0
340141.8125,150897.59375
372341.5,242710.59375
526061.6875,143393.296875
393574.5,94978.6015625
461852.90625,91313.0
295583.59375,39907.0
354260.3125,140412.296875
555984.6875,74536.703125
304288.59375,30500.30078125
370430.90625,140181.5
342006.09375,40713.19921875
385276.3125,127497.3984375
282368.6875,21202.0
319011.8125,41223.69921875
522954.6875,19686.69921875
552521.625,46506.3984375
290826.1875,27967.5
542060.125,80568.1015625
557008.8125,34934.1015625
404683.09375,232258.40625
302490.8125,64552.1015625
516805.3125,45219.19921875
484208.40625,120479.8984375
509685.1875,152839.0
320564.0,57919.6015625
577523.3125,107072.703125
343038.6875,56340.0
437752.59375,251569.09375
362604.59375,106065.6015625
355718.09375,67536.6015625
430249.09375,167956.5
429176.3125,243131.90625
321612.6875,132269.5
504960.59375,189654.40625
314780.59375,22535.599609375
429997.09375,196884.90625
381230.09375,125500.3984375
256969.09375,18826.0
323537.09375,148305.09375
416835.59375,281990.40625
362321.6875,201477.09375
298418.59375,31444.599609375
287926.09375,70756.3984375
537812.8125,136429.09375
381649.40625,62976.3984375
498669.1875,189895.90625
437438.8125,174573.203125
513691.59375,142495.09375
382127.3125,55996.6015625
501434.3125,176337.90625
340565.8125,49552.8984375
416180.09375,173841.296875
471692.0,234507.90625
358791.5,160900.5
308096.0,47094.1015625
293502.09375,22506.900390625
321671.09375,147666.09375
317192.59375,61411.1015625
502470.0,188152.296875
537780.125,58709.8984375
451604.3125,187939.09375
297520.8125,11582.2001953125
415147.40625,80475.6015625
488265.0,241236.09375
413927.3125,125282.203125
545163.625,56188.3984375
299760.09375,28799.099609375
373975.59375,121977.6015625
321924.0,42627.80078125
459116.3125,204339.09375
536367.6875,83086.1015625
361724.8125,16267.400390625
366921.8125,166707.296875
354935.40625,83874.1015625
408225.09375,186784.703125
506890.8125,146639.90625
324572.59375,93871.296875
315109.1875,140432.5
407434.5,189361.5
446764.5,64655.1015625
298223.3125,50417.69921875
319726.90625,72210.5
300098.0,55229.80078125
527695.625,107094.703125
526917.5,166934.0
400236.1875,219026.0
286409.1875,88451.703125
359320.8125,238761.59375
360568.8125,65464.80078125
510600.59375,216762.40625
323971.3125,130840.6015625
340000.8125,107703.8984375
478483.0,129836.0
454912.1875,207831.296875
505635.09375,227348.203125
295282.6875,37248.1015625
249354.59375,17902.5
394502.09375,159790.203125
372965.5,203084.796875
294619.09375,83523.6015625
552153.625,165332.0
526417.625,111538.1015625
293176.8125,19480.099609375
363306.59375,111137.8984375
305939.09375,70187.703125
377441.90625,151308.40625
464520.5,162958.90625
299322.09375,71883.6015625
437114.59375,241819.0
381683.8125,246491.90625
502694.3125,164333.09375
414090.8125,197582.203125
550908.8125,89155.8984375
289008.40625,29145.900390625
284119.59375,79473.796875
254436.0,17262.400390625
504275.5,195574.59375
429820.8125,213923.203125
300900.09375,39612.6015625
394364.1875,184116.0
325494.59375,54201.3984375
509621.6875,240563.703125
471406.59375,216531.0
294058.90625,58745.3984375
376683.09375,107704.8984375
465444.3125,168499.296875
258575.59375,47224.3984375
278286.40625,98222.8984375
433961.59375,130483.703125
350584.59375,192549.5
562380.625,147149.203125
556299.5,45251.30078125
321180.40625,79209.5
516870.59375,87468.203125
489435.6875,147287.5
392891.59375,149909.90625
442481.09375,218992.09375
325598.59375,14492.0
305161.59375,13962.5
363494.3125,178943.59375
269011.59375,65266.3984375
345652.3125,150445.90625
451214.8125,153705.296875
528871.125,179070.203125
475761.09375,204016.796875
483976.09375,202542.59375
319244.09375,67639.8984375
444982.3125,149162.09375
312487.40625,96929.6015625
373348.59375,292106.6875
353808.0,136881.0
278995.0,125580.1015625
291288.3125,13831.2001953125
297210.09375,71363.6015625
385636.3125,209884.5
375404.5,159619.296875
319931.3125,97939.5
538736.6875,156228.796875
292231.40625,31510.19921875
298813.59375,16204.0
450394.6875,43950.8984375
514870.90625,179174.90625
319722.1875,102407.1015625
287698.3125,74554.796875
416327.59375,197502.203125
529517.125,194563.796875
481563.90625,244823.59375
479089.8125,170484.0
581593.8125,27695.19921875
308426.0,12867.7998046875
284988.1875,139309.296875
443679.8125,168272.0
306961.1875,17855.099609375
374844.6875,127974.3984375
359183.3125,127968.6015625
395361.09375,81835.296875
446520.90625,136575.09375
386780.3125,209666.09375
542932.8125,127994.0
454089.90625,270065.59375
573403.375,29242.900390625
418371.5,163646.90625
288023.1875,30802.30078125
369574.5,133516.296875
269923.6875,97610.796875
485036.40625,196434.296875
333408.1875,151710.59375
466182.8125,158697.296875
320086.59375,35855.19921875
353901.1875,85914.796875
370648.1875,171117.296875
454601.90625,254884.296875
464687.09375,154307.0
274661.6875,52560.6015625
504765.1875,151160.5
333624.3125,68395.6015625
582926.375,50599.6015625
447044.90625,138604.90625
478044.1875,133014.90625
426910.5,157800.40625
360679.40625,54739.69921875
556471.6875,34888.69921875
441054.8125,188714.796875
533035.6875,42780.1015625
369079.8125,167504.59375
486420.8125,163782.5
472037.3125,253134.703125
269705.40625,50903.6015625
480097.3125,240142.5
418081.6875,223732.296875
311142.6875,13576.7998046875
390390.90625,152279.90625
432948.8125,203550.09375
244478.296875,46224.0
337139.40625,127287.1015625
383959.40625,239352.09375
548108.875,40635.6015625
483255.40625,149849.40625
530884.875,75604.3984375
483201.8125,224438.59375
390768.1875,241560.40625
364887.90625,144547.703125
368077.5,223602.09375
291838.40625,52550.5
312515.8125,41053.1015625
377708.40625,165614.703125
484458.8125,59125.19921875
386257.3125,113036.3984375
397486.8125,175050.5
456446.1875,137570.203125
383474.8125,167602.0
513885.09375,24515.0
543785.625,136113.203125
276898.8125,11461.2001953125
348324.90625,168364.59375
521728.90625,155859.59375
304864.90625,25357.400390625
315833.1875,73120.796875
535112.875,63042.69921875
482291.8125,223496.796875
531888.625,110700.203125
466818.59375,165589.296875
342110.8125,149052.09375
507406.8125,60502.69921875
287236.40625,39798.1015625
329028.90625,13383.400390625
505788.90625,113953.8984375
439606.3125,200225.59375
338933.40625,82062.203125
269028.09375,62810.5
500416.90625,117009.3984375
334635.3125,84490.5
399023.40625,208340.796875
410469.90625,157270.203125
536154.6875,66534.6015625
407577.09375,14695.2998046875
373245.3125,161856.0
371140.3125,185525.09375
364165.3125,84847.203125
453349.0,228898.296875
324676.1875,95030.296875
399680.90625,202965.203125
398240.09375,212055.0
550376.875,41922.8984375
328083.8125,121415.6015625
440936.1875,65422.6015625
406989.09375,218454.703125
503645.8125,211273.5
532712.875,139677.90625
447007.59375,38217.0
314113.6875,86674.296875
428977.0,166912.40625
430240.40625,146029.40625
434659.8125,108437.5
327257.5,135959.296875
369287.3125,230625.5
472409.3125,164931.59375
426806.1875,159558.59375
339701.8125,64126.80078125
309372.40625,75562.1015625
397055.90625,212786.40625
412578.6875,184908.40625
349398.5,115214.296875
325139.90625,55752.80078125
295584.09375,32511.5
346132.90625,84948.8984375
259881.296875,88538.1015625
363857.59375,104341.296875
316829.90625,105082.6015625
451397.3125,258247.09375
338794.6875,102687.3984375
447412.0,205936.90625
379828.90625,158699.90625
413150.40625,208208.796875
548301.875,22832.19921875
325638.1875,96485.1015625
541337.875,182290.90625
498377.59375,221809.703125
486498.90625,267846.09375
311306.6875,14697.0
428022.8125,185215.703125
519811.90625,135156.09375
365793.90625,139254.59375
524997.875,73941.3984375
449311.09375,177508.5
404417.3125,226756.09375
473862.40625,177214.203125
304492.8125,40810.5
367867.0,126333.796875
451180.3125,294272.0
557385.375,131242.296875
414615.09375,182053.5
529219.1875,132626.09375
444744.3125,49416.80078125
283788.90625,27892.099609375
541643.6875,179702.5
565930.3125,26961.599609375
362283.90625,59723.6015625
467748.40625,235244.09375
312857.90625,68568.3984375
295791.40625,11306.7001953125
493095.90625,46267.8984375
497565.5,159891.09375
560039.0,63440.69921875
399894.8125,199294.59375
385073.3125,182088.59375
491250.0,180664.796875
471300.1875,225172.09375
534573.375,129577.1015625
448893.3125,218002.0
334572.3125,127816.5
428448.0,209449.296875
453437.6875,217769.796875
403550.90625,224258.296875
397535.40625,163321.40625
485091.40625,125243.6015625
294219.40625,14442.400390625
291810.09375,53290.0
551054.6875,46357.69921875
315715.6875,90779.203125
372163.0,208137.796875
507634.5,136776.5
500857.8125,165256.40625
304208.1875,128230.0
533378.625,156746.796875
350256.8125,111012.1015625
444808.3125,192182.90625
462507.8125,315281.5
360858.3125,174164.203125
576000.1875,128177.6015625
253753.40625,34227.8984375
403830.40625,166717.296875
449805.1875,220656.203125
378605.0,120507.0
342254.59375,116173.5
293887.8125,46287.6015625
268527.0,15734.599609375
446865.5,40615.6015625
456384.6875,181602.0
309759.90625,29049.099609375
441237.0,74433.203125
433276.5,194566.5
528007.1875,174934.203125
506758.6875,91031.1015625
395467.8125,152796.90625
447368.5,197683.796875
401193.6875,88564.3984375
305615.8125,65239.19921875
309944.90625,31680.599609375
500993.90625,32682.900390625
498965.59375,238933.0
281954.0,11844.099609375
442916.90625,275899.8125
490977.8125,221340.5
354244.1875,147673.703125
399364.09375,225451.796875
329639.0,35604.80078125
269056.6875,42075.19921875
429644.0,177991.59375
285491.0,13893.7998046875
390070.3125,83062.703125
420599.5,162205.203125
325719.3125,15230.2998046875
459323.5,24470.099609375
302391.0,18066.80078125
543952.1875,158447.40625
511208.0,204455.09375
335215.1875,88930.6015625
489272.40625,158924.90625
368594.0,95350.203125
458579.0,249151.796875
545065.125,180922.703125
369221.5,181098.203125
281640.5,33884.5
298930.1875,146966.203125
363371.8125,205774.09375
343046.6875,129990.1015625
311103.5,124791.6015625
350385.09375,186750.296875
300443.1875,17134.19921875
484640.59375,179548.0
312347.8125,61100.3984375
316793.1875,43809.5
437570.8125,246016.5
293663.5,116414.1015625
488681.3125,45122.69921875
444964.40625,139840.59375
345272.09375,154273.90625
335707.40625,168661.90625
532321.625,155680.203125
398426.59375,221552.296875
367812.6875,175076.296875
369523.6875,98272.5
452459.0,193385.796875
510069.0,274574.6875
426670.1875,138362.203125
435772.5,106490.6015625
289237.3125,16916.69921875
518402.09375,242593.296875
576533.0,25776.19921875
298497.5,18683.5
469360.1875,206371.203125
488932.8125,176734.59375
452349.5,173886.203125
401601.0,205647.296875
360775.0,206237.59375
541709.625,64346.0
545241.5,109238.6015625
516861.40625,129428.5
325419.59375,27363.19921875
434784.1875,128481.203125
331080.59375,74228.296875
292832.5,11814.7998046875
423966.0,244410.5
372850.6875,191864.203125
307888.8125,24193.5
376312.59375,163080.796875
515168.3125,140515.09375
261909.5,72455.6015625
302162.90625,11979.099609375
413723.09375,231171.40625
523436.09375,25892.30078125
465006.5,255773.796875
298989.59375,43278.0
324396.1875,103203.0
287586.3125,56251.0
521278.5,135630.09375
496254.3125,22198.19921875
307055.90625,126377.0
247698.703125,30320.19921875
289236.59375,24094.30078125
397398.5,117255.703125
360988.1875,160233.703125
321821.8125,68148.3984375
322360.0,109991.796875
430482.1875,68356.3984375
566313.6875,64282.1015625
414279.6875,331361.0
475187.1875,208640.203125
565543.0,21067.5
326269.8125,108322.796875
307305.1875,63505.0
509189.40625,90085.3984375
440626.5,129861.296875
301648.3125,36376.5
305816.3125,36029.30078125
327889.3125,21445.19921875
279236.6875,105331.796875
317931.8125,87010.296875
329837.3125,133660.90625
312363.5,14284.0
453695.5,157071.59375
512039.5,158421.203125
337420.5,45591.0
268601.59375,32053.099609375
412537.5,270159.0
376793.8125,170404.796875
538233.0,120161.203125
413623.40625,199960.5
276940.0,42461.30078125
406588.09375,195475.09375
290158.3125,42518.0
499732.0,110975.203125
418653.6875,209506.203125
371932.09375,49429.6015625
544892.8125,100241.0
520712.6875,174552.5
420491.0,203762.203125
283958.09375,46915.19921875
328893.8125,93627.296875
369583.40625,244375.0
413579.5,237632.5
293567.6875,113013.703125
292547.0,164225.5
518265.1875,39177.0
259805.296875,32855.69921875
320371.0,17098.19921875
331956.5,98855.5
287264.90625,128883.296875
303448.09375,105552.1015625
347344.1875,170300.703125
556202.3125,119093.703125
350816.40625,59735.5
305843.09375,52313.1015625
390091.0,106621.1015625
331611.5,18949.0
413284.6875,149195.203125
514748.8125,171424.90625
498127.59375,180852.59375
361383.8125,82574.296875
412744.09375,249956.796875
379566.59375,89004.796875
581991.3125,23739.30078125
306639.40625,34253.30078125
303692.59375,14582.599609375
487095.5,201812.703125
467314.09375,266018.6875
499583.3125,234178.296875
312768.8125,16928.099609375
438917.0,203479.203125
286774.0,19019.19921875
511671.09375,130666.796875
416996.6875,195070.296875
378917.8125,121455.0
491457.1875,236065.703125
421579.09375,164890.90625
362972.0,160133.59375
299869.5,12966.2001953125
535279.125,202782.09375
313988.5,73165.0
482287.09375,72209.296875
441161.40625,225244.0
339344.09375,222610.296875
464769.0,205445.296875
338135.59375,137044.59375
299211.6875,25575.30078125
331001.6875,59587.69921875
516329.3125,191127.09375
561611.0,26039.0
319173.1875,26140.69921875
445181.3125,189440.296875
297139.5,104342.703125
292930.6875,69781.5
358256.5,201671.203125
461909.59375,133767.09375
504748.1875,139659.796875
307628.40625,63098.80078125
363427.1875,138751.203125
446887.0,281403.6875
450911.3125,255637.296875
363818.3125,148861.59375
340516.1875,97339.5
420140.0,53419.30078125
361348.40625,159563.796875
525931.5,153845.5
366740.6875,90428.703125
462445.59375,180776.59375
460647.1875,165897.203125
376622.8125,99699.5
350234.5,55076.6015625
562850.0,94326.5
317329.3125,12272.0
541966.3125,194103.59375
478408.0,199657.203125
346443.59375,166078.296875
461239.6875,248508.0
551637.125,66679.296875
300242.8125,83156.796875
486628.5,231513.0
493580.90625,187542.296875
489972.59375,101119.1015625
318717.1875,70030.703125
387902.8125,185123.59375
391577.90625,183103.5
290221.0,31961.69921875
502263.0,183419.5
569995.5,28235.0
527278.5,237498.703125
306437.59375,84934.296875
337006.59375,113526.1015625
438055.8125,230456.0
405432.90625,209277.5
468625.6875,132309.703125
266216.90625,40142.80078125
427412.59375,149607.59375
554315.125,23039.900390625
524876.1875,198957.203125
328544.09375,93718.1015625
467919.6875,222073.703125
553096.8125,79561.6015625
517411.1875,215122.5
313628.40625,34567.5
375638.59375,152055.09375
335548.90625,13891.7998046875
364205.6875,174002.59375
468032.09375,181596.5
506536.8125,254273.09375
379707.8125,139439.09375
320757.59375,32544.900390625
432045.6875,198104.0
292894.1875,17677.5
386561.1875,171760.296875
403865.09375,177745.203125
344080.1875,132705.0
414326.09375,167230.0
296000.1875,11148.2001953125
450324.0,132342.5
550052.6875,61167.1015625
314516.1875,112232.203125
519014.90625,222573.703125
312634.6875,44438.0
393406.5,179378.796875
287921.8125,47411.3984375
304798.1875,119084.8984375
359318.6875,151080.59375
383104.5,220568.796875
494298.59375,32697.400390625
320232.1875,60290.0
472568.09375,217815.59375
305044.3125,59851.69921875
422436.3125,146686.59375
318005.6875,15000.5
554621.875,20618.5
489939.5,38037.6015625
274890.59375,13893.599609375
350419.40625,38623.80078125
393591.8125,47236.3984375
319264.1875,91479.8984375
504356.1875,78427.6015625
288511.8125,64047.19921875
537914.375,167205.203125
381260.40625,87056.8984375
386310.6875,214381.0
343967.59375,82575.1015625
404577.6875,124979.296875
311255.5,87920.5
395009.09375,178725.203125
368677.3125,130758.8984375
385654.1875,110196.1015625
421646.1875,239022.40625
390824.1875,173391.0
371213.1875,103642.1015625
360373.09375,134491.0
362805.1875,35406.5
470748.6875,274236.90625
345818.40625,33861.8984375
274631.3125,48787.19921875
294509.8125,66652.3984375
290823.90625,12258.2001953125
279132.90625,64631.80078125
414934.90625,229515.703125
278884.8125,20137.099609375
549410.375,229235.203125
312500.90625,11944.900390625
293823.6875,51214.0
483414.59375,88504.6015625
299852.1875,72450.1015625
338955.59375,119691.1015625
317280.6875,50629.1015625
480491.6875,240586.5
356676.09375,189657.90625
385622.1875,169445.703125
399596.40625,166321.203125
401698.1875,147073.0
528717.6875,125005.5
301601.8125,33083.8984375
468130.6875,289678.09375
457713.09375,166813.0
387763.5,100327.796875
361219.40625,77435.3984375
327384.8125,47528.3984375
310755.90625,88119.1015625
393441.5,234772.296875
265093.3125,65804.703125
302417.59375,103830.8984375
309288.1875,71997.703125
283173.6875,29331.0
473597.1875,306492.40625
482612.5,283711.59375
261059.5,37149.0
327724.6875,139209.09375
508112.8125,262493.1875
509002.09375,251358.90625
335627.1875,92891.0
335075.0,141294.09375
296470.5,12691.5
531472.125,202225.40625
354346.8125,223018.09375
264716.90625,132468.40625
345644.09375,154052.5
458610.90625,216570.203125
275025.1875,29440.5
372431.3125,128062.6015625
434407.1875,177743.703125
533895.875,159121.703125
375638.6875,170887.5
494319.5,149980.296875
335662.3125,132645.90625
457302.6875,191086.09375
457262.0,135206.296875
303271.09375,13632.0
268695.3125,97695.296875
302923.1875,97037.1015625
417265.0,191674.296875
536938.3125,48928.69921875
583443.6875,105384.703125
416321.09375,172676.90625
359654.40625,92117.703125
326257.40625,93875.0
325235.5,29539.80078125
357469.59375,169562.703125
534002.5,223972.296875
538355.625,106148.5
442141.1875,167407.203125
471182.1875,277728.0
553527.6875,80047.0
507208.59375,171002.203125
350427.1875,133030.59375
551322.6875,137769.0
335089.09375,12240.0
291078.6875,52066.6015625
485132.59375,171094.5
328515.1875,156075.5
325454.1875,85313.8984375
374668.1875,200384.0
412299.6875,131220.0
258828.90625,76240.1015625
541939.6875,73951.703125
555147.375,57551.19921875
536736.875,64980.5
473085.0,148955.59375
293699.09375,80361.1015625
443185.90625,223932.296875
447045.8125,145824.90625
468487.1875,148277.40625
415100.09375,67523.5
301422.1875,30162.599609375
534340.0,162947.296875
340466.09375,45126.0
456364.6875,210526.59375
529639.875,158708.40625
319765.09375,49457.1015625
573415.0,22819.5
395887.0,205276.59375
496274.59375,185708.59375
422274.40625,206284.09375
359719.40625,95606.1015625
342937.1875,153077.5
314751.8125,101819.3984375
381700.8125,100064.8984375
443401.8125,188841.796875
266393.1875,22942.599609375
252342.59375,37968.80078125
459102.5,133694.59375
377176.8125,119223.1015625
558599.0,85739.203125
515796.59375,189256.90625
369090.3125,136121.59375
450020.6875,177335.703125
297132.1875,17277.80078125
358599.40625,97440.703125
298311.6875,105813.1015625
306893.1875,27329.099609375
307751.0,159973.0
314870.5,16443.30078125
246913.5,72530.6015625
288768.90625,118706.8984375
514714.3125,192173.09375
566660.3125,49803.1015625
480272.09375,136785.59375
272244.1875,132091.40625
293227.40625,38811.5
300153.0,52312.5
446645.5,194186.40625
556445.6875,22766.0
425034.40625,174439.5
318328.40625,44954.69921875
421660.59375,105558.5
484684.0,17858.099609375
368510.5,115782.1015625
521668.09375,164358.296875
301658.5,49782.69921875
480986.90625,179043.296875
548931.625,84682.1015625
539304.625,143422.09375
500497.6875,212104.40625
333098.40625,87688.0
325935.1875,180234.59375
494066.09375,270694.3125
401991.40625,190279.40625
340651.59375,106981.703125
510574.5,238251.296875
392129.90625,155599.40625
410625.3125,215690.59375
474831.59375,210197.296875
558235.0,41718.69921875
322158.90625,55194.30078125
414180.09375,192421.90625
537696.1875,212900.203125
349878.59375,154197.59375
374476.6875,148750.40625
455224.59375,305239.59375
276803.59375,96188.296875
352116.6875,160636.0
447161.5,185216.59375
335602.40625,108376.203125
325061.09375,40393.19921875
458389.0,118394.1015625
312523.90625,26771.599609375
445534.40625,237531.09375
373404.90625,127393.796875
399024.90625,135543.40625
384440.1875,195135.59375
562250.625,52086.80078125
502859.5,181762.59375
299434.0,14261.7001953125
479726.09375,148144.09375
341160.09375,62227.6015625
322075.40625,103834.5
371137.5,135498.5
516606.8125,42372.3984375
332750.6875,106445.0
329936.0,78486.3984375
518218.40625,164011.90625
408221.90625,236776.40625
301118.0,15952.099609375
340569.3125,127051.6015625
432378.59375,202060.796875
264681.5,20275.099609375
292346.90625,12699.2998046875
345023.3125,134854.59375
429646.5,193793.5
520681.59375,183172.796875
282664.1875,10869.2998046875
295583.0,12381.7998046875
419429.40625,122575.8984375
288574.09375,59553.5
323113.5,62717.8984375
407040.6875,152142.59375
459906.59375,218424.296875
322389.59375,111568.203125
396980.0,36499.80078125
499226.0,167644.203125
311783.3125,166008.5
255814.90625,29109.30078125
455919.59375,182035.40625
552906.5,39316.0
455431.59375,20994.30078125
368741.6875,157018.796875
546869.0,168646.40625
458534.5,17585.80078125
524796.5,23192.0
524558.8125,138564.796875
374781.90625,143536.796875
356726.40625,89705.8984375
293981.59375,30632.30078125
259396.5,68840.203125
545114.3125,32992.5
313179.59375,47849.8984375
439470.8125,223257.09375
397579.3125,130986.296875
537504.875,19542.400390625
303636.90625,121485.8984375
406687.0,188549.5
544620.3125,111190.6015625
361953.5,115607.203125
390074.90625,159052.296875
373674.8125,163605.5
342256.59375,46352.6015625
329817.1875,106590.3984375
446630.90625,212959.0
441903.5,169642.296875
323431.6875,13287.0
393253.90625,147148.40625
326316.5,73488.296875
547941.8125,100963.1015625
458112.5,227705.203125
398905.5,191777.59375
359106.59375,36422.3984375
316268.1875,85179.203125
440434.8125,248147.796875
382758.09375,226793.09375
351245.59375,155688.796875
333716.09375,31530.19921875
347154.40625,45210.30078125
487442.3125,140555.0
339756.1875,107584.703125
309727.6875,21057.400390625
410408.3125,195737.90625
295922.0,42684.8984375
329783.6875,87487.0
413083.90625,171706.90625
365117.09375,134959.0
301623.8125,45035.80078125
388937.40625,166664.296875
403412.6875,222040.09375
287662.59375,126760.203125
448573.3125,210253.296875
523214.40625,33226.5
509142.5,202758.5
259530.90625,32062.400390625
488027.1875,247382.59375
489099.90625,32159.900390625
497465.0,103199.0
548259.5,118177.796875
314540.0,12806.599609375
293045.0,100067.1015625
441765.09375,139308.09375
422539.8125,211102.40625
461985.59375,234975.296875
281623.90625,84618.3984375
436340.5,179060.296875
417711.5,182979.59375
408481.0,194482.40625
390090.90625,152322.796875
542538.125,100770.8984375
460764.8125,230798.09375
511119.09375,243219.59375
249787.796875,121520.296875
302390.59375,88650.1015625
540305.875,169449.5
495666.59375,227103.5
552786.0,23386.80078125
562829.3125,107436.6015625
554811.6875,33496.69921875
286166.1875,11502.5
357931.6875,162574.296875
294687.6875,12151.599609375
374418.59375,93187.296875
412697.09375,210477.59375
453222.5,227293.796875
413802.1875,225481.203125
338479.59375,138460.5
333849.6875,149215.203125
518677.8125,271475.40625
302290.90625,81114.0
536162.3125,133324.296875
307846.1875,78559.296875
537257.5,28194.80078125
567781.6875,147825.296875
494295.09375,189419.40625
314436.40625,72389.203125
471497.40625,61770.3984375
449138.5,192041.0
506070.1875,142673.796875
452611.1875,221359.59375
339144.59375,58623.30078125
378591.1875,156857.296875
455973.3125,129331.796875
458631.59375,168592.40625
259694.5,72171.796875
554006.6875,87204.703125
448858.8125,103149.6015625
524588.125,125284.796875
333541.1875,102156.0
488840.0,70839.5
480259.0,148316.90625
431672.59375,228057.90625
344540.59375,165075.40625
373331.6875,149666.09375
310723.40625,30739.400390625
307467.3125,62084.30078125
575875.125,47306.0
332754.6875,112226.5
335146.5,69557.5
512404.6875,273927.3125
294201.1875,91949.1015625
336090.09375,49790.1015625
329667.6875,16662.80078125
316867.59375,94867.3984375
481206.40625,224803.203125
347193.1875,193146.0
451813.0,132200.0
493706.40625,315552.0
485672.5,235713.40625
523618.6875,226840.796875
367995.1875,16688.099609375
429001.40625,266545.0
476201.6875,151556.203125
541140.125,67233.0
376535.1875,152781.59375
481759.59375,167799.40625
395026.59375,211840.09375
307634.1875,54945.1015625
493176.1875,197965.59375
359187.5,223649.203125
566899.125,35817.3984375
358486.5,246638.296875
572584.6875,38592.5
446742.09375,212393.0
326515.0,144534.296875
485705.8125,164145.59375
392698.59375,195875.796875
356843.90625,130902.0
510921.09375,111324.296875
566611.3125,162795.796875
303466.0,29081.400390625
303815.1875,59634.1015625
475844.90625,37711.5
270376.6875,19052.5
373410.09375,168960.296875
473510.0,246595.5
306440.59375,55050.80078125
541213.625,248575.703125
470387.90625,204337.09375
414564.1875,165909.59375
556536.375,91618.703125
534404.5,164128.40625
391943.5,171360.296875
464553.0,242104.296875
296616.1875,24137.19921875
289491.5,19723.30078125
514358.1875,199522.09375
395206.90625,256795.296875
519274.90625,187715.90625
439919.0,132011.796875
563116.5,94281.0
514889.3125,84755.8984375
306254.6875,18269.599609375
304317.09375,103521.796875
251504.40625,26823.400390625
313303.59375,11803.2998046875
500326.09375,143959.703125
272129.40625,15357.400390625
380206.59375,196656.90625
584825.0,85648.796875
318418.6875,127085.5
260798.40625,15979.7001953125
485160.59375,252033.796875
309688.6875,68215.5
530933.0,103875.0
417892.3125,169819.796875
372566.90625,98267.796875
363751.1875,169724.0
544673.3125,160617.09375
482262.1875,143986.0
494648.8125,136240.40625
313840.3125,26484.80078125
516454.0,246780.90625
464102.6875,224871.09375
500758.09375,216269.40625
550232.625,49043.1015625
392591.09375,173432.59375
376760.8125,204853.203125
358294.0,145428.203125
543194.375,111167.5
387656.5,108855.203125
646325.5,25401.099609375
512396.90625,134604.703125
293911.59375,67445.6015625
359617.59375,102195.3984375
455165.0,164443.203125
453265.59375,150658.90625
451135.5,222395.09375
420325.5,223463.203125
423366.0,121034.703125
319215.09375,131492.703125
562355.875,23109.69921875
517123.3125,19266.30078125
538924.625,117768.1015625
473081.0,307903.40625
399082.6875,187026.90625
455672.40625,198331.5
434518.5,225636.09375
346232.6875,96097.6015625
475632.0,170876.203125
458485.59375,201778.703125
383809.0,141396.203125
271718.5,23681.5
306200.90625,13944.599609375
458849.40625,127350.296875
403970.90625,271428.6875
334326.09375,83445.1015625
496609.59375,169575.203125
462427.40625,208404.5
324117.5,157696.5
319366.40625,116767.8984375
366683.0,118201.6015625
305871.8125,21608.30078125
325364.5,46377.3984375
511101.09375,114718.3984375
422165.6875,141891.296875
305850.59375,28751.099609375
298279.5,30295.900390625
258638.09375,36894.3984375
506970.3125,201086.203125
416911.5,213242.59375
331520.5,49783.3984375
446844.5,94064.703125
465840.0,166546.90625
281570.40625,48421.1015625
254508.0,56548.6015625
491610.5,228893.40625
546464.125,163101.40625
303550.90625,28637.0
520800.5,35929.1015625
334301.5,194544.703125
536429.0,150505.203125
294819.40625,18691.599609375
260345.90625,51370.8984375
531631.5,235255.5
445337.8125,207229.203125
367493.5,129479.203125
321466.5,160887.40625
306366.09375,16579.900390625
389168.0,171323.59375
413333.3125,171427.796875
366557.1875,84914.3984375
457719.5,92443.796875
317493.5,58703.69921875
298242.0,41077.19921875
404329.59375,220642.5
289374.0,32930.5
400270.90625,83310.3984375
394212.40625,293225.0
410249.0,217231.703125
302943.0,27150.19921875
271410.3125,27129.69921875
339151.40625,153776.59375
333485.90625,144635.40625
422396.0,151706.90625
430949.09375,170434.203125
347533.40625,122315.3984375
376563.5,104069.1015625
290750.09375,46284.5
490219.5,223313.5
441741.40625,281344.40625
310728.90625,30952.30078125
294342.5,71948.5
422612.3125,188443.296875
274600.5,22050.400390625
388731.59375,66673.3984375
566899.1875,75650.796875
271291.1875,23116.900390625
293778.5,61403.8984375
301309.09375,68910.0
412854.0,205810.0
403357.5,90949.8984375
355206.3125,132011.703125
474333.5,152582.59375
252271.90625,28671.69921875
484992.8125,275376.3125
293300.09375,13688.099609375
441331.1875,170862.90625
468509.0,201211.703125
248680.40625,46579.5
292166.0,12551.2001953125
308915.0,72122.8984375
334030.40625,100656.703125
480658.09375,216906.90625
547327.3125,143040.703125
465724.09375,130889.3984375
313908.40625,55718.3984375
363026.5,229709.09375
484063.5,224590.90625
294878.5,46075.3984375
516636.6875,193287.40625
511137.0,58204.80078125
532843.8125,144686.90625
331197.59375,272039.0
523785.90625,165014.203125
303179.40625,40461.1015625
288554.40625,23934.400390625
360405.90625,209200.703125
295003.59375,70959.296875
497360.1875,37598.8984375
516851.5,163073.703125
306472.40625,69858.703125
479845.5,76198.203125
367517.1875,39935.69921875
490688.0,295126.3125
497194.40625,152038.203125
416247.09375,172557.203125
309332.59375,11665.0
471226.40625,133176.90625
362080.3125,170675.0
498366.6875,119751.5
286988.1875,36390.6015625
309531.90625,220238.59375
490492.90625,270366.40625
371353.0,130838.296875
491859.3125,195366.90625
535734.5,25122.900390625
351623.5,111722.703125
381480.1875,154850.40625
385020.0,180242.296875
338694.59375,29487.30078125
333387.3125,60593.8984375
476133.09375,245314.5
378693.1875,166812.203125
410319.3125,198206.0
523294.1875,152419.40625
290868.6875,11950.5
304796.1875,12094.099609375
466765.1875,230275.296875
513956.0,212277.90625
303403.6875,188667.40625
480198.59375,34395.19921875
446611.09375,179343.296875
414315.8125,221552.90625
471957.8125,207971.09375
395558.6875,191312.203125
396463.8125,106284.1015625
333913.09375,56164.19921875
548780.3125,180620.796875
531300.6875,172897.296875
389673.0,191925.703125
489280.6875,205175.09375
456522.3125,116695.0
300787.40625,54019.6015625
532922.5,189772.296875
466273.40625,191734.796875
358047.90625,156588.203125
325343.59375,13553.7998046875
497739.6875,247435.5
390218.5,288105.40625
550521.3125,66026.0
374694.09375,235793.5
338238.8125,113832.1015625
341596.40625,129619.8984375
386948.6875,225915.90625
314821.1875,32963.5
435810.8125,253800.0
402951.90625,168020.59375
390088.1875,95368.3984375
487375.90625,261377.90625
379214.90625,177949.703125
387574.59375,139642.203125
292296.8125,13290.900390625
427724.90625,212023.09375
413112.1875,155054.0
387406.3125,175162.5
345839.09375,108089.703125
362668.8125,197097.296875
364824.6875,231742.796875
391351.6875,157804.40625
347024.5,149774.203125
317775.1875,141714.296875
444549.8125,198905.0
435816.6875,87951.8984375
466659.1875,124327.3984375
450568.09375,195597.0
321376.40625,80223.203125
354936.5,112408.8984375
421211.90625,205775.59375
373176.90625,22876.400390625
305483.0,110482.796875
412605.40625,243420.203125
533156.125,87135.703125
428986.59375,15038.5
565170.6875,70051.5
285396.6875,20079.19921875
306321.3125,17657.5
530119.3125,234675.5
324618.5,110644.703125
416513.1875,146353.796875
477063.5,46850.19921875
457690.3125,75042.5
489320.90625,244513.09375
311056.59375,74331.0
335959.6875,146454.703125
270417.90625,10386.7001953125
531613.6875,64471.30078125
359041.0,134863.90625
530354.3125,185910.5
579327.875,107521.796875
300721.40625,46558.69921875
302078.6875,74473.8984375
292190.09375,35755.5
343783.5,229082.703125
541424.1875,101672.6015625
291170.5,14540.400390625
458287.8125,219142.5
330060.6875,118565.0
462332.3125,241771.0
384380.5,229665.203125
527689.6875,137860.5
573943.875,51126.8984375
400906.09375,106802.296875
354759.6875,35926.8984375
502454.1875,136455.59375
349235.5,78215.8984375
396556.3125,207878.0
313382.90625,34057.6015625
251234.203125,47927.69921875
541623.875,43111.69921875
333910.59375,116911.0
390820.5,163436.90625
310938.1875,47608.69921875
290118.3125,20349.5
280782.59375,51435.5
480461.90625,210020.40625
427772.90625,164330.203125
477315.40625,227208.796875
325651.59375,105093.703125
517129.40625,159004.09375
491921.8125,225936.40625
338954.09375,208662.90625
315593.90625,55319.5
475320.5,309394.09375
396645.3125,139923.09375
488433.5,190087.0
499334.59375,110251.1015625
393458.90625,71339.203125
318973.1875,132243.40625
366196.3125,150686.296875
305642.90625,12017.7998046875
533437.3125,125890.703125
398570.1875,236069.09375
485443.8125,273185.90625
379791.1875,90500.796875
412019.1875,181751.40625
303900.1875,12011.7001953125
459967.1875,217172.296875
416808.0,127209.0
539301.1875,160288.5
565409.8125,29370.0
562083.5,113387.296875
369439.40625,91549.203125
309149.6875,36060.8984375
509003.8125,219926.796875
310900.59375,57850.19921875
263789.3125,46158.8984375
338096.3125,134732.203125
535230.375,136215.296875
558085.125,22363.900390625
405802.6875,153588.296875
431864.90625,233888.0
296691.6875,34926.30078125
553398.1875,103618.5
449974.90625,204493.203125
291752.90625,61696.1015625
503422.6875,94997.8984375
509554.90625,253238.09375
305922.8125,101212.203125
433881.6875,218570.09375
303343.90625,54604.80078125
349058.09375,143374.90625
310095.1875,16340.7998046875
358142.6875,108455.1015625
533934.6875,115865.796875
441221.1875,112274.703125
418951.59375,231637.40625
533207.875,93321.5
460356.09375,221542.796875
290354.40625,15336.900390625
361879.8125,48507.30078125
479438.40625,242329.796875
269076.09375,73643.203125
540055.875,65343.30078125
477308.6875,147947.09375
318341.6875,76909.8984375
365471.6875,134026.203125
497481.5,73342.5
471091.6875,207419.5
320317.6875,32017.0
527031.875,81692.1015625
303363.40625,42922.8984375
410280.90625,216762.296875
340192.09375,108115.703125
542443.3125,105072.8984375
538133.875,230542.59375
402130.40625,138687.296875
251740.796875,34777.19921875
426045.59375,132250.90625
293465.1875,111970.703125
295513.40625,131189.703125
505441.90625,198442.09375
308475.1875,15146.900390625
278542.40625,32661.30078125
283334.8125,26157.30078125
502059.40625,179268.796875
349389.59375,97811.203125
318755.1875,11937.599609375
422434.09375,243727.90625
580048.875,35792.5
466175.6875,220974.40625
442888.90625,237009.40625
550700.3125,75265.796875
324076.40625,14117.7998046875
516487.09375,72437.203125
455342.40625,136693.09375
296411.6875,63613.6015625
345454.6875,107377.1015625
542936.125,193751.40625
469004.40625,148844.203125
251716.90625,52241.1015625
463276.90625,235603.796875
556799.875,38356.1015625
491527.40625,172613.796875
293469.1875,53304.1015625
301416.5,22982.099609375
509516.90625,170843.90625
487949.1875,197675.5
370635.09375,137150.59375
435140.8125,138786.40625
349158.09375,39298.0
313655.40625,19597.599609375
397550.0,114249.703125
320470.0,60919.5
423692.8125,192956.90625
321234.59375,135131.90625
413335.8125,173186.59375
300784.0,17266.5
384816.40625,167813.5
348976.3125,112269.1015625
332440.90625,175715.796875
578471.125,23479.599609375
443969.09375,225357.296875
343807.90625,165489.59375
520523.5,247376.796875
389350.0,98135.0
273561.1875,42528.19921875
318898.0,105824.5
290138.6875,51176.69921875
248511.296875,10191.599609375
495052.0,62725.69921875
470820.5,146915.203125
288324.3125,42330.8984375
569282.375,142767.0
560924.1875,118988.703125
296490.8125,117134.3984375
358169.0,191825.09375
269889.3125,47172.3984375
298762.09375,79567.0
369833.40625,149683.09375
350531.0,161132.796875
403140.5,112271.5
549113.875,29727.0
512648.59375,185688.90625
407047.40625,124600.5
469451.6875,176517.203125
340470.5,75614.6015625
528443.625,182897.5
285121.0,73612.296875
278946.59375,91514.796875
318104.6875,94520.203125
426755.0,149700.203125
340606.0,30705.400390625
552028.8125,36508.3984375
496099.09375,48939.8984375
274341.5,42792.8984375
500142.6875,344820.1875
370599.0,91609.0
348450.3125,76313.3984375
343574.90625,59533.80078125
479179.09375,16815.599609375
325799.3125,76208.296875
380914.3125,127405.5
457729.8125,251259.40625
343788.09375,134105.5
383513.90625,92575.6015625
457757.0,215267.5
332714.3125,110562.3984375
430955.6875,233948.703125
458133.40625,250423.5
293652.6875,24159.19921875
354484.8125,177152.90625
279613.0,53798.6015625
313087.09375,14047.5
494395.09375,139684.0
365707.0,163259.203125
383405.5,165750.796875
299683.5,42637.5
503293.3125,18684.900390625
498287.09375,322213.3125
314026.8125,91888.0
409926.3125,123419.6015625
372459.09375,85489.0
504666.40625,197120.09375
312921.5,83340.203125
339070.90625,175563.0
332584.6875,17856.69921875
420945.8125,203202.59375
296928.5,12118.2001953125
519224.0,166309.40625
296051.3125,12625.900390625
472665.5,30016.099609375
390435.8125,149932.90625
304068.59375,18816.5
509940.90625,101093.6015625
500909.5,210428.203125
512760.0,263630.3125
288568.40625,15572.5
534989.6875,158896.203125
324679.8125,77136.5
413538.5,228885.703125
277135.0,20652.0
522465.3125,54043.3984375
494244.3125,103821.1015625
293339.8125,22697.30078125
413114.8125,238741.5
299512.5,44274.19921875
491337.6875,279613.59375
529052.3125,140401.40625
318401.59375,96065.5
406870.59375,164670.0
418076.59375,94186.296875
558145.1875,122040.203125
576745.5,24475.599609375
469940.59375,94517.5
466009.90625,194561.59375
351192.5,125856.203125
506352.3125,135841.5
370632.8125,139820.09375
245955.40625,104916.5
537728.625,126174.6015625
323322.40625,56318.30078125
453882.3125,248734.296875
376726.3125,256742.0
309842.59375,86751.296875
317868.0,81496.203125
533906.0,98646.703125
446386.0,171617.203125
510364.8125,94459.3984375
419757.59375,138983.296875
322502.09375,23716.099609375
348154.8125,178444.0
503649.59375,165436.09375
458782.59375,252855.09375
441615.3125,193547.296875
536795.125,200949.796875
384205.5,170682.703125
469026.6875,201142.59375
369500.8125,53395.8984375
299627.0,11336.2001953125
347439.40625,91897.0
433032.6875,112405.703125
326826.1875,125855.703125
508917.59375,244448.09375
352311.0,145724.09375
310810.0,121789.1015625
300509.3125,40195.3984375
310828.59375,52235.5
472977.90625,209443.09375
394460.5,226439.203125
386524.09375,162819.296875
514802.1875,123799.703125
466282.3125,186204.5
364182.6875,35875.69921875
513948.90625,163373.0
345656.6875,247625.203125
549153.5,144195.703125
348280.09375,177721.796875
552987.5,152847.703125
487043.59375,111586.3984375
276997.1875,11680.900390625
486284.6875,282435.8125
478607.6875,177341.90625
452656.09375,234083.09375
454686.0,247411.703125
493274.59375,205607.90625
521545.1875,101659.8984375
468213.6875,105501.8984375
314842.8125,143453.90625
399926.0,164830.296875
496361.40625,213645.40625
333706.59375,55137.1015625
308891.09375,51176.30078125
376145.40625,207137.90625
359908.59375,147016.40625
327719.09375,102417.8984375
446630.90625,221600.796875
306355.09375,45320.3984375
419302.8125,101465.3984375
567971.5,23419.80078125
534301.875,161864.90625
377803.59375,179592.59375
537743.5,315855.09375
370301.5,107824.703125
459322.3125,219740.203125
405845.09375,247478.90625
282400.0,19667.80078125
490575.59375,243634.59375
439492.90625,196604.40625
406641.59375,195749.40625
407756.8125,177125.703125
372200.6875,89349.5
498040.1875,203029.5
420493.1875,177877.59375
379281.3125,178965.90625
359923.1875,85690.8984375
357742.6875,135135.90625
479088.09375,269664.1875
527912.8125,140967.90625
282719.1875,40888.30078125
321046.0,33389.80078125
352419.09375,124406.6015625
309297.0,100552.3984375
533384.875,57168.69921875
424416.59375,67715.796875
276386.6875,32324.900390625
359264.1875,80183.3984375
376150.3125,91760.3984375
518001.40625,235262.0
303015.6875,21826.69921875
488746.90625,152683.703125
506602.59375,153924.40625
474597.90625,226104.296875
291019.09375,15552.400390625
423206.90625,160819.203125
366995.1875,28768.30078125
573317.1875,42715.8984375
500376.5,173570.296875
542126.875,196458.203125
336736.0,158639.59375
464570.6875,268032.90625
433197.0,274091.1875
503226.6875,182644.0
283496.3125,35434.3984375
387828.40625,114753.0
412367.0,166229.703125
368715.8125,127652.796875
416154.6875,203776.0
308350.3125,22505.80078125
369320.5,222593.0
395951.40625,222949.703125
306806.3125,69811.3984375
410500.09375,190492.296875
424359.5,49637.30078125
477385.40625,217533.40625
540827.6875,210548.203125
427437.59375,239178.90625
536708.375,133687.296875
468793.59375,229198.90625
403300.6875,202170.40625
314311.90625,43808.0
411239.6875,139525.703125
504303.6875,129002.3984375
507438.09375,213151.296875
468628.90625,100084.703125
315861.0,133057.703125
378699.3125,112532.8984375
485728.09375,206371.296875
552791.6875,37782.8984375
470733.09375,277621.90625
315299.1875,76778.8984375
277745.5,30901.30078125
353923.40625,150612.90625
487808.1875,234587.203125
314658.90625,18061.19921875
433975.40625,170245.40625
341835.59375,120161.3984375
318255.1875,40774.8984375
443629.1875,228230.40625
500342.6875,96478.8984375
409237.8125,186729.90625
444770.1875,145072.203125
306124.0,12124.7998046875
448415.90625,200746.40625
360354.8125,152809.703125
407637.6875,213840.40625
299427.0,50664.3984375
544478.8125,173921.203125
487559.40625,184780.796875
301063.40625,12960.900390625
340511.90625,102149.5
389198.59375,96895.796875
296260.59375,33627.8984375
557783.1875,24231.900390625
387560.09375,210648.40625
491298.59375,204347.09375
448531.09375,268954.8125
347032.8125,12467.7001953125
343093.59375,172820.796875
286802.59375,20402.900390625
495346.6875,141997.40625
524434.1875,181397.40625
569993.875,40435.19921875
417109.3125,161457.40625
296516.6875,17206.69921875
535157.5,73205.296875
385755.59375,197530.59375
473393.90625,203423.40625
391982.0,268121.09375
528747.125,268963.90625
285912.0,76269.703125
550725.5,38338.3984375
326876.90625,120302.703125
528506.625,204289.296875
501587.6875,43803.3984375
327930.6875,130270.3984375
455785.09375,234515.203125
291078.6875,22726.900390625
289786.0,121800.296875
367648.6875,140995.296875
421153.1875,147100.203125
478454.90625,238229.40625
294361.09375,11091.099609375
419159.90625,175125.90625
442473.8125,265437.6875
538085.5,81514.6015625
331307.09375,71490.296875
345020.1875,18808.30078125
497901.5,107774.296875
494539.09375,137076.703125
385314.59375,105944.6015625
297261.0,29761.0
395345.8125,108714.1015625
441837.1875,170218.203125
440330.90625,226389.203125
369713.1875,119468.796875
391206.0,174805.09375
348246.59375,111627.296875
543055.1875,144422.59375
277400.59375,29337.099609375
371853.0,130588.0
267835.6875,70982.703125
319180.09375,56465.0
541280.1875,214927.796875
456063.5,252074.59375
381581.5,158779.703125
570393.8125,125847.296875
440574.5,184105.796875
502837.8125,159676.90625
515347.59375,124059.1015625
382092.5,186226.5
503370.8125,226243.09375
386905.6875,213108.703125
379386.09375,171997.296875
521099.6875,156153.796875
516310.09375,247079.203125
369255.8125,124944.1015625
297352.59375,61613.1015625
459692.3125,232788.5
283543.40625,117744.703125
533030.8125,148686.59375
377663.8125,157070.5
364032.6875,106610.8984375
419916.09375,20760.80078125
446736.8125,200616.296875
429844.5,283686.09375
517560.1875,173630.40625
533567.0,157875.703125
526782.125,176598.203125
481370.8125,102372.8984375
464632.3125,157084.296875
565640.5,155241.796875
394758.8125,289002.90625
445590.6875,60895.1015625
489200.3125,142089.09375
433210.09375,263974.8125
519937.3125,152335.796875
433694.0,293125.09375
319978.59375,76004.203125
298009.59375,16169.5
326003.09375,90434.1015625
390668.6875,76419.5
422049.8125,178152.5
586112.625,24645.599609375
504590.09375,69009.296875
556432.0,90846.6015625
294015.59375,35377.80078125
333543.8125,118393.8984375
307355.1875,40828.1015625
427842.1875,276934.6875
466811.5,118145.8984375
273598.3125,36654.30078125
315165.3125,27295.900390625
281175.3125,57351.6015625
300885.5,29254.0
433309.1875,191043.203125
514568.40625,163331.703125
342504.6875,156598.0
307157.0,82761.8984375
409686.59375,192524.703125
319768.59375,81727.5
345628.90625,194875.203125
503981.0,149521.09375
294007.0,19756.900390625
266744.8125,33092.30078125
339109.5,56573.80078125
458927.6875,82751.703125
429072.1875,165703.0
303076.59375,109845.5
458378.09375,131242.09375
241059.40625,78809.203125
540708.6875,55064.30078125
318270.3125,68233.0
348615.5,93401.703125
330944.1875,29664.30078125
505798.3125,139630.09375
368981.6875,169334.09375
303232.6875,43906.6015625
333680.59375,12351.7001953125
295745.40625,84534.8984375
332128.40625,136875.40625
536588.125,21988.599609375
438554.1875,151047.296875
332040.6875,166339.40625
448007.1875,234922.0
524150.09375,168691.90625
264871.1875,120382.203125
542168.1875,21373.900390625
429360.59375,201115.59375
396971.8125,134585.0
363174.6875,58708.30078125
474958.0,194800.703125
595820.125,26993.19921875
328415.6875,115767.6015625
379421.1875,107844.6015625
544606.8125,58510.1015625
294506.40625,11149.5
315035.40625,12342.599609375
475301.8125,89077.1015625
348355.3125,97952.796875
544491.6875,67588.3984375
480264.09375,207599.09375
543018.875,194347.40625
356421.40625,172298.296875
509360.6875,239699.296875
294027.1875,13659.900390625
384879.1875,171057.40625
404903.8125,129370.0
281953.8125,98223.0
430354.6875,171406.796875
527483.375,33644.30078125
525240.3125,19147.599609375
448731.6875,214986.59375
485105.8125,266731.09375
505958.40625,133953.09375
571249.6875,27710.69921875
273420.3125,10988.0
336938.0,175100.703125
566148.125,40543.19921875
338457.3125,145334.09375
444861.6875,150567.09375
298008.1875,11616.7001953125
449016.1875,57681.3984375
264130.90625,46487.8984375
555285.8125,82373.1015625
342306.59375,105405.0
478379.09375,53022.6015625
301355.6875,27177.0
480752.8125,205242.796875
292682.1875,32103.400390625
407274.09375,91669.203125
428241.8125,180887.703125
496247.6875,183958.09375
442286.8125,212047.59375
545348.1875,152172.09375
349128.90625,92168.6015625
420532.6875,94084.3984375
569449.3125,109651.5
394197.3125,217380.796875
296131.6875,127515.3984375
323917.3125,89895.8984375
317317.90625,146919.90625
414594.0,89816.1015625
463768.59375,206983.59375
336723.40625,40213.8984375
309994.6875,88311.8984375
470933.3125,125535.5
466266.3125,213846.703125
522116.1875,262713.3125
502513.6875,219311.09375
310764.09375,188004.90625
391629.6875,141067.09375
262432.40625,39890.6015625
337047.59375,101223.203125
317883.6875,35034.8984375
556474.125,66965.296875
298790.09375,70939.0
272965.5,10757.2001953125
475743.5,255227.203125
475518.40625,238132.796875
542383.3125,61374.1015625
308986.90625,30098.099609375
460821.1875,194146.703125
446121.1875,51883.8984375
514198.5,305981.1875
286738.90625,56026.8984375
409283.59375,113920.796875
450842.8125,109142.1015625
340772.59375,107764.5
396884.5,246032.59375
322294.8125,187234.5
457854.6875,203899.0
502559.6875,228132.5
309716.09375,67261.1015625
571943.1875,21350.400390625
434618.59375,114574.0
424859.6875,212360.59375
325552.3125,126207.0
281558.5,118957.203125
318425.3125,73424.5
361888.0,139292.703125
340651.1875,79530.6015625
339745.40625,155793.59375
567449.625,49563.30078125
449788.09375,182104.09375
542930.3125,159179.5
317845.1875,15219.5
493542.8125,311153.0
465432.59375,184252.703125
562002.1875,66326.1015625
250983.59375,55282.3984375
412413.1875,158268.59375
347501.6875,126358.3984375
449915.40625,234135.40625
454290.8125,182353.0
378669.8125,93163.796875
311674.90625,96370.0
256283.703125,31151.19921875
493572.90625,62929.8984375
289092.3125,136200.09375
516852.59375,75316.0
467059.6875,217572.796875
529001.5,123781.1015625
435556.8125,120068.796875
306801.8125,63718.5
447305.09375,189724.203125
333696.6875,109392.6015625
410284.40625,49419.0
376369.09375,238510.59375
486183.5,249713.09375
293444.1875,46791.30078125
503851.40625,195715.296875
389321.59375,221451.40625
488859.59375,210003.703125
417319.40625,152431.90625
257502.40625,39006.3984375
426116.59375,202472.09375
319137.1875,84946.0
395167.3125,239026.0
523334.3125,114280.703125
506127.5,20271.69921875
311874.40625,46485.80078125
339451.40625,123732.5
547064.125,139898.40625
313917.59375,12066.2001953125
339107.09375,47770.1015625
522072.6875,231465.796875
386989.3125,215812.0
400430.6875,173194.90625
372190.3125,137226.40625
504617.59375,140216.90625
290253.8125,39887.19921875
351958.0,124765.203125
284358.59375,27583.19921875
559820.625,95572.203125
331355.1875,84514.1015625
416886.1875,204777.09375
409195.1875,270941.40625
344218.90625,84356.8984375
276034.09375,23444.80078125
381618.59375,118942.0
499198.1875,40415.80078125
398584.5,217036.59375
295394.8125,37277.80078125
310032.6875,114174.3984375
258511.09375,52530.69921875
320090.8125,137407.90625
380216.59375,104994.5
436713.40625,154888.90625
565104.625,40646.1015625
348655.09375,168174.40625
460381.0,264456.3125
522711.5,127449.5
490918.59375,213339.40625
457134.3125,181062.796875
313367.40625,11691.5
433577.8125,230513.703125
535034.625,97744.796875
377404.1875,166765.40625
420384.90625,201865.703125
381412.5,169750.5
503424.5,105739.5
492638.1875,262183.40625
439833.3125,226210.796875
412390.09375,188299.40625
362655.0,134951.59375
276346.09375,103035.796875
450228.40625,138239.40625
302448.09375,42026.6015625
441638.3125,213285.296875
295574.0,36385.3984375
335987.8125,67577.703125
411766.8125,211054.296875
441278.8125,296222.40625
557231.5,96682.203125
453723.3125,183759.5
484640.8125,189994.203125
417817.8125,275629.0
540684.125,192231.0
362560.90625,198695.5
411041.1875,199728.296875
379113.40625,86839.3984375
507591.1875,197670.40625
269085.5,66524.1015625
418303.09375,207582.40625
475787.0,280010.8125
531210.5,64871.5
296615.5,44898.19921875
404374.8125,184682.796875
300017.40625,46820.5
436076.0,267554.59375
505309.59375,146488.796875
551951.125,83328.1015625
448205.59375,173769.5
346056.09375,151134.296875
264311.90625,61812.69921875
316116.90625,22177.900390625
535495.125,56933.19921875
353457.90625,83241.703125
372683.59375,146150.40625
324342.6875,162747.796875
294719.0,21909.30078125
347400.1875,139282.296875
451012.8125,158047.796875
404847.59375,132059.0
509025.3125,222502.296875
516063.59375,136329.796875
444421.3125,135224.296875
285944.3125,19554.0
473682.09375,145966.09375
341683.59375,211058.0
302942.90625,13448.7998046875
417455.40625,234598.203125
326402.0,100731.5
377406.0,215602.703125
441177.6875,125774.3984375
305949.1875,116455.296875
335787.3125,111672.296875
402259.90625,185336.5
423106.3125,66595.703125
307381.09375,13039.599609375
312026.09375,82985.1015625
517101.5,136099.90625
312886.90625,97423.3984375
462471.3125,224640.40625
442066.6875,264652.1875
552066.625,92879.0
309964.0,51055.19921875
589159.875,80380.796875
346983.0,166004.796875
329398.3125,190105.203125
288911.6875,14138.2998046875
379181.0,110066.796875
374325.6875,161813.796875
452370.09375,219281.0
317099.5,109177.296875
505768.40625,88298.0
535026.0,24688.099609375
409225.8125,118740.6015625
531486.125,127456.296875
427227.6875,175817.796875
335269.40625,71548.3984375
547119.1875,203388.90625
268049.3125,43840.3984375
331556.0,113443.296875
519338.0,183547.5
309487.5,52666.6015625
531250.3125,87086.203125
539445.6875,159614.796875
354978.6875,132340.40625
300870.09375,39361.5
320431.3125,28650.400390625
525865.125,186319.0
431336.0,142344.203125
481177.5,214134.59375
490136.3125,180417.59375
371753.0,113862.6015625
320482.40625,71839.796875
305621.0,65027.30078125
391145.0,154355.796875
384794.6875,186575.796875
345121.3125,185493.796875
477602.0,73406.1015625
525347.8125,85899.6015625
442664.6875,182461.796875
345048.40625,68132.8984375
290870.6875,64502.8984375
294661.90625,17938.80078125
427591.90625,296844.1875
399824.59375,159797.40625
467571.5,193160.296875
491148.1875,249566.296875
315898.8125,74212.296875
565649.625,113003.0
469401.09375,163588.296875
542524.3125,128818.703125
475364.1875,128368.8984375
320818.6875,94266.3984375
302128.09375,11580.599609375
304365.3125,15237.900390625
494569.09375,47796.1015625
510361.3125,78374.296875
384881.5,38272.69921875
406882.3125,60397.6015625
305576.90625,39617.19921875
285007.1875,11122.599609375
451727.5,81227.203125
299456.3125,67727.5
280104.1875,17011.900390625
350267.5,180181.296875
405095.5,148306.796875
493615.09375,74349.3984375
414719.3125,162237.796875
454083.59375,234633.09375
338941.3125,52194.5
514423.40625,94660.203125
386619.5,249345.0
304131.5,42686.19921875
326350.1875,96618.796875
434619.3125,155485.5
276397.5,125784.1015625
311481.5,74428.796875
389384.0,180619.0
303921.0,82390.0
348759.0,159366.203125
354763.3125,141050.0
300812.1875,11711.900390625
276467.59375,134876.40625
540849.5,121626.796875
347671.09375,68539.8984375
361511.1875,130825.8984375
506818.8125,214239.796875
411948.3125,182088.703125
300506.09375,21412.19921875
250842.09375,60188.30078125
408122.59375,106630.6015625
449365.8125,174653.90625
505565.90625,117055.3984375
278732.40625,10825.5
468007.59375,160806.09375
382506.8125,238195.203125
372030.6875,121264.0
296782.6875,86500.1015625
451534.6875,228224.203125
505570.40625,176963.5
340260.0,106001.8984375
302124.3125,32202.19921875
416752.1875,179929.296875
361751.1875,184506.90625
384167.8125,139605.796875
395526.59375,201821.09375
295603.3125,74571.703125
298229.0,33767.5
439863.3125,179460.203125
465573.1875,204132.703125
289926.8125,11466.2001953125
352075.6875,73587.203125
391649.59375,143615.203125
292167.6875,225555.59375
312205.1875,56654.19921875
300392.59375,118689.296875
355323.09375,123446.6015625
320430.90625,111793.3984375
475930.3125,149361.703125
359505.09375,139412.59375
412311.90625,148671.0
434249.8125,207918.203125
528257.8125,163823.09375
353712.5,121048.8984375
534058.125,94702.203125
541886.3125,79723.0
431038.59375,121885.6015625
294527.40625,57359.3984375
360799.6875,13368.5
552278.375,27856.69921875
369444.1875,168184.703125
390817.3125,125523.5
448449.40625,237524.90625
319565.1875,33615.69921875
532650.3125,144775.40625
448009.1875,160194.296875
409385.0,195305.90625
273365.3125,10943.2001953125
345550.09375,13019.7001953125
455317.6875,157400.40625
481972.3125,198994.59375
557923.125,44327.6015625
397154.59375,111712.6015625
401006.3125,166390.703125
349770.1875,55702.5
427251.6875,241289.203125
329682.59375,81215.3984375
289336.3125,90609.703125
338329.0,114758.796875
312096.8125,60575.6015625
304617.09375,42617.1015625
460921.0,142817.90625
385489.5,141811.0
479231.59375,160680.09375
301924.1875,16806.19921875
314176.8125,17211.80078125
374437.8125,178585.203125
299188.6875,16933.19921875
424890.6875,229767.0
538424.1875,51021.6015625
355565.6875,157652.203125
500678.59375,162531.296875
479789.6875,204123.796875
384371.40625,79556.0
410977.09375,145262.203125
402695.6875,57154.30078125
532447.125,49008.6015625
469773.8125,198005.0
368030.90625,228009.40625
464607.8125,120403.796875
563151.625,62510.19921875
306893.5,53029.69921875
380431.6875,200977.796875
527595.5,159044.296875
541644.1875,160965.296875
400084.1875,158035.40625
448636.90625,149630.0
398622.5,157578.09375
273202.8125,51657.80078125
324149.1875,140247.0
327787.3125,200219.40625
499184.59375,48622.3984375
443090.90625,170481.90625
297709.5,11743.900390625
434597.09375,109266.703125
382125.59375,267496.59375
430857.8125,171606.5
377272.1875,179419.703125
322774.1875,64791.19921875
299952.59375,13992.2998046875
345267.3125,12949.400390625
323988.09375,47891.3984375
395526.6875,220387.796875
295554.90625,21539.400390625
252737.90625,90095.0
436545.59375,187948.703125
313759.6875,120656.8984375
473679.40625,170876.0
387007.5,86322.8984375
376191.6875,124915.5
372649.8125,175702.203125
493650.6875,150648.296875
331363.3125,82839.703125
329745.5,144853.59375
480162.09375,274052.1875
291598.8125,78163.203125
293337.5,19246.900390625
299736.6875,84259.3984375
423902.0,153618.5
522686.1875,225159.40625
503857.09375,188607.0
363094.90625,115085.703125
534128.125,187113.09375
317351.8125,69453.796875
293749.40625,200566.703125
461202.6875,234390.09375
391417.09375,139202.59375
431849.0,132901.203125
403713.6875,88507.796875
544099.3125,139543.5
556027.6875,133557.703125
273549.8125,17402.80078125
495178.1875,213260.0
283420.3125,18847.19921875
292163.09375,16713.69921875
283242.90625,65229.5
351403.8125,107864.3984375
369677.40625,94996.0
498407.5,129532.296875
461805.6875,237489.90625
400950.3125,200038.296875
563011.5,45276.8984375
412518.3125,135395.203125
394390.09375,180718.703125
518005.90625,135783.0
379766.1875,152486.09375
319929.3125,55461.80078125
492097.59375,163807.09375
319360.09375,108627.703125
295719.90625,42271.1015625
391104.0,224959.703125
487749.1875,200471.59375
350497.8125,89747.796875
468557.8125,202625.90625
547570.125,95903.703125
282722.40625,17510.099609375
431953.90625,214190.90625
390823.6875,182967.59375
293238.1875,99273.3984375
315034.8125,16071.2001953125
515115.40625,204266.203125
476861.5,144426.296875
318544.1875,54433.3984375
289835.0,66212.8984375
544142.625,152313.09375
540265.875,124943.6015625
556066.1875,60409.3984375
296807.8125,14324.7001953125
289358.90625,23453.19921875
460433.40625,25936.80078125
490114.5,128242.796875
497331.0,149242.40625
485749.09375,184746.296875
289399.8125,17202.69921875
291748.5,19549.599609375
302070.0,11969.599609375
344749.90625,67128.296875
401633.3125,158563.90625
426070.1875,244206.40625
430568.8125,112736.796875
350377.5,138439.90625
328425.3125,118667.203125
497681.09375,264616.6875
339990.0,140522.703125
429972.40625,161868.90625
303433.1875,31599.400390625
491238.1875,151598.0
307683.90625,11477.7001953125
481928.0,225176.296875
340215.0,14029.400390625
517747.59375,19972.30078125
413155.8125,233730.703125
546320.0,185606.09375
530913.625,168558.59375
569726.0,78919.203125
303115.90625,57599.80078125
434079.59375,152762.703125
453840.59375,149820.703125
399934.3125,122166.1015625
503702.6875,227035.796875
436969.3125,19540.400390625
331113.6875,162370.90625
300349.40625,152049.09375
300382.40625,12812.7001953125
531025.8125,180145.296875
303631.40625,84731.296875
439833.8125,194685.703125
416648.0,166943.59375
306095.3125,103798.8984375
341154.40625,93541.0
324396.1875,136424.90625
503713.0,73446.3984375
364098.8125,49989.3984375
506154.59375,112193.203125
433017.3125,209570.90625
330240.0,110477.703125
362872.8125,156682.796875
287646.6875,10883.400390625
492248.1875,254700.09375
304552.3125,37236.80078125
337514.8125,81394.203125
510087.6875,40940.5
498132.40625,283685.6875
497970.90625,234045.203125
279295.59375,91142.8984375
395691.09375,237862.796875
387405.6875,134526.59375
322005.40625,71972.6015625
526830.0,91010.703125
500944.8125,168761.703125
283723.1875,134774.0
350849.6875,109927.6015625
478193.40625,210257.703125
424496.3125,100438.796875
389425.59375,53538.30078125
363274.90625,174998.0
396389.8125,220395.203125
312649.8125,62158.69921875
433010.90625,171098.59375
531568.5,84412.703125
347167.6875,114625.3984375
311137.1875,55797.0
284441.1875,20857.099609375
567667.375,26000.69921875
412688.59375,98225.8984375
537400.625,169817.296875
543086.375,166741.0
292243.90625,11797.099609375
387419.5,195404.09375
353666.5,151545.59375
311412.6875,22177.0
536233.0,34545.0
495682.40625,130173.1015625
512867.90625,210505.203125
461492.0,289328.0
517444.09375,125922.203125
322893.8125,73386.3984375
314503.40625,42221.0
476123.3125,209806.703125
470754.09375,82556.6015625
434034.8125,157009.40625
507837.5,206126.203125
409047.1875,62672.1015625
465098.6875,185074.0
490304.09375,91205.3984375
422113.3125,195365.40625
558484.8125,49919.19921875
367126.0,182289.203125
483749.1875,268178.40625
460611.09375,188288.40625
558269.8125,53063.30078125
471776.40625,240744.296875
349921.5,105688.796875
313867.5,76527.8984375
313775.8125,12529.2001953125
332013.6875,103831.5
530587.5,211808.0
528313.5,88296.6015625
344838.40625,136595.296875
471499.09375,242318.703125
303809.90625,104659.1015625
346783.1875,111077.296875
399301.3125,145806.90625
397547.40625,157581.0
408765.3125,113303.296875
483009.40625,202257.09375
462967.5,246449.703125
520390.90625,156270.90625
287335.6875,128547.6015625
361397.3125,198750.703125
525777.6875,121015.3984375
300991.3125,48499.69921875
439292.8125,196561.40625
567068.625,86554.1015625
412277.8125,231002.40625
307081.90625,129656.3984375
472625.6875,234212.59375
365641.1875,160743.90625
298968.40625,46974.19921875
286069.59375,23513.400390625
536103.5,105817.3984375
362213.6875,145359.5
414663.1875,166470.5
486472.8125,166911.59375
256504.90625,12884.7001953125
303068.40625,14878.0
296417.59375,175433.5
520548.40625,63254.30078125
376824.8125,167541.296875
528642.0,64560.5
411530.90625,199028.09375
561567.3125,22786.099609375
420260.5,116358.6015625
313189.59375,47716.5
298955.40625,69895.0
333064.0,45125.1015625
294945.90625,65099.80078125
314536.5,51004.30078125
409420.0,158504.90625
526495.625,232466.59375
550336.6875,127781.5
482430.59375,33493.30078125
497896.8125,145447.59375
284350.1875,62076.0
350854.59375,150826.0
502407.1875,172009.0
486389.8125,203410.59375
334537.90625,84308.203125
519995.90625,195203.296875
492385.09375,197712.59375
370769.8125,162434.796875
506697.90625,66673.1015625
430664.1875,114045.0
308457.8125,41344.30078125
298088.40625,11922.5
390546.3125,180573.59375
353605.6875,27964.0
480448.8125,69838.0
404883.40625,228447.296875
283241.3125,14756.7998046875
282536.59375,31266.19921875
494703.90625,112129.0
322194.0,130260.6015625
543036.3125,228611.796875
306329.3125,52711.8984375
468501.6875,196838.5
460725.40625,153954.5
509056.59375,145247.5
337799.3125,152799.0
324040.59375,93569.1015625
502163.5,169317.5
499743.90625,196667.703125
320142.8125,121312.6015625
294871.59375,83839.0
460764.6875,158073.5
339978.1875,143049.5
374199.5,113228.796875
408034.5,179026.59375
368465.8125,159927.40625
515544.40625,90188.5
565902.625,44843.5
345541.5,158150.09375
402024.5,147662.09375
349339.1875,121849.5
371482.8125,152458.09375
345352.90625,84077.203125
289445.40625,123689.796875
346573.0,184578.0
287887.09375,15839.2001953125
338383.0,68282.1015625
361602.59375,127567.5
247747.203125,70361.296875
370791.40625,93496.5
300459.0,17568.80078125
446521.0,189426.59375
282409.6875,27241.099609375
528346.875,162578.0
465362.90625,213431.203125
296214.6875,14369.0
298152.40625,36895.80078125
490050.3125,41566.80078125
342068.40625,113899.296875
423860.0,236200.296875
454798.0,208660.09375
336955.40625,51712.0
529500.6875,247186.0
430704.59375,215568.796875
274681.8125,37694.1015625
544760.875,197732.0
340110.90625,149429.296875
301463.09375,18194.099609375
359642.40625,140100.09375
317995.59375,80769.203125
345649.3125,118775.1015625
322706.6875,96320.296875
422881.40625,225963.5
438083.90625,179263.0
313344.1875,100124.0
464211.5,255254.796875
282111.1875,24642.599609375
431774.90625,197755.5
342177.59375,201673.796875
512342.8125,168570.59375
316864.90625,86528.0
336882.40625,123290.203125
496394.6875,206090.0
392037.8125,172147.0
489624.09375,128932.6015625
497665.40625,19825.30078125
292825.8125,19640.80078125
499925.5,129004.5
522337.5,256157.09375
536296.3125,225809.296875
432934.09375,163283.5
486591.5,191571.40625
298620.09375,45472.1015625
485436.09375,180390.796875
490303.3125,178998.59375
313152.8125,29479.099609375
416800.40625,238304.0
517548.09375,229936.0
355784.59375,130837.1015625
339620.90625,146686.203125
309622.59375,14122.7001953125
398030.59375,145268.90625
295430.90625,138494.5
433522.40625,163051.5
454970.90625,156414.90625
313276.6875,81569.5
297857.3125,15685.7998046875
531919.8125,227569.40625
501573.90625,175421.0
396431.59375,151951.59375
434036.1875,213792.5
276927.09375,15368.2998046875
294329.90625,28864.69921875
469052.40625,250948.5
361530.40625,132602.296875
498088.3125,134154.796875
463221.40625,273854.1875
544834.1875,128533.5
417823.90625,193318.796875
300202.90625,35134.19921875
428355.6875,167938.5
483198.90625,245275.0
476486.40625,222847.796875
563468.5,125196.0
313439.0,75811.203125
534154.0,156802.703125
412146.40625,174605.0
289509.5,97546.1015625
299938.0,64023.6015625
381146.3125,200381.90625
302720.5,74295.3984375
530898.6875,52542.5
337404.90625,91287.203125
303939.6875,45996.5
533320.8125,162849.796875
344667.40625,183082.796875
276670.40625,19737.69921875
375788.1875,135097.796875
293781.5,15525.7001953125
476084.6875,156327.40625
300648.3125,51400.5
497445.3125,105515.8984375
260467.40625,204586.296875
364812.40625,163704.90625
299837.8125,11980.599609375
570944.8125,63676.5
484380.8125,163879.0
339513.09375,21265.900390625
492918.3125,141838.703125
299152.6875,30756.80078125
361570.90625,141168.59375
281179.40625,33209.80078125
335197.09375,65871.796875
304163.40625,12987.7001953125
261939.203125,49610.80078125
274088.5,12202.2001953125
540788.0,115365.296875
450894.1875,284922.3125
416046.8125,203112.296875
549256.5,73778.703125
401825.09375,209054.90625
348170.40625,133266.296875
520537.6875,151240.796875
299566.5,35656.3984375
499177.09375,165972.59375
518208.1875,259105.703125
268783.6875,57296.19921875
328103.6875,104243.3984375
365344.59375,67138.3984375
430887.8125,180216.40625
486395.09375,192207.40625
332113.3125,130513.6015625
494052.40625,134136.796875
462149.6875,239906.203125
382770.8125,177963.40625
466661.1875,200666.296875
331412.0,17043.30078125
522931.1875,107513.796875
450742.6875,134416.40625
275498.3125,16271.2998046875
342168.09375,122391.8984375
373296.40625,102325.796875
468875.90625,189530.09375
308482.09375,37755.1015625
368620.8125,109500.796875
466426.09375,76921.3984375
560986.875,30434.599609375
364020.0,167194.703125
529597.125,72016.3984375
354526.3125,160257.09375
472871.8125,212684.796875
566383.6875,69928.296875
326392.0,94704.3984375
477970.59375,181819.09375
304357.0,56524.69921875
556970.8125,26416.30078125
297024.5,76220.703125
539780.3125,98369.6015625
393692.59375,154875.703125
435993.8125,199493.703125
322049.90625,181235.59375
393338.40625,203331.09375
354736.0,18832.400390625
317896.6875,16775.69921875
313879.6875,80743.703125
443543.1875,242661.90625
352797.59375,40250.8984375
505387.8125,172712.40625
405074.40625,202202.796875
549920.0,31924.400390625
365248.1875,130167.703125
405577.59375,138195.40625
399699.40625,187678.09375
397575.59375,223211.40625
304388.3125,36434.0
337806.1875,135182.796875
555478.6875,119440.3984375
292475.3125,13894.2998046875
361148.09375,108540.3984375
516060.40625,270057.09375
406016.40625,161044.59375
474426.40625,151218.796875
360867.0,165085.40625
324293.5,49235.19921875
534644.6875,140159.203125
506523.6875,183316.296875
305003.8125,57625.5
555741.375,136712.59375
483494.1875,119219.796875
455520.1875,172463.203125
281208.1875,19874.80078125
409297.6875,183979.90625
334408.09375,18842.400390625
274579.90625,11159.599609375
317282.09375,40282.30078125
333090.59375,89061.3984375
399481.6875,129767.796875
430391.59375,158241.203125
340501.1875,102525.703125
326417.90625,79265.203125
298757.1875,11809.7998046875
410567.5,15222.2001953125
486144.1875,206705.203125
280580.1875,86992.8984375
309839.40625,16901.599609375
365379.5,165575.703125
306313.3125,49340.8984375
331223.0,113899.8984375
569199.6875,43215.69921875
321430.6875,13884.2001953125
419448.8125,131938.796875
419394.90625,71345.1015625
481628.90625,207880.59375
518282.8125,169311.796875
467061.90625,101385.796875
264248.09375,11850.2001953125
526016.1875,142594.703125
491568.3125,53992.5
429000.90625,238219.296875
390500.40625,132079.59375
300195.59375,43351.1015625
417208.1875,234542.0
268449.1875,51022.30078125
287247.0,47883.8984375
303502.59375,69489.1015625
441533.5,18020.19921875
387253.1875,162930.703125
558819.375,112574.296875
523042.40625,157722.203125
549314.375,42223.1015625
347167.8125,104942.5
303855.09375,80624.703125
492333.40625,67071.8984375
495929.5,234297.203125
399724.5,124827.203125
515342.0,156523.5
348964.59375,97743.0
296679.1875,44005.19921875
374543.0,95723.5
358129.8125,111450.3984375
456802.59375,193411.5
400555.0,152839.703125
465239.40625,257651.0
563593.125,31413.400390625
346670.8125,93235.0
423384.0,160258.296875
296764.59375,11025.7998046875
481219.8125,114078.5
366671.1875,111574.296875
270741.09375,113640.8984375
338785.8125,51289.8984375
307012.3125,105756.1015625
336932.59375,86081.203125
479999.90625,248411.0
400873.40625,193824.0
421584.09375,197873.296875
551689.3125,129635.3984375
471808.3125,208675.59375
355647.59375,52966.69921875
300791.1875,50190.69921875
289390.90625,54539.0
299398.8125,137938.0
370350.1875,175422.796875
269047.0,12500.900390625
517887.8125,241986.40625
581271.5,65990.296875
314680.40625,45932.6015625
525490.8125,93974.0
399636.40625,188193.5
463083.1875,320153.40625
487659.3125,217162.40625
376230.0,212778.703125
362016.3125,263871.40625
466485.8125,209546.90625
522848.09375,118898.0
406423.8125,50772.1015625
321773.59375,72492.203125
318221.40625,156517.5
535919.1875,98300.203125
429405.40625,171303.0
411949.6875,225290.796875
305446.0,45074.5
515686.09375,61847.0
310110.3125,89992.1015625
497576.6875,171313.703125
543076.6875,84476.796875
345664.3125,73978.0
287649.59375,15629.900390625
334139.09375,85689.296875
462176.8125,199672.5
291923.8125,29506.099609375
328699.09375,62522.80078125
383812.90625,154617.796875
378368.90625,13419.5
539349.3125,105226.1015625
345095.6875,135368.703125
375116.90625,96424.8984375
547449.6875,33472.19921875
503022.09375,156542.703125
246297.40625,28592.30078125
423306.8125,208574.203125
354600.40625,177750.5
406017.1875,150725.296875
526408.125,127948.796875
422180.0,289018.0
491309.5,235250.796875
577253.0,25578.599609375
343879.90625,106739.5
359522.1875,216358.796875
323935.3125,48021.0
288970.59375,66116.3984375
377213.6875,199820.296875
343777.0,192615.40625
412287.8125,195796.203125
421242.8125,187616.59375
365648.09375,154311.796875
434356.40625,233746.0
255775.203125,53646.1015625
515854.6875,94851.3984375
289290.3125,13654.900390625
522152.6875,216906.703125
368450.09375,156153.90625
351228.09375,101726.5
310522.40625,13616.0
297817.6875,45316.80078125
559511.625,120386.3984375
500570.6875,233570.296875
449633.59375,319435.3125
456181.40625,179836.5
513138.09375,175455.5
387961.5,28575.19921875
298844.90625,38416.5
351920.1875,103873.796875
269594.09375,62124.5
309216.3125,54959.69921875
380183.3125,148474.40625
282080.59375,17420.599609375
348435.6875,37843.8984375
292036.1875,70314.6015625
508571.5,28159.19921875
469994.6875,253149.296875
441110.8125,231604.09375
510743.59375,125513.203125
361310.90625,141941.5
342879.8125,76433.8984375
272361.0,19111.599609375
360220.6875,140413.296875
386568.8125,169446.5
489285.59375,240385.40625
363617.5,183801.0
290296.59375,29521.30078125
439234.8125,223374.703125
484309.3125,222112.40625
392279.09375,184694.09375
299307.8125,83898.0
507377.8125,165375.09375
304823.8125,179255.5
319010.0,37393.69921875
405533.1875,239418.796875
384425.09375,161040.90625
555442.3125,237614.40625
435445.8125,222895.59375
314235.8125,99976.1015625
349013.40625,119228.0
303107.09375,36866.5
544128.125,34294.30078125
547434.3125,71364.3984375
499813.3125,70059.703125
372366.09375,192237.203125
340139.8125,83223.703125
435145.1875,179083.90625
310569.59375,13670.599609375
444652.6875,114175.203125
294681.1875,55122.8984375
551356.625,108212.0
551798.125,43497.0
313002.6875,12639.599609375
534832.375,226047.796875
451072.5,189582.203125
508578.3125,86175.5
446219.09375,129934.8984375
379627.8125,171319.203125
270288.6875,44992.69921875
509585.0,201528.90625
374467.8125,145308.0
428218.3125,159423.203125
262685.09375,17315.30078125
535035.125,103629.703125
344560.6875,125184.5
480868.40625,281920.59375
310638.59375,56690.1015625
382428.8125,262022.90625
362155.0,141764.203125
254059.59375,50366.8984375
370999.6875,129240.0
417664.09375,198776.59375
506027.6875,202725.40625
467286.3125,285908.5
470408.09375,167336.0
315230.3125,57618.69921875
481288.6875,241415.0
353078.09375,147300.09375
289780.6875,75007.296875
355662.40625,78317.796875
524554.0,139877.203125
254281.296875,64760.1015625
522391.1875,63650.5
504412.3125,227613.703125
474431.8125,192485.703125
444271.5,255915.40625
461167.1875,271755.40625
361215.8125,149414.0
290008.90625,34322.3984375
337593.3125,26161.19921875
530846.125,109167.5
521656.1875,25699.5
300515.40625,12208.099609375
375652.1875,162562.59375
314977.5,97195.296875
316651.8125,86304.6015625
426147.5,163608.703125
315977.0,112693.0
479571.3125,184419.296875
300796.59375,79531.8984375
300339.1875,47370.1015625
388751.5,177105.40625
315376.40625,42779.5
416192.3125,156022.40625
335171.09375,106993.1015625
428495.1875,206182.40625
486267.8125,289246.6875
563474.625,70087.796875
261862.09375,70689.203125
375152.59375,123902.1015625
403077.1875,53385.6015625
493169.59375,115001.3984375
305132.3125,62187.80078125
360645.40625,27729.099609375
485415.8125,200727.5
484553.6875,180291.90625
539816.3125,38462.30078125
509281.6875,184170.5
309976.09375,50198.1015625
408932.3125,174274.90625
544161.3125,259556.296875
274922.90625,15210.599609375
389636.6875,180018.59375
305571.0,49671.8984375
542949.1875,168629.796875
583913.125,143359.09375
451184.6875,202664.203125
404118.8125,191822.5
447146.59375,98533.5
449987.3125,175060.203125
360518.09375,123649.0
423292.59375,142126.203125
513247.40625,159029.296875
461253.8125,134084.703125
545936.125,221604.09375
567073.1875,59748.19921875
500523.1875,246326.90625
379976.09375,179653.0
414334.90625,202922.40625
474124.3125,212525.703125
560468.5,158869.09375
279926.1875,44096.0
442879.59375,205733.09375
502322.8125,165651.90625
310316.90625,108151.796875
548209.125,136115.90625
315227.5,13352.2001953125
565820.5,100176.5
434565.5,211325.40625
495641.90625,167897.5
408592.40625,265287.3125
301483.0,44506.69921875
448049.6875,262823.90625
319631.59375,204971.59375
315690.3125,40947.80078125
399012.0,155173.40625
483612.90625,234146.40625
488680.5,39024.69921875
292588.3125,68429.796875
348118.6875,77189.5
322133.6875,61010.8984375
368318.3125,175253.203125
305759.09375,77620.703125
254882.796875,125136.703125
535095.1875,47310.3984375
403927.6875,107683.203125
419213.6875,228115.90625
320980.40625,33297.8984375
431566.3125,82948.703125
303493.0,50489.6015625
356716.5,155247.296875
376158.90625,115363.796875
321556.09375,169899.40625
301926.1875,11191.5
510548.09375,173744.203125
415039.8125,195575.203125
330930.1875,102035.3984375
336319.1875,125524.703125
387823.6875,205297.90625
430774.09375,187211.703125
327491.90625,86728.6015625
434240.59375,192584.09375
408240.8125,135191.40625
632820.0,25011.69921875
295534.3125,46597.0
453035.8125,182932.5
405381.6875,186888.59375
482932.40625,347160.5
309275.1875,12153.7998046875
449691.8125,104607.3984375
261125.203125,22447.599609375
333362.3125,146825.203125
383494.6875,178574.90625
316805.6875,64012.3984375
527236.6875,110844.703125
350811.8125,120820.796875
470244.5,198065.90625
434254.3125,188974.5
450787.8125,246225.703125
295661.09375,20548.30078125
269762.09375,105179.0
354359.6875,146937.09375
485305.0,165275.796875
469191.8125,143978.203125
543837.3125,46344.19921875
507225.59375,277774.1875
545412.625,38983.6015625
396585.6875,244215.90625
482941.8125,275534.40625
554180.625,118867.3984375
388863.0,278619.6875
559813.8125,93496.0
291984.0,26026.69921875
486522.1875,88423.6015625
531446.5,227804.40625
412394.40625,140939.90625
324200.09375,48992.0
271740.09375,24548.69921875
427513.6875,195226.0
541209.3125,75686.203125
265053.09375,105580.703125
361508.59375,157800.09375
271154.59375,19868.0
453545.09375,108970.296875
361862.09375,17651.19921875
322896.90625,120189.6015625
383757.6875,168350.296875
489935.90625,59285.80078125
361622.59375,150832.90625
341354.3125,84216.703125
506428.6875,202109.90625
470543.1875,215463.703125
257676.203125,20149.400390625
280632.3125,111168.203125
369972.3125,93670.703125
464679.09375,286372.8125
418083.09375,271753.5
378939.90625,198503.59375
482364.90625,218155.703125
480761.3125,230850.40625
373777.6875,165429.90625
380632.90625,230756.40625
558066.5,139325.203125
457288.09375,58655.6015625
429034.1875,253809.203125
340993.3125,124010.796875
296026.90625,23817.099609375
510725.6875,160647.5
442575.09375,146089.796875
268550.0,49059.30078125
425838.8125,167032.90625
472387.1875,282278.40625
533157.8125,84534.5
549230.375,90124.203125
392772.59375,195252.59375
290090.6875,11213.2001953125
435359.6875,199545.203125
421559.59375,197863.5
325936.90625,111709.0
487366.59375,162306.90625
317697.3125,54320.0
361538.0,177494.796875
513321.3125,82754.0
424256.40625,132032.203125
271838.1875,11794.7001953125
509478.1875,44998.69921875
535833.0,146919.0
564316.875,66137.6015625
515941.59375,23442.599609375
553686.6875,163267.5
428414.1875,180079.296875
556248.625,38183.80078125
312529.8125,34677.0
553089.3125,165462.0
541656.375,127049.3984375
303285.5,28778.80078125
253812.296875,28799.69921875
457952.40625,203775.90625
267002.0,19430.30078125
285540.09375,13950.5
401227.90625,146316.40625
569791.8125,28938.5
278828.09375,33853.5
398160.59375,40076.19921875
422915.40625,185948.5
312199.3125,125181.296875
403430.5,138083.40625
299376.5,39364.6015625
458486.5,27250.599609375
302409.40625,58401.3984375
276731.3125,118648.703125
514337.3125,275992.90625
383257.59375,99291.0
503256.40625,153872.203125
269088.59375,36994.6015625
524813.1875,143782.0
407266.40625,174709.59375
367265.6875,200828.5
539032.125,77817.703125
496511.09375,189646.5
475098.59375,134896.203125
470112.8125,141974.0
485187.3125,215977.796875
472945.90625,291390.6875
444548.3125,62118.8984375
270152.09375,12385.5
458651.59375,145511.09375
303398.6875,46514.19921875
468266.6875,219718.0
492410.0,260935.796875
341938.09375,147162.59375
312937.6875,13217.0
288239.59375,79950.296875
306639.8125,49733.5
334409.40625,65318.8984375
322388.8125,73246.296875
374346.8125,56284.30078125
297597.5,202622.40625
321474.3125,14182.7998046875
360260.40625,115967.703125
291603.90625,79167.703125
307240.6875,12101.7001953125
433922.0,215600.296875
525893.3125,27920.900390625
439178.3125,208119.90625
436745.90625,186566.703125
303576.6875,57143.19921875
495846.1875,38779.69921875
459214.8125,236550.796875
456757.6875,319670.5
400098.59375,204349.90625
469305.59375,189913.40625
490625.3125,23604.5
396218.0,270038.3125
370736.3125,75237.796875
513122.5,168471.40625
528197.8125,223058.296875
362810.09375,189877.703125
293172.8125,29142.400390625
456332.6875,230638.40625
291324.3125,21033.0
339266.8125,66341.8984375
363466.5,107796.703125
470330.6875,230611.703125
475466.6875,21037.69921875
303142.1875,63860.19921875
313372.6875,79179.0
449469.1875,171442.296875
383962.09375,132667.90625
420545.3125,71458.5
330227.40625,143466.90625
535245.3125,32742.80078125
376751.3125,189175.296875
265323.6875,11754.900390625
467991.8125,181646.40625
480347.0,270425.6875
524037.6875,40555.69921875
332693.1875,106267.203125
303930.1875,46497.0
349825.8125,141268.0
314889.5,54715.80078125
282265.3125,29428.80078125
296883.8125,57412.3984375
398905.5,238575.703125
377318.6875,121262.0
333239.0,130634.796875
549582.6875,190862.296875
315480.09375,59264.19921875
388277.59375,165366.40625
538879.3125,64853.5
441643.5,190755.296875
450451.8125,212742.796875
513716.1875,242916.703125
403258.6875,214681.90625
507424.8125,277308.40625
459572.5,201782.203125
527167.6875,121786.203125
453704.5,198480.796875
464465.6875,156231.796875
468222.8125,176961.5
343088.0,18172.30078125
300766.3125,20345.19921875
348542.8125,151764.296875
319437.6875,42797.19921875
511294.3125,81745.8984375
498619.59375,286739.5
566177.1875,78083.703125
410508.59375,130520.3984375
322089.59375,101653.203125
329127.09375,99702.3984375
364068.8125,98104.0
542837.3125,30855.19921875
433055.1875,211479.703125
319218.09375,37775.19921875
586140.125,50841.5
295736.40625,40483.69921875
325811.1875,106492.3984375
473460.90625,151964.203125
532813.0,191798.203125
515528.0,222142.796875
524438.625,209891.59375
286365.09375,24478.30078125
395939.09375,187055.296875
578535.8125,54623.0
529872.375,77216.703125
313481.8125,47872.8984375
417351.40625,180265.203125
269058.6875,15317.2001953125
321983.40625,92182.1015625
546554.625,57135.0
394271.3125,189870.0
490971.5,135444.796875
555604.375,142450.703125
539384.1875,142138.90625
352014.40625,128362.703125
434437.09375,265270.09375
337905.1875,53307.69921875
436384.8125,244656.296875
359954.59375,116739.796875
334216.59375,117196.3984375
443585.0,112608.296875
295197.0,26030.900390625
366411.8125,81049.296875
358516.6875,96491.703125
584060.625,76527.203125
491247.90625,83862.6015625
331574.90625,81244.1015625
376370.59375,196461.796875
415400.59375,181180.203125
433681.8125,191419.40625
570755.3125,22555.099609375
314325.8125,57354.80078125
564609.875,97882.796875
375818.90625,209466.796875
299930.8125,27224.80078125
464248.8125,191209.40625
382620.0,207672.0
562040.3125,130807.3984375
314647.1875,93793.3984375
486185.5,89396.5
538530.625,33061.80078125
331637.1875,93038.5
412143.0,185854.296875
418225.8125,161965.09375
516464.90625,186747.59375
285405.3125,33144.5
305892.09375,65680.296875
329710.8125,15266.2998046875
448206.90625,200535.296875
568901.3125,194019.796875
531351.5,110242.0
435673.3125,203035.90625
387264.3125,192307.703125
447973.0,223022.09375
333890.59375,124183.796875
365350.0,95754.203125
480286.09375,313420.3125
575319.1875,30162.5
438133.40625,167911.203125
417438.5,106163.0
570170.125,40653.80078125
533797.5,115887.703125
425492.59375,135571.796875
427825.5,88931.703125
336002.1875,75779.5
433060.5,203179.40625
512675.1875,124342.703125
479964.40625,66453.6015625
430681.8125,261100.5
489628.3125,113752.203125
505023.59375,134987.296875
273757.59375,72953.296875
492554.1875,273835.40625
416906.5,157825.796875
316412.1875,96166.203125
477883.09375,225882.796875
481272.8125,18589.30078125
317821.90625,106560.796875
297660.3125,21212.19921875
363978.5,209352.40625
558193.3125,77711.0
447376.09375,157243.796875
462659.1875,46402.8984375
385729.0,117401.5
497686.5,68724.703125
402353.3125,227722.40625
314838.1875,27523.69921875
324142.90625,45110.80078125
282686.3125,45895.5
309526.09375,13283.7998046875
300964.3125,72763.703125
390480.59375,183750.296875
365058.5,128770.6015625
305598.40625,44534.30078125
326340.3125,106941.296875
363417.8125,137351.203125
274676.5,12688.0
441488.09375,212652.296875
385803.6875,204687.5
368680.8125,49200.69921875
258524.90625,30342.30078125
281645.90625,21220.19921875
260142.40625,18304.80078125
429529.8125,288826.3125
334013.8125,113083.3984375
305117.3125,56753.0
471971.3125,175581.796875
540573.5,156777.0
437629.8125,195260.203125
484098.8125,140076.0
633328.125,185470.796875
553059.0,121408.703125
360530.6875,155017.5
355728.90625,117394.703125
391134.5,97771.796875
445138.3125,175007.09375
439699.40625,65886.1015625
391580.8125,231319.296875
315755.0,56509.1015625
328720.8125,96364.8984375
301550.59375,90056.296875
518006.0,271715.5
567575.8125,71982.3984375
471077.1875,86056.3984375
576608.6875,115372.8984375
513204.5,216591.40625
440613.59375,181407.703125
390132.8125,231441.40625
296395.59375,20096.30078125
500127.90625,218825.296875
292517.8125,33394.80078125
308138.8125,96809.8984375
487737.8125,211073.90625
287230.5,12037.599609375
549246.5,165208.296875
313068.5,99199.0
297030.6875,51103.5
477280.40625,242103.703125
517466.59375,327480.1875
288392.3125,15168.5
395942.40625,113098.1015625
407768.09375,165870.296875
321481.59375,17137.80078125
366461.8125,173965.296875
417403.3125,163937.5
286780.09375,53624.30078125
325531.90625,105831.203125
417809.8125,194097.90625
505294.40625,130305.6015625
344420.8125,148055.0
285892.09375,26855.80078125
320727.40625,18191.80078125
479266.40625,211358.203125
391558.40625,149050.796875
448730.8125,143248.5
445464.3125,153741.296875
376833.8125,188902.59375
597566.1875,60240.69921875
310945.0,84339.203125
537350.3125,131376.59375
324107.6875,23977.80078125
307885.8125,54447.5
332549.5,16578.19921875
389808.09375,190911.796875
362289.1875,124443.3984375
540145.6875,77299.0
460783.8125,255239.59375
409711.8125,129861.203125
414331.90625,205328.90625
281892.90625,91360.203125
383601.40625,163746.296875
379304.5,134406.40625
308458.8125,70142.3984375
545764.8125,176203.5
398757.59375,122131.296875
468159.8125,141980.296875
402777.6875,114508.1015625
298129.1875,30429.099609375
331437.09375,99019.8984375
312905.09375,45034.6015625
508177.09375,123725.5
522951.0,252862.59375
314807.59375,59199.1015625
320711.8125,53531.80078125
557792.6875,75713.0
544110.375,197636.796875
388610.5,139232.59375
324287.90625,54733.19921875
353909.5,133306.90625
379656.09375,170439.90625
289122.6875,52798.6015625
419035.8125,294596.6875
273701.6875,48828.3984375
529633.1875,173619.09375
339276.1875,76802.0
501210.40625,202817.90625
255262.203125,13528.7001953125
400668.09375,231861.796875
367283.90625,220826.5
385490.8125,173882.0
432256.8125,251924.09375
317494.90625,96654.6015625
331004.5,191922.09375
512318.09375,195667.90625
353210.59375,43346.6015625
304933.59375,52454.3984375
300145.3125,26711.30078125
351661.8125,76686.796875
269651.09375,33771.0
427322.5,161526.40625
543268.5,96425.796875
372446.40625,124409.203125
337689.09375,41673.30078125
317813.40625,66108.0
400427.1875,184280.09375
469654.40625,260895.59375
425038.59375,126727.0
527038.1875,126083.203125
527578.625,49246.1015625
474517.59375,181630.09375
299676.59375,126140.3984375
479358.8125,237587.296875
440106.8125,190102.40625
566413.375,23439.80078125
467176.3125,128197.296875
290526.09375,24549.599609375
363731.90625,189283.296875
392564.0,218655.59375
346147.5,53305.5
575069.625,119847.203125
310906.40625,48983.3984375
441623.5,160398.59375
508966.6875,83368.1015625
526392.1875,172468.90625
286350.40625,10853.7998046875
529434.5,176602.296875
462945.8125,171318.5
327672.90625,63581.19921875
538646.1875,164056.59375
277224.0,70891.8984375
345529.3125,112558.5
296813.8125,19747.599609375
355956.40625,165260.59375
536931.0,222723.09375
381061.1875,182501.203125
415714.09375,230874.59375
497051.59375,194600.09375
481688.3125,118588.296875
356323.6875,122619.5
550608.6875,44679.6015625
420370.90625,105712.296875
546084.8125,192744.0
262259.40625,11315.7001953125
483290.90625,149131.5
286293.0,11949.400390625
357114.3125,94898.5
268664.8125,12347.599609375
558610.125,64421.0
377411.3125,242022.40625
484810.40625,85338.796875
302721.3125,13494.2998046875
508359.09375,46010.6015625
291214.90625,12014.400390625
463668.5,201455.796875
463883.0,144722.59375
486739.1875,194782.40625
354750.6875,116420.6015625
298318.1875,16947.099609375
319656.90625,56154.3984375
439017.09375,71301.5
288616.59375,27934.900390625
312772.09375,53695.30078125
254509.90625,32139.5
315226.59375,68986.6015625
510653.8125,209429.09375
325830.90625,64572.1015625
351836.0,20272.599609375
462908.6875,103358.203125
539900.625,217561.90625
293108.09375,12471.099609375
330841.40625,67623.796875
267169.1875,41759.0
485845.59375,133697.59375
330824.1875,85027.6015625
348189.90625,165120.796875
258907.90625,10980.2001953125
376738.40625,202143.90625
267647.0,32554.19921875
418606.8125,193489.59375
343816.0,116368.6015625
455423.1875,60365.69921875
344907.1875,118229.5
513739.3125,143383.40625
369151.3125,106797.296875
316506.40625,177673.796875
498399.09375,232632.09375
256993.703125,20555.599609375
294336.40625,25829.900390625
373043.59375,116378.5
569933.5,88905.796875
327509.5,110315.203125
477276.59375,121606.1015625
289786.09375,66737.0
423013.3125,145350.296875
562322.3125,37588.8984375
287982.6875,17088.0
477640.40625,201043.296875
309112.40625,14447.2998046875
539543.0,193311.59375
343931.0,70104.0
321799.6875,56549.6015625
325113.90625,83659.3984375
274608.0,69861.6015625
521244.5,85422.6015625
323598.0,36285.8984375
424928.1875,164501.296875
342698.40625,133351.09375
595852.125,200353.0
512979.90625,228465.40625
434135.0,187503.40625
539459.125,162353.40625
486271.5,158053.703125
517160.1875,171183.59375
510400.5,179682.90625
289087.3125,48365.5
389305.59375,114006.0
423802.5,219017.09375
402863.59375,213187.90625
437075.59375,170016.59375
451463.59375,174129.40625
244298.296875,77468.796875
283058.1875,24872.5
536183.875,46910.80078125
360372.90625,112519.8984375
278570.09375,27856.400390625
404954.40625,121842.703125
441353.5,254845.703125
285514.09375,113577.296875
318574.59375,104364.6015625
404835.8125,185424.0
549349.875,66941.1015625
439396.0,206955.59375
434963.59375,169092.40625
338167.3125,116069.296875
324821.8125,103555.796875
462124.90625,257529.296875
400265.0,200061.59375
449650.59375,188406.203125
422452.6875,219594.09375
252792.90625,30167.900390625
298076.0,14566.2998046875
471437.40625,95231.703125
453819.6875,215749.90625
480215.40625,130270.296875
312948.5,47415.6015625
449579.5,316851.40625
499049.59375,138099.703125
515489.3125,66690.703125
261977.203125,10260.5
401047.59375,173382.5
372233.5,139207.296875
515042.3125,132821.5
461292.90625,197263.703125
298504.90625,156597.40625
550005.6875,65167.69921875
524364.125,34543.30078125
326839.5,76892.3984375
399739.3125,209777.0
484167.59375,182693.59375
401849.09375,219379.09375
311504.1875,54884.5
407967.8125,149118.40625
501117.6875,226360.5
470300.1875,173943.59375
345770.6875,152702.5
495737.5,171359.90625
403983.0,229224.296875
287214.3125,58678.5
265448.1875,46661.69921875
350049.1875,114944.1015625
295182.0,96992.8984375
487850.09375,161078.59375
329236.40625,172795.59375
272039.09375,107706.5
270664.6875,10471.2001953125
491690.59375,220557.59375
305272.59375,160752.40625
502398.3125,272745.3125
355127.8125,140882.90625
296209.8125,60530.30078125
514065.09375,220147.703125
341947.1875,93330.6015625
360889.3125,149186.5
441686.09375,253999.796875
518897.90625,168557.59375
388857.90625,130482.703125
440035.90625,211605.5
430073.1875,223546.0
541628.875,115829.796875
525120.6875,193989.703125
558327.875,42898.5
407732.5,189247.90625
431524.40625,161629.09375
521000.09375,194950.59375
424438.59375,175670.90625
355247.40625,160406.296875
519123.6875,133147.0
343325.09375,102484.6015625
453240.09375,230725.203125
363769.6875,118947.1015625
419316.09375,240292.40625
314853.0,75503.703125
434228.59375,169318.796875
420365.3125,154153.59375
309724.59375,27130.5
290177.1875,39017.19921875
499775.09375,135055.59375
388461.09375,216506.40625
444780.1875,114727.5
380351.40625,149593.296875
343231.3125,69388.296875
362582.09375,204905.59375
547512.5,179136.0
331345.09375,80477.703125
470193.59375,151438.5
323321.40625,93700.796875
436929.59375,192551.90625
459246.90625,128440.703125
505331.40625,218597.90625
390124.5,162232.703125
501219.90625,256516.59375
286836.59375,42972.5
396470.1875,149246.703125
396066.09375,147166.09375
305214.8125,52521.30078125
293308.8125,150543.40625
481815.6875,141598.5
380153.40625,181869.296875
348741.40625,80799.796875
509142.5,191211.90625
348474.1875,163047.90625
530519.125,194130.0
528630.6875,194730.40625
298213.3125,23524.099609375
584608.0,21677.5
326370.59375,28380.900390625
411284.90625,178844.40625
360320.3125,102052.296875
462882.90625,212296.90625
545749.6875,51609.6015625
473682.8125,96344.703125
417426.8125,148194.796875
371504.3125,146883.59375
432362.0,190705.703125
372565.59375,179925.90625
502827.59375,218019.5
321509.5,51123.5
285169.3125,44178.3984375
385656.3125,160980.40625
518595.3125,149425.796875
270019.90625,26669.900390625
496225.3125,90515.203125
539166.1875,95362.6015625
406740.90625,310758.8125
349473.5,199555.09375
439668.90625,205092.0
298241.5,17338.30078125
489742.3125,150834.59375
503607.09375,212945.296875
329823.6875,102522.796875
346985.6875,239629.40625
439573.59375,208416.5
413722.3125,256601.40625
491099.59375,154862.796875
262597.90625,14036.5
521420.40625,31077.099609375
298886.3125,58962.8984375
308644.09375,30770.69921875
344287.1875,88685.8984375
378573.59375,138351.09375
331933.90625,60110.30078125
283549.6875,12240.0
281141.09375,11022.7998046875
418235.3125,88846.1015625
364839.0,42726.3984375
322980.1875,134679.90625
309195.59375,20166.900390625
292809.59375,16221.2998046875
523541.8125,56331.8984375
541533.875,164250.59375
286968.8125,12550.900390625
414010.1875,177078.796875
486553.3125,219954.703125
401611.1875,80772.5
492640.09375,229578.703125
532925.875,121252.796875
497661.5,203142.59375
459541.90625,200439.0
392831.90625,169513.0
542268.0,21556.30078125
325815.09375,85199.796875
384949.8125,181490.703125
497578.1875,161096.5
279388.40625,36957.30078125
315000.40625,150633.296875
513152.1875,91270.0
369389.59375,93893.3984375
470451.59375,215287.5
288692.3125,11039.400390625
480619.40625,149295.90625
306885.3125,11295.900390625
563619.8125,30278.400390625
479138.6875,151500.0
300222.59375,77979.1015625
261761.203125,24728.599609375
498104.5,209634.09375
394668.3125,124517.703125
454063.5,211240.59375
383562.40625,18664.5
374072.0,252553.296875
398985.0,134694.703125
291104.8125,13159.7001953125
503625.40625,282976.3125
373566.5,145157.90625
539364.1875,292117.5
306513.3125,54512.1015625
296019.59375,30833.69921875
470908.3125,236591.40625
525274.375,110815.796875
532217.0,158388.203125
455317.1875,135877.0
319265.0,47816.19921875
476436.3125,243447.09375
433507.5,140995.203125
402005.59375,177827.40625
338154.90625,75402.3984375
544556.125,145058.796875
341911.3125,116332.3984375
514353.8125,72048.796875
313789.40625,65805.5
271474.6875,25071.30078125
516697.1875,159201.09375
407625.90625,215282.796875
372526.0,149399.59375
286714.8125,25474.19921875
532326.375,139350.796875
325268.8125,128322.296875
347111.59375,90694.0
517374.3125,132838.0
277740.0,22599.69921875
540507.125,149232.40625
293096.09375,17785.0
486537.8125,187054.90625
255943.296875,10354.400390625
296406.1875,30103.69921875
428031.1875,71790.796875
553759.3125,177523.703125
442851.1875,298620.40625
407320.09375,175474.59375
301836.40625,85675.796875
574636.8125,89829.703125
303296.5,30565.099609375
296618.40625,12208.2998046875
536445.3125,171126.09375
382317.1875,203969.0
520553.8125,49679.30078125
453309.5,209537.703125
290571.59375,50733.0
480928.0,144719.703125
548425.6875,88310.3984375
535573.3125,102502.6015625
345728.59375,155103.90625
251333.296875,24573.900390625
324121.0,112348.703125
521403.09375,107148.3984375
299754.90625,77075.8984375
578071.625,82914.796875
355962.40625,176888.09375
521609.90625,135183.90625
433768.3125,272334.40625
432453.3125,265438.8125
453629.3125,151742.09375
268689.6875,41255.0
389426.8125,167264.09375
431279.09375,152085.5
537876.5,169644.703125
326053.09375,84513.3984375
266775.1875,80463.703125
540771.3125,206353.40625
544535.125,100066.6015625
394766.6875,161529.09375
498314.40625,152015.796875
344940.1875,123530.0
397336.5,189081.09375
384699.8125,107177.203125
440843.5,204883.09375
335269.40625,75444.796875
325553.40625,98056.0
276978.8125,69329.203125
291612.09375,40907.3984375
376580.0,125616.8984375
310988.6875,29884.0
586711.1875,37133.8984375
420961.8125,202022.796875
495872.5,132514.90625
348161.6875,78321.5
531873.625,229406.0
315636.6875,64653.3984375
315959.59375,13258.0
519306.0,121180.5
477680.09375,189579.796875
326350.90625,50290.30078125
467079.3125,219356.09375
260877.09375,27189.0
536330.5,136073.5
402009.0,167500.703125
335597.09375,109068.3984375
342053.09375,55687.30078125
312223.1875,32364.69921875
345923.3125,125250.3984375
312653.3125,11498.2001953125
546736.125,82595.703125
319910.90625,49363.30078125
299506.8125,17426.69921875
559557.625,41959.80078125
380999.40625,27708.30078125
424501.6875,182898.0
316607.1875,60535.19921875
288998.90625,82012.796875
315950.90625,121040.6015625
479583.09375,130131.296875
422898.8125,239733.796875
360947.5,179877.40625
314064.1875,35529.8984375
354982.3125,89894.0
365348.0,97964.203125
445173.3125,129176.6015625
298729.59375,24512.5
298800.0,65853.5
356986.40625,169753.5
410493.8125,156740.90625
281679.1875,11159.900390625
418789.6875,90807.6015625
420541.1875,331472.0
372760.8125,93061.203125
301569.90625,28590.80078125
308997.40625,58403.0
334512.1875,72665.5
261908.90625,119749.296875
248043.59375,23070.19921875
471148.8125,228500.296875
268323.5,43006.19921875
402267.8125,169014.09375
502576.6875,221921.40625
416246.6875,228111.0
472745.59375,153095.5
452525.09375,245044.90625
469492.90625,135902.296875
290492.3125,19431.30078125
439429.59375,281390.0
499270.6875,193921.40625
379959.0,143840.5
303410.8125,13681.400390625
347719.09375,118821.3984375
311547.40625,43292.3984375
556410.1875,81261.703125
529116.375,94472.0
306539.40625,61652.6015625
514435.6875,210353.5
525883.625,93942.796875
355350.09375,131778.796875
276212.59375,102010.3984375
455033.09375,150685.90625
555710.375,156577.90625
404172.6875,135101.09375
264797.6875,16213.099609375
444291.90625,206264.40625
538866.625,104051.1015625
394153.6875,172520.09375
362573.40625,156482.59375
504112.6875,59378.6015625
525738.125,312112.1875
435963.6875,183494.796875
339781.3125,127417.296875
432197.59375,209251.59375
416668.8125,190425.09375
529118.125,27323.900390625
431817.90625,204882.90625
539940.875,90138.203125
297699.09375,30344.099609375
299254.6875,49350.8984375
318757.3125,75441.203125
338012.3125,118362.796875
427304.59375,220227.59375
503801.8125,171858.09375
301287.09375,18560.400390625
294987.0,18271.599609375
566922.125,51145.5
304619.59375,44058.80078125
334202.59375,104065.296875
357463.09375,99788.6015625
301277.59375,96266.296875
304545.09375,24663.099609375
307983.40625,31198.900390625
309314.6875,91557.6015625
291561.1875,22657.30078125
540509.125,204769.09375
542425.125,136860.40625
566262.3125,83460.203125
538057.5,84291.6015625
468603.59375,32803.6015625
568534.625,195433.0
432868.59375,47563.30078125
476856.0,203633.09375
540061.625,128795.1015625
368927.09375,167328.59375
549826.625,94030.8984375
460764.40625,103072.203125
364190.5,163630.59375
299657.1875,33156.30078125
463226.59375,75044.1015625
418006.6875,253386.296875
298465.5,14524.900390625
358561.8125,158179.90625
380356.5,17138.599609375
290822.8125,13338.7998046875
420344.8125,214323.40625
331909.6875,117706.203125
395435.09375,193509.40625
279707.3125,99074.703125
548229.625,70251.5
430489.5,178912.09375
428500.1875,234935.0
512290.59375,169295.59375
519436.59375,20207.900390625
342285.5,118245.703125
307964.90625,14502.2001953125
450792.09375,164130.703125
402472.5,140398.59375
301654.1875,28593.400390625
462980.59375,237683.09375
543307.0,112896.203125
362704.59375,175029.296875
471652.59375,241770.40625
434605.40625,212533.90625
287422.40625,16648.599609375
360060.0,158068.09375
456457.09375,136059.59375
346882.09375,101116.3984375
401737.59375,173999.59375
342242.09375,88148.296875
503510.09375,171193.796875
536122.125,143212.90625
546433.875,79302.8984375
339879.59375,33550.1015625
303927.59375,15641.599609375
561789.125,120588.796875
339004.6875,119134.3984375
411292.59375,198258.09375
529460.875,113181.3984375
342995.40625,29446.099609375
421990.09375,127210.203125
275771.1875,121571.8984375
446289.3125,198849.203125
470927.09375,134986.59375
393588.09375,116153.796875
428516.59375,163555.90625
317048.6875,48529.3984375
265476.40625,55197.19921875
448181.09375,194705.09375
383271.40625,142298.90625
314506.6875,88296.6015625
563448.125,85038.703125
377631.1875,127024.8984375
466755.59375,177586.59375
415723.90625,226765.296875
482180.09375,210836.59375
468639.1875,109801.0
463542.8125,223249.40625
413871.8125,58857.3984375
425087.59375,232294.90625
374191.90625,177785.40625
352374.59375,125640.6015625
471769.09375,91286.296875
321797.0,75433.203125
474706.09375,216730.296875
532025.375,23376.900390625
324236.59375,81105.1015625
391419.1875,158738.59375
320320.09375,47632.69921875
352727.0,155716.59375
508888.09375,99048.6015625
429649.59375,190660.09375
448370.09375,98172.296875
348807.40625,121153.3984375
412483.40625,266933.59375
501353.5,132989.09375
301264.1875,31623.599609375
545367.625,38628.69921875
386339.59375,182138.90625
384015.3125,73597.703125
509103.90625,170608.796875
413435.09375,156975.296875
303426.0,28136.099609375
421481.3125,254925.796875
447633.6875,238217.203125
297435.8125,54572.1015625
312426.90625,12207.900390625
487354.40625,296120.59375
407419.6875,133599.59375
316745.3125,62059.69921875
411994.09375,155539.90625
540070.125,50263.3984375
487491.59375,140396.09375
297143.1875,17347.599609375
355686.8125,137404.203125
302056.09375,36353.8984375
310726.5,29087.19921875
468613.59375,212370.796875
314549.90625,118182.3984375
376287.59375,147027.09375
494952.59375,141237.203125
517894.5,131164.59375
358410.6875,89439.8984375
348035.8125,14064.2001953125
306732.3125,12450.7998046875
279154.40625,123078.296875
385226.0,191156.09375
552960.625,110267.1015625
480883.1875,117629.203125
333631.40625,61075.3984375
303281.6875,33964.3984375
347943.09375,54726.80078125
517810.3125,173461.0
504347.90625,177987.90625
479827.09375,250230.5
297934.40625,30347.80078125
416737.1875,170387.09375
466637.1875,136359.40625
356380.8125,115603.796875
532429.6875,24096.19921875
336343.8125,87632.5
271285.6875,13280.099609375
332190.0,141698.796875
314879.8125,44515.8984375
310067.5,11745.5
364771.8125,168318.40625
326392.09375,113610.296875
542546.375,69901.796875
367720.0,27323.0
329797.40625,101041.796875
509321.09375,142959.296875
407342.6875,202016.0
432484.59375,134266.40625
444772.1875,218609.203125
387632.6875,210877.09375
428581.90625,101777.8984375
305767.09375,12042.2998046875
304289.5,115737.5
339068.0,182530.5
457125.8125,116796.8984375
427567.6875,249107.59375
484055.90625,113442.5
481441.59375,210411.40625
375687.0,162234.0
415526.90625,84704.8984375
587979.875,34868.80078125
491551.6875,171625.0
580725.1875,31306.599609375
389376.40625,86280.1015625
326099.3125,128996.5
483162.5,139574.40625
511082.6875,96362.3984375
352539.59375,114632.3984375
303926.6875,35442.19921875
341863.6875,130787.3984375
483250.8125,17561.5
353847.6875,203361.59375
307590.09375,69477.796875
560266.125,155653.59375
345941.1875,166510.40625
302120.1875,33631.1015625
471200.59375,265986.8125
269929.90625,13604.2998046875
445457.3125,232883.0
554228.0,154145.203125
331067.09375,169801.40625
487275.3125,19427.30078125
475699.6875,150370.40625
333669.40625,70066.703125
513074.5,259521.796875
324843.8125,68351.8984375
299246.5,18917.19921875
507904.0,102179.796875
490618.90625,208423.5
330138.3125,140324.0
347579.8125,137486.796875
427255.59375,166634.90625
412975.1875,139858.59375
523609.0,170410.40625
507584.40625,167053.796875
406901.1875,178586.09375
474106.0,138413.203125
506610.1875,175351.40625
504670.40625,138276.09375
465528.3125,134827.296875
513739.8125,137617.5
299649.6875,11702.099609375
377834.5,243009.296875
292261.5,35900.0
278561.0,71324.203125
524847.1875,29336.099609375
369691.40625,139255.0
347683.59375,142657.296875
301639.8125,84413.5
564858.3125,77569.0
433246.8125,178573.59375
286097.40625,32962.3984375
510268.1875,116660.703125
255477.40625,26433.900390625
302347.6875,39890.6015625
374194.90625,115658.796875
447236.09375,166937.203125
332932.3125,109657.703125
538675.6875,75076.3984375
303850.40625,40542.30078125
329170.09375,73429.796875
473474.90625,202039.90625
392439.6875,187406.09375
342549.8125,137893.5
413770.5,93543.3984375
457978.09375,233988.40625
373879.1875,179871.203125
441383.1875,213306.90625
348611.5,175022.5
454619.59375,260635.796875
535216.6875,141839.5
418453.1875,132199.09375
486597.3125,83349.0
423143.0,58194.8984375
364394.6875,150651.703125
315734.1875,77803.3984375
551687.375,153015.40625
530456.0,152722.796875
265100.3125,35665.8984375
481805.5,215140.5
519386.09375,224285.59375
493609.3125,207959.40625
388461.09375,258763.796875
310179.8125,66683.0
466389.0,246015.0
546530.3125,97130.296875
283112.6875,33383.6015625
286962.6875,28050.400390625
494190.1875,216228.59375
306799.0,196325.203125
365075.40625,117767.3984375
521437.09375,200185.203125
295402.1875,17328.5
269696.0,55994.80078125
416074.09375,137871.296875
295069.0,11536.900390625
406216.09375,134403.5
336223.40625,124187.296875
404033.6875,112268.6015625
482499.40625,176787.09375
500315.3125,278769.40625
362081.0,158877.296875
297114.09375,61618.30078125
326858.6875,135323.90625
569289.875,55803.30078125
388736.0,167592.40625
502760.3125,212979.0
300710.0,26674.69921875
428983.1875,94745.3984375
545172.8125,166255.796875
340764.1875,109134.203125
495230.3125,116760.0
362644.59375,40671.30078125
548021.5,206711.5
292690.5,35384.5
504163.09375,142553.09375
387906.5,214875.703125
501819.90625,231903.5
306470.3125,44017.5
259210.59375,10615.400390625
542667.375,60005.5
458648.1875,193995.09375
362380.90625,138806.40625
574823.6875,57519.5
449034.6875,195637.09375
529730.6875,140066.40625
316252.1875,11846.099609375
445671.5,190307.5
351779.40625,41934.80078125
331222.90625,46647.8984375
371816.59375,68364.5
403430.40625,146468.796875
397972.5,137009.40625
308969.6875,40172.3984375
433461.40625,157586.703125
454522.6875,149517.40625
463603.90625,212141.40625
313918.6875,65360.6015625
311223.90625,41064.6015625
532480.3125,194539.0
458638.5,242935.203125
318589.1875,83162.703125
420312.40625,222041.203125
470768.09375,233029.796875
387117.5,200092.0
469990.09375,107058.6015625
407366.8125,252181.40625
428239.5,183299.796875
474613.1875,88093.6015625
350291.3125,97264.0
294064.8125,12433.099609375
343790.8125,141293.296875
566304.375,140717.0
365647.6875,106014.6015625
413131.1875,91442.8984375
523080.0,79290.0
439468.40625,387469.8125
473648.40625,113371.296875
305756.3125,190501.0
536432.5,136287.40625
332949.6875,119656.8984375
510835.1875,150681.703125
432894.3125,213805.5
298288.6875,48992.6015625
550674.5,148796.796875
360269.3125,25694.400390625
516952.5,217993.5
322202.6875,54182.8984375
555128.875,75102.796875
446327.40625,230452.296875
405254.09375,227201.796875
436459.3125,232548.5
290215.90625,11650.900390625
497696.90625,287107.3125
532845.375,112168.1015625
522214.8125,313880.5
488033.0,252118.703125
343998.40625,100347.6015625
349243.0,149471.0
514283.8125,100089.8984375
319004.1875,121069.1015625
457017.40625,203789.296875
369027.59375,234673.796875
283242.8125,57994.0
307025.40625,71490.296875
442873.40625,221033.09375
320196.59375,50374.69921875
356144.0,157421.796875
277674.59375,20010.099609375
311866.09375,13914.7998046875
292757.5,22660.5
454168.90625,175460.40625
386685.8125,14250.7001953125
414183.6875,201274.09375
439181.40625,211613.0
479284.40625,136484.59375
304937.3125,39367.1015625
513216.6875,167874.0
370470.0,82917.296875
321066.09375,19224.900390625
292943.59375,71003.1015625
462188.59375,270718.5
457578.5,223906.203125
298966.09375,44360.30078125
400933.90625,226600.40625
361090.6875,156880.90625
332451.09375,83260.5
490221.8125,353116.6875
295912.09375,46751.8984375
547478.0,100882.8984375
529037.8125,133247.90625
362732.8125,39091.6015625
509069.59375,216096.59375
477541.5,116699.796875
397023.8125,82161.796875
372145.59375,231006.296875
345842.0,59018.0
392225.8125,185911.90625
472711.0,201569.203125
364093.6875,15203.400390625
364249.09375,147676.0
484940.8125,198770.703125
534880.8125,46094.3984375
530287.5,103170.3984375
301210.5,19314.099609375
535250.625,136529.796875
508172.1875,196460.40625
477164.5,216009.703125
520527.09375,158518.796875
428582.8125,212080.40625
289457.0,15483.2001953125
560161.125,26165.69921875
491515.59375,252452.09375
521185.0,142563.796875
354405.6875,70078.203125
535467.8125,166442.5
357000.8125,67401.296875
389490.0,165090.0
324695.6875,18506.900390625
432332.59375,159963.0
409250.5,123245.8984375
286069.90625,38326.0
356372.6875,114700.5
285527.59375,17053.80078125
288430.90625,40548.6015625
326118.8125,14154.7001953125
465068.5,217130.703125
384461.8125,235942.09375
296608.5,41984.69921875
301230.59375,22656.0
359582.40625,127418.5
463297.40625,243511.5
478730.59375,184528.09375
576123.625,33251.5
440081.0,74479.1015625
300510.5,44066.69921875
346164.59375,123297.796875
494845.5,203848.0
567436.0,41445.69921875
426589.09375,197404.40625
481333.5,154235.90625
323266.90625,65536.5
347794.09375,102158.796875
506770.1875,160962.0
415524.59375,110023.8984375
326070.09375,90825.6015625
410270.59375,176628.0
503931.90625,171250.203125
349341.5,80129.703125
275586.59375,77782.296875
304088.0,27011.5
366217.0,167141.90625
564054.0,153934.203125
521116.09375,222138.0
323324.59375,30315.900390625
386569.5,200691.40625
338182.3125,12605.900390625
478851.0,246840.40625
321923.59375,29186.80078125
477956.3125,141943.59375
563207.1875,22920.900390625
305419.6875,60983.5
455731.09375,238841.203125
460721.1875,237422.703125
512311.09375,149460.5
516748.90625,145533.203125
370937.59375,109025.296875
458522.90625,154566.90625
425429.0,222464.40625
545137.375,25274.599609375
460063.1875,165628.90625
383821.1875,198669.0
480384.0,193754.5
412953.0,166112.703125
358465.09375,96373.203125
436369.0,234303.796875
354752.09375,122671.5
280621.90625,45144.69921875
353588.8125,189438.5
381358.0,150889.0
332879.3125,160900.90625
439838.5,206556.703125
428751.6875,253204.40625
441652.3125,215227.703125
553497.8125,165829.40625
310305.3125,66666.6015625
280373.40625,54327.0
511406.90625,176108.09375
479384.40625,147315.59375
451186.59375,215589.796875
305988.09375,33606.1015625
299573.8125,13338.599609375
313284.8125,25022.19921875
554548.0,20705.19921875
450187.1875,252298.203125
394300.59375,84238.1015625
277202.59375,14071.400390625
347310.40625,63146.69921875
506626.0,309361.09375
492784.3125,118564.296875
543473.0,38423.0
324608.3125,151941.40625
467268.8125,227806.703125
287646.3125,11546.900390625
324113.3125,84014.1015625
480621.40625,222815.5
464302.90625,104293.6015625
564174.375,159674.59375
486347.59375,284132.3125
380084.3125,132250.703125
451858.1875,104925.5
517542.59375,200788.40625
322085.0,109636.5
522196.09375,198173.203125
455699.0,144216.203125
433485.8125,121197.5
477497.59375,168733.0
458916.59375,146344.203125
442965.40625,214457.703125
563766.125,22907.0
524868.0,32592.400390625
353392.8125,69284.1015625
425265.6875,219180.5
459893.0,166340.40625
266466.5,162135.59375
368116.90625,186422.59375
388305.8125,145600.09375
295408.09375,44111.69921875
298365.09375,68098.8984375
502556.0,83651.6015625
350310.59375,89319.296875
415659.5,58119.0
406472.90625,147004.90625
420073.3125,188403.703125
461424.09375,144612.90625
368805.6875,120306.1015625
288134.5,50269.3984375
444250.5,181441.09375
330896.09375,158058.203125
446991.3125,48656.19921875
508578.0,202925.703125
286313.3125,63109.1015625
304190.6875,33821.0
531161.625,136557.203125
396423.0,138419.203125
376021.8125,149537.0
326391.0,109530.796875
304455.09375,27460.0
288187.59375,23385.599609375
615961.625,162539.5
404326.8125,218337.296875
471529.8125,337435.40625
297992.1875,79754.3984375
305299.1875,15683.5
479746.5,55588.1015625
551361.625,173445.796875
285219.3125,82997.203125
312463.1875,75478.0
298239.59375,39008.8984375
329535.5,134686.5
390827.5,200115.203125
359167.3125,18717.5
402929.59375,172347.5
452041.3125,246881.796875
290958.40625,16746.0
576526.0,116670.296875
441946.6875,257207.703125
428897.09375,109967.5
445885.3125,208859.796875
503320.59375,151003.296875
550077.5,26041.5
337324.5,109335.8984375
314520.5,26205.19921875
318118.59375,69561.5
419519.3125,127490.203125
542232.0,79467.3984375
363556.40625,154173.5
400699.59375,249830.09375
403869.09375,157534.0
461801.09375,78541.0
366762.3125,101574.296875
409533.0,235379.703125
288988.09375,24396.900390625
305364.1875,203065.09375
442501.8125,132606.59375
317819.40625,79856.0
395394.1875,127738.5
535933.5,25794.599609375
342002.59375,131180.09375
457446.8125,233934.09375
312212.6875,63147.3984375
496549.8125,193847.203125
339013.8125,121432.8984375
455879.40625,238297.40625
574636.8125,59822.6015625
389343.09375,134725.90625
398730.1875,203221.703125
486201.0,133191.90625
375917.59375,135219.796875
410037.09375,210172.796875
463558.5,208180.5
271942.1875,85077.703125
387552.90625,139937.40625
293994.09375,27736.0
398357.09375,177627.90625
387540.6875,181810.203125
302762.09375,16526.5
343685.0,122462.3984375
384147.0,65724.796875
427927.5,193455.09375
557708.375,90658.296875
378902.6875,142328.0
530769.6875,77325.796875
322382.8125,15668.900390625
548812.3125,69510.6015625
525495.0,72175.203125
456659.1875,190588.703125
476394.40625,214744.09375
395283.8125,209938.90625
306649.5,34403.3984375
270990.0,13411.7998046875
475678.8125,114813.3984375
529521.6875,251131.90625
370803.6875,52051.69921875
296811.1875,46694.0
394042.09375,197142.0
476509.6875,157518.703125
519552.1875,208022.703125
361752.09375,229958.09375
561637.0,67247.8984375
292749.6875,36451.1015625
462395.40625,207799.296875
385726.1875,210581.0
525283.8125,35562.3984375
430618.3125,232386.90625
508428.40625,150818.59375
310089.09375,29592.5
530663.625,199353.40625
286092.40625,149700.09375
468200.6875,230832.203125
249950.703125,25012.69921875
466970.59375,103400.5
317694.5,72711.0
291663.5,94614.8984375
314299.0,50611.8984375
518501.0,139245.09375
272094.90625,37968.80078125
551308.1875,31365.80078125
365575.5,124695.296875
285733.6875,13677.599609375
413771.40625,187375.703125
379977.90625,127504.6015625
555997.1875,41361.69921875
358445.40625,154330.40625
344790.8125,37031.6015625
398720.6875,160610.703125
462992.1875,150698.203125
397749.5,220706.90625
373170.09375,190192.796875
304414.59375,96104.0
298617.5,11216.599609375
353022.40625,20687.30078125
304860.3125,60226.8984375
299115.90625,13845.099609375
439353.1875,114322.203125
350151.5,162406.40625
414382.0,334106.6875
581117.125,69748.8984375
293010.40625,12404.7998046875
484378.59375,158337.5
483122.1875,211497.703125
467890.59375,254260.5
461498.0,221014.296875
353478.5,71355.6015625
530928.1875,75370.0
570186.8125,64844.3984375
287682.8125,21211.900390625
455142.40625,138331.59375
282737.0,11321.400390625
471586.09375,192749.5
461109.5,218962.203125
281721.6875,39801.19921875
463264.5,213499.90625
472643.90625,223857.796875
417435.59375,267143.0
333070.59375,36420.6015625
272558.5,16308.900390625
293785.1875,11058.400390625
566888.3125,51698.8984375
369298.90625,169534.09375
522386.8125,234140.40625
309845.90625,30831.599609375
371966.59375,169931.0
361584.0,83506.203125
353686.1875,64462.19921875
495768.5,175199.40625
528576.625,242471.796875
330529.5,113493.5
392649.59375,196726.09375
501106.8125,142765.40625
302836.0,22364.400390625
341609.6875,21109.099609375
546208.5,155940.59375
303638.3125,71187.3984375
304277.40625,24892.099609375
294152.09375,13388.0
314431.1875,15180.7001953125
319843.0,103887.3984375
306564.59375,92398.296875
497172.5,186834.0
531297.5,24599.80078125
351455.90625,71162.796875
302741.5,59833.1015625
352617.40625,105351.796875
376749.59375,184219.90625
347418.6875,167183.90625
408498.1875,127605.703125
337619.6875,68977.0
418623.09375,252751.0
387245.5,246325.703125
352126.90625,104994.296875
425568.59375,178326.5
475118.1875,95012.203125
431950.0,228955.40625
375461.59375,127951.296875
377730.0,88834.8984375
421450.5,112557.8984375
546567.6875,22421.099609375
387990.5,199974.796875
442271.8125,62060.8984375
452348.1875,261282.703125
537763.1875,60660.0
301321.59375,18021.5
399011.59375,193144.40625
361964.1875,120551.203125
337375.5,59486.3984375
334788.59375,130291.296875
320395.5,13676.400390625
311883.1875,122997.6015625
641064.3125,59466.0
567423.0,130605.796875
292777.90625,83335.703125
283579.90625,20177.5
366156.90625,121418.703125
300987.59375,14196.0
444792.90625,239674.0
358389.8125,96052.5
470866.8125,125714.703125
390324.59375,168689.203125
323141.1875,86910.203125
352081.8125,83189.203125
444449.1875,43121.5
446063.5,226495.0
297165.90625,29984.69921875
534922.375,249944.5
509599.40625,146035.296875
442008.8125,201136.203125
307724.40625,57748.80078125
269232.59375,83755.203125
521143.1875,86744.203125
300322.59375,45894.5
315699.5,77969.3984375
449827.90625,224172.40625
465585.5,223683.59375
310071.40625,26250.80078125
332147.09375,122631.703125
294486.8125,13725.0
519280.90625,221256.296875
270760.8125,77360.203125
446168.3125,215938.203125
331962.5,170578.0
392787.3125,98443.6015625
543616.8125,160504.90625
313909.5,53183.1015625
290709.5,77692.5
370659.0,64244.19921875
469969.59375,196462.09375
297879.6875,92868.8984375
515600.0,265401.09375
360018.90625,198796.40625
304052.90625,40971.30078125
279524.8125,30928.69921875
524535.3125,174995.203125
446613.09375,235049.203125
307239.6875,47227.69921875
300764.59375,21863.400390625
246391.0,50151.1015625
278325.5,46139.19921875
305388.09375,45516.19921875
360275.6875,182375.90625
508708.09375,204870.59375
478174.90625,216241.703125
553412.5,132670.90625
275884.0,63791.1015625
287928.90625,50408.30078125
520511.3125,167384.703125
507848.3125,129392.703125
484891.5,256560.5
304934.59375,36580.6015625
337769.59375,141710.203125
337256.6875,14485.400390625
357495.3125,192972.203125
545913.125,49361.1015625
308148.09375,45863.0
345679.40625,93670.6015625
479951.90625,284322.6875
514402.59375,179063.703125
321364.8125,95211.5
307882.3125,74278.6015625
464976.09375,131274.203125
393382.0,215145.59375
311274.1875,93862.0
293163.5,82540.5
400677.5,221905.703125
365515.40625,147934.09375
317797.59375,34405.6015625
314118.1875,130982.796875
290435.0,12713.099609375
510532.8125,224021.703125
510339.09375,230304.09375
503787.09375,167873.5
519671.40625,100016.203125
375563.40625,189071.203125
516107.40625,176693.796875
390728.90625,178894.703125
311515.8125,72236.703125
497069.3125,109737.203125
486012.59375,171930.0
462313.8125,161117.703125
432452.1875,219040.0
630128.5,30121.0
399623.59375,277645.6875
478645.5,164332.90625
318916.40625,96931.8984375
390905.59375,151352.0
336904.59375,58364.69921875
533382.875,179530.5
501757.3125,238441.0
439858.90625,243408.296875
313519.3125,96063.203125
415586.6875,158867.703125
449614.09375,177572.5
498287.09375,198898.40625
300654.8125,19813.19921875
386581.5,232781.5
357784.09375,99773.1015625
496873.6875,240197.90625
420221.09375,131057.1015625
379254.09375,183230.40625
317978.09375,129901.796875
524281.0,23940.099609375
509971.40625,252873.90625
312071.40625,97410.796875
539790.125,110789.203125
525195.0,201642.59375
314824.3125,123181.5
276624.40625,45992.30078125
306347.3125,25392.19921875
443911.3125,264536.09375
291728.09375,25439.5
377752.6875,15026.0
526089.5,123160.5
366553.59375,212466.59375
417318.09375,186982.5
391673.40625,250084.203125
307329.59375,26399.19921875
387900.90625,113833.5
329905.8125,116308.203125
543027.375,156292.296875
335312.8125,135384.203125
351439.0,146041.0
382747.6875,134814.203125
315211.09375,48947.69921875
315037.1875,70730.203125
483175.3125,232968.703125
362873.5,156965.09375
311778.40625,99102.203125
546325.8125,100031.5
304574.1875,80970.203125
417772.0,239292.09375
390698.8125,207039.703125
379489.59375,176524.203125
431704.0,166916.296875
338337.59375,136151.09375
307999.3125,26272.19921875
392393.09375,193136.40625
509241.40625,288578.0
279509.90625,25941.099609375
507478.59375,20919.400390625
379235.09375,103260.703125
347817.59375,131486.90625
257407.203125,10946.2001953125
273687.3125,71065.203125
275369.90625,11886.2001953125
556501.8125,51972.5
515079.90625,129964.5
344972.8125,94484.703125
390337.0,155245.0
303624.6875,22391.69921875
487760.09375,259616.703125
482653.90625,190872.203125
427445.0,215672.90625
259119.90625,43949.19921875
529382.875,235476.796875
376272.8125,121058.1015625
481885.0,217879.59375
444513.3125,175537.703125
354093.59375,123422.203125
444165.1875,97780.8984375
309668.8125,12712.7001953125
451711.3125,165193.796875
534745.875,117852.203125
454599.40625,245210.296875
371555.40625,148266.703125
302426.8125,18853.5
542676.5,94148.5
257958.703125,14851.2001953125
459172.59375,23215.900390625
378392.8125,260272.203125
325605.0,13055.7001953125
486802.59375,233195.09375
315582.59375,77179.703125
470614.1875,235042.796875
445033.3125,185556.203125
541317.875,32709.69921875
275056.90625,48755.5
453062.59375,199649.203125
296275.40625,23701.5
333406.8125,122793.703125
424135.6875,194299.203125
374728.59375,62828.6015625
497033.59375,239917.0
373647.09375,159437.59375
304609.1875,38712.19921875
535826.125,110827.296875
360015.5,133393.90625
339051.40625,117521.296875
317744.09375,62751.69921875
512387.5,93133.8984375
359028.90625,152649.90625
548668.625,186805.703125
283902.09375,17996.400390625
286970.59375,121003.3984375
449105.8125,214741.296875
412925.09375,198582.296875
351562.90625,73311.796875
328317.09375,52483.5
401498.6875,82714.6015625
359565.1875,133023.703125
494141.09375,161006.296875
331525.5,165305.90625
454904.6875,216857.59375
248498.90625,33473.80078125
270102.59375,76262.3984375
428467.90625,185464.203125
548454.0,64495.30078125
473965.0,173947.703125
481559.09375,220853.09375
423852.1875,188971.703125
317930.59375,70722.296875
470333.0,157050.203125
420793.40625,98556.796875
303690.09375,16328.900390625
471451.5,162738.59375
373185.6875,159944.0
385353.59375,177757.703125
497812.90625,135071.90625
503077.8125,51391.8984375
351101.09375,179022.0
440065.90625,16080.099609375
466046.09375,197199.90625
354615.40625,42517.80078125
404171.59375,142502.5
309699.1875,61796.1015625
308285.1875,12171.5
301473.1875,137302.40625
285143.59375,17466.599609375
423825.6875,228041.203125
326654.1875,13402.5
464548.59375,139045.796875
290071.1875,15654.0
527644.6875,217387.90625
290114.0,106766.3984375
405318.59375,253299.203125
300925.59375,87152.796875
380823.3125,241295.90625
509186.5,206109.5
373496.6875,267206.90625
423426.6875,315521.6875
483342.0,144285.59375
424913.1875,180366.703125
477249.6875,212882.5
550144.0,82452.796875
263096.09375,20968.19921875
364244.0,23124.69921875
369456.3125,178486.90625
306482.59375,58415.69921875
345962.0,83695.5
405466.5,47661.6015625
272595.6875,61074.80078125
554341.3125,148272.796875
354005.59375,122722.796875
526588.875,126220.796875
476032.59375,198465.5
395480.8125,180989.5
523046.1875,135905.5
499324.09375,197119.703125
349536.0,74047.203125
479288.0,216207.09375
413471.09375,210287.90625
385562.1875,124894.703125
450228.3125,241087.296875
298292.1875,13816.7998046875
564319.0,23571.099609375
392871.1875,105226.8984375
434408.0,33822.80078125
446064.5,173575.296875
312199.59375,96493.5
288406.6875,19345.900390625
383226.59375,148086.296875
527202.5,144569.40625
472412.40625,190480.796875
489186.5,225361.09375
325821.6875,110100.8984375
367751.09375,141567.09375
284874.6875,55920.69921875
464403.6875,387111.09375
517523.0,25696.19921875
413571.90625,196224.296875
544557.5,109359.6015625
358134.6875,163250.5
313409.09375,103644.703125
350921.0,137527.796875
421853.5,194288.09375
337344.0,49921.69921875
512298.40625,238326.40625
523185.8125,120627.8984375
479607.40625,177459.59375
300520.59375,31150.400390625
309238.09375,57884.3984375
290250.6875,53150.30078125
303708.3125,66004.796875
350300.09375,164379.296875
297997.5,59077.80078125
342327.0,59722.19921875
316234.6875,42767.69921875
307408.40625,22986.19921875
483688.1875,198954.0
503224.1875,231667.703125
434446.8125,176252.296875
553451.6875,311556.1875
334393.6875,53781.1015625
419334.5,156976.703125
281217.1875,85539.703125
502950.09375,225239.09375
316395.6875,16230.2001953125
553167.5,130684.8984375
383218.6875,56208.6015625
326769.90625,33286.30078125
449265.0,229737.59375
304185.1875,58434.5
407086.09375,213423.5
579166.5,65212.1015625
522336.0,131515.203125
350750.59375,244370.796875
402602.59375,178276.90625
393876.1875,162823.796875
469886.3125,169849.296875
293885.59375,81930.5
494519.59375,23028.0
316429.6875,96392.6015625
275397.8125,127347.5
555585.1875,99499.5
320465.8125,69342.796875
515918.5,123556.703125
519467.40625,234979.09375
293925.1875,11611.2001953125
285753.3125,27621.30078125
300588.6875,17910.69921875
459654.3125,279977.90625
391371.6875,210052.296875
310212.0,15623.400390625
315767.40625,119032.796875
451972.09375,159415.40625
396193.5,160635.59375
547126.6875,98731.0
506675.90625,142263.203125
305397.09375,39370.5
387672.09375,215447.796875
330988.6875,114107.1015625
384604.40625,123063.296875
259509.59375,10474.400390625
363456.1875,187445.90625
587643.0,39393.30078125
260813.5,43528.6015625
500782.5,120141.0
396428.90625,74171.1015625
453970.0,181867.703125
498167.6875,188139.203125
293461.09375,44586.69921875
324999.3125,60197.80078125
387988.0,157298.59375
315381.59375,37498.69921875
272965.1875,215080.40625
332692.0,126492.6015625
378986.6875,92475.703125
271862.59375,14364.5
435416.59375,135098.59375
289039.59375,27289.80078125
279663.1875,76281.703125
439056.6875,151357.5
290221.0,105079.703125
435167.09375,78071.3984375
302013.09375,40021.5
264318.09375,10555.2001953125
478734.5,258516.09375
464108.0,199264.703125
335787.40625,80317.3984375
343075.59375,198868.796875
510932.09375,207655.703125
523914.3125,150208.296875
524460.125,212726.796875
598178.6875,27968.5
466670.59375,93047.3984375
558709.0,35272.1015625
257845.703125,16229.5
262088.59375,10964.5
484936.59375,55517.69921875
504468.0,158021.296875
551749.625,105690.203125
303374.3125,30400.400390625
512922.59375,350187.1875
411802.90625,150200.09375
394465.5,173542.09375
384422.1875,162962.296875
515782.59375,22272.80078125
311794.1875,51483.0
337315.90625,83918.296875
405675.1875,121607.703125
366400.90625,175105.203125
603512.5,53056.80078125
369638.0,55306.69921875
483755.40625,263245.90625
471893.09375,150619.296875
393765.3125,202178.90625
439469.59375,218690.40625
365973.8125,115040.796875
337669.5,187351.796875
439842.3125,177177.796875
307002.6875,37438.0
358021.09375,134531.0
363898.1875,90710.5
365130.40625,18462.69921875
303765.0,47347.1015625
470030.3125,20564.30078125
331243.6875,92616.0
411000.6875,179056.203125
543996.1875,154783.703125
495217.90625,258924.40625
441711.0,220636.90625
352813.40625,230075.203125
515349.90625,270970.6875
359314.3125,164195.0
260601.09375,43005.0
284546.90625,46841.5
343732.0,149320.203125
545123.6875,85857.0
507835.8125,194787.203125
326081.6875,112492.203125
328673.8125,95606.796875
370135.3125,193088.5
575425.375,53586.0
338294.6875,132337.0
506234.6875,253937.0
362203.1875,130801.203125
290259.8125,56353.19921875
355070.40625,191577.703125
423663.5,170985.703125
295387.3125,65278.69921875
303891.0,88604.796875
358953.09375,162808.59375
564064.6875,64496.69921875
261901.90625,50309.8984375
311495.40625,185680.703125
565212.375,59761.69921875
424002.40625,165022.59375
320207.6875,96922.296875
557162.625,133438.5
502200.40625,211212.5
416599.40625,170521.296875
395525.09375,126300.6015625
342988.3125,99710.796875
289517.0,16966.30078125
265360.09375,12260.0
310924.3125,59332.30078125
551308.5,32247.19921875
549105.3125,240231.203125
567515.125,48878.6015625
485854.5,138944.90625
412802.40625,196481.296875
339096.0,104097.703125
515936.90625,145811.90625
574009.6875,31101.30078125
567332.625,23422.5
491824.09375,138830.0
363165.3125,139952.796875
371638.90625,148642.203125
453947.5,124497.703125
390263.3125,160637.203125
521766.0,170839.09375
262764.0,66415.796875
490078.59375,17595.400390625
311533.6875,59070.19921875
367525.0,151634.40625
538731.375,51210.69921875
349638.6875,132643.796875
362019.3125,49349.69921875
286686.40625,20158.0
486734.0,122990.296875
522385.0,174807.796875
335754.3125,82566.796875
354969.1875,234639.0
548013.0,23678.19921875
517459.5,127511.796875
412741.6875,178352.703125
500174.3125,263069.3125
371853.3125,198901.0
367293.5,91287.796875
380230.8125,180057.796875
308296.0,61446.80078125
296749.3125,77115.796875
498389.59375,188258.0
320948.5,115160.703125
325590.3125,80631.296875
393405.8125,193192.796875
369977.6875,20646.5
538806.3125,71138.703125
492731.6875,268640.6875
283466.5,12285.7001953125
337474.0,80231.1015625
311122.09375,12674.900390625
336271.1875,50029.69921875
279668.40625,51227.69921875
524778.875,156476.203125
538261.875,201519.09375
319294.1875,54036.30078125
321000.3125,175949.203125
394497.90625,169971.296875
388501.8125,222632.296875
322311.8125,128523.0
252470.90625,32552.0
559643.0,22389.19921875
313337.90625,17142.69921875
491085.5,216948.796875
291604.40625,10900.0
524174.59375,255704.5
361617.5,204029.703125
288558.6875,38495.5
393071.5,208551.796875
299701.59375,11703.099609375
278895.59375,90951.8984375
555663.875,198951.796875
285879.40625,42476.3984375
304117.40625,23184.19921875
469821.8125,144887.40625
445243.1875,201611.0
291855.09375,46656.6015625
297949.59375,27796.099609375
468600.5,204086.40625
445743.09375,260412.5
340362.5,147623.5
500599.09375,238663.296875
307440.3125,41683.8984375
312030.8125,45631.5
370837.40625,169745.203125
389499.6875,131046.0
553520.6875,127811.6015625
304511.09375,33004.30078125
458906.59375,130141.8984375
478731.5,227589.0
435048.0,24557.80078125
328761.1875,96414.5
286058.6875,90083.296875
404877.09375,125511.296875
376486.40625,194980.296875
468514.59375,250650.90625
362356.40625,200703.0
299768.90625,17905.599609375
441547.6875,153557.5
353049.6875,91352.1015625
356862.09375,194119.90625
318563.59375,143397.5
508700.6875,165817.40625
543902.6875,252412.0
515449.59375,75884.203125
450893.90625,153906.0
375346.6875,178429.59375
561148.875,45552.8984375
334025.3125,32323.80078125
289577.59375,32286.30078125
306387.8125,11607.400390625
302771.09375,56108.69921875
336566.09375,119687.8984375
337145.6875,141768.296875
304279.0,43952.30078125
294170.59375,24025.69921875
276379.1875,64619.80078125
399004.3125,154955.203125
303528.59375,12253.5
512549.1875,143882.5
523954.6875,200290.09375
418439.0,118055.0
289125.09375,34730.6015625
540612.125,55689.30078125
502773.09375,103829.703125
354030.90625,201723.703125
363692.90625,192021.59375
552237.1875,20450.0
295313.59375,56377.80078125
419469.09375,214870.90625
293461.90625,46770.0
510394.1875,227014.296875
312130.40625,107534.703125
512382.09375,204234.703125
309778.6875,17585.5
419692.1875,170374.796875
475599.6875,127236.0
501449.09375,74759.3984375
291497.6875,46398.1015625
513124.40625,230538.40625
401015.90625,207113.0
314166.09375,53004.8984375
345616.8125,15497.099609375
560781.3125,20548.099609375
283291.0,50734.19921875
344639.0,127620.796875
278463.40625,10909.900390625
405206.5,69453.0
355241.3125,174684.90625
458964.59375,163572.703125
306147.8125,16211.0
495320.40625,116611.0
311436.59375,13411.2001953125
516989.90625,112413.203125
298481.40625,40810.1015625
276515.59375,46940.80078125
317495.09375,57228.80078125
281832.3125,49104.8984375
458104.59375,146592.90625
476946.59375,219079.796875
481850.90625,156557.5
376256.6875,148979.296875
310834.5,32075.5
372375.40625,190090.203125
309944.40625,83047.3984375
382917.5,176785.796875
372584.09375,107460.203125
532529.875,204378.296875
533332.875,73776.296875
263126.6875,148506.703125
292494.6875,16060.599609375
488446.59375,198722.90625
337623.0,181131.703125
343511.09375,147177.796875
405947.09375,210460.5
301873.59375,23451.0
295395.0,33940.0
315012.5,142707.5
561694.125,108091.703125
305111.0,35053.0
290588.09375,50493.19921875
483951.09375,181336.59375
529422.0,126315.5
354595.09375,85556.3984375
492948.8125,189672.203125
473623.09375,167204.203125
559352.625,39527.30078125
565138.5,55422.5
491824.40625,164122.40625
380027.09375,173617.0
484002.5,148261.796875
528716.6875,96417.8984375
401649.6875,202121.796875
297417.09375,14300.2001953125
332817.59375,140279.0
299000.90625,16320.2998046875
554921.1875,22930.69921875
512029.1875,197919.90625
357862.90625,67121.0
437966.3125,288996.3125
524620.5,180869.0
431470.40625,165257.296875
299511.09375,32497.900390625
617258.125,221650.296875
394085.59375,107034.6015625
395266.59375,175102.796875
361361.09375,167303.203125
290215.90625,15310.2998046875
536552.375,128980.1015625
321363.6875,178880.0
499416.1875,227504.09375
460124.09375,184567.296875
554496.125,47154.3984375
332261.0,67757.796875
371639.59375,130181.203125
321486.8125,45725.3984375
520636.09375,77922.203125
334093.59375,131230.40625
510697.6875,164987.203125
484811.59375,250225.703125
264890.40625,48867.5
351186.3125,167958.796875
362613.0,184101.203125
454278.3125,338658.90625
418401.59375,154364.203125
485683.8125,264612.5
483617.59375,241540.90625
518383.90625,123565.0
397369.09375,163504.703125
529664.375,178322.59375
338903.6875,69688.0
457076.09375,204378.09375
310813.40625,83893.296875
435187.59375,183676.40625
246562.09375,67027.5
363938.5,77325.296875
526193.625,363313.5
491005.6875,76727.5
433398.1875,119253.1015625
383427.90625,229715.5
420785.8125,67387.8984375
459318.5,195624.0
263847.0,14188.599609375
317992.09375,162143.90625
376594.90625,144306.59375
274028.3125,34171.19921875
462155.5,107782.5
330134.59375,120970.203125
375009.6875,138289.296875
458003.40625,220246.296875
407315.59375,248559.203125
305045.90625,57360.1015625
483707.1875,54339.5
342416.1875,144503.59375
487509.09375,246849.296875
286802.40625,39086.5
286634.59375,87520.1015625
541976.875,145494.796875
402504.09375,146269.40625
496612.3125,159258.203125
548622.125,80693.203125
286583.90625,28232.69921875
413562.90625,214550.0
349007.6875,100235.796875
363642.5,111009.296875
534777.6875,186162.90625
540618.6875,148744.5
288889.59375,69434.8984375
463278.40625,295132.0
379736.6875,150055.90625
473885.40625,196854.40625
381216.90625,140506.0
337041.0,72449.203125
420132.09375,87213.796875
406637.59375,130597.5
288092.40625,22078.19921875
527639.8125,225872.40625
309498.6875,43482.19921875
301216.40625,38068.3984375
325949.1875,16557.099609375
422634.09375,154407.0
538281.5,114574.8984375
315539.1875,21609.099609375
448829.90625,189124.296875
365129.5,167020.09375
299339.6875,134434.09375
520599.90625,226418.5
366106.1875,93080.5
321031.09375,122918.0
294751.5,12554.2001953125
325440.1875,163772.09375
560125.5,173074.203125
428445.8125,137061.5
432169.0,116185.8984375
509268.5,220288.296875
481373.6875,270184.8125
293619.6875,42463.8984375
491207.6875,220099.796875
410943.90625,101584.8984375
559074.6875,42296.8984375
287993.0,19779.099609375
336372.8125,138315.5
295675.5,39449.3984375
296262.6875,47900.1015625
395549.1875,138675.59375
488965.3125,212285.0
332329.1875,115753.203125
277357.0,13660.2001953125
464949.5,166876.703125
460836.0,238611.59375
372438.09375,146083.90625
410586.0,208722.703125
509227.8125,169771.703125
402697.1875,27728.400390625
298294.0,42885.69921875
496965.5,153448.796875
306988.59375,12141.099609375
428818.09375,119814.703125
290881.0,11538.400390625
381958.59375,111901.703125
359687.1875,227007.59375
330164.09375,87872.3984375
261280.09375,32113.900390625
422446.59375,199353.90625
375061.6875,199906.09375
378209.6875,186969.703125
329449.90625,38852.0
313278.5,57607.1015625
282076.09375,102385.1015625
521591.0,160242.203125
393530.59375,162176.40625
378485.59375,178262.796875
439834.5,129090.1015625
544934.625,51594.0
373794.5,48494.3984375
485475.6875,154279.59375
343614.40625,75552.296875
422513.5,86929.6015625
336601.59375,124922.3984375
474384.6875,171787.59375
455699.6875,252015.703125
286435.90625,30595.5
438390.5,162331.59375
306536.6875,134660.09375
415075.09375,275866.40625
428616.0,84627.203125
490836.59375,224030.59375
369724.09375,134847.203125
341233.59375,17411.80078125
373854.6875,195421.0
283534.6875,11163.900390625
525111.0,135425.09375
404152.40625,188558.796875
294232.8125,21879.0
296926.0,13806.7001953125
335848.6875,70916.0
448519.59375,220084.09375
370595.6875,145099.09375
313918.5,107213.703125
323807.8125,85344.703125
521663.90625,172304.09375
380777.59375,128152.796875
288415.8125,43810.5
299328.0,13375.7998046875
292039.09375,28703.099609375
359187.6875,153279.90625
433604.0,228064.59375
375347.1875,162691.59375
502564.59375,204493.0
553347.8125,123475.5
418795.59375,233215.90625
349044.5,99698.3984375
444100.40625,226463.796875
475863.40625,347976.5
527838.5,173175.59375
346121.09375,97167.0
510759.0,37641.6015625
266855.1875,14177.599609375
440913.09375,177030.40625
346209.09375,138074.203125
374213.59375,186420.796875
289652.09375,17943.099609375
311344.5,48855.1015625
422558.40625,129850.296875
294247.09375,23596.0
518332.40625,158901.296875
388910.6875,143504.59375
322147.59375,15569.400390625
393909.90625,202569.0
313081.1875,119463.5
453098.5,201953.703125
521557.0,176270.09375
314958.90625,79761.796875
430460.1875,226295.59375
304566.40625,23949.80078125
274349.09375,17338.400390625
539827.6875,240265.59375
473751.40625,176042.5
372086.5,66540.6015625
396320.59375,131109.0
316122.0,72754.6015625
556389.5,76271.703125
348959.90625,69599.1015625
282269.1875,34045.3984375
394332.59375,92176.796875
346250.8125,159640.0
322250.5,94618.6015625
375385.5,144501.59375
451655.09375,158753.0
265224.0,99981.6015625
254420.0,13584.900390625
395240.90625,171791.296875
442027.5,92171.6015625
293233.5,118586.8984375
290747.59375,11624.900390625
346416.3125,133825.0
439619.40625,173009.796875
302424.5,14765.7001953125
536801.625,114210.3984375
409329.3125,213293.703125
311035.09375,52718.3984375
310631.09375,35220.69921875
307537.6875,35648.5
285874.1875,144431.90625
438751.6875,188557.59375
474246.0,158583.90625
323472.40625,51551.80078125
404922.3125,203260.5
429079.6875,195275.5
423384.09375,115899.1015625
516659.5,50068.69921875
346668.8125,198807.203125
388331.90625,194684.59375
249054.703125,95972.8984375
369277.5,139021.203125
383800.59375,103928.296875
452112.3125,210305.5
472305.09375,269861.59375
346670.0,116891.0
274466.59375,85277.6015625
548621.6875,61664.30078125
409214.5,205266.40625
506745.8125,23033.0
453982.0,191482.09375
384246.59375,124713.796875
445954.5,254084.90625
295102.59375,21699.400390625
377095.8125,94912.0
296522.09375,13195.400390625
361564.5,98992.3984375
501886.1875,246310.59375
442025.09375,241162.90625
421392.40625,242522.296875
400647.6875,176054.0
471247.0,144085.203125
250244.09375,22902.900390625
517922.1875,213327.59375
429556.5,137872.703125
291200.3125,13426.7001953125
266249.09375,13145.400390625
549268.625,83036.796875
388713.1875,170923.90625
496516.40625,253360.796875
478361.6875,211263.09375
322506.59375,81883.8984375
412798.0,138265.90625
411063.1875,193450.09375
487078.59375,191233.90625
555512.375,23731.30078125
330544.0,138380.703125
378118.0,152583.09375
346539.09375,171908.40625
374610.1875,218432.09375
473602.5,197741.796875
364277.3125,185013.90625
342190.6875,179019.796875
309849.3125,14593.2001953125
297095.90625,20516.19921875
499433.3125,121818.296875
564271.625,61838.5
472529.3125,200733.59375
383195.1875,63984.30078125
557100.1875,25658.5
351288.8125,133718.203125
442149.09375,155680.59375
472176.90625,117693.6015625
447952.6875,124411.703125
406491.6875,207757.296875
353680.5,83704.796875
368692.1875,183950.59375
332209.0,112526.5
293631.3125,139206.90625
382443.59375,212578.0
301329.8125,17405.099609375
333163.1875,62443.80078125
360099.6875,103653.0
287104.59375,15105.599609375
300279.8125,12344.900390625
502612.59375,209346.59375
311126.0,15535.400390625
426640.0,200960.296875
405195.40625,186484.90625
502133.8125,179886.90625
512344.1875,172058.796875
348995.3125,68679.703125
358759.90625,104936.203125
479711.8125,157813.59375
257907.40625,98750.0
257772.5,21068.900390625
389497.8125,140729.40625
294420.6875,12561.099609375
304337.6875,21734.30078125
390244.6875,149350.90625
294624.40625,20090.599609375
535621.1875,124039.703125
524675.5,68517.8984375
285811.0,70530.796875
281428.1875,57864.1015625
377884.90625,159369.40625
426506.3125,171973.90625
403970.6875,147397.296875
491531.40625,135171.0
538926.6875,122426.5
284681.5,18961.900390625
373713.5,179792.0
421080.1875,195768.40625
484937.6875,146581.703125
277216.1875,20602.30078125
418578.09375,110155.3984375
407009.59375,179257.796875
365762.3125,124880.796875
288921.09375,94803.1015625
447639.5,185276.5
312335.40625,74602.703125
384184.3125,178559.796875
539256.8125,116690.6015625
305316.3125,70778.203125
389611.5,209498.40625
432770.8125,154885.90625
440699.5,205295.5
394696.6875,137717.296875
519934.6875,103874.8984375
460858.1875,134061.59375
535322.6875,107672.796875
477458.8125,186437.203125
469002.09375,209706.59375
280430.5,21882.0
414568.6875,136449.296875
345084.5,135956.40625
360987.0,164797.40625
276850.5,152249.296875
309423.3125,15522.900390625
300370.1875,43637.80078125
310266.59375,49802.5
375490.40625,72321.5
331015.6875,117631.0
578553.0,28413.900390625
498535.3125,187762.90625
318013.59375,71183.1015625
439816.1875,255245.796875
406864.1875,204211.90625
411190.59375,238061.90625
390886.8125,164502.09375
318056.59375,125715.296875
498679.1875,200943.0
384897.1875,125043.5
545037.125,209811.90625
446235.3125,165422.90625
358912.6875,171591.59375
518087.90625,239595.90625
528123.6875,165974.296875
356754.8125,55302.69921875
315601.40625,53033.5
399090.59375,236028.0
292496.3125,17698.69921875
292772.8125,12591.400390625
367732.6875,105449.3984375
245442.5,24952.099609375
485578.0,216449.296875
549776.1875,27783.599609375
453857.8125,169423.90625
313118.40625,85655.0
420418.59375,122124.0
348788.40625,139684.0
403447.59375,215562.09375
324413.0,23157.5
527177.125,73354.6015625
468477.5,224325.796875
554118.6875,22564.599609375
404248.40625,152390.90625
295694.1875,44459.80078125
474762.40625,80430.703125
462296.3125,231716.40625
562258.5,95573.296875
317078.6875,42263.1015625
327798.3125,53290.80078125
417398.0,148187.90625
501544.5,177249.296875
311688.40625,51014.8984375
355961.8125,97395.3984375
511796.5,50456.5
395924.8125,143389.40625
498809.1875,151109.296875
252514.296875,11186.2001953125
407918.40625,97887.203125
333069.1875,111319.796875
382128.8125,143007.203125
316148.8125,135013.40625
377950.59375,127506.6015625
473187.0,135235.09375
268778.1875,13401.2001953125
405830.59375,124225.8984375
403310.3125,195578.703125
463583.1875,164356.0
353681.09375,111791.8984375
471440.6875,208515.09375
563663.625,82852.5
425120.1875,182018.90625
520415.6875,226194.40625
491985.6875,188822.5
499709.90625,88620.296875
301247.1875,95069.296875
294559.59375,38393.5
313490.6875,47853.19921875
302201.90625,106161.1015625
294860.90625,28627.19921875
522850.3125,127484.1015625
483604.0,131802.59375
322049.0,154878.796875
290145.90625,85029.203125
397615.90625,198731.09375
515444.8125,151894.5
371285.09375,49198.0
319771.90625,32652.69921875
388527.90625,182880.703125
339178.90625,12223.599609375
314098.09375,67389.296875
313054.6875,80186.6015625
464511.40625,212003.90625
329565.6875,54196.6015625
316679.09375,84737.5
262798.40625,18018.0
445025.1875,199064.0
348282.0,145554.203125
537020.375,160201.796875
513882.90625,210125.703125
373960.5,169620.796875
299774.09375,29902.69921875
553373.5,103331.5
284841.40625,10824.099609375
363551.3125,130900.8984375
324660.6875,129490.796875
367704.59375,37682.6015625
502756.3125,217304.5
397136.40625,160425.09375
359571.90625,136654.5
387259.6875,96451.0
383407.0,167532.703125
323587.09375,115838.0
428050.6875,49291.69921875
548467.875,73178.0
301529.5,27039.599609375
549723.875,83966.703125
370263.0,267539.09375
364369.5,147863.203125
441339.40625,194205.59375
394109.40625,156852.703125
426105.1875,227687.90625
444255.40625,176613.796875
321329.90625,12394.7001953125
405345.90625,109399.0
434846.0,194147.59375
402034.0,183470.796875
422039.5,135246.59375
538189.375,77214.3984375
296598.5,21283.400390625
368488.59375,253376.0
316879.90625,150437.09375
405868.6875,172305.703125
343939.1875,90533.5
377161.6875,164925.296875
424098.09375,227574.5
300805.09375,12264.599609375
295597.90625,55852.19921875
456634.3125,20016.099609375
307283.5,14512.7998046875
280870.0,16131.0
277489.59375,17138.19921875
526632.125,36560.3984375
390963.09375,181170.90625
396884.3125,192895.5
345735.59375,178203.0
412611.40625,75756.703125
316903.1875,13096.099609375
461287.0,227120.40625
271923.09375,63146.0
378791.40625,167941.59375
424938.90625,120009.5
423699.6875,243971.203125
446576.40625,147655.59375
537960.375,81253.703125
446392.40625,198971.5
413941.0,223927.296875
510107.5,188912.0
353282.6875,158123.203125
522635.59375,239406.5
391378.1875,83756.8984375
264566.6875,50365.69921875
304227.0,48079.19921875
408088.40625,25952.099609375
323754.8125,130526.1015625
502094.40625,173361.703125
355104.8125,147415.59375
297888.40625,18097.0
381963.40625,100797.203125
537298.0,68168.5
529709.0,75315.0
275847.09375,54343.5
302743.90625,21958.400390625
293750.09375,34691.1015625
325764.59375,76168.296875
337583.6875,79868.6015625
445162.90625,114817.3984375
474180.6875,256487.09375
497308.09375,131243.0
557637.1875,63319.3984375
294771.90625,26510.0
448431.90625,186756.296875
434096.6875,180133.203125
373178.8125,135062.0
255424.40625,10892.2001953125
305385.40625,58658.5
369263.5,244147.09375
427820.6875,165953.703125
510306.09375,227966.203125
317500.0,11745.7001953125
558277.0,124181.0
335831.6875,92073.8984375
510729.5,170278.703125
288191.59375,12169.5
312399.90625,115244.6015625
498308.40625,179226.203125
545276.875,21102.5
360894.5,18139.099609375
347637.09375,69542.703125
566180.0,87152.203125
495123.09375,208054.40625
517398.6875,250030.59375
362540.1875,142748.40625
548582.375,43876.1015625
306453.8125,15745.5
280842.40625,47453.19921875
274658.5,27344.099609375
291524.6875,23522.099609375
336362.6875,186191.40625
539583.1875,172069.90625
492460.6875,269512.6875
390833.09375,153844.5
531824.1875,109150.203125
382368.90625,122368.6015625
487484.09375,234606.59375
339405.90625,25979.5
371747.0,100121.296875
276800.5,45338.1015625
317781.5,109750.0
310230.6875,39624.69921875
492586.40625,134485.90625
310411.0,56508.69921875
394066.40625,128688.6015625
312233.40625,76996.203125
358196.09375,160873.296875
538372.5,180453.203125
295278.3125,14692.400390625
294113.8125,12184.2998046875
323117.1875,98103.296875
291015.6875,13307.599609375
494618.3125,65773.203125
254253.203125,73072.6015625
488998.5,118023.8984375
379181.6875,184307.09375
519508.09375,247845.5
306904.1875,15630.400390625
318700.90625,164377.09375
428347.1875,123170.5
492474.8125,268214.09375
321783.40625,111750.5
334338.0,66291.0
306333.5,29292.0
334974.0,95863.703125
437987.3125,230796.5
475195.40625,240454.09375
521291.09375,98739.703125
317213.8125,75097.296875
271984.3125,12173.0
396710.1875,228470.59375
473442.59375,150163.0
471917.6875,61408.8984375
516187.1875,86264.8984375
375415.90625,284883.59375
383859.0,258173.203125
460077.90625,161893.296875
388441.1875,165827.296875
417627.59375,99415.5
426199.6875,238289.09375
297199.59375,12607.5
341166.90625,108100.1015625
439980.40625,239961.203125
441290.3125,266994.59375
317381.90625,82870.203125
286837.8125,22265.599609375
500489.90625,192627.5
295436.0,99449.1015625
551486.875,129358.203125
288936.0,47857.5
299493.59375,123048.5
304860.59375,49240.3984375
519326.40625,76928.203125
549501.8125,58566.69921875
303092.6875,16617.80078125
358762.59375,171166.40625
555668.875,68247.5
250551.40625,98779.296875
306018.09375,39067.69921875
296740.09375,47651.8984375
413837.90625,15283.900390625
299284.40625,33014.3984375
521013.59375,190933.40625
366067.8125,118267.296875
430962.40625,147590.40625
320262.5,122822.203125
310171.59375,33013.69921875
288520.90625,12067.900390625
396293.5,162631.296875
297029.90625,17743.099609375
292610.90625,106757.0
430852.59375,149197.703125
291012.0,79889.5
485468.90625,185476.40625
510135.6875,234951.59375
421927.40625,196438.0
356127.90625,209427.90625
303165.09375,24712.900390625
517961.0,50109.69921875
400815.40625,151954.40625
287731.5,10954.2001953125
545278.875,160901.40625
328576.90625,231346.90625
376489.0,181779.296875
570350.875,35716.5
324519.3125,92468.8984375
381268.5,143336.296875
450216.40625,248822.59375
299000.40625,19133.0
302237.90625,55217.0
360725.3125,139159.09375
319788.0,55435.69921875
396516.8125,161202.203125
469533.59375,91872.296875
388616.3125,196763.90625
348616.1875,112024.5
295964.3125,122534.796875
489638.3125,219768.09375
311729.40625,51867.8984375
360574.90625,115923.5
369406.90625,153552.40625
532685.8125,149965.796875
306751.90625,12914.5
434601.0,216583.5
472366.40625,113185.796875
411985.59375,175942.203125
490682.90625,281926.90625
543385.625,125741.8984375
553058.0,128533.296875
515715.5,195740.5
346560.90625,99393.1015625
510500.1875,36605.5
313399.90625,43633.3984375
248875.796875,45646.1015625
317977.40625,130009.296875
338815.40625,197447.90625
277275.59375,37589.80078125
321586.1875,30007.69921875
479979.40625,207331.5
293298.5,37671.30078125
506504.59375,130161.203125
483530.6875,97002.796875
336253.0,171096.40625
430521.40625,259343.296875
406991.90625,174697.59375
440500.3125,48308.80078125
603038.1875,30854.900390625
307716.6875,114343.8984375
528381.875,76628.3984375
337749.90625,31684.900390625
490800.5,109666.0
330732.8125,27712.400390625
550346.875,78276.8984375
318432.59375,113621.8984375
515197.5,38307.0
437419.90625,229219.09375
439884.3125,185906.296875
279271.40625,12940.5
291190.09375,13645.0
440647.90625,188836.5
315072.0,91494.5
278943.3125,11690.599609375
306433.5,55463.0
364375.5,151296.90625
359399.09375,101713.703125
511483.3125,247612.09375
523649.40625,177506.5
309306.5,62323.80078125
441534.0,217424.5
351052.8125,128847.796875
343816.40625,60951.8984375
564643.3125,37488.30078125
434417.90625,203732.59375
462147.1875,198765.90625
343213.6875,62544.8984375
460646.6875,147600.59375
516606.8125,198992.0
445652.40625,149363.203125
501032.3125,184883.5
300216.1875,70886.1015625
487397.3125,67648.296875
450289.40625,185440.5
541521.125,109363.703125
305090.59375,47982.0
537148.875,140794.90625
527281.5,181130.203125
304321.90625,74174.8984375
518736.0,200488.703125
252893.90625,27993.30078125
456987.59375,227090.703125
344284.40625,110239.3984375
297901.5,32805.30078125
498106.59375,115237.703125
494496.40625,244381.0
450543.3125,104778.1015625
383267.0,55507.69921875
474703.0,223044.0
300573.0,14187.400390625
460230.09375,226678.703125
390183.09375,160836.40625
426415.1875,245380.09375
365359.3125,134883.09375
393045.59375,222910.203125
533541.375,116369.8984375
307246.40625,47795.8984375
322465.90625,69217.3984375
463640.59375,134081.90625
366926.90625,95054.3984375
531935.0,107263.703125
505338.3125,165811.40625
370481.59375,212588.203125
525566.125,198622.5
526539.625,142988.40625
304295.0,17828.5
419769.1875,141123.5
461321.8125,145292.59375
531889.3125,48600.1015625
254742.0,13073.5
307410.8125,36431.69921875
309229.59375,42506.80078125
306228.8125,83892.8984375
309687.3125,95276.1015625
467453.5,143137.796875
509217.6875,205530.5
509635.5,113578.0
365938.8125,88589.796875
267224.3125,73720.1015625
382777.40625,139511.90625
462482.90625,218721.796875
366468.59375,89643.5
326817.09375,244517.203125
441138.40625,172546.59375
302459.90625,47655.0
467013.0,198652.0
389361.40625,251534.5
371017.3125,155197.90625
312546.3125,41429.1015625
452046.5,32711.30078125
398361.40625,153712.796875
410798.90625,165693.296875
517990.40625,142014.40625
538321.0,22274.5
355997.09375,38971.80078125
298471.3125,145911.09375
410190.0,103871.203125
252409.296875,94654.8984375
327480.40625,78630.296875
545841.625,28870.69921875
514595.09375,213294.5
471621.09375,210827.703125
556625.125,103831.3984375
494047.40625,204673.0
359918.40625,197354.59375
431374.8125,213524.09375
447407.8125,275982.59375
491629.5,24048.19921875
285316.59375,27296.19921875
328747.90625,134851.40625
328627.09375,111510.8984375
317791.3125,92803.296875
545948.375,103303.3984375
293816.0,44177.69921875
470563.40625,119597.796875
368885.40625,53054.3984375
349143.09375,104310.8984375
406446.40625,154178.40625
458256.90625,238233.0
299705.0,27903.0
303754.40625,15034.5
347388.40625,113255.8984375
402798.59375,253530.09375
394350.90625,196286.796875
245500.40625,10700.2001953125
307546.90625,13622.0
550494.8125,58780.69921875
294911.09375,22710.30078125
337802.0,72832.3984375
343636.0,68915.203125
298708.8125,51897.5
315124.3125,11860.2998046875
438848.09375,221182.40625
304419.90625,33693.6015625
410986.8125,205565.40625
296200.40625,36235.80078125
422393.09375,213601.90625
436072.59375,76024.0
368811.40625,56382.69921875
506746.3125,171001.90625
264219.8125,121489.296875
544028.8125,99199.203125
518453.1875,47986.6015625
330303.8125,161097.796875
376290.5,14215.2998046875
531670.0,210418.5
288578.90625,15807.2998046875
317885.90625,115276.3984375
534479.5,64583.19921875
368268.59375,176706.90625
379133.90625,176137.09375
289834.40625,94863.796875
434664.09375,185994.90625
406623.3125,205169.796875
477274.90625,179687.09375
340401.3125,169038.203125
297581.1875,28038.599609375
282372.8125,11807.2998046875
554937.625,164075.796875
518004.8125,164310.796875
499555.0,213914.5
570065.875,161026.796875
344730.3125,129975.296875
351685.09375,125111.3984375
339332.5,81634.6015625
376651.3125,139925.40625
330553.90625,116525.296875
300938.3125,69115.5
359608.8125,18805.30078125
551659.6875,21884.80078125
319256.6875,14672.7998046875
303410.6875,55980.0
441802.3125,176855.59375
382710.40625,129660.203125
391193.40625,219992.796875
472163.59375,243669.59375
372719.8125,168731.0
312143.8125,159825.703125
361300.40625,92816.796875
389011.59375,196070.40625
500230.8125,265644.3125
372571.1875,152221.296875
282821.40625,23638.69921875
481140.3125,212754.296875
413887.8125,121205.5
540975.8125,180699.296875
508781.3125,115290.796875
430153.5,204862.90625
250225.703125,20727.80078125
251910.703125,22422.69921875
481390.1875,217634.40625
498303.59375,83282.8984375
329021.8125,167703.703125
449733.59375,230976.5
524604.5,168857.203125
411662.40625,258916.203125
320805.40625,102049.296875
347053.3125,90565.796875
507129.90625,116947.296875
504280.90625,130668.1015625
505354.3125,231070.90625
299076.59375,45163.80078125
611341.3125,113866.296875
355051.40625,52905.1015625
351783.1875,205474.296875
592715.8125,59127.8984375
382373.3125,174508.296875
404374.40625,190025.703125
513795.40625,224211.796875
255662.40625,17459.900390625
528647.125,82077.8984375
366048.3125,188663.90625
368630.90625,86580.796875
562522.625,151359.296875
561675.375,60886.69921875
284754.8125,11384.2001953125
299900.1875,14688.099609375
322169.59375,56190.30078125
301727.1875,22067.30078125
435070.1875,163858.296875
290907.1875,13748.2001953125
361804.1875,150179.5
549196.125,171244.296875
292433.5,18507.69921875
310023.59375,132560.90625
343123.8125,215412.90625
558131.1875,24199.80078125
338826.90625,95288.5
326338.8125,85450.203125
323838.6875,12782.599609375
497722.40625,209497.203125
306640.90625,104560.296875
325688.90625,63408.8984375
559458.625,50913.1015625
293785.5,20108.69921875
451489.90625,222108.296875
329087.3125,137123.203125
334801.5,98496.6015625
410565.59375,138299.0
355875.3125,116772.796875
410704.90625,196290.59375
415133.6875,155869.296875
394138.40625,133158.796875
506236.90625,205387.90625
543932.625,123151.6015625
250275.5,39304.19921875
490641.3125,184525.5
514939.8125,265956.6875
272384.8125,61565.8984375
331575.0,162821.703125
371859.09375,180551.90625
308872.40625,19577.30078125
379387.3125,173699.203125
491773.40625,185103.09375
462132.90625,62616.30078125
433233.59375,210469.40625
502465.09375,28593.599609375
311071.0,132639.203125
428688.3125,117493.8984375
419749.59375,117890.796875
290164.1875,78355.796875
497086.90625,181910.703125
328929.90625,169406.90625
281313.59375,34886.1015625
351620.40625,131001.6015625
320119.59375,73598.0
301733.59375,186602.796875
336931.8125,143093.90625
345090.8125,116247.796875
382824.0,166570.203125
320165.90625,95805.796875
347167.5,90994.203125
426916.6875,161912.40625
446289.59375,158873.5
376789.0,227649.203125
543475.1875,55817.0
511550.90625,172849.203125
256295.703125,13401.5
266049.0,146054.203125
414153.0,180378.0
455600.6875,165259.296875
342105.8125,117591.703125
514942.3125,135027.90625
374916.40625,118091.203125
328978.0,77203.203125
556756.625,108099.0
372443.0,63201.5
459212.59375,152384.09375
346650.40625,136356.296875
352856.5,177247.703125
532163.6875,98694.0
547047.1875,36050.1015625
479020.90625,141458.59375
551804.875,72516.203125
447495.90625,118625.6015625
456608.8125,250895.5
385437.6875,159787.796875
496628.5,140115.796875
516841.40625,151370.09375
346834.40625,48965.3984375
299708.1875,50999.5
413287.09375,204788.59375
479213.90625,235243.09375
303117.3125,45940.6015625
447513.59375,15866.400390625
388692.1875,218658.0
497039.90625,195769.90625
444998.1875,240130.703125
457647.3125,51041.8984375
354007.6875,197787.203125
295734.1875,39709.6015625
485621.5,234610.796875
266681.6875,13336.7998046875
355684.3125,88746.703125
382932.40625,193760.796875
511379.6875,110456.0
412988.6875,152221.09375
311070.90625,13572.599609375
500251.59375,204327.796875
525732.875,145925.09375
514449.8125,221238.203125
332913.90625,112587.796875
404954.90625,199519.703125
404221.8125,73740.0
561966.625,60523.30078125
430137.40625,137239.0
425610.1875,255246.296875
409842.0,211800.5
317006.0,87401.8984375
503803.90625,148350.90625
556534.6875,74960.8984375
306151.8125,18151.900390625
308656.6875,21409.69921875
340133.6875,168236.703125
314177.0,74092.703125
345450.59375,109789.0
376767.0,113838.0
297240.90625,13653.099609375
302723.8125,31843.900390625
397903.90625,96668.203125
403080.0,141054.703125
538678.6875,196049.09375
519928.40625,113868.703125
459596.8125,121821.6015625
304956.6875,11711.5
324479.09375,14410.2998046875
539774.1875,191217.296875
496753.8125,243512.5
306045.1875,11519.7998046875
364397.3125,140787.90625
498929.6875,179427.0
492294.1875,165666.59375
371193.40625,111623.1015625
483883.3125,170983.0
288667.8125,12156.099609375
362812.59375,85591.3984375
380858.1875,103909.0
312033.40625,16804.099609375
459214.6875,203175.90625
299377.0,49509.80078125
373913.5,164749.0
289205.6875,13507.7998046875
316699.3125,106794.8984375
306786.90625,38839.1015625
401992.8125,141131.5
278579.59375,10835.099609375
530182.875,176939.796875
378306.5,139155.703125
460119.6875,137626.5
546902.6875,124384.1015625
458594.3125,134486.5
515632.09375,213557.40625
329394.1875,113549.0
483999.5,239217.5
559967.1875,95084.5
488434.09375,207179.5
399749.1875,174885.796875
301646.40625,27348.69921875
452302.6875,130355.0
497398.09375,205298.40625
433262.1875,259975.0
289674.90625,45706.0
553101.0,186587.5
501333.6875,196669.5
508457.6875,20842.900390625
505801.90625,36688.30078125
322330.3125,113357.5
361735.3125,13012.900390625
448776.40625,176244.703125
484276.90625,187124.59375
376848.6875,171406.0
312483.3125,134946.90625
294450.90625,28190.400390625
243747.0,59799.5
353564.1875,151940.796875
514938.8125,213165.0
394786.8125,188543.796875
366618.3125,232365.90625
444007.40625,179709.796875
481247.1875,187075.40625
260761.40625,48336.6015625
463132.40625,186571.5
291815.6875,15408.5
319008.8125,77359.5
317745.40625,91950.796875
589908.3125,23162.5
450635.59375,233906.796875
378717.09375,168402.09375
565182.6875,30954.19921875
359306.5,161953.40625
312634.8125,13106.7001953125
427968.5,218275.5
333314.0,63651.69921875
322055.40625,98212.1015625
326418.5,71371.5
533442.5,29587.69921875
293132.09375,12186.599609375
500989.40625,101738.5
298756.09375,147394.0
465218.90625,167991.40625
352363.1875,73022.796875
399689.3125,161361.40625
503734.3125,214414.09375
384649.09375,172987.09375
466845.6875,54053.5
386070.0,111872.3984375
450426.1875,158325.203125
482932.59375,233066.59375
515105.3125,79742.296875
543138.375,44042.69921875
403064.90625,215307.40625
288809.5,60522.0
294290.6875,11111.7998046875
329388.5,142367.5
317127.40625,37718.6015625
540499.625,86952.6015625
512087.90625,212401.0
315845.90625,62957.5
495497.6875,198678.796875
502612.5,216602.40625
415291.5,148208.40625
297931.1875,11993.7001953125
383463.09375,105289.6015625
487834.09375,251963.703125
499045.3125,94434.296875
465680.3125,227714.5
543832.375,28581.099609375
392964.1875,147375.40625
293903.40625,38954.1015625
412044.0,206861.5
291136.6875,16683.80078125
389395.8125,181562.5
313109.5,76654.0
535141.375,21483.599609375
376175.40625,39272.0
551617.3125,126822.796875
336498.1875,138430.0
500275.3125,139016.296875
430247.5,203933.90625
292414.0,18265.80078125
557348.625,196544.09375
300331.3125,38672.0
435046.3125,185587.0
554936.8125,40893.8984375
452365.0,90750.5
369816.09375,128797.6015625
435287.8125,188019.09375
518382.8125,170774.09375
501471.1875,255091.5
306618.09375,106075.296875
528308.5,293568.3125
553239.1875,53490.19921875
490993.09375,145765.09375
276500.90625,18024.19921875
499768.0,106989.0
297138.3125,31327.0
359479.8125,81610.203125
531417.5,160023.5
345877.6875,92976.3984375
298785.1875,28762.80078125
491507.90625,100775.6015625
573969.375,107506.796875
552592.3125,257911.796875
476510.90625,196424.703125
367951.3125,139886.5
433043.90625,136653.40625
325555.3125,80518.0
283366.5,11445.0
377516.40625,220607.796875
401394.40625,163445.59375
435362.59375,187129.59375
303471.1875,23190.0
560157.3125,23345.0
388920.09375,144275.59375
563183.8125,69373.296875
307025.8125,28819.599609375
544623.6875,236501.5
449078.0,123856.8984375
391748.5,189788.296875
312003.09375,51999.1015625
450728.09375,239063.203125
566198.3125,76308.296875
358267.1875,190637.203125
539645.8125,116073.796875
397321.8125,71422.3984375
564799.375,139588.296875
507536.59375,235199.09375
563826.1875,30329.5
460766.40625,241856.796875
255664.90625,48775.5
272705.1875,21935.80078125
362500.0,112602.8984375
557721.5,29322.30078125
458798.59375,215721.09375
539622.375,201504.703125
556611.3125,115780.296875
381864.90625,139246.703125
428678.8125,104405.296875
307488.8125,24279.900390625
456050.90625,229242.796875
509473.90625,144357.0
522000.6875,171235.0
294188.90625,11184.2998046875
426100.40625,161109.0
525277.6875,68426.0
313577.59375,184848.296875
270903.5,13426.7998046875
456326.3125,103997.796875
480667.3125,229664.5
339290.3125,99942.8984375
466957.6875,120540.296875
296601.3125,22781.400390625
439541.40625,175026.796875
482371.1875,204599.90625
376202.59375,168690.59375
564869.6875,143734.0
384181.3125,195869.09375
472996.0,232046.40625
498549.90625,220982.203125
254590.296875,36313.0
414550.5,133576.5
487661.6875,173057.296875
346978.40625,128208.796875
269568.1875,84428.3984375
363636.59375,150983.09375
412370.3125,161576.0
490570.40625,168607.5
479474.3125,165502.796875
332818.5,38403.8984375
441075.8125,236666.0
539631.8125,120764.8984375
472886.8125,65223.80078125
411599.8125,192662.40625
514475.90625,31465.0
315871.8125,157640.09375
298580.3125,15232.099609375
356574.6875,102296.5
527974.3125,197445.796875
379754.0,237948.296875
541965.8125,64779.8984375
396168.90625,36614.3984375
325131.1875,119072.796875
378210.90625,218194.5
377293.3125,155813.5
520676.3125,171842.90625
445254.90625,167353.296875
438977.90625,174495.5
310985.8125,49002.30078125
278725.8125,46123.1015625
508348.8125,76053.5
362796.6875,179148.5
383395.90625,167636.40625
548316.6875,145907.296875
545533.3125,124670.796875
464199.5,222249.0
309746.90625,11736.099609375
312122.3125,35409.5
332053.90625,56948.5
446039.6875,193602.0
545202.3125,123775.296875
310659.0,19716.400390625
385481.09375,132972.796875
356424.0,151386.296875
256417.203125,53996.69921875
341671.09375,70904.6015625
310683.0,67134.0
394651.09375,63577.19921875
401808.8125,256273.796875
493125.1875,214775.703125
383503.5,151400.90625
549870.0,55359.1015625
397300.1875,209579.296875
397245.40625,167915.09375
469334.3125,242098.796875
305773.1875,19469.400390625
317106.59375,225685.59375
342004.8125,101897.5
463341.6875,274290.6875
485348.90625,198320.296875
522076.40625,178659.703125
467480.1875,183520.90625
372147.90625,69966.203125
300972.8125,125495.0
470756.8125,56055.3984375
404743.40625,30124.099609375
304890.90625,113736.5
303166.6875,46758.0
359658.3125,133185.40625
367231.40625,167507.0
541945.8125,90935.6015625
436508.8125,226928.0
302633.6875,32241.80078125
306910.90625,56903.80078125
509472.90625,177713.0
461380.3125,284373.09375
466466.1875,241719.5
416141.5,100207.5
453563.3125,241926.296875
433403.3125,209314.296875
426742.3125,209556.0
267468.0,12443.7001953125
457825.40625,188717.59375
557402.375,23440.099609375
551261.625,148730.90625
327046.5,63155.30078125
551659.0,214454.0
515139.1875,223122.203125
385696.90625,154698.59375
308917.59375,50634.19921875
475885.8125,198258.5
550060.8125,123468.1015625
348813.5,148665.203125
461382.90625,165332.296875
463968.09375,222753.90625
447699.40625,112684.6015625
345185.09375,64460.69921875
318781.3125,14875.400390625
292986.3125,30014.69921875
423825.0,195670.09375
298706.8125,107812.3984375
434349.0,106918.5
395990.09375,198540.5
532700.375,144483.40625
529502.875,99993.0
296274.1875,27372.69921875
393908.8125,189885.203125
377527.09375,208200.40625
308505.1875,46033.30078125
386412.5,122134.0
283239.0,11403.2998046875
414880.1875,221382.703125
358974.59375,163307.203125
508527.8125,252335.09375
325164.3125,122862.703125
510296.0,25599.099609375
304830.0,47358.0
508345.40625,196839.59375
374731.09375,181271.203125
414167.8125,183687.296875
445394.3125,139276.0
326734.3125,18853.900390625
473467.6875,234505.90625
294585.5,11675.599609375
390449.1875,106954.703125
415811.3125,105577.3984375
307982.40625,12732.400390625
370451.5,160677.0
485871.5,217329.796875
562559.375,96452.3984375
472682.5,281780.09375
297615.1875,11509.7001953125
319985.09375,92239.3984375
490033.59375,200211.90625
455768.09375,233281.90625
440052.6875,178438.703125
264230.5,93750.6015625
340042.8125,122940.5
324573.8125,11782.099609375
428765.5,186750.5
513435.5,184450.5
388047.09375,194487.703125
421967.5,98372.1015625
295234.0,11135.2001953125
562338.6875,92467.8984375
273510.1875,10866.7001953125
433728.90625,201099.90625
397124.5,199545.5
382635.0,86994.5
314619.90625,75418.8984375
518647.5,40917.30078125
457301.5,140869.5
563791.625,182614.09375
318345.1875,51819.69921875
535164.125,274727.40625
275106.90625,54559.30078125
355720.1875,187703.203125
483718.09375,272482.1875
392255.3125,211308.796875
520542.8125,92582.0
378623.90625,174793.203125
320262.5,56173.6015625
480221.09375,129623.296875
293849.0,14427.5
313207.59375,109764.3984375
476381.90625,189672.796875
429830.59375,115707.3984375
458690.59375,142517.203125
465892.8125,51535.19921875
558572.0,125868.703125
465228.6875,309666.6875
302743.09375,129470.296875
339439.09375,142214.5
295864.5,52799.0
468250.5,148522.0
434516.40625,219565.796875
365868.59375,160643.90625
366658.0,159998.296875
535942.5,99383.6015625
450770.8125,268488.90625
466850.5,24837.0
487528.09375,227249.90625
546849.5,242671.09375
295724.8125,21007.0
430913.8125,181867.703125
315751.5,11556.7001953125
289520.5,41871.1015625
363467.1875,142720.203125
594534.875,175705.90625
520490.0,40191.5
298543.5,60028.5
406394.5,173758.796875
348756.0,104317.0
490958.5,159876.5
302935.59375,11320.400390625
304957.90625,13951.2998046875
570499.0,43679.1015625
275445.5,61494.0
346517.0,239757.5
560410.375,21010.30078125
477666.09375,191060.90625
496101.5,191697.796875
548806.1875,87743.703125
322445.3125,41240.30078125
427729.8125,213455.09375
291349.3125,11498.7001953125
458329.5,83400.203125
550804.5,110356.6015625
300871.6875,11257.2001953125
315555.09375,48732.30078125
459374.0,242914.0
556530.875,45304.8984375
399134.5,104366.5
444970.5,162030.5
490775.40625,195373.0
484043.59375,205457.09375
390832.0,140132.0
315193.0,95116.0
330413.90625,178795.296875
478909.0,180704.796875
494090.0,188199.0
286949.6875,17754.19921875
278978.5,30673.099609375
297843.8125,56542.69921875
438881.40625,188075.40625
439254.59375,124680.296875
343662.09375,213158.5
312364.09375,12197.0
534358.875,50845.80078125
396126.5,194017.0
463958.8125,175195.796875
403363.3125,167190.5
412927.3125,216683.40625
442583.3125,211311.59375
388354.0,162912.203125
339597.5,138263.59375
305658.3125,41893.3984375
494072.09375,174637.09375
356223.90625,118586.3984375
471536.5,170135.5
529833.125,80176.3984375
594398.375,64209.30078125
518025.90625,175045.09375
288163.3125,16893.0
372202.8125,203269.40625
297578.8125,13281.599609375
349941.8125,141565.703125
429115.0,216817.203125
507255.8125,276502.40625
509442.59375,117431.296875
398743.09375,203924.0
334017.90625,114129.3984375
296431.90625,15647.2001953125
425637.59375,215373.59375
341046.5,171297.09375
298829.5,14990.599609375
310397.40625,25295.80078125
287140.8125,12493.7998046875
537751.6875,257319.296875
448171.0,286508.09375
389204.8125,27947.0
343827.8125,125589.5
407742.40625,142733.5
277910.8125,35480.80078125
420257.3125,167730.296875
382093.6875,133506.296875
250358.796875,115777.796875
379143.59375,119985.703125
373459.59375,84834.1015625
529474.8125,132859.5
354944.59375,128936.0
385727.5,188731.59375
512431.5,119484.0
496747.90625,156993.203125
334103.40625,38763.5
483711.90625,116299.6015625
405341.09375,157973.203125
343913.09375,18934.099609375
356966.8125,174451.5
304561.40625,14765.0
310788.90625,105997.796875
473158.09375,196418.203125
365367.3125,188643.59375
298647.1875,58516.80078125
515466.6875,131905.296875
412239.90625,185814.09375
440196.5,169819.09375
485951.3125,160770.0
300278.59375,45042.19921875
261125.796875,16705.0
462840.3125,166185.5
359976.90625,39418.80078125
504356.09375,56138.3984375
359408.0,112145.1015625
339400.5,106259.0
539803.375,63550.19921875
376541.40625,138824.203125
323664.40625,58828.5
323633.40625,82369.203125
523567.09375,200426.296875
539266.0,215721.5
287760.1875,29016.099609375
540318.125,89224.703125
530031.1875,19110.80078125
324131.59375,94537.5
507010.8125,245481.5
475044.09375,61638.19921875
337017.0,116623.3984375
440229.59375,136993.09375
321096.90625,80863.5
552662.125,62741.3984375
313253.3125,46497.5
462144.5,97238.203125
544495.375,72986.8984375
396299.09375,163334.5
291137.5,104475.6015625
466938.1875,219446.296875
304563.0,153448.09375
529526.3125,108516.0
473579.59375,223271.703125
458130.8125,225747.5
459867.59375,264299.90625
410965.3125,134963.5
452923.8125,186158.09375
470844.6875,43581.80078125
295191.5,32735.099609375
432931.40625,139372.703125
547997.625,60735.5
350652.40625,105159.6015625
478458.59375,214134.703125
391453.5,242069.40625
437603.8125,232465.0
393580.09375,208748.90625
525169.875,108272.796875
323709.09375,63028.8984375
530912.6875,168555.796875
483969.5,194517.59375
428852.8125,182640.0
353486.09375,52071.19921875
389434.5,193916.40625
300028.90625,52994.80078125
301451.09375,17963.400390625
461576.40625,49497.19921875
338416.90625,120278.203125
299138.09375,24288.5
549459.0,50284.80078125
483188.09375,210198.09375
433764.09375,181311.90625
279795.40625,49372.19921875
331513.59375,27478.900390625
467931.3125,207253.703125
403448.09375,152777.0
317422.59375,79327.296875
298536.0,105118.296875
260220.5,13203.0
548350.875,94178.0
532474.625,88448.0
279105.59375,19148.099609375
441449.40625,175368.796875
421060.09375,82333.8984375
300461.5,53903.19921875
444032.59375,102981.8984375
300153.09375,21517.5
399487.0,181164.5
476081.40625,180942.5
579185.3125,52501.3984375
351855.0,107424.5
574323.625,148018.09375
521006.09375,83846.5
344536.0,114712.3984375
534284.375,58531.80078125
313276.8125,53344.5
455176.09375,142717.09375
411240.5,106630.0
421687.1875,189100.203125
343114.6875,26292.69921875
298149.6875,23770.0
452440.40625,356462.40625
570906.3125,68750.203125
320770.5,25243.5
331406.1875,71232.703125
422744.1875,141176.296875
327677.5,204313.796875
328280.8125,28091.599609375
372752.59375,159952.0
584157.125,24683.19921875
425114.40625,137374.796875
519607.1875,28638.69921875
503148.90625,124737.0
370027.40625,102989.3984375
509849.6875,114622.703125
430509.3125,154461.59375
287131.8125,77037.5
355047.8125,189695.09375
370324.09375,198881.59375
520277.1875,160911.703125
282961.5,17169.0
542320.1875,111382.1015625
480338.6875,213514.90625
499499.90625,148850.90625
356375.1875,146166.59375
564122.6875,55247.6015625
320630.8125,63776.1015625
309553.3125,76274.203125
334171.6875,54480.3984375
533673.875,22751.80078125
311555.90625,54515.0
542089.625,116403.296875
411770.09375,227332.59375
433636.90625,237564.0
350918.59375,125581.296875
395054.09375,183818.796875
255223.796875,47624.19921875
558673.125,38293.0
270477.5,109036.3984375
403928.1875,186067.203125
455123.1875,233589.09375
312673.0,14142.2001953125
355715.1875,98799.1015625
393893.6875,175888.0
370119.90625,213539.796875
313653.5,12695.5
431162.09375,93147.703125
451230.59375,18654.30078125
440416.59375,182921.0
437064.90625,293943.90625
312671.5,48367.8984375
323927.09375,157360.59375
520389.90625,30601.400390625
281394.09375,12168.2001953125
272885.1875,69544.703125
448257.5,192370.5
326978.1875,117078.203125
298844.1875,13919.0
391432.6875,127968.6015625
400904.90625,174108.59375
286571.40625,28729.400390625
546508.6875,44473.6015625
417996.90625,221572.40625
348242.3125,13781.599609375
277415.8125,56954.19921875
301195.8125,48977.1015625
353789.90625,130266.0
524693.375,155364.90625
304533.6875,14910.7998046875
300056.3125,72802.703125
275728.59375,27823.599609375
408096.59375,224802.703125
391411.90625,147077.796875
407166.59375,224739.09375
295568.0,123870.5
292772.6875,22308.19921875
498610.40625,164529.09375
396802.40625,253420.40625
406793.3125,140849.5
296208.09375,12143.2998046875
459670.1875,184950.203125
401763.59375,138314.09375
391448.6875,162806.796875
517781.8125,119609.703125
484006.09375,121614.1015625
437257.0,73657.796875
341402.09375,181448.5
383809.5,130551.8984375
413257.1875,215636.40625
305981.40625,144353.296875
256704.796875,121662.0
486879.1875,163183.59375
387236.90625,204618.59375
443765.90625,172789.40625
307951.5,42388.69921875
402854.90625,150237.90625
562255.6875,22116.599609375
358690.1875,147197.90625
503612.90625,62406.1015625
355112.6875,77559.5
313975.90625,109295.5
482605.09375,203731.796875
297693.8125,23934.900390625
546489.8125,38184.19921875
520612.3125,227551.09375
485154.59375,36112.0
461120.5,204676.40625
390074.6875,180267.40625
280737.90625,30826.30078125
391619.59375,179739.59375
359685.1875,134305.5
515308.1875,184882.09375
407720.6875,148446.40625
445189.90625,225485.59375
550550.6875,55321.6015625
414964.40625,164662.40625
579475.8125,104780.1015625
383950.6875,96106.1015625
526982.875,140628.5
367668.3125,41377.69921875
346347.59375,77802.703125
283378.8125,15708.099609375
451879.6875,193954.703125
393274.6875,303389.1875
477849.6875,218087.5
280396.6875,13537.599609375
504929.90625,218655.40625
555885.5,148737.203125
414440.8125,193228.09375
310961.6875,72479.6015625
352959.3125,98076.1015625
298365.1875,17107.19921875
298704.90625,27271.599609375
295900.1875,53024.5
510684.40625,127690.796875
541176.8125,49300.69921875
552650.6875,118822.703125
572697.625,50544.6015625
550661.375,159323.0
282472.1875,13558.7998046875
368492.3125,81641.6015625
351290.09375,145065.203125
515017.0,164301.90625
593809.8125,24385.5
401795.5,93441.5
364241.6875,292577.6875
426200.6875,186463.296875
456889.5,271402.3125
301756.59375,29229.69921875
318156.6875,81075.703125
543915.1875,206536.703125
428299.1875,141943.0
484569.1875,193695.90625
253727.40625,28920.599609375
304632.6875,17824.099609375
418215.0,232137.703125
341451.40625,147603.296875
355911.40625,151646.296875
324663.90625,109678.0
560475.125,63071.80078125
461248.8125,232366.40625
457496.59375,351916.59375
428167.8125,253884.203125
292951.5,113739.796875
408184.8125,229787.59375
348825.59375,99783.5
293492.59375,115690.203125
521132.40625,80339.796875
448602.8125,243372.59375
384741.09375,195357.59375
326805.0,13900.5
281205.6875,12615.7001953125
297918.6875,34430.19921875
460189.1875,20249.5
446324.90625,139064.40625
350769.1875,153089.09375
396821.90625,116208.3984375
541894.8125,35585.6015625
397661.3125,155690.796875
402282.40625,216372.5
565885.625,50926.69921875
550436.375,81698.5
583505.375,58663.8984375
461281.3125,142283.5
588457.625,57621.80078125
585992.125,35193.80078125
327631.3125,11976.400390625
376279.59375,206626.09375
405227.90625,148402.0
524264.8125,106905.703125
402065.59375,197459.09375
414597.0,170951.90625
322374.6875,13668.400390625
286838.1875,32483.19921875
513762.40625,162549.09375
436824.40625,230014.90625
300892.1875,20266.099609375
431974.8125,262187.8125
341483.3125,139668.203125
290799.5,14843.7001953125
286473.8125,47379.0
501687.8125,224635.796875
419296.6875,164105.90625
411437.90625,201324.0
293650.90625,49963.80078125
418810.3125,270138.40625
503855.0,212288.40625
339756.09375,102180.0
592910.3125,29064.5
480132.0,136176.59375
350918.3125,134925.296875
399286.09375,215726.40625
359235.0,175363.203125
458355.40625,86277.796875
496138.3125,90825.5
308999.3125,127103.796875
308529.3125,48411.1015625
331668.3125,112110.3984375
486609.8125,240529.40625
441065.59375,213764.90625
357671.40625,34722.5
358702.09375,182206.703125
455412.0,207797.703125
302112.8125,77988.796875
314654.8125,92012.3984375
519166.8125,80865.8984375
391832.09375,144550.90625
482976.8125,139094.90625
390434.6875,228701.296875
289716.40625,16123.0
452762.5,240715.40625
424389.8125,169639.0
469530.0,162125.296875
348822.40625,111465.5
393072.6875,193458.703125
387930.0,271591.09375
354068.40625,99314.1015625
416998.59375,132147.59375
341054.6875,104842.1015625
294700.8125,36103.19921875
386268.8125,62381.3984375
460674.8125,209176.796875
446346.1875,202631.203125
556922.8125,25157.69921875
247920.09375,52572.8984375
383509.8125,162081.203125
435345.40625,182848.0
290646.8125,12453.2001953125
353142.5,168622.703125
500137.59375,79864.8984375
312648.8125,13199.2998046875
444587.40625,202607.0
374244.8125,76079.703125
390811.40625,147518.796875
285146.59375,11943.400390625
501477.3125,209927.09375
486286.6875,73695.8984375
419249.3125,262213.90625
320691.09375,49560.8984375
528849.8125,132631.203125
494825.5,54150.30078125
280674.5,13938.2998046875
436107.90625,62247.30078125
486894.09375,201722.0
300320.5,111334.0
450387.0,56710.6015625
304891.09375,36296.5
301283.0,46105.30078125
350550.90625,142428.5
301462.6875,66616.1015625
390171.6875,135953.703125
307034.5,86185.6015625
457592.09375,274047.09375
538965.3125,117762.3984375
298928.8125,22908.80078125
510397.3125,211151.203125
438278.5,147156.203125
335228.59375,86814.8984375
530911.875,163517.296875
495273.3125,43272.30078125
332579.8125,58180.8984375
465608.6875,302020.40625
563212.5,73718.296875
326577.40625,19953.0
534778.625,164301.0
440582.09375,197174.796875
309171.3125,58446.80078125
368813.40625,46085.5
388325.8125,233175.703125
346335.8125,147155.703125
481712.0,239421.703125
456494.40625,156829.296875
451370.8125,153121.5
390202.59375,202206.90625
421688.8125,248512.203125
321228.5,107949.296875
508307.0,81568.8984375
345583.0,156616.59375
376102.8125,25091.80078125
345548.3125,122239.703125
313674.3125,13696.7001953125
416510.09375,194239.703125
326701.09375,29207.900390625
329447.8125,19843.0
569757.1875,27711.900390625
446163.5,121755.296875
562127.6875,114769.796875
455912.40625,138447.0
309003.0,23699.0
371110.5,71713.1015625
333003.6875,68327.796875
374594.59375,124821.0
347996.5,62201.30078125
299396.8125,21026.19921875
381032.8125,145028.703125
286553.90625,15437.5
251000.296875,11350.2001953125
363440.3125,125341.203125
362251.09375,157468.203125
276523.0,12516.900390625
264264.0,110352.296875
445628.8125,135158.703125
447397.09375,175182.40625
307644.90625,18144.0
475077.8125,44090.69921875
328729.3125,85951.703125
526184.5,301704.1875
363360.40625,155178.796875
368197.59375,127716.3984375
455650.40625,178010.296875
460704.3125,187600.0
330743.59375,119984.3984375
436081.1875,160031.90625
400831.5,191745.796875
298979.8125,27089.19921875
265084.09375,150068.40625
399357.0,198992.703125
323259.40625,55882.80078125
301872.3125,21113.5
453746.5,177170.796875
486210.6875,282722.6875
280283.40625,41579.80078125
527064.3125,187841.90625
308223.8125,20290.0
541365.1875,33632.30078125
381324.0,145841.296875
524054.6875,32339.80078125
389544.3125,148825.703125
503581.59375,112582.703125
377092.5,211478.203125
318125.90625,57148.80078125
292346.8125,41634.3984375
494037.8125,163965.09375
502731.8125,262370.90625
270373.5,31114.30078125
435853.5,177312.40625
351944.3125,131442.703125
266185.59375,15508.2001953125
285012.5,106076.203125
472171.59375,156037.40625
562972.3125,99670.796875
553860.0,54707.3984375
451095.40625,203491.5
374379.1875,23963.69921875
412522.1875,188079.296875
274006.40625,10717.0
414007.0,159776.5
381681.0,144642.59375
381607.5,178499.296875
502985.40625,197399.0
561525.6875,107218.1015625
331355.3125,22448.69921875
293572.8125,62732.19921875
301445.0,65183.69921875
404465.90625,248510.796875
509363.09375,199491.90625
392554.8125,179504.09375
422060.09375,159944.90625
532665.8125,183985.90625
351499.40625,113449.796875
313647.59375,61243.3984375
514833.3125,113645.5
520568.8125,158931.09375
491511.90625,212271.5
374512.40625,84627.0
489272.5,36056.8984375
530573.625,205832.0
325677.1875,166814.296875
428688.90625,214662.703125
337103.5,141145.90625
373274.59375,111497.203125
531728.6875,104747.203125
389962.5,148572.09375
288664.0,13229.0
522555.0,309266.3125
288451.6875,31012.69921875
378710.3125,206174.0
384703.1875,155817.203125
430237.0,49205.3984375
442866.1875,240946.59375
479159.1875,260942.0
505020.40625,219082.59375
327255.6875,117062.3984375
338004.5,79946.3984375
492572.8125,121400.0
518827.5,51235.80078125
401682.1875,172031.203125
557105.625,108469.796875
349439.6875,64491.1015625
347400.5,104165.0
271303.1875,54030.0
550740.125,31921.69921875
343948.6875,124886.6015625
383197.59375,196685.90625
389490.5,150819.40625
399209.1875,179936.796875
489803.6875,28792.400390625
508214.90625,166047.09375
380850.40625,143696.0
439134.40625,202404.203125
288875.0,31671.69921875
376491.09375,146989.59375
364158.90625,100093.703125
481480.5,233001.90625
454638.0,192947.59375
444880.0,249587.09375
301304.5,68724.0
318940.8125,63392.5
304747.8125,40065.0
520158.6875,175790.703125
562550.375,189143.09375
378896.6875,190134.40625
287781.5,15232.099609375
305562.8125,78941.0
487147.5,211289.0
355227.8125,71329.0
340067.09375,98720.203125
394225.59375,167681.90625
307576.5,84670.8984375
493545.6875,215946.796875
388060.1875,140353.203125
300736.90625,15925.7001953125
549329.125,20408.0
495065.0,171730.40625
300204.3125,33937.3984375
327206.90625,50646.6015625
322974.6875,68062.8984375
552755.6875,121974.703125
308618.5,137813.09375
470280.5,158288.0
443422.6875,218853.203125
459099.40625,98348.6015625
297931.59375,32645.69921875
284008.0,56298.30078125
501142.09375,143326.796875
422729.1875,239611.09375
546493.375,120516.6015625
535039.875,127542.203125
256334.0,46485.3984375
287612.0,43665.1015625
515258.90625,164122.703125
261985.0,124329.1015625
471113.3125,214737.0
308462.0,88646.6015625
374227.5,213010.5
568181.5,58250.30078125
334452.1875,75772.703125
295633.0,11188.5
279389.8125,46170.30078125
329442.90625,127707.3984375
299960.6875,95759.5
385470.90625,182083.09375
503089.40625,112646.5
352452.5,123410.8984375
369016.1875,191060.796875
376632.40625,14809.2001953125
532051.6875,60241.19921875
536716.625,232946.09375
316314.5,71021.1015625
263232.6875,23139.19921875
531575.6875,56795.19921875
372564.1875,123716.203125
542884.5,53083.3984375
534042.6875,20662.0
368624.5,159344.5
350910.90625,98443.1015625
287933.5,12000.900390625
551860.0,70499.8984375
363494.8125,154704.5
352047.0,155906.09375
327713.0,109051.5
433753.0,276070.3125
293923.8125,34944.5
542342.1875,176373.203125
366106.8125,154470.5
383630.6875,231821.59375
342729.8125,115427.296875
356581.09375,229991.703125
349464.6875,137806.09375
261466.09375,73552.8984375
504792.90625,215262.90625
518177.8125,168112.90625
477696.0,211171.40625
563333.625,57170.0
489958.5,205262.703125
506401.5,168788.90625
303832.6875,59850.80078125
475229.40625,179578.203125
449560.1875,184359.703125
327201.1875,76598.203125
315831.1875,51182.8984375
517641.0,107673.6015625
416314.5,158883.796875
461521.6875,231751.203125
371427.8125,56269.5
417256.0,200463.90625
576686.125,23290.30078125
423616.1875,177643.0
567131.625,77569.703125
443497.0,94442.8984375
418644.90625,221278.40625
508653.6875,171394.5
484500.6875,207868.90625
586605.875,39181.69921875
301078.09375,57883.6015625
282713.1875,15199.400390625
488706.0,187898.40625
363424.09375,105393.203125
569856.0,91508.1015625
354657.0,112610.6015625
260514.703125,19031.69921875
262208.8125,16422.0
388946.1875,306052.6875
365973.59375,117107.296875
424849.5,193916.0
386112.3125,155619.796875
374225.59375,175755.90625
499561.8125,183175.40625
518021.5,189437.40625
282258.09375,49038.19921875
471780.59375,253417.09375
365337.1875,209521.796875
551456.625,49770.69921875
269471.5,77878.1015625
293281.40625,22093.900390625
317109.09375,12582.0
503579.1875,176717.90625
278201.90625,42150.19921875
315004.40625,74967.203125
286514.5,12224.7998046875
422156.1875,180725.703125
524940.375,89891.296875
330779.3125,114565.3984375
480801.90625,173252.59375
575097.625,21241.19921875
491298.09375,146169.09375
487552.09375,208578.796875
337090.90625,118296.3984375
544120.5,191531.296875
298676.90625,13721.7001953125
298939.6875,146964.90625
391504.59375,22332.0
453807.90625,166835.59375
451634.40625,191096.703125
394335.5,130489.3984375
330347.5,104256.296875
571092.625,31518.30078125
552649.8125,154358.296875
310912.0,41628.1015625
308210.0,120017.796875
495465.90625,246574.40625
332656.90625,97671.703125
392540.09375,123226.0
514838.09375,265234.5
545080.5,108703.796875
525484.375,182447.203125
303605.09375,68297.796875
321390.59375,97218.703125
610907.875,24509.900390625
293486.09375,60488.5
514232.0,26452.19921875
380866.5,206794.703125
487688.5,162540.90625
493310.90625,93076.703125
500593.8125,158166.796875
356725.90625,100993.8984375
470854.90625,196261.90625
410139.1875,184311.40625
424291.59375,96052.0
334683.6875,199010.40625
557062.5,47694.69921875
352721.40625,135880.59375
332685.90625,47893.19921875
276139.5,13059.7001953125
350872.59375,113752.0
272786.6875,34776.30078125
307297.1875,34293.8984375
495518.5,145979.296875
378050.6875,214858.203125
438954.5,323365.40625
313833.59375,43741.6015625
541720.375,153126.40625
363520.5,66916.6015625
439359.0,212581.296875
452297.0,238519.703125
430583.90625,217559.703125
293919.90625,41247.8984375
351010.5,127432.296875
494525.5,152760.296875
539669.875,87542.203125
282402.8125,11929.2998046875
462297.09375,213374.203125
348654.6875,68849.3984375
301786.09375,63439.0
304359.90625,58878.1015625
367198.40625,216379.203125
457557.09375,208090.09375
510866.6875,189695.59375
300855.6875,20222.0
354449.5,126159.8984375
524656.625,237181.59375
391345.6875,149621.59375
487868.90625,187423.703125
456080.59375,178055.0
407015.90625,129459.1015625
303209.5,12006.7998046875
426906.6875,251758.703125
321973.8125,141602.0
451323.1875,169397.703125
437085.59375,171990.59375
302290.59375,62522.69921875
411400.8125,192976.40625
480541.5,63001.8984375
448436.5,183749.796875
487606.59375,149503.09375
458132.09375,311522.0
512463.59375,216617.796875
396373.6875,149451.296875
413226.40625,160403.90625
477277.5,226840.203125
361453.59375,188657.09375
482556.5,171272.296875
372744.59375,160792.703125
503642.5,82616.296875
473920.90625,179019.90625
532168.875,152221.59375
300210.5,17225.69921875
461089.1875,104767.8984375
436144.6875,156888.703125
357097.1875,96684.0
317615.09375,65344.0
549189.875,212318.203125
298788.09375,55894.69921875
317044.90625,64307.8984375
513598.59375,144212.5
393528.0,109057.203125
529747.3125,26984.80078125
452967.59375,201669.296875
534609.625,97227.203125
542023.0,105850.296875
298012.1875,32300.099609375
461579.09375,226318.703125
454449.09375,212331.0
535052.625,202325.0
295577.6875,57427.3984375
447974.90625,208975.59375
372815.8125,177777.296875
384863.90625,193317.203125
327664.40625,143343.40625
322141.0,64577.30078125
374171.0,85003.796875
505996.6875,99886.203125
515538.90625,125396.796875
333410.09375,97864.1015625
386548.8125,128827.3984375
553382.6875,126063.5
378125.0,213746.40625
325610.40625,26628.69921875
459907.3125,169030.796875
377798.0,49012.1015625
344436.90625,108453.3984375
327101.0,12593.7001953125
557355.3125,34651.30078125
492660.40625,204104.203125
346472.59375,143379.703125
342131.0,78833.296875
266070.59375,144983.5
539629.6875,131336.796875
481688.1875,252959.296875
301601.3125,12240.7998046875
372015.1875,91727.8984375
519612.0,318126.1875
311192.40625,74762.6015625
390856.90625,184730.40625
350666.09375,128242.1015625
330504.8125,146558.0
350102.90625,141814.796875
294986.59375,28752.599609375
472575.8125,113603.796875
328035.3125,83063.3984375
339125.1875,105567.296875
461562.5,248761.40625
454269.8125,37583.0
496911.90625,119966.0
565584.1875,258820.296875
440461.6875,179652.40625
453801.3125,216206.5
313089.09375,76377.8984375
309310.3125,29405.19921875
342667.90625,115510.6015625
302052.8125,63861.1015625
299642.40625,86383.6015625
433079.40625,271192.0
363017.40625,62579.0
403615.6875,223913.59375
301872.90625,33735.80078125
414909.6875,121297.796875
353975.0,87745.8984375
463470.3125,118290.796875
481931.1875,151158.09375
404388.6875,127952.796875
262915.40625,66851.203125
380620.3125,154001.40625
544931.375,98880.5
371339.90625,72458.796875
359892.5,166610.59375
316829.6875,75944.703125
335810.0,144640.203125
539651.6875,128082.8984375
313506.0,121622.3984375
275033.3125,11316.5
417442.09375,151088.203125
326218.6875,15682.099609375
318833.6875,76438.796875
358830.90625,121490.0
515549.09375,154229.0
392582.1875,167873.703125
372568.1875,36205.0
364407.8125,121355.5
316943.59375,88348.5
541898.6875,83871.5
540755.1875,152290.59375
448888.09375,253245.09375
536320.875,134306.703125
565107.1875,115530.3984375
556101.0,29021.400390625
390928.8125,168131.5
470999.59375,224956.90625
357699.09375,190363.703125
377149.3125,185519.296875
365620.6875,201954.296875
318276.8125,41149.19921875
361520.40625,98995.6015625
569473.125,45395.69921875
277057.6875,23321.400390625
478236.59375,222694.0
288834.6875,70757.0
426276.0,127484.6015625
362353.6875,168905.703125
462165.8125,217526.90625
526876.1875,158836.40625
283370.5,76124.8984375
528929.8125,234692.796875
281002.40625,57081.69921875
382113.59375,101874.203125
354486.6875,213068.40625
405077.90625,105553.5
287718.1875,125271.203125
534042.3125,116235.3984375
349512.09375,146468.796875
330439.3125,13176.400390625
346190.1875,53768.8984375
441112.0,217569.203125
345465.09375,133727.5
312306.3125,130246.203125
285571.40625,54595.6015625
476153.0,155839.59375
533669.6875,97461.703125
565280.0,70222.703125
298793.0,29853.30078125
427116.8125,199016.40625
453463.8125,165034.296875
370225.1875,152275.296875
519464.8125,40535.1015625
400318.09375,139479.703125
475309.40625,192417.59375
537689.125,120007.5
516062.5,145395.796875
555949.0,108125.6015625
336114.3125,14698.400390625
473595.0,183232.40625
351846.8125,137394.0
498008.09375,181792.203125
324528.3125,135140.296875
445442.6875,164441.296875
271374.3125,70426.703125
484853.8125,124887.5
304853.3125,17170.599609375
355561.6875,84458.3984375
313532.3125,134345.90625
510840.90625,238406.796875
509846.3125,88422.8984375
391860.1875,181288.203125
472205.0,91200.3984375
349919.8125,47604.8984375
436732.09375,137495.40625
442971.3125,192413.796875
413564.1875,114960.796875
387595.8125,171330.5
398270.59375,92539.203125
300036.40625,154163.0
320139.1875,85590.6015625
304684.5,91010.203125
288337.3125,13480.400390625
488778.6875,181176.40625
355214.09375,136031.90625
314915.59375,94620.203125
457946.6875,65167.80078125
459235.8125,127188.0
281288.59375,12477.2001953125
578788.6875,70173.5
473802.09375,211099.5
493758.8125,204752.90625
377180.90625,142154.0
428048.5,207301.296875
385258.0,185668.59375
447692.3125,148556.90625
402081.1875,144028.296875
436062.8125,210984.90625
519615.0,36342.3984375
259197.0,10727.2998046875
310770.3125,82921.8984375
324436.59375,41479.3984375
324003.09375,16847.69921875
419910.90625,68698.5
289761.1875,52367.5
316722.6875,95897.6015625
379438.59375,16516.599609375
415689.40625,215207.296875
302850.1875,26791.69921875
380963.0,248189.59375
295020.1875,41728.19921875
505328.0,235498.703125
365922.1875,138191.40625
296995.5,74258.8984375
319646.0,86650.203125
436293.3125,229745.40625
269692.59375,58900.69921875
299884.6875,13082.7998046875
500004.40625,154049.203125
519376.8125,100006.6015625
550565.6875,235127.40625
399915.90625,206950.59375
498584.90625,343835.0
322084.6875,15916.2001953125
534718.6875,177982.5
438637.0,225429.703125
568465.3125,37993.8984375
284539.1875,36650.19921875
311309.3125,113527.3984375
292771.0,16492.19921875
373192.09375,96650.0
477892.09375,210749.90625
255340.90625,31182.599609375
349747.90625,149761.09375
329404.1875,132057.203125
485264.59375,52411.19921875
498035.40625,194178.59375
317738.8125,84362.796875
304602.1875,45311.3984375
290625.40625,208311.90625
296291.0,24502.900390625
291091.0,14274.5
432458.40625,243713.203125
327845.8125,118149.0
395566.0,130815.703125
310547.1875,32659.900390625
350140.40625,90519.3984375
564219.0,28273.19921875
454480.40625,105779.703125
293651.5,52326.80078125
339202.59375,64573.30078125
390577.90625,162412.703125
303519.09375,168761.796875
545180.3125,61407.19921875
505772.6875,155465.296875
342889.90625,161002.0
416829.90625,212742.796875
457674.8125,157589.296875
389412.09375,136312.90625
511255.40625,194406.90625
417621.09375,16905.400390625
491049.40625,150798.796875
386442.40625,173115.703125
468549.3125,133744.703125
248006.203125,26313.400390625
283015.1875,13855.400390625
346447.1875,186901.296875
423479.59375,208923.90625
430997.09375,166024.703125
429690.8125,182576.296875
302186.40625,102739.203125
423381.6875,146291.90625
331368.59375,114465.3984375
348954.0,169735.0
554329.0,24866.69921875
439663.59375,97804.203125
475029.09375,136870.90625
426654.90625,131384.796875
416894.5,137864.796875
512086.59375,148409.796875
582705.8125,118004.703125
458722.40625,249918.59375
387514.6875,229639.796875
352168.40625,142353.296875
325842.40625,115169.203125
408575.3125,50619.80078125
350444.59375,91685.6015625
291750.40625,26833.400390625
287542.5,11997.7001953125
500654.59375,98491.3984375
428293.40625,175742.203125
508753.3125,175351.203125
406359.3125,195408.59375
413265.3125,24381.30078125
471464.1875,207773.796875
337219.3125,70889.796875
368663.5,215444.40625
524053.5,66641.703125
398419.59375,162367.703125
506024.90625,212916.296875
374375.5,118524.296875
390117.09375,145209.796875
525828.8125,205183.0
325480.90625,117987.5
488256.90625,127346.703125
299959.8125,26465.30078125
362458.5,181318.203125
346723.0,112715.796875
492868.3125,236799.5
493088.59375,189456.796875
557086.6875,43014.80078125
377903.6875,154915.796875
361789.40625,186533.5
302071.40625,137849.0
560582.625,95380.703125
339922.6875,106715.3984375
508261.59375,214481.40625
466987.0,178946.90625
536520.125,149168.203125
315522.59375,119627.8984375
356212.5,159550.796875
511908.3125,214569.0
482872.59375,157324.796875
330070.59375,134701.09375
397636.59375,187410.703125
365523.0,108447.703125
401273.6875,185700.90625
391891.59375,161525.59375
409234.0,263078.90625
400597.09375,199258.203125
383417.3125,133026.0
483237.8125,200688.703125
462098.90625,154089.59375
312564.40625,67027.0
425947.09375,218006.703125
537191.3125,129054.296875
326477.09375,65405.1015625
271113.90625,27058.400390625
557856.5,65844.703125
623912.625,29272.69921875
372388.40625,163892.796875
561607.875,77527.203125
474123.40625,236652.59375
290625.09375,54096.6015625
528336.6875,236391.90625
456942.3125,226985.40625
347666.1875,24305.30078125
483659.90625,280342.5
270822.90625,11831.599609375
429409.59375,187466.40625
376985.09375,109290.8984375
367532.5,159373.296875
448066.90625,271365.1875
319986.59375,13975.599609375
282231.1875,12985.400390625
309326.3125,60481.3984375
292190.3125,33960.30078125
323924.90625,159164.90625
357565.6875,88682.203125
556803.125,135896.5
465649.59375,160726.40625
625500.8125,168416.296875
367829.90625,182720.0
360921.3125,82871.0
472500.59375,189879.5
462174.0,251504.796875
507185.1875,166304.90625
383115.3125,176514.203125
268456.1875,14800.7001953125
558530.8125,221060.796875
318828.0,43300.19921875
450957.40625,301130.40625
423659.0,188931.90625
556761.5,244154.0
466783.3125,152744.203125
302871.8125,24054.30078125
434310.09375,230308.703125
436125.90625,164831.5
336429.5,169729.203125
426765.6875,287889.3125
272483.6875,15563.7001953125
399087.5,249271.5
540520.6875,63796.6015625
533038.8125,106464.296875
394671.0,32065.900390625
444632.90625,196777.203125
514193.09375,130592.1015625
443939.6875,208123.203125
309204.90625,24835.900390625
490128.5,110449.703125
502652.59375,182377.59375
452325.90625,126922.8984375
524120.5,194163.90625
375456.5,155951.0
425207.5,172902.40625
301353.09375,17398.099609375
454769.8125,140547.703125
487882.8125,191375.796875
310942.59375,11670.7001953125
320667.40625,13926.599609375
468011.40625,177418.5
410896.90625,201393.703125
427580.09375,224475.0
483327.3125,164030.296875
290271.40625,13327.099609375
300710.3125,17853.5
523399.0,92010.3984375
534228.8125,62761.69921875
265237.0,120621.8984375
452569.09375,297021.09375
336280.8125,149147.296875
384734.59375,54551.8984375
510356.0,164580.203125
346842.8125,65146.5
287067.1875,14901.7001953125
393125.3125,90546.3984375
479594.09375,265145.5
311784.1875,83048.1015625
399091.0,137179.296875
475174.3125,153768.796875
294106.90625,22446.69921875
314368.3125,115861.796875
359536.90625,13392.599609375
361702.09375,187772.59375
362062.5,113040.3984375
347174.5,184295.90625
309299.59375,30142.900390625
255895.5,16320.900390625
373404.90625,122743.703125
471683.40625,236492.90625
304911.09375,29835.099609375
444047.59375,186073.0
495548.40625,223096.90625
424010.0,157539.796875
276771.3125,122561.296875
354439.59375,12712.0
299191.6875,107290.203125
305480.59375,45399.0
294506.59375,27154.0
551250.625,153502.09375
528161.8125,128850.796875
490794.40625,195170.59375
457005.90625,216024.40625
500374.40625,135817.203125
337626.90625,141642.40625
324095.3125,74724.296875
316467.5,16055.7001953125
506891.40625,158315.40625
502576.0,154552.40625
402708.0,173481.5
344974.3125,98301.703125
365173.5,145932.90625
473985.09375,265079.90625
309366.09375,12917.7001953125
509346.40625,34862.1015625
523990.09375,40647.1015625
285162.09375,20553.5
359709.90625,127664.3984375
478546.6875,104123.703125
467994.40625,192183.40625
391114.3125,193743.0
372150.0,23582.5
344895.8125,161227.703125
303714.09375,45717.1015625
342029.3125,114049.796875
541457.5,69024.5
539665.3125,109116.3984375
427223.3125,255345.796875
304474.5,27963.900390625
354154.90625,107775.3984375
485398.0,116165.703125
434970.5,139599.90625
533909.5,132150.5
360884.3125,114010.203125
317462.09375,129706.3984375
535258.125,151885.40625
300027.09375,105656.703125
325031.09375,117371.6015625
431274.5,168723.0
532780.6875,129232.796875
377865.3125,152341.5
404691.3125,75382.796875
561485.5,90871.8984375
527662.375,94738.203125
362535.8125,220225.296875
528974.875,27895.400390625
445942.0,70416.5
281193.09375,52076.3984375
496348.5,175504.90625
526588.125,160337.09375
311817.0,73224.0
542265.625,152952.0
331655.6875,140144.703125
314161.59375,85182.5
490025.09375,229941.5
309615.90625,44650.19921875
462760.90625,170991.90625
354620.59375,145812.0
388829.40625,205943.09375
388022.5,228162.796875
355200.0,77268.8984375
291529.8125,35594.19921875
404156.0,144290.90625
503753.90625,174369.0
392415.90625,142214.203125
355270.6875,97820.203125
304231.59375,19779.5
547356.875,147094.90625
394562.8125,14624.7998046875
417958.8125,194603.796875
405141.0,216681.90625
289816.8125,11332.2001953125
344814.09375,152566.40625
396444.40625,61774.0
361304.8125,163878.0
452417.6875,241091.703125
401932.09375,217894.703125
320169.09375,129459.0
307914.1875,54382.1015625
327728.3125,105900.296875
330576.90625,99418.3984375
297976.8125,20478.80078125
439703.09375,180714.09375
355897.90625,166545.40625
301636.3125,121465.0
503455.40625,165641.203125
533177.875,25999.900390625
410610.1875,201864.703125
296470.8125,98188.296875
378294.3125,165437.296875
562167.5,125752.703125
302633.09375,54897.8984375
395894.0,171386.90625
263419.3125,71207.703125
479855.90625,198068.5
309428.5,72194.203125
474124.6875,216436.703125
348014.1875,126718.1015625
308301.1875,22314.400390625
357917.8125,152161.296875
283133.09375,26366.599609375
396802.59375,181783.90625
454604.3125,247851.59375
431840.6875,145010.203125
349710.6875,173245.203125
308282.5,37357.6015625
446436.0,367224.5
447219.09375,229478.703125
398573.6875,242575.296875
310947.09375,45188.3984375
429918.1875,234664.703125
396686.6875,153927.203125
299651.90625,36346.80078125
513630.5,140597.5
287659.3125,13857.2001953125
517492.59375,150147.5
425996.0,171024.203125
442804.1875,244049.796875
474713.8125,285175.0
412404.90625,219723.40625
304288.3125,51986.80078125
361364.1875,138223.59375
457922.0,163159.09375
381960.09375,169857.90625
295316.09375,12284.900390625
335843.40625,82344.796875
456585.6875,163764.703125
303314.09375,44266.5
444981.09375,291703.90625
399509.09375,159916.0
268310.59375,10614.0
377449.3125,85210.0
525846.0,120453.703125
576184.3125,21704.30078125
358208.1875,69695.1015625
622863.625,34906.1015625
337689.6875,132147.796875
326159.59375,87429.8984375
357756.8125,52555.1015625
390563.6875,174687.203125
304144.1875,34917.19921875
412168.0,191996.09375
388752.59375,43304.80078125
376510.59375,149833.90625
551773.125,64997.0
486635.1875,134574.40625
411512.6875,254831.296875
341654.59375,129511.0
285462.90625,18057.69921875
385540.6875,204293.703125
407247.5,74462.6015625
503223.59375,147236.40625
493466.1875,199761.703125
296081.09375,21304.900390625
387013.90625,125920.796875
448271.5,169410.5
394756.1875,207234.59375
311292.09375,12340.599609375
304136.0,20510.599609375
554913.0,96869.6015625
400647.90625,205679.5
434500.1875,220439.296875
408137.6875,181724.703125
448903.09375,181143.703125
333534.1875,177868.703125
269759.0,10801.7001953125
288630.09375,12425.5
317788.6875,88827.296875
555223.3125,150479.5
290849.40625,10936.2001953125
382260.90625,84597.296875
539163.0,239379.203125
440093.59375,231815.0
333660.6875,110661.3984375
539574.6875,34882.80078125
426373.0,191773.296875
484424.0,23251.0
297161.0,28970.599609375
552990.375,60046.0
452783.1875,161013.703125
503956.90625,261165.296875
430421.5,111207.5
478045.6875,264546.6875
436919.5,231041.703125
385278.40625,30568.5
290653.59375,16155.400390625
281665.1875,13398.599609375
458777.3125,209806.40625
444361.59375,199015.90625
449455.6875,231054.703125
388514.5,222951.59375
289995.90625,151956.296875
354577.8125,61820.69921875
317597.5,146148.90625
575901.125,74749.703125
554056.6875,88113.3984375
278052.0,43542.19921875
307492.3125,39703.0
311847.1875,64702.80078125
345931.0,142714.703125
308452.3125,56750.19921875
298148.6875,16916.69921875
297519.5,93489.203125
392602.09375,128296.5
496148.1875,26977.900390625
324232.8125,159192.0
388867.59375,154170.796875
389643.09375,191885.203125
532506.0,177151.09375
378970.5,272910.09375
550526.1875,152380.203125
397689.40625,306545.3125
330384.5,52181.0
504370.3125,95561.8984375
331988.09375,12038.900390625
264858.3125,13510.599609375
343031.5,130219.8984375
398514.09375,165270.796875
480652.5,136695.203125
383987.09375,120921.3984375
428676.6875,174451.296875
405190.3125,215121.5
405429.90625,183074.203125
561586.3125,133671.796875
533813.5,30719.599609375
270494.5,99711.6015625
299496.6875,15225.2998046875
290482.09375,21222.400390625
254143.5,15226.599609375
292600.1875,16410.69921875
516218.6875,100895.203125
416394.1875,211011.09375
448311.59375,230629.59375
349060.5,98534.1015625
341444.90625,12812.5
438193.09375,171026.40625
504489.40625,162150.796875
472885.0,156017.0
433221.8125,264403.1875
298568.59375,54454.5
336881.09375,147757.203125
502435.09375,178448.0
468111.6875,187611.796875
547056.625,177668.5
569521.3125,120636.5
280458.40625,92104.3984375
438811.6875,210907.296875
343829.0,122986.703125
310458.40625,88936.203125
507873.40625,208336.203125
538239.1875,19561.400390625
618243.5,106254.296875
374728.90625,104448.5
549961.625,111073.296875
395003.1875,170555.40625
491499.40625,158001.5
514929.3125,130667.203125
532530.6875,215127.5
302130.0,44309.1015625
391798.09375,208015.09375
414491.0,117362.1015625
307806.90625,89052.5
564746.625,176794.40625
456224.90625,206678.796875
425867.59375,172108.5
323363.3125,114769.296875
409161.8125,187076.40625
456423.0,243934.0
292392.5,19342.099609375
429277.3125,163882.09375
321178.1875,95281.703125
316938.09375,24304.900390625
564984.6875,70942.703125
282937.5,56519.6015625
298327.09375,21902.19921875
350609.3125,48206.3984375
398766.40625,251745.09375
464832.90625,175314.796875
289949.8125,93876.8984375
476316.40625,200371.40625
347360.0,109453.203125
439631.59375,18395.80078125
371431.0,199911.5
472194.1875,212149.203125
303013.8125,47107.0
395912.40625,208730.203125
299143.3125,13983.400390625
466863.59375,72477.203125
339486.59375,75479.5
377369.59375,92876.6015625
292873.1875,35384.69921875
454588.59375,193730.296875
468057.90625,211712.203125
319678.1875,138049.203125
306661.5,110234.6015625
352213.5,172016.703125
545672.125,102521.796875
306241.90625,32436.400390625
271773.0,38361.5
367286.5,93143.5
438773.90625,183684.90625
487626.3125,203253.90625
301738.59375,34237.5
320676.40625,14963.900390625
445371.6875,22820.19921875
538820.875,71052.296875
405190.3125,159809.0
409112.6875,115424.703125
308340.40625,73328.3984375
479572.90625,170249.90625
539397.375,137523.59375
437298.09375,228170.59375
387551.40625,151881.59375
311349.5,67448.296875
519377.09375,185607.796875
442121.1875,289089.3125
355769.3125,142797.0
496762.5,220148.703125
330953.90625,79485.703125
575067.3125,34341.6015625
375402.59375,153804.796875
307117.5,13290.0
362390.5,134154.703125
517005.8125,171506.796875
434820.40625,119128.3984375
311419.40625,132206.09375
294869.6875,34319.19921875
443428.59375,231382.0
542137.875,267199.40625
505874.3125,140164.40625
296260.5,35776.3984375
347126.0,235295.5
467876.6875,283447.3125
456978.3125,200965.796875
306449.1875,13105.7001953125
502353.59375,247082.203125
562768.375,63835.3984375
262400.59375,35961.8984375
291956.0,30283.5
534745.3125,194934.09375
347598.90625,130212.3984375
533215.375,179755.40625
453828.90625,194187.59375
352751.90625,186306.203125
430504.90625,261871.796875
475706.1875,170919.203125
327646.8125,148468.90625
429420.0,243200.0
404191.90625,100864.3984375
446103.59375,177030.703125
329164.90625,69693.6015625
327048.1875,135846.703125
560490.875,88049.6015625
353288.40625,120987.796875
520852.1875,152956.09375
325442.90625,161973.296875
484373.3125,156845.40625
331195.3125,138393.09375
507781.90625,65313.3984375
497154.5,119600.703125
337177.09375,102411.796875
545079.5,120759.0
584073.5,43730.19921875
350194.90625,114793.6015625
537257.1875,123213.296875
355072.5,138416.203125
290260.40625,147369.90625
332397.09375,153737.703125
338363.8125,140097.5
440403.0,131564.203125
493860.5,172877.5
453095.90625,257040.40625
295243.6875,92059.203125
488797.90625,124134.6015625
558779.1875,52784.1015625
332815.40625,121383.296875
527539.5,57436.0
309464.90625,14372.400390625
416730.8125,158406.90625
526465.6875,330195.6875
510491.5,219002.0
365106.3125,212556.59375
548887.375,83378.3984375
400220.59375,217819.5
293860.40625,38539.3984375
373411.1875,103052.203125
421262.40625,143248.09375
333772.8125,127059.8984375
334267.40625,119411.3984375
374752.59375,127456.1015625
398737.8125,157516.0
349314.1875,100698.703125
252833.796875,28231.099609375
314631.0,60777.69921875
554721.125,67740.703125
535817.375,166702.09375
323580.59375,12419.5
617529.125,51728.1015625
492145.6875,91904.703125
426192.90625,192496.59375
269398.0,29148.80078125
543309.625,26138.80078125
393348.8125,199478.59375
358012.90625,193419.59375
460048.1875,209534.59375
483417.5,210307.40625
442922.59375,143869.40625
361280.8125,188057.59375
459444.40625,206737.59375
302604.0,28459.19921875
525742.625,211271.296875
290614.5,49735.1015625
453858.40625,224967.703125
543847.8125,184732.59375
490664.90625,239347.796875
419091.0,129249.296875
330952.59375,109934.703125
403963.0,216325.5
288219.1875,63926.1015625
300618.6875,52284.8984375
438639.5,153210.90625
372333.90625,83020.0
341611.3125,100763.796875
411879.5,188528.0
409636.40625,217401.59375
540963.125,74960.296875
517541.5,238868.796875
358451.40625,118207.6015625
387466.6875,235047.09375
326879.6875,93689.3984375
354236.59375,136021.5
379769.0,103067.8984375
