Propidium Iodide PE-A,Alexa-647 APC-A
328508.3125,62526.19921875
361875.6875,43706.5
329834.5,13744.0
464117.3125,201547.796875
356025.40625,135494.203125
317811.90625,164027.59375
555913.0,61823.1015625
402180.3125,130283.296875
468795.40625,100856.3984375
329926.0,43366.5
527836.5,104018.5
322775.1875,13077.099609375
331997.59375,31571.80078125
459760.3125,90874.796875
472353.6875,101037.1015625
512847.40625,82717.8984375
277704.59375,49044.0
439365.0,101661.5
480057.59375,134553.59375
314223.09375,54940.5
410093.8125,99564.5
527956.1875,124856.1015625
570699.8125,86198.796875
316875.5,52881.5
405435.8125,153538.296875
358964.1875,123166.0
361962.5,124074.0
528428.3125,66755.703125
392903.3125,100385.296875
471191.3125,127078.5
482320.90625,125516.5
326046.8125,101723.796875
563834.625,29404.5
321308.1875,70979.5
355088.59375,131456.09375
467033.6875,164795.296875
382507.5,98608.703125
496236.90625,63473.6015625
349595.1875,80983.5
344901.3125,74507.296875
458358.6875,67062.6015625
332578.1875,101579.796875
441514.0,124904.203125
294311.6875,53327.0
368630.8125,123651.0
315624.8125,19201.80078125
327942.09375,145751.703125
403103.8125,107219.703125
421021.8125,86755.703125
315190.5,73919.703125
389888.09375,151527.796875
285393.0,46976.0
298015.1875,12395.7998046875
558931.3125,136959.40625
278304.90625,13049.599609375
361726.1875,101645.6015625
323980.5,37862.1015625
466306.40625,158085.40625
314133.3125,75619.296875
294029.3125,12330.7001953125
455213.0,111079.203125
328068.59375,80604.796875
453457.3125,39943.30078125
277705.90625,42537.1015625
388048.90625,134861.59375
349131.0,61736.1015625
330658.90625,57713.1015625
540350.625,230329.0
403155.59375,98580.203125
320821.59375,149874.59375
556472.875,100048.8984375
304374.5,55818.5
415052.59375,122941.0
318292.59375,24723.80078125
453941.6875,157352.796875
287778.90625,63279.0
459853.1875,203552.59375
538662.125,101313.703125
509857.8125,137843.703125
319749.0,15975.2001953125
410008.59375,77944.0
544835.6875,76363.6015625
331588.8125,66771.3984375
446071.8125,187256.703125
280789.1875,25780.099609375
379563.1875,78229.8984375
567298.0,152257.5
433246.90625,241972.40625
351004.90625,88494.296875
374207.09375,88644.5
310271.0,31189.599609375
305645.90625,40581.80078125
409993.1875,95689.5
550873.625,108214.203125
323866.6875,50846.19921875
304732.90625,16842.900390625
309550.1875,15618.099609375
441559.3125,112076.5
488142.6875,107243.3984375
377218.0,146353.0
441243.90625,122826.1015625
268734.40625,102702.796875
329995.90625,62343.5
378691.09375,95768.0
500014.5,19507.599609375
590365.625,120013.5
346759.0,55997.30078125
481167.59375,69989.203125
300238.09375,12578.5
525286.5,164845.796875
377212.1875,124588.1015625
484838.6875,130913.1015625
302190.09375,45923.30078125
354408.0,105532.796875
492582.1875,84527.1015625
382841.1875,116185.0
430362.5,260894.0
537061.375,102252.0
346970.40625,78570.296875
446647.0,129429.703125
310677.09375,94109.203125
343461.6875,131059.5
398517.6875,30368.19921875
305691.40625,14694.7998046875
391050.3125,126489.6015625
351281.90625,117666.0
443437.09375,159430.796875
563838.875,27528.900390625
381443.40625,136080.296875
515761.90625,69923.6015625
533293.375,75034.0
305509.40625,152275.296875
332997.5,122553.203125
417260.0,127587.6015625
312550.59375,20596.80078125
424641.90625,143457.296875
415698.3125,136700.59375
522293.0,96809.796875
448905.6875,159124.5
443318.1875,122335.796875
383867.5,129446.796875
457589.09375,138527.203125
325417.90625,83135.0
584063.875,31571.80078125
540621.875,119068.5
463967.90625,193406.90625
336576.1875,75898.1015625
416508.1875,167122.59375
398399.8125,171607.59375
277854.6875,25802.099609375
357704.40625,138195.796875
513308.8125,59664.3984375
260770.90625,65496.80078125
457533.1875,106142.296875
327292.40625,51300.3984375
533841.375,125842.296875
439603.40625,146539.0
476835.0,184896.703125
288098.5,19643.599609375
389157.09375,121345.296875
356093.0,74636.296875
562429.5,40908.19921875
546098.125,67980.703125
334825.40625,14274.7998046875
477377.1875,152099.203125
438972.6875,131859.703125
331329.40625,17722.30078125
302258.8125,19851.099609375
506232.3125,135482.5
308660.59375,52016.30078125
291934.6875,12224.599609375
417704.90625,149334.59375
490649.3125,115228.8984375
332823.8125,80619.8984375
517107.40625,110950.3984375
493846.40625,154038.703125
460622.59375,123436.0
381372.0,128135.203125
420471.0,140853.59375
297405.09375,33257.80078125
587491.1875,70504.703125
362741.5,185033.296875
345169.09375,105269.5
387173.0,146225.59375
571848.0,25079.599609375
358089.6875,123395.703125
381104.6875,119337.1015625
368633.1875,124738.203125
326459.8125,87056.1015625
280068.3125,32670.099609375
249809.09375,31944.80078125
321394.6875,20583.099609375
313499.5,66721.5
294438.8125,27933.900390625
571066.375,27294.30078125
328483.59375,18435.69921875
443161.40625,225169.296875
554109.625,60569.80078125
428582.5,214469.296875
496713.40625,109693.1015625
350755.59375,88190.6015625
342023.59375,84647.203125
332964.90625,152300.203125
322227.3125,76524.3984375
314663.09375,77011.5
437806.1875,125518.3984375
372679.3125,75473.0
564803.875,140117.5
323664.90625,32678.80078125
531584.1875,155914.203125
340880.8125,59954.6015625
329547.0,14141.2998046875
402267.59375,70506.1015625
398858.5,116880.3984375
327295.1875,22074.5
398934.5,102817.296875
320639.90625,28857.19921875
469442.59375,90755.203125
339275.09375,62614.6015625
538672.875,78748.1015625
458473.8125,94564.296875
320862.40625,40791.0
516823.3125,123361.703125
548785.6875,107634.5
426648.59375,97580.796875
530689.6875,54587.6015625
535475.0,153297.296875
406002.90625,167320.5
538878.5,26100.099609375
457132.1875,48424.80078125
479215.40625,174634.90625
398178.0,306406.1875
384585.8125,143204.203125
508412.59375,158490.09375
477721.90625,134870.0
414525.5,84015.1015625
366336.59375,165310.0
362862.90625,67351.1015625
370337.40625,113065.5
370758.5,87915.6015625
411430.90625,150002.796875
560727.125,96107.203125
253914.5,128758.796875
248965.40625,45935.6015625
313639.90625,20664.099609375
579379.5,113264.3984375
333018.5,140004.0
535439.0,137888.59375
351561.90625,60351.5
325606.8125,85258.0
487559.90625,163027.09375
345948.90625,68021.1015625
370703.0,68428.8984375
291846.1875,14515.0
342112.59375,83886.3984375
532565.625,28389.69921875
545644.875,89027.8984375
409400.59375,281858.40625
301288.0,45688.6015625
427135.40625,155204.59375
495245.6875,92268.203125
457641.59375,111572.6015625
309556.0,28883.599609375
485691.1875,116328.8984375
367042.90625,94840.8984375
508065.0,78320.8984375
371190.6875,114501.5
295636.0,44003.30078125
308168.59375,42764.8984375
515064.5,50790.69921875
438484.09375,80056.703125
567034.3125,81739.703125
508827.09375,147892.90625
375070.09375,105286.0
404637.90625,97837.0
288348.1875,87481.3984375
387188.90625,128054.1015625
446012.6875,189443.796875
392271.1875,91215.703125
517602.90625,47608.8984375
343161.5,94182.703125
391510.0,106774.1015625
345094.40625,52578.0
290143.6875,48700.80078125
545140.6875,72319.703125
481802.90625,136295.59375
325551.59375,52104.1015625
342677.6875,92400.0
453605.5,105400.296875
477909.0,99172.703125
373182.59375,82341.703125
459580.40625,90955.3984375
410477.09375,127752.8984375
343443.90625,48423.1015625
538204.5,166445.09375
515286.8125,76326.296875
562228.3125,51361.3984375
255544.59375,14452.0
274707.0,79331.1015625
349448.40625,61819.6015625
288024.6875,26871.69921875
328427.90625,39684.3984375
533787.625,35036.5
484498.90625,143467.59375
399400.1875,70855.703125
527666.625,121759.5
384618.5,132472.203125
464127.09375,51818.1015625
500887.0,236850.90625
331107.6875,56115.5
293613.0,93796.296875
519388.09375,147057.90625
422112.09375,78286.0
544850.8125,82278.5
351706.1875,74920.3984375
534306.5,111568.1015625
365772.09375,92606.5
541290.6875,48128.0
336206.0,57731.5
378257.3125,154243.703125
385877.40625,186624.90625
427987.59375,84854.1015625
384473.09375,87951.8984375
500905.90625,104278.6015625
401504.5,174020.296875
470462.3125,95795.0
416370.1875,123683.796875
402875.40625,80691.3984375
348295.59375,81699.5
256547.0,38714.19921875
423153.09375,79264.1015625
324229.0,70053.5
387372.59375,107689.3984375
311973.0,47629.30078125
594130.8125,43296.5
316327.6875,81452.8984375
308925.6875,111742.703125
431717.59375,90956.0
551328.5,77428.203125
303848.0,79328.3984375
385627.5,101272.0
323904.5,17942.19921875
546873.0,108123.6015625
337414.40625,49598.3984375
359501.59375,98485.0
263535.1875,42784.3984375
450235.0,265354.59375
350085.6875,74371.203125
326052.90625,114173.1015625
510686.5,135200.796875
373842.0,90588.703125
269457.8125,86491.5
489547.5,185500.59375
523955.90625,118195.1015625
352016.40625,71237.8984375
378743.09375,54523.5
465200.5,178841.703125
327548.59375,171372.59375
461045.0,103403.3984375
547368.0,96831.296875
435167.5,106410.1015625
346853.3125,96907.5
491063.6875,170268.09375
388786.59375,203149.0
285908.0,59835.69921875
553501.375,98514.3984375
376361.09375,122683.0
362349.59375,47955.6015625
334846.0,51358.80078125
398476.0,108006.1015625
328195.3125,54605.8984375
334550.90625,14464.400390625
545570.375,79103.796875
327731.6875,30176.599609375
546014.0,119917.296875
389216.8125,99431.296875
531763.1875,46838.1015625
462209.90625,143411.296875
342249.6875,87491.1015625
367778.5,167145.703125
384532.09375,207695.0
329819.09375,49438.6015625
537572.125,240810.90625
329621.1875,72597.703125
458744.90625,82862.5
391253.59375,73816.703125
386906.40625,130431.8984375
412275.59375,91061.203125
266165.0,78808.0
487466.1875,84900.796875
321487.8125,17513.900390625
400841.8125,58617.3984375
325024.8125,58151.5
341233.40625,123667.3984375
422367.1875,167447.09375
339959.1875,77652.8984375
281585.09375,68622.5
501252.3125,113756.3984375
412833.40625,106706.796875
335770.6875,70997.6015625
309595.90625,26644.19921875
457028.09375,188410.0
431031.6875,155221.203125
479465.09375,117835.703125
375745.59375,92794.203125
260098.0,15747.0
250647.09375,39772.30078125
386651.59375,89091.296875
565635.375,47764.8984375
330978.6875,47966.0
499442.90625,181060.296875
587281.625,88957.796875
468207.3125,103758.3984375
397819.5,118113.1015625
367190.1875,118322.6015625
300031.90625,16064.7998046875
493279.0,103998.1015625
385930.6875,116149.3984375
451792.0,78056.703125
472789.1875,144044.5
564243.625,69763.3984375
350154.1875,77029.8984375
387387.40625,79792.0
277634.59375,11802.599609375
593394.0,33719.8984375
298870.8125,14623.400390625
331314.90625,20824.30078125
457996.8125,74830.3984375
363500.8125,49923.8984375
496092.8125,114979.796875
491303.5,101268.296875
294111.1875,198371.59375
449909.1875,142378.59375
357338.1875,155751.90625
420545.09375,81926.5
468518.40625,117129.203125
474560.09375,186586.40625
533534.375,89353.296875
561745.3125,70240.5
323156.59375,133666.703125
525508.0,81871.0
326087.09375,95409.796875
365814.90625,114865.703125
359584.59375,90658.296875
500938.0,145492.296875
411745.90625,98946.796875
474809.8125,159009.90625
428134.09375,147550.796875
543625.8125,203921.40625
336134.5,22331.099609375
370134.09375,175130.796875
363105.8125,82899.5
472954.5,38228.30078125
553143.1875,85121.1015625
554782.6875,97271.3984375
603654.625,64931.0
366580.59375,197757.59375
330405.3125,18817.900390625
372946.90625,104392.5
315543.90625,20263.30078125
436610.59375,39596.19921875
357291.59375,122579.203125
462809.59375,110724.796875
503170.09375,106235.296875
475185.59375,97188.6015625
301813.3125,78458.203125
274041.90625,101762.8984375
315427.5,135438.703125
460157.0,131472.59375
573148.375,82335.3984375
468020.0,88987.203125
302470.59375,12845.5
540539.625,209841.59375
490576.0,175565.09375
419904.3125,60802.6015625
320132.3125,49899.19921875
358972.90625,87991.0
448228.3125,139387.296875
287308.09375,12246.900390625
304434.40625,20311.900390625
319731.5,29130.80078125
442571.59375,94021.796875
546726.8125,126549.1015625
563039.6875,81255.703125
485958.8125,228185.703125
531704.1875,112619.6015625
580852.6875,178950.703125
398993.1875,102361.703125
353748.0,89082.0
401557.1875,146439.5
325846.8125,15522.599609375
554172.875,84958.1015625
533147.5,113154.0
488618.6875,22685.69921875
330350.09375,53791.6015625
372901.59375,75964.6015625
485452.3125,205825.59375
312488.6875,14504.5
517361.3125,157306.203125
296307.40625,71296.6015625
412365.90625,190112.0
301526.5,81885.5
517521.90625,129462.5
267952.59375,39969.1015625
411522.40625,101105.703125
270174.8125,53547.80078125
290234.09375,28764.099609375
382945.6875,69736.0
503653.90625,96098.0
594839.375,34793.3984375
443181.8125,135961.09375
325781.1875,27784.69921875
358358.8125,93375.203125
518030.3125,132897.90625
412115.3125,133661.59375
510769.6875,227715.0
446029.90625,92228.296875
533050.1875,59912.69921875
417050.1875,150664.90625
585932.625,166165.59375
406631.1875,132795.703125
521905.90625,197719.203125
342906.40625,84328.203125
428770.8125,125430.296875
351912.59375,104078.5
387595.0,116652.6015625
585203.0,117869.5
319401.5,69074.703125
320497.09375,47557.1015625
320214.59375,26917.900390625
572847.875,27034.69921875
419730.1875,115599.5
368711.09375,96157.6015625
581460.5,67215.1015625
523054.1875,54594.0
331948.1875,66771.203125
477795.3125,242657.796875
437696.90625,71575.796875
309280.6875,12800.2001953125
359719.6875,117146.703125
530894.875,167635.703125
371098.0,101662.5
247584.0,73311.703125
417911.59375,112202.1015625
318630.59375,42497.8984375
459138.6875,146171.5
468476.90625,252892.5
451234.09375,122896.296875
296818.0,20977.099609375
515302.3125,79439.6015625
435332.0,110065.1015625
444615.3125,128079.703125
371629.3125,107182.703125
388615.40625,142312.0
353363.1875,101270.3984375
342606.59375,144174.09375
606564.3125,57582.19921875
312864.0,38320.1015625
330223.6875,27558.0
372730.3125,78330.6015625
561188.125,56346.30078125
333846.6875,121102.6015625
302446.8125,104802.6015625
312364.0,14114.099609375
275328.3125,95506.703125
488837.6875,145525.703125
476007.90625,40189.69921875
374051.3125,84800.296875
341627.3125,49457.19921875
545829.125,136498.09375
406615.0,66116.1015625
355807.90625,68720.1015625
424301.1875,127082.3984375
479214.90625,168798.703125
511602.59375,64135.5
549316.3125,145283.703125
566056.0,149877.5
353792.59375,85615.3984375
389190.90625,92482.5
411076.5,159980.796875
268207.1875,59478.5
589863.3125,44998.6015625
510223.8125,126950.703125
502931.0,131803.09375
315348.8125,51726.19921875
342751.40625,17083.0
438114.1875,123540.703125
595663.375,30232.5
339937.1875,29844.69921875
380754.90625,93914.0
568682.875,104559.203125
315898.5,30518.599609375
528013.5,131340.5
441828.09375,112623.1015625
588692.3125,24965.30078125
347629.3125,76579.1015625
515356.3125,122542.203125
525005.375,162491.59375
560467.1875,128959.0
396828.3125,191612.796875
439546.90625,228551.5
409927.90625,119037.796875
321997.3125,14439.7998046875
613720.8125,40995.6015625
363101.5,112884.6015625
551002.375,92875.5
500950.8125,47973.30078125
452273.40625,119910.5
550384.6875,123981.703125
415300.59375,145361.5
387897.5,129474.1015625
570971.5,82074.0
360018.09375,97537.6015625
562508.125,302623.90625
535180.0,76740.796875
382614.3125,177037.59375
300531.5,27726.599609375
461855.3125,69814.703125
305259.40625,43480.6015625
523671.8125,84439.703125
485678.90625,145570.0
356609.0,74189.5
405772.6875,76987.703125
471476.09375,107080.6015625
549354.8125,46438.19921875
515731.1875,115377.703125
335602.6875,64353.3984375
433513.40625,107394.703125
387777.40625,177352.703125
446750.09375,105621.5
497614.59375,25030.099609375
395416.09375,89313.8984375
574061.6875,42951.0
346729.90625,87729.8984375
310830.3125,43483.6015625
571858.625,24187.099609375
466738.40625,182619.0
394924.5,107350.0
363888.6875,127741.703125
339416.40625,107475.0
282535.5,101293.703125
298029.5,17881.599609375
589227.6875,44141.69921875
461219.0,145876.0
303252.6875,28759.0
324773.09375,17054.400390625
575536.875,34122.1015625
554154.125,47402.19921875
448556.3125,123204.1015625
506449.1875,310536.5
576792.625,254989.796875
430768.40625,118292.1015625
574211.6875,109415.796875
291888.59375,34632.19921875
387615.90625,82183.796875
573265.6875,124898.5
398638.40625,120607.796875
307072.3125,14315.599609375
422577.90625,112120.296875
412641.8125,127449.796875
367061.5,120532.203125
304565.1875,15132.2001953125
366420.90625,90198.0
373058.0,120971.203125
410797.0,107358.6015625
365825.09375,130934.0
459371.59375,256806.296875
325889.59375,84897.703125
475572.6875,130261.5
346585.3125,183439.0
398766.8125,157831.90625
340005.8125,62163.6015625
322491.09375,21507.69921875
589372.3125,74453.703125
492603.40625,111106.796875
493545.5,44848.19921875
401814.8125,72327.1015625
413856.90625,123681.5
467199.0,261273.09375
526032.1875,140533.703125
557842.125,92870.796875
349669.59375,104707.703125
330881.3125,44146.69921875
408557.8125,184076.5
396379.3125,139908.296875
532159.3125,80870.1015625
391782.0,235884.09375
417845.09375,131631.703125
433491.3125,89572.0
543422.875,61004.1015625
308750.6875,12898.7001953125
324972.59375,22442.099609375
313400.90625,62768.1015625
505052.3125,44498.5
288489.59375,71055.296875
348512.1875,107015.0
534712.1875,119774.0
374399.40625,15590.7998046875
244117.296875,16532.599609375
440990.6875,78338.203125
432761.59375,108257.5
445090.6875,214653.296875
406238.09375,108961.8984375
580893.0,72263.3984375
365328.40625,83271.296875
548831.375,114273.5
339648.3125,58383.30078125
489041.0,134996.203125
348934.0,64435.6015625
347999.6875,131604.703125
403696.6875,117741.703125
390969.09375,118353.0
495804.6875,96224.0
292791.8125,23332.19921875
346792.6875,106791.8984375
504567.6875,49306.0
335112.3125,60003.80078125
386900.1875,114920.5
508202.5,106113.203125
307152.0,44144.6015625
357601.8125,96639.6015625
413022.90625,117084.5
544864.1875,157768.703125
356713.1875,161388.0
530284.125,242327.296875
586375.625,144248.59375
426189.59375,130871.796875
270522.6875,57712.80078125
366484.40625,89653.796875
437152.6875,100425.3984375
461188.3125,118387.1015625
380982.0,105120.203125
550383.3125,45332.30078125
318223.8125,96720.1015625
487529.1875,103264.0
368209.3125,74973.703125
342448.59375,71088.3984375
356659.3125,65901.703125
324078.40625,45061.80078125
448061.8125,169554.296875
331553.8125,45124.6015625
365715.1875,136110.0
561427.3125,126512.296875
364288.0,68572.203125
560063.125,22769.19921875
433785.1875,296648.5
302309.0,17865.0
395296.09375,73737.3984375
348287.3125,75622.8984375
396583.1875,170538.0
306963.09375,52801.80078125
327113.40625,82393.296875
366696.5,98804.203125
470056.1875,171453.5
375338.1875,97238.5
543514.0,124860.203125
402739.1875,331469.6875
577555.625,140175.203125
441464.6875,136510.0
280759.59375,28123.5
282174.6875,13861.0
541253.1875,66716.296875
553705.6875,117495.1015625
439910.59375,127703.0
359307.0,67599.703125
435632.1875,157600.5
532022.375,74158.1015625
328143.5,15911.0
578935.0,101049.296875
528424.625,85981.1015625
554162.0,133424.203125
535692.8125,77165.0
322984.6875,112412.5
347780.5,50225.5
366198.8125,83473.5
574505.125,84467.0
353725.09375,79047.703125
311632.90625,26335.099609375
375292.90625,74169.8984375
501855.5,162563.0
405449.3125,85529.8984375
518781.09375,250721.5
450213.0,127651.3984375
457332.0,265798.8125
432703.5,127851.3984375
330175.1875,48981.5
539104.875,181534.59375
317690.0,38570.6015625
276687.6875,23025.5
454459.6875,176179.5
559267.5,49507.1015625
504934.0,91337.8984375
566476.5,77372.1015625
411628.1875,104699.796875
393819.0,109566.703125
444164.1875,98422.1015625
398879.5,125870.1015625
556587.5,39864.8984375
510009.90625,36703.6015625
590482.3125,24637.0
412025.0,119122.703125
303401.59375,73746.703125
361502.6875,129819.5
393154.59375,127099.796875
288664.90625,27096.400390625
452771.0,82107.5
490728.6875,38005.30078125
314008.09375,67667.8984375
328697.0,27056.5
433863.90625,20417.099609375
281740.90625,11846.900390625
462050.6875,163505.796875
452178.1875,110539.796875
555798.6875,56311.1015625
317963.3125,83593.8984375
510772.5,163805.703125
534338.8125,95081.0
367666.6875,231392.5
342713.09375,120135.296875
398383.09375,115586.8984375
311600.0,83401.703125
351157.5,77304.6015625
322787.3125,54161.5
338770.09375,67976.703125
382454.59375,90300.296875
281254.1875,23058.099609375
581895.1875,62706.80078125
525827.125,96738.8984375
297642.0,17121.400390625
366324.59375,104994.3984375
343601.90625,86956.1015625
493557.59375,137090.5
538221.0,78938.703125
528323.8125,99752.1015625
505889.8125,80343.3984375
502069.5,71981.6015625
534330.875,111362.8984375
319431.6875,19016.30078125
484665.59375,149762.40625
337470.3125,55676.5
520522.5,130901.203125
392819.1875,150176.5
327793.5,33598.8984375
342699.1875,97235.796875
324191.59375,49005.3984375
546817.0,74298.5
346633.09375,69615.703125
320074.09375,48431.30078125
258199.703125,18284.599609375
265998.1875,85789.296875
392987.1875,125426.1015625
306058.1875,38993.19921875
471841.6875,108113.0
342415.6875,35421.19921875
261032.90625,25799.5
407160.6875,127423.0
440754.0,110593.5
332924.5,41563.8984375
364004.59375,65328.30078125
540076.375,43347.5
571464.6875,37965.8984375
366806.1875,73407.3984375
336847.6875,76640.5
334703.1875,56093.1015625
486925.40625,170355.203125
500800.1875,80826.5
336087.3125,137066.296875
366048.90625,109833.203125
283729.6875,46441.69921875
305013.0,14027.5
438328.8125,131295.90625
328897.59375,24953.900390625
442061.90625,116868.203125
369484.5,95413.3984375
514610.59375,69239.5
361514.6875,46160.5
456959.90625,164504.0
331388.6875,54146.6015625
513055.1875,86426.703125
377274.3125,15575.900390625
533013.0,132326.40625
461706.59375,108888.0
503334.90625,121547.0
313686.09375,13012.7998046875
467935.40625,190697.5
573524.3125,63050.69921875
355814.0,109008.3984375
383191.0,104376.0
527583.8125,87972.6015625
346150.59375,67998.3984375
371241.40625,79521.296875
444458.40625,158516.703125
384578.3125,134101.90625
362285.90625,159566.796875
510107.09375,64704.5
446879.1875,141853.90625
403832.40625,120392.3984375
328672.1875,86137.3984375
587839.1875,27714.0
434842.6875,208221.203125
286826.90625,23814.5
307795.09375,182769.40625
353462.1875,68676.8984375
368654.3125,135237.40625
349999.1875,78902.0
504098.40625,71796.5
398136.6875,106355.3984375
342046.6875,54026.19921875
570558.375,122532.0
499429.8125,78538.8984375
359707.6875,149431.5
320570.8125,13813.400390625
509624.59375,142483.40625
390364.09375,184444.40625
396731.1875,35031.3984375
517825.5,88141.0
315374.3125,53627.6015625
456701.5,208411.90625
332159.1875,83444.6015625
289269.40625,73863.703125
450574.90625,124790.0
408707.40625,129429.5
491913.90625,99892.5
327448.59375,18037.30078125
390519.59375,110350.1015625
505893.8125,156044.703125
317734.59375,17705.0
560066.3125,109771.3984375
308446.8125,14139.900390625
554807.1875,106832.5
304451.6875,12429.2001953125
528686.1875,40251.5
470725.6875,174884.203125
447739.8125,147941.40625
444380.09375,118235.3984375
319397.40625,63855.69921875
320886.59375,60862.6015625
415184.8125,130053.3984375
347685.3125,111385.703125
420265.40625,112226.796875
358513.8125,44679.69921875
510944.1875,112213.5
576268.625,31353.400390625
324853.6875,48679.0
518954.59375,83098.6015625
316003.6875,57991.1015625
479853.40625,78458.1015625
415921.3125,142614.5
308933.09375,15115.099609375
485494.5,140825.796875
350325.8125,63462.80078125
602086.875,82917.3984375
386875.3125,44577.1015625
263907.09375,60037.6015625
322142.3125,40434.19921875
549677.125,154173.703125
540172.875,119162.203125
313788.6875,27611.5
306188.09375,227846.59375
296952.09375,18981.30078125
491644.40625,144416.203125
329050.8125,82970.5
518775.8125,151402.703125
386679.59375,96920.5
367092.1875,181867.5
424323.90625,175946.203125
465739.09375,220709.90625
408138.5,147883.0
503758.59375,161508.59375
466812.3125,99152.703125
306940.09375,15295.5
544625.3125,45917.1015625
387581.90625,153128.796875
498659.09375,172782.203125
342694.40625,80908.203125
371232.59375,94954.8984375
356707.59375,88066.3984375
446732.90625,125201.296875
310057.09375,42160.1015625
331242.40625,52687.1015625
337251.3125,121834.5
421120.09375,19495.30078125
579321.6875,50781.30078125
317818.6875,12878.2001953125
582695.875,57951.69921875
391424.3125,156829.59375
363480.90625,91435.296875
490603.6875,111896.796875
542227.125,73928.8984375
423636.5,209358.0
513753.09375,52853.6015625
398685.59375,98933.203125
317212.40625,39349.1015625
307695.1875,21077.599609375
343286.90625,65514.30078125
383202.40625,257035.40625
471562.8125,217840.0
435685.8125,182473.296875
296868.40625,12523.2001953125
357578.40625,83468.3984375
520473.59375,29023.5
370938.90625,59437.80078125
376274.09375,96653.1015625
267118.5,62667.80078125
302887.8125,53667.69921875
600049.875,64085.19921875
287710.09375,13617.7001953125
282242.59375,12084.0
412493.1875,245841.5
325873.90625,46132.1015625
461498.59375,118430.1015625
284974.59375,73195.796875
397636.5,106750.0
385223.3125,100625.203125
315241.90625,21775.19921875
541827.375,145437.203125
535960.5,59351.6015625
323057.40625,101644.8984375
467841.3125,138384.09375
352011.1875,64342.0
359708.09375,74391.703125
498982.09375,119528.5
407669.8125,139516.203125
446779.90625,74890.703125
450662.5,140265.09375
393389.90625,129176.8984375
500054.6875,128910.0
414197.40625,84597.703125
466112.1875,105046.0
313197.59375,14724.099609375
319500.1875,18614.19921875
574529.875,82673.1015625
500591.1875,33953.80078125
460846.8125,134979.5
317654.0,92461.6015625
323245.59375,111875.703125
256334.90625,13185.2001953125
436367.09375,165127.203125
355844.0,247055.5
578887.6875,86684.296875
302452.09375,22259.599609375
442988.0,270934.5
355352.8125,125678.203125
415558.0,110207.6015625
417367.3125,136497.203125
515082.5,170604.90625
517497.59375,103256.1015625
544689.1875,147653.796875
403485.90625,113187.6015625
312432.09375,17793.5
350992.40625,83432.3984375
275210.09375,82710.0
363566.0,61756.80078125
317624.09375,44183.5
396210.0,32645.0
571930.375,85110.296875
359534.3125,15219.2998046875
417993.09375,140428.09375
408563.59375,140843.09375
525158.0,151034.90625
364229.90625,96406.296875
534923.125,46955.5
292975.0,73065.3984375
379308.59375,93629.6015625
356298.6875,111909.796875
271653.40625,35141.6015625
332472.09375,51037.0
353284.90625,73170.8984375
388717.1875,100007.703125
473278.6875,144975.59375
460165.09375,150980.5
513684.3125,70644.5
383790.6875,123206.1015625
455077.59375,163316.703125
475896.0,161077.09375
536043.625,104149.0
501961.0,84368.8984375
338291.90625,65714.0
309038.3125,61943.80078125
282038.3125,15739.2001953125
344781.5,68914.5
464406.6875,70963.296875
504022.90625,143901.09375
289921.09375,64885.5
545278.3125,60557.69921875
488266.90625,280345.09375
338345.09375,19184.69921875
373121.40625,150418.09375
299089.90625,18973.900390625
331342.5,44084.6015625
558192.125,58856.0
466237.0,136260.703125
384199.3125,107102.703125
506536.1875,169049.203125
305451.09375,19306.099609375
561624.375,63020.6015625
547150.625,28399.5
265983.6875,62275.69921875
273864.1875,56770.1015625
503081.09375,134721.0
263326.8125,15035.7001953125
378945.59375,149247.09375
359950.90625,90482.6015625
316681.90625,34856.8984375
521590.1875,116849.203125
505973.5,328688.90625
384231.5,105358.5
377387.6875,73811.1015625
425420.09375,136356.203125
377261.0,42109.3984375
294245.09375,83041.6015625
511823.5,149678.703125
388970.8125,89751.203125
331138.09375,42610.30078125
345320.6875,80392.203125
319269.1875,77147.296875
495249.90625,95630.1015625
485748.40625,124957.1015625
553554.125,54038.0
391239.59375,101973.0
350104.09375,88651.296875
525885.1875,88963.703125
331757.1875,178509.796875
314704.09375,107163.203125
341858.90625,68517.6015625
371508.90625,74756.796875
345448.1875,110145.1015625
265357.5,54651.5
565746.1875,39778.1015625
433023.0,126832.3984375
519963.8125,139599.59375
269708.3125,74361.703125
334887.59375,75870.1015625
319748.6875,30276.19921875
454994.0,116182.3984375
343021.09375,62791.6015625
448116.40625,95417.6015625
351394.09375,86099.0
322435.40625,102159.296875
316878.0,65728.796875
448397.40625,162629.40625
422446.6875,162294.09375
476241.59375,105784.703125
517714.09375,140953.5
577250.0,68468.8984375
299182.5,59134.69921875
491676.59375,98966.1015625
470235.90625,295436.5
419015.59375,112724.6015625
470321.09375,110652.203125
490453.8125,95008.6015625
412348.90625,103944.6015625
432302.0,135304.5
509892.3125,203479.796875
345479.40625,41866.80078125
348238.59375,81474.203125
428401.40625,157150.296875
289844.1875,56022.69921875
308511.40625,18646.099609375
568778.0,75219.1015625
505563.0,151352.59375
518659.0,21927.69921875
443419.1875,149239.703125
544933.0,33428.6015625
325648.09375,13707.599609375
383233.90625,129047.296875
321444.59375,22557.69921875
449399.5,112187.1015625
390800.59375,113566.3984375
343166.6875,91657.3984375
346979.59375,95205.203125
505297.09375,99078.703125
356922.90625,79401.6015625
398908.3125,137451.59375
465186.6875,218647.59375
315025.0,33196.5
502565.8125,70925.796875
409290.0,251342.0
483431.5,91207.703125
546014.1875,109980.703125
521187.09375,207607.09375
557494.875,77548.796875
522580.8125,67263.3984375
497079.90625,96820.296875
328855.09375,13367.599609375
486774.90625,104272.6015625
280757.90625,15479.099609375
392555.0,132841.703125
524764.625,42748.69921875
370622.3125,131284.09375
493480.90625,134621.796875
329587.6875,39957.69921875
299981.40625,14936.099609375
547308.5,65844.6015625
422072.0,102960.6015625
283002.5,24324.0
361954.5,107178.0
401554.8125,104080.8984375
498552.6875,131651.203125
385484.40625,153290.703125
563334.875,44470.5
374169.3125,108954.8984375
523704.59375,309802.1875
283109.40625,11880.900390625
511905.90625,102371.1015625
512964.3125,105408.6015625
417485.3125,159027.09375
331339.5,49506.0
317058.8125,24358.599609375
551912.5,50099.6015625
300045.3125,61690.8984375
408190.90625,161429.796875
315321.90625,17128.19921875
308447.3125,16721.599609375
396315.8125,92769.6015625
535606.3125,72038.6015625
532642.375,83021.296875
414718.90625,83967.5
383468.90625,110528.5
507919.8125,147326.40625
312829.59375,38516.1015625
525094.875,91613.296875
401517.8125,109618.1015625
421519.5,147645.703125
349308.09375,75165.703125
545573.3125,112119.8984375
417842.09375,121054.1015625
414683.59375,168359.703125
412457.59375,138705.203125
398244.90625,146633.09375
464580.3125,120090.1015625
347973.6875,95002.203125
304394.5,92728.6015625
569547.375,102919.796875
379566.1875,123036.8984375
332934.0,108554.3984375
406488.90625,84642.8984375
541759.0,62996.0
406404.8125,152909.90625
271083.1875,63463.3984375
327171.5,84774.8984375
574472.875,104906.5
554776.3125,63233.8984375
526721.125,33318.8984375
337922.5,104716.3984375
519319.59375,73097.703125
373586.90625,120828.0
335222.5,91300.1015625
375477.90625,103951.296875
396363.90625,159275.09375
574660.0,127662.703125
553527.8125,155367.296875
352172.8125,86726.1015625
493087.59375,152621.203125
579418.875,38193.6015625
522648.8125,161810.59375
288009.5,13347.5
317393.59375,71356.3984375
355729.3125,14076.7998046875
513574.40625,130512.796875
340535.1875,75391.6015625
411543.90625,155325.703125
534406.5,55613.5
470076.90625,123871.6015625
435091.8125,98278.6015625
542162.5,105674.0
306670.8125,18360.30078125
290891.09375,79617.796875
493657.5,120099.6015625
337549.3125,61667.5
417304.1875,139905.203125
516724.09375,133624.09375
505923.5,93474.296875
441711.8125,265622.09375
335907.6875,70809.796875
455520.09375,137806.5
554879.0,124848.5
328895.5,73800.1015625
413347.5,175426.0
349781.8125,88476.8984375
549213.3125,93689.1015625
351301.59375,34739.0
362635.6875,73521.1015625
353276.3125,63022.80078125
483059.59375,109362.796875
499304.59375,143801.59375
464467.5,95509.796875
428709.6875,109796.6015625
317820.3125,20345.5
443198.6875,157066.703125
515347.09375,61562.3984375
332709.90625,47611.80078125
418126.40625,130282.5
313955.0,116317.5
559276.125,197825.09375
377813.59375,110093.8984375
580740.1875,33077.3984375
296883.5,74097.203125
481622.09375,80267.0
302264.3125,42864.6015625
386510.90625,147642.09375
329309.5,41518.0
553761.8125,141774.09375
549553.0,37510.1015625
528457.3125,282713.0
541822.1875,63379.19921875
325082.0,17957.80078125
486693.5,103669.5
506638.5,79402.6015625
519217.59375,132826.59375
391927.90625,115908.296875
416930.3125,101766.6015625
432753.09375,106677.0
536044.625,119900.5
356632.8125,109560.6015625
470620.09375,188346.0
489367.1875,130358.1015625
463319.90625,127676.203125
408731.3125,110269.5
365653.5,64195.0
486510.3125,73089.3984375
262696.59375,26520.599609375
281656.0,12227.2998046875
358623.0,99994.296875
285731.90625,35074.6015625
343512.1875,49960.3984375
330537.1875,116468.203125
290811.09375,21572.400390625
325501.59375,34458.5
465988.90625,133419.09375
395811.8125,108695.1015625
399627.6875,105977.703125
412289.5,123464.5
342044.40625,69871.703125
509423.3125,62385.1015625
459405.8125,169274.0
344102.09375,32157.30078125
566972.6875,33257.30078125
363732.8125,133416.59375
483523.0,95745.0
362469.3125,70216.296875
484276.3125,180020.5
354899.1875,84934.703125
367777.8125,201411.40625
317595.1875,61710.30078125
411083.59375,122579.5
407465.1875,44225.8984375
494774.3125,85315.1015625
313091.09375,29489.5
594096.0,28686.0
393854.1875,126568.796875
407124.59375,117296.6015625
370237.90625,109882.703125
567386.0,91013.296875
331277.40625,49599.6015625
548070.8125,90570.1015625
303850.59375,59960.0
337465.5,54338.5
436229.09375,108590.796875
311440.40625,30383.69921875
335110.3125,71790.0
377510.1875,99809.703125
370673.09375,152923.59375
427414.59375,257374.5
426462.1875,131882.59375
462009.0,139252.5
463596.40625,149714.703125
417315.1875,138705.796875
517927.5,161710.59375
310960.3125,16341.5
358414.59375,95772.1015625
259401.40625,76635.703125
366102.09375,83214.0
336420.3125,88750.6015625
299011.90625,109677.3984375
431157.8125,95291.3984375
515801.90625,195361.5
248690.203125,55319.19921875
580910.8125,132597.40625
432294.90625,108039.3984375
387115.40625,143862.5
493944.59375,139393.0
422820.3125,111453.6015625
334961.8125,25635.69921875
576378.3125,27553.0
509716.40625,86466.3984375
327901.40625,40615.5
327449.09375,65415.5
278641.8125,12943.7001953125
311776.40625,13098.900390625
444273.5,162726.90625
320297.8125,19096.900390625
505733.3125,63609.19921875
362521.3125,78875.5
450218.90625,202626.5
373217.6875,93558.703125
531728.1875,21400.5
388779.90625,125874.8984375
375241.3125,111242.203125
524182.8125,123543.3984375
528641.125,83643.5
528089.6875,164961.296875
419542.3125,116578.703125
544962.3125,35908.5
345905.09375,36183.80078125
300371.90625,16526.0
532562.6875,116326.796875
289445.6875,57867.5
497670.90625,115366.8984375
257400.296875,42934.19921875
322294.3125,35542.19921875
424963.09375,188386.296875
298950.09375,35355.0
321716.8125,63247.1015625
371785.8125,132759.703125
552039.375,88546.8984375
521293.0,65447.8984375
345800.40625,93189.0
303657.90625,12781.0
495341.90625,77684.3984375
327100.90625,79854.0
271292.8125,79471.203125
304381.90625,26527.900390625
501328.8125,160491.09375
552645.1875,47665.30078125
293116.3125,118946.8984375
343029.6875,54152.69921875
387637.8125,106168.3984375
306049.90625,121571.296875
503475.90625,139911.0
448342.1875,169898.296875
538944.375,142170.0
392993.0,69956.3984375
396300.8125,25623.900390625
555428.375,94863.0
349921.0,88836.0
316086.40625,47690.3984375
308922.90625,51650.5
378496.90625,137190.5
371338.40625,116625.3984375
282185.1875,21822.30078125
309627.0,14369.400390625
342661.8125,63419.1015625
538172.8125,182292.203125
296128.6875,54934.3984375
526657.1875,160803.796875
310727.40625,87499.0
352904.8125,126793.3984375
374356.90625,232411.5
362756.5,79542.3984375
311221.6875,55113.80078125
566303.5,54708.1015625
432695.90625,89840.8984375
303499.5,60300.0
406509.40625,102906.5
435821.90625,185743.90625
315247.8125,18422.099609375
409667.0,163892.90625
485021.3125,202870.90625
607744.5,46290.8984375
479697.90625,135931.90625
342814.1875,67650.0
469053.3125,151715.703125
377945.90625,83884.5
494612.59375,129804.0
338734.6875,42611.80078125
544946.8125,213614.09375
466252.90625,117842.8984375
269590.6875,83905.3984375
538473.3125,41844.8984375
331395.90625,62693.5
312088.6875,21120.69921875
332328.40625,51520.1015625
317855.1875,20992.900390625
324783.0,53348.0
316269.0,33955.0
357091.8125,79619.3984375
544711.6875,22460.5
482764.09375,108965.296875
440580.0,150939.796875
309811.3125,30077.599609375
456309.1875,162183.296875
383475.40625,70160.796875
422075.59375,130723.203125
410237.40625,161959.59375
439109.09375,163284.0
394177.09375,132222.296875
327810.09375,71944.1015625
515239.09375,103696.6015625
358943.90625,171499.296875
393866.6875,124168.8984375
393117.59375,80958.203125
363240.09375,79916.0
548770.125,94750.3984375
395682.59375,102274.6015625
374053.3125,91102.1015625
322156.3125,38147.3984375
474775.90625,139707.40625
514913.1875,150392.90625
327630.59375,40486.0
300786.0,38837.0
342717.09375,90086.8984375
292463.8125,26885.400390625
358168.90625,98390.0
437087.6875,144390.40625
461079.6875,171860.5
502173.90625,70617.796875
576111.1875,34955.3984375
352603.6875,88899.3984375
467699.09375,156023.296875
378972.6875,144676.5
475652.59375,94726.3984375
519218.6875,119271.6015625
564669.875,55973.0
407090.3125,110971.1015625
513205.1875,103893.296875
386992.90625,114955.296875
422055.3125,185917.40625
391278.5,158192.5
535045.875,71673.796875
314360.5,74078.0
486651.5,33691.0
446183.59375,158069.09375
464820.40625,165506.0
337373.6875,58670.0
419267.8125,158830.09375
314503.09375,68306.3984375
291367.3125,25885.80078125
360314.5,89926.0
451846.59375,151585.796875
357974.3125,68283.8984375
358335.1875,82411.6015625
319312.0,82029.703125
299865.1875,22991.0
313663.90625,46003.80078125
323522.09375,33812.69921875
323724.0,16417.80078125
539526.8125,86584.6015625
327601.90625,74455.203125
505361.40625,90797.6015625
308257.90625,46560.30078125
432238.6875,115580.3984375
501711.40625,111702.1015625
540355.3125,93185.3984375
321991.90625,27654.80078125
332457.1875,37274.8984375
529119.8125,56725.80078125
473035.0,143772.0
438413.09375,199735.40625
335128.59375,123601.296875
335798.90625,124017.8984375
504400.0,328643.3125
319267.6875,51179.3984375
358789.1875,98431.5
368768.90625,78842.296875
307227.3125,68799.8984375
322857.3125,20769.400390625
359554.5,78239.5
298542.90625,13205.7001953125
328030.90625,36663.6015625
319560.5,94945.203125
349546.90625,93465.0
472394.59375,155499.40625
433483.6875,147395.09375
577462.125,49792.69921875
293662.8125,65517.19921875
558000.375,45019.30078125
271656.09375,69938.203125
547539.625,90939.5
564158.0,36961.0
422545.3125,208557.40625
459673.59375,113807.796875
415509.5,295039.0
531759.875,100592.5
459217.1875,39955.0
482262.8125,166716.59375
564486.625,44139.6015625
350688.59375,78873.6015625
420560.09375,198700.5
541351.0,157072.0
568264.5,75927.0
352379.59375,62964.1015625
407629.90625,105557.0
518859.6875,132329.0
466046.09375,107764.3984375
477558.8125,207901.59375
542979.3125,137953.09375
569673.6875,94565.8984375
472031.0,135896.796875
440050.6875,134177.296875
484626.90625,122175.796875
325935.90625,94871.6015625
473408.5,138748.0
376230.8125,96889.3984375
467353.1875,41963.19921875
511079.5,47611.5
312340.1875,69772.5
418387.09375,106263.6015625
313952.59375,20750.69921875
318441.5,119514.5
472881.8125,70698.703125
269054.90625,58739.80078125
524089.6875,94594.3984375
399306.90625,150961.59375
354882.0,117945.0
427886.59375,161618.296875
431530.0,167506.5
527491.125,119453.1015625
453674.90625,20570.5
356395.59375,76957.6015625
363073.09375,87537.3984375
333550.40625,90234.796875
496706.90625,156734.59375
362619.59375,90879.203125
515637.3125,104889.8984375
521443.8125,158637.90625
488094.40625,155326.5
338434.59375,75679.203125
296105.5,15048.5
421064.8125,204294.40625
484094.90625,161798.203125
310889.1875,26911.0
509853.6875,107779.203125
281512.6875,25657.400390625
303637.90625,13081.099609375
506326.3125,53198.80078125
398500.59375,170815.796875
368443.09375,95684.8984375
560999.625,184064.59375
505073.1875,117242.6015625
337629.1875,77496.1015625
295867.09375,58904.30078125
358213.40625,112203.0
251075.5,50407.1015625
314439.5,35094.19921875
611163.6875,72510.1015625
506245.8125,75032.1015625
380375.09375,160539.90625
495518.8125,306247.5
531461.3125,86080.703125
427716.5,116182.796875
487951.40625,74073.703125
349094.6875,246928.5
386144.1875,115057.8984375
400597.1875,114621.5
571647.1875,51364.1015625
468385.09375,133337.59375
436196.59375,95979.296875
329824.40625,40150.0
355174.40625,78515.6015625
321116.5,62351.0
527880.875,61858.69921875
241660.5,47734.30078125
253021.203125,47043.1015625
556581.125,89818.1015625
473678.0,54085.30078125
466482.40625,130035.703125
391554.5,93405.8984375
441022.0,131620.703125
373496.3125,88466.703125
308159.3125,22758.30078125
425676.59375,161701.09375
491004.3125,179588.40625
271861.3125,52247.3984375
395734.6875,214952.59375
537720.3125,128836.296875
329351.8125,59276.19921875
465934.90625,135824.703125
445035.0,127833.8984375
377147.09375,108019.6015625
463994.1875,157435.09375
361422.6875,50632.19921875
513474.09375,125683.296875
389220.3125,148485.90625
442806.0,79885.703125
280085.6875,32232.599609375
342126.59375,102705.296875
298376.09375,18761.19921875
562991.5,35805.0
318973.8125,40496.8984375
422987.5,123901.203125
549868.6875,130558.6015625
556249.8125,132735.296875
477709.59375,189586.5
281799.8125,41060.1015625
389757.59375,89197.3984375
321867.3125,34120.5
313899.90625,15799.7001953125
526792.6875,172555.703125
442009.1875,175498.0
516125.59375,71125.796875
389175.1875,86798.3984375
461096.8125,128099.1015625
562378.375,56359.0
407354.59375,93250.3984375
569802.625,116393.796875
575825.125,80907.703125
339603.5,53918.0
332965.5,71300.1015625
379473.0,141587.703125
387272.6875,96419.6015625
426181.5,161924.90625
255427.796875,18020.80078125
340730.09375,131993.90625
542551.125,75668.6015625
447859.3125,109206.0
556060.5,183909.796875
395659.90625,123392.703125
380157.1875,81200.0
334566.6875,78658.0
346191.90625,32249.80078125
324363.59375,78103.8984375
272795.6875,34574.1015625
565026.875,82803.1015625
454800.0,85642.5
390139.5,81237.6015625
321222.0,24690.19921875
479425.6875,85016.1015625
553956.625,110789.3984375
375534.3125,94966.1015625
511435.40625,76160.0
340208.59375,67711.203125
427912.90625,97324.6015625
442895.5,80447.203125
316685.09375,44230.5
416451.3125,139279.59375
328457.90625,21125.69921875
260398.09375,29799.80078125
267243.1875,27898.400390625
313394.59375,15900.599609375
405314.1875,212698.203125
322052.40625,24799.599609375
440828.5,126061.203125
379533.09375,146718.40625
414854.8125,122432.203125
432835.59375,119151.6015625
321662.59375,44905.30078125
519799.40625,197697.09375
362835.0,91161.5
349164.5,61246.30078125
441894.8125,159924.40625
344257.5,105736.703125
407421.1875,118570.6015625
410570.8125,210694.296875
561394.625,113334.8984375
343677.59375,84667.6015625
334848.8125,57433.5
330047.3125,73055.203125
325063.0,39281.80078125
390371.6875,205833.203125
382072.8125,114721.203125
390039.90625,139646.203125
288730.6875,67123.5
419182.40625,93968.296875
526754.6875,126767.1015625
590285.6875,27456.80078125
529222.6875,129338.703125
376982.09375,128274.5
440849.90625,141501.59375
369465.1875,98312.203125
355579.59375,74008.796875
316014.5,62012.1015625
580488.1875,37732.1015625
517356.5,115488.8984375
526625.625,154853.296875
488162.0,209994.796875
349324.1875,54283.1015625
546498.8125,92157.296875
377912.3125,169118.203125
341307.90625,55832.19921875
330765.6875,53415.19921875
325752.1875,24509.099609375
268782.09375,69987.296875
577151.875,44402.1015625
393369.5,86217.0
364573.0,191310.796875
369181.8125,47978.1015625
356654.8125,103526.8984375
476042.1875,77053.6015625
354033.1875,167883.09375
453710.09375,122815.796875
307769.09375,29903.19921875
388652.90625,95462.6015625
410302.90625,125230.703125
490702.0,146631.296875
388326.09375,123836.8984375
312648.3125,23759.5
299194.09375,29283.599609375
342479.1875,72873.703125
597841.625,80315.296875
443800.90625,93065.5
459805.09375,126405.203125
276898.0,95485.0
392207.40625,113801.203125
383446.5,117954.6015625
411860.8125,153828.90625
467642.6875,141915.703125
436261.40625,105983.1015625
314564.40625,110679.203125
571987.5,42533.80078125
532170.5,110852.1015625
547068.125,101833.5
433661.8125,159402.90625
327400.0,46461.5
338513.3125,132016.203125
387924.8125,145891.40625
320898.90625,35283.3984375
378779.3125,112048.8984375
471165.8125,128793.203125
356493.59375,102565.5
561027.6875,79042.6015625
426129.3125,105983.1015625
324145.8125,43021.3984375
321941.1875,47472.8984375
369149.8125,107301.5
369497.09375,77756.0
388365.8125,105324.0
332994.90625,23378.400390625
581472.8125,85630.296875
383017.5,136358.5
511512.3125,129401.3984375
339546.59375,91191.6015625
313134.90625,23285.5
436488.3125,121203.3984375
310315.40625,18382.900390625
529355.5,87704.796875
540076.375,97197.6015625
356617.3125,60755.3984375
436290.5,87314.0
387716.40625,131662.0
512316.6875,129523.3984375
470000.0,312741.09375
442179.1875,69679.203125
470595.0,154472.796875
408788.0,99437.5
339573.8125,74645.1015625
284526.8125,20870.69921875
541471.6875,128489.703125
356101.3125,61722.3984375
307647.8125,37271.69921875
349939.0,24127.400390625
385166.6875,136455.703125
374578.8125,88985.5
340932.3125,75057.8984375
377844.6875,107887.203125
472434.6875,110929.6015625
480924.0,161265.5
378345.3125,107838.703125
296211.59375,17363.0
405219.1875,225666.59375
384037.0,51967.6015625
495988.3125,155044.5
336996.09375,101317.296875
337681.1875,89639.203125
462615.1875,131861.203125
315214.8125,16541.0
536530.375,74263.3984375
358922.40625,65797.1015625
320959.8125,38352.30078125
415543.8125,163338.90625
305332.8125,34903.5
360759.90625,71973.3984375
476351.0,23481.30078125
327518.6875,49747.6015625
322898.3125,72140.8984375
554608.8125,56026.19921875
349839.3125,43666.3984375
441974.1875,177456.703125
564924.3125,23029.0
361031.40625,91716.8984375
332846.8125,55178.3984375
401331.3125,146760.40625
317844.8125,113699.203125
355764.1875,109233.1015625
381310.8125,139079.40625
403910.6875,129140.8984375
423985.1875,88533.203125
478075.3125,52008.8984375
524684.1875,157898.59375
569508.6875,240870.703125
315920.1875,21058.599609375
284141.09375,24235.099609375
525307.625,116417.203125
499730.1875,96884.203125
487672.40625,151065.90625
488016.0,127580.0
428186.8125,154906.40625
410352.40625,168059.59375
323518.0,52838.5
418156.90625,171731.796875
539478.1875,106823.203125
262191.3125,83586.0
312199.1875,92972.0
563643.1875,115995.203125
380542.09375,122868.3984375
333349.90625,79904.8984375
345210.59375,51637.0
479606.40625,62487.6015625
466610.3125,318886.1875
546100.875,124544.296875
295547.09375,43370.5
529938.8125,104807.203125
356307.5,121791.8984375
356399.09375,48542.80078125
409162.90625,106949.0
319855.6875,40014.30078125
248814.09375,27053.30078125
349302.90625,195385.296875
307456.8125,77927.0
538500.0,45367.80078125
447949.0,95087.796875
396495.0,89375.796875
361365.0,100711.8984375
437851.40625,135221.90625
335100.59375,85190.703125
308345.6875,52203.0
413294.09375,145624.296875
485408.40625,140023.59375
329684.09375,81634.296875
450989.8125,154669.703125
321538.90625,26709.599609375
566698.5,110764.8984375
307770.09375,74069.6015625
306043.0,14648.5
346797.90625,62111.0
581258.125,68196.796875
330138.40625,65439.8984375
318010.0,14416.7998046875
327231.0,17085.69921875
368155.0,67923.796875
434956.1875,135464.703125
265003.5,52200.30078125
424554.3125,134702.296875
309299.09375,35331.19921875
291492.40625,34066.8984375
414072.1875,123670.8984375
421815.40625,120416.5
554328.625,148816.5
395978.09375,78453.296875
471760.40625,139788.0
388043.09375,130309.5
325646.59375,28932.30078125
532773.0,108939.3984375
309851.5,50390.8984375
518375.09375,134036.09375
352153.09375,56471.30078125
286421.40625,103701.3984375
430513.5,74014.796875
455954.1875,113092.0
572681.625,87084.8984375
600144.375,41761.3984375
336045.90625,90604.703125
420974.0,210281.296875
438238.8125,146988.59375
432832.0,44075.3984375
363007.90625,102670.8984375
433040.3125,143814.296875
422762.1875,285597.0
468522.3125,127242.203125
316594.5,111370.3984375
574643.625,82177.296875
504540.40625,133220.09375
354694.40625,44469.5
472056.59375,194860.296875
297391.90625,59259.80078125
373827.6875,131531.703125
322045.8125,16392.5
341627.6875,69548.703125
489406.5,67314.703125
371714.5,143863.296875
412670.3125,149064.59375
429700.90625,143468.90625
294019.09375,17899.19921875
356744.1875,62474.0
337848.59375,91993.203125
304233.6875,16357.400390625
263191.1875,54874.8984375
389519.6875,137702.5
369233.40625,37851.0
589819.875,36490.80078125
398299.90625,105781.6015625
624561.625,51923.30078125
551478.5,73169.8984375
403820.59375,119247.796875
437791.90625,224663.5
371462.90625,102470.296875
521731.5,80333.8984375
286105.0,12083.400390625
273087.40625,34251.30078125
417482.59375,181066.90625
302514.3125,51384.19921875
297349.0,53400.3984375
321265.3125,27786.19921875
307646.40625,49342.0
404923.8125,151536.203125
371260.90625,92388.0
385027.09375,159877.5
307817.3125,17309.19921875
418260.5,92371.8984375
383725.3125,133782.5
385267.09375,17314.400390625
411749.90625,91254.703125
564661.0,83730.703125
404657.5,122310.296875
330977.0,31311.30078125
262205.3125,53550.30078125
327067.40625,43493.8984375
306456.8125,28801.30078125
547229.6875,42784.8984375
396104.8125,101833.3984375
323863.1875,74497.5
547607.625,75471.703125
331218.40625,42543.6015625
347580.5,36595.3984375
329890.59375,38335.80078125
330796.40625,35756.0
348172.09375,113082.296875
315798.90625,15918.7001953125
320232.6875,90029.3984375
566631.3125,58239.8984375
566839.625,76307.1015625
407993.09375,130970.3984375
467450.0,108256.3984375
509702.5,99890.1015625
449679.5,154384.203125
535879.625,117346.296875
498074.3125,131937.796875
371390.0,87420.703125
310867.0,41602.69921875
364967.59375,45743.69921875
336191.1875,85879.796875
456815.0,79266.203125
345459.6875,46487.80078125
458508.8125,35553.3984375
375385.90625,137851.40625
274202.0,86692.5
526542.625,113649.796875
312101.90625,48435.19921875
557837.375,87726.8984375
310722.59375,13200.099609375
296835.09375,45154.80078125
332884.40625,57993.3984375
441738.6875,103547.203125
420933.5,121217.703125
355662.0,110818.703125
323306.1875,66388.0
572278.125,109414.703125
490167.09375,216489.90625
327690.6875,24551.69921875
304103.90625,192752.703125
405609.8125,179326.90625
321615.5,32197.0
482504.09375,45387.8984375
307265.09375,41231.0
406171.09375,199832.203125
342238.1875,54915.3984375
294381.3125,15693.2998046875
555264.5,30242.0
413388.5,136456.40625
309761.1875,76601.203125
550583.625,51825.5
343202.5,117076.203125
384974.1875,183269.59375
291059.1875,55960.0
339017.59375,140258.203125
328553.6875,39296.30078125
528172.6875,108883.796875
297999.3125,14150.900390625
520546.09375,77486.6015625
594055.3125,24126.80078125
347133.6875,66255.796875
541153.375,45351.30078125
554412.875,34140.19921875
500091.5,128314.6015625
296292.8125,32744.19921875
471460.40625,132396.703125
310722.1875,62757.3984375
374364.09375,90812.296875
439239.90625,78935.703125
420328.40625,105047.8984375
336878.0,65124.5
316959.59375,21267.80078125
303766.59375,171755.40625
524300.125,21142.0
262086.90625,34264.8984375
522244.0,140912.09375
491580.59375,138060.796875
261405.09375,73133.5
329443.59375,35796.8984375
467653.6875,209046.59375
267366.40625,115711.5
314087.6875,21564.0
558227.5,76449.1015625
415115.6875,130639.703125
458561.40625,110808.203125
401039.6875,61254.80078125
538070.0,110949.8984375
463416.5,180491.703125
542845.125,80213.203125
466955.90625,92801.3984375
547589.625,89430.3984375
526875.5,88540.3984375
469969.8125,140094.796875
335919.6875,108125.703125
344752.59375,82014.703125
261717.90625,12559.2001953125
331685.1875,94901.8984375
292620.3125,68451.296875
292549.09375,15357.099609375
331330.0,95827.5
330168.09375,57608.30078125
400808.5,156263.90625
539088.875,93172.8984375
472777.5,150741.09375
384238.5,119012.203125
354466.40625,133084.296875
312689.09375,35256.3984375
349777.6875,68078.6015625
278491.90625,86171.0
524167.1875,60802.30078125
417914.0,107583.1015625
493140.59375,102164.8984375
429109.1875,142623.203125
316827.0,53114.8984375
317381.40625,66086.3984375
576046.125,45841.19921875
337840.40625,67877.703125
378861.8125,150838.90625
370418.40625,101107.8984375
427827.0,144351.0
418188.5,243501.09375
301631.09375,39585.80078125
585209.8125,29063.80078125
279993.0,19115.69921875
484397.5,125984.203125
556491.6875,86885.6015625
439211.3125,137618.59375
325477.6875,76340.296875
280597.1875,39533.8984375
389132.3125,174256.796875
345485.09375,48658.6015625
257570.59375,30522.0
419158.59375,117363.203125
321402.90625,62466.69921875
346095.8125,202111.796875
322049.8125,73744.3984375
526230.0,88381.5
501466.40625,130720.3984375
307125.09375,35543.80078125
303765.6875,24135.599609375
554040.0,30967.099609375
411630.09375,173166.90625
346559.8125,39298.80078125
544785.3125,92047.8984375
471922.90625,179492.40625
322967.59375,17454.099609375
548389.6875,78938.203125
316745.5,36962.69921875
423704.40625,137939.203125
310481.1875,12635.7998046875
555904.625,162069.0
364619.90625,26726.69921875
416056.6875,90827.296875
579265.5,27791.099609375
294695.1875,16328.400390625
440706.6875,55316.3984375
390951.6875,115523.6015625
321822.90625,36409.80078125
407683.6875,92645.0
507245.0,117966.5
270823.8125,15865.599609375
526251.6875,150383.703125
584139.625,64395.80078125
458176.1875,124645.296875
516649.0,75595.703125
404277.40625,115718.5
369969.5,154424.0
381763.40625,17655.69921875
317204.09375,54807.80078125
447667.6875,103115.203125
374338.8125,115798.0
267795.09375,35835.30078125
401370.0,86394.703125
432517.40625,91176.0
319273.5,105794.1015625
329470.59375,85538.296875
327132.1875,196087.90625
358648.5,52578.69921875
454497.59375,148898.40625
385507.1875,97896.6015625
447282.3125,144844.703125
555525.3125,94448.0
386820.90625,97691.203125
327510.3125,45841.19921875
340355.40625,14381.0
467230.5,140147.40625
418846.40625,51580.0
457224.59375,167784.296875
359065.5,60507.8984375
537556.625,74176.296875
385616.8125,124856.203125
393007.40625,114602.296875
351732.6875,68608.0
464194.3125,142299.59375
485711.09375,52336.6015625
366157.1875,123887.8984375
487576.40625,167085.203125
447524.90625,113894.0
483658.3125,124553.6015625
442590.0,117631.6015625
263859.90625,116831.0
403073.09375,139805.796875
403873.5,260350.90625
312611.0,66934.5
352283.40625,82224.703125
412522.59375,143156.296875
334643.1875,84634.3984375
335100.1875,116196.8984375
296458.59375,79119.796875
364757.5,45062.19921875
528140.8125,110576.703125
431819.8125,98132.6015625
271945.90625,29279.19921875
336861.90625,91351.5
481626.5,181462.09375
530818.8125,372596.09375
473578.6875,126115.8984375
289983.0,51752.5
517181.5,125798.203125
505734.3125,105325.0
358152.1875,63477.69921875
353270.09375,59036.0
374266.09375,139446.59375
410089.40625,135228.203125
494658.1875,179427.296875
472829.8125,126802.296875
361251.40625,75729.8984375
369835.40625,68479.1015625
340760.09375,93463.0
550177.375,114118.703125
585484.375,78547.796875
423002.40625,17971.80078125
314776.09375,51054.19921875
560087.375,74008.703125
381089.0,75942.703125
519487.0,111244.296875
295994.90625,97806.796875
308839.09375,20616.599609375
468629.09375,142748.0
403891.6875,95690.203125
559740.375,219379.296875
310440.90625,43425.6015625
501855.09375,155897.703125
413358.90625,120353.1015625
509548.59375,125720.203125
338582.0,39477.5
531741.625,140553.796875
431018.6875,146629.59375
440202.6875,108167.0
376435.40625,145153.203125
400071.1875,120352.796875
349705.90625,92728.203125
365770.0,64712.80078125
407289.1875,140995.203125
478542.09375,148131.203125
347075.8125,79118.203125
379427.5,124813.0
377314.0,87495.1015625
472775.40625,163052.90625
336745.40625,80554.6015625
279906.90625,59679.1015625
378083.59375,92728.703125
397555.09375,86320.0
563464.6875,262314.8125
362270.1875,84216.203125
309281.90625,14121.2998046875
495942.1875,210006.40625
316595.09375,27235.69921875
404751.90625,110492.1015625
327982.8125,42762.19921875
557287.125,46292.5
326790.40625,88224.796875
529145.6875,119489.796875
429877.6875,156092.203125
492248.90625,71252.296875
549044.875,59656.1015625
579894.0,146961.296875
527260.5,102842.5
544001.625,77685.203125
321810.59375,69615.5
331195.5,59810.5
461045.90625,167491.203125
457909.09375,132904.5
318788.90625,14109.2998046875
367696.5,77874.5
566817.625,85653.703125
456173.3125,149816.09375
332944.09375,111131.796875
362181.09375,115298.1015625
335083.0,51644.80078125
322846.1875,33617.3984375
304543.40625,62364.1015625
395055.09375,76093.703125
435104.3125,143895.796875
242016.90625,45326.3984375
493636.90625,128105.1015625
345886.5,70772.5
320060.90625,45498.69921875
539103.875,21419.099609375
497384.59375,132494.5
479398.59375,95669.703125
309346.59375,18134.80078125
453009.09375,99237.296875
460846.6875,335239.6875
351232.1875,158505.40625
388831.90625,79753.6015625
285730.90625,17119.599609375
397479.8125,175061.5
316762.0,55155.5
528724.375,24993.69921875
368928.40625,138138.09375
428790.09375,82184.203125
514440.6875,151343.0
445765.09375,182569.5
371147.6875,121792.796875
328201.40625,34312.30078125
547833.6875,110754.703125
499350.6875,33444.8984375
250042.59375,45927.69921875
265728.90625,11922.099609375
333656.0,14397.2998046875
306551.90625,13067.7001953125
408898.6875,136711.296875
358223.40625,39252.80078125
518064.1875,403224.40625
320033.0,72525.296875
456895.0,151757.59375
295642.3125,134548.5
537597.625,67128.0
269677.09375,12545.2998046875
586516.875,42726.80078125
409167.90625,147992.09375
327556.09375,87517.1015625
576531.875,94356.3984375
378586.90625,80169.703125
545203.875,139594.296875
527755.875,174466.09375
304236.3125,27092.19921875
482869.09375,119587.703125
488455.3125,103345.296875
373324.09375,65644.796875
377554.6875,103423.1015625
541968.1875,81633.5
383573.1875,96040.296875
396405.59375,158347.90625
314810.40625,35377.80078125
367904.8125,138167.203125
554550.625,24578.30078125
357746.09375,110380.1015625
308096.90625,62501.19921875
332941.0,46337.69921875
553124.1875,108435.203125
551209.125,304005.6875
467269.90625,100267.1015625
513112.5,76831.0
425628.0,101441.1015625
493599.3125,209155.296875
331358.59375,30013.0
381933.8125,81829.0
576592.875,60303.19921875
320347.90625,68987.6015625
375952.09375,57651.69921875
274562.1875,51325.80078125
389170.90625,168169.0
546034.6875,114115.5
491429.8125,102316.203125
253101.703125,48299.30078125
580164.625,45098.80078125
435206.6875,175186.0
543451.125,147291.90625
277074.1875,18553.30078125
304662.40625,121706.203125
645760.1875,38102.1015625
540702.5,92004.703125
412903.40625,117812.5
429736.90625,88169.8984375
501251.1875,105891.796875
586794.625,45062.30078125
398062.59375,130095.203125
543046.625,169366.59375
484648.1875,207526.0
323767.3125,33680.80078125
286123.0,25979.099609375
499789.6875,175222.0
473444.09375,174323.40625
326767.6875,74234.5
507922.09375,124708.1015625
391456.09375,17681.5
499797.5,94395.5
348077.40625,95400.203125
484417.6875,173074.09375
313601.90625,41899.8984375
413930.0,153547.796875
334827.5,83829.796875
295321.0,21376.19921875
376617.5,107005.5
444152.59375,83377.296875
452715.3125,107562.296875
313376.5,141314.59375
264607.5,68399.1015625
534718.125,62280.0
291460.0,37441.0
466442.40625,112103.703125
373116.8125,101791.203125
431620.1875,118134.796875
344384.90625,61739.0
409900.5,162024.09375
341791.6875,84106.0
471665.6875,148136.296875
569271.125,97265.0
374426.1875,91257.6015625
314990.6875,27685.69921875
287351.59375,172741.703125
468661.40625,78513.8984375
428476.0,137986.296875
438168.1875,112744.296875
552040.0,50208.69921875
310654.40625,91571.796875
510043.40625,145308.90625
491476.0,200932.0
509101.6875,169405.796875
532748.125,218233.09375
429518.09375,138123.296875
346034.5,78961.1015625
398767.1875,130218.296875
499358.6875,190306.5
340939.5,101445.0
330912.59375,79329.296875
276054.8125,15034.7998046875
442682.6875,132211.5
365762.0,109045.6015625
507555.1875,144552.0
323885.09375,44783.0
540264.0,24953.5
477653.5,114432.203125
530633.0,122703.8984375
425868.0,160436.203125
437847.59375,112113.296875
265122.09375,15300.2001953125
483073.8125,169808.796875
542620.375,60406.19921875
404449.40625,206922.203125
518331.6875,183289.09375
291224.1875,66175.703125
322240.6875,41600.3984375
334341.90625,68208.3984375
335805.3125,49383.19921875
293656.6875,12048.0
355859.09375,36797.1015625
552300.0,33916.5
455361.1875,143149.703125
314383.1875,15399.900390625
357228.0,93721.796875
451599.5,102958.3984375
488554.5,156493.203125
278296.40625,27818.30078125
304750.59375,37100.19921875
304846.09375,44309.6015625
482914.90625,228192.796875
343854.0,18166.69921875
389512.3125,43852.8984375
430523.8125,165795.203125
365650.59375,95562.6015625
397000.59375,126730.796875
479447.09375,115784.1015625
437781.40625,157089.203125
353373.5,79250.6015625
319712.09375,13671.5
303323.8125,54584.19921875
365661.6875,107459.5
507686.59375,94133.796875
381886.8125,71954.796875
408173.5,72041.1015625
266031.59375,49781.1015625
541885.125,185827.59375
342582.0,74018.5
344280.6875,108427.1015625
429777.5,115565.8984375
305600.5,31404.900390625
484035.1875,117277.796875
331815.0,42037.19921875
364028.59375,67290.296875
393396.3125,100712.796875
288499.09375,38359.6015625
341144.5,115293.3984375
291645.8125,108387.796875
442069.1875,126286.5
433042.5,125891.6015625
533869.1875,213050.296875
472744.59375,102148.6015625
489815.5,113422.5
423803.3125,61823.30078125
405681.90625,53595.69921875
452704.6875,96178.6015625
343685.90625,64488.0
353129.90625,97348.8984375
347863.0,180047.703125
361774.59375,59807.1015625
323332.09375,62530.30078125
498851.0,20599.900390625
369135.40625,46386.30078125
541385.0,107404.0
357337.0,83456.0
576377.5,83150.3984375
430381.3125,150021.5
324947.0,99009.796875
501211.8125,150416.5
275724.8125,20643.69921875
358092.90625,107506.796875
382279.5,162266.296875
554227.0,120947.6015625
429925.90625,138738.09375
311589.09375,14866.599609375
525981.0,62477.1015625
569959.875,35347.0
470483.6875,139837.203125
260879.59375,81897.6015625
380047.90625,182170.59375
433199.5,157791.5
450776.0,155842.5
456350.8125,187255.296875
515083.09375,84902.796875
452838.0,230556.5
312433.59375,96768.296875
338176.3125,57421.5
457504.40625,130208.203125
349474.0,75032.1015625
424425.90625,106812.796875
414558.8125,112430.0
303998.8125,45138.0
323546.0,32407.5
326902.5,71714.5
277344.40625,62010.80078125
298414.5,14912.900390625
545463.625,128834.796875
432759.0,106088.3984375
462850.0,311677.90625
368055.5,118005.703125
501437.40625,85304.8984375
386050.90625,129540.296875
417206.5,40070.80078125
535106.3125,143763.5
567608.3125,37608.0
507443.0,119741.5
307025.09375,13258.099609375
451948.8125,176727.296875
464980.59375,177301.40625
439203.0,89362.5
573896.5,39598.8984375
314196.5,94164.5
363596.0,98569.5
386745.5,160391.40625
285686.1875,37746.69921875
525340.375,138810.203125
577378.5,100659.796875
449387.40625,154943.796875
549743.5,103314.703125
468971.90625,151497.796875
334674.8125,116454.1015625
403530.59375,119340.6015625
498552.3125,117788.703125
471747.0,157208.59375
374564.0,151098.59375
444035.1875,180265.203125
385412.09375,116021.6015625
386621.59375,86240.3984375
482090.90625,152938.296875
579859.5,56877.30078125
466400.59375,46840.80078125
511680.0,108090.0
428913.0,152920.796875
351969.09375,93427.296875
310814.0,17772.5
427620.0,189074.0
329926.5,29805.69921875
535314.875,113647.8984375
479592.8125,195832.203125
333026.8125,78182.5
393656.0,248099.203125
301484.40625,28719.30078125
571119.0,91087.296875
413470.59375,165366.59375
292575.3125,70502.703125
363222.0,75661.1015625
484407.40625,108145.0
445203.6875,56920.19921875
333464.0,121542.5
504720.59375,144711.90625
506989.09375,48337.30078125
389314.0,117911.796875
483739.59375,100927.296875
294255.0,13501.5
342216.5,52990.8984375
553076.3125,119253.796875
388050.8125,98408.5
446444.6875,133839.703125
435286.8125,109055.203125
359981.5,83678.703125
401224.90625,150652.5
554117.0,56711.1015625
452060.1875,150222.203125
367900.09375,107489.296875
293276.09375,33341.1015625
373393.40625,97945.6015625
571857.6875,142135.59375
542823.8125,26174.599609375
554315.6875,53308.3984375
379222.1875,125395.703125
545661.0,133276.796875
464936.0,104199.3984375
575493.0,24120.400390625
436439.0,130931.5
310502.5,24374.5
556707.5,96351.5
555382.3125,130889.0
461882.6875,161682.203125
559979.625,33964.69921875
562946.1875,23312.80078125
272810.8125,30840.099609375
378325.90625,78774.1015625
349979.1875,82737.1015625
327207.09375,80856.296875
436750.3125,172660.796875
548582.3125,169655.59375
296422.59375,50413.30078125
402584.59375,105959.703125
366949.3125,84720.703125
354855.09375,118070.3984375
338613.0,14412.2001953125
453827.1875,125985.8984375
335776.40625,49590.3984375
490632.3125,117067.203125
410874.90625,86516.0
254097.296875,24514.099609375
370607.8125,92819.796875
388668.59375,186766.0
567231.1875,107743.3984375
281196.0,36139.0
376736.3125,180724.796875
364535.0,73473.1015625
250056.796875,12288.0
339258.5,67166.8984375
404960.3125,155841.796875
403948.3125,112590.0
536404.875,79905.5
396778.3125,131636.09375
519851.6875,45171.0
501535.59375,137829.703125
348906.3125,60982.1015625
408498.0,119532.296875
523624.40625,140280.703125
263279.1875,65801.796875
487143.09375,151492.203125
440393.8125,86231.6015625
353233.40625,122693.1015625
493120.40625,122888.796875
550637.3125,111724.203125
483007.6875,128367.0
418498.6875,80235.796875
423467.1875,110660.1015625
509962.09375,116054.1015625
553019.8125,143338.203125
486342.09375,136497.09375
358679.09375,84214.8984375
306868.1875,49315.0
341019.1875,82541.3984375
488823.40625,75196.3984375
309083.1875,48309.69921875
353706.3125,114051.5
519814.59375,106746.8984375
323734.40625,71950.796875
272790.90625,17996.5
405522.09375,92061.5
549184.125,113674.203125
584663.0,42871.0
499043.0,132226.59375
307984.6875,39754.30078125
432265.8125,155471.0
530270.375,24690.5
371106.6875,156649.203125
309098.8125,81370.6015625
408144.5,88373.5
556664.6875,123534.5
374762.6875,231083.296875
290194.6875,48729.19921875
443577.09375,46505.69921875
309994.8125,107271.6015625
341985.09375,47228.6015625
407851.59375,173505.703125
549149.375,82533.296875
356034.5,121821.0
358308.8125,93004.703125
391927.5,87084.703125
474120.90625,116184.3984375
438019.8125,105683.0
341304.6875,80404.203125
580024.125,44780.80078125
501222.8125,206389.703125
313837.0,48064.19921875
543182.125,31130.0
316359.6875,13970.7998046875
508483.40625,120152.6015625
516084.3125,80999.796875
326983.8125,14534.7001953125
331816.5,35228.0
424589.6875,135161.796875
267518.59375,66093.703125
497803.3125,93736.6015625
337694.59375,55356.69921875
376616.09375,147771.203125
454028.8125,76232.5
401911.09375,93959.796875
505561.8125,155374.703125
513678.5,100274.5
572801.125,129619.203125
327930.1875,30094.400390625
489470.6875,84654.203125
550798.125,100637.796875
359365.59375,93488.1015625
512842.8125,112084.1015625
349937.59375,85043.796875
373465.8125,122782.796875
383820.09375,263494.6875
454862.5,127466.0
462335.09375,118455.3984375
452766.3125,108380.1015625
301203.59375,13581.2001953125
372355.0,156249.703125
362359.6875,100169.8984375
482755.3125,170495.0
363314.8125,141233.796875
509791.0,208921.5
293002.5,32256.69921875
524638.3125,36303.6015625
410837.6875,182564.09375
448824.5,114251.6015625
429504.3125,88619.1015625
317048.8125,90495.5
537788.625,54745.69921875
548507.6875,84028.703125
333260.0,65627.296875
436228.90625,152058.203125
415226.59375,127847.203125
323567.8125,32366.69921875
299602.90625,26111.5
348120.90625,45769.1015625
308726.8125,15932.099609375
329906.09375,85341.203125
403090.1875,159662.59375
316790.59375,241387.90625
444555.09375,158068.203125
344372.90625,77183.1015625
458858.1875,74139.296875
315918.6875,32825.69921875
378256.59375,70626.796875
295290.59375,12748.2001953125
476858.8125,36016.1015625
274305.6875,99191.3984375
297577.3125,35825.8984375
274191.6875,52267.6015625
330372.59375,32139.19921875
383533.5,122016.5
353331.8125,88852.296875
337164.8125,85046.1015625
426194.40625,102991.5
455301.0,153246.59375
311395.09375,93081.703125
371335.3125,102143.796875
397355.5,21966.0
363152.5,164850.0
303824.1875,14030.7001953125
480328.1875,191786.40625
502127.90625,74682.1015625
462830.0,131980.90625
356518.5,77540.5
347199.6875,88991.6015625
439568.0,90301.3984375
567675.1875,24267.19921875
464194.40625,144960.09375
305168.0,31708.400390625
542125.125,45552.5
326955.59375,27550.599609375
508144.5,149644.203125
329367.6875,55158.8984375
345821.0,79048.796875
264525.09375,76461.6015625
432213.90625,100464.296875
534783.1875,82780.703125
280328.0,57773.8984375
495439.09375,90851.3984375
459578.3125,105240.0
562655.875,112213.0
502964.5,111454.6015625
516940.09375,53079.5
311557.1875,27212.5
446373.3125,161358.703125
515290.6875,107962.703125
581413.0,71216.1015625
399190.6875,153802.59375
327016.40625,70526.1015625
591958.6875,96056.296875
375497.09375,59202.80078125
278674.1875,11640.900390625
525675.875,58896.19921875
481994.90625,162351.90625
474143.3125,194231.09375
303819.0,116525.6015625
415420.09375,165959.09375
414936.6875,154115.5
423558.0,114379.1015625
456054.09375,94401.0
512858.1875,108702.1015625
328756.6875,60994.69921875
522548.1875,120748.203125
519362.1875,209992.90625
578018.375,43602.1015625
549672.0,35134.8984375
405033.59375,74112.5
418704.5,167813.5
546908.0,34721.3984375
360129.1875,90088.703125
368279.5,61210.8984375
323399.59375,65074.69921875
353345.09375,46638.1015625
334368.0,27339.69921875
327298.6875,48881.8984375
468970.1875,147118.203125
305348.5,17573.30078125
330555.5,57390.30078125
344342.59375,61790.1015625
479698.5,99467.6015625
403591.90625,142854.296875
586877.8125,36515.69921875
383210.8125,216232.40625
382131.90625,57008.8984375
282518.0,41615.8984375
264466.09375,147096.703125
316395.6875,107094.1015625
333901.6875,23569.5
472479.09375,105524.203125
279229.6875,24991.80078125
500563.09375,121831.296875
297388.6875,17819.400390625
251241.796875,83960.6015625
294337.5,15312.0
369062.6875,99647.8984375
389661.0,107071.3984375
571242.625,65166.0
554372.5,45644.0
463248.09375,174702.703125
400432.8125,68214.1015625
394103.0,85432.8984375
298953.90625,17699.599609375
301175.90625,59538.3984375
295066.0,16659.30078125
507861.59375,208980.09375
532333.6875,172292.09375
400036.0,117025.6015625
449201.1875,105005.203125
402209.40625,88412.3984375
421847.09375,71683.3984375
471840.09375,98942.0
373048.59375,81232.5
391248.90625,179980.09375
401603.1875,322196.5
351985.3125,66366.203125
431049.1875,116565.203125
540826.0,87587.6015625
536775.625,46121.69921875
276696.90625,17462.099609375
303166.1875,43128.6015625
309461.1875,15282.2001953125
432703.6875,141398.40625
539103.375,93429.1015625
375419.1875,120328.6015625
305711.8125,15296.2998046875
381502.1875,80559.203125
472084.6875,209946.703125
570983.1875,54430.3984375
525388.6875,114783.1015625
413751.09375,121503.703125
299429.59375,22905.099609375
330409.6875,70984.203125
510458.8125,80748.203125
397222.59375,91642.1015625
522538.1875,126165.1015625
321550.5,40492.6015625
462282.5,148780.40625
373679.3125,70467.3984375
327818.40625,46341.3984375
432547.09375,108922.8984375
278914.09375,13070.0
576440.5,51894.30078125
335134.09375,69767.5
404721.0,108927.3984375
410406.09375,125591.0
321291.40625,59201.1015625
444083.6875,97363.6015625
483569.8125,144006.59375
517830.6875,136167.0
541911.0,45171.5
333502.6875,98800.1015625
249748.203125,35864.8984375
360642.5,66728.8984375
320300.8125,20546.80078125
340157.0,74302.0
321476.3125,70420.6015625
578443.6875,69772.203125
460392.1875,106577.3984375
498114.1875,133795.203125
520488.40625,111071.703125
317244.0,61621.80078125
398224.3125,154379.203125
293298.8125,80574.796875
411212.90625,109607.5
568549.125,93033.796875
380796.40625,149576.59375
540703.375,41235.30078125
381027.8125,121952.703125
345221.1875,64599.19921875
460092.40625,117505.1015625
492441.1875,45924.0
497422.59375,83077.203125
275084.5,47292.1015625
459164.8125,184345.296875
520779.5,106950.5
492855.5,136027.0
397353.59375,135552.796875
481119.6875,145603.59375
359065.1875,85219.703125
471416.1875,220970.703125
326357.1875,18564.900390625
480745.0,92430.5
343294.3125,98045.296875
374337.5,94053.5
415809.0,113884.3984375
583958.6875,56939.8984375
330104.09375,123905.5
394583.59375,79999.703125
441833.1875,145617.203125
575332.875,33378.8984375
342505.5,114145.296875
372441.6875,97090.1015625
535084.8125,207516.796875
349833.09375,172425.5
360421.90625,79196.0
471935.59375,101386.5
518646.90625,62845.6015625
400772.6875,102197.0
484446.6875,162864.203125
439295.0,107862.6015625
427134.90625,167690.703125
330142.09375,189097.5
340764.1875,103763.1015625
547624.3125,112753.6015625
383732.6875,98110.3984375
341698.90625,65658.703125
406965.90625,102023.3984375
333193.8125,37802.1015625
429426.09375,136874.703125
365064.6875,86564.5
442352.59375,148580.5
467086.90625,73066.703125
416928.59375,149857.90625
437393.5,181366.703125
519082.3125,112987.796875
526156.3125,153145.703125
411170.3125,208012.90625
352823.59375,88848.296875
574740.3125,38653.30078125
345923.0,92262.8984375
272127.1875,16648.69921875
465575.0,111744.5
390921.6875,124173.203125
466276.0,83833.8984375
518010.40625,131770.203125
495982.90625,65852.8984375
484261.5,145238.796875
324797.90625,56665.8984375
375869.59375,109289.0
507537.3125,48112.80078125
341879.09375,161685.0
495029.5,146041.09375
507372.59375,150664.296875
381009.59375,85327.0
389281.90625,119992.796875
380708.6875,51087.5
326827.3125,141420.203125
395241.1875,106958.0
353005.6875,136378.296875
517785.90625,104357.203125
262664.0,52832.1015625
519474.09375,87377.1015625
503840.09375,77147.703125
480422.5,97498.5
327525.0,50067.1015625
433217.1875,213954.0
376370.90625,119832.703125
503262.59375,195409.09375
543961.125,132744.796875
313014.1875,20929.5
338363.0,85599.3984375
372599.0,91053.703125
367236.0,53048.5
502572.5,24165.599609375
305760.6875,75331.8984375
389490.5,93225.296875
377952.59375,146482.40625
260028.5,163032.59375
359773.90625,80257.0
478504.0,158281.90625
565620.875,39277.8984375
420309.5,105710.1015625
528842.125,43393.1015625
403649.3125,109352.203125
328041.8125,72163.6015625
300729.5,32786.0
413311.40625,135907.796875
344395.8125,70594.796875
343683.0,42536.80078125
490583.1875,47588.6015625
281647.8125,61732.69921875
503480.90625,91053.3984375
318681.59375,159057.796875
519407.8125,103073.1015625
326067.0,125827.703125
513784.40625,80564.203125
382584.5,51289.19921875
533120.8125,138595.203125
350216.5,90665.1015625
487345.40625,116160.296875
319604.3125,32314.5
344316.1875,85442.5
377440.8125,129102.796875
374400.5,92417.5
535300.0,88713.6015625
354713.09375,76040.6015625
409806.3125,114708.296875
328637.6875,61143.3984375
352057.8125,48548.1015625
373145.0,154421.40625
572857.6875,58095.69921875
389345.09375,141455.40625
517074.5,230676.59375
353043.0,125601.203125
337341.5,80328.3984375
479727.0,38329.0
431208.0,50484.5
439179.3125,131332.90625
309050.40625,86590.8984375
404769.40625,95823.796875
555301.8125,77719.0
291359.0,14835.7998046875
407150.5,136353.59375
490657.8125,80160.203125
306416.40625,49180.8984375
438184.6875,124524.5
321078.40625,47883.69921875
451857.90625,70285.0
319855.3125,59565.3984375
306185.5,23282.19921875
389439.0,143609.90625
390517.90625,103580.3984375
400547.8125,143153.296875
551243.5,123034.1015625
350028.5,191373.09375
364594.90625,74867.5
331415.90625,64939.8984375
551438.3125,119015.203125
458649.3125,108332.1015625
314696.0,97307.8984375
349783.59375,55170.8984375
493813.0,144036.5
428996.90625,125847.8984375
520155.3125,124671.0
410726.3125,202133.796875
340740.40625,71399.1015625
559206.375,159012.40625
569548.8125,44274.1015625
383390.0,77856.6015625
474537.8125,259727.203125
306013.6875,129886.8984375
388149.3125,66877.6015625
342566.5,46047.30078125
522332.40625,85793.1015625
310922.5,58939.3984375
297061.3125,18540.599609375
419799.8125,150348.296875
347817.6875,78958.8984375
316739.5,49310.8984375
327302.0,85390.8984375
560436.875,107677.796875
444597.5,120524.3984375
581858.8125,151326.296875
348877.1875,70025.1015625
279829.5,51009.6015625
321146.0,54656.1015625
383257.3125,110985.203125
542378.0,109096.296875
535400.375,169270.90625
547697.8125,136080.59375
497037.6875,121649.5
423359.5,138019.796875
260877.40625,85613.5
490308.5,144480.09375
424048.5,47398.19921875
527739.3125,80765.6015625
584627.8125,49827.6015625
548429.0,181959.90625
247928.203125,35668.19921875
550734.5,72630.1015625
311686.40625,41688.1015625
329403.40625,54519.0
291722.0,64811.3984375
517777.3125,96818.6015625
481858.3125,93308.796875
243779.796875,14712.099609375
326694.5,34573.8984375
358052.5,17713.30078125
302346.6875,19571.19921875
545317.125,165961.40625
467876.5,74287.5
369196.90625,103476.3984375
327167.5,59511.3984375
460571.3125,172268.5
384642.0,88562.296875
371386.0,68757.6015625
456226.5,128559.6015625
310279.0,17821.599609375
516374.90625,108352.3984375
507594.8125,107939.6015625
334589.90625,87442.5
307356.09375,42486.3984375
481320.40625,37452.5
601052.5,28953.400390625
393941.40625,149087.40625
307454.0,12613.2001953125
503045.8125,108362.796875
534997.0,154279.09375
293413.59375,18693.099609375
578068.0,55951.1015625
329605.6875,49601.5
306742.40625,82091.1015625
482480.5,122754.8984375
304436.40625,12950.900390625
469852.0,185144.203125
518089.3125,62142.19921875
438771.5,150372.90625
435492.0,343643.3125
492125.1875,158205.40625
446498.0,130565.296875
369247.5,142101.296875
409467.90625,312053.59375
339103.90625,90730.3984375
515409.5,131218.5
425432.8125,115136.703125
324611.40625,46252.5
431910.1875,103236.203125
370146.40625,83606.296875
374769.0,46883.30078125
429257.3125,215964.796875
555752.5,94297.703125
288598.8125,43384.30078125
375038.8125,100473.703125
302625.0,63216.3984375
334865.6875,72378.0
301606.0,39881.0
327806.3125,43783.1015625
537287.5,206854.40625
251936.0,65347.30078125
468606.90625,148324.0
540711.0,46460.5
382062.09375,85071.5
487483.1875,243328.40625
477432.5,160652.296875
540892.5,29698.5
402144.6875,146989.203125
479728.6875,154403.5
475024.0,78869.3984375
529292.6875,134346.203125
326043.40625,46228.69921875
395838.5,131926.296875
515683.0,142406.203125
384004.1875,77711.203125
455782.90625,149299.796875
432178.59375,145457.796875
302505.8125,47459.19921875
390519.3125,98731.3984375
375945.5,50283.3984375
371424.5,93299.796875
450622.8125,127333.6015625
448579.40625,81687.8984375
321799.5,60061.30078125
473643.1875,202974.5
501733.5,164612.5
336785.0,111282.203125
303840.5,28330.400390625
434085.5,74876.703125
320546.1875,146406.90625
347521.90625,19346.400390625
389202.0,89040.0
372608.3125,116848.203125
559806.0,29600.80078125
409855.6875,162142.90625
463584.0,146591.0
406790.1875,106011.5
320329.5,76195.5
367696.0,199590.40625
378093.8125,82051.203125
336102.1875,62684.3984375
479028.09375,134896.09375
342569.8125,18589.69921875
362583.3125,74587.703125
551329.625,63273.1015625
471884.5,56994.3984375
388582.90625,163898.5
359608.3125,103313.8984375
573090.875,43092.3984375
389439.90625,106148.1015625
529838.125,182696.40625
322841.1875,14580.099609375
312765.5,65278.80078125
323788.09375,37844.6015625
409362.59375,251070.59375
523087.6875,143739.40625
456358.6875,213697.5
325973.6875,49419.5
556214.0,71534.0
334485.40625,39713.8984375
310909.1875,16281.400390625
277985.90625,15167.2001953125
272454.3125,11781.7001953125
470825.1875,93728.8984375
343224.1875,54142.69921875
289512.6875,50901.69921875
355342.90625,81860.1015625
527037.8125,124639.3984375
340347.8125,30268.599609375
445670.09375,108231.5
500722.1875,250933.90625
378800.3125,129347.296875
380324.59375,64510.3984375
478561.3125,67897.203125
309092.6875,17537.900390625
345807.1875,71289.6015625
513535.6875,266261.90625
306429.0,96913.296875
444350.5,132815.0
381699.1875,76994.5
546610.5,57947.3984375
409543.90625,125475.703125
465111.3125,50997.69921875
370818.90625,107853.8984375
482334.6875,182668.90625
318238.59375,48847.6015625
475078.09375,157115.5
346462.8125,79624.203125
377879.3125,84450.8984375
334039.40625,55341.5
346227.0,197547.796875
507443.8125,152891.59375
337742.09375,45243.5
307814.6875,139982.40625
486664.09375,148592.203125
384791.59375,68307.703125
426253.40625,246226.59375
352611.8125,78209.296875
488772.6875,174456.5
385183.6875,102461.703125
406394.3125,142389.203125
407765.6875,121963.8984375
356461.0,56829.8984375
445461.3125,169884.703125
301002.0,22211.80078125
375750.6875,209241.90625
340225.6875,77549.703125
281019.90625,32979.80078125
491492.40625,165704.90625
456927.59375,351340.3125
531214.8125,108768.3984375
537661.8125,125555.1015625
543949.125,86438.5
438796.6875,133274.40625
344466.0,75789.3984375
577353.875,35191.1015625
539118.3125,46562.19921875
356718.1875,72001.3984375
581878.6875,26460.5
442778.40625,58499.69921875
541621.8125,156257.703125
449733.90625,118138.3984375
448110.6875,135340.203125
309368.09375,37357.0
366503.3125,25697.099609375
261310.40625,23490.0
313043.8125,13873.7998046875
319450.1875,30665.30078125
440182.8125,141757.09375
375372.09375,95635.5
317402.59375,13588.2998046875
518145.8125,135125.90625
391848.09375,16231.400390625
484212.59375,193633.296875
414707.5,130688.8984375
581106.625,52514.69921875
351659.0,73219.6015625
351567.1875,87371.6015625
535792.875,184251.5
364048.59375,146001.296875
613041.5,63689.69921875
505133.40625,154116.796875
459098.0,182884.796875
549787.125,121538.0
327603.59375,52077.1015625
542770.125,171056.703125
365080.3125,137633.09375
337679.90625,36698.6015625
408134.8125,164208.5
351578.90625,99296.1015625
344276.0,178370.703125
383960.59375,104384.296875
326223.90625,51827.69921875
359759.40625,63456.3984375
547662.375,249524.40625
436389.90625,168553.703125
307322.3125,60993.69921875
325192.40625,36384.8984375
420891.90625,168791.0
265218.8125,39570.6015625
545112.625,153298.59375
469234.40625,300194.40625
396538.40625,91547.296875
392078.8125,159788.5
514923.8125,120839.203125
345663.59375,53625.3984375
463412.40625,175537.40625
388166.5,110481.6015625
366979.40625,115950.703125
574564.0,81417.6015625
371863.09375,126013.796875
322392.1875,62668.69921875
427064.40625,136132.59375
322795.3125,142079.5
531835.3125,41266.80078125
397978.40625,121302.3984375
317065.09375,40870.19921875
397069.40625,108119.203125
487196.09375,112787.296875
494204.90625,133595.90625
365934.09375,111733.703125
461759.3125,100583.1015625
313036.0,20105.69921875
397182.59375,92622.796875
282534.09375,15788.7998046875
408939.09375,183701.0
318405.6875,26593.900390625
308148.90625,14019.400390625
485214.09375,134362.203125
435402.90625,128155.703125
268825.6875,44917.6015625
439045.5,119585.6015625
395134.40625,130691.203125
401127.90625,114710.796875
507250.6875,173634.703125
439267.0,109420.3984375
317454.40625,72221.1015625
326730.3125,96341.5
519775.6875,34752.30078125
535284.0,160260.59375
549084.8125,127683.296875
519512.40625,151555.90625
443109.0,149434.703125
408209.59375,109493.796875
539127.8125,128734.203125
321575.90625,40556.8984375
536279.125,64943.69921875
524112.1875,293807.3125
338290.90625,70477.3984375
505572.1875,118819.6015625
382981.59375,154118.0
361357.8125,68954.203125
249400.90625,75968.3984375
425550.0,117528.6015625
352007.40625,120147.203125
449674.40625,104596.0
306618.90625,71012.203125
552807.8125,89559.203125
303539.40625,47058.3984375
314519.90625,54696.3984375
546338.875,70107.1015625
525466.375,154882.90625
405914.0,119582.203125
540155.3125,73867.5
406254.3125,105557.3984375
478755.59375,193126.90625
519600.09375,63139.80078125
529722.125,58948.30078125
377767.3125,148177.203125
304827.40625,51013.8984375
504040.09375,78535.203125
446470.40625,188751.40625
423211.59375,64093.6015625
468951.09375,157171.09375
326389.1875,71937.796875
530298.125,57597.5
423078.90625,224677.796875
527231.5,86713.703125
424227.3125,163153.0
317699.8125,115693.703125
357199.59375,97201.3984375
344463.90625,81648.3984375
247530.40625,78165.8984375
423840.09375,135732.203125
318054.5,35179.1015625
474485.6875,152687.59375
314751.09375,76303.796875
326318.8125,70212.1015625
524521.125,106319.203125
458894.3125,169746.09375
473362.3125,59056.6015625
453692.59375,174047.5
536121.8125,82692.5
450435.3125,149337.40625
339177.59375,63875.8984375
513872.40625,202208.40625
377183.0,133750.90625
323079.5,48205.1015625
336292.40625,128938.703125
489145.90625,123469.703125
308896.90625,95037.8984375
395779.09375,131743.59375
303204.40625,15592.900390625
269821.1875,33886.6015625
341600.3125,68188.6015625
540159.625,110818.5
530329.5,23997.19921875
325585.8125,13270.7001953125
314889.8125,30843.400390625
388948.59375,88933.296875
454134.40625,86958.3984375
343975.6875,107953.3984375
304443.0,110074.3984375
263507.40625,53182.8984375
450839.6875,128580.1015625
488369.1875,144073.59375
504555.40625,111606.0
474105.09375,139270.296875
349985.3125,68126.703125
365806.90625,76321.3984375
514312.59375,125341.203125
402282.3125,70692.6015625
323783.09375,61753.19921875
311089.0,50004.8984375
363763.6875,78351.796875
380285.8125,91030.6015625
309633.8125,41002.69921875
492846.0,118796.8984375
479002.09375,125772.703125
577625.875,75897.5
551905.125,87153.296875
321397.40625,18908.400390625
542343.0,145281.40625
359669.6875,120318.6015625
321398.8125,96705.203125
483592.09375,169788.796875
350099.09375,55682.5
392670.5,112483.703125
345610.90625,35062.8984375
436897.0,136090.59375
425521.90625,132398.90625
396815.3125,103414.6015625
244450.59375,96107.203125
331547.5,51652.8984375
367706.1875,89366.296875
312177.90625,14822.900390625
361440.1875,45612.6015625
535115.3125,122233.6015625
339295.8125,24883.5
433114.09375,99531.296875
372074.8125,161799.90625
576494.125,54691.3984375
440796.3125,105840.3984375
302113.40625,14278.900390625
471719.59375,126086.703125
316640.5,94990.6015625
343549.6875,78163.1015625
501039.90625,126684.703125
330033.8125,59308.80078125
455665.59375,115129.296875
417759.5,106632.703125
445178.59375,166168.796875
366981.40625,84167.3984375
462217.09375,185420.703125
342310.40625,48997.8984375
425682.40625,168575.5
374388.40625,47474.6015625
415124.3125,126154.1015625
469049.8125,145473.59375
318690.59375,55019.5
401186.5,130367.703125
300260.8125,40492.3984375
493763.09375,199957.5
308679.40625,34242.8984375
349877.59375,135439.203125
439202.40625,206289.203125
561871.375,102748.5
501201.90625,99647.703125
449093.40625,161774.90625
311200.40625,18607.0
390162.90625,79101.1015625
440314.8125,137436.09375
353758.1875,124417.296875
357000.40625,106282.8984375
357852.8125,49774.19921875
481805.8125,133445.40625
349221.09375,52296.0
344748.5,154401.203125
278203.1875,15644.900390625
391264.40625,268142.40625
325883.09375,80919.203125
365901.09375,47739.1015625
315628.0,31954.900390625
559880.5,212122.90625
584312.125,40183.80078125
502461.1875,197046.0
391502.6875,160193.59375
321362.6875,35415.8984375
545373.6875,25341.5
552939.125,108092.8984375
577996.875,35629.30078125
385352.6875,63243.0
457445.6875,148784.59375
583006.6875,37071.6015625
388245.09375,250548.59375
523636.1875,108617.3984375
382782.3125,106389.1015625
400294.6875,242030.90625
266883.0,31196.69921875
439470.40625,314672.3125
336447.09375,57316.69921875
287441.59375,18303.5
382480.40625,118989.5
422008.6875,163219.5
492980.59375,130104.6015625
432680.6875,126590.0
419648.5,238377.09375
408980.8125,137578.796875
408823.90625,143539.5
524755.3125,135017.296875
558155.1875,113904.296875
457307.59375,189604.296875
455922.40625,130563.5
254175.796875,31438.19921875
303915.40625,20546.69921875
252214.5,89383.1015625
525125.875,123071.6015625
364168.09375,81379.296875
397815.5,135311.90625
304230.3125,64735.6015625
330639.1875,26450.0
548137.1875,60423.6015625
262473.6875,36430.30078125
391976.59375,119379.5
577923.0,79236.5
293265.5,13498.400390625
494188.90625,139017.796875
574835.5,69732.703125
353177.59375,102302.203125
488207.3125,122552.703125
371904.5,44904.1015625
442663.59375,167917.09375
275018.0,11537.900390625
297502.59375,20882.80078125
336218.59375,86668.296875
560963.8125,92739.3984375
344510.1875,106218.796875
498257.3125,115971.703125
446942.40625,187138.796875
369156.0,82811.203125
425597.6875,124608.8984375
345812.90625,85167.796875
308648.40625,40602.30078125
429619.3125,156022.703125
383260.59375,126362.5
451221.6875,131841.40625
358308.90625,49308.5
287609.0,12691.599609375
331043.09375,99814.3984375
339326.8125,50622.80078125
321863.40625,82929.0
520741.6875,336718.8125
466042.5,180107.59375
345501.59375,46787.1015625
331025.90625,43787.6015625
552366.5,263930.90625
305906.90625,29506.099609375
513910.6875,57686.30078125
462652.59375,149575.0
394746.59375,92496.8984375
515937.0,116781.203125
327586.1875,71220.5
333922.1875,56826.1015625
489198.6875,111580.8984375
311981.59375,43798.1015625
438443.40625,158125.5
556041.625,71240.6015625
402963.1875,157927.5
318050.5,42578.3984375
364442.0,145552.90625
350870.1875,73026.3984375
391292.0,235117.90625
312326.3125,30068.599609375
540909.125,147469.296875
496093.59375,145235.0
369942.90625,78375.1015625
309678.0,32264.400390625
506485.1875,73600.8984375
302673.0,70567.6015625
380266.59375,144916.296875
440719.6875,124176.0
318547.6875,13829.7998046875
466028.6875,126288.0
491178.0,113641.203125
429637.1875,134149.0
545624.6875,174588.59375
347080.6875,45334.8984375
281097.40625,13776.0
288018.09375,25785.0
472838.6875,150823.0
469555.59375,149257.40625
392820.3125,104741.8984375
494020.6875,138850.59375
471655.59375,108712.0
333823.5,46656.0
503985.1875,101289.0
345415.59375,38423.1015625
384985.0,113948.8984375
464176.5,155310.09375
395105.0,86930.8984375
465758.8125,148421.09375
567462.125,27650.80078125
499248.6875,131154.5
301064.09375,12563.7001953125
435306.6875,173274.5
339445.5,94501.3984375
319308.6875,13568.400390625
341612.5,80574.6015625
252640.5,34839.8984375
427223.1875,95797.3984375
441937.0,129796.3984375
354396.09375,131382.296875
459215.5,167059.40625
300797.8125,40277.6015625
424923.1875,75956.0
351652.6875,82583.1015625
452896.1875,152572.796875
452945.5,120848.5
457606.6875,183142.5
347466.5,93808.8984375
276763.09375,12951.900390625
284601.40625,20683.30078125
557609.1875,149639.5
355905.6875,73583.6015625
530346.6875,85783.3984375
400826.6875,135395.40625
310159.1875,36919.3984375
343783.0,38758.3984375
549488.8125,168570.59375
371647.8125,147748.703125
471818.1875,159727.40625
509867.5,123389.703125
311257.1875,53944.3984375
452704.59375,139608.203125
512783.6875,23502.599609375
399527.6875,86482.8984375
457333.59375,310316.0
346951.6875,49250.5
445062.1875,146850.5
380887.59375,128177.3984375
301291.1875,38186.3984375
313135.90625,61589.30078125
392815.09375,88010.703125
326683.1875,99792.5
321986.1875,138113.59375
437096.59375,157546.09375
440821.09375,116092.0
314184.59375,22735.30078125
548057.375,93120.3984375
437260.1875,17534.400390625
511374.0,84766.5
541108.5,26077.5
504418.59375,96011.203125
304810.09375,19843.400390625
546105.6875,64071.8984375
406631.5,139418.296875
429649.1875,103203.0
449065.09375,89954.0
464032.59375,140910.796875
404923.90625,65617.3984375
295633.0,42151.80078125
578718.0,143690.0
337384.1875,125461.0
318833.5,40145.80078125
345467.6875,57431.19921875
285327.1875,51213.0
331298.09375,30066.5
426751.0,84809.5
534809.125,33912.19921875
296543.6875,17906.5
489772.09375,186177.796875
585616.6875,71634.0
334472.1875,87305.3984375
571685.0,94495.796875
336100.90625,54434.69921875
327162.59375,83567.6015625
442446.6875,108175.1015625
466962.59375,139259.0
325322.09375,20818.099609375
376769.6875,124068.3984375
288437.5,113839.5
317038.0,49445.19921875
372058.8125,98738.3984375
414291.40625,115658.296875
346999.09375,74459.3984375
516328.90625,103215.203125
353731.1875,131977.90625
331039.0,15798.099609375
288209.3125,84865.296875
450971.59375,135882.796875
321874.09375,56926.19921875
359044.6875,77340.5
493993.09375,378796.40625
312428.40625,52715.3984375
362470.59375,64350.6015625
410769.40625,21946.900390625
336654.90625,59879.69921875
463355.1875,123084.6015625
466894.09375,127167.296875
571821.5,66787.203125
431372.6875,108334.8984375
511499.8125,37558.30078125
294759.09375,12624.7998046875
425351.5,147613.703125
547445.1875,60737.0
269269.09375,24303.30078125
380717.1875,92759.5
503561.09375,42600.3984375
382927.59375,137346.296875
356652.09375,175194.59375
527125.6875,74485.3984375
401699.3125,110648.296875
505797.0,106761.0
341397.09375,33902.80078125
259183.0,55929.80078125
379216.59375,116992.796875
498884.3125,96076.796875
393698.1875,90192.1015625
316601.90625,54832.6015625
297539.6875,141438.90625
384861.5,99544.6015625
307388.59375,15261.099609375
513302.0,117489.203125
338992.90625,179123.40625
272652.0,61727.1015625
464393.09375,139456.703125
335440.3125,155438.90625
306410.40625,83396.703125
451973.59375,219305.796875
388182.6875,141098.40625
395340.5,84964.0
317064.0,35251.80078125
298054.59375,13877.2001953125
374465.8125,127953.8984375
536973.6875,137796.0
583809.375,26831.80078125
443032.3125,156877.296875
490141.6875,245675.90625
494631.3125,150967.296875
329502.1875,58662.3984375
318363.6875,51328.0
294731.5,46692.1015625
306447.40625,64089.3984375
533769.0,89654.1015625
343106.59375,68907.6015625
446822.09375,140276.796875
384847.09375,128495.1015625
563050.3125,119895.796875
331907.1875,46130.0
314934.59375,19092.900390625
272256.1875,30308.400390625
287324.6875,18020.099609375
338560.5,42962.3984375
268580.5,71701.6015625
376947.40625,105899.8984375
386210.1875,80241.1015625
276450.59375,36199.5
356797.59375,84317.296875
362888.5,128505.1015625
467592.3125,71671.296875
423868.0,108783.0
551460.8125,45789.3984375
371392.59375,139185.296875
593061.125,33469.3984375
317789.6875,60290.0
343478.1875,28498.400390625
514701.90625,123965.5
388011.40625,109840.3984375
557959.375,59348.3984375
585608.875,97317.203125
391782.59375,89159.1015625
471362.40625,66811.3984375
503050.8125,58315.8984375
291710.1875,12307.0
438530.09375,153940.90625
526006.6875,97606.8984375
526944.8125,165201.796875
250774.203125,50387.6015625
356078.1875,90184.0
492503.5,204312.59375
393061.90625,103816.5
584838.625,76279.1015625
541906.625,75751.203125
370018.0,84121.5
325736.6875,26563.5
541289.875,168720.90625
312952.09375,24920.599609375
294967.1875,14399.599609375
572278.625,82930.796875
533433.125,269646.8125
300123.0,54121.30078125
547073.125,64805.19921875
328240.1875,13326.0
329738.09375,41294.0
434430.90625,108017.3984375
539320.0,113054.1015625
256078.09375,63471.6015625
458524.40625,133812.5
397808.5,149539.5
526538.6875,104627.5
313863.40625,13822.599609375
318968.09375,53947.69921875
303498.5,102852.3984375
385203.8125,145627.796875
270427.59375,23986.80078125
495596.5,172028.59375
522940.59375,102356.8984375
325400.09375,71319.296875
468646.0,198878.90625
530263.3125,72040.0
280678.90625,86079.3984375
586175.3125,51388.80078125
422992.09375,161788.203125
350441.59375,53149.5
538997.5,171580.09375
499208.8125,78799.5
440093.59375,248839.59375
438292.0,138806.90625
556109.625,90014.203125
455766.59375,194125.09375
261810.90625,76892.5
327573.8125,112035.296875
428033.0,89497.6015625
260289.203125,11207.900390625
336648.3125,89394.6015625
372149.5,74426.8984375
511695.3125,149167.296875
390073.0,145837.09375
301571.59375,15644.2998046875
326838.1875,36035.8984375
337427.09375,90642.3984375
313376.5,18986.099609375
478943.59375,223677.09375
256192.703125,50702.8984375
322032.5,51553.6015625
497512.90625,147282.09375
325186.59375,39090.19921875
336041.0,134458.59375
536705.125,73560.0
345703.59375,70471.6015625
357852.40625,58239.5
576066.875,40581.69921875
328811.1875,92762.796875
518483.8125,83546.296875
305529.3125,58973.6015625
504916.0,147848.59375
470539.6875,137079.90625
486853.09375,133994.90625
309300.09375,19014.30078125
366237.1875,94984.3984375
334277.8125,74059.0
572673.6875,27831.30078125
467583.5,127375.8984375
282108.59375,35475.69921875
373142.3125,160721.796875
369446.90625,121531.0
593804.0,27054.0
573647.6875,31101.80078125
447259.5,89682.3984375
486525.59375,107051.6015625
401801.90625,122880.5
400467.0,131799.09375
324952.09375,35848.8984375
294928.40625,18950.400390625
277988.5,79625.6015625
355301.09375,72554.6015625
321905.40625,26539.5
412011.6875,144885.40625
440113.0,143893.09375
400877.3125,137140.09375
514221.8125,41431.0
448309.40625,109095.203125
359022.6875,131993.0
291521.90625,61481.6015625
269274.09375,120704.203125
370718.59375,130852.203125
489133.40625,67615.5
586020.0,39763.6015625
415004.09375,150251.90625
315277.3125,34413.1015625
326002.09375,54307.3984375
455851.8125,164116.203125
447609.3125,135880.203125
514225.0,90614.8984375
470709.3125,160580.09375
363575.6875,182021.90625
335286.3125,36949.0
294085.40625,76028.703125
330338.59375,52990.6015625
279001.90625,13632.599609375
534272.125,178290.703125
345916.09375,49257.69921875
515768.59375,107795.1015625
371108.90625,76731.5
343780.3125,44650.30078125
337175.0,49402.1015625
464552.59375,157453.90625
372122.8125,107834.296875
556682.375,102726.8984375
297979.09375,198355.59375
376089.5,89689.0
562832.1875,112643.8984375
256295.796875,38649.0
525031.375,102215.1015625
315821.09375,59014.19921875
460381.90625,184296.703125
315919.8125,40413.1015625
421914.1875,93825.8984375
443491.90625,133399.40625
475513.5,163661.09375
590106.875,108841.0
357820.0,158774.5
446967.1875,130639.0
298251.09375,14692.599609375
468988.90625,168305.703125
411699.40625,128922.3984375
479268.3125,147281.5
365021.1875,120703.796875
455566.0,133615.90625
416861.59375,121593.203125
489714.90625,123646.0
478664.5,174597.40625
520767.3125,80019.796875
354019.90625,89061.203125
421873.8125,149943.09375
309986.5,20625.099609375
256807.09375,26208.400390625
295731.5,23711.19921875
489205.40625,184548.0
500377.1875,142608.40625
544303.8125,57913.6015625
345824.09375,95179.203125
259433.09375,11706.2001953125
518511.40625,129132.0
396281.8125,128876.796875
400662.8125,145839.59375
272734.90625,11910.400390625
326261.5,60065.6015625
346633.59375,142288.09375
304601.5,18472.5
326963.5,48888.6015625
360282.90625,112496.203125
456089.6875,116664.5
324150.09375,49674.1015625
437215.90625,115403.1015625
432153.6875,89162.296875
386048.40625,152895.5
396315.0,168781.09375
318990.3125,40205.80078125
261676.40625,19848.69921875
475989.09375,170955.796875
371388.59375,125442.3984375
359005.3125,98323.703125
348842.5,86836.3984375
373939.0,59226.1015625
570854.125,126832.1015625
350293.6875,164014.90625
414219.59375,105758.203125
507028.09375,78034.203125
355808.40625,94666.0
430136.3125,153601.796875
383212.09375,93871.8984375
379281.09375,90849.5
335348.8125,115487.0
563595.375,67894.1015625
537563.875,128553.8984375
494601.1875,162354.09375
354831.40625,68365.6015625
432782.5,133130.90625
540215.0,47205.3984375
311921.1875,12935.599609375
250704.59375,87723.8984375
274341.3125,57092.6015625
425022.59375,227125.40625
354840.3125,113557.0
345667.90625,59531.6015625
561156.8125,94013.3984375
453306.5,333925.3125
543462.5,110613.8984375
345441.6875,31940.30078125
323391.8125,120349.5
506435.0,115538.703125
487047.8125,148826.5
308310.90625,28939.900390625
563708.875,51861.3984375
405597.1875,113991.3984375
452020.0,119330.3984375
476025.8125,101434.8984375
427365.3125,88507.6015625
485853.6875,110632.1015625
327909.6875,26668.80078125
305413.3125,14085.599609375
299265.6875,91902.796875
511325.8125,194227.40625
322005.1875,33430.8984375
323152.3125,52734.1015625
437680.8125,156987.40625
306296.0,12468.900390625
416069.3125,112274.1015625
293151.3125,18082.30078125
570152.625,23387.5
331455.3125,45269.0
303991.90625,12772.599609375
366264.90625,59957.1015625
335416.5,25126.900390625
317534.8125,39263.3984375
428178.8125,110332.6015625
440188.0,129031.3984375
499427.59375,98714.3984375
331780.59375,35082.8984375
313871.8125,13367.5
439800.5,183392.90625
359867.6875,90684.296875
505717.8125,93840.5
371510.40625,94399.1015625
359887.90625,72477.3984375
454778.90625,98072.203125
454983.09375,92347.796875
512255.5,127769.8984375
373887.0,87669.8984375
412119.8125,233032.59375
357376.1875,100327.1015625
453770.6875,76124.296875
458038.59375,129234.3984375
370749.09375,142080.90625
320139.3125,13394.900390625
547442.5,107132.796875
479496.59375,186847.40625
303023.8125,99054.0
474388.90625,123831.1015625
383321.09375,139078.296875
462361.1875,163592.40625
303505.5,20245.900390625
408117.90625,112264.296875
523058.8125,149786.09375
553878.5,54007.30078125
448061.6875,94817.1015625
341672.1875,67223.796875
454174.0,74723.296875
538570.125,21349.900390625
341967.8125,16481.400390625
533583.1875,127065.296875
347489.5,49942.69921875
361804.40625,97769.1015625
501614.09375,20830.80078125
338892.3125,111059.5
381005.8125,63787.6015625
523411.6875,100699.1015625
413971.09375,126333.796875
430336.6875,62150.30078125
526182.875,99952.203125
257839.296875,69109.5
413263.5,126092.796875
479636.1875,138539.59375
380051.0,101494.3984375
363528.59375,92766.8984375
338098.5,76022.796875
479369.8125,150388.09375
394324.59375,111107.3984375
238912.09375,59528.0
299097.3125,30883.5
309348.40625,76465.3984375
312443.8125,61291.0
416527.1875,85026.3984375
488292.0,29495.400390625
509416.3125,160208.90625
326336.59375,18795.099609375
392777.1875,143043.09375
295425.59375,74198.3984375
384867.3125,76598.1015625
264961.5,12997.2998046875
305513.6875,15471.400390625
375766.3125,134950.59375
472864.3125,171772.59375
306966.09375,35788.3984375
281201.3125,18699.900390625
440712.5,84736.1015625
395021.59375,28404.400390625
366930.1875,73674.796875
548536.125,89684.3984375
558160.0,81599.703125
372213.40625,135628.40625
569014.375,46613.8984375
460716.09375,204853.296875
311819.8125,16014.0
372751.5,116060.8984375
579082.375,30201.19921875
562502.0,38127.19921875
476949.40625,282553.90625
570309.125,43331.6015625
373407.09375,94579.1015625
332040.6875,59257.1015625
393802.09375,132734.40625
539700.3125,309002.90625
434610.6875,145599.90625
401321.59375,84864.3984375
515581.3125,120977.5
402049.59375,77220.3984375
325753.8125,63086.5
313688.8125,19115.5
379639.0,189697.40625
568659.1875,53477.6015625
443791.0,130552.3984375
549025.625,77910.8984375
564768.0,44343.3984375
527080.0,155055.796875
312313.1875,19616.80078125
557540.625,93468.8984375
573247.375,79409.703125
336479.8125,74845.1015625
370406.1875,126810.796875
384484.3125,92287.1015625
444745.40625,165947.40625
545482.6875,66402.1015625
320009.09375,12973.2998046875
536235.1875,83355.8984375
571949.0,89639.3984375
503395.09375,24109.400390625
379966.90625,98378.203125
399538.59375,145163.296875
453931.6875,239929.90625
318099.5,13413.900390625
450310.09375,134580.796875
371205.1875,130032.796875
338321.8125,56054.3984375
327425.8125,91745.1015625
445550.09375,191909.40625
536759.1875,82800.796875
433156.40625,134114.203125
403531.59375,123372.8984375
451085.09375,126354.0
503610.90625,155518.09375
453263.59375,185439.796875
299740.40625,117894.5
266152.40625,102265.703125
553760.375,64130.1015625
335331.40625,37795.1015625
378452.09375,97439.296875
527143.8125,55837.5
520280.1875,144327.703125
467236.5,172999.0
542036.8125,89808.203125
414953.59375,17432.19921875
306900.0,79303.203125
326226.90625,14655.7998046875
560602.8125,174376.703125
537942.3125,99934.5
413770.1875,187281.296875
367624.40625,96990.0
354758.59375,27788.400390625
314387.6875,15011.400390625
461947.5,143719.59375
583437.375,62416.6015625
398608.09375,109875.296875
352577.40625,43261.1015625
277700.40625,66391.1015625
324285.8125,32695.80078125
324398.59375,45064.80078125
448247.6875,139180.40625
283863.0,85052.5
464049.09375,76724.3984375
437849.90625,119371.203125
478325.40625,140582.203125
481675.90625,80809.203125
448724.40625,101539.203125
403233.8125,92089.796875
394046.59375,130152.0
462585.0,122394.6015625
496908.6875,123230.5
393371.59375,128266.796875
322786.8125,13744.7998046875
488085.09375,84911.1015625
427333.1875,93153.703125
360473.8125,92080.703125
357949.5,90460.8984375
316443.90625,22926.30078125
348663.40625,89781.5
310979.90625,18722.5
489012.6875,65271.8984375
345685.90625,51636.6015625
344552.40625,95283.6015625
393793.40625,101296.5
334108.0,35423.3984375
327974.5,17362.599609375
477382.90625,109615.1015625
497462.09375,115218.796875
369006.1875,91386.0
508572.5,44070.19921875
339109.09375,28733.80078125
393649.40625,90969.1015625
541148.6875,193396.59375
293675.0,31485.80078125
443101.3125,233134.0
545905.625,94838.703125
391450.8125,120613.203125
331446.90625,61273.80078125
416874.5,95186.8984375
529574.875,91787.3984375
391753.8125,121810.796875
556178.875,47560.30078125
404101.3125,132149.203125
400761.6875,132706.296875
409333.6875,103141.1015625
395809.90625,101870.1015625
281015.90625,39354.1015625
557937.1875,24922.400390625
312768.09375,67111.3984375
403823.3125,18872.80078125
412064.90625,130439.5
490082.40625,104380.796875
317038.5,47590.30078125
434789.3125,286522.0
349626.6875,41463.0
370521.09375,107110.796875
456159.5,76990.703125
322920.40625,119030.0
282193.6875,39660.6015625
476480.3125,99912.8984375
426476.40625,132412.5
397598.8125,107577.796875
482654.90625,102947.3984375
455853.6875,117421.203125
296714.40625,20499.19921875
395598.6875,102479.8984375
481047.8125,109926.8984375
445474.40625,183280.90625
413031.0,125192.6015625
391065.5,122304.1015625
393782.40625,138099.90625
417291.0,117222.296875
531276.6875,57353.1015625
484348.0,79260.5
319055.3125,30391.80078125
403693.5,67531.6015625
538813.875,53675.8984375
350229.59375,82398.796875
426495.1875,56632.6015625
303088.90625,20999.19921875
461117.59375,157566.90625
531968.5,62521.3984375
253127.796875,58889.0
586754.125,78471.296875
304365.0,12960.5
424284.6875,176691.703125
527488.1875,144439.703125
317300.90625,86006.0
351511.6875,99289.703125
438551.0,84778.5
478075.40625,151461.0
317434.09375,13622.5
325658.40625,37009.3984375
444609.6875,70241.796875
467098.0,121235.6015625
491190.09375,27966.30078125
435253.5,122930.203125
308213.90625,75348.5
502807.0,50420.80078125
415703.3125,83242.3984375
452686.90625,82677.203125
354652.90625,118961.0
425177.3125,172455.203125
338722.6875,72227.1015625
507377.5,69241.1015625
308671.40625,39960.3984375
523288.5,99840.5
477356.5,276918.90625
501382.1875,23286.400390625
280818.3125,14052.5
507458.59375,240375.203125
526906.375,190150.203125
315323.8125,25535.099609375
536000.125,177751.09375
490950.0,138668.5
545902.875,61806.3984375
479070.5,128968.6015625
334738.0,30338.099609375
516000.0,21394.80078125
289762.0,15169.0
492846.40625,101612.703125
406228.90625,111649.0
497464.3125,139317.796875
432880.59375,144303.296875
492193.0,164829.59375
308397.5,18105.30078125
487327.40625,122334.5
525776.1875,67286.6015625
546006.1875,21942.19921875
494919.90625,124693.203125
362637.40625,75117.5
420614.09375,94719.203125
277546.59375,61700.19921875
394334.1875,118725.296875
492087.09375,125125.296875
325585.5,100282.0
551940.125,133828.203125
457921.1875,255028.703125
337748.40625,77541.3984375
505478.1875,65110.69921875
379656.90625,80124.203125
543748.8125,128713.0
587779.8125,55948.1015625
382577.6875,53860.80078125
491092.5,78265.6015625
358891.8125,28364.900390625
301565.1875,27302.5
452762.0,108567.796875
512468.5,121110.5
295931.1875,26127.30078125
506890.09375,100287.3984375
317442.0,89433.1015625
513470.59375,113493.6015625
318676.0,84706.296875
505192.8125,172482.40625
316574.40625,41908.19921875
364798.8125,114175.703125
392248.09375,115491.203125
356760.5,28119.599609375
549884.5,135067.0
479728.3125,86443.1015625
358791.0,26437.900390625
313753.09375,13078.2998046875
556301.3125,74241.5
399097.1875,128166.203125
465413.1875,162709.703125
417881.40625,161791.203125
534213.8125,124250.0
553016.875,115022.5
619732.1875,66911.8984375
355094.09375,65581.6015625
352819.09375,98389.6015625
413913.90625,92870.8984375
342174.5,57695.0
569868.0,87271.203125
397126.5,91287.296875
577957.125,99876.296875
313889.8125,187881.90625
367537.1875,93662.203125
346303.09375,86726.703125
518536.5,119939.3984375
497905.3125,110322.5
546236.1875,36003.19921875
293394.09375,61444.19921875
465148.8125,124672.1015625
256609.203125,39720.80078125
400449.40625,119638.5
362063.0,46771.0
432621.5,125210.6015625
408046.90625,79749.8984375
333773.0,89270.796875
489184.0,117934.0
367960.90625,125941.0
440620.09375,114623.203125
572910.3125,125266.5
350838.1875,54474.8984375
533636.625,76641.703125
526944.8125,91683.1015625
368292.6875,145051.203125
372920.8125,109078.5
335077.1875,42587.80078125
308892.6875,20141.400390625
366379.59375,75252.1015625
571644.0,76638.5
363520.6875,256032.796875
262210.90625,12077.099609375
579389.125,75422.3984375
278311.3125,56189.0
298406.8125,64413.3984375
509064.3125,147942.203125
295280.5,44218.30078125
324052.40625,55204.8984375
518838.5,146297.09375
433521.90625,151875.40625
495958.90625,133394.5
312390.6875,21930.099609375
518165.5,136581.0
570380.3125,25625.400390625
423263.90625,156703.296875
527097.3125,100841.1015625
324423.09375,55009.69921875
466480.8125,166597.5
298157.5,29764.599609375
329245.40625,49082.30078125
322342.1875,37380.0
267187.8125,61967.1015625
347782.3125,41769.80078125
406573.6875,102453.796875
365648.3125,107372.5
426308.8125,130228.203125
460395.40625,134792.703125
329570.6875,65558.0
315954.09375,54428.30078125
338261.90625,124399.8984375
497931.5,174130.09375
325909.3125,71124.3984375
328099.6875,14140.400390625
569658.3125,144667.5
340200.40625,107248.796875
345807.8125,71013.1015625
415004.59375,117987.5
506229.59375,48929.6015625
330203.8125,103519.5
519388.59375,87110.703125
348314.8125,34710.69921875
549286.3125,120929.3984375
465741.3125,106518.0
438366.90625,150231.796875
518516.3125,147139.796875
453208.59375,183762.703125
359395.6875,107914.296875
448613.3125,169366.796875
496609.8125,49147.6015625
340729.5,67198.5
401533.6875,86207.296875
510220.09375,165044.796875
329712.40625,61056.69921875
555097.875,81863.1015625
460032.3125,142276.5
385028.1875,103277.6015625
346045.40625,80888.296875
327693.8125,19605.099609375
486972.09375,107573.1015625
341425.8125,129824.0
290602.6875,30535.099609375
300261.90625,22651.099609375
394706.8125,123797.1015625
426905.40625,135070.796875
405965.8125,125877.3984375
311067.59375,91138.5
333449.59375,33993.6015625
445086.6875,338888.40625
360550.3125,142821.5
311584.6875,16938.599609375
267905.8125,60824.1015625
298576.59375,12374.400390625
397682.8125,144242.796875
375158.1875,97107.296875
438534.09375,225163.0
368958.3125,26490.30078125
567119.6875,137563.796875
316729.6875,17765.19921875
598412.375,66790.703125
493167.59375,108917.1015625
295886.59375,12244.2001953125
411732.8125,167960.203125
327449.3125,24354.5
385227.5,96369.6015625
317147.1875,35201.5
572384.5,129285.1015625
448843.59375,78474.3984375
487262.8125,93291.1015625
306353.6875,18339.400390625
333945.6875,84019.1015625
450479.59375,115956.703125
473607.3125,137124.703125
339140.0,77515.6015625
538994.875,149582.796875
416365.6875,144212.5
431441.3125,109662.296875
438308.59375,167043.703125
548500.375,38077.0
330720.8125,52000.5
449654.1875,108396.1015625
585641.125,50343.69921875
332114.5,74104.6015625
420996.3125,206442.296875
411733.40625,107163.8984375
517291.1875,159574.90625
330169.09375,93354.1015625
319974.40625,14085.7998046875
548342.1875,142286.90625
422245.3125,119367.5
503672.6875,180556.59375
345104.09375,95601.203125
421106.40625,106844.1015625
343754.59375,54036.19921875
339255.90625,129672.296875
305651.0,16928.599609375
306786.6875,27891.80078125
416049.3125,137435.703125
312435.1875,23424.80078125
367940.3125,102240.6015625
498577.1875,191822.59375
332353.40625,20851.099609375
336851.3125,48078.8984375
370203.3125,147430.09375
402900.09375,94418.6015625
318197.6875,103840.3984375
479095.59375,127933.203125
426199.40625,172272.09375
381326.3125,59754.19921875
339307.3125,53380.5
494433.5,196016.59375
324540.3125,40163.5
502795.09375,215986.203125
347955.3125,52508.69921875
421710.6875,130247.203125
352655.0,86195.6015625
334322.0,33873.5
401040.59375,142466.296875
584098.625,56382.8984375
446762.3125,32534.599609375
324547.09375,15941.599609375
374283.8125,14942.7001953125
322289.5,57082.6015625
436453.6875,251659.0
364847.8125,176132.5
424207.09375,130221.0
546617.8125,147240.203125
332338.09375,41392.19921875
414861.8125,137680.703125
525409.3125,123881.5
341187.8125,25319.80078125
390209.1875,162485.203125
437679.40625,188746.703125
360016.6875,112522.203125
248270.90625,25823.30078125
310608.8125,15393.599609375
343101.8125,113791.203125
307477.59375,62354.69921875
341014.8125,68834.0
515301.8125,165707.59375
598357.6875,35754.30078125
391171.8125,82442.6015625
530463.3125,157585.40625
379287.59375,142454.0
312529.8125,48197.3984375
446713.8125,229032.203125
452892.1875,77874.0
377361.3125,154845.296875
522441.8125,116926.8984375
495980.09375,74375.703125
285374.40625,31535.099609375
431418.5,104658.296875
403916.40625,236200.40625
349374.59375,142276.59375
311363.1875,20478.099609375
352456.0,74523.8984375
472340.8125,234634.40625
383068.6875,140211.203125
464317.59375,87554.0
452140.09375,200946.703125
381410.3125,132701.703125
559485.3125,84296.5
450852.59375,39203.8984375
274382.6875,32170.80078125
506308.8125,121098.6015625
437455.90625,92794.1015625
540826.5,54291.3984375
254081.59375,70533.1015625
511353.8125,132923.40625
277740.90625,28830.099609375
284027.09375,45813.30078125
523224.59375,132405.0
532113.875,71302.6015625
444316.90625,87552.3984375
248935.203125,27432.599609375
375496.0,79971.296875
541215.625,149397.703125
573246.375,82215.8984375
288038.3125,35093.19921875
498912.09375,197387.0
591209.3125,40779.19921875
480049.3125,208774.5
314124.40625,13428.7998046875
410827.6875,94160.796875
502585.90625,34950.1015625
570633.5,102350.6015625
579502.875,26930.099609375
316163.6875,19901.599609375
361902.1875,108635.8984375
292112.0,22064.400390625
312588.40625,13361.599609375
433003.8125,320162.90625
431516.40625,142900.703125
501426.3125,138414.796875
476863.5,122252.296875
528032.125,123078.5
352079.0,26721.30078125
529173.3125,149997.5
370888.8125,84804.703125
351453.59375,52102.0
385545.3125,119397.703125
527803.375,144607.703125
478531.90625,144811.40625
553558.875,92383.8984375
448497.59375,144345.59375
403373.40625,113909.6015625
376818.59375,88410.296875
331582.40625,63603.8984375
343780.0,70296.796875
268441.3125,69154.5
512286.09375,136129.5
535266.1875,103531.703125
308710.09375,47234.3984375
333199.59375,123175.8984375
362005.40625,74045.1015625
336957.5,72957.296875
325149.6875,84941.1015625
430238.6875,306182.40625
364158.1875,91817.703125
411742.5,115356.796875
396823.90625,132912.90625
525102.375,89893.3984375
431791.3125,275549.1875
374519.3125,98049.5
483924.5,142528.796875
313835.90625,57981.19921875
479233.90625,167395.40625
268340.3125,36417.30078125
538130.1875,164956.703125
522177.09375,168411.796875
448753.90625,138183.40625
334986.59375,74801.0
532099.0,154718.796875
560601.625,104150.703125
537275.125,55856.5
291740.3125,42181.5
529752.0,103811.6015625
538248.875,86587.6015625
408103.5,110257.6015625
474791.90625,93546.6015625
414316.90625,112644.1015625
467258.5,199624.296875
290261.90625,50574.8984375
319492.0,46658.3984375
376363.90625,114273.6015625
399378.8125,21982.900390625
328525.5,42168.30078125
420547.59375,136643.296875
502162.90625,113977.8984375
352873.59375,74944.0
574712.875,96114.3984375
411985.0,138039.40625
367994.1875,92769.203125
514023.5,114124.296875
306544.59375,59241.5
492861.59375,82929.703125
385002.5,211216.59375
322120.6875,71450.203125
322535.90625,17988.900390625
449150.59375,126957.3984375
492648.40625,181430.59375
305790.40625,20482.099609375
328951.90625,48541.1015625
441658.5,91357.296875
404902.40625,144846.90625
488987.09375,126064.6015625
308050.3125,86694.3984375
407333.90625,113294.6015625
489429.5,127320.1015625
335962.90625,84660.1015625
488396.90625,50408.69921875
506077.40625,159335.40625
357129.5,112511.296875
529434.125,137831.5
546167.8125,114903.0
320511.8125,50074.69921875
346959.59375,63423.5
424628.1875,172937.203125
518054.6875,93205.703125
524530.8125,47204.6015625
542025.375,105274.8984375
345631.0,110213.3984375
314832.1875,30043.099609375
399081.40625,99423.8984375
327635.3125,62273.1015625
391819.3125,102705.6015625
479451.59375,66427.703125
346002.3125,22512.900390625
506630.90625,169047.703125
326188.8125,35304.5
445765.6875,142811.703125
402292.09375,62100.30078125
328119.0,44358.69921875
302075.6875,12544.099609375
593803.3125,96462.0
334131.5,42504.69921875
338293.1875,46720.5
271615.40625,13962.400390625
336206.09375,71638.8984375
431630.5,123583.0
340248.6875,56105.1015625
325400.09375,51706.30078125
355751.8125,68255.1015625
318302.5,33525.0
477795.1875,191360.09375
313541.59375,35644.19921875
275346.1875,74115.1015625
436644.40625,124350.703125
333498.1875,125582.703125
339095.59375,78256.296875
333385.5,90463.203125
337928.3125,68491.5
293118.6875,85200.703125
487198.59375,178703.203125
583836.875,33586.69921875
552597.875,24343.400390625
475895.5,149160.59375
399546.1875,188170.796875
504821.5,119179.1015625
345312.40625,96584.6015625
365656.0,109381.796875
326974.40625,33973.6015625
499844.1875,137349.0
398808.59375,71596.1015625
302866.0,77076.5
496504.8125,136556.703125
573204.625,24360.30078125
557111.125,191442.703125
574797.1875,41038.1015625
504352.8125,153020.90625
357147.59375,121692.0
350188.0,118385.203125
320985.8125,17563.19921875
370130.1875,117876.6015625
318940.90625,84995.8984375
431062.6875,36280.1015625
330509.40625,69533.8984375
308023.5,18176.19921875
448094.6875,259089.296875
407206.8125,82328.5
356323.1875,59888.19921875
451404.1875,173824.0
323949.09375,14761.2998046875
371208.0,175602.203125
423640.3125,162126.5
516365.3125,121781.703125
492152.1875,159276.0
386880.1875,112602.703125
478154.3125,160272.90625
311865.90625,21366.400390625
523221.90625,109540.0
551476.125,87571.6015625
406504.0,93353.6015625
345570.6875,78671.796875
493217.0,215771.09375
485839.1875,174510.203125
383127.40625,106069.8984375
444875.0,125051.296875
270425.09375,34251.1015625
376013.3125,163448.703125
444909.09375,160106.90625
544910.8125,134338.09375
404294.5,107411.8984375
562807.3125,62474.3984375
361780.8125,95950.203125
478040.40625,127762.3984375
415532.3125,137285.90625
306405.8125,16801.400390625
304516.90625,85243.3984375
346345.40625,122250.203125
588120.5,33531.6015625
518508.0,273159.1875
319284.3125,111682.5
314747.0,56281.69921875
304069.3125,30677.900390625
355500.90625,71832.0
384732.40625,128693.6015625
405377.1875,108082.0
415402.6875,104928.203125
566374.8125,50956.1015625
316523.0,75955.3984375
440608.8125,158383.90625
444121.40625,245508.40625
256752.203125,11190.099609375
507592.0,72807.703125
486827.0,130241.3984375
345099.3125,88741.203125
415682.3125,174840.90625
540119.375,65694.3984375
294776.6875,19187.30078125
314381.09375,70095.796875
487486.09375,140966.703125
447949.6875,102719.6015625
483785.5,102746.203125
407128.6875,131715.796875
556256.1875,121950.5
262755.09375,89767.296875
564693.0,70156.6015625
336910.0,16437.69921875
301240.5,92390.203125
335283.1875,45882.0
288200.40625,61737.0
422598.59375,164556.59375
507140.1875,34958.30078125
438364.0,265777.09375
453116.90625,216550.59375
592020.3125,25702.599609375
492257.8125,187713.90625
568129.125,26179.900390625
379186.8125,129162.1015625
470552.5,127833.0
507815.6875,173037.59375
515048.8125,187865.90625
324051.3125,20218.599609375
478580.59375,290875.1875
331483.3125,76795.3984375
556150.375,85365.203125
395309.8125,123785.5
359247.1875,154762.5
256501.0,87441.703125
244991.0,59745.19921875
382601.3125,71977.203125
287047.0,15907.2001953125
529290.6875,65803.0
419033.1875,135704.203125
441656.09375,181889.203125
273321.3125,72497.8984375
535689.5,103433.6015625
341532.5,46076.80078125
433754.59375,129733.6015625
582879.875,27427.599609375
445046.1875,83683.703125
569752.875,130762.3984375
575557.1875,53124.3984375
407835.59375,141420.59375
500900.1875,21764.30078125
488823.6875,152604.90625
411167.40625,97731.703125
500998.09375,129705.3984375
447749.5,167677.0
477681.5,88469.5
329049.5,45338.8984375
471184.3125,148549.703125
449388.3125,75482.3984375
440729.90625,98066.8984375
530460.6875,155265.296875
311136.3125,14672.099609375
520489.59375,25429.30078125
496443.59375,112899.703125
487680.59375,188975.203125
379504.5,144716.703125
350469.0,71824.703125
362288.5,140184.203125
482465.59375,195279.203125
447544.40625,190474.703125
472607.40625,158716.90625
428663.59375,149246.09375
425421.8125,181319.203125
249999.703125,40369.8984375
387983.8125,94227.796875
365746.59375,128276.1015625
319115.3125,29945.80078125
451184.6875,100231.8984375
557300.125,62240.0
571894.3125,31389.80078125
348576.8125,70100.203125
356958.8125,83169.1015625
286246.09375,57812.5
579320.0,26058.0
366996.8125,111463.0
265592.40625,38145.1015625
462475.3125,174243.296875
337955.5,127324.5
392724.3125,116962.3984375
510684.0,156295.0
485856.3125,166925.296875
393896.6875,82112.796875
348737.0,52006.19921875
584041.5,63575.69921875
473282.6875,23650.400390625
354336.59375,71596.0
407275.8125,161130.796875
465987.8125,124354.203125
366190.1875,77516.3984375
511140.8125,27441.30078125
556443.125,180492.59375
326712.8125,59456.5
377780.8125,120560.5
354526.5,65263.6015625
404006.5,31850.0
276554.40625,43445.1015625
379005.3125,169889.40625
274797.6875,55538.3984375
293185.90625,28967.099609375
541102.8125,32247.400390625
392748.90625,88539.1015625
393410.90625,96929.296875
420928.59375,174295.0
563966.5,124277.703125
323240.3125,24919.69921875
578444.8125,32488.80078125
348718.09375,71887.1015625
333551.8125,47615.30078125
547354.6875,95843.6015625
448323.0,61719.19921875
293454.3125,20174.80078125
345342.8125,82881.203125
368760.6875,89399.1015625
311863.8125,45575.6015625
379551.0,98313.5
443740.40625,143579.59375
353404.3125,134890.796875
313194.90625,62983.1015625
554249.3125,105333.8984375
524074.0,86722.5
578669.3125,31496.80078125
319777.09375,51915.5
291178.40625,74060.296875
564364.3125,130375.203125
443822.90625,89250.1015625
417215.8125,134275.40625
296574.09375,13986.900390625
358240.8125,80246.1015625
451434.3125,82342.296875
567617.3125,36273.30078125
321151.6875,76043.8984375
343422.5,72939.203125
528008.0,205584.90625
350626.3125,78643.796875
474354.6875,54316.1015625
506624.09375,87359.5
309302.8125,51270.0
356989.3125,85915.796875
496468.59375,171649.203125
428352.5,133026.0
327349.40625,20564.099609375
273397.8125,32753.69921875
502692.6875,85583.8984375
301970.09375,52054.6015625
576536.8125,143213.0
536783.3125,212588.90625
444244.5,133000.5
295378.3125,18002.30078125
366624.3125,284275.8125
429740.6875,138413.09375
379260.3125,93730.6015625
415546.6875,163622.90625
340319.59375,19462.099609375
387143.1875,145134.90625
516056.8125,65049.0
478491.90625,37903.19921875
469661.5,151633.5
262603.8125,11892.2001953125
399467.1875,78988.8984375
326273.1875,22304.5
369394.3125,60205.5
442624.09375,137299.09375
564239.3125,154970.0
362873.1875,105641.1015625
329985.90625,28436.900390625
506801.5,45906.1015625
334571.40625,61137.80078125
409793.90625,141591.09375
421290.5,120585.1015625
502217.40625,29918.69921875
482517.1875,118462.203125
271662.3125,110396.3984375
469953.59375,141250.09375
441905.5,182446.703125
500393.3125,170909.296875
376088.3125,101370.296875
332369.3125,55070.30078125
454569.5,141291.40625
389335.3125,90331.703125
569074.5,55475.6015625
520726.3125,89844.0
292218.90625,31719.19921875
355447.3125,83540.8984375
530155.6875,115141.0
294547.40625,63329.1015625
486332.6875,115218.1015625
297722.5,27628.5
355218.40625,145353.09375
437843.3125,145547.296875
301476.90625,30844.900390625
433456.8125,130529.203125
552398.875,208940.59375
539550.8125,69903.703125
376708.3125,71630.6015625
341552.3125,84897.3984375
546005.6875,269027.0
511400.6875,134441.296875
411643.90625,146555.0
239544.59375,60374.19921875
471459.0,167188.203125
468339.5,178486.40625
541097.8125,91570.703125
346913.1875,57764.8984375
316487.09375,13836.599609375
495043.3125,74992.296875
536171.0,115670.703125
394613.0,104952.3984375
472783.59375,108252.0
247815.796875,101708.703125
469041.1875,66270.6015625
416949.5,76997.0
532434.3125,113707.5
480535.6875,178668.0
301338.3125,56955.0
540080.875,76574.1015625
583556.125,46148.1015625
379309.40625,226805.59375
316619.1875,92432.796875
367016.0,82603.1015625
502191.1875,115812.703125
504113.0,178592.0
362524.8125,65724.6015625
299012.8125,30835.599609375
371174.40625,116792.1015625
489409.1875,130879.703125
584751.0,42501.0
467760.40625,157545.90625
340032.5,96625.3984375
346331.0,19716.900390625
343332.59375,80433.703125
516770.1875,138157.703125
411507.5,206112.203125
308893.8125,24344.0
322068.0,63365.0
291550.3125,13393.0
364548.90625,113789.296875
446731.09375,124944.296875
499799.40625,166624.40625
338825.8125,76853.796875
388120.1875,82679.0
409743.40625,151093.59375
259168.59375,11589.5
358688.8125,56234.8984375
471105.0,183662.796875
340104.09375,66044.296875
249945.09375,27111.19921875
547670.0,50420.8984375
328446.3125,42656.3984375
348026.0,99665.8984375
487622.90625,48297.1015625
340612.8125,71337.703125
411475.59375,127324.703125
434013.8125,151336.5
354505.5,57100.19921875
531615.1875,141441.0
341152.40625,26105.099609375
381755.6875,96256.203125
281052.3125,55683.0
508393.1875,140937.703125
353972.59375,88065.0
302879.5,74035.3984375
333194.8125,23793.19921875
456908.59375,188029.796875
282132.40625,26375.30078125
316689.40625,32695.599609375
357439.3125,97187.0
399363.8125,16366.5
363710.09375,80902.703125
543550.375,80431.3984375
525554.8125,164720.0
543521.5,23870.0
448147.3125,172493.5
407669.8125,149458.09375
320878.5,21039.400390625
534198.3125,82075.3984375
561049.5,89784.296875
320594.59375,60428.69921875
348086.90625,16869.599609375
302060.0,41194.5
541743.3125,109923.1015625
415934.8125,153130.0
464266.3125,132687.90625
349083.40625,59562.3984375
554976.1875,59896.5
356866.8125,114513.3984375
483216.3125,148155.59375
377361.8125,143994.0
499515.0,244382.796875
335038.3125,15970.900390625
421645.1875,159818.5
389038.6875,121798.203125
411503.09375,298953.0
337980.8125,59667.6015625
595393.1875,53747.19921875
307027.09375,13508.5
494117.0,233119.90625
316604.8125,15723.900390625
378402.5,61673.5
292708.59375,12015.0
298940.3125,46173.1015625
430089.3125,65703.703125
497548.59375,233920.796875
339527.09375,46526.69921875
404782.8125,148226.203125
445101.0,210500.5
335541.90625,70190.8984375
450717.09375,135773.59375
406609.40625,126981.1015625
301834.09375,66773.8984375
548124.6875,131685.09375
345634.3125,78724.203125
522532.0,115262.1015625
528663.8125,79702.703125
313033.5,58215.69921875
528820.6875,133286.5
365324.1875,64302.1015625
467083.3125,192763.703125
511418.09375,175626.40625
324821.5,52968.69921875
295549.3125,24034.900390625
276249.40625,21178.19921875
326475.90625,49585.3984375
526787.625,115093.703125
344282.09375,49776.6015625
541312.6875,108549.1015625
340596.6875,67826.796875
355584.3125,34835.6015625
400659.5,195746.59375
338999.3125,129498.203125
403897.59375,179787.40625
329207.6875,25299.80078125
399907.8125,106766.796875
367789.3125,80427.203125
561545.8125,40689.5
394013.8125,171941.703125
400429.6875,125324.0
528289.1875,98099.1015625
379855.6875,138841.90625
524098.3125,87306.203125
295711.09375,61444.69921875
450571.3125,187179.796875
287045.6875,89571.6015625
322962.6875,35409.30078125
309005.8125,158775.703125
396952.0,141800.703125
398534.8125,222489.296875
323138.8125,49826.1015625
312678.8125,23266.19921875
559369.3125,52991.69921875
261255.296875,80077.5
539351.3125,31567.69921875
410115.5,52428.19921875
470389.90625,184647.5
521187.6875,39103.0
371779.1875,90266.796875
335466.6875,64632.6015625
319062.90625,22312.400390625
332762.40625,65291.80078125
332212.8125,138116.296875
284468.3125,212569.703125
390040.8125,139773.296875
341252.40625,21780.0
384430.1875,72884.0
267780.6875,13327.7998046875
459728.8125,107086.3984375
507133.1875,138356.40625
490336.1875,143435.5
344012.1875,67845.6015625
416171.3125,138143.203125
513931.59375,254716.203125
410386.3125,170598.296875
490336.40625,112195.1015625
501282.09375,176016.40625
372747.8125,155658.703125
375755.8125,106921.796875
506572.3125,144749.703125
255969.296875,41272.69921875
379894.6875,111891.1015625
401977.90625,103210.3984375
321111.59375,77905.6015625
360523.09375,57683.8984375
560687.8125,121924.203125
420429.8125,145825.296875
521808.3125,118483.6015625
545874.3125,89852.203125
456544.5,177524.09375
474809.90625,137116.0
564719.3125,51869.8984375
326933.0,65070.1015625
468732.0,117080.203125
523937.0,149984.796875
406972.8125,88019.8984375
464636.09375,98734.796875
438929.8125,126527.703125
474279.8125,124592.203125
252279.90625,16177.400390625
433133.3125,98587.796875
339108.1875,65556.703125
307781.90625,76475.796875
312486.09375,33443.1015625
515271.09375,71658.3984375
562589.3125,47004.80078125
542387.1875,25184.19921875
308960.90625,22780.0
464345.5,100644.703125
333933.1875,76340.796875
427569.1875,85064.8984375
359425.3125,83106.8984375
325400.8125,58526.8984375
485907.90625,97532.8984375
359949.3125,106883.203125
374705.3125,113298.703125
364593.09375,63302.69921875
310032.40625,13006.7998046875
384306.3125,161391.796875
464798.90625,384930.59375
344941.09375,92237.8984375
505861.8125,157810.296875
543299.3125,69799.203125
513489.3125,74944.203125
308980.90625,113814.703125
534078.125,104499.6015625
508197.90625,313128.59375
448351.6875,18048.599609375
322334.1875,53897.30078125
544537.3125,114115.296875
531752.375,97417.0
324109.1875,52554.0
304244.0,47118.8984375
555930.8125,122367.203125
452892.1875,21300.400390625
533598.3125,96824.5
355882.1875,100096.296875
370515.5,64845.19921875
334546.3125,91815.8984375
378581.5,74880.0
561108.375,55027.19921875
321072.1875,23500.30078125
333171.0,88727.703125
254301.296875,15568.2998046875
262797.6875,62130.19921875
342874.40625,53164.19921875
573066.1875,82239.6015625
489245.40625,116817.3984375
279753.90625,14679.599609375
299248.8125,128871.796875
570473.6875,109493.296875
316726.5,30538.69921875
356288.8125,111697.796875
349850.3125,82374.203125
278563.5,30509.19921875
516735.0,75399.8984375
254411.203125,67835.6015625
323760.6875,58753.30078125
343752.1875,164573.0
542139.0,24543.599609375
320801.1875,25764.80078125
368319.59375,93602.703125
560225.0,178477.296875
395358.8125,157804.90625
521703.6875,162575.09375
334873.0,55067.19921875
343642.6875,70947.203125
416700.0,210592.09375
416900.1875,147847.40625
395685.8125,135147.203125
359937.59375,70746.703125
534086.0,41361.30078125
260276.5,14455.2998046875
504297.8125,170641.0
474052.3125,118310.703125
482201.09375,114199.0
524585.875,113427.8984375
315672.8125,19017.30078125
462258.1875,92763.6015625
335439.6875,101049.6015625
436192.5,317905.5
326061.1875,75798.1015625
454342.59375,157566.796875
362916.5,79329.796875
442210.09375,97701.0
259047.703125,46744.5
575805.875,92776.3984375
355990.6875,95119.5
311100.0,19819.099609375
316444.3125,14968.900390625
501315.5,145733.09375
484314.6875,160805.0
340378.5,88435.1015625
348963.90625,116026.6015625
564181.6875,73020.1015625
297003.09375,40026.30078125
347047.90625,52384.6015625
315352.5,102425.296875
418641.6875,137708.59375
509972.09375,92692.296875
430453.6875,98880.5
310160.6875,18141.599609375
550493.125,193638.203125
308850.0,56597.80078125
581572.375,117822.8984375
548246.0,39363.19921875
271236.6875,21700.5
433622.0,104648.3984375
528858.125,79907.5
405146.5,126979.296875
262299.1875,51088.30078125
302271.5,93656.1015625
412957.59375,111763.796875
312537.40625,29248.80078125
528920.3125,102870.796875
310117.8125,12765.099609375
340035.1875,85146.796875
333300.09375,67856.296875
461754.5,102908.1015625
509497.1875,86683.0
510491.6875,108635.1015625
347054.59375,52206.30078125
302303.09375,124586.296875
512034.1875,125434.1015625
319548.09375,60762.0
586658.1875,68026.5
479438.3125,166875.203125
500760.09375,66343.296875
424884.40625,70507.1015625
452034.5,113768.296875
417060.59375,257659.0
409942.6875,128894.296875
492920.5,134806.203125
552876.6875,37246.5
325104.6875,85933.1015625
391181.59375,98574.703125
378781.0,87970.796875
354740.5,75792.203125
378351.1875,111046.1015625
457359.5,111148.8984375
315002.0,21801.80078125
269407.6875,27349.5
394082.09375,17916.30078125
572370.875,65288.80078125
585066.375,89137.1015625
543946.8125,124000.6015625
513182.8125,56422.1015625
373279.59375,155367.59375
360710.8125,105329.8984375
492934.09375,148006.296875
557287.5,54635.3984375
558206.375,137855.59375
429358.5,115347.5
348516.8125,69879.203125
538324.375,128242.6015625
438409.3125,117674.6015625
575304.1875,70784.1015625
403498.1875,159792.59375
323841.6875,52052.1015625
461707.6875,186283.09375
565362.125,75095.3984375
392906.40625,118313.203125
524585.1875,83947.5
412632.6875,121938.6015625
377744.0,211585.09375
324768.40625,55005.30078125
448077.6875,181722.203125
428075.3125,110474.703125
480042.09375,150597.296875
517067.90625,165097.09375
479614.8125,122862.1015625
404381.5,20497.30078125
398441.6875,118517.1015625
534032.5,84983.796875
572927.1875,153179.0
329279.5,59920.69921875
519810.6875,137838.59375
359206.40625,66769.3984375
635364.5,98700.203125
544737.6875,200384.5
439781.0,112565.8984375
314060.6875,41444.69921875
392772.59375,236313.5
380516.6875,226416.296875
430568.0,121439.203125
328943.6875,45097.0
496014.09375,127194.796875
495655.40625,64496.6015625
339364.40625,89248.1015625
546129.3125,22227.099609375
492387.59375,232538.09375
588707.8125,36771.3984375
420798.09375,139920.796875
578864.3125,96244.703125
389442.40625,77346.1015625
423878.3125,114389.1015625
296431.59375,83145.796875
534038.6875,54441.1015625
293657.5,22970.19921875
375179.6875,110454.6015625
353025.6875,71708.5
528787.5,92574.5
499511.40625,118703.6015625
408244.8125,149013.09375
338404.6875,53845.1015625
405599.5,106243.296875
443205.6875,119219.6015625
338902.90625,130315.703125
384145.5,144398.59375
454707.5,144793.40625
401228.3125,165718.90625
559745.1875,39347.69921875
451962.1875,121570.296875
311382.1875,17553.5
402902.09375,128285.296875
436682.90625,132075.296875
295710.8125,31409.30078125
402748.0,132523.59375
463894.59375,139675.90625
455574.3125,128747.1015625
364306.6875,135580.796875
315318.5,16549.599609375
443192.3125,210942.40625
293561.09375,30667.30078125
517006.09375,117858.796875
317669.90625,26902.599609375
377581.09375,79186.796875
301365.0,31657.30078125
332031.6875,68549.6015625
338133.90625,70420.6015625
504885.3125,139806.09375
301621.09375,29984.30078125
361484.5,76402.296875
274552.5,70875.203125
395978.09375,94977.703125
554705.5,93912.796875
310420.09375,66822.8984375
478688.5,167720.09375
384868.6875,210863.703125
310444.6875,16407.19921875
501127.3125,87591.296875
397032.6875,116197.796875
266309.6875,92527.796875
296563.59375,60457.30078125
331044.90625,61381.6015625
451956.0,99624.1015625
285807.5,69844.5
370503.8125,117206.203125
468633.09375,18718.30078125
494171.0,42585.80078125
274859.3125,37854.69921875
342321.1875,83771.1015625
350201.3125,145314.796875
355870.09375,81151.6015625
522521.40625,130147.0
414266.0,123668.203125
491598.5,110861.796875
353254.3125,114760.703125
366559.5,152977.5
480033.5,152409.0
424927.40625,93028.1015625
490329.90625,142351.40625
481748.6875,106636.6015625
550267.875,98789.5
363868.1875,118164.3984375
486469.90625,179719.59375
339155.40625,13594.5
503031.5,85129.703125
379463.59375,60638.6015625
457567.90625,56438.5
337346.1875,40906.6015625
353339.6875,87078.796875
432770.0,145493.703125
361302.59375,45856.19921875
347656.59375,67387.6015625
331581.8125,21675.5
394666.0,134263.59375
489793.90625,128306.6015625
327438.5,50224.19921875
350992.6875,60840.8984375
569956.0,74948.6015625
310656.40625,20529.5
448868.6875,126460.5
538471.8125,62789.5
398098.5,120457.1015625
413189.90625,119418.3984375
533712.625,132854.90625
386883.1875,30051.30078125
502903.5,88775.796875
316773.09375,19498.599609375
322543.59375,29724.400390625
346364.8125,71119.0
282114.40625,80164.6015625
467626.5,79111.203125
359621.0,111916.0
369322.3125,238926.703125
332094.0,44262.0
316666.1875,56449.1015625
444322.40625,97730.0
440553.0,96016.296875
373116.59375,59420.6015625
582473.1875,89846.8984375
482231.5,189104.5
386106.40625,137483.59375
554234.1875,64490.6015625
504353.59375,155685.90625
347327.40625,74642.5
434785.1875,196828.296875
286552.09375,73138.203125
457977.09375,64384.3984375
391204.90625,123744.5
470470.1875,46883.3984375
371065.5,109850.296875
297909.0,110579.5
576743.875,26026.5
478672.6875,118900.1015625
299302.1875,47593.5
400836.1875,188006.09375
400115.3125,134711.0
321165.5,29891.099609375
327576.40625,46459.8984375
311629.09375,45821.8984375
461371.0,103091.0
431911.0,121905.0
324429.5,61849.30078125
533030.625,184807.09375
524707.125,72940.6015625
543009.6875,62290.6015625
296944.3125,18522.0
360702.0,97857.703125
499564.0,157786.296875
334181.5,34816.5
302629.1875,104993.1015625
540869.625,46621.1015625
479739.40625,192617.0
523453.09375,119543.8984375
354987.6875,74752.8984375
602712.5,64596.80078125
468550.5,138494.5
382253.5,57265.5
500574.90625,155265.09375
297268.3125,23812.599609375
331974.90625,38863.5
500799.1875,137097.59375
589602.875,74394.5
553914.1875,120632.1015625
485019.8125,19709.5
519122.0,104065.703125
306756.40625,12792.900390625
324647.09375,49549.3984375
536748.5,99903.703125
339715.6875,196251.90625
324663.5,45136.80078125
372823.6875,195630.796875
372023.6875,107689.1015625
312592.59375,57451.1015625
333482.5,70540.703125
355840.5,87216.0
480402.40625,169683.09375
280488.59375,66640.3984375
349962.3125,55480.6015625
374859.59375,84660.203125
273219.0,14309.2998046875
548637.125,102997.3984375
289326.1875,33734.1015625
358644.3125,77214.0
386717.5,74270.203125
395197.3125,161111.59375
363887.0,87443.5
351565.0,122026.5
409687.5,132387.59375
514125.90625,109725.6015625
446299.59375,122102.3984375
323233.0,95464.296875
330828.3125,15645.099609375
434656.3125,153426.40625
340020.5,65719.6015625
559856.0,48470.1015625
479130.0,114929.203125
482298.3125,116967.6015625
310832.3125,13929.2998046875
301258.6875,125266.796875
390401.3125,32398.400390625
490628.5,176505.59375
358491.5,127402.8984375
545779.1875,130936.0
560158.625,67906.203125
501917.8125,198873.796875
443791.1875,112765.296875
373785.3125,93493.3984375
356869.6875,167660.203125
342847.5,31784.19921875
337506.5,72570.6015625
511235.5,30129.599609375
469114.09375,170547.59375
420100.0,100834.3984375
337974.59375,123320.203125
475615.1875,147095.203125
330308.59375,68388.1015625
561256.3125,87464.8984375
485966.5,217395.703125
501612.90625,113990.203125
540789.3125,114079.1015625
460771.8125,141619.796875
255025.796875,151939.40625
580028.0,69280.703125
357612.5,15276.7001953125
442925.59375,148954.203125
265652.3125,30073.69921875
478188.59375,148444.90625
540367.6875,106137.5
421112.8125,113829.0
459803.1875,407681.3125
502577.8125,56520.6015625
514110.1875,78274.0
535672.3125,93431.796875
378746.6875,117092.8984375
322118.1875,16342.7998046875
302952.59375,51062.8984375
324253.8125,43130.30078125
531749.3125,119636.796875
367736.6875,65139.0
297230.0,14823.7001953125
369194.40625,101248.5
471067.1875,168949.59375
342654.0,140619.5
476763.1875,160545.5
483751.59375,156668.203125
526462.8125,94882.0
535571.3125,113791.3984375
322975.8125,80289.1015625
424037.1875,105044.5
462816.3125,138680.0
363039.1875,84545.796875
581551.3125,108065.796875
545801.3125,110411.3984375
475514.0,163176.5
502581.0,45409.1015625
441330.40625,103972.703125
443334.09375,144067.09375
364566.6875,81154.6015625
356745.3125,120065.796875
481954.6875,124253.296875
527268.6875,64764.19921875
272202.5,32729.19921875
528207.3125,122801.6015625
469403.0,93317.5
276940.3125,49416.5
415493.6875,153104.40625
319638.0,16511.599609375
379760.6875,43357.80078125
390665.8125,192733.90625
575968.0,79442.0
469936.5,105189.1015625
561393.125,40736.1015625
464574.6875,118822.6015625
468882.6875,160923.40625
368981.5,106876.1015625
424516.6875,160434.296875
409501.40625,110631.5
268328.5,78552.6015625
550924.125,61435.1015625
452078.5,93859.3984375
531750.625,246005.40625
336095.40625,29007.19921875
407011.8125,138663.0
459685.6875,126162.3984375
318768.1875,29416.19921875
307862.3125,39133.80078125
342281.0,152561.09375
626439.375,91733.703125
468432.5,145086.90625
390531.1875,111023.5
551742.1875,93672.296875
529710.6875,71271.796875
492722.40625,105187.0
559455.5,30208.599609375
444185.0,161873.40625
314488.0,35218.69921875
324279.59375,67679.203125
545432.3125,88858.203125
565321.125,103420.6015625
578432.625,89704.8984375
467391.8125,88291.703125
281953.0,93002.1015625
543172.875,43644.3984375
539585.1875,97679.3984375
337319.0,49708.8984375
385253.3125,262321.09375
426733.59375,164322.703125
312683.1875,13595.900390625
328924.6875,71334.296875
346851.8125,88764.8984375
335817.0,29562.69921875
489568.90625,97362.203125
567128.1875,74240.296875
392026.0,107258.8984375
467358.09375,132167.703125
408838.0,114495.703125
276735.09375,60289.8984375
476236.6875,152944.5
485207.5,242385.09375
291553.09375,18327.19921875
391928.09375,121010.3984375
414482.40625,133540.09375
315876.0,13335.900390625
521367.6875,119532.3984375
394999.40625,92204.296875
327945.59375,79743.3984375
565168.125,82002.5
492726.59375,157907.90625
324518.3125,50690.5
593747.0,34069.30078125
309592.3125,22373.099609375
423105.8125,126537.1015625
563021.6875,31005.099609375
308716.8125,58898.6015625
335550.0,29869.099609375
566570.1875,103930.703125
389735.3125,88924.3984375
258683.0,104234.6015625
384531.3125,200993.296875
396587.3125,108255.1015625
432717.0,132076.703125
385085.40625,129090.703125
501908.59375,97887.6015625
405696.59375,82764.203125
339115.8125,86057.3984375
434463.3125,135366.59375
469200.1875,120120.1015625
320656.6875,82970.5
382945.5,128315.1015625
441538.59375,163136.40625
551102.0,79476.796875
480380.0,104702.703125
560844.625,33139.6015625
382024.0,97473.6015625
362314.6875,123481.5
477153.5,127386.5
561954.375,49629.19921875
338385.40625,111848.796875
437395.09375,284542.0
397969.59375,106731.3984375
573277.8125,69848.296875
431697.1875,144614.59375
522914.09375,136461.203125
310714.59375,148396.90625
314823.1875,128654.5
515830.5,68091.6015625
342004.5,60302.19921875
381186.0,117457.796875
477299.40625,171517.296875
322333.40625,121095.6015625
332942.5,82307.703125
547793.3125,141830.09375
526555.5,144238.5
366407.5,66912.6015625
396728.59375,132263.5
352439.40625,95702.203125
329567.0,120290.203125
294783.1875,53219.80078125
422128.5,145545.296875
535481.375,106921.296875
263131.59375,28757.599609375
499660.59375,174852.203125
319680.1875,75065.1015625
567343.125,58788.3984375
459619.6875,151434.5
322667.0,28199.099609375
285863.0,56350.1015625
433613.40625,133032.203125
526312.625,143899.59375
404556.09375,151386.203125
521742.0,180397.703125
251955.203125,55975.80078125
410306.40625,110964.6015625
254130.703125,33125.0
319143.5,42479.0
331924.1875,18831.80078125
417085.90625,139505.796875
525152.625,39070.5
510654.40625,91114.1015625
343491.59375,67978.703125
249701.5,18915.30078125
448070.40625,75654.796875
298637.0,17980.5
295880.0,60761.69921875
339755.90625,62801.6015625
382227.59375,145173.203125
452678.6875,195833.59375
369184.1875,84515.5
396262.5,22570.5
355667.1875,50287.30078125
436109.40625,99296.296875
337860.09375,88889.0
324598.59375,44969.8984375
280721.8125,61471.1015625
327970.40625,147576.796875
448564.90625,90097.1015625
468839.0,122871.203125
352675.09375,167763.09375
439655.09375,80198.703125
426492.6875,165357.59375
336405.1875,127380.1015625
341999.0,123779.6015625
300652.3125,81418.1015625
461552.0,67366.703125
477281.90625,162940.703125
507958.0,124963.796875
271915.90625,29472.80078125
535185.5,199226.203125
502880.59375,317757.09375
403520.8125,154599.40625
313078.1875,40884.1015625
444097.1875,114655.6015625
329464.5,36953.1015625
338425.09375,47952.5
287405.90625,55286.6015625
507258.5,118642.8984375
461284.6875,150587.09375
453524.90625,276929.1875
258505.703125,64225.80078125
400504.59375,113893.0
445906.0,159946.703125
563278.5,101912.203125
546270.3125,173710.40625
387536.8125,111385.1015625
365723.6875,127958.6015625
288257.1875,16310.099609375
547562.0,56285.0
447569.59375,162988.203125
342773.3125,68173.6015625
426302.5,69248.703125
317413.40625,24899.599609375
526708.5,29361.400390625
545777.1875,167967.40625
313271.40625,14957.7998046875
378587.0,92024.296875
362327.59375,75416.1015625
342946.59375,68359.203125
502855.3125,113727.8984375
434096.1875,113130.6015625
521394.59375,108989.8984375
533410.6875,178695.59375
350601.5,60224.69921875
326921.09375,33946.0
328235.59375,88538.203125
306743.6875,58881.3984375
386242.5,91022.1015625
369130.09375,94489.6015625
582708.6875,83233.3984375
310224.5,21725.80078125
498629.8125,209363.40625
412273.40625,122149.5
312004.1875,24097.69921875
534515.6875,154385.703125
300103.59375,39312.30078125
259002.203125,58993.19921875
468845.90625,158727.5
478064.5,144967.0
500502.0,164978.90625
564281.5,55085.6015625
325791.6875,47638.8984375
523099.8125,130725.3984375
532012.0,138091.5
284948.0,12527.900390625
394761.6875,119766.203125
310424.6875,27152.099609375
400233.1875,90761.703125
320958.6875,30192.30078125
568863.6875,31902.099609375
529203.1875,171174.296875
412201.8125,117471.0
509833.59375,168285.5
574312.5,81663.8984375
410654.40625,142530.5
480320.59375,137824.5
543197.1875,23398.19921875
299877.5,12848.2001953125
488002.1875,105881.1015625
301197.0,138170.90625
350542.09375,87478.6015625
329363.6875,60454.19921875
326267.90625,92865.0
367561.1875,115420.8984375
338923.0,27825.30078125
323961.8125,60295.5
329544.40625,26775.0
370846.1875,88671.203125
586485.1875,83080.8984375
564161.6875,89207.1015625
372769.0,118038.3984375
486043.0,150743.59375
363479.8125,99954.3984375
384436.90625,143501.0
510939.5,79083.0
364498.09375,97803.5
423510.90625,152442.5
350647.5,175891.40625
315876.59375,30686.099609375
478448.1875,70925.703125
353801.0,71315.796875
350248.90625,271796.5
541568.0,39680.3984375
341948.09375,72211.296875
319046.1875,30446.099609375
538185.1875,89055.703125
333423.90625,50752.5
386790.6875,110668.8984375
350530.6875,95247.8984375
416443.6875,120734.6015625
447252.6875,110979.296875
349526.0,78343.796875
537539.875,105994.0
255459.5,40153.5
563902.125,44188.5
319049.5,172848.40625
545314.5,115536.3984375
567219.5,48947.8984375
447686.90625,110566.5
357343.5,83768.296875
303895.40625,86548.5
297950.5,50944.0
251606.203125,67349.203125
294332.59375,13063.099609375
432073.1875,101590.703125
532456.1875,108511.703125
406378.1875,102092.3984375
404832.5,68284.8984375
392858.5,122684.3984375
472666.40625,81335.5
337835.1875,25134.69921875
401688.6875,99489.6015625
446049.1875,112161.796875
577490.5,50505.1015625
435304.3125,184962.90625
370294.1875,95521.203125
312803.0,124512.8984375
404463.5,186761.90625
404969.1875,142655.203125
577197.6875,110628.6015625
377940.0,121349.8984375
306453.09375,12491.599609375
399996.40625,121372.296875
525525.1875,53799.19921875
553312.1875,131401.203125
364559.09375,56730.0
281579.0,17132.900390625
299188.0,27805.900390625
425131.0,138191.90625
431176.09375,113501.296875
542446.6875,52030.6015625
578773.625,46551.30078125
251919.40625,78799.0
424433.6875,153237.703125
571836.6875,33666.30078125
585933.6875,67589.703125
448823.6875,180794.90625
570897.8125,34193.5
328036.90625,13610.5
328920.1875,69437.203125
598803.875,64767.5
487312.1875,100613.203125
350805.59375,94622.296875
294257.09375,12376.5
561050.1875,237764.203125
359311.59375,54967.6015625
385940.6875,146393.796875
474176.5,97685.5
331936.1875,45308.5
331982.8125,49042.19921875
369953.90625,71574.203125
359633.09375,76547.296875
310334.59375,50132.8984375
538095.1875,102792.6015625
262082.0,105624.6015625
275556.0,94582.8984375
436092.59375,136953.59375
405494.40625,147540.5
403285.0,166122.09375
559391.875,144103.296875
410287.40625,57091.5
424965.0,87889.796875
344166.90625,52428.0
478742.6875,189045.796875
297106.5,36844.19921875
438928.3125,176676.5
341104.1875,68320.296875
362447.6875,117248.3984375
260612.59375,15139.7001953125
361759.3125,105795.796875
297107.0,17042.5
423730.6875,170187.703125
285742.59375,78670.6015625
339197.0,57998.80078125
328203.8125,66444.296875
291952.5,60540.19921875
321027.59375,49602.8984375
588306.6875,59012.0
505145.59375,144818.90625
442527.59375,162003.90625
313776.6875,21848.80078125
421348.8125,110304.703125
446281.09375,123115.3984375
541364.5,55350.69921875
344855.09375,151795.40625
512885.90625,160650.703125
352250.1875,103904.796875
489752.09375,111482.1015625
350895.6875,69204.796875
354964.0,75902.5
482710.1875,85203.203125
446851.8125,209456.90625
282520.59375,22014.30078125
319415.3125,81842.1015625
504449.0,136120.5
388217.90625,79931.0
340140.8125,17886.69921875
578788.375,27340.30078125
465868.3125,119629.703125
390418.1875,169284.0
373290.09375,150170.90625
411523.1875,94465.796875
302617.09375,46609.19921875
313920.90625,43390.0
534796.0,265212.5
328417.90625,85973.0
495921.59375,108120.296875
449685.09375,49555.0
303463.59375,21279.099609375
365852.6875,19499.80078125
287328.40625,82676.0
444842.40625,126937.796875
459967.09375,129318.8984375
315505.8125,99763.1015625
366950.1875,119113.5
603348.625,29255.400390625
314978.5,71033.703125
358443.59375,108378.8984375
292377.8125,95768.1015625
392882.59375,112252.8984375
490357.5,106433.296875
557310.1875,107018.3984375
468111.1875,140804.40625
414552.3125,106042.3984375
566256.625,30376.30078125
366425.09375,110116.0
410757.59375,152536.203125
323963.40625,48098.0
472336.3125,185765.703125
431914.3125,67413.6015625
428587.09375,142581.09375
329714.09375,65729.8984375
338006.0,106232.5
323977.3125,36449.0
333104.40625,38155.30078125
353335.0,139517.203125
339995.0,142304.296875
520253.1875,116388.296875
407395.3125,125340.3984375
489022.5,177786.0
355524.0,76787.1015625
552667.375,196999.796875
354015.09375,81021.796875
364580.6875,37160.19921875
402208.59375,107223.296875
396515.59375,110445.6015625
504526.8125,89035.296875
258715.0,62097.69921875
311933.09375,48555.5
326798.90625,64490.5
413074.5,77192.8984375
331459.1875,96134.703125
323541.6875,35123.6015625
475880.8125,98613.6015625
317012.1875,86383.796875
475082.90625,134945.296875
328832.6875,68198.0
330289.59375,23953.900390625
343450.90625,146235.703125
306081.1875,30633.80078125
431111.5,95057.6015625
278298.5,11969.099609375
581671.6875,61200.0
415594.6875,145805.90625
303159.1875,13544.5
267474.1875,11954.900390625
405959.6875,55118.0
532460.3125,24439.5
599248.8125,72084.203125
495081.0,195426.09375
354174.59375,54459.1015625
561307.375,147764.296875
422020.1875,182429.5
490812.90625,145346.5
497519.5,290606.59375
510032.90625,77424.703125
514476.0,118230.796875
337906.40625,77010.1015625
362550.5,206746.5
354211.1875,74208.296875
561597.0,151868.59375
588454.6875,54616.5
386443.5,153570.703125
309129.1875,56303.0
549062.1875,27758.400390625
478832.5,95064.296875
300259.5,58981.1015625
485259.0,111561.5
296382.5,125965.8984375
519157.1875,228306.203125
380594.6875,103756.6015625
298186.0,36140.5
327851.5,82727.6015625
483122.6875,178759.0
278961.5,18217.69921875
524999.1875,45027.19921875
322242.6875,33039.19921875
333772.1875,47644.1015625
404683.40625,128673.5
534221.1875,68510.0
321641.0,32638.099609375
459758.40625,157222.796875
326522.0,83875.8984375
320481.1875,44356.1015625
525015.5,45892.19921875
339150.0,32059.099609375
323354.5,28366.900390625
532603.1875,118289.1015625
428327.90625,110659.203125
370331.6875,14799.2998046875
350381.0,70253.6015625
345328.1875,37076.1015625
317064.6875,42744.19921875
343505.5,111420.0
519915.5,161250.09375
575921.6875,37081.5
296900.6875,23291.599609375
356017.09375,25445.400390625
272874.1875,94441.8984375
507776.90625,121297.8984375
319139.0,16276.2001953125
568838.1875,54177.5
318984.1875,30005.0
297804.09375,72241.6015625
456589.40625,87507.796875
445300.5,132853.90625
536809.5,216864.59375
481644.0,194384.0
319367.1875,44310.6015625
356856.5,105976.6015625
258261.203125,58339.69921875
564067.6875,129400.6015625
307935.1875,69552.796875
394612.09375,242774.09375
506179.0,84867.1015625
481541.1875,96028.203125
369972.1875,119263.6015625
383691.1875,106173.8984375
290286.40625,15610.900390625
365485.0,109023.703125
316397.1875,89651.5
444109.1875,156542.0
485451.8125,165828.703125
437935.1875,143745.5
496374.59375,114018.1015625
353249.6875,51286.5
318754.5,12807.099609375
311516.0,49272.69921875
301254.6875,15629.5
558249.3125,63181.3984375
546991.5,392441.90625
318578.3125,57455.69921875
445205.6875,146586.0
497838.3125,96163.796875
478684.59375,184388.703125
477572.40625,157016.703125
335352.6875,49971.1015625
328401.0,60489.5
561003.6875,29140.599609375
518555.1875,125546.203125
369603.5,120987.3984375
468489.5,71416.6015625
335892.6875,40594.1015625
461905.59375,176600.90625
341450.1875,31092.900390625
282872.6875,139965.0
333580.1875,29087.0
380747.3125,115177.0
299427.0,136977.09375
401636.59375,199802.59375
381193.0,112633.203125
479280.3125,184223.40625
441604.8125,133128.40625
451931.90625,99577.3984375
319778.90625,15929.7001953125
520255.40625,283872.1875
344442.1875,58783.80078125
299522.5,80283.6015625
392495.59375,149123.59375
301663.1875,71766.203125
572807.6875,108983.6015625
513990.09375,153497.90625
499748.90625,93787.3984375
557281.1875,78058.5
365485.3125,118875.203125
324895.6875,72839.0
406624.1875,84799.1015625
471652.40625,152623.40625
620162.5,54452.0
327551.6875,40310.5
316978.5,72114.8984375
376532.3125,58747.3984375
577362.5,24966.599609375
456434.40625,107828.203125
306537.90625,15071.599609375
422582.3125,88200.796875
365841.90625,122905.1015625
413130.40625,149079.59375
522511.40625,51913.19921875
297886.5,14782.2998046875
321457.5,70667.0
363496.5,77107.3984375
408530.59375,105500.6015625
576620.6875,86656.5
569581.875,32637.80078125
388573.3125,139404.203125
363523.1875,69819.8984375
591372.875,69028.796875
501157.6875,184084.703125
434697.0,135812.90625
353746.40625,94930.6015625
331771.3125,34271.0
531552.625,61011.69921875
612646.875,39952.19921875
324396.8125,22546.30078125
329500.40625,46921.0
396923.90625,105211.796875
349665.90625,37198.3984375
293803.3125,106847.296875
236027.90625,31723.30078125
306454.90625,33593.69921875
289415.1875,11986.2001953125
599806.0,31068.599609375
304090.3125,70883.6015625
452110.6875,143854.90625
422498.59375,182687.40625
383796.40625,88397.0
271103.3125,41485.5
354541.90625,23606.80078125
438350.0,65695.1015625
355130.0,86892.3984375
554221.6875,72546.3984375
460250.8125,145423.5
425400.8125,133154.703125
308464.40625,15402.5
372047.09375,125074.296875
321040.59375,101117.6015625
474065.09375,238551.203125
365825.0,93444.5
348628.90625,39023.80078125
342727.59375,137864.40625
332435.6875,53491.0
436668.1875,118693.0
422890.40625,128401.796875
552387.375,72746.703125
250146.796875,36589.19921875
471144.8125,147636.5
550210.375,87336.796875
535763.0,158489.40625
361681.90625,48493.80078125
330268.3125,42819.69921875
300098.1875,53293.5
342784.5,85078.1015625
419529.8125,19768.0
311508.3125,87585.5
474469.6875,111114.203125
373338.90625,115199.296875
580666.0,65956.1015625
418282.1875,145029.40625
339176.1875,126379.203125
427805.0,110805.8984375
356534.90625,33282.5
371779.1875,141985.40625
391902.90625,122697.296875
379494.90625,84640.5
305040.3125,29446.19921875
301583.6875,37264.1015625
564525.625,99866.296875
591835.8125,45177.1015625
377121.09375,76206.5
320369.40625,14345.7998046875
309025.40625,13351.7998046875
480190.5,110681.6015625
331177.1875,14260.7998046875
564635.3125,98833.296875
371824.09375,130155.3984375
491319.3125,172948.0
374261.1875,86467.703125
504931.09375,107498.0
369161.3125,120410.1015625
369354.1875,14390.7998046875
322107.3125,30946.30078125
462451.1875,146754.90625
485140.8125,120444.5
389626.1875,96200.703125
265138.6875,11550.900390625
501716.40625,89860.6015625
369756.40625,135690.59375
541075.375,101096.5
396488.3125,129128.5
355612.59375,84380.203125
433817.8125,153815.0
509735.3125,93686.703125
296645.5,89009.1015625
552880.3125,71715.6015625
269552.1875,11806.7998046875
475887.1875,143432.203125
380629.40625,103011.0
314910.40625,60599.30078125
536298.6875,97284.8984375
424367.1875,110940.8984375
349193.59375,74722.8984375
429833.8125,122121.703125
389495.8125,163282.0
479368.90625,223294.796875
426898.40625,125538.5
510532.40625,87133.796875
370821.8125,200510.90625
370753.40625,36408.5
327793.6875,13183.900390625
414746.8125,134445.0
350040.8125,78479.203125
456918.1875,163588.90625
479660.09375,202956.203125
384017.90625,81399.203125
547245.3125,125441.0
415299.3125,121471.796875
358874.09375,72014.8984375
336167.6875,51830.19921875
401728.09375,77884.703125
359452.0,57598.8984375
553265.625,65619.5
467003.40625,132269.796875
296565.40625,36669.1015625
254776.203125,76203.703125
454660.6875,195424.0
416443.8125,150957.296875
427656.1875,73971.8984375
435823.40625,52267.30078125
577317.1875,37603.8984375
372706.3125,134970.90625
361302.1875,143786.90625
501493.3125,21981.5
431128.3125,131230.703125
393041.5,110339.1015625
470441.59375,131243.90625
350520.90625,112345.296875
412908.6875,136194.203125
547583.8125,104598.3984375
566650.3125,40876.5
474170.1875,150337.203125
558999.1875,125891.5
489944.59375,130245.8984375
426811.1875,116490.703125
326659.90625,52615.30078125
488579.09375,158756.0
441688.5,144746.09375
294824.0,12340.7998046875
547517.1875,43241.1015625
353853.5,83416.296875
353819.09375,105947.0
539502.0,198367.09375
428540.90625,105089.203125
294791.59375,78218.0
372097.3125,71916.1015625
327752.59375,21367.69921875
364067.0,85709.1015625
433889.5,204633.09375
386610.59375,72966.3984375
417351.1875,135875.296875
490528.1875,143647.796875
528061.6875,148243.09375
321016.6875,15525.5
295567.8125,73726.1015625
517158.5,165735.09375
325341.0,17763.099609375
275832.0,108742.1015625
449541.5,182274.296875
393170.8125,97875.6015625
389942.59375,82428.3984375
319411.0,29962.30078125
433185.5,50603.30078125
553499.3125,79686.6015625
502285.09375,117835.0
336449.0,90818.1015625
340654.5,80195.296875
300920.09375,42901.0
474808.3125,98511.1015625
374269.0,51097.6015625
442706.0,161552.59375
559071.375,123732.703125
336264.59375,29087.900390625
424673.0,114204.296875
376561.1875,116381.6015625
438788.5,190744.203125
346186.1875,74864.796875
474119.1875,117235.1015625
506601.8125,113235.6015625
378316.09375,74594.703125
276535.3125,20390.0
598237.375,39622.0
429600.8125,121571.6015625
490572.5,145878.09375
310139.5,47829.80078125
475220.0,148254.796875
296754.6875,52844.30078125
569776.1875,26366.099609375
306946.8125,17329.099609375
424057.59375,151164.0
316999.1875,13527.400390625
365935.5,130121.796875
341512.09375,74478.1015625
462644.0,124033.703125
325948.40625,123806.1015625
345407.6875,18262.80078125
509038.3125,202404.59375
542170.1875,108682.296875
567878.1875,38501.30078125
323190.90625,17834.900390625
348829.40625,82398.796875
512201.8125,59354.3984375
563158.6875,61943.80078125
380984.59375,138100.90625
341084.59375,30818.5
323790.59375,23705.0
504425.09375,105926.203125
366608.40625,102434.703125
306255.6875,59274.8984375
324670.40625,71146.6015625
347836.40625,46093.0
450557.6875,341846.09375
377279.90625,55385.6015625
499929.3125,110872.1015625
564234.625,148732.203125
478597.5,158732.59375
460066.6875,133651.09375
373657.5,110680.703125
376600.40625,30241.5
413445.8125,142878.09375
569892.375,146608.796875
330454.8125,52518.1015625
474530.1875,89428.796875
312518.3125,73388.0
299620.5,15751.599609375
544508.5,163212.09375
352513.8125,72637.1015625
425589.0,121029.703125
335228.6875,59332.1015625
329199.0,65130.1015625
390316.90625,102504.703125
512534.09375,165148.703125
444250.90625,130855.5
555456.6875,74231.296875
393315.8125,115605.0
322272.09375,38725.0
275541.09375,74738.5
296605.5,29938.599609375
406618.59375,129345.5
511823.5,218251.296875
354695.40625,86196.703125
370728.6875,96977.3984375
503541.0,172413.296875
313901.6875,44343.1015625
320304.90625,50876.6015625
321732.0,37160.6015625
398251.90625,106005.203125
445607.8125,85038.0
315411.6875,21445.80078125
491722.6875,101732.296875
391475.90625,56260.1015625
474306.40625,100754.296875
412275.40625,135626.90625
302894.1875,20712.69921875
567787.1875,102933.0
533035.375,161461.0
403259.3125,92120.1015625
485042.1875,94613.203125
383252.1875,119383.6015625
325933.8125,106036.6015625
404188.3125,233645.59375
521369.1875,64765.1015625
317991.6875,31310.30078125
429500.09375,127597.5
330467.1875,41476.69921875
314351.5,49277.80078125
249676.703125,48778.80078125
347998.5,15764.7998046875
377280.90625,91418.703125
571698.3125,77097.0
338659.0,35412.1015625
372453.8125,86355.296875
553998.875,109275.1015625
543041.875,22986.30078125
370127.8125,107441.296875
406133.1875,120139.296875
447843.1875,165232.59375
444885.90625,185234.90625
533759.625,122057.0
251062.296875,56887.19921875
320887.09375,44178.19921875
253031.703125,34755.1015625
470972.6875,151534.5
474605.6875,194921.09375
315562.8125,41670.6015625
318303.59375,107763.6015625
315310.1875,16964.099609375
368663.59375,98409.6015625
419313.5,87328.3984375
302491.40625,34075.6015625
331236.1875,87120.703125
339553.6875,68251.3984375
430161.8125,181565.40625
354585.5,100076.796875
578201.3125,49739.30078125
551866.0,56801.30078125
417243.59375,159950.59375
338909.3125,66192.796875
411258.8125,104068.3984375
526146.375,124758.6015625
571596.125,47279.6015625
372252.3125,84844.296875
337914.1875,65344.80078125
436340.8125,148018.90625
492332.40625,52138.6015625
395168.40625,129601.296875
401382.90625,102025.796875
488620.8125,132023.203125
354109.59375,77648.703125
337872.6875,45237.19921875
417882.6875,98516.296875
386050.3125,139384.09375
327814.40625,19446.19921875
535592.125,124301.796875
553507.6875,75014.8984375
337417.8125,72807.8984375
398945.5,30547.80078125
389165.3125,99478.5
302857.3125,74928.3984375
478046.3125,128603.3984375
366211.09375,73975.6015625
379824.09375,134803.203125
405417.6875,92888.296875
417340.09375,145778.59375
585989.625,56799.0
415666.3125,129133.8984375
356030.40625,118697.296875
528768.3125,153163.203125
327419.1875,68499.1015625
349843.6875,64297.0
281611.1875,94638.1015625
405542.8125,60673.1015625
602020.8125,31480.099609375
324658.59375,52148.0
305741.40625,84230.1015625
282765.40625,23114.30078125
355368.1875,166863.203125
514309.3125,104202.8984375
363138.6875,102147.796875
374935.8125,32080.80078125
334738.59375,65155.6015625
300501.1875,18587.30078125
328781.3125,17074.5
278523.6875,55667.6015625
540190.8125,110633.796875
330024.90625,90791.796875
477732.90625,191531.90625
324008.09375,22119.599609375
552045.1875,59866.69921875
319755.6875,26909.80078125
555729.1875,107007.1015625
429365.40625,133622.796875
382730.09375,68081.6015625
422628.09375,157107.703125
347635.1875,48772.5
322737.1875,15213.7998046875
331017.5,63893.6015625
335543.09375,65829.1015625
541899.6875,85784.6015625
350005.6875,115280.296875
593350.625,37923.0
412398.09375,93235.1015625
450070.3125,69800.0
550460.6875,130325.1015625
389094.6875,90008.296875
343263.8125,27425.80078125
382776.40625,125612.703125
431298.90625,149760.703125
515635.1875,139688.703125
492405.6875,110775.796875
274126.59375,19559.599609375
490821.3125,161696.90625
311869.90625,13446.2998046875
466981.3125,130598.296875
557496.625,89447.6015625
338354.6875,51764.19921875
356150.1875,127764.1015625
372159.40625,101021.0
339809.6875,37472.19921875
354872.8125,60828.6015625
494464.59375,171063.203125
520682.6875,75250.296875
281577.8125,44678.5
388012.5,204212.796875
362414.1875,106928.296875
406227.8125,226089.90625
508753.6875,79813.1015625
340195.59375,83580.203125
345323.1875,106321.296875
379346.6875,97792.6015625
302168.3125,110607.796875
371957.6875,81097.1015625
595299.0,132538.59375
385747.0,142593.90625
504021.0,158514.203125
358982.1875,96675.6015625
379731.0,111337.0
290155.09375,71078.5
325455.8125,28125.599609375
301910.6875,58591.6015625
509899.8125,76454.6015625
396083.5,122551.203125
474989.90625,128498.6015625
297945.40625,19793.900390625
421443.6875,314355.59375
318476.40625,53220.69921875
510765.8125,123652.703125
514364.0,64016.1015625
391042.5,119119.3984375
456794.3125,80005.0
540596.625,98800.296875
545752.1875,40776.6015625
442848.0,119614.1015625
546445.0,90022.703125
355707.09375,114249.5
567273.6875,47078.80078125
492772.09375,112572.8984375
356452.8125,75088.796875
327715.6875,47234.1015625
365731.09375,134080.09375
512652.0,20021.69921875
476962.59375,129206.1015625
261669.90625,62985.0
505375.3125,117386.203125
433176.09375,48334.30078125
312828.0,54866.19921875
504862.5,95950.296875
397910.5,88207.8984375
378013.0,152751.703125
540007.6875,131311.09375
350129.6875,131929.5
475730.6875,43765.30078125
266988.40625,18547.5
541802.625,73910.296875
389232.1875,103386.6015625
530532.0,118760.203125
583142.0,116868.796875
402188.0,251697.703125
392603.90625,97525.6015625
314671.1875,15433.599609375
386870.90625,126630.203125
327217.90625,64057.1015625
535850.375,144168.90625
531346.125,64474.69921875
460917.90625,92986.5
563288.125,28774.30078125
470141.1875,136908.09375
547379.375,247008.0
287390.09375,62398.0
316566.8125,90925.203125
536785.1875,84809.1015625
385919.09375,17890.5
477325.90625,110957.0
562572.8125,87624.6015625
415657.1875,121842.796875
477623.8125,107912.296875
310027.1875,20738.099609375
403354.0,112262.203125
333224.59375,42514.6015625
516491.3125,147341.90625
526553.375,144098.703125
369661.40625,75362.0
383524.59375,82605.296875
281138.0,25201.19921875
346185.8125,83615.0
314429.8125,39230.30078125
556310.1875,56439.1015625
396310.40625,68187.0
357579.3125,86255.703125
362252.0,114908.5
282138.6875,28682.30078125
516573.09375,189917.90625
605724.8125,34318.30078125
551592.8125,92959.1015625
299667.40625,57871.3984375
575433.375,58353.1015625
515420.6875,60970.1015625
372555.90625,66124.0
330060.09375,82435.203125
436216.1875,120368.0
444507.59375,168287.5
322958.40625,16321.5
299432.5,33921.69921875
407256.3125,156227.703125
490748.6875,163338.296875
518062.0,102989.6015625
415598.59375,309745.8125
385016.5,118398.296875
358723.0,30891.0
492388.59375,162472.5
382937.8125,84867.796875
374212.40625,95392.5
395394.40625,128315.0
324648.5,44217.6015625
283703.5,132285.703125
339998.5,104776.3984375
299639.6875,26500.099609375
329120.90625,32131.099609375
486106.1875,146183.5
590820.6875,65891.296875
406830.40625,212979.40625
285208.90625,18025.19921875
397952.40625,103553.6015625
472043.59375,159540.203125
472141.59375,151333.0
283248.6875,19898.0
310430.3125,43388.80078125
315164.3125,18065.19921875
329594.59375,30276.5
594004.3125,83893.796875
350638.6875,123655.5
547107.125,115307.296875
345845.0,129874.703125
405998.1875,111927.6015625
268169.09375,59890.5
521340.90625,142741.59375
327202.1875,36626.5
381937.6875,146768.296875
499002.40625,102742.0
467486.6875,121574.296875
437807.6875,114462.6015625
483090.59375,163515.09375
384227.59375,151020.09375
578965.5,76907.3984375
403895.59375,247269.296875
301112.90625,15563.7001953125
370677.5,106874.6015625
499006.5,83025.796875
303474.8125,39008.0
500226.5,184858.5
384903.90625,106702.6015625
323168.8125,36650.80078125
471263.6875,135522.5
385597.1875,92401.296875
447313.8125,144861.796875
478710.90625,95297.3984375
478957.90625,31467.69921875
428228.90625,35103.6015625
373318.09375,42227.80078125
377718.5,113502.296875
509120.0,84851.8984375
319385.5,86891.703125
335901.1875,47354.1015625
332363.8125,24624.400390625
347351.3125,131064.3984375
404283.5,107311.8984375
288215.8125,12979.5
486782.09375,147190.296875
538490.0,47575.30078125
301443.09375,74325.3984375
271768.1875,24974.599609375
476577.59375,132234.296875
526488.6875,221346.796875
516659.0,110810.703125
301074.09375,23454.599609375
368187.8125,90416.8984375
591866.125,137304.90625
374835.59375,64525.0
405634.09375,72010.296875
479667.0,176751.703125
404376.90625,137398.203125
556745.625,99193.8984375
517881.8125,85493.3984375
538207.625,289657.40625
376149.90625,183410.296875
367288.90625,97180.796875
303681.40625,82577.5
521903.3125,152291.90625
316285.90625,38563.19921875
460835.09375,135440.90625
501865.3125,289850.90625
342725.0,103161.8984375
536397.625,97211.796875
556431.875,58216.1015625
297055.90625,14467.7001953125
542869.625,91344.796875
491202.90625,312459.1875
268273.59375,73445.796875
486007.5,97679.5
368954.40625,117767.1015625
318759.40625,56946.19921875
382471.09375,165474.796875
367856.5,114234.3984375
391930.59375,149484.296875
480768.90625,102056.796875
314467.90625,66247.203125
324186.09375,54673.80078125
380879.6875,95300.296875
568272.5,146215.703125
551354.125,73136.6015625
508243.90625,59211.1015625
421671.3125,130171.8984375
294200.5,28134.400390625
352696.09375,81614.0
544839.5,150894.796875
415014.59375,147977.90625
359663.5,120025.5
307448.90625,44789.69921875
319995.8125,41548.6015625
532028.625,114255.203125
543275.0,38060.30078125
307761.1875,37698.1015625
467908.0,129140.5
473854.0,95108.203125
261411.09375,11722.099609375
456668.90625,109083.203125
369112.59375,89659.703125
327074.3125,29731.900390625
318588.3125,35069.3984375
298422.90625,76149.796875
282248.5,12336.2998046875
499910.59375,103009.3984375
331157.3125,47151.8984375
384288.09375,140177.296875
421871.5,219051.203125
567457.5,53744.5
412257.09375,120802.296875
384355.09375,101980.3984375
488946.3125,108627.8984375
305239.8125,13825.400390625
521538.59375,131054.5
537929.625,80022.796875
416889.40625,283213.8125
469817.90625,196316.0
386325.8125,150791.40625
390286.59375,210039.59375
309875.40625,111535.296875
537267.1875,21781.599609375
308290.40625,12841.7001953125
496501.8125,185456.09375
555255.625,51877.19921875
294068.5,102728.0
321026.0,96825.296875
344985.5,139040.40625
330821.5,71940.3984375
505773.59375,120198.0
299441.3125,39934.5
517345.59375,35096.8984375
491971.8125,132940.59375
282426.5,20615.69921875
279312.5,21774.900390625
402618.09375,116926.296875
430750.09375,142637.203125
466636.8125,147131.90625
375341.09375,184510.40625
367961.3125,87337.0
373859.59375,79726.796875
337323.90625,64504.69921875
293528.0,14921.2998046875
251379.59375,22549.80078125
286656.1875,40666.80078125
300296.09375,13095.599609375
267096.90625,62994.19921875
295393.3125,74342.8984375
324410.90625,75022.296875
291459.59375,91159.296875
383308.59375,103427.6015625
470450.90625,100022.796875
296988.1875,19453.099609375
460331.1875,85627.296875
562802.8125,90247.6015625
424803.09375,207861.5
548195.375,22248.599609375
508830.59375,55711.69921875
292415.6875,63193.30078125
295158.40625,63208.6015625
485655.09375,70075.5
477986.3125,137751.703125
402256.59375,153037.203125
373271.40625,106464.1015625
303444.5,12995.0
503047.0,71537.203125
433607.09375,385695.59375
337000.09375,163384.796875
591260.1875,44537.80078125
422163.59375,86055.6015625
353865.1875,70375.6015625
546538.875,68335.5
316750.90625,87716.8984375
361675.59375,106602.3984375
405930.09375,127256.5
560291.875,97384.3984375
328914.8125,84595.6015625
414950.0,138638.59375
270721.09375,17781.599609375
461866.5,92807.0
458678.5,49344.6015625
616977.0,176196.203125
538319.8125,147556.0
335781.59375,61965.1015625
482515.09375,107319.796875
437984.40625,81747.703125
399904.0,123877.1015625
310138.0,15047.900390625
314367.0,41911.1015625
380062.59375,141149.0
314299.59375,56745.6015625
414414.0,94144.1015625
451177.3125,139865.0
315155.5,38110.1015625
393693.09375,76842.0
513408.5,66144.5
500108.09375,252256.203125
461850.5,162401.09375
365892.8125,107534.296875
553985.3125,95179.0
317829.59375,42545.80078125
422176.09375,141990.59375
285121.6875,88112.5
472357.90625,145227.40625
452268.1875,145313.0
351896.90625,113232.8984375
261932.40625,11398.099609375
371228.0,123331.0
558319.125,38739.5
321947.6875,68630.296875
524177.3125,87299.6015625
485007.09375,221830.203125
303781.40625,29228.599609375
410699.0,126744.3984375
443636.0,120337.5
374641.8125,94013.296875
315508.3125,33154.0
438447.6875,134038.296875
364269.8125,163333.0
559342.6875,22406.599609375
455325.0,159665.09375
562039.125,63445.8984375
563075.375,96622.203125
430730.5,99396.296875
412420.6875,258324.703125
319636.3125,105482.5
586416.3125,41083.6015625
344102.0,79485.1015625
442174.09375,144688.203125
355882.09375,63628.0
325605.0,35011.0
389032.6875,111594.296875
448255.90625,144731.09375
391900.90625,247058.40625
371493.59375,97788.6015625
385852.8125,135144.09375
375793.40625,88349.6015625
571184.3125,129140.703125
370215.59375,153999.203125
380165.5,110956.296875
331550.0,58473.80078125
465433.3125,224701.5
391216.59375,145766.296875
279087.6875,11995.7998046875
474144.1875,146435.296875
426371.6875,144003.5
358978.3125,14479.0
339890.5,87963.5
394151.1875,149038.90625
467151.90625,66692.8984375
578010.125,44285.3984375
540441.5,213115.59375
455950.59375,117615.203125
315620.59375,64441.69921875
428795.1875,203532.59375
313014.59375,25616.19921875
324769.40625,19107.099609375
506043.0,138057.59375
454199.8125,170982.203125
489910.0,153472.5
557557.125,121126.203125
560189.1875,39820.30078125
473799.5,139373.59375
476725.8125,156826.296875
424617.1875,130519.0
316841.5,47975.80078125
378365.1875,183985.296875
411197.09375,154157.59375
495241.3125,125270.796875
516572.59375,137412.296875
356232.0,112180.0
487559.5,140975.09375
299957.8125,42063.1015625
537954.1875,157369.296875
561713.6875,74396.1015625
322070.40625,75723.6015625
298700.5,33498.5
378788.0,81145.703125
502930.59375,71707.796875
309078.6875,63304.80078125
551640.875,78236.5
343773.3125,64823.30078125
540058.5,168802.5
364604.5,72275.703125
450220.6875,249504.5
441494.40625,140371.90625
270379.09375,61902.3984375
516731.8125,216010.09375
329525.90625,58962.1015625
315477.5,15440.099609375
372032.3125,218918.203125
370596.90625,77638.1015625
271586.0,12396.7998046875
472474.40625,204169.09375
371823.5,164148.90625
360302.09375,62620.0
290724.40625,13497.599609375
534577.375,48014.3984375
527532.5,104284.703125
343711.8125,64897.3984375
388003.3125,59370.8984375
588238.625,112531.5
307680.40625,13014.400390625
325215.3125,17149.69921875
500953.6875,157492.90625
310585.0,28350.80078125
477189.5,144322.203125
504685.5,106483.5
439179.5,145635.296875
416035.0,123069.796875
351551.6875,84797.3984375
544332.625,143356.0
540898.3125,101660.296875
498264.5,191156.203125
475564.3125,113932.203125
536134.0,103965.296875
523265.0,99399.8984375
336400.3125,99873.296875
365003.0,112295.203125
400900.90625,81671.5
488933.59375,166556.296875
420778.3125,132320.296875
368940.09375,126557.6015625
414556.1875,102530.8984375
309914.1875,17018.0
498719.0,79543.203125
499933.90625,127384.8984375
517995.5,72187.703125
511497.59375,237336.796875
317882.0,52950.5
490901.3125,84303.703125
474930.59375,81834.0
379791.40625,169772.703125
476788.0,91877.296875
309263.1875,43794.6015625
464986.0,111321.296875
331194.6875,62578.1015625
361530.90625,81635.6015625
495556.5,179627.203125
338964.40625,32581.5
409964.5,122786.703125
356303.40625,91732.1015625
332440.09375,44453.6015625
365764.90625,133597.296875
369972.59375,112334.296875
344337.1875,46479.3984375
371702.8125,104678.703125
308043.09375,31781.69921875
340282.3125,41842.0
289526.09375,24541.19921875
578417.625,47348.69921875
446822.6875,97748.8984375
317906.09375,16606.19921875
533796.3125,236764.296875
484961.0,96799.796875
474907.6875,79491.1015625
473506.0,191005.296875
326591.3125,86000.203125
262396.09375,17248.0
571669.8125,111047.796875
416766.90625,70045.3984375
306947.90625,114140.5
319955.3125,14297.400390625
355040.6875,87523.8984375
292705.5,81799.703125
296280.8125,73062.796875
375003.59375,86174.6015625
413452.90625,90356.296875
475641.3125,209127.40625
319629.6875,26302.5
262916.5,61700.3984375
350114.0,85340.3984375
514363.8125,150454.296875
513071.5,156757.296875
494312.8125,70677.703125
321248.0,86680.796875
490212.90625,64757.1015625
383298.0,128232.203125
321609.09375,17277.0
507037.90625,92861.0
501751.8125,65621.8984375
398643.90625,28750.400390625
557967.5,90600.796875
453047.09375,132983.09375
504118.40625,124483.1015625
443405.40625,88373.796875
538291.1875,233609.90625
342789.8125,23697.400390625
312564.5,104721.0
314089.09375,37491.5
466455.0,172237.703125
462368.1875,141603.90625
567445.5,102955.796875
323649.3125,34111.19921875
494517.40625,32194.69921875
331341.59375,71176.203125
543796.1875,101608.1015625
500684.90625,141231.09375
552938.5,84861.3984375
514571.90625,119874.1015625
333376.0,61111.30078125
508754.1875,205705.59375
504809.6875,158332.59375
368646.3125,54674.69921875
447910.3125,157437.203125
429547.59375,161394.796875
347340.6875,75978.8984375
414783.0,88055.1015625
347174.40625,249257.59375
511538.40625,288758.59375
286349.40625,66035.796875
435921.59375,157609.5
571485.5,47003.3984375
336079.5,57025.80078125
375074.1875,118450.6015625
403457.8125,158899.703125
486431.3125,118006.203125
553541.375,60264.6015625
274072.0,48910.80078125
441180.1875,100017.1015625
310193.0,104486.796875
308755.3125,21959.69921875
350301.0,159822.296875
563599.1875,107415.3984375
324477.8125,63799.80078125
426164.40625,123937.1015625
362263.09375,58718.5
308749.40625,30218.5
370804.3125,96008.8984375
305082.40625,75838.3984375
473559.5,100275.703125
335604.09375,36369.6015625
511838.1875,164763.90625
572952.1875,124212.3984375
313173.6875,16262.400390625
402522.5,82680.203125
474718.5,146530.0
564601.3125,107371.703125
445927.59375,93478.0
367460.09375,123003.703125
352527.0,20195.30078125
542089.3125,54646.5
558109.5,86051.0
351198.0,100848.796875
311856.6875,34720.6015625
352834.5,122570.296875
399190.0,78200.703125
501776.6875,154610.90625
329544.3125,69415.296875
552584.625,170574.0
443217.8125,300392.09375
375710.1875,139139.203125
368862.8125,84142.296875
441206.3125,116693.796875
330484.3125,14281.2998046875
490767.09375,77570.703125
538699.5,114982.6015625
418377.8125,124545.5
567858.875,87132.203125
443618.90625,188371.5
429802.8125,152433.0
321642.1875,19956.599609375
448573.0,149739.296875
278306.3125,30076.30078125
366185.5,74453.6015625
350408.5,21673.30078125
439479.5,169120.90625
387026.59375,112809.0
524056.8125,126382.1015625
320483.5,39350.1015625
403041.8125,15527.0
337037.8125,66381.5
352120.59375,63795.5
553371.8125,152785.59375
271135.3125,23350.30078125
352202.5,49679.3984375
374711.5,89227.5
510691.3125,191356.09375
422305.90625,87698.703125
435516.3125,20641.80078125
507486.0,139896.40625
313914.5,14793.599609375
276597.5,12580.2998046875
325121.8125,61022.1015625
283058.0,49806.1015625
326490.8125,18254.0
447085.0,124298.3984375
415530.5,110993.6015625
355444.3125,119182.0
582542.6875,322853.09375
370250.5,108230.296875
363628.6875,22122.19921875
520969.6875,111623.8984375
282746.5,27677.099609375
531003.8125,151011.0
326639.8125,22552.0
362971.59375,99623.5
550111.0,100207.296875
319688.40625,25293.30078125
274045.6875,59242.0
467482.3125,101698.296875
479292.5,103701.8984375
516289.8125,115267.0
430400.3125,176523.0
481912.0,268574.40625
452391.6875,17713.0
356170.40625,250297.59375
329112.0,49919.0
576832.8125,122070.796875
483648.0,116983.1015625
409594.8125,329239.8125
354348.40625,258444.09375
261988.09375,56614.0
428482.8125,122422.6015625
369643.0,129151.8984375
551361.5,126339.796875
329891.3125,140502.796875
516681.5,165523.5
416349.3125,126939.296875
281909.5,47170.6015625
388934.8125,94405.796875
377449.09375,128154.203125
409600.09375,142439.203125
387955.40625,98977.203125
486842.0,23718.400390625
341831.0,55986.6015625
497904.3125,191755.5
541115.375,139819.203125
436951.59375,109074.5
473726.0,213500.90625
504679.5,119461.296875
376524.40625,49867.30078125
550091.1875,47027.3984375
340077.1875,94557.5
546816.875,51097.6015625
292553.40625,59268.6015625
325020.09375,40530.69921875
564828.125,36019.80078125
551187.875,140435.59375
344611.1875,104484.203125
374475.3125,82776.0
357691.59375,118272.703125
574988.1875,64078.80078125
560959.3125,52997.30078125
436128.90625,157606.90625
556760.8125,99859.296875
313099.3125,32748.19921875
399287.8125,89086.5
298432.40625,131879.703125
362658.59375,102192.796875
360353.8125,127656.8984375
567270.625,117078.8984375
344151.59375,54146.80078125
559233.0,152280.90625
303452.40625,14954.900390625
361536.59375,53389.0
554055.6875,171754.703125
435293.1875,207320.796875
553623.875,52738.5
373810.8125,127717.203125
406384.1875,89961.6015625
330062.09375,66376.5
461359.5,103843.296875
474826.1875,168710.703125
429810.5,49174.8984375
429515.90625,85901.6015625
341026.3125,77730.5
377241.3125,59149.8984375
289610.40625,54974.5
442216.59375,127292.5
305091.40625,27653.099609375
414317.6875,104226.8984375
373658.8125,102224.8984375
344747.1875,124036.296875
350645.3125,96291.6015625
431801.59375,120040.296875
365609.09375,116193.0
545132.8125,111232.8984375
336470.6875,64087.1015625
481641.8125,131597.203125
281551.1875,50481.19921875
347980.40625,50264.6015625
517890.8125,180845.0
309940.09375,13435.7998046875
422688.09375,186544.796875
361082.1875,82800.1015625
470225.1875,68239.203125
427738.8125,135130.5
323156.6875,38972.80078125
312878.40625,52814.5
453616.40625,231323.90625
326569.3125,63474.80078125
589822.625,74697.5
561513.1875,93561.296875
455175.09375,152714.40625
292011.09375,13421.2998046875
436197.8125,126951.0
476201.1875,236317.796875
560646.0,132757.296875
277837.1875,14262.5
321353.40625,57979.69921875
531046.5,96586.703125
475869.59375,120259.296875
561612.3125,326859.1875
541910.375,115313.0
424572.90625,88626.1015625
384175.1875,97411.1015625
489127.3125,122168.3984375
325247.09375,63381.3984375
374189.59375,80985.796875
509805.0,343900.40625
453908.09375,150085.90625
287678.09375,17894.0
365779.1875,69458.703125
429138.8125,93159.5
511170.59375,339913.1875
571403.3125,158220.296875
467555.90625,149909.5
331634.3125,54708.69921875
563552.875,50374.8984375
436514.1875,156882.203125
278137.6875,91933.796875
408960.6875,197013.0
357634.90625,88391.703125
334172.8125,137236.90625
386411.1875,56412.8984375
382227.90625,111403.5
460353.5,49485.69921875
339746.6875,58839.1015625
337971.90625,67755.0
439120.90625,102038.296875
287107.09375,14407.0
324831.0,50891.3984375
299010.09375,92992.3984375
509847.09375,22807.0
523854.3125,183470.0
428597.0,148045.296875
405230.5,146923.90625
542594.0,103444.8984375
411621.3125,187765.5
514783.59375,66183.203125
440996.90625,116073.5
374625.90625,125896.8984375
376273.8125,139507.296875
409224.6875,89832.5
439169.09375,63978.30078125
406614.3125,20527.400390625
357272.3125,147178.90625
504861.8125,87408.6015625
327108.6875,127352.6015625
516823.6875,125079.1015625
504527.8125,102627.0
567055.5,163135.296875
345081.3125,176610.796875
576085.8125,44155.30078125
392553.3125,130029.703125
319635.59375,75809.0
358988.0,105503.8984375
549520.875,111410.3984375
568576.1875,32394.69921875
459960.5,208128.796875
364664.40625,108577.0
309882.90625,16070.400390625
474080.3125,124515.296875
486126.1875,154476.703125
486570.1875,127316.0
514825.3125,186076.0
312092.09375,61480.80078125
510184.5,68661.703125
263720.3125,44248.3984375
499883.3125,146513.703125
382344.5,88673.1015625
638275.5,56140.69921875
402285.40625,101831.8984375
570729.625,91711.3984375
459089.59375,142080.796875
400604.3125,112121.5
318390.1875,124508.296875
493346.0,39344.80078125
514432.3125,137016.296875
351339.8125,88162.203125
322247.0,18364.900390625
294712.90625,34112.3984375
529453.375,73417.6015625
316397.1875,37529.6015625
290339.6875,94344.203125
448335.3125,151741.5
474244.5,182170.796875
377994.3125,148076.296875
524144.3125,104556.203125
283440.90625,57617.3984375
455272.1875,82867.796875
327144.1875,13336.5
491900.40625,134363.5
332525.09375,78580.3984375
487993.59375,131802.796875
562703.5,58955.3984375
516968.8125,24874.0
361052.09375,100656.703125
251385.796875,12644.2001953125
307613.8125,50958.30078125
309650.40625,21362.099609375
292802.09375,193038.203125
421464.6875,172300.09375
589877.875,43216.5
301391.8125,12718.7001953125
394636.3125,87767.203125
342285.3125,15056.599609375
318335.0,71881.296875
331019.90625,65918.0
500709.09375,215458.5
396428.5,179732.796875
420414.8125,177686.296875
437402.6875,136305.59375
323634.1875,55955.1015625
566439.3125,65179.30078125
514050.0,192291.5
376496.90625,147559.296875
275042.8125,69811.203125
277859.1875,153865.203125
279399.1875,55421.1015625
365156.8125,82691.1015625
376551.8125,122295.796875
563867.0,115673.796875
359513.3125,55735.80078125
492571.0,102311.796875
358588.3125,200923.203125
365030.1875,71670.6015625
329252.59375,24278.19921875
342107.5,44719.3984375
442654.90625,102368.5
353328.8125,118098.203125
284018.1875,62789.69921875
304012.09375,14183.7001953125
488389.8125,138789.296875
510177.40625,48762.0
363009.8125,77812.296875
346385.0,125103.203125
345246.6875,53184.0
308362.59375,18145.0
415559.40625,147251.09375
365911.0,147362.296875
490810.6875,108220.6015625
530049.625,59856.80078125
310346.0,13209.599609375
490512.5,34506.80078125
599309.125,28176.19921875
262919.40625,51528.0
350083.09375,41668.69921875
297611.5,14029.7998046875
311479.8125,37497.6015625
511981.09375,138287.796875
350397.3125,99822.796875
545850.8125,120451.796875
507876.3125,184209.203125
427231.6875,163620.09375
345692.6875,83809.6015625
564852.625,133848.703125
454586.5,72470.8984375
316035.8125,63399.69921875
353854.5,56824.6015625
328756.3125,79949.6015625
458374.5,111248.296875
512028.5,117790.703125
309596.6875,20932.0
487903.40625,117499.8984375
340386.40625,95170.6015625
364517.3125,40470.30078125
542043.6875,57346.1015625
436406.6875,18775.099609375
554907.5,29764.30078125
353325.6875,118785.703125
516709.0,94149.796875
372535.3125,95530.203125
338847.59375,117300.796875
545638.1875,146631.59375
493027.90625,141054.796875
400580.59375,163714.90625
445791.8125,150091.09375
443139.0,196911.09375
304593.6875,30932.19921875
301352.6875,34839.6015625
404626.09375,91319.203125
508206.8125,52184.69921875
539973.625,56923.8984375
505255.5,107648.796875
324078.8125,118049.296875
532871.5,121445.203125
251722.0,18109.80078125
528784.625,106755.703125
509087.3125,219511.703125
538829.8125,76866.703125
448819.3125,113799.296875
465630.5,121060.296875
432910.1875,124100.703125
425713.0,93254.796875
428434.8125,131810.203125
557822.1875,61766.6015625
333783.59375,56648.69921875
405202.90625,124441.0
424659.40625,161174.59375
513323.3125,165713.203125
404678.90625,77910.203125
435254.0,154366.703125
268857.90625,95052.5
387661.6875,108885.5
549936.625,125997.5
542135.0,122514.796875
285346.0,61099.1015625
459906.5,260223.5
291602.1875,51637.69921875
384320.6875,113907.1015625
504127.6875,156332.09375
523803.8125,187262.0
354320.3125,54425.19921875
471876.8125,47252.19921875
357899.1875,39456.69921875
576264.5,77339.1015625
396041.0,204763.796875
362147.0,80240.296875
286347.09375,11866.7998046875
520809.90625,135560.0
535862.8125,150629.203125
548338.3125,321425.6875
390323.5,179392.09375
554840.375,63277.19921875
536853.0,178513.203125
567311.8125,65866.703125
385690.90625,179467.90625
524395.3125,74289.203125
287422.90625,58879.30078125
307539.40625,77713.0
369529.40625,216199.09375
444834.8125,99792.703125
532226.3125,69707.203125
265075.1875,47640.69921875
333410.5,37314.1015625
498413.5,116136.296875
301043.40625,24488.900390625
534863.375,72902.0
498209.5,120927.203125
389744.90625,105679.1015625
391501.5,69049.296875
411613.8125,125060.203125
486441.6875,172460.59375
596171.125,43279.80078125
439871.40625,154668.09375
312680.8125,12644.7001953125
458338.59375,215124.203125
362826.0,97056.6015625
600152.625,80947.796875
354766.59375,67785.1015625
290927.1875,12320.599609375
447376.1875,167447.0
340530.1875,61155.69921875
531603.0,29269.0
499902.6875,197892.0
315678.59375,53337.1015625
565758.375,38538.1015625
345239.3125,85029.6015625
314845.40625,74849.703125
541801.5,141218.5
551839.8125,161418.203125
549835.0,51041.80078125
366069.8125,113853.0
437842.1875,124754.703125
394474.8125,158304.40625
476339.6875,152168.5
414543.8125,100189.1015625
455982.90625,19090.69921875
417805.5,224636.90625
432098.5,84311.0
290480.3125,33767.0
409003.5,147295.0
408199.8125,115786.3984375
328734.90625,45048.69921875
370183.40625,68660.8984375
331153.0,56310.8984375
298099.1875,39403.0
606017.6875,121051.5
334619.3125,14236.5
409096.09375,109364.8984375
376109.40625,99275.8984375
358693.90625,133419.59375
462412.3125,128516.1015625
424343.0,120896.8984375
559608.6875,77517.0
390843.5,20554.80078125
364757.09375,134223.703125
501361.09375,103753.8984375
408295.1875,240918.203125
390570.6875,115038.5
404972.09375,133553.09375
281630.40625,63658.1015625
412801.6875,111401.6015625
539312.1875,149733.0
581463.3125,189210.703125
435130.59375,171024.40625
288920.09375,14253.599609375
398570.8125,137978.796875
440658.40625,133131.5
334520.3125,53134.19921875
485017.6875,72454.296875
536445.5,44251.69921875
387108.09375,123794.703125
363710.59375,134704.703125
450854.0,162072.796875
324507.59375,52186.80078125
274020.40625,11949.900390625
489256.59375,80816.1015625
377236.5,109062.8984375
303043.6875,54953.5
353255.0,70284.0
327433.6875,38055.5
504493.5,42062.80078125
312484.59375,112011.796875
308761.90625,58049.3984375
597030.0,24714.900390625
585325.0,84505.5
461038.1875,168055.5
512397.59375,145063.90625
477077.09375,29491.69921875
344755.09375,114009.6015625
515739.90625,94110.0
315137.90625,63123.19921875
577693.3125,28700.400390625
323788.1875,34373.0
319927.90625,19456.19921875
329903.5,39054.8984375
535139.8125,117461.3984375
505403.09375,246925.296875
587100.875,78752.8984375
367900.40625,82161.203125
329108.5,25389.400390625
417360.5,106497.0
431081.8125,283624.6875
388594.3125,111897.0
314350.5,23052.5
512070.0,97436.296875
335144.09375,15473.599609375
484060.6875,27059.30078125
413129.8125,158095.09375
486859.59375,91667.703125
431599.3125,123742.3984375
562003.125,127884.796875
548586.375,29755.69921875
531933.1875,56066.5
309393.40625,18158.900390625
320131.1875,56628.6015625
267187.8125,75437.203125
270704.0,96146.796875
447543.5,172010.5
345595.40625,55108.1015625
469150.1875,150927.59375
373168.40625,137922.296875
530519.375,89989.703125
321569.0,28586.69921875
478368.5,107937.703125
516695.8125,88488.703125
355151.5,87045.6015625
506866.09375,140735.796875
261101.0,11747.400390625
318215.0,17118.900390625
356609.8125,69378.6015625
393275.40625,216955.703125
509326.8125,111475.6015625
332895.3125,38159.8984375
470693.0,86095.3984375
397431.1875,63869.30078125
435019.5,107295.5
493577.8125,57533.69921875
310657.6875,68165.1015625
561409.375,68345.296875
324391.1875,21768.0
341535.6875,53241.30078125
556205.625,73612.6015625
257303.40625,29511.5
534932.5,66980.203125
487214.6875,125104.6015625
320194.5,12826.599609375
362643.90625,88551.703125
393933.3125,115408.203125
416627.59375,153305.09375
515738.8125,96425.703125
418254.8125,111001.703125
525513.0,157168.09375
418563.5,19220.0
296053.90625,60760.1015625
467223.40625,113119.296875
298083.1875,58442.80078125
484915.90625,57242.69921875
448111.8125,160790.703125
314523.40625,96083.1015625
552973.375,42532.30078125
469776.3125,97970.3984375
476833.6875,20997.0
390893.5,115056.796875
492011.40625,121292.703125
457125.90625,246885.703125
330633.1875,28887.69921875
303721.8125,19384.69921875
400434.40625,112310.796875
494266.8125,96422.296875
474209.59375,191804.5
398142.0,87541.1015625
369798.1875,65369.30078125
466079.1875,103469.0
251217.796875,14687.400390625
341551.3125,83890.203125
395468.0,93839.5
439872.90625,76333.6015625
487408.1875,91795.6015625
339551.5,55736.6015625
550273.1875,26172.099609375
390682.6875,140750.796875
500605.6875,137145.703125
430587.6875,97846.5
349239.40625,53108.5
333891.3125,15640.2001953125
289875.59375,84735.296875
468260.3125,123193.703125
322675.5,49584.1015625
445708.1875,101440.5
506904.09375,96646.203125
446591.3125,87011.5
374309.6875,112124.8984375
330476.3125,46098.69921875
318810.5,55678.3984375
421411.1875,104765.796875
330148.5,13875.0
330423.90625,109640.1015625
293200.5,60809.30078125
403950.40625,206348.703125
452883.40625,65212.80078125
304989.1875,12732.099609375
571465.5,154036.796875
476867.40625,216990.703125
393142.90625,104796.703125
478409.09375,157535.09375
344942.3125,85657.6015625
318003.90625,42355.5
477990.3125,91346.203125
572771.625,101362.296875
348836.8125,90732.703125
404650.40625,132678.796875
252145.59375,11067.5
368948.0,66132.8984375
442089.6875,77629.296875
543976.6875,191815.0
311303.3125,32555.099609375
363796.3125,104344.8984375
499704.6875,82109.3984375
581452.5,64150.5
276846.1875,17759.5
449494.40625,72957.703125
328405.40625,51565.19921875
582582.625,61294.6015625
426181.3125,150261.09375
316524.5,44482.5
460935.5,99615.6015625
359517.3125,77394.3984375
475266.59375,217572.59375
335285.3125,191251.09375
352446.0,66263.203125
267545.3125,59086.19921875
355949.40625,47080.1015625
514178.90625,183016.296875
421829.5,109410.8984375
383097.09375,64280.5
481283.0,31826.400390625
340331.8125,38308.1015625
421040.90625,102500.703125
311844.1875,14981.2998046875
284656.0,135019.90625
410970.8125,81370.5
317285.1875,39653.0
321596.40625,38123.30078125
291290.0,90731.6015625
339704.3125,53465.3984375
343090.6875,81909.6015625
313950.6875,19681.80078125
558486.375,92774.703125
489144.90625,135982.09375
536846.1875,82082.6015625
321923.5,53121.1015625
302261.6875,36699.1015625
386665.09375,102583.1015625
329037.40625,16105.099609375
431155.40625,110415.296875
511549.5,29623.900390625
392628.5,25511.599609375
499559.3125,131389.59375
347216.6875,105456.0
493647.59375,116398.703125
289154.8125,47136.69921875
328060.3125,23076.0
434204.59375,87546.203125
566654.3125,47576.19921875
259656.0,37046.1015625
554308.625,165786.203125
248579.703125,62936.80078125
420793.59375,114531.8984375
295417.1875,69792.5
494550.1875,103869.8984375
382812.3125,103589.6015625
552501.875,97940.3984375
380446.40625,73697.1015625
470368.5,67455.1015625
279599.5,32675.30078125
342777.6875,63913.80078125
539885.875,69900.703125
310875.8125,15240.7001953125
337492.1875,22735.80078125
327487.09375,64602.1015625
529007.375,104008.0
478986.90625,138412.0
488248.90625,110387.3984375
298902.59375,13573.099609375
338939.40625,59435.8984375
306955.8125,25496.5
308965.5,89469.296875
463978.90625,144315.296875
328495.59375,33336.0
538111.125,87575.296875
326760.59375,19474.5
534298.3125,148303.0
461947.8125,112268.203125
376736.90625,159250.703125
413604.6875,87803.3984375
371222.8125,82330.1015625
349906.59375,78319.5
396527.09375,123971.203125
390857.3125,86882.203125
312052.6875,38889.8984375
322105.59375,54467.80078125
401452.8125,88288.3984375
348380.40625,244386.90625
451388.3125,156672.5
504545.90625,131160.703125
351774.09375,80425.203125
351662.0,55363.8984375
333391.1875,27318.30078125
548425.125,56545.0
508289.3125,95428.1015625
608681.3125,28056.80078125
461970.09375,109832.296875
296455.0,16855.80078125
345923.5,95115.0
347748.90625,23126.30078125
266245.6875,62197.3984375
394873.09375,81776.0
346775.8125,99852.0
453492.3125,139572.203125
322050.1875,38225.8984375
328926.59375,35731.6015625
331473.3125,49132.1015625
297669.09375,54577.0
271795.59375,59606.69921875
542326.625,36598.19921875
554017.875,88779.5
406599.40625,82870.0
354802.3125,58421.1015625
388707.1875,109571.3984375
420340.59375,134357.09375
335304.1875,100019.8984375
326387.5,65079.80078125
519802.09375,103890.0
380013.09375,103397.703125
379590.1875,51741.8984375
341509.0,81268.703125
544224.8125,124809.8984375
321973.09375,101004.6015625
386805.09375,88058.0
283075.8125,90995.3984375
503605.3125,130805.5
401802.8125,157018.203125
471811.90625,86917.0
310091.6875,43437.3984375
323868.3125,59801.6015625
291733.6875,18079.099609375
281534.40625,20273.5
546401.875,81541.3984375
350390.59375,139003.40625
417533.59375,126354.3984375
328976.90625,18205.900390625
556993.8125,78376.703125
387977.59375,128789.703125
524990.1875,112350.296875
492261.90625,255531.203125
369329.5,76395.8984375
449138.09375,177594.0
319822.8125,44542.1015625
278197.59375,89475.5
414047.3125,129883.3984375
284914.09375,53014.69921875
414849.09375,186177.703125
313683.40625,15451.0
365161.90625,110127.8984375
462625.09375,68598.796875
596641.8125,28415.099609375
318593.09375,13580.5
264271.8125,52390.0
249905.09375,73490.203125
449399.90625,134487.5
292520.0,99026.703125
328790.40625,54260.8984375
558947.125,107858.796875
411122.59375,134816.90625
572798.8125,55288.8984375
510881.09375,159339.09375
529096.875,105730.8984375
302356.8125,21969.5
543488.3125,105096.203125
427215.1875,115442.8984375
370745.09375,79074.203125
369907.8125,106723.1015625
358079.3125,100641.0
584958.3125,47441.0
521684.90625,71745.0
359458.6875,138013.40625
297285.5,18560.19921875
318879.40625,43063.19921875
541416.375,76381.0
509211.6875,120726.8984375
576262.6875,125247.203125
496728.8125,158442.40625
437388.59375,157498.59375
527389.625,115930.6015625
433758.8125,207282.0
451427.1875,107878.3984375
484251.90625,117040.0
349741.1875,123538.6015625
444156.40625,107897.5
362186.90625,85975.3984375
434285.59375,105209.3984375
435096.1875,147292.703125
438806.3125,106519.3984375
481170.90625,210187.40625
304545.59375,19209.69921875
435187.5,19773.900390625
364483.0,67202.203125
361010.8125,105995.1015625
332196.09375,109447.6015625
534558.8125,35941.6015625
303702.09375,19603.5
377393.8125,106427.8984375
517012.59375,208149.703125
435383.40625,132153.0
300021.1875,14843.400390625
532770.6875,195610.59375
535060.625,30413.599609375
572771.125,104141.5
481734.8125,47949.5
456773.3125,99384.3984375
525429.8125,54074.5
479892.59375,133183.703125
273827.8125,22087.69921875
515181.6875,133634.90625
319774.90625,14468.2001953125
412526.8125,115004.3984375
487067.90625,255198.5
304944.09375,48586.8984375
374629.8125,132175.703125
528753.1875,109792.8984375
309839.09375,23847.69921875
434643.40625,166131.296875
334904.09375,63658.0
458426.3125,146840.09375
508931.59375,113712.0
398486.59375,107895.703125
332344.09375,52102.19921875
373465.40625,127453.5
390093.09375,132044.796875
425746.59375,117683.3984375
573216.6875,44340.69921875
354753.3125,59097.3984375
395907.09375,81189.6015625
506439.8125,74633.0
369872.09375,112192.703125
357757.6875,99379.296875
486497.09375,131938.203125
352145.5,188798.703125
364586.90625,51789.19921875
341402.8125,123375.3984375
552157.6875,127317.296875
545354.625,78899.5
293649.8125,20706.0
568016.3125,82557.703125
489181.90625,124242.5
289539.90625,18782.69921875
411045.6875,176787.90625
447770.3125,24481.599609375
319454.5,30788.69921875
492342.3125,109450.3984375
356396.90625,127208.8984375
307539.1875,116098.8984375
323529.09375,76698.296875
385284.09375,82654.8984375
387995.40625,97988.3984375
387426.40625,103306.203125
328893.09375,36879.19921875
567833.375,149795.296875
512768.5,154189.40625
296138.3125,44422.30078125
437745.6875,228160.5
325390.59375,133838.09375
321651.90625,13280.0
337449.59375,82890.203125
579872.1875,61902.0
437833.59375,76926.0
494165.5,128494.203125
383465.09375,140180.5
534818.375,160180.59375
361149.6875,59473.5
331795.59375,110997.0
480914.59375,140308.703125
555174.125,25109.30078125
358171.40625,67617.203125
336308.09375,16705.5
499241.59375,104166.5
539378.375,49420.3984375
542817.875,99080.703125
374765.59375,105637.203125
409199.40625,143649.59375
453569.3125,111429.3984375
295103.59375,82211.5
266352.59375,35283.80078125
447019.90625,175760.203125
335739.0,62705.19921875
393427.8125,106640.3984375
504064.5,154704.09375
359053.0,68154.8984375
510948.1875,114172.203125
299944.1875,71131.0
473979.40625,22233.5
374038.8125,84251.8984375
481009.90625,96788.703125
402247.40625,213138.59375
403569.40625,158110.59375
386729.5,154569.40625
543821.625,68421.1015625
461828.09375,87039.0
285229.40625,51699.3984375
527330.125,104979.5
334494.8125,30738.400390625
401254.3125,94023.3984375
235434.90625,58425.19921875
318307.1875,14688.5
309263.40625,32911.6015625
659227.6875,153114.5
355082.6875,102043.796875
579695.625,34256.6015625
534803.625,129909.703125
330563.3125,14187.400390625
322010.1875,84239.0
400593.59375,94527.0
353157.5,50710.69921875
405132.6875,96789.0
313119.5,16448.400390625
307091.40625,12595.599609375
303205.59375,75725.6015625
466982.8125,80382.3984375
427681.09375,16869.0
350647.09375,42127.69921875
337921.90625,57001.69921875
420594.1875,119032.0
314028.09375,17308.0
434544.3125,19676.900390625
308261.0,40092.1015625
432038.8125,123525.8984375
508044.90625,162595.09375
362059.40625,106206.703125
393275.59375,69201.703125
475351.1875,104061.0
324152.90625,82505.1015625
489932.09375,133413.09375
582479.125,103471.796875
474663.3125,136194.90625
350321.90625,50363.19921875
391562.90625,109516.6015625
561356.375,30135.900390625
560246.125,68788.796875
435337.09375,186560.90625
321831.6875,98631.703125
386996.1875,65643.0
387887.90625,110692.5
328453.09375,87472.203125
305932.8125,24397.400390625
335980.09375,71337.796875
365625.59375,133848.0
313831.0,17043.599609375
459122.0,122123.3984375
349561.09375,77036.0
404776.8125,30365.69921875
498550.5,180357.203125
520612.40625,58400.3984375
493194.6875,121352.5
541824.5,78972.8984375
295024.40625,37842.6015625
472581.09375,150207.703125
380511.1875,87952.703125
326414.40625,72972.203125
366892.90625,98109.6015625
414389.0,142392.296875
267253.0,19191.400390625
575694.1875,96336.203125
290487.8125,35269.1015625
541998.625,141519.0
296636.90625,14291.2998046875
295658.90625,113336.703125
457356.0,83423.5
377681.3125,135915.59375
305145.6875,46657.19921875
446227.59375,118776.296875
565186.625,56216.8984375
435584.5,30561.80078125
349104.3125,63176.6015625
391578.90625,194653.5
351707.5,96749.5
446958.09375,147285.203125
311619.0,48852.0
312175.3125,49956.6015625
536285.625,136108.296875
342061.0,52884.0
563657.5,41970.1015625
397688.1875,87964.8984375
264283.09375,75945.203125
496568.40625,120249.5
437220.90625,161187.796875
572598.3125,82770.6015625
454694.40625,91408.0
383936.6875,182599.296875
335106.0,17129.5
560013.3125,142410.59375
424669.59375,90133.703125
300637.59375,46496.19921875
339501.5,81087.0
383478.0,30456.0
330113.90625,77276.0
327749.8125,77086.0
326405.90625,52085.30078125
507094.40625,28463.69921875
572148.5,104827.5
461233.1875,125776.296875
310836.5,16981.5
389834.09375,118061.203125
530498.5,59743.5
509159.8125,67803.1015625
355378.5,92539.1015625
357712.1875,144692.203125
248538.59375,77976.796875
443416.3125,136744.0
560650.8125,69730.203125
338417.0,52581.6015625
314192.09375,65717.203125
570128.375,23139.80078125
333865.1875,22418.69921875
456312.09375,164872.703125
359255.59375,206354.203125
394905.8125,58179.1015625
323320.1875,13560.7001953125
441074.3125,124908.703125
331135.6875,43860.1015625
291593.8125,16679.80078125
485723.1875,45597.30078125
315995.0,44410.8984375
271405.1875,102323.703125
447468.1875,112851.8984375
535662.625,138555.703125
368648.90625,55873.19921875
411651.90625,116366.203125
432349.3125,27420.599609375
562149.6875,127233.203125
334507.5,141283.0
553975.125,121275.796875
341998.5,75224.0
500132.09375,98293.8984375
300698.8125,23606.099609375
397349.40625,99944.0
348193.40625,57376.19921875
480085.0,167311.5
268810.6875,24874.69921875
565842.125,72745.703125
322321.5,79890.6015625
406149.6875,167586.703125
467480.09375,113204.3984375
562014.8125,115994.0
340150.1875,71903.3984375
479570.59375,122234.0
427905.09375,75222.703125
489610.8125,103750.5
473411.90625,110150.296875
342510.1875,90975.796875
355102.0,106842.5
427482.59375,132731.203125
423940.59375,154891.703125
535871.625,38028.80078125
321226.90625,52454.5
320352.3125,34721.0
337984.40625,54484.69921875
315932.6875,39744.30078125
297858.40625,13088.7001953125
374770.8125,101043.1015625
431502.1875,179476.703125
374663.5,132352.5
353211.8125,78935.1015625
361170.1875,81992.703125
303169.5,13054.5
349543.0,94605.8984375
312201.1875,16149.2001953125
345588.90625,68723.1015625
431358.1875,206494.796875
379300.5,80695.0
332076.09375,85078.703125
306359.59375,93574.203125
308046.5,22279.5
313523.1875,120701.703125
462757.40625,152538.0
493490.0,155921.5
507367.1875,28250.30078125
498922.59375,186782.703125
569113.125,125640.703125
584868.125,31404.30078125
562827.625,156356.40625
354691.3125,55211.19921875
317764.5,49260.3984375
364291.8125,66392.1015625
516068.6875,124816.3984375
376557.40625,82717.296875
385796.40625,97956.1015625
397153.90625,122337.203125
550996.0,97788.0
561594.3125,76760.6015625
289273.3125,12364.599609375
339058.0,46209.6015625
575435.6875,38562.69921875
405381.0,95542.703125
335277.3125,87280.703125
356077.6875,98239.1015625
324686.8125,49672.30078125
370924.0,94266.5
419919.1875,107311.1015625
248551.0,10873.2998046875
358554.5,67903.3984375
397996.6875,171348.40625
407133.3125,97913.0
422045.1875,113807.296875
243931.0,44498.5
330597.3125,81584.1015625
476989.5,153388.40625
431674.59375,96303.0
537472.125,123618.203125
326701.40625,84947.796875
307465.5,23706.5
319576.1875,43996.30078125
336571.09375,76721.203125
498021.09375,204920.703125
479185.0,140267.09375
366311.09375,73692.3984375
376214.1875,124955.6015625
361957.8125,99712.5
350521.09375,95363.203125
390277.40625,100826.796875
487109.6875,116387.6015625
341490.1875,99181.703125
383058.6875,117438.5
405762.0,67962.703125
403524.3125,131629.90625
541832.375,64111.3984375
326733.0,34189.19921875
360834.3125,69553.203125
453762.8125,193005.90625
456835.0,134925.703125
567011.8125,81261.8984375
281443.0,47740.69921875
534891.3125,63081.69921875
375601.5,87665.203125
557530.3125,31115.5
530821.6875,48492.3984375
404970.09375,126551.796875
388054.3125,113762.703125
360679.40625,89104.1015625
320760.90625,78452.703125
394309.90625,118826.0
526331.8125,131639.703125
366481.90625,136031.5
354753.3125,92101.3984375
370745.40625,118347.1015625
498305.8125,178560.703125
399217.09375,69393.1015625
332000.90625,58929.1015625
339295.5,100256.203125
427171.09375,120184.0
395748.8125,146105.0
561431.1875,70398.8984375
314922.09375,138792.90625
496937.3125,239541.09375
581886.1875,79873.796875
413158.6875,139055.90625
507990.1875,158853.296875
343481.90625,82616.796875
265383.3125,106958.203125
392587.90625,120407.8984375
545335.0,100531.203125
513307.8125,132017.203125
446416.3125,106926.3984375
469015.0,146441.40625
500419.1875,146950.90625
513971.8125,125501.703125
297630.1875,13261.900390625
430604.09375,250031.90625
537313.8125,94478.703125
303125.0,35680.19921875
323395.0,111684.5
530322.875,130148.5
373598.3125,136089.796875
550294.625,89504.6015625
513379.40625,95207.0
367601.59375,78866.203125
517655.90625,138226.09375
441964.40625,153602.59375
475675.0,158548.203125
326639.3125,161799.203125
378434.40625,102379.3984375
331996.3125,42503.19921875
377947.40625,78352.6015625
368088.0,107313.203125
393367.09375,93487.5
406448.8125,352449.5
545842.3125,76955.296875
538249.875,127284.8984375
376168.5,85111.703125
318843.8125,28644.19921875
307126.0,13170.900390625
388228.59375,113420.5
308689.8125,13967.0
473881.40625,84100.3984375
373217.09375,78708.796875
538600.0,119626.703125
448681.40625,78351.5
418974.40625,127394.296875
432528.40625,126794.5
483416.1875,109859.3984375
371996.40625,131178.40625
408497.0,119297.203125
394863.5,104596.8984375
394676.59375,239706.0
546688.8125,83211.796875
510767.09375,114974.3984375
311298.59375,53032.30078125
550023.6875,72399.296875
486513.5,166377.703125
313867.59375,18151.5
517586.3125,173079.296875
314771.59375,28257.30078125
404912.90625,89457.203125
343300.40625,50404.80078125
400995.90625,127579.0
297998.3125,16664.19921875
385536.5,126248.703125
485524.3125,163518.703125
243583.796875,50725.8984375
392162.6875,121367.8984375
498376.3125,105395.5
562366.6875,76302.8984375
511254.40625,124253.6015625
543381.3125,92217.3984375
558192.875,91615.796875
346154.90625,236150.0
474751.8125,85140.703125
364280.0,75780.703125
378633.3125,137385.5
266998.1875,59208.3984375
461813.5,27819.5
460135.40625,72598.0
553124.375,23393.400390625
372186.09375,169055.296875
581691.1875,91604.796875
417474.6875,122651.203125
375209.3125,126718.8984375
340450.8125,84374.3984375
559641.3125,23648.69921875
415534.0,176574.703125
345387.3125,190416.0
349103.8125,84836.796875
243998.796875,34872.69921875
291344.6875,18042.900390625
473800.8125,90872.1015625
289839.1875,68330.703125
339857.1875,58277.8984375
577136.0,55253.69921875
569852.625,76231.0
328170.3125,29254.80078125
530954.125,147132.296875
356938.0,113601.5
579772.0,29488.30078125
311472.5,26934.900390625
578709.125,70153.203125
363682.8125,83483.203125
485838.5,156522.703125
331968.3125,57535.3984375
537717.0,121087.203125
310792.1875,14571.900390625
400726.3125,15930.2001953125
302440.90625,13884.7001953125
448936.6875,22055.400390625
334266.0,173614.203125
343355.3125,13922.400390625
245420.90625,140867.09375
364987.8125,111832.0
469365.3125,25314.30078125
338006.3125,23173.69921875
525022.875,96235.8984375
312150.59375,37804.8984375
555242.625,33681.1015625
413394.1875,124215.796875
328327.09375,62932.3984375
262686.59375,12597.099609375
315900.0,48559.80078125
574434.5,54328.0
335816.0,60490.5
441585.09375,91837.5
335231.6875,71957.3984375
406569.1875,87446.203125
486497.40625,190243.5
471970.6875,160728.40625
257252.703125,38938.3984375
327455.59375,37075.3984375
491134.3125,167386.09375
554410.0,37423.6015625
549884.8125,46225.1015625
359795.59375,78179.3984375
356731.09375,89979.1015625
371727.0,111543.5
494158.09375,131839.40625
507944.3125,146233.40625
302510.59375,49908.6015625
330022.3125,73871.1015625
394849.8125,94102.1015625
521832.1875,151521.296875
514024.40625,118338.703125
536037.875,119896.796875
319145.5,26500.19921875
426758.0,165702.09375
484185.0,187532.203125
297726.5,20066.19921875
511851.09375,99278.3984375
312523.40625,13893.099609375
343720.09375,22108.0
547319.5,128214.3984375
400296.6875,61011.3984375
299313.90625,13732.0
378313.1875,111159.3984375
291747.8125,17997.099609375
584855.1875,27973.30078125
484967.3125,169404.09375
327074.59375,45227.3984375
297469.0,12749.2998046875
336646.40625,65993.796875
304399.59375,54375.3984375
352699.59375,88629.8984375
446112.3125,51041.8984375
377815.59375,117219.0
577727.625,126506.1015625
394900.8125,176304.40625
264807.0,41359.5
300224.1875,33065.19921875
306479.40625,60940.0
325188.0,89753.5
334788.09375,49747.3984375
389479.0,17125.0
384787.09375,59050.3984375
514374.40625,124558.6015625
361516.6875,128137.3984375
403769.0,161209.5
446909.6875,105861.0
475165.6875,100443.8984375
419921.0,173453.203125
309603.5,23333.80078125
332738.8125,69737.8984375
325095.6875,18058.400390625
337944.59375,71706.1015625
529787.0,37123.5
344635.1875,47034.8984375
375608.40625,171357.5
475431.3125,123211.1015625
560077.6875,139540.296875
264181.90625,13025.2001953125
448789.5,94314.703125
316146.59375,21501.400390625
469268.59375,134078.0
348482.09375,45189.3984375
539085.0,78758.0
477198.6875,172961.40625
287034.09375,94407.0
479258.59375,189226.09375
349137.0,47997.0
562269.125,111488.3984375
344276.40625,101322.796875
343340.59375,69315.3984375
392673.59375,104490.8984375
330460.5,58992.0
365432.1875,60230.8984375
239402.90625,121340.6015625
495482.8125,77911.3984375
559506.6875,98886.5
412979.8125,100969.1015625
481181.09375,144295.90625
412910.59375,131824.90625
300057.6875,13511.400390625
471659.59375,144941.0
255529.0,81206.3984375
337500.6875,14937.400390625
397639.1875,96208.5
373115.6875,106039.3984375
509382.3125,157608.59375
574766.6875,95804.296875
293129.5,29021.599609375
370905.09375,124812.3984375
485493.5,127920.796875
308837.09375,13979.400390625
289257.09375,55910.3984375
282579.0,64020.5
319225.8125,26068.900390625
296374.6875,50296.3984375
394298.1875,117011.0
435816.6875,153220.40625
524418.0,81699.203125
272254.0,33739.0
342841.90625,47485.6015625
439789.09375,124553.6015625
308349.8125,28282.400390625
476503.09375,98764.8984375
334079.3125,62517.6015625
491801.5,151847.703125
541340.375,104540.796875
549426.625,171920.90625
379552.5,159657.90625
304894.8125,14376.900390625
283656.0,77964.5
498848.6875,104071.8984375
324472.09375,43143.8984375
343769.8125,77523.1015625
297900.59375,65227.8984375
567345.125,133369.90625
455999.59375,121051.5
411319.09375,276334.09375
414865.0,135798.90625
301904.0,88590.5
369244.6875,78957.203125
405790.0,224031.703125
367330.59375,100496.8984375
383312.09375,120321.5
355827.8125,46887.8984375
419560.5,165878.0
360111.1875,88787.203125
358655.90625,67656.0
377778.8125,131431.5
350649.3125,54704.0
324764.90625,36120.1015625
531971.1875,30818.599609375
375443.5,96026.203125
307123.59375,15135.099609375
357003.8125,111080.8984375
318340.0,12844.900390625
510085.90625,131578.09375
512519.59375,196930.0
284647.0,77257.3984375
318935.8125,41242.1015625
340967.5,45120.69921875
366199.59375,128882.0
326122.5,65417.3984375
352964.1875,100181.6015625
452738.40625,145432.796875
309123.8125,12592.0
287104.6875,88305.3984375
298362.90625,20259.5
493978.0,204205.90625
456795.0,123023.3984375
434050.8125,131861.5
546676.375,168316.59375
402602.8125,97302.8984375
506531.09375,122279.3984375
298454.8125,15336.900390625
457234.59375,241343.5
428785.1875,102577.1015625
302339.90625,58337.80078125
358656.5,131794.703125
330930.8125,62550.0
392838.0,95268.3984375
316181.6875,41352.69921875
386694.09375,120057.6015625
562740.3125,45195.5
508155.5,176110.703125
454192.3125,167624.296875
346546.0,102515.8984375
570385.625,114776.5
451735.09375,161387.0
571888.6875,221834.5
532194.125,152526.59375
353988.8125,69649.3984375
611902.125,169105.5
397556.0,242327.703125
415785.09375,94516.6015625
388512.6875,151982.796875
540479.0,74250.8984375
460240.1875,120678.1015625
466568.3125,137374.0
408522.0,162473.40625
333886.8125,64050.5
403843.59375,109897.296875
451187.3125,133608.796875
562178.3125,121594.6015625
346346.1875,55592.19921875
541173.0,89764.8984375
514227.40625,86050.296875
356053.1875,106174.203125
486413.3125,322153.59375
389638.3125,65432.19921875
401764.3125,120582.3984375
412728.3125,96674.8984375
312991.8125,45155.1015625
308089.59375,33752.69921875
441299.59375,192071.59375
462908.0,176158.40625
308576.5,32961.80078125
372725.09375,91845.5
389754.3125,89696.296875
301740.5,69149.1015625
384604.3125,119155.5
487992.90625,117505.5
417182.5,143078.90625
266300.0,17933.400390625
351140.09375,51031.6015625
320933.8125,28610.0
424221.6875,56544.5
295343.1875,14008.599609375
568420.8125,49158.8984375
541448.8125,81657.3984375
325976.59375,72790.8984375
545959.125,117459.6015625
352110.3125,58995.8984375
303851.0,50787.3984375
332277.40625,14932.599609375
284574.1875,20906.099609375
284679.90625,41390.80078125
442431.5,120929.3984375
423447.0,246897.40625
441201.3125,134281.0
323566.09375,35432.6015625
368636.0,117621.703125
390126.40625,77584.6015625
555400.625,260925.90625
474716.3125,275344.5
369929.3125,111589.203125
395389.3125,161062.90625
323241.3125,102551.3984375
391579.5,126590.8984375
386418.0,65814.296875
374122.59375,168425.0
418417.5,108744.1015625
244362.0,106502.703125
410960.8125,105553.0
507889.1875,124655.3984375
334170.90625,50045.0
343850.0,104034.8984375
373567.0,73858.8984375
470286.3125,80387.296875
413422.3125,141801.0
351005.8125,74723.8984375
355975.5,133175.703125
284113.59375,19167.099609375
501371.5,128971.296875
379960.8125,91182.8984375
416857.40625,112811.3984375
412180.3125,106053.0
565175.0,87635.296875
381967.1875,104024.5
360663.8125,86813.0
370286.1875,193513.0
413007.3125,113145.203125
434563.0,177107.90625
509529.6875,125583.8984375
418955.8125,136734.40625
539627.8125,147271.40625
509660.09375,84667.796875
553771.1875,34997.6015625
347471.40625,116511.8984375
522720.6875,108748.6015625
360448.90625,96572.3984375
509001.0,45750.0
553042.1875,111520.6015625
554711.625,96024.3984375
295494.90625,38891.1015625
570835.875,46984.5
372531.90625,46046.0
536089.375,104240.1015625
521619.3125,168524.0
316417.40625,46633.8984375
264148.3125,12284.400390625
469583.90625,245349.90625
488754.1875,101038.6015625
343490.90625,127903.6015625
310817.40625,42829.0
333891.8125,20167.19921875
327264.3125,69391.5
528427.6875,133270.40625
432386.6875,103953.6015625
345180.3125,14534.900390625
519138.09375,138304.90625
304239.90625,22615.19921875
568626.6875,100031.1015625
311286.5,27967.5
312320.59375,16046.0
334037.40625,58793.5
323898.90625,67136.8984375
347567.90625,61588.3984375
444090.09375,115902.8984375
466056.90625,147325.5
406086.0,61097.1015625
500214.6875,94706.0
461532.3125,83014.0
261582.203125,24847.0
323846.3125,46736.0
412717.1875,128989.1015625
462648.59375,88257.296875
254218.40625,93981.8984375
478355.3125,56215.0
333293.40625,74257.796875
448593.59375,114768.3984375
410394.1875,150326.59375
381692.1875,123106.203125
395833.59375,86882.6015625
377565.40625,62147.8984375
431973.5,134397.796875
376899.90625,55693.3984375
397143.8125,107111.703125
357674.40625,64261.3984375
386594.5,110012.5
308504.40625,14160.5
472175.40625,228027.59375
310939.5,33717.30078125
553106.0,46110.1015625
466804.1875,21554.0
397599.1875,81257.3984375
562435.125,54122.3984375
355339.3125,68693.8984375
518287.90625,78865.203125
249269.203125,13694.099609375
448649.0,130126.0
320995.1875,55874.8984375
530075.375,200465.0
274298.40625,13009.599609375
561360.0,111223.296875
567200.3125,24588.900390625
337159.90625,24423.900390625
