Propidium Iodide PE-A,Alexa-647 APC-A
244858.5,13007.599609375
531449.125,284296.59375
321874.0,62730.5
276910.6875,59518.19921875
322848.09375,52909.1015625
547688.375,274770.09375
390842.6875,218226.09375
305747.1875,17483.599609375
493699.8125,250052.90625
480277.3125,380511.90625
307084.09375,59555.1015625
264824.0,25677.099609375
379598.6875,221350.203125
410985.6875,272760.59375
302204.5,21383.0
385399.0,256461.203125
355119.90625,195660.703125
262979.3125,30315.900390625
429720.0,284223.59375
405888.09375,288707.59375
475615.5,253649.40625
335119.5,65840.6015625
312613.5,24773.0
425817.09375,285180.59375
516391.6875,399766.59375
272123.8125,63107.1015625
359279.3125,21086.69921875
295223.0,154367.5
543374.125,276322.6875
457709.8125,354562.90625
447773.09375,202466.59375
510588.5,123658.0
279249.6875,27017.19921875
313382.5,195424.40625
453202.40625,178402.59375
366919.40625,191207.40625
313890.0,98913.5
328310.09375,30711.099609375
442231.09375,305589.6875
331567.40625,101732.1015625
553934.375,334371.40625
286342.5,23457.0
308986.5,57864.19921875
326977.0,142487.09375
497908.1875,285389.6875
444477.09375,309513.59375
458248.8125,333258.90625
578983.625,286585.09375
493216.09375,323068.09375
560007.625,294386.6875
389054.40625,269410.90625
335590.8125,97857.3984375
295754.40625,248076.40625
258409.90625,33403.0
286277.40625,55526.3984375
582773.8125,91427.3984375
393641.6875,269157.90625
521193.0,342808.1875
323366.90625,67717.8984375
358011.3125,223002.40625
332038.1875,132778.90625
317554.3125,77048.8984375
501777.8125,361474.1875
581628.8125,214143.40625
320991.59375,117330.0
409810.1875,246596.59375
358494.6875,249940.40625
354464.40625,183231.40625
417955.8125,236571.203125
316367.5,25511.19921875
272160.3125,13177.900390625
508785.90625,221498.40625
327690.3125,83807.203125
316529.8125,14267.900390625
368622.0,208399.203125
408651.90625,308492.90625
441210.09375,292838.5
531477.1875,320866.59375
348128.0,136534.796875
298209.90625,13808.900390625
369342.8125,152625.90625
413857.40625,258398.90625
343050.0,114878.703125
490403.6875,409608.09375
284877.40625,239262.5
332016.0,47834.6015625
432282.40625,266165.1875
321778.6875,133420.09375
351952.1875,216234.90625
492484.40625,341525.40625
390295.3125,328843.40625
517843.5,205907.703125
516029.40625,239165.203125
495858.1875,259634.09375
337226.8125,112538.3984375
438793.8125,267783.90625
474964.5,383229.6875
293558.6875,86968.1015625
480133.40625,287981.40625
339009.90625,126271.8984375
360643.90625,224900.703125
344460.1875,116858.1015625
358472.8125,146522.90625
461269.6875,350775.59375
316559.6875,46751.8984375
442993.3125,325181.6875
326850.3125,69727.3984375
523457.5,248324.203125
358229.6875,202244.09375
251974.40625,18251.400390625
458067.59375,289411.0
478727.90625,232029.703125
554277.8125,48616.3984375
534366.625,210181.0
450038.90625,310634.90625
426797.09375,308038.0
522604.59375,213006.5
456945.09375,249376.5
317252.90625,24247.400390625
345417.59375,142872.796875
309722.59375,32895.69921875
566304.625,73536.1015625
383989.3125,113634.3984375
350230.6875,116290.5
456429.09375,309117.40625
463009.40625,366974.6875
321058.59375,16809.69921875
356788.09375,74603.6015625
308770.6875,16968.0
315353.09375,140791.40625
299659.1875,75207.0
283553.90625,153227.296875
454203.09375,244218.0
326656.90625,16641.900390625
575878.0,271867.1875
366723.3125,110324.703125
351856.09375,127348.6015625
401991.3125,21818.400390625
474275.59375,314414.0
340910.90625,127589.8984375
363496.0,177653.703125
386095.3125,140810.703125
458821.5,259244.40625
342974.90625,154732.90625
468792.0,219301.203125
276907.59375,90924.796875
469387.09375,208384.203125
566991.125,287311.59375
443630.8125,374925.5
561327.3125,275860.40625
308230.5,49377.69921875
478396.1875,364626.5
494087.59375,307398.0
441500.90625,260603.40625
464982.8125,280997.09375
453599.59375,280586.1875
328616.40625,134845.40625
352706.0,173617.703125
460763.59375,281440.6875
449479.40625,353707.90625
329651.3125,56669.6015625
533273.125,311359.6875
445248.8125,343705.0
302397.09375,50813.19921875
475606.6875,298907.6875
326268.6875,33649.1015625
270607.09375,125087.703125
293736.09375,62160.19921875
558932.8125,283092.09375
326246.8125,100922.203125
355899.09375,122118.203125
349006.3125,151055.0
560349.125,189423.703125
323487.8125,132874.703125
448424.90625,350777.8125
342624.1875,131456.703125
305771.3125,29548.099609375
351302.09375,176394.203125
395793.8125,278389.40625
357676.1875,204288.09375
327693.59375,122731.703125
419358.0,253433.0
573822.5,301672.0
536050.125,305030.6875
473235.59375,328276.6875
432419.3125,278445.0
308656.1875,60345.69921875
307235.6875,42440.6015625
428110.0,247098.0
443458.0,303191.1875
517243.0,244846.0
295135.8125,113600.203125
307549.09375,36508.69921875
425354.90625,333505.90625
375424.8125,206809.40625
327315.6875,65035.1015625
606413.875,217021.90625
489039.8125,313345.1875
353934.8125,120415.0
294175.09375,19015.69921875
559497.1875,287261.09375
575185.8125,281031.09375
387923.09375,246984.203125
436836.59375,189963.703125
322541.8125,107706.8984375
518730.59375,338212.6875
362285.40625,252120.90625
331445.8125,59568.19921875
325591.6875,59778.69921875
380660.8125,205071.40625
295544.90625,84205.296875
349678.90625,93368.6015625
334681.3125,91498.296875
380779.5,231919.90625
390568.40625,122764.3984375
473709.1875,279018.09375
383917.6875,220774.09375
527865.875,183070.796875
329625.09375,61569.30078125
288448.09375,22118.0
316024.6875,33418.69921875
376311.8125,276230.3125
540402.375,289259.3125
318190.40625,225532.09375
372234.09375,249618.796875
504904.1875,249189.703125
269234.8125,67238.796875
579545.875,277780.09375
378715.6875,193235.90625
399848.90625,252053.203125
458406.6875,291976.59375
348943.90625,182428.296875
537842.875,228561.09375
543119.625,195384.296875
543200.875,25024.30078125
564114.875,125581.203125
309093.90625,19814.599609375
304098.59375,85830.296875
393322.1875,301357.1875
390954.40625,237160.203125
491324.90625,333648.59375
409527.90625,257486.703125
497828.09375,284697.5
342153.0,121501.3984375
296733.1875,18387.099609375
316405.6875,107343.1015625
442808.1875,308118.09375
392254.1875,235142.59375
422003.90625,231212.203125
465103.40625,280412.59375
459330.90625,265705.6875
450567.40625,254258.09375
379514.59375,125857.0
282326.59375,60335.80078125
319728.1875,47088.19921875
338169.3125,113867.296875
363394.8125,115401.8984375
557561.375,234258.09375
305379.1875,14154.400390625
451987.1875,333781.1875
382157.3125,191036.296875
314166.40625,18473.69921875
436634.90625,318366.1875
368921.40625,189375.703125
402104.90625,198282.09375
283793.59375,46180.80078125
324217.40625,87149.703125
291002.8125,21984.80078125
285892.8125,58201.3984375
489115.40625,286643.09375
301291.5,49636.3984375
340220.40625,130660.796875
362231.90625,150976.703125
296357.40625,24044.69921875
487039.59375,281826.0
315399.3125,59849.3984375
381671.6875,200176.09375
349910.5,215368.59375
419277.59375,229394.09375
490080.0,26525.0
433706.8125,266297.8125
337468.5,71678.3984375
438854.59375,307859.59375
420542.6875,294546.59375
412161.90625,287032.8125
328065.40625,61207.80078125
329566.6875,85167.8984375
392861.8125,218142.703125
261133.59375,172489.09375
317103.5,46470.1015625
548644.6875,310899.40625
353084.1875,120949.8984375
572107.8125,195753.203125
303733.40625,20855.80078125
525437.0,182926.0
465378.3125,302774.40625
340862.90625,151533.703125
493091.59375,105480.6015625
399777.0,268766.09375
350660.40625,170782.796875
300774.1875,253859.09375
279954.0,13372.599609375
485786.6875,249835.40625
312663.59375,32982.1015625
348890.6875,90551.8984375
530003.375,377425.8125
317622.59375,121640.6015625
256680.703125,12545.099609375
430405.59375,285735.59375
306663.6875,123706.8984375
508857.5,286156.09375
327522.40625,97965.796875
403933.1875,182212.09375
513901.0,278057.09375
319745.1875,124014.3984375
357507.59375,141043.09375
262530.5,17595.099609375
308631.6875,17785.900390625
322980.90625,49014.30078125
392758.09375,163795.09375
551339.0,352035.09375
304674.1875,32940.8984375
485405.90625,250060.296875
296205.6875,36689.1015625
338193.40625,92923.1015625
513611.3125,334277.3125
268386.3125,20126.30078125
462054.0,252458.40625
342285.3125,103896.296875
367199.8125,264219.8125
417824.3125,243041.796875
546090.3125,274275.3125
556308.375,290020.8125
397871.90625,257007.59375
326807.3125,26745.599609375
485628.1875,317979.0
388386.3125,229811.296875
393903.8125,284324.8125
324961.3125,217502.296875
353248.90625,87117.1015625
314987.5,47494.69921875
325025.40625,76284.6015625
253436.796875,25520.30078125
387989.90625,252417.796875
363448.8125,237619.90625
469240.90625,344447.09375
280385.3125,127532.296875
352996.0,187405.296875
294342.40625,74096.6015625
390387.3125,272953.90625
552628.875,119065.6015625
459059.3125,332750.8125
315675.3125,201405.296875
450182.8125,249396.796875
414834.8125,151412.296875
406479.8125,235320.796875
346432.5,91582.203125
323001.1875,95722.5
311233.59375,22182.599609375
364784.0,128085.203125
428746.6875,318694.40625
376851.40625,193142.203125
304759.3125,14374.400390625
433382.1875,267608.1875
431288.5,253489.40625
345542.8125,255842.703125
368664.5,259665.5
398300.09375,289915.90625
516403.59375,269898.40625
440922.3125,284164.40625
322522.8125,20310.69921875
541026.1875,250972.90625
346392.59375,141014.90625
367347.09375,103115.796875
417876.3125,193309.5
584468.5,30785.0
362751.40625,157048.203125
302216.3125,53778.8984375
356218.6875,244798.703125
325046.59375,117346.8984375
307130.8125,19852.900390625
312136.1875,14421.7001953125
542890.3125,392037.6875
249733.59375,38513.3984375
477294.59375,321798.3125
553005.3125,391890.5
566432.5,188216.0
318315.1875,70159.8984375
505432.6875,286060.90625
431359.09375,285740.90625
413335.8125,250815.703125
354788.90625,223128.90625
248939.59375,14937.5
408321.5,275413.0
475350.59375,341991.90625
373337.3125,182447.90625
535734.6875,249755.703125
265949.6875,12852.2998046875
520871.59375,297376.8125
467274.09375,294604.5
471326.40625,294840.40625
343566.6875,139736.40625
317010.3125,38320.3984375
471140.8125,249749.40625
290585.0,19368.400390625
567552.3125,143238.40625
595350.1875,235399.703125
438803.59375,273490.90625
406049.3125,265700.1875
467457.6875,124818.3984375
539227.6875,223136.203125
303347.09375,20235.400390625
391731.3125,27002.400390625
272733.0,45760.8984375
496983.8125,319230.6875
553857.6875,145356.703125
430595.09375,285257.40625
529638.5,32004.19921875
314553.6875,22238.80078125
439870.59375,294240.6875
333833.0,137584.59375
465305.3125,259062.09375
370798.0,208248.703125
392803.1875,288378.3125
562988.625,254417.703125
331937.0,67578.1015625
471079.40625,286490.5
466133.3125,324035.59375
468335.09375,166160.5
533774.8125,262011.40625
588463.1875,267417.09375
286297.6875,16818.69921875
507079.5,343219.6875
481599.3125,336295.3125
606022.0,95627.203125
343998.5,141135.203125
372754.09375,223236.40625
524435.0,256681.203125
324894.1875,50004.80078125
335156.59375,98020.203125
341783.8125,170223.296875
434339.3125,251051.90625
466257.09375,277663.5
348963.6875,100163.8984375
367476.0,169688.703125
335119.3125,104065.1015625
567448.6875,172804.796875
325155.5,73940.8984375
287414.3125,27568.599609375
448294.3125,307446.09375
320516.0,186296.59375
330662.0,163344.703125
488555.8125,209695.59375
542391.0,222585.703125
327479.1875,114015.703125
535669.1875,307928.90625
499816.3125,269389.09375
392795.3125,314345.3125
345082.3125,212996.40625
508075.8125,239613.40625
453851.6875,253861.40625
388194.3125,270038.09375
338546.0,146559.203125
333782.0,104330.203125
293416.5,26476.19921875
483318.1875,283983.8125
441377.59375,366706.1875
602635.8125,217405.09375
467996.0,297685.6875
312089.0,54024.19921875
368552.09375,158453.40625
291622.8125,15441.099609375
362082.6875,241464.703125
449344.8125,264912.8125
364836.0,112382.0
432910.6875,222985.90625
350192.59375,188211.296875
415062.3125,171849.203125
602564.5,177526.59375
335342.6875,124631.796875
407896.6875,264386.5
370461.3125,63770.19921875
393438.90625,248575.59375
548822.6875,127747.296875
362739.1875,223851.203125
315900.6875,64915.3984375
323744.1875,15974.5
357470.6875,221030.90625
427579.5,201278.59375
257289.90625,15139.7001953125
487629.90625,244241.09375
334094.1875,77865.796875
496901.3125,317583.8125
319502.6875,33067.80078125
519065.3125,359362.3125
503512.1875,252919.90625
480776.6875,237918.296875
561618.1875,249272.203125
328191.0,76024.3984375
476646.1875,322789.5
377552.3125,289280.6875
385454.09375,290897.59375
338563.0,125961.0
324860.1875,62687.0
376167.90625,217278.203125
300378.8125,16459.69921875
399169.90625,256812.59375
486990.6875,362166.3125
346852.90625,142288.703125
519003.6875,277418.1875
513608.8125,203773.203125
331158.90625,102598.203125
358853.6875,206800.703125
318074.09375,15299.099609375
388093.6875,267728.0
426486.90625,237051.09375
572221.875,31776.69921875
595234.6875,31531.900390625
286172.1875,15739.7001953125
564999.1875,272128.90625
392087.5,262431.09375
553161.375,184094.203125
289723.3125,19251.30078125
512791.0,152697.09375
379756.1875,234118.5
567316.1875,233222.40625
393695.6875,208840.796875
261042.90625,13764.599609375
551688.125,126648.1015625
382646.0,224731.0
325489.1875,16154.5
330490.3125,138074.203125
354503.40625,201779.703125
551055.8125,345549.8125
344762.5,139218.5
307935.40625,30230.19921875
462684.40625,375958.8125
385695.8125,260734.5
565063.3125,184556.59375
414615.6875,242285.40625
546902.5,330770.3125
396451.40625,278365.1875
571236.125,236744.203125
454463.40625,256176.296875
438855.6875,246759.5
585690.5,156146.703125
517208.8125,306112.09375
406862.90625,248119.59375
572388.625,336892.1875
493216.3125,343311.0
430124.1875,246458.0
320603.59375,199393.703125
286988.3125,20864.099609375
333839.90625,103280.1015625
445059.09375,223948.40625
534418.0,345659.6875
438331.0,262411.3125
397589.90625,279526.8125
307072.6875,44475.5
347688.90625,121658.203125
529921.625,309514.6875
538314.6875,294734.5
419645.0,249740.203125
576089.375,162712.59375
561492.875,222333.703125
405379.09375,288033.8125
274304.90625,46462.80078125
443321.59375,290675.8125
498882.1875,215200.0
366931.0,203400.703125
553446.125,164085.40625
344285.0,119431.796875
376731.3125,240766.796875
297942.5,17072.099609375
336864.90625,120253.703125
413814.40625,278362.6875
337981.09375,88468.703125
521696.59375,283668.8125
314072.0,44915.6015625
320607.6875,49087.5
527068.5,247885.703125
416626.59375,281476.90625
351044.1875,120466.8984375
535657.625,187200.796875
385356.1875,178131.703125
518967.6875,244261.296875
307914.0,65721.796875
441142.09375,315711.6875
328986.0,100056.5
524549.6875,262349.8125
336485.6875,71101.296875
351079.09375,161514.09375
330087.09375,53213.19921875
519767.90625,277722.40625
448162.09375,344249.0
301039.0,237133.5
394563.59375,169616.203125
267279.1875,92582.296875
440449.40625,299330.6875
501192.5,327303.5
304905.6875,49400.5
415055.09375,265037.1875
487339.6875,137425.796875
481851.59375,301242.09375
576940.5,206644.796875
322357.6875,65211.5
417201.90625,257375.203125
382255.09375,231113.203125
264147.6875,198541.203125
312973.6875,155178.5
472729.6875,282062.8125
480198.5,272812.8125
403253.59375,161741.703125
528975.6875,206843.5
469377.0,92256.796875
396417.90625,214340.90625
355916.40625,212810.703125
302615.1875,24449.0
411914.6875,350587.6875
411426.59375,308584.59375
293424.0,15075.7998046875
321644.09375,140535.203125
279163.90625,35306.3984375
526466.5,297008.0
493426.40625,35571.69921875
326061.09375,49796.30078125
586911.125,102994.203125
313722.90625,27613.900390625
401571.5,268468.5
484830.40625,295455.6875
359483.59375,171702.0
397357.5,275120.6875
342278.3125,187172.59375
307610.0,36874.80078125
592495.5,33218.1015625
339846.0,121625.203125
438366.6875,287493.8125
455323.0,239716.703125
396497.1875,257540.5
415454.1875,214713.0
308462.8125,15536.099609375
415128.6875,313701.8125
463787.09375,321389.5
486967.6875,288187.3125
273553.0,140682.296875
460724.5,222578.703125
497671.5,256567.09375
438007.1875,272510.0
365868.0,127274.8984375
370247.8125,148194.796875
522365.0,269632.1875
422349.1875,275517.8125
470622.0,321869.1875
356064.1875,198781.0
378824.8125,222919.09375
576881.5,81819.703125
299960.0,18572.599609375
495054.6875,197404.296875
432819.5,289389.1875
410829.0,260916.296875
314437.0,19526.69921875
528313.5,315681.09375
379562.0,195987.90625
389491.1875,286705.3125
433489.5,294158.8125
481754.5,317113.6875
409302.5,288467.09375
321165.0,158947.40625
358065.5,236753.09375
389375.6875,248564.0
353847.0,125286.703125
436351.0,243703.703125
489057.6875,365040.3125
331335.5,117568.296875
310649.5,40683.19921875
349425.1875,249366.5
313274.3125,160252.09375
434995.5,343030.3125
292655.5,44117.69921875
330256.09375,32595.900390625
416937.0,292817.40625
469129.0,269270.1875
431278.59375,368585.0
311401.5,74897.703125
395946.6875,33578.30078125
427074.59375,299485.5
430736.0,296452.90625
465275.8125,275171.3125
384909.0,271024.6875
357607.09375,171749.296875
344379.09375,126433.8984375
450648.40625,379852.1875
495250.6875,287887.6875
302661.1875,14400.5
339449.3125,15825.099609375
309197.59375,26718.80078125
350119.0,202779.296875
448519.8125,253203.90625
560901.875,276887.59375
540223.125,283008.90625
281740.09375,35735.30078125
277823.40625,137757.703125
535376.375,256766.703125
468770.5,345163.09375
548482.375,339738.1875
352998.8125,195327.40625
410447.09375,257504.5
476011.40625,323109.09375
492758.8125,262702.59375
529565.375,268173.6875
326917.6875,160462.203125
309182.0,38742.80078125
258027.796875,19959.900390625
366523.59375,189893.0
472196.8125,368625.09375
431535.09375,315285.3125
367337.40625,217059.703125
337811.1875,66283.203125
317118.09375,89505.8984375
473583.8125,364611.0
462692.59375,218348.796875
459598.1875,309650.1875
468981.5,314572.3125
393728.1875,257957.40625
378122.09375,212124.5
353383.3125,181665.59375
276119.0,13059.599609375
457935.0,347332.3125
313788.8125,136043.90625
322059.0,138374.59375
327106.1875,53468.19921875
352195.90625,215963.59375
318483.40625,91034.203125
477693.09375,343511.3125
357873.90625,122695.703125
397536.0,295022.59375
528462.6875,310263.1875
362139.8125,182736.90625
330738.1875,64750.80078125
315069.90625,71085.6015625
368570.59375,248156.296875
288626.40625,29070.19921875
491757.1875,302456.09375
344184.5,182088.796875
434405.90625,287071.09375
317682.3125,44437.8984375
530225.3125,324245.09375
353092.90625,144861.59375
399574.6875,236627.09375
340997.1875,80828.6015625
410519.8125,323866.59375
343379.5,127301.296875
299437.90625,56066.1015625
372267.09375,225348.40625
330892.09375,126570.703125
352541.09375,140678.703125
445565.0,193790.09375
318872.0,29304.30078125
379699.6875,156607.59375
390597.3125,286932.90625
378166.1875,101868.1015625
429529.59375,260125.203125
385774.5,249871.59375
390805.90625,187163.09375
312288.59375,53370.1015625
326686.3125,98885.3984375
345967.0,149018.796875
576744.875,261693.59375
478055.09375,240983.09375
261504.703125,29456.099609375
596343.375,171352.09375
326611.8125,109082.3984375
408135.59375,268662.1875
417260.3125,325582.40625
590053.125,30402.69921875
506742.5,329558.8125
546194.625,121332.6015625
535812.125,378181.1875
328256.09375,92263.703125
533280.1875,360213.6875
299958.1875,15523.7998046875
555746.8125,91223.703125
543657.6875,332449.3125
476915.8125,314186.1875
528642.8125,279882.1875
520859.40625,365304.1875
314520.40625,67202.203125
494482.1875,423674.3125
386641.3125,221888.296875
288092.90625,34948.19921875
302339.40625,19726.19921875
499962.6875,366580.1875
421275.8125,312644.3125
267774.8125,72519.703125
451193.6875,322609.09375
374979.40625,173243.203125
543471.875,383453.1875
251233.59375,144568.0
315815.0,42712.0
531508.125,234383.5
264884.3125,126709.203125
560186.6875,385510.3125
569005.125,149718.5
386218.90625,145312.203125
558128.3125,275071.90625
322977.59375,106620.5
506722.8125,360177.6875
402157.6875,325632.3125
542705.5,293154.1875
315109.59375,54459.19921875
327142.8125,125646.1015625
501019.3125,312157.1875
380571.3125,165293.703125
441467.8125,268353.0
312512.59375,196431.203125
406643.0,317148.6875
528470.8125,326036.1875
328834.3125,15751.0
372971.09375,231799.40625
274111.5,27984.69921875
420020.3125,215017.59375
289359.8125,26922.0
297862.5,42193.69921875
326404.5,60176.8984375
466417.59375,345414.1875
586695.3125,132805.09375
381111.5,241527.203125
316504.8125,103750.703125
312395.0,24575.900390625
483481.6875,197030.09375
323397.59375,82285.703125
509382.8125,305299.5
354823.5,182368.703125
293012.0,72269.3984375
573243.5,28392.0
447913.0,355891.5
319834.8125,51742.3984375
333252.09375,84051.5
330835.0,142984.5
329898.5,87571.0
342757.5,229438.5
330084.5,104701.6015625
305926.90625,16897.599609375
438631.1875,260731.09375
312083.8125,55024.8984375
320097.59375,41618.5
399771.09375,269148.5
395552.40625,223113.703125
316466.8125,113935.3984375
286047.3125,112604.3984375
362705.1875,192620.59375
341189.59375,165109.5
319900.90625,38824.1015625
378061.5,244024.90625
482426.40625,282493.1875
490166.3125,286250.3125
290292.59375,17271.30078125
561149.8125,206458.0
557277.375,121230.203125
453428.3125,327483.0
519220.59375,241396.5
377649.5,276996.5
259815.796875,55741.8984375
422995.5,242550.0
482176.0,354309.59375
355614.59375,162741.203125
351061.3125,157475.40625
326068.09375,115301.5
305027.3125,42533.3984375
378545.40625,252508.09375
355888.6875,232306.59375
549725.0,35972.6015625
349140.3125,223029.90625
468384.3125,311202.8125
445874.0,292412.90625
538389.8125,217150.796875
537660.125,203812.0
543898.6875,225520.09375
331274.8125,102932.796875
377700.40625,217212.09375
285986.5,33402.30078125
410667.3125,248060.5
324246.40625,185838.703125
308946.6875,56967.6015625
584517.5,67517.3984375
330152.5,175346.296875
519626.90625,259106.703125
325489.09375,50871.3984375
489323.8125,234435.796875
428692.40625,308804.6875
493931.0,315197.5
352541.0,253218.5
361478.0,154393.90625
366054.8125,214783.703125
315660.90625,122139.6015625
315396.0,67406.8984375
355654.59375,199009.59375
320040.8125,80313.796875
421471.40625,283388.6875
425303.5,313891.90625
472451.09375,288762.59375
509735.3125,300387.8125
551800.375,34068.6015625
311522.90625,42576.19921875
401810.0,265873.0
383062.90625,235088.09375
405777.40625,293395.6875
301612.5,22980.0
318421.59375,15470.599609375
458202.0,327354.0
337653.6875,87627.6015625
396084.40625,286993.6875
320519.0,86757.0
375388.8125,25657.80078125
457659.3125,342232.6875
370147.5,273089.5
521491.0,327010.90625
454243.8125,193425.296875
366128.90625,219641.09375
349476.5,121277.0
459066.3125,364553.8125
357584.40625,197313.09375
514041.90625,66085.703125
505442.0,330461.90625
559021.625,196029.59375
305300.8125,36019.69921875
393791.5,244976.796875
389007.59375,244740.0
564035.625,157403.0
381226.1875,188985.59375
535317.8125,331958.3125
470440.09375,299777.0
310137.3125,76147.296875
314471.5,87693.6015625
546574.375,287860.1875
525467.8125,277637.90625
280818.5,44086.8984375
528071.8125,218257.796875
507810.09375,332222.8125
477240.59375,359221.8125
315906.1875,16086.0
497801.3125,246731.796875
497935.40625,118902.703125
320028.09375,93468.3984375
461999.40625,281067.1875
381138.6875,25244.599609375
491742.3125,318397.6875
404440.59375,207848.5
377431.8125,227766.796875
359746.8125,100772.796875
299931.1875,47834.0
301435.90625,25252.19921875
582659.0,102372.1015625
359229.3125,165758.296875
469271.1875,393265.0
403047.8125,279600.3125
345476.90625,147927.703125
449146.5,291002.09375
544602.125,269925.0
364597.8125,196105.296875
326990.6875,91452.1015625
309830.1875,22409.0
576217.8125,51861.30078125
436575.5,292381.59375
307409.09375,15633.400390625
336902.90625,164996.703125
308688.6875,238171.09375
416971.6875,222058.5
487596.40625,209179.703125
407308.5,268530.09375
324032.59375,135918.90625
437190.8125,140319.40625
347098.1875,69293.6015625
336243.5,171181.59375
382907.59375,174827.5
538610.125,26765.30078125
338763.3125,88371.796875
348249.59375,156959.90625
342310.90625,34628.19921875
548167.3125,201122.296875
435391.8125,221583.296875
438403.90625,206231.796875
459558.40625,301013.8125
249899.59375,54298.80078125
379921.5,154477.203125
323939.6875,87443.796875
387800.3125,288344.3125
266780.8125,33167.30078125
512036.40625,257390.796875
330439.59375,81448.796875
349019.6875,211878.40625
310200.3125,14517.400390625
368613.90625,235220.59375
510164.09375,289154.40625
267803.90625,14431.2998046875
421484.59375,344231.3125
594971.5,65923.203125
583143.3125,38223.3984375
529083.1875,339876.3125
325352.8125,106182.296875
442863.40625,285279.3125
311443.09375,41364.80078125
294361.1875,13948.400390625
286220.59375,69590.6015625
317459.3125,32546.400390625
556723.6875,236998.796875
333556.40625,110390.796875
364528.59375,232755.796875
340185.6875,157634.40625
328470.09375,110040.296875
356693.40625,256761.796875
401021.3125,283553.90625
359458.40625,274453.09375
394428.0,207086.703125
392099.1875,250450.09375
276633.09375,65996.3984375
415245.3125,213318.296875
368109.5,192801.203125
269402.8125,49093.3984375
454793.90625,263834.09375
503224.40625,366062.59375
528291.1875,237256.40625
332143.90625,77915.296875
404410.0,268407.1875
469778.40625,255283.09375
303023.3125,50724.5
531640.5,318776.0
569802.1875,247014.296875
562576.6875,45794.8984375
573356.125,259537.59375
332187.6875,184366.203125
470741.90625,305647.09375
560424.1875,234852.40625
455922.90625,201506.59375
470927.90625,278222.90625
322455.0,74582.8984375
297571.40625,31288.5
569016.3125,129835.5
425006.40625,271850.5
489583.40625,246745.09375
549185.1875,232486.40625
509230.0,313279.0
298096.59375,78661.1015625
343976.90625,176369.09375
433395.59375,253983.90625
436539.59375,276255.09375
333588.6875,132994.90625
352572.0,194131.0
301961.59375,75837.1015625
324909.1875,95017.703125
329423.1875,177244.40625
329998.59375,128813.3984375
313931.09375,100346.6015625
502618.1875,279582.1875
391920.8125,262119.5
302031.59375,70594.6015625
313358.1875,77718.703125
490495.90625,214133.59375
376871.90625,321117.90625
312188.8125,30174.5
414304.5,253093.0
334524.09375,15711.099609375
414701.6875,247946.203125
549183.875,242937.59375
437754.59375,265607.90625
517700.40625,74420.6015625
300128.0,28279.0
433216.6875,196693.703125
462460.90625,314683.90625
326925.0,181306.90625
351367.0,118760.703125
443440.59375,304597.3125
427950.5,315511.1875
472716.3125,368230.59375
543169.875,331937.59375
372627.09375,204900.796875
435937.3125,273498.09375
324579.0,160015.203125
539563.375,360536.0
391192.5,209898.703125
417736.40625,267356.6875
570306.125,348321.3125
507203.8125,288073.59375
375205.40625,171909.59375
444623.8125,265232.5
318603.09375,109659.796875
322403.8125,32707.400390625
327338.09375,95907.796875
476863.40625,276734.09375
299926.5,16547.0
338455.40625,75180.6015625
470528.0,333272.0
342087.5,261892.203125
427430.8125,300221.59375
432965.40625,339861.59375
498086.59375,359491.0
317805.40625,22685.0
313389.59375,94626.296875
390714.8125,258947.90625
456546.40625,310720.5
379947.09375,197342.796875
316540.5,42632.69921875
432997.8125,304414.09375
558212.8125,108139.3984375
436879.5,274514.6875
335372.3125,68126.6015625
302178.3125,26354.900390625
321864.40625,68027.0
360988.59375,30937.599609375
506438.09375,236742.40625
377265.3125,286929.59375
345805.09375,146200.59375
565285.8125,57295.6015625
378445.09375,252783.90625
533941.875,235372.09375
313940.5,69603.3984375
329866.09375,27390.099609375
329304.59375,95523.5
390477.8125,280193.5
327488.0,87916.5
379371.8125,23419.599609375
335024.09375,101281.1015625
321420.59375,82349.5
524462.5,429775.40625
361833.59375,171116.90625
377992.59375,243888.5
375259.40625,124753.1015625
323818.59375,113248.8984375
308889.3125,25593.599609375
336598.09375,76735.6015625
330435.8125,115176.6015625
383066.09375,252129.59375
265444.09375,79354.3984375
363768.8125,174784.59375
323229.09375,100261.6015625
395454.09375,280477.90625
446007.40625,369587.09375
369528.3125,160664.5
547674.0,66505.5
402223.09375,239893.59375
305581.09375,81493.5
279152.1875,84247.8984375
545357.375,343034.90625
344541.40625,228863.296875
401136.8125,187694.40625
407147.5,307385.0
393933.09375,201070.09375
323317.40625,29859.80078125
354474.3125,188842.5
404894.40625,255298.296875
297306.59375,66598.8984375
279662.8125,14748.400390625
385956.6875,212696.90625
565584.6875,305219.90625
368620.90625,207626.90625
561622.1875,137496.40625
515096.3125,288608.90625
416674.6875,209304.40625
420992.90625,325330.5
449387.09375,279078.90625
468777.59375,345698.59375
366077.6875,212841.40625
349233.09375,188242.5
298140.6875,19869.900390625
325814.8125,107833.0
334026.1875,100223.203125
360745.40625,179345.90625
563314.3125,50753.5
418561.59375,80225.3984375
299757.1875,29336.400390625
329112.90625,85749.8984375
254944.90625,133794.296875
395483.09375,215183.90625
421690.5,278947.5
417302.90625,292604.90625
303005.3125,21096.900390625
424618.3125,234638.5
378220.09375,282203.90625
481004.90625,219051.90625
564730.375,176091.796875
478964.8125,346082.0
380567.90625,230236.796875
336614.8125,138412.0
477943.59375,281629.40625
333500.40625,221317.40625
309947.40625,16168.2998046875
305615.0,40166.3984375
516649.59375,346530.90625
324777.40625,75054.296875
336538.0,62862.3984375
320875.0,63275.8984375
459676.59375,219749.40625
324158.5,126411.8984375
606817.0,30246.400390625
397143.0,239218.40625
386653.09375,257865.703125
565913.5,254000.90625
547673.5,294217.40625
302690.5,111088.3984375
599115.5,341189.90625
370214.0,237551.40625
401368.5,294151.1875
634170.3125,228239.296875
555631.8125,321049.3125
339126.0,159928.796875
511286.1875,262516.59375
351773.0,92604.203125
336280.5,160554.796875
524490.1875,364249.59375
372469.8125,202093.796875
521924.8125,298859.3125
549035.6875,203403.90625
395749.0,255224.5
297061.5,45568.19921875
385470.0,261995.296875
391179.6875,230185.09375
432542.0,318393.3125
379225.1875,248638.09375
475089.6875,308514.5
447508.8125,269032.0
517097.40625,83115.3984375
285540.1875,121311.5
382696.6875,167955.5
475640.40625,328882.0
574707.6875,160533.90625
340614.5,90318.296875
488855.3125,350509.5
339069.8125,194610.0
322981.6875,58779.3984375
456015.6875,269601.0
415836.8125,253739.703125
464861.40625,284808.5
518542.0,245922.296875
519824.1875,401217.40625
432502.90625,128202.8984375
453472.8125,328430.8125
584652.1875,113798.0
532018.3125,119763.0
327442.8125,16546.30078125
299978.40625,43028.5
559547.625,234601.90625
314801.6875,54633.5
497011.8125,294688.5
311930.40625,53945.0
494576.90625,291863.0
502757.59375,279437.90625
309016.3125,18904.69921875
349448.1875,107967.0
524700.5,298155.3125
404103.3125,227870.703125
568300.8125,174617.5
352084.8125,157347.0
305305.1875,15503.5
290785.3125,14571.2001953125
317738.3125,51271.5
350554.3125,152121.0
349662.90625,143142.703125
361385.59375,196054.09375
528686.8125,235684.796875
448133.09375,261069.203125
524887.3125,347164.59375
543074.625,191004.09375
513252.8125,321726.3125
408798.40625,282486.1875
337848.09375,117530.6015625
328734.3125,101952.796875
342548.90625,253037.203125
330988.90625,20359.80078125
393922.0,272791.90625
359884.8125,196645.90625
381599.40625,238073.703125
244031.296875,52673.30078125
541481.3125,192149.09375
270853.09375,38844.1015625
452402.40625,330858.1875
465292.3125,417444.59375
366486.59375,281598.6875
368432.40625,229272.296875
501104.90625,358234.6875
305361.5,39565.8984375
341970.8125,168742.90625
321483.8125,143763.296875
425816.59375,244325.203125
386240.3125,269430.90625
433710.6875,214787.90625
356182.8125,203318.296875
359209.1875,18051.0
302566.5,41813.0
443839.90625,251125.09375
325532.6875,93390.8984375
512802.40625,325771.09375
457470.0,258798.703125
329489.1875,86931.8984375
574200.6875,117482.3984375
452243.40625,413617.09375
324766.1875,109127.796875
563816.0,272242.6875
337066.3125,20276.30078125
323176.1875,49956.0
383114.59375,235880.40625
365121.1875,180333.296875
462710.6875,257088.5
404397.8125,234298.296875
337788.0,166591.796875
505439.6875,292075.40625
496874.6875,181779.796875
289739.5,31865.30078125
352115.0,148248.703125
304949.6875,43032.1015625
544282.0,258948.703125
472054.6875,216758.90625
395757.6875,183578.90625
314477.6875,14762.2998046875
508659.5,353932.6875
537737.1875,259261.90625
322984.5,74588.5
564951.1875,412628.40625
361394.1875,168719.59375
334468.40625,143240.09375
322871.0,52544.69921875
339024.1875,153089.09375
321683.8125,39555.80078125
383080.59375,248080.90625
559513.6875,268665.8125
296253.5,40521.30078125
355660.6875,216830.40625
386143.0,305648.8125
372247.0,196214.40625
465292.40625,364938.0
371354.3125,162036.703125
511721.6875,251467.703125
402786.90625,168306.5
412230.59375,192144.796875
510364.8125,216079.90625
329731.5,53441.30078125
493504.3125,306233.8125
384352.8125,196899.703125
316015.8125,111173.8984375
465795.09375,216246.296875
510172.0,424677.8125
323267.6875,179111.296875
330283.59375,40800.30078125
359978.0,211951.40625
467810.6875,339230.8125
357234.0,181161.796875
511242.1875,229525.296875
472206.6875,281901.40625
322044.59375,163207.796875
504687.59375,332749.3125
493120.8125,344879.40625
382164.5,176321.296875
312358.6875,44944.3984375
494417.6875,76695.1015625
508146.8125,219339.703125
318932.0,62361.30078125
313634.1875,35992.8984375
564468.125,124845.796875
386504.1875,226722.59375
348376.3125,279266.3125
554380.1875,252541.40625
312688.40625,40962.5
321219.8125,106871.703125
453093.6875,253142.796875
369829.90625,209394.90625
315165.6875,82460.296875
324981.1875,137445.5
355612.90625,225433.09375
344521.09375,210778.703125
322705.1875,208399.5
421466.90625,296313.90625
430271.09375,366546.1875
330425.1875,156726.0
295117.90625,52178.6015625
391382.6875,252982.40625
480523.6875,312231.3125
416142.8125,232138.796875
464808.40625,307639.09375
346475.90625,198861.59375
265099.90625,19914.900390625
499728.6875,298467.8125
369644.5,198221.09375
379647.90625,193168.0
390387.6875,191971.796875
462279.09375,211139.59375
507853.5,398715.3125
424846.09375,179868.703125
430909.90625,267258.09375
596857.1875,31021.80078125
568376.6875,118107.0
548464.6875,274824.8125
343018.5,192340.09375
459624.59375,275326.40625
416104.40625,124258.8984375
372411.1875,187771.296875
399799.6875,269474.0
439717.6875,290491.0
449915.09375,276127.1875
332648.1875,101776.796875
278993.90625,34665.8984375
500120.1875,261365.0
555498.375,215110.40625
361355.6875,208749.5
512840.40625,363428.0
307268.1875,46121.3984375
341984.09375,70111.3984375
286318.6875,27556.30078125
381742.6875,253215.5
474061.40625,332566.6875
289498.5,96877.203125
443557.0,248373.59375
414808.1875,257097.703125
444105.90625,326919.09375
299450.0,15720.2001953125
565319.1875,290104.1875
306940.09375,138789.796875
442959.90625,241580.59375
562578.5,199352.0
440215.40625,185237.296875
306596.09375,77608.796875
438991.1875,257203.203125
497977.90625,317993.6875
403317.09375,288043.0
566587.875,298199.3125
247988.296875,57025.30078125
421108.09375,313702.8125
298860.1875,24851.19921875
300554.6875,107170.703125
450773.90625,284717.09375
497625.0,327648.0
324468.59375,121091.5
307594.90625,19169.30078125
462033.90625,274400.1875
295912.40625,14124.099609375
353115.40625,99568.1015625
386016.0,174368.703125
325100.90625,82190.203125
474072.0,343018.59375
329743.40625,14901.7001953125
370037.90625,160243.09375
314659.40625,85960.703125
355135.5,193573.703125
354988.5,203176.0
485554.40625,306357.0
397419.90625,323140.6875
603622.875,55697.6015625
315550.40625,57880.19921875
369003.6875,187789.203125
375112.8125,266983.6875
392876.3125,217567.703125
416788.90625,234059.296875
310810.5,48547.30078125
525735.6875,324546.40625
423444.40625,286704.8125
369978.5,196824.796875
346689.09375,129779.3984375
347401.6875,47818.69921875
297458.5,96972.296875
410480.09375,254227.796875
315626.8125,160988.703125
336668.6875,111254.203125
331418.40625,112068.203125
495590.0,325053.3125
418393.40625,252171.203125
331606.0,115642.796875
457042.90625,260284.09375
333003.1875,35743.69921875
316850.40625,35080.19921875
323538.59375,99554.796875
505764.59375,345224.40625
448954.90625,335421.59375
344553.90625,101119.1015625
321354.90625,89207.203125
374736.5,213747.296875
311014.6875,60056.19921875
462944.90625,158848.59375
400095.0,215475.796875
497287.59375,102355.8984375
496378.40625,316389.5
530306.3125,242003.203125
303405.5,55683.80078125
301862.3125,37857.69921875
523547.90625,134831.09375
457096.09375,281524.40625
322745.40625,37470.0
318254.90625,94013.1015625
466351.90625,273212.1875
407658.5,285929.3125
407181.40625,304775.0
363784.3125,192238.203125
420097.0,306282.8125
429480.8125,214546.703125
421425.0,308107.5
573947.0,240194.296875
470217.09375,326380.8125
537694.5,303824.8125
468267.6875,279891.90625
332084.8125,77916.296875
336899.3125,52785.80078125
346454.3125,136867.59375
295922.6875,78441.0
526181.1875,235876.796875
453577.6875,355135.5
420944.0,278198.5
407943.59375,333432.90625
337717.1875,99002.5
484740.0,279242.0
329961.59375,159490.90625
343687.3125,142972.796875
324226.59375,133038.203125
376927.8125,217716.296875
534361.6875,222954.0
366101.8125,251231.296875
354331.6875,270196.8125
562848.0,182878.5
334001.6875,234483.0
544568.3125,315570.8125
305972.1875,27907.80078125
384766.59375,249566.703125
438806.1875,233548.796875
438877.09375,335603.6875
365344.8125,153028.796875
365190.0,214213.796875
410147.40625,272355.5
368647.0,195382.203125
426854.8125,288005.0
428720.40625,257098.703125
545644.125,174940.0
544168.3125,422171.40625
494043.8125,240570.0
309137.8125,37425.6015625
399484.3125,214120.703125
415191.8125,253388.0
382194.8125,198006.796875
337991.3125,135323.09375
313006.0,46998.0
472912.8125,280053.0
482443.6875,325301.8125
403880.3125,268896.6875
509175.40625,288789.8125
304049.1875,58585.30078125
570824.0,222655.203125
584368.0,87392.203125
567482.0,31600.099609375
407723.90625,272041.3125
444607.3125,296899.6875
540404.0,350283.09375
411836.6875,211559.296875
306880.3125,26380.400390625
309086.6875,37175.80078125
513652.1875,309782.1875
312852.5,54336.69921875
472978.0,334033.1875
301003.90625,22446.30078125
532849.3125,261003.296875
538492.8125,240370.703125
327771.1875,43093.69921875
501838.0,322380.09375
385705.0,288126.8125
336509.5,133691.703125
499599.6875,255258.203125
437757.5,299195.09375
334373.1875,41020.30078125
583009.5,163673.203125
546472.6875,189829.796875
473777.6875,223613.703125
498775.0,315736.0
475252.5,321352.3125
267868.3125,29045.80078125
467937.1875,286529.8125
317580.5,171261.203125
408787.5,354590.1875
452970.0,353468.5
420334.40625,308855.8125
307017.6875,144256.296875
334378.8125,210119.796875
363171.8125,215089.90625
436132.5,248233.59375
405345.8125,236442.09375
318425.90625,53317.5
323165.59375,85930.0
520330.8125,262349.6875
432415.0,175296.59375
309862.40625,55070.5
542734.6875,314390.5
407790.90625,207676.296875
261948.796875,161433.40625
323492.0,168474.40625
372039.8125,212015.09375
316679.90625,35842.5
535949.5,351315.59375
324478.3125,126390.1015625
443487.59375,276996.0
558330.3125,25688.099609375
510461.0,269563.90625
497341.8125,315276.1875
354010.8125,235274.09375
553172.375,204792.5
453508.5,311890.09375
399045.90625,251472.5
503108.3125,216179.703125
310688.0,153529.40625
298527.09375,85338.0
397901.0,274183.09375
333829.59375,66979.5
442538.3125,292407.6875
540828.3125,363241.59375
283445.59375,190478.5
573914.875,284808.0
463189.3125,240496.203125
352778.0,18182.099609375
350320.0,229266.09375
448552.09375,282566.5
309649.6875,42152.0
327069.59375,46534.69921875
272414.09375,28066.19921875
543932.875,104635.796875
346285.1875,114250.796875
531141.125,371101.5
459329.90625,333652.09375
294784.1875,26680.400390625
293837.0,58669.3984375
476756.6875,294342.6875
542079.5,197028.796875
500469.5,335830.8125
549680.8125,313822.8125
300719.1875,27756.30078125
432910.90625,308963.09375
364214.1875,136495.90625
565491.125,350519.6875
548378.625,365895.6875
520366.6875,287837.3125
396698.09375,235168.5
310044.90625,22887.599609375
317070.0,76717.8984375
437045.1875,336135.1875
436978.09375,310986.5
487622.8125,293664.0
338509.3125,84297.796875
325543.09375,116421.703125
565240.8125,143868.40625
365880.59375,18741.5
524139.59375,147701.203125
504750.90625,272220.8125
477923.59375,346095.3125
342423.6875,75788.3984375
608723.375,185031.296875
357838.8125,139328.40625
363090.09375,186229.296875
264534.09375,14469.7001953125
535403.875,294286.8125
371460.59375,86547.796875
347125.59375,152786.703125
339184.09375,144546.796875
539204.8125,255371.40625
313793.90625,108001.6015625
396411.0,247342.40625
513308.09375,262871.1875
344964.6875,158590.90625
480423.09375,303107.5
474217.90625,323455.8125
306488.6875,84961.296875
445690.6875,279434.90625
373732.8125,263789.0
381858.6875,229870.203125
347584.5,207506.0
345048.1875,99121.0
560789.5,37115.0
343347.1875,113416.0
489026.8125,307817.3125
264910.6875,19716.30078125
462606.0,339975.1875
366934.09375,183606.09375
461411.3125,328244.0
330354.59375,79261.8984375
317740.40625,16443.19921875
460133.8125,279688.5
469180.0,306938.0
464037.5,314081.0
322789.09375,129400.6015625
309190.0,17611.5
298637.6875,100673.703125
464147.1875,303681.0
450016.59375,78919.6015625
487754.8125,268302.5
406954.3125,285420.8125
311369.0,17563.19921875
400913.40625,311003.5
460573.8125,310369.5
354993.1875,187037.203125
491047.1875,289179.0
361997.5,179980.5
336005.09375,154463.59375
480400.8125,259465.0
364135.5,279220.0
552156.0,247594.203125
374958.40625,287845.5
327615.59375,14786.599609375
310095.8125,25707.19921875
379626.1875,279541.6875
314564.6875,78616.5
452195.09375,235127.09375
316371.3125,81049.0
342987.0,120458.5
334009.6875,215621.203125
263220.59375,84422.6015625
448755.3125,258866.0
489924.59375,345268.59375
350462.8125,179745.296875
367252.1875,241870.796875
384854.6875,209900.796875
299206.59375,31570.599609375
425653.09375,312050.6875
326205.59375,85986.796875
269861.59375,128991.0
443222.8125,368610.6875
343003.59375,114506.203125
429117.8125,294660.0
410741.0,213391.5
305640.59375,115249.5
339325.8125,96494.703125
367579.59375,163765.703125
317769.0,15006.5
273396.40625,69378.703125
317613.59375,56948.5
441014.8125,201365.203125
361706.59375,144779.203125
481920.0,336220.1875
369635.8125,225945.5
426689.5,228784.0
550497.625,150483.5
374452.8125,228938.703125
452425.5,237006.203125
251266.90625,46610.69921875
544130.0,297585.09375
415013.8125,312506.40625
422785.09375,291845.8125
326817.59375,17710.80078125
578688.3125,209340.203125
333120.8125,22097.5
385515.3125,230707.5
308205.3125,21356.69921875
304840.90625,47482.5
389939.5,166779.203125
569614.625,120636.0
476610.59375,211069.703125
437986.6875,273288.0
353983.09375,170947.796875
553198.5,239989.703125
516563.8125,295159.0
493324.5,251193.0
302423.90625,39147.19921875
491070.3125,58784.69921875
421467.5,276783.0
375092.40625,217849.703125
435540.6875,282215.1875
432531.8125,199936.0
362336.09375,295030.0
404955.8125,256548.203125
409008.09375,233823.0
303756.1875,15767.0
354163.59375,190011.59375
538056.8125,206102.203125
424657.5,180012.203125
359904.09375,94097.203125
466201.8125,316263.0
296576.3125,36031.0
319610.1875,100675.0
563414.0,271946.6875
300343.09375,46473.19921875
417133.6875,340272.59375
368670.40625,224161.0
528558.8125,290223.3125
475476.1875,300001.6875
411141.0,324449.6875
325327.09375,27832.19921875
493470.3125,284033.0
282165.40625,59429.0
297407.90625,40343.19921875
318932.09375,44708.6015625
371402.09375,202205.5
355298.59375,231929.703125
334638.8125,113504.5
346282.1875,78796.203125
311164.1875,192388.203125
469019.6875,220632.0
542981.8125,365402.0
307524.40625,38544.0
361805.8125,145945.5
293943.90625,14078.0
424971.3125,291944.3125
302572.3125,18560.19921875
347642.5,200303.59375
292156.1875,17644.5
419813.8125,216475.5
265308.8125,44854.30078125
314577.0,102120.203125
405196.90625,173662.0
368227.1875,223329.203125
481151.0,181001.59375
408100.0,292234.59375
399708.6875,169695.59375
317166.3125,75999.796875
391153.8125,254901.59375
317913.09375,29509.80078125
423273.1875,205157.40625
377112.59375,149001.0
277838.59375,122653.703125
367388.59375,210058.0
324403.1875,171365.09375
362254.8125,252947.296875
396474.5,266824.5
483261.5,281886.1875
393123.59375,245576.5
325341.09375,192744.203125
403078.5,221425.5
371360.1875,202765.90625
425217.59375,271047.1875
305545.1875,32193.099609375
516325.0,367971.8125
362409.5,173551.296875
497049.8125,346563.8125
510129.5,250834.703125
371858.59375,219848.5
394378.6875,251638.09375
330304.5,170806.296875
270960.8125,70841.296875
441884.0,36021.0
466506.6875,317540.09375
295291.3125,82715.296875
381946.8125,211102.0
332625.0,17403.0
364704.09375,147981.0
568761.875,162452.296875
299003.40625,59504.30078125
502899.40625,314848.8125
359750.09375,222134.5
393086.90625,231760.5
542078.875,255708.0
561167.125,324825.59375
314587.40625,62756.0
326622.59375,76878.3984375
330418.40625,144375.296875
460559.40625,266886.5
329654.40625,255027.796875
392950.40625,249676.5
529410.375,290832.5
314615.90625,38756.80078125
433301.09375,277722.59375
422221.59375,225115.90625
331062.59375,86341.3984375
352209.90625,217082.59375
320100.90625,17047.80078125
331878.09375,117299.5
365726.40625,133695.296875
427394.09375,241938.0
299351.59375,20536.599609375
440211.40625,366104.8125
310100.40625,63734.1015625
439134.90625,238460.0
452267.90625,35200.1015625
352171.09375,85227.1015625
474723.90625,266246.5
362052.8125,171944.0
399485.6875,274126.90625
302354.90625,24914.099609375
412859.40625,312064.8125
309274.40625,40283.5
437775.0,328736.3125
314900.5,56997.80078125
377267.5,179174.296875
325384.3125,133554.5
418649.3125,286049.90625
368760.5,131832.703125
504435.59375,260384.203125
311629.6875,58423.80078125
325827.5,109657.3984375
452682.0,200499.40625
411726.40625,293831.09375
545703.5,204430.90625
571765.875,279081.1875
434481.3125,303448.90625
578585.0,26949.69921875
299940.90625,48758.1015625
391903.3125,318214.59375
352818.1875,169050.09375
353391.90625,25066.599609375
348258.09375,203642.0
316994.6875,40767.69921875
545291.875,193671.59375
489467.59375,340020.09375
423907.59375,308879.40625
346486.3125,126088.796875
378380.3125,250794.203125
310821.09375,68852.0
470718.59375,264172.0
408074.59375,247801.5
322694.8125,141187.703125
311798.09375,19614.5
309653.90625,78633.3984375
467942.09375,272488.40625
288806.1875,210962.59375
345193.8125,135590.796875
327283.6875,168327.90625
322908.09375,51698.5
422392.40625,280030.90625
290801.6875,14311.7001953125
393517.90625,239221.09375
338896.09375,131848.09375
404661.59375,216517.0
325944.59375,58986.5
328606.09375,68790.6015625
366156.09375,218073.0
380503.59375,218101.09375
395622.09375,251885.09375
470278.90625,278520.90625
542053.6875,59279.69921875
409466.40625,287585.59375
568498.8125,203136.703125
274833.09375,188585.59375
303658.8125,17800.19921875
305008.59375,16852.5
469345.90625,323618.90625
301000.59375,22660.900390625
381955.90625,250823.5
489928.0,50708.6015625
326426.1875,70024.8984375
331172.3125,87892.8984375
438671.1875,259337.40625
346708.40625,186790.203125
392299.8125,257954.703125
349567.8125,129065.5
485129.90625,306596.1875
301049.90625,17626.5
333273.0,209651.59375
391210.3125,201721.203125
528699.3125,408920.40625
277073.6875,23549.400390625
383141.8125,310396.1875
277630.3125,72301.0
320508.3125,48640.5
324045.6875,105963.0
548544.6875,320951.40625
425425.5,248828.59375
472587.6875,320184.90625
489074.3125,373882.0
311945.8125,63573.3984375
381956.0,278948.59375
343286.8125,135822.203125
309860.40625,33887.5
316494.90625,49649.19921875
429346.8125,269501.90625
576916.3125,76696.8984375
476383.6875,291696.5
586806.625,63808.1015625
325313.90625,124775.5
458829.8125,252761.40625
326582.3125,71367.703125
551038.0,396891.09375
511910.8125,285154.40625
377516.6875,192470.0
270604.90625,95836.5
482712.5,339602.09375
288042.3125,44506.3984375
491833.90625,276457.1875
316922.1875,18255.900390625
358789.3125,189583.703125
502384.3125,173782.0
331427.1875,270089.90625
324844.3125,259792.5
392579.59375,146572.703125
403393.6875,216064.90625
495702.8125,286851.90625
461521.90625,289459.3125
474244.3125,275872.90625
531468.625,299256.1875
346814.8125,162113.0
306784.3125,64506.8984375
584916.8125,180322.0
311713.59375,67157.703125
327979.09375,66495.0
525311.125,161794.703125
307646.5,44939.3984375
377155.6875,16668.80078125
535024.625,234520.5
370542.8125,242958.5
473721.09375,332065.6875
470210.1875,213326.90625
303927.8125,45122.3984375
408676.90625,215963.796875
370629.90625,232680.796875
347228.0,15774.099609375
524238.3125,429604.0
341586.5,123369.6015625
401291.59375,223479.203125
437949.5,268263.40625
301134.1875,98378.3984375
336042.0,237301.09375
522359.1875,278497.90625
469673.8125,240326.0
358127.0,163655.59375
287000.8125,14137.900390625
298850.59375,30382.19921875
443801.0,173019.09375
304429.09375,80716.203125
340340.8125,119840.296875
369968.1875,205425.796875
478020.5,403574.90625
317860.3125,83789.3984375
503255.5,391217.59375
292746.8125,106312.8984375
414481.3125,270235.8125
335267.1875,74344.296875
319069.0,16813.5
419605.09375,268097.0
380405.59375,226292.90625
323974.90625,181952.5
344436.8125,120976.796875
257420.0,99153.3984375
375729.59375,237250.90625
416857.3125,312122.8125
509150.1875,295794.8125
314770.8125,115580.796875
503980.09375,86889.0
454232.3125,262197.1875
585534.375,48167.6015625
332340.5,260832.5
499759.0,368163.40625
340226.09375,42055.0
322353.59375,100174.3984375
377658.6875,204294.296875
334687.0,101634.5
251783.09375,22585.900390625
499721.3125,206495.203125
524897.0,274273.0
333877.09375,86440.0
300677.1875,15206.7998046875
319741.5,77795.0
541789.3125,309266.8125
342442.59375,187092.90625
270315.0,102944.0
336921.5,104752.8984375
421510.09375,308879.40625
323391.8125,46613.19921875
322855.3125,54598.30078125
330450.40625,58001.0
308244.40625,185202.0
321075.8125,28009.599609375
430755.0,269350.0
426063.3125,268269.3125
344049.5,107353.8984375
347745.59375,170025.5
450903.8125,335589.1875
348124.40625,77467.5
451733.90625,308258.09375
388186.6875,271225.3125
246477.5,43158.8984375
417653.59375,320508.90625
551158.375,254693.5
321219.1875,40882.30078125
449150.0,243041.5
322572.59375,23595.900390625
561566.3125,298166.1875
269554.40625,147917.5
327562.3125,26196.80078125
527046.625,285018.8125
313490.40625,114238.203125
370988.0,157863.703125
545949.625,313198.59375
331302.09375,101704.6015625
339240.40625,91842.203125
281836.5,34062.69921875
361395.90625,169654.0
471415.8125,347458.5
397289.6875,273558.09375
454122.40625,303849.6875
350407.40625,139807.203125
384937.59375,243200.203125
360592.59375,110840.6015625
397741.8125,252898.796875
286400.5,48282.80078125
255839.90625,98939.203125
315183.40625,14355.400390625
438021.09375,222974.09375
439934.1875,308297.3125
513717.3125,310050.3125
471128.5,304593.8125
559430.875,279095.6875
284395.5,71857.203125
296756.5,109335.296875
527882.625,284878.09375
443875.59375,319322.3125
507743.0,337497.3125
440207.6875,304656.8125
536364.625,248486.59375
433308.8125,252128.296875
424653.5,292447.8125
427597.09375,245345.703125
496897.0,345740.3125
384904.90625,218844.703125
427038.59375,311608.59375
465704.5,348406.8125
474960.40625,213579.703125
562710.375,202457.703125
507122.6875,413263.3125
359782.90625,204378.0
500140.8125,22501.0
523466.40625,163263.5
344862.09375,166227.09375
547201.125,290500.59375
339452.3125,224515.796875
299548.59375,199494.296875
309163.5,14037.7998046875
455170.09375,394652.3125
307054.90625,27512.69921875
295404.40625,16501.19921875
436275.0,324022.6875
468654.90625,316481.40625
309304.09375,58775.1015625
464581.6875,268324.8125
302250.40625,25298.5
404723.59375,312298.59375
558622.8125,264477.1875
323173.09375,180503.796875
556378.5,262891.59375
330268.40625,96334.3984375
408185.5,355346.5
569211.8125,199781.203125
412512.3125,320787.3125
355290.59375,102880.8984375
287314.40625,25193.0
507082.3125,330095.1875
494916.09375,404592.3125
533913.8125,220040.796875
381507.40625,243062.5
318567.8125,56432.69921875
436216.5,309087.59375
313133.0,16174.2998046875
418279.1875,299891.6875
294673.1875,45256.19921875
401569.6875,268692.6875
463146.1875,344639.5
318681.40625,148089.5
318815.5,108675.6015625
510852.09375,361993.90625
571458.5,107966.796875
345662.09375,109593.5
490140.40625,22074.400390625
474527.5,209540.5
500745.5,276887.1875
317751.1875,237325.203125
507324.1875,375991.5
289314.8125,33039.80078125
583220.1875,98546.203125
384703.40625,166807.5
386885.09375,245727.296875
306230.8125,21987.30078125
322334.1875,17160.0
386098.90625,266696.8125
484583.6875,222694.703125
519177.40625,375630.5
296008.6875,16005.2001953125
436378.40625,385227.3125
374037.5,206524.703125
348009.8125,184241.203125
352755.1875,290820.1875
323761.0,189004.203125
559358.1875,347423.0
415974.8125,246220.296875
360026.1875,210893.203125
317720.5,33823.69921875
371694.6875,182561.203125
361032.0,148381.203125
468845.6875,320975.6875
598296.3125,173698.796875
351270.1875,59071.19921875
410418.09375,286770.0
416292.5,321135.90625
309087.3125,21630.900390625
445867.6875,302112.90625
394195.1875,214114.203125
520053.3125,333451.8125
301955.6875,212449.203125
341516.40625,99094.1015625
484332.0,354296.1875
538742.3125,240351.296875
373228.09375,257353.0
285280.5,15608.400390625
295374.8125,251628.5
364619.09375,116510.203125
338075.6875,147726.796875
309776.1875,43176.3984375
469241.3125,269077.59375
304328.1875,47286.1015625
554765.3125,317436.3125
551279.5,92039.296875
344818.3125,104213.5
348760.59375,28487.19921875
581848.875,181371.59375
282265.90625,74133.796875
563503.6875,160680.0
390390.09375,261955.0
540154.5,431013.90625
405556.3125,194797.0
432964.8125,277026.90625
313361.6875,48499.5
311450.5,54207.69921875
319188.1875,71073.203125
484980.09375,334483.0
329611.5,94370.296875
410979.8125,218377.5
538936.375,355787.8125
436794.0,315943.8125
314220.40625,30275.30078125
319099.59375,58803.3984375
319941.59375,130081.3984375
380070.1875,230549.796875
533062.125,274978.09375
324850.3125,24399.599609375
310054.8125,30243.69921875
380679.0,259156.296875
549430.625,295351.40625
479732.90625,300525.59375
340306.40625,138776.0
454075.09375,226364.90625
583716.0,75589.5
458650.0,225138.203125
376635.59375,140197.203125
281692.59375,29792.900390625
262221.59375,26151.400390625
553883.1875,160150.296875
347668.5,107240.203125
350100.59375,129824.6015625
310172.09375,15158.400390625
355265.0,236914.0
463202.59375,277216.90625
443901.59375,338095.90625
298031.8125,17281.400390625
601408.8125,78244.8984375
509022.09375,199324.09375
479440.3125,330085.09375
566519.125,123560.8984375
308538.40625,25075.599609375
260953.09375,76468.3984375
302697.09375,23499.19921875
319845.5,71389.0
290469.5,52513.19921875
556110.625,283570.1875
437787.3125,134288.40625
463229.3125,268987.90625
404030.09375,251268.09375
329992.3125,95263.6015625
414688.6875,249324.203125
536379.8125,359297.09375
515919.5,279016.90625
336096.8125,15995.7001953125
521369.59375,367657.40625
462766.0,359675.0
559596.6875,359216.8125
374055.8125,216255.703125
295882.5,85119.1015625
353449.6875,236246.203125
440397.8125,310448.1875
534288.875,232041.296875
457922.59375,319482.90625
557066.5,189584.09375
374282.0,232862.203125
361829.40625,135354.40625
243911.5,26963.30078125
309722.3125,129815.296875
479565.6875,278753.1875
381428.59375,240426.796875
528800.625,223822.59375
425411.8125,171629.796875
399201.90625,269842.09375
528772.0,177057.203125
485885.0,426803.40625
425945.0,294186.3125
337324.8125,162060.796875
361107.3125,198938.296875
351388.0,141583.5
444621.09375,251864.09375
387985.09375,252059.796875
492788.3125,264353.8125
337187.8125,76411.796875
343296.40625,261102.09375
411811.5,265426.6875
494181.6875,281200.6875
322623.90625,48534.3984375
329608.59375,40876.80078125
579186.0,54446.8984375
305950.5,23391.80078125
358195.3125,133475.296875
309941.0,71447.3984375
324270.90625,84297.1015625
301866.6875,14444.2001953125
293693.5,39754.0
509079.0,293918.3125
273607.59375,21287.0
485113.59375,335754.8125
257830.09375,154871.09375
360455.90625,242745.40625
436715.8125,331363.8125
342296.5,154372.90625
317082.40625,42451.6015625
340538.90625,110871.3984375
399042.6875,323015.09375
290085.8125,90576.796875
457110.40625,274130.59375
353323.90625,176974.90625
281945.5,186163.296875
598425.5,100900.203125
385693.0,220219.40625
403264.40625,212568.40625
478951.0,365602.3125
345310.5,158352.90625
458048.09375,310706.5
432075.59375,311860.3125
538342.625,288804.3125
485206.09375,340951.59375
594951.625,180448.59375
301987.59375,256063.203125
472141.8125,289084.40625
556526.125,307234.09375
472894.0,236448.703125
393843.3125,320720.5
470769.09375,394166.6875
574621.3125,155400.90625
474617.59375,328556.6875
319551.59375,63065.6015625
345809.09375,147788.59375
505017.90625,307206.09375
486993.3125,330989.5
640397.625,85597.203125
315953.09375,17456.69921875
269671.3125,120510.8984375
527059.1875,294719.90625
435752.5,286540.6875
384198.40625,213550.59375
487439.40625,314741.6875
326933.1875,165598.203125
347136.8125,140639.90625
315317.6875,23321.900390625
381207.1875,96412.203125
583938.625,201167.703125
415259.3125,370270.90625
587330.625,183182.59375
308092.0,224284.703125
347863.3125,181414.90625
324828.59375,79445.6015625
498405.59375,309122.1875
500540.59375,307833.09375
305571.6875,16418.900390625
418910.6875,322250.6875
443589.09375,251155.59375
421974.0,234679.703125
243576.796875,61544.6015625
391541.8125,311807.5
290457.09375,76577.703125
477712.3125,261739.59375
302341.5,40242.8984375
293657.90625,47807.1015625
326566.09375,42582.1015625
494653.1875,262878.1875
314328.09375,40363.19921875
581905.125,78240.203125
302770.6875,147851.90625
329213.09375,91226.1015625
260523.796875,66355.1015625
379708.0,228615.796875
555301.375,25646.5
346553.6875,198235.703125
354829.40625,80657.6015625
535944.5,304863.8125
350126.6875,173235.203125
532076.375,347318.09375
578992.1875,214939.203125
383043.90625,224821.203125
299046.5,55597.80078125
323885.6875,21049.69921875
383317.09375,202114.40625
566843.3125,209636.59375
424670.5,269567.5
515327.40625,268874.59375
417560.40625,312938.1875
306463.90625,52164.5
410287.6875,172185.703125
297684.0,34288.69921875
474501.40625,333180.09375
449945.6875,377481.6875
532229.625,270843.09375
446037.59375,209731.90625
572950.0,274633.3125
292452.8125,15030.2001953125
548827.375,261445.203125
586625.6875,94104.703125
363191.6875,251389.203125
522413.09375,260202.09375
353550.3125,237608.59375
385870.59375,183191.0
435783.3125,259329.0
289799.8125,14754.2001953125
317985.5,81237.296875
311260.90625,14535.599609375
322549.8125,96508.203125
423225.40625,326856.6875
484886.5,374528.8125
326676.90625,29790.5
305281.6875,199348.203125
377362.90625,236790.40625
391120.8125,216556.703125
530081.375,131654.203125
558842.0,212246.703125
431430.90625,285229.09375
314743.5,14625.2998046875
383127.90625,244885.0
455565.09375,321939.09375
364331.59375,213462.40625
553861.1875,184494.203125
313555.1875,15282.7001953125
317598.59375,15682.099609375
317507.3125,34639.6015625
437088.40625,232039.90625
303313.0,52986.5
440120.8125,260148.5
366836.0,284573.8125
452344.6875,301963.1875
352601.1875,150239.203125
351207.09375,159910.09375
369112.8125,206398.09375
377895.0,314411.3125
545753.875,279150.5
564387.1875,173460.203125
259143.796875,36428.5
413866.0,228560.796875
501657.5,293679.3125
302994.40625,58544.3984375
502231.90625,314403.6875
332903.6875,121525.796875
465335.3125,446052.59375
324350.09375,84964.703125
454412.09375,270385.5
446462.0,223765.203125
558525.0,255899.703125
426813.40625,285598.90625
317386.0,175472.703125
342293.0,132552.796875
552372.625,28927.0
499242.90625,264343.90625
395625.5,268310.3125
306577.40625,14611.400390625
321141.0,59834.30078125
539327.625,270434.0
388823.40625,153566.40625
412495.59375,284027.6875
376449.0,218200.296875
343022.90625,99068.3984375
345372.5,121630.296875
548491.625,426090.5
501673.0,380696.6875
366015.0,148239.296875
344995.59375,149031.203125
308856.0,35068.30078125
501415.59375,147022.703125
351770.5,186548.703125
573303.125,260795.59375
428828.6875,309708.3125
533754.875,234093.90625
316585.5,16179.7998046875
555823.875,296861.40625
286821.09375,82964.703125
578596.0,39799.0
366735.90625,216001.703125
513085.59375,330482.59375
298710.8125,57372.3984375
546620.5,124034.1015625
450339.5,243219.203125
375568.5,212361.296875
308424.40625,15829.7001953125
301996.8125,14224.599609375
346479.5,139794.296875
374289.0,192143.203125
499982.90625,247631.703125
535511.375,339497.3125
392422.3125,265254.0
313940.6875,65298.80078125
520511.0,254603.0
305080.5,16896.30078125
429194.8125,260275.703125
540084.1875,25587.30078125
549811.8125,32625.400390625
302875.3125,53520.3984375
329209.09375,97355.3984375
427089.0,233161.0
444815.0,79663.1015625
262942.90625,117625.3984375
542772.3125,368695.5
293050.6875,76611.296875
319847.09375,94178.8984375
597061.1875,236615.296875
447762.5,286357.8125
486206.90625,335472.8125
600523.375,153799.296875
349817.8125,183093.5
277342.1875,67015.796875
535083.625,232894.90625
562145.0,198877.296875
358205.5,140842.90625
338800.90625,27114.80078125
444537.3125,285880.0
357066.5,146591.5
360292.5,177671.59375
371173.8125,207819.0
458524.6875,246875.796875
446335.90625,294249.3125
432076.3125,361715.90625
490732.5,245482.5
295727.90625,19001.80078125
320277.8125,73960.0
367993.6875,218241.796875
486625.1875,280500.1875
468411.40625,356832.3125
431434.1875,265034.8125
438642.3125,274640.40625
472327.0,321711.0
467694.5,263442.6875
335449.8125,17821.69921875
442774.0,336400.59375
319706.40625,23995.400390625
564527.375,77881.796875
394685.6875,181317.296875
588612.3125,116739.8984375
450931.5,241154.5
512948.0,35817.19921875
519093.3125,288572.1875
430869.1875,161262.796875
398862.8125,258899.40625
422274.59375,20055.900390625
468987.5,237124.5
420258.0,241677.203125
544754.0,234725.296875
334959.0,228503.09375
353329.90625,146625.90625
306544.5,105956.1015625
480555.3125,274413.8125
510516.0,309777.6875
398702.5,227632.59375
322497.59375,143809.09375
365587.90625,162027.203125
484366.3125,269253.5
298364.3125,14259.099609375
501551.0,394780.09375
525579.125,338348.59375
492211.5,23347.30078125
342025.3125,20020.80078125
324722.90625,23804.69921875
413465.40625,254053.09375
569985.5,167081.90625
474327.8125,246378.796875
330341.09375,134564.59375
371529.0,199670.796875
364439.90625,124682.703125
416101.40625,233322.40625
545574.375,324070.90625
573065.0,216769.5
430044.09375,367841.6875
351020.5,217021.09375
321814.09375,67645.6015625
311283.8125,63617.80078125
579292.3125,29468.80078125
361040.0,125768.203125
309974.90625,50435.8984375
302316.3125,85227.5
376513.8125,155742.09375
321133.3125,15712.7998046875
581152.5,70645.1015625
475273.59375,263222.09375
342785.8125,160548.296875
290200.3125,24665.30078125
315446.3125,99859.5
580105.375,163753.09375
328929.5,125266.1015625
536905.625,336584.90625
447905.0,231520.59375
364966.3125,199773.796875
368072.0,120931.203125
353898.0,161345.796875
361134.0,160935.203125
302991.0,14973.7998046875
294374.40625,37663.19921875
471265.40625,303633.09375
353542.5,16240.0
288365.59375,67081.296875
320219.0,72359.1015625
316573.59375,30902.900390625
388992.3125,257135.703125
320755.8125,16111.2001953125
524779.625,321674.5
405510.5,299031.09375
328733.3125,102442.296875
316402.59375,16424.69921875
280860.5,51989.1015625
360400.0,159465.703125
344296.59375,106637.203125
312853.3125,28406.30078125
341152.5,131337.59375
545182.3125,286766.59375
333264.09375,80867.703125
312759.5,89342.6015625
548043.125,270914.5
520423.3125,301834.59375
340759.0,163568.90625
422879.09375,316461.90625
516906.3125,278656.3125
440180.3125,312864.90625
345054.09375,274293.6875
320374.09375,104438.5
338494.0,154555.203125
442782.8125,366233.3125
485356.40625,224262.90625
393694.3125,194886.0
473605.90625,227742.5
445782.09375,256434.203125
396997.1875,221803.90625
508321.0,336426.59375
410573.09375,277118.0
374963.0,205795.203125
313281.5,23258.400390625
429968.40625,271857.0
553228.0,251312.203125
534679.5,339070.6875
327088.8125,76204.6015625
542437.1875,265805.90625
313726.09375,20592.69921875
294568.1875,25573.400390625
553761.625,175834.0
324966.3125,112174.6015625
388766.59375,323632.1875
368275.5,268391.09375
467608.09375,282062.5
330003.3125,93669.1015625
345715.5,251209.703125
518688.59375,283354.6875
356481.59375,189654.203125
463909.5,273945.09375
319464.09375,77260.0
570171.8125,348770.59375
316686.0,15911.2001953125
321931.3125,22618.80078125
540321.6875,278190.40625
339978.09375,176478.5
286017.3125,13307.599609375
399732.0,162479.203125
442087.40625,325597.90625
377095.09375,211138.5
437255.8125,276052.09375
324972.40625,161536.90625
383426.09375,273173.40625
334346.59375,64919.69921875
525020.8125,265255.3125
336761.6875,133345.40625
481210.8125,105153.1015625
330740.0,292125.1875
466263.5,263863.59375
313451.90625,45077.19921875
307862.90625,51219.8984375
255001.5,110398.1015625
453339.59375,187213.703125
293185.8125,21424.099609375
547328.6875,303354.5
496853.3125,317721.0
500481.1875,369842.90625
367152.6875,192548.40625
372012.40625,171225.09375
432716.6875,105779.3984375
546406.5,197978.59375
305577.90625,66146.6015625
523790.59375,332591.90625
534307.5,249491.59375
296007.90625,148384.703125
307030.40625,95178.3984375
557040.375,183699.09375
349858.90625,259276.703125
395233.1875,260042.40625
581036.375,325073.6875
517689.09375,314007.90625
345354.40625,104907.703125
326799.09375,82134.3984375
526006.1875,240441.796875
454441.40625,249460.59375
530833.125,125419.8984375
371670.90625,211339.703125
335474.40625,78935.203125
582410.125,137432.90625
419144.09375,204300.90625
390574.1875,254880.90625
399954.0,230437.59375
314841.09375,40837.19921875
504180.3125,335035.90625
465466.1875,328640.5
440279.09375,328286.90625
317934.40625,45224.19921875
383294.0,274940.40625
483616.8125,309472.1875
494732.1875,263653.0
309943.09375,19174.400390625
352288.59375,92335.3984375
403385.59375,252070.90625
399935.59375,182529.90625
518704.0,320688.40625
448441.0,300957.90625
500168.6875,252741.703125
309454.0,16388.400390625
294289.0,69604.8984375
340479.0,114703.8984375
408884.1875,301000.6875
487324.59375,179560.40625
363475.6875,196846.203125
311744.5,40292.8984375
377802.90625,257444.203125
412093.5,224358.59375
384145.6875,17227.5
436777.5,269358.40625
505484.09375,324936.40625
323229.6875,91717.203125
399909.09375,243442.40625
315271.1875,89554.703125
345951.0,148581.40625
485725.0,160796.40625
419218.5,236453.09375
530919.125,276144.40625
346424.5,134530.40625
403949.1875,358085.6875
568204.875,185154.703125
255018.5,22249.400390625
390078.0,17043.400390625
318919.59375,45641.8984375
293230.40625,59472.5
598485.0,31078.69921875
527454.875,216779.59375
384655.09375,271151.40625
333057.0,108243.203125
474885.09375,189970.796875
452224.59375,269142.3125
343116.40625,177809.203125
299541.90625,14864.099609375
529942.625,47722.0
439715.1875,248990.59375
295191.3125,15366.5
524531.0,274622.1875
407533.59375,313847.8125
476803.09375,359036.90625
503382.8125,284097.40625
364489.40625,251449.40625
468323.90625,289376.3125
321449.1875,27502.099609375
533522.8125,378624.0
370739.6875,271103.59375
571460.625,125692.296875
322002.5,91030.203125
438142.6875,283842.0
330367.1875,140367.203125
356015.0,161306.703125
306696.90625,27965.19921875
355144.59375,232142.40625
336600.8125,23872.400390625
480073.40625,202687.09375
457215.5,203952.296875
356569.0,156766.703125
449781.6875,300804.5
326786.8125,110205.5
484938.0,288939.6875
491225.90625,355848.5
371055.90625,274064.1875
422327.09375,303097.90625
319017.1875,129628.0
297702.09375,15517.2998046875
355734.3125,183326.5
568128.125,205235.296875
340548.0,167252.296875
373756.6875,248817.59375
376694.0,209906.703125
530757.8125,236324.40625
484064.09375,305830.59375
426091.8125,293172.09375
392390.90625,251096.0
552649.6875,155691.5
303371.59375,82485.703125
310053.3125,14578.2001953125
313490.3125,69903.1015625
417128.3125,263002.09375
501809.3125,360067.6875
345539.0,133383.59375
562791.3125,40702.5
368629.1875,241336.59375
262078.5,29487.099609375
305519.1875,21612.30078125
398257.09375,128471.796875
561996.3125,343029.5
309082.40625,39833.3984375
430707.40625,371576.3125
510222.59375,28172.19921875
492667.8125,238787.09375
431378.3125,383087.59375
375232.1875,168654.5
335822.5,82367.1015625
537795.6875,109929.296875
548142.375,221748.40625
378908.3125,191153.5
391500.6875,298571.09375
333268.5,99027.1015625
426818.40625,260039.09375
315347.3125,34816.69921875
399973.40625,295271.5
283411.90625,36052.30078125
394448.59375,227638.703125
425147.5,284213.0
320616.3125,65419.69921875
475790.3125,302542.09375
324764.1875,16896.599609375
525005.3125,400643.09375
274760.5,30784.599609375
342327.1875,189812.0
269798.0,15570.400390625
256176.40625,28789.80078125
543980.125,284207.1875
309236.5,44002.5
291212.8125,232286.59375
350820.59375,172184.0
421434.1875,254969.5
409267.0,283484.09375
343172.1875,191853.796875
341381.59375,256227.296875
366712.3125,225999.90625
461614.1875,370876.8125
461934.40625,232227.59375
364855.90625,260818.203125
320424.8125,28442.19921875
558402.875,182715.296875
301322.0,27526.5
485791.8125,268722.0
341805.1875,102948.1015625
339698.3125,94600.5
491255.1875,289287.59375
512455.1875,393003.59375
474709.90625,224722.5
486447.6875,269068.0
306805.90625,232407.296875
530477.3125,270803.0
344899.0,154137.09375
472799.0,208312.09375
334265.09375,52376.69921875
332964.3125,120135.5
383791.09375,242623.5
321798.1875,61620.0
381758.5,198427.90625
298933.3125,14051.900390625
299407.90625,28983.400390625
511192.8125,275492.40625
343302.90625,63603.3984375
391949.1875,210915.796875
276578.90625,217736.59375
329402.1875,18662.0
453639.5,298455.09375
436315.1875,290153.8125
436999.59375,243849.59375
363026.8125,168035.203125
427067.59375,291058.1875
524427.0,400712.5
364005.3125,248645.0
397711.3125,212481.09375
365226.8125,177828.09375
319078.5,22009.099609375
409580.5,117684.0
410431.3125,286724.6875
308480.1875,55274.6015625
543462.625,311917.0
456327.59375,325744.6875
348519.0,102453.6015625
333080.8125,199129.5
468239.0,308626.40625
424354.6875,239515.59375
524832.1875,107873.796875
339032.6875,107725.1015625
490530.0,294723.59375
303259.90625,27625.19921875
364379.09375,262303.8125
404335.5,133023.203125
334639.1875,140943.703125
403003.3125,281064.0
364060.5,272736.5
466906.40625,241215.90625
352075.6875,209950.5
298721.3125,24020.5
315964.6875,64189.1015625
414299.3125,206685.09375
327132.0,73960.1015625
384503.5,189232.90625
268596.09375,18661.69921875
540128.3125,285630.40625
328319.09375,109856.296875
347332.40625,129968.3984375
547093.3125,226069.5
462117.3125,296400.5
388915.3125,156776.703125
454214.8125,295737.59375
527548.6875,266872.59375
425986.3125,348216.6875
343196.1875,147563.09375
360760.8125,292313.0
466168.5,289142.90625
468802.8125,332610.90625
531984.625,316330.8125
426007.1875,321706.8125
371227.59375,277441.3125
530603.125,400487.0
347468.90625,182383.296875
344227.8125,88030.796875
355640.40625,189624.5
441625.1875,302445.0
348449.5,202372.5
317630.3125,255080.09375
431395.6875,123736.1015625
294833.5,50381.1015625
348784.0,144766.5
302861.8125,47710.5
388961.6875,236178.09375
318911.59375,27190.5
490032.1875,244423.09375
465356.1875,322244.8125
423681.59375,247830.796875
358928.1875,198360.0
411371.59375,264943.6875
361813.3125,68007.203125
552213.6875,243599.59375
320277.5,68243.5
474755.3125,301492.1875
480644.0,274332.40625
403219.5,263217.59375
288100.09375,75354.8984375
514895.0,317421.40625
319139.1875,55727.80078125
319042.90625,48546.8984375
406474.59375,229493.796875
439350.3125,296865.5
515310.09375,252847.5
492010.5,282919.59375
349106.90625,125787.5
277404.3125,121749.5
535789.0,34418.5
327322.3125,90976.5
308798.59375,24222.19921875
487099.59375,398047.40625
359006.59375,213347.5
492130.3125,306703.40625
528370.5,266442.59375
318521.1875,106024.296875
491726.09375,242526.796875
370277.3125,244118.40625
381840.90625,255746.40625
569461.375,232422.796875
332564.90625,72871.0
264854.5,13855.0
400878.8125,283037.1875
350188.8125,182510.59375
320182.0,15965.5
301236.5,32478.900390625
424789.09375,262650.1875
350511.09375,240619.40625
333371.59375,129955.5
470335.1875,272489.59375
544367.0,391950.40625
350607.5,97648.1015625
303013.1875,29165.30078125
464692.5,253615.5
355279.40625,270701.40625
318111.90625,104141.8984375
317406.1875,50447.6015625
458961.1875,183857.796875
335934.1875,33267.69921875
356997.6875,184628.703125
378694.0,24285.80078125
314167.3125,64643.69921875
392615.5,176201.5
296874.59375,36993.5
337838.8125,278189.6875
360952.5,83182.296875
309180.40625,139113.796875
521915.1875,334559.6875
542711.125,209317.09375
356485.6875,244164.796875
327904.0,47482.69921875
347435.8125,159437.5
533581.6875,311389.09375
316171.8125,14394.2001953125
317973.90625,24950.400390625
310026.1875,22460.099609375
422405.0,239269.203125
306455.90625,46932.19921875
484281.40625,294135.09375
564036.375,229081.5
441162.6875,286463.6875
543002.3125,290609.09375
557772.1875,216224.40625
335590.8125,60773.0
292793.5,21525.80078125
314557.90625,20069.900390625
308767.40625,16839.19921875
340728.3125,210257.0
310813.1875,95458.703125
461130.40625,185839.5
316346.3125,93789.203125
324397.90625,121508.0
352200.90625,196183.90625
317486.90625,66023.3984375
384646.5,308847.5
520950.6875,349358.40625
428834.1875,321517.1875
414813.0,62889.5
554926.875,248895.5
552936.375,274332.6875
384759.90625,245065.40625
315118.6875,55020.80078125
423955.1875,296838.1875
363237.1875,195966.0
559425.875,294085.0
364317.5,228237.5
356107.6875,193941.703125
277448.3125,175285.09375
448417.1875,288033.40625
317073.09375,83114.703125
319721.90625,130545.703125
544219.875,365572.90625
407904.90625,295634.40625
507044.6875,390067.59375
405106.6875,264353.8125
325339.0,117428.203125
352775.5,184883.5
414954.40625,361208.6875
556232.1875,282086.1875
416057.1875,202097.40625
398418.5,172435.296875
277914.1875,40802.5
320499.59375,122114.0
321112.3125,31241.099609375
567405.3125,167984.5
562302.5,253052.203125
410480.59375,291497.1875
589869.3125,140707.5
425526.6875,304671.59375
313334.8125,36788.19921875
444983.90625,270677.90625
332545.40625,127430.203125
504771.6875,252290.703125
469232.6875,261967.203125
307362.5,54470.30078125
372166.90625,238375.09375
310067.90625,53843.0
565561.5,436721.0
488463.59375,323878.6875
329351.1875,116457.1015625
326180.8125,92259.203125
443762.40625,318287.90625
372197.6875,199035.09375
309132.1875,16614.19921875
551406.5,275569.59375
394878.0,328257.8125
302411.3125,66303.703125
326420.1875,180912.203125
474183.0,253792.5
270355.5,235889.203125
474222.90625,395947.40625
446109.6875,257794.09375
452583.40625,194919.703125
593352.6875,133083.90625
336901.1875,233441.90625
432143.8125,211218.09375
412473.5,312826.0
543015.625,377600.59375
437105.3125,271670.0
341110.6875,103081.6015625
488272.3125,358682.6875
336358.40625,16208.900390625
445764.1875,324226.09375
470862.0,301500.0
337905.40625,154760.703125
505850.1875,319694.90625
591642.1875,76994.8984375
352614.5,147432.296875
382920.5,239547.296875
316011.90625,97823.0
500450.8125,277943.6875
505192.3125,262937.09375
456244.1875,188649.40625
271897.40625,15682.900390625
463780.09375,299611.1875
407029.5,272367.5
507265.0,204258.703125
265405.8125,147703.5
302756.3125,42975.69921875
486472.90625,356668.0
334583.5,221321.203125
316491.90625,77849.8984375
302833.1875,118396.796875
392541.6875,218061.203125
313107.0,40204.5
295815.40625,18592.69921875
273156.6875,14521.2001953125
327342.1875,14872.0
307253.8125,15762.7001953125
528193.0,283503.0
376286.5,148996.796875
491013.40625,217351.296875
342819.3125,126610.203125
374952.59375,186822.5
459830.8125,241561.0
306562.6875,14581.7001953125
438208.6875,278998.0
402135.0,261549.296875
506616.90625,301605.0
304700.5,17406.19921875
354261.5,167624.0
370930.1875,275663.59375
521957.40625,303183.5
318182.40625,21141.69921875
542624.6875,277327.8125
362028.6875,148648.203125
460298.0,253729.203125
572125.5,229312.0
578111.875,139353.203125
316162.1875,56386.69921875
297445.6875,62570.8984375
481446.5,97538.296875
581415.625,173903.703125
396564.09375,268617.59375
248560.09375,14549.2001953125
349317.8125,165840.0
445595.90625,174608.203125
305246.3125,24170.69921875
315273.40625,17095.400390625
300727.40625,72577.8984375
374173.1875,131029.1015625
526757.6875,326312.8125
297276.5,186298.703125
406323.5,183216.0
332636.6875,107495.0
373613.8125,199737.703125
355004.0,184227.0
478181.09375,349672.0
295617.3125,26358.099609375
576424.1875,103303.203125
319547.1875,18018.099609375
377714.5,209386.703125
375507.5,57224.5
458094.40625,297570.6875
360967.3125,194495.0
350735.1875,177855.59375
428142.1875,285139.59375
314219.6875,64980.80078125
298388.1875,22563.900390625
397892.1875,248045.703125
427756.6875,310914.09375
460924.3125,349500.6875
549431.875,448735.40625
465022.90625,284766.90625
313802.5,43083.19921875
406001.90625,31309.400390625
539035.1875,205299.703125
376457.40625,212855.203125
472352.6875,294822.6875
291065.0,16707.30078125
491047.90625,329937.09375
331529.0,106094.296875
481417.0,281242.5
537841.6875,230061.203125
350710.09375,175253.5
334932.8125,97235.0
305769.5,17138.80078125
317009.90625,76532.296875
379798.0,296129.8125
335767.59375,66826.8984375
564272.8125,61641.8984375
318876.3125,21397.80078125
341787.90625,119071.6015625
536059.375,262733.09375
315090.0,123778.703125
494869.8125,263443.90625
386611.09375,239903.796875
472233.8125,318446.90625
543194.375,296154.40625
441582.6875,277439.0
331522.6875,69285.8984375
459601.3125,255151.90625
503807.90625,299889.1875
482143.40625,219860.703125
572171.3125,220569.703125
350842.5,134663.5
469677.40625,344337.59375
346735.5,58798.6015625
482353.3125,352874.59375
333914.40625,30679.80078125
437870.09375,277158.09375
286718.8125,23836.900390625
311461.09375,150744.796875
421058.40625,283093.5
262195.8125,20016.900390625
491421.40625,165329.90625
385613.09375,259404.796875
314323.1875,94801.5
307988.90625,77310.703125
357915.90625,200051.296875
430469.0,303642.09375
420971.5,305654.09375
390408.90625,234976.90625
321833.40625,25889.599609375
512149.8125,271170.40625
321685.0,129121.703125
334516.90625,111128.8984375
406188.59375,288715.8125
349733.40625,95646.1015625
476282.90625,352260.59375
438370.40625,253181.90625
498600.8125,396432.90625
429692.6875,242217.0
302877.3125,157910.40625
395583.90625,270727.6875
318293.8125,103701.1015625
506808.1875,303051.8125
301623.3125,21781.69921875
331068.0,65669.0
329401.8125,130775.203125
383065.90625,228301.296875
297092.0,20557.599609375
482829.8125,259614.09375
298962.5,24514.599609375
365308.90625,191882.296875
399938.40625,24365.900390625
504229.90625,364115.3125
422384.1875,343322.5
348024.90625,72259.5
528138.0,304083.1875
381833.0,255107.5
306106.0,30189.599609375
511333.09375,222123.796875
478890.40625,334645.40625
414055.09375,161844.796875
346163.8125,162864.5
378993.40625,231677.59375
523706.40625,225582.09375
351077.0,119620.203125
292508.1875,34702.3984375
322621.6875,97725.296875
443345.6875,115657.0
325001.90625,87396.203125
314786.90625,81890.203125
318009.8125,22570.19921875
297225.0,16580.5
452329.40625,338250.3125
322536.90625,115066.3984375
487417.90625,259152.09375
418330.3125,288659.59375
304808.5,17333.599609375
370000.09375,182184.296875
309208.3125,57192.0
334922.09375,96736.796875
290365.40625,27702.599609375
532342.875,297768.09375
402631.90625,262746.5
459346.8125,293411.0
378519.1875,235905.40625
462497.40625,286355.1875
477257.8125,257947.09375
563864.875,110563.0
253496.09375,13712.7998046875
302080.90625,22641.5
570118.375,296178.0
325253.3125,155551.40625
427550.3125,240728.5
400580.09375,281268.3125
396945.3125,244242.296875
427703.40625,298471.09375
300136.1875,15941.900390625
354687.40625,100646.8984375
322351.5,28248.599609375
359698.5,172937.296875
420675.0,298120.8125
351426.90625,194497.90625
274953.40625,38542.69921875
339884.90625,176224.09375
567463.8125,28100.30078125
529187.125,239186.703125
511517.59375,236978.5
334098.59375,59764.3984375
319293.1875,72198.6015625
313096.40625,225178.796875
329817.8125,215953.09375
377643.40625,210888.59375
467700.1875,297602.6875
411576.8125,268093.6875
406513.5,312677.5
391455.59375,250433.5
431258.59375,250294.796875
474065.5,381165.3125
561263.0,218744.09375
366868.5,238918.59375
307227.8125,45433.69921875
384497.40625,112136.203125
355006.90625,204171.5
299650.90625,65957.6015625
552339.8125,224600.5
466160.09375,329789.8125
378626.40625,16696.400390625
323350.5,50058.1015625
336652.5,131110.296875
323809.0,87309.6015625
435536.8125,289925.1875
567829.125,29168.099609375
353986.90625,96895.703125
429558.40625,206189.0
294991.90625,20100.900390625
461790.3125,207022.796875
508305.59375,245816.0
485276.09375,242130.90625
538723.3125,279829.40625
297359.6875,177977.09375
365299.1875,204994.296875
467759.90625,317362.09375
352502.40625,269212.09375
500956.8125,395183.6875
507071.09375,412119.40625
255824.5,44033.30078125
443742.90625,239661.796875
248169.5,25593.599609375
375008.40625,223032.90625
288202.8125,71309.8984375
414406.90625,215006.90625
262775.8125,28157.400390625
462566.6875,320479.09375
360306.40625,215527.796875
554573.1875,302857.3125
318801.09375,26734.599609375
354578.90625,190408.796875
312372.3125,34447.19921875
502249.40625,277868.09375
443766.8125,320750.0
383184.09375,313291.0
291728.1875,19060.19921875
410189.5,262378.5
361085.59375,241403.796875
308054.40625,55128.80078125
434706.6875,328108.5
309251.0,56730.30078125
333411.59375,84089.1015625
379095.90625,288882.6875
381190.40625,292109.90625
306208.59375,109095.703125
417494.09375,314114.0
340066.40625,139531.796875
390357.1875,254678.296875
548709.125,239023.09375
301729.5,39014.80078125
329766.40625,114484.8984375
354252.40625,159995.296875
540889.5,246671.296875
544856.125,29165.599609375
361876.90625,125554.3984375
502834.90625,240200.5
339868.59375,125120.5
467707.09375,362728.90625
367888.90625,197437.59375
552195.1875,45690.19921875
369239.3125,304699.6875
297466.6875,14082.2001953125
474297.6875,161474.703125
295597.6875,86603.1015625
500776.40625,234028.90625
547249.5,406403.3125
424574.09375,255079.796875
295590.0,68974.296875
281994.0,186749.59375
323872.59375,178931.09375
337131.3125,119121.796875
269645.59375,13782.400390625
545272.6875,286011.3125
506052.90625,243234.40625
504360.6875,355821.5
452236.90625,312614.59375
381105.0,243600.796875
496560.6875,335003.6875
263650.09375,105471.296875
257350.40625,12545.400390625
317671.59375,183717.09375
301653.40625,13954.7998046875
414040.5,286224.59375
535859.3125,306958.1875
372745.40625,240093.40625
288482.40625,61310.1015625
471715.8125,371109.8125
466072.09375,389490.6875
326843.09375,103148.8984375
460253.3125,248606.90625
308337.6875,92567.6015625
458846.3125,309425.59375
487683.90625,296901.90625
343088.40625,195923.59375
318515.5,123672.296875
322209.0,80355.796875
312057.59375,22677.099609375
483893.40625,283499.8125
325756.5,114983.1015625
337755.8125,148494.703125
317485.40625,44420.8984375
536733.8125,231215.0
299007.8125,14439.7998046875
439966.59375,202871.0
403309.59375,265172.1875
343821.09375,174117.59375
389736.6875,245965.5
279688.40625,39256.1015625
351653.90625,149191.59375
342949.0,157418.796875
356918.90625,189518.90625
374483.40625,293198.8125
397178.6875,264911.0
541920.375,273148.90625
324597.90625,48010.1015625
291553.8125,71440.5
452516.40625,318860.40625
449913.1875,307850.5
318359.40625,160213.09375
412772.3125,257632.703125
584526.125,31390.900390625
362051.09375,256033.796875
377463.0,231290.796875
298684.8125,16414.69921875
434975.09375,300659.09375
344700.90625,167624.40625
525536.8125,373536.40625
566267.875,55814.5
429420.40625,270789.3125
531718.6875,370535.0
364072.0,207700.796875
366623.8125,111201.703125
485646.59375,307268.40625
565425.875,214854.296875
299635.6875,208084.0
349498.59375,143192.09375
521314.40625,342936.90625
413828.90625,344987.1875
263553.59375,69990.1015625
300308.40625,161599.90625
354297.09375,20753.5
332682.59375,225005.796875
541352.5,334024.3125
562027.0,175501.09375
332964.59375,97257.6015625
332749.0,67477.296875
422815.8125,331328.6875
345711.90625,176095.90625
318723.40625,62008.19921875
546693.875,265828.5
405725.40625,198859.09375
271132.40625,180771.90625
385222.8125,210028.5
336878.09375,170946.703125
360892.59375,136158.90625
321018.90625,14594.2998046875
419998.1875,204464.296875
437203.40625,364295.90625
412180.40625,254891.59375
341688.90625,26279.599609375
400363.3125,265194.6875
307509.09375,14166.2998046875
493082.5,286220.8125
301837.09375,38610.6015625
416813.5,273430.8125
302278.59375,95985.6015625
528492.375,394583.40625
248273.40625,136855.703125
322813.40625,107533.5
296938.3125,37783.0
482317.09375,254574.0
299182.8125,34228.8984375
547664.6875,355190.59375
359684.90625,93021.796875
307375.09375,26941.599609375
433683.40625,277971.90625
357138.6875,157013.5
350755.5,214467.296875
327625.90625,47188.8984375
430412.40625,295407.09375
369068.40625,236380.40625
577450.625,64573.0
539674.1875,313898.59375
322563.6875,167578.796875
317344.59375,15075.2001953125
507192.40625,347313.59375
319250.40625,168646.59375
569198.3125,188371.0
486023.8125,349239.8125
307600.09375,21009.400390625
423715.5,267679.3125
303689.09375,19417.599609375
298820.3125,16144.2998046875
422754.5,290868.40625
309767.1875,17613.900390625
497539.1875,240074.40625
382634.40625,182723.796875
305596.3125,20560.599609375
379367.40625,248160.59375
342487.09375,138691.296875
352881.5,112027.296875
531633.875,37236.3984375
314208.0,38933.6015625
557986.625,294963.3125
329199.6875,22315.5
265946.09375,19677.099609375
548316.6875,222103.796875
434023.8125,166813.296875
372163.59375,204781.5
335691.59375,160144.296875
489335.0,325026.3125
339432.0,107615.6015625
316211.1875,55309.19921875
542787.375,26971.900390625
266923.09375,12745.7001953125
386273.59375,207877.296875
322221.59375,18657.400390625
290870.6875,14935.0
469402.90625,236262.703125
315532.8125,102011.796875
330944.09375,41601.30078125
619499.875,122047.703125
340957.1875,131075.40625
436926.0,367535.40625
257810.703125,19234.400390625
319166.90625,38989.1015625
290085.8125,193524.796875
466810.09375,212670.40625
330886.5,20237.30078125
290779.5,139944.09375
318198.59375,218449.796875
300538.8125,91958.6015625
365810.40625,258403.59375
496248.40625,46596.3984375
537236.375,405061.6875
347676.90625,150691.59375
349522.5,139015.40625
536151.3125,300484.5
567855.125,352306.90625
364442.09375,17110.80078125
417071.5,334694.09375
429791.40625,268294.90625
550570.125,143426.796875
454124.1875,280559.5
337198.3125,179543.09375
475172.90625,388984.6875
488878.59375,397079.3125
590944.5,38551.3984375
479023.6875,428130.40625
260465.90625,16063.099609375
481180.90625,407110.5
344416.90625,183488.90625
337019.90625,68801.6015625
292786.09375,19308.900390625
448947.5,294805.09375
317715.6875,62950.19921875
446295.90625,288188.40625
297298.59375,29502.80078125
457905.09375,339903.90625
322631.90625,128082.703125
352794.09375,198535.09375
325585.1875,134324.796875
441954.3125,88965.5
492486.40625,214120.59375
276985.59375,35536.0
434916.59375,374851.90625
386041.59375,293494.8125
297208.09375,118651.796875
576782.6875,457295.5
300771.59375,63280.80078125
455313.5,253880.203125
412917.1875,287314.1875
516723.09375,262996.6875
434922.09375,289156.3125
325418.6875,108429.0
561880.8125,100792.6015625
349475.90625,16589.19921875
453952.3125,254559.296875
294548.3125,66181.1015625
405875.8125,296588.8125
359120.59375,159368.796875
365168.0,219345.703125
553223.0,188810.59375
367550.6875,258558.703125
310506.40625,37355.3984375
443433.59375,249037.203125
348668.59375,147129.09375
391074.90625,272076.6875
422977.09375,352689.6875
308974.8125,111991.796875
310673.5,31181.80078125
434643.59375,315900.1875
316822.0,66588.6015625
396547.59375,276579.3125
339564.09375,131714.09375
345412.1875,198269.0
413704.3125,281779.59375
327166.90625,152198.09375
393656.59375,276856.5
408368.09375,303938.1875
408324.09375,281009.3125
296390.09375,39765.1015625
460456.09375,324702.90625
530437.8125,324050.09375
321912.09375,71896.1015625
522940.6875,273257.8125
355011.5,240016.0
551628.3125,51450.0
445608.09375,278924.40625
369218.6875,207928.703125
468235.5,315178.59375
507694.59375,404399.8125
468252.59375,339705.8125
352925.09375,188242.09375
463181.59375,298569.8125
537245.6875,213670.40625
322363.59375,80911.703125
311538.59375,88818.6015625
548139.8125,349015.0
303193.59375,20749.30078125
301051.0,14939.2998046875
531753.0,218174.59375
360010.09375,238828.703125
314021.6875,22546.0
442394.09375,291335.3125
320519.40625,120810.703125
260679.703125,56618.8984375
369401.09375,177065.203125
611693.1875,31507.900390625
325380.90625,78657.6015625
469343.6875,376369.8125
578893.875,69588.1015625
549369.3125,353830.8125
296227.09375,14167.900390625
290184.59375,64803.30078125
350309.1875,174945.90625
393338.5,291956.1875
383227.1875,277745.1875
319979.09375,82174.703125
320912.0,78237.1015625
520258.09375,199266.796875
339333.09375,215409.59375
452609.09375,235440.40625
432361.6875,297995.0
334421.8125,127237.6015625
468287.40625,244277.203125
346216.5,246745.40625
347174.40625,27212.5
351853.40625,84382.296875
376007.5,237904.90625
557377.125,143020.09375
344430.1875,206769.296875
449013.5,299229.0
437747.8125,312964.5
352952.1875,216265.40625
558307.5,185602.203125
440357.5,208816.59375
286371.1875,138524.703125
418768.09375,296017.1875
557648.625,156793.296875
344907.59375,146472.796875
543362.8125,284494.09375
530046.125,307071.8125
509323.40625,349225.1875
417198.5,250685.90625
533568.1875,268723.40625
249598.90625,12603.599609375
315860.3125,20915.099609375
392539.3125,205712.0
526825.375,339568.09375
288299.3125,29122.30078125
306917.09375,81231.5
447154.0,313981.59375
541928.6875,313136.1875
385382.90625,245292.40625
439943.59375,266647.8125
355308.59375,200862.296875
300740.59375,22751.099609375
296523.09375,59572.3984375
528112.375,348457.6875
326128.3125,192430.296875
408744.6875,305341.40625
333692.40625,49125.6015625
552756.875,250322.5
473312.90625,305469.90625
359553.6875,85690.1015625
328900.09375,143620.09375
325473.5,111658.5
404265.0,262725.3125
379936.5,279879.8125
330669.6875,58779.3984375
521444.6875,155267.796875
561641.625,220396.296875
366055.6875,204665.796875
564569.6875,263488.09375
382165.3125,201909.90625
478741.3125,246584.5
293933.1875,28227.5
300308.3125,27484.30078125
410218.3125,268027.0
426121.1875,284156.6875
338937.40625,121423.8984375
467283.5,311965.90625
355228.90625,222844.59375
525125.0,299891.8125
404786.0,297273.8125
420126.6875,264044.59375
530464.8125,150044.40625
316854.8125,201859.203125
571587.0,77045.296875
396845.1875,164114.703125
298698.5,17840.19921875
525054.125,242085.296875
331372.1875,89342.796875
389223.40625,271085.40625
413692.40625,268047.40625
456488.90625,413137.40625
500183.90625,228580.59375
323509.3125,117297.296875
326450.90625,49553.5
306974.6875,19127.599609375
327785.3125,112902.8984375
301418.8125,110173.203125
418990.40625,292682.09375
472628.6875,356531.1875
573014.0,92204.203125
580077.8125,172390.40625
462184.3125,256131.0
339619.90625,122122.3984375
373990.90625,230929.40625
531207.875,305445.09375
430028.0,270063.5
586670.0,228341.296875
338879.5,138372.796875
362552.1875,259919.796875
289740.6875,27949.30078125
272389.5,152611.296875
303371.3125,67762.8984375
357221.1875,280151.3125
531397.1875,352296.09375
308185.5,40815.0
380101.40625,239633.59375
488955.3125,271713.8125
367575.3125,203400.90625
318973.59375,213190.296875
539142.6875,325029.8125
319824.8125,50468.69921875
528917.875,299434.90625
545507.375,44684.1015625
330468.5,105694.296875
513853.5,216176.796875
546622.6875,337999.8125
315887.8125,175950.296875
346782.6875,84346.703125
398758.3125,75508.8984375
465386.09375,360720.3125
615945.3125,181912.0
576357.6875,299063.8125
267021.3125,104411.203125
352122.90625,158722.90625
321119.40625,235145.59375
506168.5,371251.5
440556.3125,316918.3125
622597.5,95685.296875
495456.5,348160.3125
548416.6875,283483.8125
464747.6875,319305.8125
303065.1875,65321.1015625
457740.5,330644.8125
380742.3125,259517.296875
530456.6875,322912.6875
339698.90625,57600.8984375
540865.1875,263400.09375
306063.5,18670.400390625
381125.40625,182892.59375
273351.5,18085.30078125
440893.5,328692.8125
510139.40625,355342.59375
388082.1875,197615.703125
415425.8125,168295.0
528002.6875,324910.8125
327539.6875,100971.703125
571870.3125,59771.69921875
364650.59375,250796.09375
320513.5,19020.5
395371.0,245013.796875
341621.40625,145688.59375
470271.8125,222548.296875
464674.3125,244200.90625
528891.875,393598.90625
290600.40625,33390.3984375
310257.40625,127600.6015625
471612.8125,249896.796875
297972.0,35309.30078125
400987.1875,294242.6875
422764.3125,173037.40625
318864.5,47157.80078125
449449.40625,351148.09375
414591.8125,265936.3125
314177.59375,18478.30078125
395167.90625,236158.40625
339910.5,132856.0
390049.0,298976.8125
425005.3125,294670.8125
377130.09375,228951.296875
576168.875,65009.6015625
298144.40625,32861.1015625
402271.0,227210.5
358616.3125,170681.296875
321065.1875,104501.8984375
368083.1875,34640.80078125
482867.6875,240023.296875
546607.1875,147439.296875
375858.3125,221712.40625
453387.90625,28354.80078125
523831.3125,265054.90625
347199.90625,105596.6015625
534523.3125,223380.796875
495453.6875,344274.6875
522170.0,287989.1875
333791.3125,71713.5
339608.6875,104102.1015625
400180.59375,286884.09375
486592.09375,318230.90625
289578.09375,13781.7001953125
385402.59375,219175.40625
331107.09375,165577.203125
516976.90625,157858.09375
380976.09375,180414.59375
468630.59375,223807.90625
578768.125,82752.5
387003.40625,234408.09375
294246.1875,75116.5
359797.8125,163540.90625
402862.8125,301123.1875
295560.1875,26621.900390625
255898.40625,12886.5
433468.90625,268602.0
329078.1875,147003.59375
327045.8125,35198.6015625
324019.8125,137271.90625
359262.1875,202350.296875
587863.6875,54571.80078125
329765.59375,184347.296875
537153.125,342868.90625
526369.5,224949.59375
427015.0,289004.1875
468430.09375,186631.296875
544004.0,345147.90625
403561.90625,299731.59375
446037.6875,181918.5
423783.90625,265747.59375
426440.8125,303069.6875
476646.40625,251439.5
428579.8125,241298.5
365617.59375,220616.203125
568978.6875,151481.796875
319883.8125,89829.703125
322142.09375,64325.19921875
576515.375,278914.59375
404678.3125,290015.8125
343618.40625,122406.6015625
315309.1875,95940.3984375
365510.90625,286981.8125
273657.5,19327.69921875
295521.3125,19475.80078125
288530.40625,25891.5
484831.1875,185336.09375
278400.90625,13199.599609375
339576.0,207794.296875
532612.3125,47215.1015625
407350.1875,255068.203125
459258.8125,320859.40625
310092.1875,17635.30078125
322812.1875,55533.30078125
356531.59375,91136.796875
376377.59375,285985.5
342029.59375,93199.3984375
431014.90625,311921.09375
567130.8125,266551.3125
433542.90625,250273.09375
455800.09375,360227.59375
582874.875,74120.1015625
313904.3125,40401.80078125
435851.40625,222942.5
317548.90625,175877.296875
342139.40625,144382.5
440649.90625,263207.3125
472036.09375,349795.8125
324724.8125,20737.099609375
522181.3125,309496.90625
341704.1875,151466.796875
315642.8125,52416.19921875
499144.6875,287255.3125
363533.59375,180405.90625
454769.40625,314652.09375
285864.1875,16998.900390625
368215.90625,162208.796875
363394.1875,199703.5
291464.40625,74074.296875
330210.3125,66200.796875
374282.1875,216131.59375
501115.59375,315807.90625
336695.59375,79618.5
426655.09375,283581.6875
311315.59375,32572.69921875
529071.3125,291754.3125
448861.6875,228951.0
420062.8125,304006.40625
557403.875,306692.59375
557114.5,336309.8125
333215.8125,136750.296875
478181.90625,343231.0
573498.875,61205.80078125
303013.09375,26227.19921875
521337.6875,263024.59375
534633.375,246147.796875
470082.6875,183941.09375
471896.09375,246214.40625
297362.6875,62451.8984375
565179.5,30012.30078125
349857.40625,166505.296875
300225.6875,78674.5
439383.40625,277041.0
271387.8125,200098.0
341532.8125,121943.296875
385582.40625,234764.5
327120.09375,48122.5
362531.3125,237579.296875
493945.0,376630.8125
553627.3125,279289.3125
313052.40625,63388.5
331875.40625,81842.5
421798.40625,301595.8125
582269.0,329827.1875
338255.40625,85082.296875
488970.6875,358653.1875
467073.1875,228614.296875
455947.3125,320259.1875
460844.8125,309982.5
314902.5,76437.1015625
320995.59375,250420.0
361275.5,215202.59375
320909.1875,82010.796875
352791.6875,200804.59375
567316.125,259117.796875
365809.8125,231736.796875
301867.59375,38206.3984375
400103.5,255936.796875
383253.90625,267646.6875
489179.09375,325298.40625
399155.59375,185717.703125
426791.3125,158373.40625
519335.40625,253501.59375
370016.8125,271039.1875
372569.5,254130.296875
314338.8125,40598.30078125
330824.5,72258.703125
350496.90625,153776.0
297348.59375,137169.40625
412778.40625,266779.09375
330598.59375,205757.09375
543197.625,160161.703125
452092.6875,302161.0
537358.3125,66625.703125
363016.1875,245140.90625
364016.90625,239380.5
418306.40625,294119.0
333575.1875,109117.6015625
276553.8125,27482.099609375
419630.1875,289792.6875
481333.8125,305775.90625
321840.6875,246522.59375
296550.1875,235324.296875
337731.1875,136691.796875
528072.625,242608.796875
501728.59375,383365.5
363790.1875,215546.296875
296289.6875,37089.1015625
375749.90625,198692.40625
530944.0,206482.90625
471981.0,315743.1875
263142.40625,13253.599609375
480188.0,309480.5
404189.90625,253031.40625
484966.59375,399773.3125
349794.0,17821.30078125
383124.09375,262794.5
523921.40625,304756.8125
484853.40625,273637.6875
399774.09375,265430.40625
333991.59375,182798.296875
425620.59375,284644.3125
533583.1875,173731.09375
372340.59375,216334.40625
571285.625,30274.099609375
296841.3125,13676.7998046875
476720.1875,269147.6875
388448.90625,209955.09375
403119.90625,358935.90625
427243.8125,299696.3125
503003.8125,338319.8125
317190.40625,31184.5
478883.59375,281994.59375
281626.90625,16310.900390625
314247.0,105201.5
444596.3125,290457.5
323233.59375,108002.203125
382976.09375,233750.40625
391054.40625,322579.3125
294425.59375,15476.7998046875
532091.375,226206.40625
553597.375,206928.296875
424732.3125,228164.09375
407315.0,303585.3125
586583.375,120237.796875
305225.40625,18590.19921875
471276.3125,246421.796875
464118.40625,210234.40625
302689.6875,34004.1015625
384828.5,252205.203125
356394.5,181051.703125
304529.8125,68863.296875
382879.90625,236556.0
344813.59375,147827.203125
552203.8125,153860.5
253035.796875,172479.703125
311963.40625,30405.5
431726.40625,273534.8125
321080.0,71399.3984375
328836.1875,89852.3984375
482629.90625,327353.90625
582183.625,259332.5
478418.09375,277829.3125
317478.8125,190263.59375
402482.40625,330415.8125
307397.59375,19408.900390625
415366.8125,242604.296875
327722.59375,52336.30078125
314431.09375,14266.7998046875
395246.1875,264766.90625
307882.6875,26308.69921875
463201.3125,286792.5
432782.0,310407.1875
301059.0,45636.80078125
411743.6875,305801.40625
576869.625,153622.5
469114.0,322380.40625
553387.5,215373.90625
586365.3125,40162.6015625
392940.3125,152281.703125
336230.90625,160099.40625
575705.875,33005.30078125
572618.5,299835.8125
299346.09375,29444.400390625
586860.3125,120066.796875
465704.09375,280051.8125
520171.90625,282614.0
323887.09375,20616.900390625
377208.59375,263647.09375
315205.3125,26873.80078125
295947.40625,65959.3984375
401090.5,262133.09375
429315.3125,234981.0
248008.796875,38401.0
339644.90625,222709.5
511229.3125,330736.8125
332659.40625,121594.0
576592.3125,53150.5
482848.59375,302492.6875
262609.8125,13896.0
574689.5,215024.0
399745.90625,174666.40625
291477.0,22423.5
467811.59375,213290.0
330415.3125,69793.6015625
396205.8125,271785.5
393675.5,262327.40625
292764.90625,35482.80078125
332587.59375,176060.0
452533.09375,232803.796875
316053.5,67644.3984375
319661.8125,41205.69921875
548122.875,348483.3125
393124.59375,178397.0
322899.40625,19220.099609375
392671.40625,278788.09375
315898.8125,21787.5
348295.40625,216686.703125
463849.3125,174377.796875
421164.09375,233066.796875
286887.1875,20781.900390625
337176.09375,131157.90625
454169.59375,258974.59375
244759.796875,40336.80078125
544707.0,185044.59375
409664.8125,261225.0
324456.5,47786.5
377876.40625,245308.5
516143.90625,325450.5
251730.40625,12411.0
516662.59375,409649.6875
291922.8125,30175.5
315893.0,95118.5
422238.40625,279575.0
312150.5,23733.400390625
246841.296875,17272.599609375
368426.40625,213747.203125
278569.90625,78528.5
410225.6875,364844.40625
273218.8125,152376.59375
393929.59375,255912.90625
324084.59375,101696.3984375
438507.09375,245886.59375
416426.6875,276195.1875
452423.90625,270421.59375
520363.8125,151844.5
392703.8125,297011.0
500191.8125,137757.296875
512467.90625,356016.5
312386.3125,15349.7001953125
358275.90625,199560.296875
331672.09375,97656.296875
484295.5,27078.80078125
366037.40625,170305.796875
343103.3125,184907.796875
297331.09375,15326.7998046875
298393.1875,62554.1015625
308006.59375,14877.099609375
288825.6875,40742.1015625
489569.0,327638.1875
391797.0,239375.5
457280.8125,329182.5
338488.0,16909.80078125
387766.3125,191700.796875
399766.8125,288436.8125
351519.40625,181173.796875
298077.90625,14342.099609375
406208.0,209638.40625
522753.09375,326854.40625
501586.1875,333172.40625
581399.875,154907.5
341424.40625,227860.796875
297762.59375,69472.5
471798.5,423785.90625
423763.8125,301967.09375
328537.59375,83949.3984375
447317.8125,302417.3125
554871.625,144588.796875
310291.90625,14657.0
319420.6875,23142.599609375
550173.125,36343.6015625
382281.1875,238548.203125
476020.5,286804.1875
339688.0,129247.796875
293043.40625,190041.0
302003.8125,137381.796875
596999.875,66245.0
375820.3125,251300.5
357335.0,197138.296875
327965.1875,168312.40625
305192.5,68251.296875
489387.5,257331.296875
317680.3125,80388.5
347427.5,125760.3984375
424740.0,229354.5
542956.375,217991.5
419908.40625,36291.19921875
335465.6875,136689.296875
396491.40625,256868.59375
303659.5,15937.7998046875
493710.59375,251811.59375
451744.8125,307774.3125
534559.125,311390.8125
331755.5,29862.30078125
452576.59375,215446.59375
408231.5,321747.0
541216.8125,268730.8125
536662.5,308416.0
547922.5,265170.3125
304985.90625,50098.19921875
322831.0,23360.5
318082.5,80747.796875
483046.3125,257724.90625
446221.09375,241447.59375
426820.0,246863.5
496364.90625,312056.5
341744.6875,85886.3984375
433546.0,291036.5
308072.5,53722.80078125
309444.09375,133156.90625
396895.90625,284280.6875
567492.1875,150548.90625
302696.09375,48880.1015625
322376.6875,31343.30078125
296126.90625,25134.599609375
327228.09375,91531.1015625
386146.40625,265831.0
300879.6875,14267.7998046875
406533.6875,295873.3125
521359.40625,228798.59375
420599.1875,207250.796875
444916.59375,351863.3125
301856.5,18170.30078125
584027.3125,181100.90625
564664.5,58719.0
348858.6875,122299.8984375
368642.8125,202996.5
465919.90625,318510.59375
314951.6875,29231.30078125
390759.09375,237994.59375
525057.0,224844.59375
418826.0,302287.40625
347240.0,54570.0
340061.90625,162778.796875
399948.5,310972.3125
285993.3125,44182.0
394960.1875,293890.90625
355174.40625,286773.09375
520994.0,312861.3125
430310.5,282723.09375
320424.5,54495.69921875
320462.1875,66791.6015625
309249.1875,67485.0
310661.5,21615.5
268207.40625,41637.5
285060.6875,19500.400390625
371792.90625,201836.0
298375.6875,25630.900390625
480189.90625,355908.8125
318063.5,18474.80078125
272202.40625,35617.19921875
557154.875,349108.09375
329179.6875,79463.296875
376717.0,136445.796875
449573.5,288679.6875
517714.90625,192047.0
568309.875,200257.09375
294324.0,61099.30078125
301803.09375,47580.1015625
306530.3125,17055.80078125
403213.6875,260367.40625
381586.5,238161.90625
495967.3125,306731.40625
325373.3125,75179.796875
545267.5,246565.796875
554352.6875,256254.5
305936.40625,59762.69921875
549355.6875,263345.40625
454146.0,423810.59375
372084.5,210749.203125
303194.59375,24720.80078125
361743.1875,218955.59375
393187.59375,286955.59375
314911.1875,102894.5
594115.6875,104142.0
510446.90625,374051.0
503760.8125,407319.8125
302885.40625,20685.099609375
345036.1875,123762.796875
445984.59375,330267.09375
483477.0,256296.5
473456.0,336214.8125
330142.6875,82282.8984375
568475.1875,357240.0
440607.59375,26617.900390625
416794.3125,263236.90625
500286.40625,273438.0
370509.40625,157575.796875
314830.1875,50553.5
465474.09375,318508.40625
417068.90625,294068.09375
551295.5,365432.6875
508925.09375,69821.796875
562313.1875,26277.5
271010.90625,153589.0
584408.1875,209117.203125
503341.40625,349703.6875
532965.875,297708.5
354282.0,200557.296875
262955.40625,17720.19921875
491686.90625,186833.59375
283917.5,18282.0
373656.90625,252841.59375
460079.5,288020.40625
391982.5,223144.796875
315538.3125,23324.900390625
327817.3125,112302.796875
458548.6875,168059.90625
424105.8125,184119.703125
517631.40625,300511.6875
416470.8125,94452.203125
468277.8125,326470.1875
360950.5,250472.09375
507605.0,233711.703125
388874.5,258889.90625
530274.5,358785.09375
316861.1875,22824.0
358724.1875,131351.703125
293156.3125,16217.2998046875
476409.6875,249406.703125
436264.1875,245229.0
587541.375,30163.19921875
528095.125,136496.5
555456.5,179939.59375
459158.40625,284743.6875
295453.6875,21452.69921875
420175.90625,308049.8125
300647.09375,61213.30078125
390441.90625,296070.1875
546688.125,236084.296875
393138.09375,274460.40625
434978.59375,339761.5
335446.5,176179.09375
407674.59375,197602.59375
413987.5,288623.59375
552406.3125,254480.90625
341446.0,107263.296875
494184.3125,274980.6875
401381.5,319937.09375
327100.6875,135272.5
587921.875,28224.0
466288.09375,373577.5
365153.0,242671.5
317190.59375,61801.30078125
320439.09375,50164.8984375
507100.09375,298067.09375
556757.0,218261.203125
322956.3125,18221.69921875
540307.0,301182.59375
539780.0,152158.09375
401716.8125,270563.90625
530461.3125,297640.59375
350478.1875,187103.203125
326706.59375,76619.296875
454913.0,324342.59375
473965.5,331438.09375
324754.3125,49691.8984375
347548.59375,87020.1015625
293593.09375,20165.69921875
421592.5,161107.90625
388045.0,212646.59375
506905.1875,324391.0
295798.59375,30322.5
505099.09375,372665.3125
452580.3125,304876.1875
555224.125,247278.796875
392864.09375,228468.5
461042.8125,214415.703125
334080.3125,145779.90625
300518.5,35340.19921875
514929.0,346582.09375
342143.5,231663.40625
290986.3125,35940.69921875
311678.09375,40837.80078125
315396.59375,123254.8984375
299337.0,25771.599609375
396789.5,232228.59375
337010.3125,106705.1015625
448409.3125,302510.59375
540866.5,265754.90625
337590.09375,126838.6015625
345484.6875,155787.203125
327794.09375,97014.5
470602.0,192729.0
393572.1875,310952.1875
474433.6875,292283.0
373803.8125,227175.703125
308900.0,25407.099609375
527979.3125,393336.1875
494073.3125,302829.90625
344442.3125,194976.59375
405325.8125,203702.09375
367903.3125,135421.90625
545875.3125,247477.703125
487030.5,294980.59375
487708.90625,278247.3125
320430.6875,90729.0
312787.90625,77279.203125
565084.125,166089.296875
361762.09375,249142.40625
312381.3125,25125.19921875
328690.3125,282866.90625
446092.5,266300.6875
499811.09375,131780.09375
407049.8125,275618.09375
524935.8125,261421.90625
296267.09375,81804.703125
316320.5,26288.80078125
427483.8125,246242.203125
406803.59375,316142.09375
323747.8125,77172.1015625
572512.5,161979.59375
419613.09375,267803.8125
316589.09375,17284.099609375
439703.1875,256453.59375
346982.3125,159111.703125
339830.90625,138449.703125
354108.59375,158139.296875
350668.8125,153664.40625
363262.5,213047.703125
377218.3125,288233.09375
423061.3125,264294.59375
487555.59375,313247.1875
373263.0,217491.0
325623.90625,15888.400390625
463007.1875,255343.5
351593.0,186655.5
369466.09375,303522.3125
527437.1875,215084.90625
388570.90625,306736.3125
310107.6875,224949.09375
446146.0,50329.0
432895.0,390397.8125
329663.40625,131660.09375
364798.59375,238850.59375
303205.90625,21046.30078125
323068.6875,106182.6015625
332375.0,103664.1015625
448883.1875,324049.6875
432167.59375,200099.0
347111.59375,70095.296875
452573.0,356742.0
553086.1875,282061.40625
345471.1875,114978.1015625
553140.1875,298787.09375
311529.1875,83485.0
321294.40625,282124.3125
517823.59375,81732.796875
405999.6875,237340.90625
576222.0,41382.69921875
265918.90625,139494.09375
298515.3125,120038.296875
296909.90625,87171.3984375
419956.09375,255104.203125
360484.40625,183002.296875
313208.09375,32348.0
354371.40625,202637.90625
358752.1875,173785.0
324878.09375,76051.796875
333422.1875,218273.40625
479751.1875,348132.90625
558241.5,52928.1015625
354302.5,178604.09375
303326.1875,80199.0
336263.1875,115480.8984375
322910.8125,126726.1015625
515702.3125,276331.8125
318970.40625,18626.599609375
571966.1875,216686.09375
344796.90625,46974.30078125
603771.6875,131542.796875
557852.875,43601.3984375
439985.90625,316914.40625
267828.59375,97595.296875
478497.90625,301184.90625
439614.5,350364.59375
399892.0,275018.0
324505.3125,57522.80078125
408817.8125,262800.09375
324041.3125,15180.7998046875
360243.40625,190865.09375
452763.6875,325254.90625
449866.8125,244056.296875
372877.0,240867.0
352781.09375,328141.5
384720.0,226811.09375
314055.1875,55557.80078125
319415.09375,22635.80078125
412141.90625,310781.40625
326155.40625,20022.80078125
275729.1875,34935.3984375
304473.1875,117204.3984375
300871.8125,29464.599609375
310414.1875,41929.1015625
372837.1875,222395.09375
409233.09375,261050.796875
332746.5,222098.59375
317639.90625,16132.2998046875
398792.90625,277944.8125
296464.3125,79280.296875
253011.296875,110031.6015625
312662.0,105503.0
321509.0,101930.296875
461364.59375,257311.703125
451473.1875,293751.1875
347269.09375,204527.5
261430.203125,24519.69921875
313723.09375,179745.09375
437814.59375,264194.6875
496916.5,295803.5
247696.59375,26830.80078125
465959.1875,20318.5
415048.5,224498.09375
461944.09375,365144.8125
360833.0,201486.703125
248898.296875,73744.1015625
305183.40625,59547.1015625
408048.6875,237039.90625
315809.6875,112727.6015625
398433.8125,266728.3125
456284.40625,245491.796875
439354.90625,317448.3125
478025.1875,215842.703125
574104.0,316393.59375
288653.8125,242948.0
288552.6875,14738.2001953125
332500.5,52419.3984375
543283.125,294974.3125
397975.0,225413.09375
323908.59375,83414.296875
378531.40625,266050.40625
413162.0,277916.0
571559.375,165920.296875
341126.6875,186015.90625
517744.3125,275602.59375
362970.8125,182142.296875
372793.40625,171235.59375
345848.6875,172801.09375
317665.5,79138.796875
322772.40625,98815.796875
280766.40625,101756.3984375
456509.1875,281589.59375
314409.59375,73856.0
317914.09375,143680.5
317252.1875,142248.296875
568521.0,52023.6015625
347555.8125,161141.0
330516.59375,99403.203125
606293.8125,28887.0
289786.1875,16590.099609375
351933.5,107264.0
337334.59375,152783.296875
334431.1875,135233.0
303716.5,16312.2001953125
300745.3125,75335.1015625
468768.8125,351284.8125
323232.1875,98140.6015625
299414.5,33130.5
453187.0,284609.09375
317070.5,136348.0
317780.09375,14426.2998046875
496040.6875,272219.90625
421535.8125,244368.296875
303131.3125,34965.6015625
573738.875,55444.3984375
301148.5,17141.099609375
320028.1875,107664.1015625
309934.0,37549.1015625
381955.6875,216713.203125
325867.0,75079.6015625
316566.09375,18802.099609375
314272.0,93180.0
396550.0,228253.296875
383976.5,269857.1875
335107.3125,119386.5
473766.8125,232900.59375
439275.09375,310801.0
324418.09375,19272.30078125
446142.6875,283829.5
530119.1875,278071.5
365551.6875,198094.90625
321309.5,54533.1015625
338735.5,196395.0
304763.09375,27348.599609375
401558.5,305069.8125
308253.59375,77182.6015625
382564.0,229306.0
400798.0,255369.203125
323895.90625,31231.80078125
364417.1875,222220.703125
308838.5,16847.099609375
402756.6875,257583.296875
346706.3125,119139.1015625
529840.875,176642.90625
349781.09375,161598.0
305256.1875,140804.5
317863.1875,64094.1015625
470337.6875,292145.09375
327185.1875,112764.203125
443588.09375,359421.09375
504471.6875,158935.40625
328456.0,85976.796875
298915.0,56733.6015625
525427.8125,295725.5
296639.59375,91797.703125
303325.6875,122199.203125
544969.5,307666.59375
296065.40625,42002.69921875
356475.6875,175228.203125
382648.90625,237655.09375
313059.1875,15805.7998046875
328726.3125,108374.6015625
344065.59375,60426.0
376799.5,198852.5
427722.1875,283242.09375
389871.6875,245499.703125
318369.09375,59314.6015625
536140.1875,258379.90625
416630.0,265418.09375
380325.5,300976.0
371149.0,261912.296875
308016.0,82189.796875
291428.1875,21242.69921875
494179.3125,335949.09375
514722.40625,317195.90625
456418.59375,246228.5
495934.59375,244285.796875
309644.6875,101389.0
546273.5,160871.59375
289761.5,28406.5
335337.6875,84080.203125
324164.6875,18076.400390625
470075.0,362063.8125
475134.09375,244099.203125
559524.875,221046.796875
386900.6875,18314.69921875
496778.6875,260347.796875
367179.90625,195468.40625
458406.6875,374085.5
352229.5,101637.1015625
501184.1875,298841.40625
404272.5,224357.296875
269380.0,26989.599609375
493384.8125,354858.0
263685.8125,16725.69921875
303047.09375,52589.19921875
516052.6875,325745.6875
312436.09375,45600.5
518817.1875,315577.40625
404915.0,230826.59375
340288.40625,73849.8984375
374596.6875,261644.0
476115.6875,257922.90625
342351.0,143333.09375
487292.59375,247669.09375
591796.0,128722.1015625
254214.59375,98264.1015625
310769.5,40872.30078125
335910.3125,90833.5
324167.5,66568.796875
569966.875,34159.30078125
356827.6875,253608.203125
307721.40625,15266.0
551924.6875,209533.796875
383652.09375,263896.8125
352649.1875,225786.5
501844.0,280740.59375
418566.0,289757.3125
303247.09375,28507.599609375
408483.3125,234756.5
481101.8125,345882.59375
350594.40625,208943.796875
306374.6875,26750.69921875
329098.59375,68784.203125
428213.59375,325611.5
460661.6875,251997.5
382011.1875,263902.59375
459205.1875,221048.203125
520503.5,316453.8125
323910.40625,41381.3984375
476817.8125,250448.0
352750.6875,119082.296875
318514.59375,157325.0
296916.09375,18003.80078125
419973.6875,286692.0
402572.59375,226822.796875
553560.6875,29818.099609375
569516.6875,319052.59375
553851.1875,251643.796875
326875.59375,161849.296875
583770.0,208859.0
536895.625,286903.09375
363126.0,181441.5
585704.0,84019.296875
431700.0,266899.1875
444235.3125,293616.5
492440.6875,256317.296875
307555.59375,92804.296875
326740.1875,67758.0
474889.1875,345666.1875
553348.125,192265.09375
397780.6875,240802.40625
429001.5,298658.3125
412889.6875,345885.8125
300689.59375,41614.80078125
322036.1875,45949.0
374133.59375,309069.3125
402991.1875,238095.59375
274165.1875,227430.796875
336374.90625,232602.90625
370781.59375,239470.0
282147.09375,30945.80078125
450844.09375,262080.796875
587739.6875,42458.1015625
390157.6875,233594.40625
536696.1875,229822.203125
336497.5,16651.0
533045.3125,339010.5
296968.5,37458.30078125
346123.1875,101068.796875
397439.3125,237453.09375
564542.625,237411.0
511870.59375,223433.296875
288045.1875,41916.3984375
443065.0,328169.09375
467548.6875,244751.59375
368862.5,200862.296875
314524.59375,19238.099609375
339507.5,102658.0
327346.0,131014.296875
308322.5,58200.0
534561.0,99697.796875
440314.09375,248571.296875
329644.6875,78165.703125
268740.90625,30458.80078125
477408.90625,256409.40625
376251.59375,177864.796875
447937.8125,356518.1875
578137.5,313530.09375
300932.5,39276.6015625
564962.875,324951.1875
472538.0,329560.5
315682.5,83696.3984375
356602.09375,149946.703125
254958.90625,19769.400390625
315465.0,81290.5
304133.90625,44150.0
289988.90625,25359.5
458878.0,294494.40625
478098.40625,301477.0
370129.0,203734.0
530433.875,444085.40625
310641.09375,44989.5
318562.90625,29384.599609375
292364.90625,73316.3984375
300875.0,14983.599609375
535556.875,294810.6875
588595.0,145944.0
531813.0,170139.90625
447965.40625,335210.5
354547.5,221833.796875
330305.09375,84726.296875
413224.6875,237490.203125
447818.90625,326502.8125
316849.90625,80495.8984375
498385.59375,375586.0
513064.5,366378.59375
568400.0,283136.59375
475826.90625,334795.1875
392459.5,168771.5
296694.3125,66085.6015625
532901.875,386689.6875
316184.5,67954.1015625
331452.59375,121007.8984375
298327.0,43438.8984375
322455.59375,47568.3984375
544798.875,229657.0
374388.0,226261.796875
371019.40625,187640.5
291960.59375,166289.5
550831.125,267876.8125
492485.90625,316187.40625
396128.5,295591.90625
353261.59375,182232.203125
329416.5,104243.0
303857.40625,175069.0
349338.3125,189553.203125
317455.5,123193.6015625
300654.0,15217.5
522219.90625,284983.40625
291420.5,179324.5
342780.90625,183191.296875
306550.90625,44416.8984375
528347.3125,294467.0
325820.09375,158664.796875
309030.90625,16320.400390625
443557.0,234261.09375
559667.0,293144.5
357944.8125,172093.796875
510457.90625,373511.6875
276776.0,96470.1015625
500334.40625,349662.5
288618.90625,58204.8984375
353372.0,198057.40625
552905.375,324172.5
342919.8125,197198.5
284767.6875,27858.69921875
443154.40625,289340.8125
540037.875,370381.40625
331078.8125,74375.0
356411.59375,175014.0
587697.8125,52365.69921875
356411.40625,20880.69921875
296850.40625,42603.69921875
363859.5,177086.0
423801.40625,304889.0
562084.5,203101.5
355118.09375,198734.90625
313457.0,41615.30078125
308238.6875,23292.19921875
544510.875,315826.8125
460592.59375,273002.0
305173.8125,62313.69921875
390014.5,276544.09375
333270.90625,16478.30078125
331122.0,132786.296875
302535.8125,73198.5
320590.90625,130271.796875
355564.09375,228671.796875
558982.375,106261.8984375
501783.3125,254592.203125
303453.5,118146.1015625
365226.0,236563.59375
467292.0,365911.90625
509985.8125,216400.09375
440698.8125,328476.5
504041.3125,353265.8125
286966.40625,100429.203125
339363.90625,127188.3984375
348612.5,141122.5
456943.0,247513.796875
345455.90625,203850.90625
556803.375,339551.0
560483.8125,211938.5
484041.1875,312937.1875
487190.90625,271465.3125
390998.40625,277848.40625
507299.59375,23599.0
321764.40625,120698.1015625
410359.09375,338151.8125
365440.5,186771.09375
385315.5,239596.5
354887.0,186381.796875
309162.6875,52654.19921875
401329.0,261660.0
564210.8125,185082.59375
347841.3125,145457.5
244787.90625,122871.3984375
335492.5,95675.0
478930.59375,351982.6875
305374.09375,57843.80078125
504921.8125,284516.8125
309154.5,89607.796875
473694.8125,197206.296875
513133.90625,323751.8125
400898.6875,275207.5
520799.3125,291715.1875
441801.8125,263629.90625
386740.3125,188367.40625
391843.1875,259470.5
381803.3125,233307.203125
482666.5,329887.3125
302238.09375,60104.5
303006.3125,217201.40625
360436.1875,171823.0
510937.90625,355459.5
461558.8125,265751.5
419497.0,311027.5
554729.625,173465.0
459741.59375,324506.09375
512919.0,228158.703125
461277.5,374209.3125
369778.59375,213077.5
329154.6875,137170.703125
482195.59375,297236.6875
386641.59375,106806.703125
330684.40625,28579.599609375
300670.3125,101504.3984375
347267.90625,167692.296875
529594.0,240497.296875
338796.1875,171926.09375
321574.40625,16145.2998046875
402263.6875,292319.09375
375436.3125,186114.703125
395662.8125,287319.40625
516329.3125,367393.5
377009.0,137125.0
372299.6875,240031.59375
407860.59375,256005.0
294109.09375,27036.099609375
312698.09375,62533.6015625
562964.5,255080.296875
542578.0,275132.8125
421081.8125,288222.40625
314025.3125,30415.80078125
368344.5,211460.0
337206.6875,154377.5
441900.90625,308314.6875
475048.0,319668.6875
528965.5,274443.3125
555223.625,230795.5
527102.0,355626.3125
547379.3125,398039.40625
481075.8125,346918.8125
408706.0,212822.5
554858.875,374276.3125
482873.40625,213595.703125
380278.8125,240940.203125
328888.5,19939.80078125
422686.3125,177817.703125
241853.703125,13214.5
486051.1875,322107.5
259701.90625,38757.80078125
412086.40625,245902.796875
484615.6875,245814.203125
333285.1875,216057.40625
422642.6875,245116.09375
370353.3125,209854.40625
411990.0,335718.0
320597.1875,92940.5
476575.3125,285947.1875
337175.5,203746.296875
350997.3125,122490.8984375
419112.0,236641.0
304172.1875,99653.0
326128.90625,42611.80078125
297300.40625,91993.703125
516554.3125,288389.6875
325836.5,110859.703125
270374.1875,129031.6015625
437811.3125,320052.6875
542787.3125,229975.90625
337192.6875,202096.5
560811.6875,245417.5
355962.6875,231246.59375
304962.09375,72568.6015625
331340.5,87666.1015625
404699.5,287273.3125
318445.5,96508.296875
389047.8125,216083.796875
289714.90625,16756.30078125
424724.5,375780.8125
564417.6875,40503.5
468281.90625,328767.8125
346152.3125,111887.703125
322220.5,31223.30078125
411090.1875,294197.09375
380402.09375,232431.0
305309.8125,54732.3984375
415611.90625,292894.5
549427.3125,330388.40625
342016.40625,139833.296875
440422.0,269649.8125
535577.8125,264314.40625
502006.5,339192.3125
309009.40625,48814.6015625
348983.1875,140564.0
326010.0,45589.19921875
390797.6875,281331.09375
352795.8125,106065.203125
430597.59375,306386.5
331435.09375,212337.59375
312187.3125,15539.900390625
357686.0,186527.703125
332580.5,161151.796875
283384.0,13357.900390625
316665.09375,29896.0
405365.40625,260859.796875
333493.0,145314.796875
311901.8125,131213.90625
509743.6875,364177.5
321801.90625,86627.796875
383240.5,294459.3125
332629.3125,73269.8984375
317470.8125,118676.796875
402666.90625,303405.59375
456720.8125,394047.6875
523376.0,321497.1875
346956.6875,79039.1015625
416766.8125,369589.1875
537132.3125,300728.90625
321100.8125,101952.5
333301.09375,121155.6015625
300277.09375,47854.1015625
535353.3125,293929.40625
423601.5,338553.6875
316760.40625,124128.796875
332376.5,117717.796875
543810.125,300418.0
313155.6875,50591.0
252791.90625,21547.80078125
335004.6875,123150.1015625
365634.90625,272518.90625
450874.1875,318828.40625
321858.0,88755.203125
389730.1875,297396.90625
286246.6875,13518.900390625
280819.40625,40689.69921875
515641.09375,462975.59375
317365.90625,107797.1015625
439988.09375,335448.0
311531.90625,16368.7001953125
259677.203125,166618.09375
330890.40625,64527.80078125
335394.5,150592.796875
342979.90625,216222.40625
365859.0,194201.203125
304408.90625,29668.599609375
504042.6875,200698.40625
324855.0,189361.40625
544002.6875,187010.203125
509426.1875,324610.40625
493657.40625,357623.40625
334863.5,156675.203125
453080.6875,345720.40625
539700.375,326583.5
578333.1875,253713.09375
546901.0,331324.5
349304.0,212877.203125
463269.59375,238557.09375
572173.3125,42407.8984375
455454.59375,293559.5
361009.90625,199170.59375
414074.3125,295224.09375
442945.5,239300.59375
419735.8125,243317.0
327106.1875,103067.6015625
511667.5,322640.90625
385358.90625,252608.40625
415360.8125,272513.09375
297807.09375,132465.203125
340049.6875,157443.0
295838.8125,48673.3984375
418557.3125,365620.0
306669.40625,113391.296875
289866.40625,108474.203125
321894.5,225563.5
285142.5,119092.703125
312517.8125,47566.80078125
291132.90625,26173.0
312327.6875,16897.099609375
409296.0,215498.0
557143.1875,222625.59375
499597.40625,388188.3125
480021.0,307842.5
409307.5,305487.1875
370673.1875,275003.6875
289383.6875,104407.8984375
307993.0,81827.703125
318735.8125,41496.69921875
292760.6875,49203.69921875
394950.1875,137715.40625
460825.40625,143431.59375
450991.8125,289583.90625
539844.375,303789.09375
554974.6875,55850.1015625
305990.5,102525.5
496507.1875,371079.8125
337491.0,207119.59375
349911.09375,160986.59375
329257.90625,38168.8984375
577704.5,29439.900390625
417147.90625,171894.40625
417790.90625,230370.296875
336532.5,154407.0
315652.40625,55117.69921875
406379.90625,236918.796875
440040.0,244032.0
500993.3125,309274.8125
475525.6875,284977.90625
485129.8125,232534.203125
530442.8125,331257.6875
437949.09375,273660.09375
384861.40625,237578.59375
339152.0,180691.796875
532619.0,270301.59375
335514.3125,174044.0
528078.6875,306406.5
391253.90625,260392.40625
439383.09375,265612.40625
265841.90625,75450.8984375
314499.90625,40007.30078125
408478.6875,281675.90625
411104.5,254063.203125
313851.6875,74062.1015625
389781.90625,196037.203125
452643.0,357944.6875
414243.6875,277844.1875
377414.3125,127368.203125
273868.09375,232590.09375
510450.40625,262873.59375
321751.8125,58676.6015625
291011.0,39992.8984375
318759.90625,36651.8984375
371883.5,169322.5
440012.6875,293937.09375
435485.0,204790.5
560832.875,243047.203125
480647.1875,319361.09375
374624.90625,267304.3125
484865.0,185188.0
380819.90625,242054.203125
343196.0,108540.5
306787.0,211765.703125
575330.625,162466.90625
283863.40625,154629.0
352736.1875,194040.09375
459128.0,254664.5
517614.6875,306716.1875
312339.40625,39632.69921875
473402.8125,314140.1875
556057.1875,278490.1875
489802.59375,361625.09375
310312.40625,104635.1015625
577498.1875,55116.8984375
530625.875,121488.796875
452368.3125,345272.09375
388875.5,250420.5
335416.5,50990.30078125
448272.40625,317088.8125
361242.1875,249557.59375
314231.90625,32185.30078125
325841.40625,18010.19921875
360893.0,204591.0
334783.8125,72240.796875
344787.40625,194773.09375
491730.6875,240108.90625
320182.1875,118883.1015625
431354.0,332782.5
260262.796875,18064.0
431465.6875,212305.203125
446710.5,322614.1875
485060.8125,278373.6875
425730.09375,278822.5
284868.40625,16643.599609375
309246.1875,21704.099609375
636062.375,30154.80078125
393933.40625,248954.796875
402698.40625,276127.6875
376149.40625,227290.0
560115.1875,113123.0
437418.40625,298021.5
491490.90625,384324.90625
364153.90625,205121.59375
509147.8125,260621.09375
338332.90625,32910.0
548171.3125,243294.90625
353893.09375,100631.6015625
447658.5,356675.40625
320484.8125,24829.5
493971.6875,301676.1875
544602.6875,262232.0
576940.5,60179.3984375
491277.90625,323263.5
547323.3125,277233.1875
329597.5,157838.90625
317843.5,65396.6015625
351047.5,146371.203125
333030.90625,104194.5
531219.1875,205278.5
392339.40625,249546.0
432908.40625,307634.90625
458891.90625,294778.09375
468795.6875,334748.8125
434598.40625,285833.8125
405956.3125,256903.703125
491718.6875,288887.3125
486899.0,219248.296875
335528.0,66975.3984375
412989.40625,183086.296875
575129.3125,211067.703125
378064.1875,260253.796875
262523.6875,113198.8984375
507442.40625,294919.5
345635.40625,220045.703125
291261.6875,83369.203125
331994.40625,73786.796875
353266.0,213805.40625
409534.40625,339517.0
371030.90625,272384.40625
417354.40625,308386.09375
296613.40625,44350.0
311010.3125,90599.8984375
238401.0,35913.8984375
307827.1875,18361.69921875
555328.875,227162.59375
540429.125,24897.5
529423.125,427007.8125
294970.40625,112315.5
517088.40625,375607.6875
370368.6875,168242.0
415807.40625,260527.203125
308362.6875,33782.5
318796.6875,85762.203125
390495.90625,257783.0
551586.1875,313686.5
309906.8125,49237.6015625
490745.8125,260679.40625
326372.90625,20807.30078125
311922.5,112182.8984375
399078.8125,240929.703125
340901.8125,133412.90625
401633.90625,212481.09375
322850.90625,70545.6015625
334470.5,62430.5
416109.3125,289309.5
355819.1875,112826.0
422744.90625,276906.40625
383324.3125,172257.203125
431095.6875,259176.90625
303831.40625,47883.19921875
517651.8125,338789.1875
298262.5,41908.80078125
410028.1875,307989.0
302712.1875,90993.703125
521069.5,327403.59375
494712.40625,372493.5
482843.90625,174068.796875
354416.0,213008.40625
316600.90625,61373.0
378279.90625,272350.8125
397904.59375,299091.59375
619260.0,34993.8984375
331878.90625,134673.59375
368249.5,187651.0
411473.6875,259250.703125
354199.8125,158998.203125
330452.3125,110101.703125
305973.0,61791.80078125
339762.90625,109207.0
537666.375,90217.703125
297090.40625,33109.5
362472.40625,185549.5
400171.0,215819.40625
446075.40625,281903.5
257552.59375,110928.5
267956.90625,81372.3984375
474948.40625,276951.09375
431810.59375,342439.09375
621681.5,31468.400390625
367125.6875,247367.703125
384858.3125,233767.203125
302222.1875,43818.80078125
285707.0,71011.296875
334992.5,87865.3984375
557753.875,192029.703125
322905.90625,84715.296875
329629.40625,15127.0
331454.3125,50030.69921875
589790.6875,194201.40625
321350.90625,17699.19921875
420991.6875,316296.0
315883.1875,116222.703125
398877.0,258156.59375
390383.40625,218401.5
431176.3125,364513.09375
513082.40625,104756.5
326672.8125,15432.400390625
319867.1875,142226.203125
430665.0,260970.0
508129.3125,289042.6875
275349.40625,180374.296875
472413.5,265748.8125
268651.5,13044.7001953125
512227.5,230071.90625
401359.3125,178287.90625
304539.1875,56226.19921875
380288.8125,276366.0
423746.1875,49906.30078125
289800.8125,77093.5
320795.09375,53612.8984375
316731.90625,39784.19921875
569904.875,142444.90625
332912.8125,131259.703125
558621.875,199840.203125
404497.1875,321833.6875
427867.3125,201570.203125
528783.5,313460.59375
488124.40625,274357.8125
445958.59375,283675.40625
520497.1875,204599.203125
522963.5,321685.1875
337082.5,163143.90625
468934.6875,342907.6875
384489.8125,241351.5
327289.6875,106247.703125
542569.3125,258264.09375
302746.0,36125.5
318860.09375,134454.90625
516935.0,125973.296875
471714.3125,250776.90625
574101.875,231452.203125
454150.90625,287281.90625
468477.90625,318178.0
439790.90625,298521.59375
437598.3125,289393.6875
277056.59375,16572.0
372474.5,234508.59375
323460.8125,81022.8984375
429985.5,301623.6875
306534.5,35830.6015625
376548.3125,265503.1875
442906.5,143244.296875
362519.0,252964.296875
383290.09375,275545.09375
382945.40625,277711.6875
468378.8125,298605.40625
295480.1875,15210.7001953125
341343.0,129741.5
441736.09375,306988.1875
507042.0,324971.3125
351551.0,159924.296875
588936.5,81215.203125
365056.3125,224473.40625
449085.59375,337038.90625
421429.5,271874.09375
429494.40625,268392.90625
316005.09375,26767.099609375
300527.90625,39927.19921875
308400.3125,14112.099609375
314336.0,163335.59375
435801.90625,193767.796875
536421.375,199812.703125
367632.3125,200014.40625
416288.0,135235.0
365961.59375,190483.90625
506204.0,253139.796875
300834.1875,211921.203125
451299.8125,307773.90625
404702.1875,211884.296875
400092.09375,127291.8984375
421750.0,241769.09375
489045.40625,259965.703125
589835.375,42125.3984375
337758.0,95124.6015625
461604.0,333414.1875
345010.59375,205815.796875
299827.6875,43340.30078125
256299.796875,43332.19921875
571926.8125,306574.1875
438106.40625,236565.703125
326603.3125,73949.8984375
331659.5,138708.703125
596991.3125,160900.703125
540923.625,253432.703125
538468.375,289295.8125
370394.5,277234.40625
318309.1875,112035.203125
507425.6875,215440.296875
504361.6875,298671.6875
309411.5,24880.5
307075.5,34697.1015625
569382.375,95305.296875
377586.6875,383723.40625
554792.6875,172496.703125
345152.8125,172323.0
529233.3125,319374.5
472258.90625,205434.5
349395.90625,70013.6015625
372409.59375,292587.0
500653.59375,330828.6875
354237.09375,186385.296875
328065.5,110092.203125
306579.59375,73012.8984375
500087.40625,374797.90625
413164.1875,261815.59375
422999.90625,276716.5
305226.40625,34322.6015625
340981.6875,17420.900390625
322692.1875,89730.703125
294274.3125,40661.80078125
489395.1875,312266.3125
376996.1875,225634.203125
353369.5,276083.90625
390519.8125,311787.09375
387802.5,159979.703125
318906.3125,36324.69921875
578242.5,189139.09375
537792.3125,390709.09375
469062.3125,364795.1875
328523.8125,57329.69921875
553023.6875,136951.203125
437309.5,289275.90625
367118.8125,202051.5
272356.0,73872.6015625
536667.625,362765.90625
512931.90625,373150.59375
336984.3125,97607.703125
557342.5,212728.59375
567822.5,232373.59375
374430.09375,238097.796875
504222.59375,272592.90625
283434.0,15209.599609375
285561.90625,23056.69921875
448735.8125,315826.40625
414765.3125,304559.09375
336245.5,148374.703125
321441.3125,228707.703125
426521.59375,310785.1875
368373.40625,39294.80078125
306148.1875,136163.703125
343828.0,187557.203125
344644.0,197075.40625
584138.6875,28540.80078125
342729.59375,189377.90625
386370.59375,146458.90625
421035.90625,271341.59375
317988.0,51630.1015625
513981.09375,256566.703125
329990.8125,169160.09375
533137.3125,225286.203125
442900.3125,361848.1875
488908.40625,256086.5
336671.0,81401.5
383765.5,340141.1875
490234.5,344076.40625
346446.1875,123571.1015625
492068.6875,362968.6875
419944.6875,252553.0
330634.0,19462.5
451371.3125,287289.59375
498058.40625,316232.09375
334448.6875,127966.296875
438482.6875,317734.6875
337395.59375,22964.30078125
401592.8125,167573.09375
319223.1875,38870.69921875
512941.09375,90011.3984375
573056.1875,175650.203125
326709.1875,115147.6015625
352890.09375,132045.90625
394796.0,310014.1875
327616.90625,19992.5
355979.59375,199667.703125
310248.3125,36319.19921875
331126.1875,154317.09375
527100.6875,211483.203125
593694.3125,43638.19921875
323697.40625,74788.0
488088.90625,298042.40625
341010.6875,131928.5
365571.3125,281133.8125
466561.09375,338970.90625
488707.5,301401.0
349605.5,123580.3984375
532815.6875,279931.1875
419612.0,288141.6875
382213.09375,293693.1875
324210.59375,105715.296875
305367.0,90614.1015625
447669.6875,340514.1875
532447.875,360142.5
425646.40625,323479.5
324278.5,126483.203125
531992.6875,338427.0
424410.40625,249397.5
317512.0,122935.5
506877.59375,268865.40625
501186.1875,126065.203125
337388.59375,124315.296875
358105.3125,229905.703125
425430.3125,322049.5
314376.6875,114438.203125
481865.1875,351989.0
356074.6875,181109.203125
314697.09375,120832.8984375
362445.5,224267.0
538257.375,149104.0
313288.0,17441.19921875
490852.09375,267238.90625
468212.6875,365899.1875
325976.40625,43926.5
275880.40625,43627.3984375
514718.6875,275422.09375
357062.59375,183349.90625
335558.0,85747.5
407905.6875,225033.0
485246.6875,295085.6875
421292.5,203399.296875
547243.375,272501.0
303845.59375,39554.19921875
357532.8125,151776.203125
352700.1875,171225.09375
597767.3125,233211.203125
450045.1875,381912.1875
485850.40625,298787.5
489847.59375,261952.40625
615025.6875,192041.90625
400667.0,274964.5
451990.09375,232140.296875
362627.5,277906.3125
320213.8125,14479.0
377506.8125,219907.203125
366576.6875,129151.203125
474943.90625,319316.59375
375631.90625,165245.5
409311.40625,330925.40625
328812.3125,61995.80078125
309544.40625,198447.40625
312476.8125,70352.1015625
324170.40625,20681.900390625
571500.6875,29275.69921875
498469.0,381815.6875
368511.0,154961.796875
323577.8125,34543.69921875
297049.1875,225848.203125
524686.6875,354183.59375
326033.09375,130425.3984375
456688.5,338178.5
515394.09375,289826.0
541414.3125,382286.09375
316834.09375,30111.80078125
552323.125,287032.6875
377185.1875,307150.59375
287828.8125,19185.69921875
402208.40625,137622.09375
451064.40625,301302.5
407589.1875,283794.0
467386.59375,251453.90625
550753.3125,396978.59375
501777.0,326310.90625
355171.6875,161248.59375
324734.40625,114131.0
495894.59375,322716.0
299713.5,37763.3984375
364913.40625,218866.5
384272.1875,259432.09375
317790.8125,120409.703125
309184.8125,183583.59375
365607.40625,246911.40625
289716.6875,107401.703125
356929.09375,190460.703125
319691.0,52155.30078125
352474.6875,168626.09375
487812.3125,332724.1875
278034.0,89718.6015625
416186.59375,267311.90625
296803.1875,47197.3984375
331768.0,101287.5
376600.5,225518.703125
448462.09375,231828.0
441139.3125,277232.59375
290102.1875,152685.0
430062.5,246167.90625
375308.09375,230849.796875
394008.8125,282767.1875
306931.6875,155690.59375
377680.8125,196088.203125
368190.40625,185865.5
548667.3125,193956.09375
320104.5,108737.0
572582.3125,197688.09375
462362.90625,334824.59375
325954.5,200509.203125
563046.125,155934.296875
482779.6875,347524.59375
314377.09375,258968.296875
378204.6875,243415.703125
339959.6875,123784.6015625
303574.40625,13911.5
548387.5,269137.90625
383187.40625,249105.0
555956.625,356606.6875
398864.8125,335220.6875
360856.8125,238690.0
371206.1875,163211.59375
356183.8125,104516.703125
450669.6875,287285.1875
571695.875,266153.0
474986.6875,244769.0
487508.8125,297521.59375
353711.3125,198103.59375
319981.59375,92308.8984375
500610.5,329827.5
490694.8125,346309.59375
296940.59375,71087.8984375
315505.0,138820.40625
317739.6875,245388.703125
410319.5,333130.3125
316254.6875,67977.6015625
529702.3125,308848.6875
538279.875,314041.59375
327863.90625,105037.5
403517.09375,148008.90625
314505.5,121001.703125
297884.1875,49262.3984375
353484.90625,221945.296875
390212.0,206923.703125
375609.3125,308645.5
318145.5,55303.0
349529.6875,243200.09375
307402.09375,49615.6015625
421854.90625,327722.40625
571231.5,206653.0
327866.90625,90654.8984375
322422.8125,18953.599609375
421606.40625,243851.59375
269138.6875,100695.8984375
524464.5,277764.1875
382703.8125,169310.09375
299957.1875,19279.69921875
312275.09375,103651.6015625
321363.40625,91488.8984375
371108.6875,249002.703125
328649.40625,56108.5
320815.6875,24660.900390625
371427.90625,175000.5
521398.6875,159953.90625
390204.5,207999.09375
578365.375,29894.099609375
444997.3125,298472.0
394879.40625,243786.09375
481468.8125,278013.0
403068.8125,300064.59375
358178.90625,176302.59375
357010.59375,49229.19921875
369014.5,309221.0
309924.40625,65575.1015625
349182.3125,199671.5
436354.6875,281217.59375
437750.90625,348771.59375
511064.90625,379429.0
567927.1875,318175.90625
541257.0,239864.203125
349650.8125,151132.5
473891.0,331063.0
330472.3125,163958.09375
322226.40625,164686.5
298865.90625,43864.5
409827.90625,268355.09375
326264.90625,90011.296875
452690.5,284366.1875
253665.203125,62983.6015625
487069.90625,329121.8125
369709.6875,145380.203125
435925.40625,322438.0
318752.8125,23107.099609375
589145.6875,32910.6015625
336117.40625,71532.296875
287148.59375,18849.400390625
447072.40625,291346.40625
545072.875,309216.09375
485610.5,277639.5
582997.875,108908.796875
330778.90625,79479.1015625
332879.90625,140022.296875
342306.5,119163.0
335661.3125,158741.59375
349295.1875,135213.59375
555468.3125,242311.203125
561424.0,324604.5
274643.3125,199257.796875
421695.6875,244215.90625
393100.40625,308799.5
408547.6875,254982.90625
420808.5,252740.0
481062.3125,326856.8125
457272.90625,325603.59375
558732.6875,286350.90625
420475.8125,173743.5
523985.3125,204494.09375
311008.6875,69606.1015625
350495.6875,145854.703125
485721.09375,249870.59375
328292.90625,237161.40625
576360.3125,85986.703125
362583.09375,270684.1875
326763.90625,124831.5
420119.90625,238257.296875
313561.1875,58182.6015625
466949.59375,393314.5
488280.8125,231724.796875
311330.1875,28814.599609375
392415.0,251745.90625
352141.90625,181303.203125
394507.3125,209604.0
326362.90625,145088.0
554551.375,383327.6875
489877.6875,359255.6875
393959.90625,212973.40625
350545.90625,27393.69921875
366581.5,209305.296875
356409.8125,168525.296875
461215.40625,188305.5
440653.09375,337263.1875
537768.5,281316.59375
422160.8125,326344.1875
482736.5,350555.8125
324981.3125,21442.400390625
533683.6875,261226.0
311662.8125,57155.6015625
546373.8125,83452.6015625
315584.40625,55023.0
384336.40625,236009.703125
316397.1875,23922.69921875
497389.6875,320934.40625
288375.09375,122773.8984375
456681.3125,337079.3125
527302.375,197828.0
384938.5,280670.40625
456470.0,298430.90625
345066.0,151465.796875
306250.8125,68778.0
392450.40625,195873.203125
500628.1875,350173.5
394047.59375,236415.59375
507486.8125,321524.09375
306079.3125,19090.5
278322.1875,43184.30078125
392986.40625,230833.5
389425.1875,246001.203125
394595.6875,239096.703125
249831.90625,150618.90625
528153.3125,316374.90625
322924.5,122290.796875
567600.125,263146.40625
535926.5,288388.1875
424357.5,303341.59375
428082.40625,316643.0
435495.59375,350015.59375
358117.1875,226315.90625
318466.3125,97384.203125
478100.40625,323984.40625
351320.8125,271104.3125
337857.3125,198234.296875
309966.0,194821.203125
368338.5,273931.90625
545800.8125,233719.203125
483801.5,127669.296875
424943.3125,163878.09375
492623.8125,327208.0
338006.8125,130160.1015625
438495.40625,335508.1875
403103.1875,249931.40625
337345.40625,125816.5
505037.09375,384153.1875
389810.90625,232635.203125
345526.1875,144464.203125
565383.6875,55848.19921875
417719.40625,282956.59375
566867.3125,239470.703125
334064.3125,222994.796875
313687.90625,38057.0
251558.5,40052.8984375
484292.09375,226083.40625
314436.8125,224391.296875
494328.0,367466.59375
405371.0,310327.40625
309740.0,15030.900390625
548399.8125,235212.203125
429702.8125,217661.0
306757.90625,14707.5
325731.6875,16982.5
326667.3125,101698.1015625
457242.6875,306809.90625
300996.3125,26888.80078125
320888.40625,14606.0
487967.5,306211.1875
365875.0,184601.40625
346621.5,200189.40625
319477.8125,200039.703125
346171.8125,188069.40625
484822.90625,378338.6875
438386.1875,244289.5
347162.6875,141022.90625
294930.5,166912.90625
315527.90625,54098.8984375
322167.3125,38760.80078125
336788.40625,78356.5
466379.1875,309115.09375
316166.3125,33142.30078125
493277.5,240162.90625
276334.3125,38448.69921875
464993.5,275254.8125
449855.8125,266648.40625
407041.90625,242562.203125
325678.90625,114386.3984375
516429.3125,414637.3125
481317.6875,322396.09375
533427.0,277430.1875
374423.0,215457.90625
372735.5,230859.296875
474593.3125,247654.0
338841.09375,108485.6015625
340148.8125,78916.1015625
496018.8125,278511.6875
427958.90625,214632.90625
568308.1875,26177.099609375
313698.5,41438.69921875
313010.59375,18366.099609375
428532.3125,179513.0
486111.8125,285537.09375
560497.1875,98183.296875
336211.40625,57059.5
494833.6875,367936.40625
372459.6875,294487.09375
350964.8125,209453.703125
497661.3125,288226.8125
553275.5,370010.1875
352599.09375,114182.203125
306423.0,37828.6015625
314928.8125,30409.69921875
378097.40625,191474.203125
360691.0,97256.8984375
417419.3125,325526.59375
290132.1875,19902.30078125
458649.90625,330652.90625
403983.90625,242463.703125
488820.8125,254180.703125
310037.59375,23374.900390625
420781.90625,278871.40625
412245.3125,312947.3125
504002.40625,301978.0
458047.09375,251193.203125
394819.5,308935.59375
489019.3125,179436.203125
365352.8125,307400.1875
526790.8125,110553.1015625
510575.3125,399493.0
318151.6875,44196.3984375
357466.40625,201992.203125
493326.40625,360611.59375
419286.8125,305091.40625
309733.3125,22682.69921875
549623.0,51029.30078125
377173.8125,103490.796875
318335.3125,58376.69921875
345915.5,91333.796875
507345.59375,257350.796875
340113.0,118067.6015625
338859.59375,97161.0
345292.8125,105706.296875
401729.59375,164284.09375
334138.90625,131639.59375
475249.59375,316427.8125
307133.59375,26361.5
601213.5,364709.5
511561.40625,270553.09375
452746.6875,313055.6875
414751.0,209945.203125
533784.125,281072.09375
560192.125,201941.796875
289543.40625,198201.09375
489112.90625,350342.6875
442062.1875,293254.09375
495586.1875,362647.40625
341015.40625,103448.8984375
308138.3125,25430.69921875
473356.6875,312443.8125
306665.90625,55013.19921875
323534.59375,17268.30078125
418891.90625,301330.40625
489659.59375,302431.0
561707.8125,286540.40625
358462.6875,220087.5
514152.5,23914.0
426908.90625,286984.09375
495720.1875,297053.3125
285880.5,18103.599609375
413404.6875,252872.0
257997.796875,18766.400390625
534460.125,270933.8125
427027.59375,317052.3125
330836.5,113147.1015625
457647.5,302698.5
467779.90625,407353.6875
308956.5,14138.5
560473.8125,178482.796875
486180.59375,411826.09375
569047.6875,265489.59375
531603.875,171358.09375
404572.90625,296519.90625
391179.6875,260034.296875
405734.59375,190169.5
324549.0,145466.59375
326564.5,46433.0
339085.90625,232790.59375
442864.1875,329562.40625
321465.90625,70363.3984375
399310.6875,274926.90625
409114.5,289165.09375
352621.09375,152107.296875
289759.40625,19851.400390625
531229.6875,285663.5
415811.40625,284689.59375
323916.5,186457.5
311282.59375,23726.30078125
278627.09375,184264.59375
324293.6875,74662.296875
513987.1875,279823.5
392786.40625,177299.90625
551545.8125,27716.900390625
585468.5,152220.5
338483.6875,100667.5
330374.09375,70567.1015625
524118.40625,308595.59375
449632.5,336965.0
304480.09375,24245.80078125
301318.09375,16878.30078125
298284.5,155075.0
320289.90625,38305.6015625
417905.90625,264593.6875
343271.0,208481.5
296487.59375,160308.0
424623.09375,271760.09375
452364.90625,354873.40625
384976.6875,237102.90625
418689.5,181958.59375
558634.6875,31230.0
350796.90625,239856.59375
583197.0,282146.0
473447.3125,331691.90625
317263.5,254696.59375
314026.0,41704.6015625
548761.375,288062.09375
455337.40625,390581.6875
366003.59375,249349.59375
347125.90625,23928.599609375
316727.6875,76036.3984375
342124.3125,135609.703125
331851.6875,157583.796875
560451.875,286264.6875
464266.09375,300871.5
369730.8125,217895.90625
381304.0,259414.5
424871.90625,250110.09375
391192.8125,326610.90625
422682.90625,317287.40625
355217.90625,202389.296875
380525.1875,251719.796875
318462.1875,57534.6015625
308317.59375,93686.8984375
560466.625,82568.796875
467872.0,206067.59375
490424.0,348817.5
434457.90625,312668.09375
328359.3125,149195.796875
553014.1875,239730.90625
307654.1875,40150.80078125
308080.3125,42290.19921875
341857.40625,116300.703125
441426.1875,278346.40625
317312.09375,68954.0
351340.59375,155705.296875
492285.0,315105.5
581741.875,170044.59375
315584.09375,50997.0
308423.90625,15787.599609375
406163.6875,290469.40625
337143.40625,152482.203125
329908.6875,47253.0
501098.59375,180570.5
320080.3125,66169.3984375
576482.5,208677.0
347559.6875,158091.5
395126.40625,229666.09375
432962.09375,238242.296875
445915.59375,405842.3125
497662.40625,156100.09375
435357.8125,52971.30078125
378364.59375,197965.59375
319175.6875,63361.6015625
534422.875,241866.90625
351108.6875,181757.296875
444543.1875,373377.3125
456922.6875,289043.90625
499625.40625,329343.59375
355517.0,124823.5
478303.90625,178115.59375
311123.09375,53861.6015625
361951.1875,245552.59375
352175.40625,160519.09375
462415.1875,295546.59375
439845.6875,322880.90625
307051.6875,59371.80078125
525428.375,345731.1875
482543.1875,373827.40625
570198.625,92106.796875
319511.3125,203915.40625
455941.40625,322942.59375
315463.0,154136.5
541715.3125,362872.90625
314988.59375,38797.80078125
358407.40625,180710.59375
308849.5,16060.5
267881.59375,67819.0
433166.8125,307546.8125
316677.09375,152532.09375
388823.6875,302265.59375
505056.6875,289292.90625
296012.40625,181993.90625
534292.6875,244461.40625
419962.90625,282594.09375
319067.59375,53878.19921875
299325.59375,89362.796875
405805.59375,300981.09375
334418.0,78281.5
472999.59375,261035.796875
438484.90625,395673.1875
369578.0,201782.0
551914.625,125548.6015625
394874.90625,159092.59375
573840.1875,229920.59375
430863.90625,280222.40625
418554.3125,179150.703125
324376.5,140432.0
549739.625,277860.3125
558788.5,253244.09375
348068.0,67057.5
337175.90625,150905.203125
326783.5,150322.0
492862.6875,393806.59375
360809.6875,89571.3984375
434604.1875,280723.8125
449690.1875,298045.90625
407099.59375,241139.796875
317009.1875,16060.5
404666.59375,151846.0
537088.8125,357270.0
251812.5,34040.30078125
478492.1875,257288.5
406722.6875,249208.703125
403969.8125,236524.703125
561553.3125,27650.5
426041.5,178908.40625
366070.90625,222065.0
343222.5,127228.296875
348050.6875,127867.0
355986.40625,172076.796875
365864.40625,224482.59375
480598.5,307113.09375
371293.8125,186241.203125
280883.40625,35450.0
355936.5,215475.296875
507793.6875,312722.5
391341.09375,253028.203125
311765.40625,20311.0
514482.59375,328490.3125
429279.40625,287696.0
315982.5,239894.796875
433195.09375,223117.40625
364852.6875,153739.5
529217.875,275098.8125
534880.125,325661.09375
522781.0,353267.6875
363726.0,59677.6015625
485786.90625,267017.90625
301413.5,130559.8984375
419316.5,95939.796875
296826.6875,67935.0
372266.40625,215826.296875
372966.1875,89371.1015625
310094.59375,16503.599609375
457056.3125,199750.203125
497471.40625,292978.59375
557969.6875,51177.1015625
393998.5,19455.69921875
465422.5,271326.3125
519598.5,272333.40625
520352.40625,403080.5
491057.0,305577.1875
353377.6875,147358.5
480778.59375,328557.59375
447101.09375,293901.6875
342260.59375,165513.796875
347341.6875,166268.703125
353019.59375,215061.296875
329499.6875,74613.203125
436354.8125,283723.1875
529469.125,270282.8125
425043.6875,272398.6875
387731.90625,247469.90625
308256.90625,36467.5
485252.3125,282865.09375
433539.5,185796.703125
486243.90625,116733.6015625
286883.1875,13783.099609375
314655.0,16883.400390625
526741.1875,373056.6875
419394.90625,337809.40625
503964.3125,305623.09375
396591.0,328461.3125
328154.40625,72109.296875
524874.875,240097.09375
490033.6875,316873.09375
394883.09375,276019.8125
346823.59375,186050.703125
391788.40625,220256.59375
271998.5,110937.3984375
331460.6875,112297.0
308426.3125,40584.30078125
383129.6875,220113.0
417475.40625,283723.5
334447.09375,130295.796875
369723.59375,239062.5
316032.3125,43693.69921875
319893.5,128056.796875
282569.40625,97181.3984375
423331.8125,327017.5
431286.09375,383958.40625
323659.0,100493.1015625
418818.09375,314724.5
270989.1875,169702.59375
498057.3125,321598.0
329961.40625,107313.6015625
535108.5,366206.0
481647.90625,383998.3125
453003.09375,281948.6875
292861.0,25886.80078125
420094.3125,288216.59375
368818.40625,269580.09375
398746.5,288083.90625
311481.90625,36489.19921875
292932.3125,23917.400390625
459344.1875,117547.0
483449.09375,302205.5
569585.625,203037.296875
423887.1875,243087.40625
562680.8125,269770.1875
464612.59375,379597.6875
393560.5,310844.3125
343649.5,18463.30078125
312256.09375,71962.5
364397.09375,229838.09375
330959.8125,61304.1015625
327999.5,68211.3984375
368914.90625,198651.703125
391332.1875,331363.3125
272228.09375,25870.30078125
564587.125,243091.203125
341086.0,113440.6015625
316629.59375,60210.6015625
526621.3125,322439.5
535901.875,300060.09375
371456.5,228676.0
402074.59375,291159.6875
548730.0,146391.796875
355982.1875,200428.90625
296236.8125,24876.19921875
300178.8125,21550.80078125
567338.8125,238851.40625
353397.90625,228631.0
354492.59375,200975.0
359551.6875,151918.90625
306810.0,28395.599609375
423339.8125,280217.09375
314572.8125,66998.203125
480716.90625,106065.203125
537875.1875,269095.3125
337139.1875,81038.703125
563281.0,54117.30078125
413824.90625,222489.90625
425710.8125,324795.0
309672.6875,17835.099609375
366722.59375,193601.09375
286472.5,89240.5
555928.375,108344.296875
332554.59375,150937.203125
315796.5,101711.296875
363234.40625,201824.703125
387015.1875,269115.8125
376937.5,208948.796875
450451.5,239188.90625
418106.6875,188591.5
479335.09375,325243.5
318870.6875,74145.296875
407453.09375,271438.0
306244.3125,32673.19921875
512391.09375,383800.1875
267446.0,101220.796875
318000.0,56739.80078125
313711.3125,15144.0
306019.59375,14923.900390625
492787.0,313984.59375
307194.6875,16638.599609375
309490.90625,26430.19921875
507076.90625,277808.09375
296535.3125,47678.6015625
567585.6875,144198.296875
406547.6875,288909.40625
314595.3125,17650.5
302044.3125,19215.30078125
261515.203125,18879.80078125
323281.0,173476.40625
544361.0,186658.09375
343481.6875,218311.90625
427858.3125,171653.703125
291099.09375,61853.3984375
433290.09375,332651.5
325108.1875,60261.6015625
299561.09375,24086.69921875
386753.5,266457.3125
431837.90625,238148.59375
431599.1875,310186.8125
401328.0,244408.796875
375938.09375,232082.703125
373326.3125,280212.6875
356237.3125,253295.796875
422373.40625,328200.6875
330384.8125,67762.8984375
484527.09375,317615.5
323287.5,80893.1015625
317145.59375,14640.2998046875
523054.1875,293556.40625
490488.3125,372485.6875
340756.0,88442.296875
537562.0,352070.90625
374974.8125,197716.796875
316203.90625,39111.69921875
323607.3125,17259.900390625
435918.6875,311094.5
298901.6875,71253.796875
306559.59375,21431.30078125
550472.8125,140988.703125
516882.5,403781.8125
578789.0,201447.296875
502119.0,230379.59375
326530.59375,140383.59375
477170.40625,229236.703125
394727.3125,287076.59375
337167.0,151130.296875
417597.8125,262964.90625
299232.8125,99994.203125
324109.8125,79303.203125
339422.1875,161050.90625
292238.3125,77302.796875
309619.40625,18011.69921875
297912.3125,97290.3984375
492448.59375,276120.0
423677.0,249666.59375
333281.1875,114463.3984375
263585.59375,13375.2001953125
297954.0,14874.7998046875
454065.90625,310805.40625
474944.3125,277216.59375
417558.40625,236792.203125
315807.6875,23786.5
313219.90625,142929.0
509130.6875,368799.3125
371226.1875,251138.703125
558839.0,66902.296875
372892.59375,250554.40625
481875.8125,244273.59375
370626.8125,205152.203125
382613.90625,211148.703125
408496.40625,249560.5
338577.59375,125013.5
328676.1875,17416.19921875
364956.1875,252273.90625
409395.0,252633.296875
459522.59375,311322.40625
411269.8125,327988.0
419058.59375,299056.5
419634.59375,288877.09375
542069.625,321117.1875
306136.5,76944.296875
312586.90625,91087.203125
484344.5,287560.90625
440514.90625,209743.0
357702.59375,147715.796875
314613.09375,16250.0
245467.703125,45340.3984375
495246.59375,318971.6875
410815.5,309068.3125
392227.0,231967.296875
478502.0,348647.8125
550041.625,241061.5
302050.3125,21222.400390625
448084.3125,325182.0
504098.6875,357271.59375
406784.90625,232600.09375
303545.6875,14147.0
416990.3125,334058.3125
308557.5,14960.599609375
476849.5,332650.09375
382162.40625,257160.09375
320229.1875,64274.69921875
377381.3125,274038.90625
549598.3125,268365.1875
320542.6875,73336.1015625
444098.1875,325252.5
523211.09375,386977.0
400857.59375,204641.90625
287627.0,64768.5
281329.8125,163630.40625
425672.5,29672.19921875
466910.6875,157951.09375
309929.1875,37737.0
540032.875,289344.09375
567713.6875,131425.296875
320852.6875,173433.90625
289891.40625,130068.296875
430540.0,343835.59375
348494.5,251588.09375
303582.09375,52710.5
550415.3125,377516.90625
332827.8125,184155.203125
273023.40625,27727.099609375
463040.59375,179188.90625
378928.8125,268201.6875
321583.90625,109346.3984375
574225.8125,304544.0
337568.40625,130582.203125
549499.0,197601.296875
430373.1875,330591.09375
506358.59375,385095.0
524859.5,132088.796875
315703.6875,14501.5
527136.1875,240848.09375
339269.6875,148490.0
552844.375,379787.3125
296973.8125,14224.2998046875
516005.59375,349333.1875
334022.5,73618.703125
559374.0,73468.3984375
274903.3125,14400.0
465278.1875,285638.8125
310068.1875,19277.0
306031.09375,232311.40625
484269.0,305382.90625
484388.3125,197691.90625
315774.5,206132.296875
578896.6875,37678.0
580607.125,116196.3984375
318569.5,55798.0
233640.5,50113.6015625
553262.5,297777.09375
312816.1875,59089.69921875
321269.59375,67663.0
385032.90625,248137.203125
573916.5,238906.09375
526198.3125,212486.90625
392467.0,17078.80078125
576751.3125,27803.400390625
317015.40625,18454.0
555236.1875,182019.09375
335433.6875,128602.296875
531074.0,216274.796875
422321.1875,284817.5
499536.6875,157532.90625
428311.3125,183542.296875
407526.3125,224244.40625
466339.0,268981.59375
400162.5,230541.59375
512517.5,270670.59375
414035.1875,296681.6875
332414.59375,96396.5
350322.0,224576.796875
313143.1875,225055.59375
329865.09375,160193.0
410872.40625,210308.796875
475831.3125,283914.90625
306751.0,110816.8984375
476188.0,456490.6875
293236.8125,18420.69921875
279415.59375,158481.5
374209.09375,255108.5
273761.1875,17867.80078125
314903.1875,33388.5
314013.09375,89642.3984375
329953.40625,100180.796875
369813.40625,247106.296875
393097.09375,260156.703125
580172.875,125586.6015625
376211.8125,221745.90625
552654.3125,340278.1875
297425.40625,79716.6015625
372025.1875,275148.6875
430646.8125,264792.3125
364318.8125,140968.90625
521699.5,272816.1875
305503.90625,68856.5
245558.5,20358.30078125
347467.59375,157041.90625
378692.6875,249336.90625
549505.875,188477.296875
489534.40625,292615.8125
318145.90625,84029.6015625
461771.0,295364.6875
370439.0,285380.59375
298552.5,19807.30078125
359822.3125,187882.90625
453243.59375,327857.5
309542.40625,162114.59375
312247.1875,78633.0
564657.875,68287.796875
417004.3125,110021.796875
311244.09375,162310.203125
498370.5,304941.59375
373378.0,194014.09375
507564.3125,253574.40625
439854.1875,302247.5
444963.40625,234543.296875
522143.40625,343436.8125
295868.3125,22977.30078125
512224.90625,309926.59375
313913.09375,32627.5
517667.90625,232972.703125
451601.8125,277290.90625
348454.40625,191895.59375
400704.0,219648.703125
311852.5,19732.400390625
342166.59375,185538.5
435071.5,248489.90625
385907.3125,240443.703125
323859.3125,89113.5
373630.1875,207872.5
353304.09375,223779.5
284983.90625,24002.099609375
327152.6875,200892.0
562717.625,286268.6875
333308.5,234569.5
345320.0,192515.09375
438691.09375,288903.5
431633.0,331936.6875
311959.3125,82351.8984375
441087.5,276886.09375
510128.40625,385105.59375
252993.59375,108145.8984375
592187.3125,83854.703125
316682.90625,24493.400390625
269971.3125,14190.2998046875
441766.40625,292440.1875
409219.90625,266803.09375
458200.6875,191256.59375
406544.1875,250168.703125
328113.40625,53856.5
310517.1875,61208.8984375
447750.8125,282811.0
301320.09375,63515.5
304036.3125,85456.1015625
357865.1875,199637.0
378468.8125,228659.796875
508036.1875,335411.59375
513613.8125,246863.0
435259.3125,284443.59375
497618.40625,381457.3125
355308.8125,213429.5
331514.0,113978.203125
574094.0,127239.203125
394242.6875,247644.296875
395799.6875,290558.59375
513158.5,245706.0
328638.1875,76186.6015625
465204.1875,341006.09375
465745.8125,317496.59375
370702.90625,235896.296875
308808.59375,35287.0
481278.1875,287228.5
579181.3125,33161.0
305934.5,17879.69921875
317267.1875,55144.1015625
404669.09375,304073.8125
321399.59375,124790.3984375
287352.5,31011.80078125
341457.0,162362.796875
515267.0,291744.5
526887.1875,271487.0
309177.0,41807.8984375
563471.5,211494.703125
303181.3125,155719.296875
474803.5,275426.6875
326368.1875,112101.796875
474171.09375,243376.296875
283152.5,44170.0
370583.40625,162039.796875
277136.09375,40037.0
362520.3125,176812.5
363120.5,182434.703125
260494.796875,16313.7998046875
439261.8125,324039.1875
390674.6875,223626.59375
486968.59375,300223.90625
519946.5,249959.796875
321263.5,141990.296875
445535.0,123041.5
330997.3125,87753.6015625
404661.59375,256510.0
513670.8125,279521.0
316499.3125,153979.5
387204.0,214831.90625
307094.5,103138.203125
439206.8125,278130.1875
492872.1875,437890.3125
390456.59375,309333.40625
343093.1875,177740.59375
405625.09375,291168.3125
417678.5,277204.3125
351098.0,219805.0
451268.6875,252119.0
348509.09375,17291.30078125
431924.40625,299190.59375
325369.3125,79029.203125
405072.6875,232306.09375
510422.6875,205059.09375
416552.3125,257785.59375
491274.40625,288871.8125
468605.3125,279062.0
335583.6875,137569.796875
414878.59375,210141.90625
438025.6875,323818.09375
439302.09375,295414.0
371861.8125,152941.0
324184.5,20022.900390625
311027.8125,19349.30078125
511848.1875,327722.8125
535384.6875,315298.59375
322614.59375,77516.796875
373493.59375,166612.90625
464328.0,343478.8125
262522.0,23532.5
291374.1875,13940.5
585532.125,112653.796875
341824.3125,35854.69921875
431956.40625,272230.09375
325484.5,75951.296875
462692.40625,291380.8125
291196.3125,81145.6015625
401057.8125,207661.296875
433146.5,357224.1875
375188.1875,214784.796875
416511.09375,247469.90625
254041.296875,193276.0
363525.1875,234626.5
306706.5,37085.19921875
400506.40625,244041.0
393444.09375,232058.90625
483231.1875,320188.59375
287620.40625,16768.30078125
405189.90625,225624.796875
545972.125,253167.5
458460.8125,371385.0
311990.5,129075.3984375
526158.6875,238243.09375
372130.09375,200713.296875
437387.0,329287.8125
438682.5,248424.296875
384624.6875,259907.09375
336271.90625,60665.80078125
328938.3125,89127.6015625
454174.5,337668.6875
492741.90625,251361.5
455642.1875,447009.8125
341362.0,120654.5
355681.59375,216373.40625
317080.6875,106565.1015625
389308.1875,272672.09375
505357.1875,252815.59375
318600.8125,80053.5
331729.40625,131087.296875
322654.8125,71218.296875
335609.90625,138842.5
349764.5,197988.0
449883.09375,349837.40625
422022.1875,323693.59375
456822.5,300311.8125
360279.09375,248083.09375
361589.59375,214951.796875
337712.40625,127108.1015625
358174.0,166155.796875
559008.8125,114444.703125
579887.3125,229005.09375
398348.1875,242544.59375
325656.3125,72146.0
411982.8125,333584.09375
339440.90625,138245.296875
581491.125,140456.5
329793.59375,67603.796875
567145.8125,73103.8984375
558515.1875,191264.5
482255.5,324236.5
504248.5,241146.703125
285061.09375,117291.0
450652.90625,330028.5
476361.3125,243933.5
464677.8125,305009.6875
384258.0,218492.203125
344145.1875,134907.796875
381755.40625,274711.90625
499009.6875,315002.40625
330166.0,101736.296875
334879.09375,115581.296875
443900.0,205842.703125
514230.40625,296343.0
472874.40625,373837.09375
468669.5,282930.5
294267.40625,62578.19921875
305713.3125,41176.69921875
388272.6875,222377.59375
369078.3125,255964.0
398592.40625,210764.09375
317152.09375,127965.5
287092.09375,37081.1015625
358011.0,211138.703125
317953.09375,95150.0
301137.1875,48608.30078125
380680.90625,250739.90625
515102.6875,286502.6875
339324.8125,96033.8984375
409534.8125,220586.796875
312876.5,78787.5
295588.09375,118515.5
366401.5,262056.703125
533257.125,184803.5
471107.59375,328948.5
324561.6875,88970.703125
559636.625,271599.90625
551892.6875,213851.0
435533.0,253999.203125
467683.90625,289017.5
273680.59375,31567.30078125
302743.40625,58986.5
338559.0,227462.5
303269.6875,119789.8984375
483716.90625,348391.09375
321796.8125,34288.19921875
468797.5,397203.5
545780.3125,208922.0
268964.1875,138899.09375
501873.90625,283694.5
322869.3125,90381.8984375
390711.1875,250088.5
463817.90625,273710.5
418042.59375,234924.59375
345206.5,70116.203125
278727.09375,96087.5
298835.09375,65509.8984375
316098.0,43397.30078125
539788.0,418178.1875
452603.0,395283.5
339611.09375,107268.0
389416.09375,252872.0
499687.6875,71348.296875
465553.1875,303095.6875
261574.703125,127894.8984375
335166.5,114594.203125
278921.90625,15266.599609375
378376.5,197634.5
504558.5,340268.8125
555533.875,363344.1875
319230.90625,63118.1015625
303134.40625,23059.099609375
332934.09375,15794.2998046875
446525.8125,279635.8125
410293.09375,297509.0
480581.90625,288478.40625
360383.0,172956.703125
380591.90625,243912.59375
470196.5,229390.5
298766.0,24779.80078125
312035.59375,19798.30078125
421072.5,260998.796875
549519.8125,322110.1875
287734.90625,109397.296875
420294.3125,266022.90625
387780.09375,308160.3125
533781.1875,256834.5
450163.5,234480.5
298497.09375,15133.5
567309.125,277616.09375
492768.6875,387835.3125
399610.40625,264504.90625
499026.6875,334086.40625
367140.0,185892.796875
311549.59375,79093.796875
397708.5,245219.5
442009.40625,304496.0
499910.40625,314487.09375
295230.3125,110242.8984375
312962.09375,58064.0
309546.59375,15190.099609375
530045.0,350854.1875
349485.59375,185972.5
517867.90625,184531.90625
380665.6875,194427.203125
321581.1875,27127.400390625
546282.125,156959.90625
408771.09375,60365.30078125
542240.5,286869.0
319442.0,51108.69921875
430482.8125,310078.90625
303489.8125,121219.796875
319649.1875,39677.80078125
297335.6875,117999.203125
312856.09375,19313.400390625
489469.5,277832.3125
315533.3125,15119.0
364939.1875,146264.703125
332762.09375,161469.90625
445630.09375,275870.8125
548137.3125,27548.80078125
294452.0,14497.0
353306.59375,89348.5
453408.40625,304671.5
414389.3125,280251.0
507639.8125,351501.1875
582792.0,34912.19921875
296112.09375,24385.5
559925.6875,346563.3125
437036.40625,293837.40625
322672.3125,104422.3984375
371494.6875,248306.5
445502.59375,288880.5
568497.0,158736.203125
352656.59375,252731.0
402930.09375,259212.5
489112.1875,329667.3125
407075.40625,235392.40625
351264.6875,155483.203125
494365.0,290875.59375
550407.1875,390315.3125
407711.59375,263332.5
528455.5,373100.1875
401255.40625,292939.0
465461.3125,385685.59375
379577.1875,188065.09375
426170.6875,296539.3125
519789.1875,205781.203125
497459.40625,272707.5
455786.8125,305506.59375
365285.3125,185407.09375
323335.8125,74656.0
356295.09375,188530.90625
382474.1875,256662.40625
488443.3125,260127.703125
322406.0,46679.19921875
384090.0,165825.09375
555303.5,101307.3984375
456021.59375,352257.90625
521967.6875,293012.09375
314943.6875,72495.796875
409577.3125,269523.09375
380140.90625,258837.90625
428797.5,333740.09375
325137.3125,67937.703125
304379.90625,18366.80078125
320392.1875,96902.3984375
339792.1875,55240.80078125
490888.5,367286.59375
381542.1875,233339.40625
541692.125,233936.0
411855.5,249234.203125
363605.1875,186122.703125
389391.90625,203989.0
353863.59375,129219.5
506098.6875,342668.8125
350460.0,161367.09375
431913.40625,302137.40625
384999.0,222917.09375
547876.375,281066.8125
449002.09375,35832.1015625
532133.3125,263395.09375
466418.8125,317397.90625
301638.5,90825.1015625
292383.6875,37185.8984375
510218.1875,295718.3125
324553.09375,76531.0
554353.0,247399.203125
469136.6875,440868.1875
331301.5,112386.1015625
367859.3125,196925.0
441626.6875,239097.796875
461223.59375,312643.5
333994.6875,106722.703125
323212.40625,55270.69921875
330738.5,39037.3984375
279031.3125,13952.599609375
488811.5,295758.59375
354188.90625,104680.8984375
392778.8125,302392.8125
531444.875,323099.90625
315931.1875,17446.599609375
448622.40625,274292.8125
288350.8125,21020.599609375
502309.8125,291760.40625
360647.8125,217763.796875
556626.8125,255519.5
537691.625,139541.5
522222.0,356932.6875
446497.3125,294636.1875
326820.5,189112.59375
260014.296875,79346.1015625
345611.3125,74324.1015625
327544.1875,40327.1015625
277065.1875,95332.296875
587880.3125,62362.1015625
378418.40625,201432.40625
416707.90625,307669.90625
318442.90625,125224.796875
523149.5,279468.09375
338150.3125,142027.5
287762.0,166527.703125
420354.3125,276162.09375
330835.5,176585.09375
497644.0,361930.90625
474052.5,305267.59375
524832.5,387921.40625
470144.6875,291927.59375
376893.6875,205847.796875
337387.3125,136689.5
547914.6875,173808.59375
462390.8125,264449.09375
351509.5,122765.1015625
333354.0,270024.09375
560238.375,290581.3125
580346.375,211385.90625
382182.90625,170537.796875
289633.0,16345.900390625
506654.6875,291121.0
523000.3125,257502.09375
455586.1875,296301.09375
314998.3125,124834.5
329453.8125,140906.0
291882.6875,28859.80078125
341200.5,30684.900390625
522954.6875,284338.40625
323644.5,66442.6015625
361168.1875,198529.90625
308945.59375,47970.0
532424.625,356361.0
318924.0,120408.703125
299855.0,19682.400390625
536419.3125,278011.09375
350791.8125,140987.5
328598.59375,33874.8984375
277923.8125,168128.5
257348.40625,69196.296875
413768.90625,270315.40625
372521.09375,180191.59375
343859.5,227787.09375
303983.1875,21986.30078125
440036.90625,264201.3125
512461.1875,297322.3125
283247.09375,20371.5
348889.40625,167203.90625
362878.8125,218302.90625
405303.90625,249133.59375
413945.09375,260281.5
540211.625,344079.8125
457636.40625,255259.09375
491564.90625,291739.5
576896.375,136395.796875
506115.09375,232222.703125
326880.90625,100598.6015625
388245.90625,259353.796875
332138.09375,29599.099609375
326764.09375,48200.6015625
374202.8125,187958.203125
310053.59375,14870.099609375
422248.8125,310689.40625
413119.5,275082.1875
414323.40625,321735.59375
543679.125,163072.0
466600.59375,341424.40625
338263.8125,84366.203125
539650.125,161307.203125
447450.1875,325556.59375
385045.3125,249496.40625
451156.6875,110774.5
316509.59375,73836.3984375
429120.1875,331822.6875
340479.09375,154121.296875
561257.375,307851.59375
307195.90625,27035.5
401082.90625,218906.5
309493.3125,19060.099609375
256235.40625,154855.59375
307916.09375,19541.099609375
314051.0,24929.5
326071.3125,35471.19921875
363233.5,201877.203125
369082.90625,224643.5
440067.40625,308604.40625
347268.59375,137363.40625
459104.8125,302832.1875
561106.375,269572.09375
348439.09375,178811.0
334791.40625,52910.1015625
414543.1875,267326.1875
376113.40625,243014.09375
317287.59375,60948.0
473113.09375,303345.6875
602898.8125,82460.8984375
352910.09375,189760.59375
376027.8125,232562.09375
351452.40625,126376.1015625
377653.90625,184052.296875
581571.125,214261.09375
362990.09375,239350.09375
319501.59375,52758.6015625
561977.875,253526.40625
314219.59375,51867.6015625
374886.1875,246334.0
454018.59375,357658.40625
311209.59375,92516.296875
309054.90625,23282.099609375
350121.90625,179635.296875
293077.90625,41717.6015625
496475.40625,255644.90625
324318.3125,51764.8984375
421800.59375,316908.5
541301.125,292167.90625
318011.8125,114044.703125
493190.09375,338598.8125
441805.40625,323603.40625
299378.09375,107365.0
499031.09375,436160.90625
496661.3125,262703.6875
411272.09375,217162.296875
563969.625,64447.0
551069.375,220937.59375
330267.09375,128567.203125
335627.09375,95488.6015625
453784.90625,351006.8125
403305.6875,150349.296875
362041.3125,178956.0
340373.6875,78650.703125
267277.3125,105056.3984375
294665.40625,48727.8984375
545184.875,208271.09375
436587.1875,334325.6875
469090.59375,281218.3125
559026.625,29495.0
499052.90625,340768.59375
412089.40625,304693.5
451165.8125,329788.1875
342097.09375,109089.203125
326080.59375,34245.6015625
341748.6875,205402.5
469189.40625,290755.90625
504366.90625,266857.09375
273820.59375,53540.0
464040.8125,307861.1875
369040.1875,227862.703125
519474.40625,144573.5
360139.90625,199504.796875
522906.8125,332807.1875
502016.3125,271272.90625
333496.09375,160875.59375
510922.90625,39127.5
524266.8125,394088.09375
396938.0,250665.59375
314823.8125,16824.599609375
345492.40625,99592.8984375
364823.3125,164013.90625
430534.8125,258850.203125
398489.6875,194280.203125
317862.59375,53301.0
536532.375,320578.5
302819.40625,104152.796875
298870.90625,66450.1015625
528690.125,316856.6875
312650.09375,42616.1015625
339031.90625,138541.90625
539385.125,223965.796875
429051.40625,304114.09375
414915.90625,289057.0
273214.09375,65350.1015625
566995.3125,207250.40625
532467.875,405720.40625
423850.09375,243111.40625
419836.1875,362606.1875
566625.375,44326.6015625
290793.90625,14188.7998046875
328150.09375,149317.203125
385511.3125,307993.40625
343769.6875,153149.296875
321694.1875,161455.5
337913.59375,26278.900390625
424801.59375,273205.8125
410787.40625,263865.59375
562246.375,27640.099609375
455940.1875,374223.09375
469813.3125,273338.90625
500502.09375,59279.1015625
350590.40625,84124.296875
355929.59375,192925.59375
340454.90625,122627.8984375
530376.8125,321688.1875
530789.6875,377542.6875
440167.59375,215504.5
540884.875,383812.3125
493187.3125,330026.1875
577206.6875,322434.09375
355649.1875,231888.296875
508185.8125,360505.09375
436811.0,272900.59375
368172.5,251444.5
332049.59375,51404.8984375
519868.59375,226801.90625
416515.5,273709.40625
558114.625,262688.40625
495319.40625,351075.09375
323264.0,85871.796875
378286.5,244258.296875
361958.59375,238921.59375
470433.1875,327119.6875
391215.90625,219740.296875
515763.8125,207028.09375
401298.1875,242881.796875
255426.0,22103.30078125
363629.0,233700.296875
300034.0,161902.40625
372211.1875,271963.0
373821.09375,217392.09375
316526.3125,79414.1015625
391294.90625,254050.5
528821.5,214515.5
577369.1875,163990.796875
293847.09375,17298.400390625
268684.3125,61176.0
556116.375,327546.8125
316927.5,55897.69921875
332956.59375,120738.8984375
341849.90625,151683.09375
498278.0,296047.90625
289929.1875,20963.5
417530.59375,383948.59375
353384.90625,203594.0
311579.8125,57039.80078125
535655.8125,328896.40625
378027.1875,189910.09375
559436.0,307270.1875
378573.5,251290.09375
415905.5,307634.0
317195.6875,59475.19921875
363126.1875,147405.703125
347620.59375,202250.90625
416716.0,265491.90625
272598.1875,175138.203125
322770.40625,18093.80078125
400054.3125,296947.09375
372304.5,247267.703125
540459.6875,174802.796875
328158.0,82299.3984375
367039.59375,171283.40625
376305.5,270977.40625
588256.5,39895.80078125
312058.1875,68885.296875
427966.09375,321424.09375
569821.8125,74889.0
288220.3125,176156.59375
323987.40625,79462.5
360780.5,215856.40625
370304.5,293208.6875
442936.5,254774.09375
460490.40625,363514.90625
380974.3125,250500.796875
510785.59375,273739.5
250449.59375,37826.8984375
463181.6875,305291.8125
340859.59375,270252.40625
425136.8125,294076.59375
532307.625,306906.40625
309438.09375,29175.900390625
367479.40625,234544.296875
292927.6875,16321.7998046875
317734.59375,46526.8984375
353001.59375,199801.09375
386087.5,236584.90625
339147.40625,160965.90625
536709.0,282308.5
398447.3125,165806.40625
246180.5,38972.69921875
302039.0,25928.599609375
445337.8125,350491.8125
456847.0,335692.5
300705.09375,29519.599609375
380622.90625,208050.796875
572347.875,85854.1015625
423695.3125,125821.8984375
531867.8125,253319.59375
398982.6875,264830.6875
255669.703125,66027.796875
417547.3125,346468.5
528031.375,345396.3125
392910.8125,32543.599609375
657135.0,158891.703125
525931.625,211178.90625
313708.5,35414.80078125
421786.09375,274140.09375
382633.5,221094.90625
351432.40625,177872.90625
409470.5,195223.0
320741.09375,33225.3984375
544134.8125,275788.0
429056.90625,290730.3125
320225.59375,84135.3984375
367749.0,153048.40625
339636.6875,245286.5
332416.5,123766.5
351905.3125,240415.296875
569217.5,191858.59375
556830.0,109833.5
441813.59375,247193.90625
369492.3125,233118.40625
330105.6875,66281.796875
281358.0,56740.8984375
491408.09375,158526.90625
341822.0,147886.40625
338070.0,166841.90625
281972.59375,190347.5
336385.0,87013.3984375
591007.1875,209586.296875
326589.40625,130697.1015625
301633.09375,43279.8984375
299166.0,14184.5
562301.3125,88426.796875
312846.3125,32586.900390625
397881.09375,312995.0
535670.375,287255.59375
303402.90625,29396.0
427560.59375,239754.09375
401235.90625,312452.1875
313330.6875,41577.0
329604.59375,98664.796875
408618.8125,206801.59375
294283.0,20573.30078125
339479.09375,38962.5
288736.59375,18270.80078125
341213.40625,267358.59375
376755.6875,229775.296875
356433.6875,172842.203125
307261.5,14852.7998046875
309514.6875,52649.30078125
466413.59375,329014.5
469663.09375,405226.90625
476352.6875,272126.8125
360164.8125,143655.59375
311026.3125,18002.900390625
440299.0,221108.796875
424230.6875,265151.6875
516480.59375,247376.5
465918.59375,232070.796875
352518.90625,234899.59375
383483.6875,215083.296875
345581.0,165048.703125
370316.90625,195263.5
392307.09375,231860.5
477044.59375,343865.90625
484137.40625,307175.40625
271986.40625,19514.69921875
341384.8125,151960.09375
553754.6875,250748.703125
470766.09375,317161.5
367625.6875,182057.296875
514901.09375,341817.40625
306736.3125,31467.80078125
462387.40625,208457.5
456902.59375,300438.5
332884.90625,138770.703125
360009.8125,201787.40625
307368.5,17599.80078125
506673.0,322073.8125
329487.1875,115499.296875
276214.09375,38492.3984375
397001.59375,192673.0
306681.09375,16808.400390625
298981.0,84480.5
514958.8125,402477.8125
526377.125,276876.0
475190.59375,296261.09375
511585.90625,305555.90625
550373.125,216058.296875
307995.8125,41074.8984375
453052.0,295558.3125
415129.1875,240136.296875
327432.6875,141706.203125
350648.40625,201581.90625
311582.6875,52458.80078125
564821.125,301865.40625
504503.59375,378863.0
418544.59375,293509.40625
311265.8125,85866.796875
495139.90625,338050.5
313587.59375,85298.0
307961.40625,29676.900390625
317805.40625,96464.203125
298944.6875,52330.0
306664.3125,20430.599609375
492578.59375,293132.5
320903.1875,137276.296875
291842.90625,34753.3984375
329032.8125,108630.796875
466031.3125,333255.59375
330999.3125,98900.703125
361716.8125,197357.40625
456318.8125,328019.40625
475290.1875,324542.3125
563258.0,313083.6875
479654.90625,287653.59375
535794.875,262619.5
549092.625,310049.5
398821.90625,251254.5
399299.6875,231978.296875
384340.5,250656.296875
388864.0,240478.296875
527589.125,272324.5
300946.8125,251625.59375
399092.6875,271754.8125
340891.09375,109914.3984375
524220.59375,308367.0
379377.90625,191069.0
364512.59375,253757.59375
291544.6875,127548.296875
267119.6875,128507.5
310834.1875,125874.203125
362309.0,186526.203125
322044.90625,61960.6015625
366232.09375,153745.0
323277.5,109603.5
439539.8125,329603.3125
291427.59375,165337.5
357746.6875,192928.796875
514361.90625,236029.203125
310174.90625,73134.203125
307173.8125,178193.09375
300412.5,112432.296875
280667.6875,21729.30078125
311793.90625,47486.1015625
324050.8125,36092.80078125
304633.40625,56317.0
336737.6875,188238.296875
429570.90625,275777.09375
422683.59375,283760.5
400000.0,299010.0
485197.59375,323220.5
307058.59375,14993.7998046875
321560.90625,51097.19921875
264190.59375,237745.296875
370556.90625,197703.09375
334059.40625,89835.5
278320.59375,63133.8984375
592113.875,72473.0
338870.09375,171594.0
358526.40625,287561.1875
580138.1875,132898.0
513887.40625,238259.203125
559120.8125,239755.09375
354015.0,173852.796875
533673.0,245906.296875
344118.59375,149908.296875
373733.40625,186474.59375
300632.09375,23960.5
359719.5,146378.296875
355362.5,183828.703125
341566.1875,150442.796875
445202.40625,291711.5
530562.0,217801.0
331360.09375,61310.5
541052.625,338487.59375
545329.1875,41926.30078125
314511.59375,103596.796875
308320.40625,67477.703125
442385.0,318239.3125
467931.09375,232296.0
350881.40625,143489.59375
335955.59375,97499.0
417180.90625,71411.8984375
579877.3125,278051.59375
457497.1875,231516.296875
454647.5,289869.1875
329112.40625,149046.59375
287061.90625,81275.0
326997.6875,85574.0
320262.8125,173921.40625
389676.0,230436.296875
379057.90625,223272.40625
390066.5,174040.703125
341110.90625,133292.203125
343144.40625,19026.69921875
389483.59375,237595.296875
440530.6875,308865.90625
507931.8125,340062.0
429438.1875,255745.59375
320874.8125,127844.6015625
509329.09375,370056.3125
530050.6875,252481.0
500635.5,236939.703125
286386.40625,30313.19921875
572598.8125,40105.0
437978.0,262838.6875
288603.3125,138885.703125
245099.296875,15702.099609375
368015.6875,182394.796875
589782.375,35049.69921875
453935.8125,21095.5
313861.09375,84947.8984375
429430.1875,269167.90625
563139.1875,49170.0
319685.3125,205961.703125
551716.8125,256644.703125
337893.6875,134341.796875
549297.375,228216.5
392475.40625,77468.8984375
352291.09375,203483.796875
405115.1875,205074.40625
538485.375,240297.203125
564504.875,51429.5
403562.5,258759.5
449741.90625,373912.90625
326952.8125,70357.0
350873.09375,227851.90625
497609.59375,306434.3125
352383.6875,113806.8984375
486832.40625,345230.09375
250790.203125,33903.30078125
330677.6875,33642.1015625
356021.6875,139110.0
344420.3125,95401.203125
413507.3125,304171.6875
345378.3125,202580.09375
589272.375,33629.69921875
322984.59375,17929.30078125
362901.5,285586.0
300979.40625,21141.400390625
415188.8125,270663.3125
319508.09375,65509.80078125
442359.6875,284027.40625
296259.90625,47312.0
322333.1875,155776.0
562194.5,327642.6875
542390.875,298794.1875
364333.3125,172921.5
365526.1875,241100.5
307472.8125,98118.1015625
321645.90625,62146.69921875
408001.90625,276047.5
562013.0,218067.703125
569656.0,300295.3125
304301.8125,28764.5
515380.1875,337250.09375
311760.3125,37153.19921875
326149.3125,96956.703125
467299.8125,294295.59375
398038.3125,307352.09375
376750.09375,213762.796875
573525.5,145314.0
328276.8125,143080.296875
517248.1875,281517.0
266689.5,178081.0
593947.375,213002.203125
540158.3125,326301.0
368564.40625,208906.203125
403524.09375,241330.796875
497381.0,381018.6875
522026.1875,328235.0
389495.8125,245514.703125
416192.40625,283956.6875
502389.5,398424.3125
315035.59375,33587.8984375
355542.0,142997.703125
521686.8125,266437.1875
325209.6875,108047.796875
347862.8125,47969.19921875
290263.5,97520.0
553733.375,198750.5
536753.875,317712.90625
571186.5,48299.19921875
320542.09375,23675.30078125
422409.0,196271.703125
454369.8125,309049.6875
312367.40625,57461.0
565239.5,277923.3125
464707.59375,304294.40625
566436.625,292198.3125
416490.40625,236315.09375
452323.1875,36681.30078125
396360.6875,284070.59375
364341.8125,229593.203125
424975.40625,294201.6875
298363.1875,24210.30078125
451173.3125,246354.203125
449101.09375,330931.3125
463242.1875,304412.0
492660.0,346504.6875
472595.3125,308239.0
292007.3125,118611.5
313796.1875,101781.1015625
361324.1875,186725.5
316400.40625,46253.3984375
422494.5,169054.703125
323234.40625,61214.69921875
322697.3125,127780.0
320662.09375,19193.400390625
316002.5,92481.703125
350249.3125,189779.703125
450592.3125,345988.59375
315448.8125,15108.099609375
303234.6875,23026.30078125
306711.5,71858.5
366399.6875,225724.0
437321.90625,224527.40625
323937.09375,151072.296875
397047.40625,153712.09375
350007.1875,187819.796875
559960.1875,260219.59375
541282.1875,264938.5
478017.8125,372464.1875
534677.3125,249941.59375
406194.6875,249251.796875
306228.5,36089.5
312205.5,236858.796875
257086.40625,99260.703125
343975.09375,188264.296875
295809.1875,27696.80078125
311184.8125,27430.0
498819.1875,240571.59375
327034.59375,78323.296875
309521.09375,14782.099609375
315768.0,24841.099609375
514028.09375,340547.59375
311911.09375,17491.0
540205.875,242409.203125
309556.6875,46859.19921875
408598.09375,246615.09375
305160.40625,14054.0
558698.6875,259706.296875
293802.3125,109194.0
509613.6875,281634.1875
479312.59375,141481.09375
338101.09375,173206.0
562290.1875,100196.5
510095.5,235680.09375
278323.3125,36293.6015625
295700.09375,15545.099609375
515499.3125,305177.5
352069.8125,222795.203125
541646.6875,297580.40625
421623.0,334548.1875
391874.5,212843.296875
560831.625,243755.296875
430249.0,310137.59375
308984.09375,30054.599609375
470972.59375,251404.5
320803.59375,93633.8984375
313246.09375,17782.099609375
306442.90625,21510.5
297019.09375,17857.0
358427.0,248678.203125
432366.3125,279553.59375
349127.09375,130416.6015625
349368.3125,173508.59375
305134.0,24926.0
412123.40625,245894.90625
424580.1875,294979.5
313226.0,226374.296875
457378.6875,120176.3984375
345750.5,105229.203125
418363.6875,326033.90625
563097.625,100382.203125
303319.40625,16096.7998046875
331758.5,177375.5
331890.09375,200547.40625
312386.8125,45255.3984375
298661.40625,18692.0
321577.0,73621.203125
335516.3125,161015.09375
298786.09375,23738.599609375
269939.5,18295.69921875
349783.5,207048.0
535254.625,239130.09375
300782.40625,66987.0
353690.0,239686.09375
411612.5,342060.6875
591589.625,95695.0
349281.40625,238595.40625
553738.125,101390.296875
272270.0,182381.296875
494215.1875,305398.90625
390689.0,169373.703125
312825.8125,28250.19921875
303957.09375,17118.19921875
338669.5,118549.1015625
302523.1875,38177.3984375
387831.8125,242643.796875
341067.0,179738.0
353595.90625,149836.703125
379172.59375,292645.8125
459385.09375,314445.5
294323.8125,29843.099609375
363199.09375,185974.09375
421845.59375,255497.0
414937.3125,276449.09375
321770.3125,67740.0
395667.40625,203439.0
473206.1875,473660.8125
314553.59375,230239.59375
575563.625,268470.5
425686.6875,278811.1875
271339.5,69015.0
531651.375,300304.40625
577907.875,29150.69921875
432720.1875,312987.5
408561.3125,250209.203125
427978.8125,306088.6875
322108.59375,137622.703125
489874.59375,271994.8125
348601.59375,193291.40625
519730.59375,58860.0
355943.1875,165012.796875
559902.125,25103.099609375
379358.09375,222426.5
428025.5,206940.703125
347074.59375,255352.59375
398522.09375,301502.0
544244.5,230136.203125
357633.90625,125146.8984375
265770.40625,60824.69921875
369123.0,205178.203125
348597.5,212115.796875
498139.09375,339300.09375
457623.90625,363852.5
305303.6875,37841.5
434990.5,302206.1875
485779.59375,260448.5
375119.09375,308049.3125
481379.8125,286614.5
482680.6875,285073.5
406204.59375,251471.796875
508043.8125,240727.203125
506597.40625,73749.203125
278595.8125,43265.80078125
319542.09375,55853.8984375
470186.1875,282301.5
311666.0,152702.40625
452992.8125,165624.0
384382.1875,236399.5
463100.5,242395.5
442086.1875,239751.796875
462278.1875,412349.8125
422090.1875,141156.40625
392097.8125,238789.296875
307524.40625,18373.19921875
406230.90625,359717.0
334036.3125,120274.296875
323157.40625,158713.0
332382.1875,97779.6015625
337037.40625,100927.8984375
333970.3125,129849.203125
497184.0,275359.5
292873.6875,31321.900390625
385095.40625,199906.203125
322491.09375,94675.703125
333520.90625,149865.40625
568277.3125,330570.8125
395799.90625,273046.40625
314322.90625,17910.80078125
304271.5,61750.5
435409.8125,274880.1875
471891.1875,388176.8125
457290.1875,291046.90625
429367.40625,285536.1875
291656.8125,72640.8984375
476713.6875,392678.09375
369144.59375,233970.796875
353946.0,162633.5
371818.1875,179871.796875
304807.6875,25810.400390625
484481.3125,374743.8125
425463.09375,211149.90625
338417.3125,204202.40625
336560.90625,102451.703125
410542.0,293946.6875
356726.1875,199695.0
288206.59375,100407.1015625
330659.59375,120438.3984375
528928.125,149222.0
503236.8125,371568.8125
332991.1875,177224.09375
546532.125,218096.796875
351378.3125,196054.5
334822.1875,29685.5
317179.09375,100643.796875
331984.59375,74511.3984375
520918.90625,26016.0
412523.0,277044.8125
397078.5,287252.1875
536602.6875,179205.0
343343.59375,172203.703125
387117.1875,246936.09375
431113.90625,372743.90625
472112.8125,304785.5
507820.5,204397.0
556475.1875,188315.796875
342386.3125,149637.296875
278994.0,61278.80078125
303645.90625,206985.296875
389499.09375,248224.296875
367990.6875,246704.0
357666.3125,145576.703125
316770.6875,20234.80078125
397352.40625,273921.6875
324938.0,38835.6015625
342832.3125,176140.90625
312187.40625,62276.30078125
427538.59375,283400.6875
536070.375,45073.3984375
285972.09375,19855.599609375
283495.59375,14968.900390625
293743.3125,25095.80078125
334249.59375,22086.099609375
460426.1875,347858.59375
521277.1875,303554.0
354316.3125,160637.203125
554632.1875,248800.296875
378833.0,244583.5
489596.1875,368675.90625
375660.8125,231255.296875
541915.375,195714.703125
293402.90625,108199.5
531602.5,197894.796875
441776.90625,291383.1875
510473.3125,221051.296875
318532.09375,113212.703125
434064.09375,285784.3125
507398.0,318611.0
382515.3125,274605.6875
398861.5,349369.0
329618.1875,18375.400390625
324291.40625,133942.203125
495681.90625,211668.40625
374480.09375,228313.90625
423945.59375,312298.1875
413937.90625,252282.40625
419680.6875,259840.5
529941.5,366740.0
437857.8125,248956.203125
299765.5,19872.5
278455.1875,206950.90625
338444.90625,123329.703125
367276.0,243845.09375
291769.8125,54420.80078125
510733.1875,315116.3125
331301.6875,66126.8984375
385916.40625,259531.703125
315731.8125,24912.400390625
329208.3125,65574.8984375
467462.09375,216339.796875
454629.09375,261608.09375
572945.625,168219.90625
341152.0,196099.40625
456153.40625,302660.09375
333096.90625,63943.69921875
487381.40625,255254.296875
356667.6875,235267.5
350709.0,183175.0
489099.59375,309694.3125
338146.3125,170036.203125
423140.6875,325593.8125
453946.1875,290611.3125
428009.59375,259169.40625
367347.8125,204274.296875
385668.40625,279235.8125
508108.59375,296355.1875
450754.90625,321283.90625
318064.09375,44386.0
334794.59375,97334.6015625
311707.40625,38176.1015625
380096.6875,269914.09375
371581.40625,214320.296875
368516.0,184471.0
566777.625,214872.296875
328534.6875,30166.30078125
389495.90625,224423.203125
411493.40625,319150.5
425758.90625,250316.703125
359575.8125,231972.90625
427397.5,285153.40625
308616.3125,50001.8984375
512429.6875,304550.0
509924.1875,282543.3125
474373.90625,373994.6875
558885.875,300542.0
326027.8125,187750.296875
370582.90625,230117.296875
581101.125,262320.0
254881.703125,12775.099609375
400259.5,272106.1875
363507.8125,176962.90625
341182.0,136358.203125
360007.5,128778.1015625
435552.1875,278937.1875
509683.40625,358360.5
324172.09375,122693.3984375
314272.8125,69163.8984375
388123.90625,318355.40625
487511.5,336256.8125
315000.0,101481.3984375
446999.6875,333001.0
330604.59375,103650.5
360395.8125,288697.40625
280240.3125,125422.5
538390.0,215309.703125
478003.40625,356626.5
329368.1875,47756.5
390593.1875,253870.796875
286190.40625,17960.900390625
328218.3125,46576.3984375
291650.1875,15729.0
285814.09375,47352.0
299098.40625,58511.69921875
339734.5,117252.6015625
344143.8125,156866.90625
403655.0,224953.703125
243208.40625,52231.0
552201.375,325389.1875
556231.625,192653.59375
519922.09375,228849.203125
497917.09375,334316.40625
329459.0,115503.796875
302461.0,25002.400390625
312292.3125,69608.3984375
270957.09375,107480.5
418975.3125,197958.796875
302635.40625,45677.80078125
329468.59375,127926.0
453902.0,333557.5
477246.5,418404.6875
406220.90625,233561.203125
296829.8125,27072.5
480680.8125,355839.40625
282774.1875,109115.0
486042.1875,303525.3125
307022.59375,75025.5
341086.40625,61974.5
326610.5,113999.1015625
490864.90625,271906.6875
482999.09375,314707.5
496508.5,271593.59375
332450.8125,103512.796875
567600.375,158748.40625
463547.6875,271925.0
473760.1875,294282.8125
327978.40625,194685.09375
588299.8125,185835.90625
318719.59375,94235.3984375
531529.125,298278.1875
412906.0,295278.8125
479787.09375,394160.0
342030.09375,209085.0
488113.90625,389409.1875
439964.0,310011.6875
382930.8125,223331.90625
412081.3125,305479.90625
365550.0,204079.703125
542063.0,375012.09375
299491.1875,19050.69921875
461334.90625,155058.5
362040.90625,177294.40625
491385.1875,361322.5
324059.6875,113976.796875
479666.8125,325643.0
565176.8125,323216.90625
557188.3125,204952.59375
338949.1875,114566.203125
346649.5,126956.8984375
409182.59375,341323.5
298993.90625,23260.80078125
366964.09375,182001.5
433435.6875,353600.09375
329137.40625,70033.703125
313442.8125,26435.900390625
459110.3125,298591.6875
318237.3125,22039.900390625
501291.5,278491.6875
271208.0,14105.099609375
324820.8125,86453.796875
543563.1875,237007.203125
455867.40625,333469.5
385173.8125,74679.796875
459225.0,326579.59375
370412.09375,238991.5
390000.5,292816.6875
477631.3125,293485.40625
316661.8125,112330.0
367786.8125,159297.90625
442024.5,335023.6875
432150.90625,194787.0
292909.90625,24726.900390625
300526.09375,21687.0
536673.875,253398.09375
436058.8125,350636.5
534122.625,239849.40625
343644.09375,243372.09375
359613.8125,236430.59375
510423.3125,247346.09375
520746.6875,282148.1875
397562.1875,260063.59375
321881.8125,125280.6015625
398486.59375,232178.203125
559070.5,262321.90625
525175.125,257287.5
304529.40625,15355.5
349208.3125,104617.296875
304304.40625,92767.203125
330831.6875,128716.1015625
558700.3125,216559.40625
461510.40625,335894.3125
334992.5,113379.6015625
569381.3125,219330.5
488283.8125,210535.40625
562700.3125,356255.3125
465164.1875,225260.203125
394222.90625,105433.5
304013.90625,21991.400390625
395447.1875,274573.8125
318963.09375,72448.5
336651.59375,159355.90625
377738.90625,218656.59375
365702.3125,212153.5
295839.59375,26183.19921875
371685.8125,233698.90625
360594.90625,180795.703125
504170.40625,290915.5
317105.90625,172272.703125
242813.5,48836.80078125
310398.5,31159.900390625
337067.1875,135138.296875
429005.90625,333814.6875
335478.90625,164319.203125
569125.8125,188010.90625
454793.8125,343592.5
319984.8125,85832.3984375
322432.0,17299.19921875
365036.40625,260447.0
436853.40625,303664.40625
450863.40625,280448.5
472346.3125,282194.8125
343410.09375,83195.5
271101.6875,29371.599609375
438780.09375,307670.0
479905.5,315739.0
316568.3125,14707.7001953125
551645.375,229187.90625
465718.1875,373790.3125
348188.40625,166878.203125
252756.40625,22538.5
325444.5,91478.1015625
432690.0,22708.5
497389.90625,265293.6875
330503.6875,66688.5
566114.8125,337574.8125
320793.09375,72705.0
307289.59375,79050.296875
354864.8125,179631.40625
359173.6875,142373.203125
445924.8125,111699.796875
317012.90625,155744.703125
383918.1875,312449.0
429332.59375,234688.203125
412135.40625,250891.5
348807.09375,54798.0
308606.59375,55591.0
352681.0,146189.5
360053.3125,219000.796875
349059.90625,192802.703125
257750.09375,17871.599609375
304041.8125,63287.80078125
310589.5,75417.0
586466.375,65299.69921875
365617.5,258648.5
339413.5,196494.203125
362719.09375,131127.0
492848.1875,296715.6875
286345.59375,125439.1015625
491244.5,212630.0
312304.90625,102860.203125
341315.5,15752.5
430397.09375,228981.703125
380333.59375,255033.296875
339439.09375,143184.203125
440425.8125,347590.5
445465.6875,293705.1875
544205.625,245528.90625
443562.5,299573.40625
579729.3125,280520.3125
390669.1875,245048.0
448518.5,339421.5
296612.90625,173688.40625
349533.59375,169670.90625
537610.8125,201119.40625
351552.8125,179514.40625
491581.5,26897.900390625
368255.0,253600.90625
463015.59375,208999.09375
302095.6875,33616.5
268274.0,56928.69921875
325824.8125,103222.1015625
303957.0,17697.30078125
309380.1875,19451.0
297823.8125,33381.3984375
523875.8125,250773.40625
345819.3125,145885.5
364254.09375,220188.09375
325271.3125,166640.796875
285448.6875,26298.0
321640.5,148246.0
333992.09375,87711.203125
564542.875,199076.0
518188.59375,390279.0
311672.59375,25651.0
558196.625,348901.8125
327414.3125,178083.90625
505347.0,351294.0
455460.6875,267630.5
269514.59375,178019.203125
397847.09375,241436.796875
312344.8125,19798.0
461259.3125,269004.3125
409644.90625,262793.40625
453480.8125,261260.90625
481417.0,248900.90625
372427.1875,188107.0
534440.3125,260456.09375
416888.3125,278473.8125
314830.5,88924.5
466626.90625,200575.203125
430245.0,193367.0
403816.40625,22138.69921875
431766.09375,338036.0
420139.09375,359136.3125
334450.59375,47760.1015625
359859.1875,183651.0
357185.59375,156223.703125
346511.0,112201.203125
423092.3125,312932.8125
343805.09375,139259.5
350207.59375,192498.0
380295.59375,18466.19921875
507209.3125,311581.0
314191.3125,18613.5
373726.0,231492.203125
433926.59375,259498.59375
433929.6875,291753.5
302027.40625,19850.5
517189.3125,286547.3125
370864.09375,202459.0
522138.09375,309064.5
486563.09375,309655.09375
307834.09375,24086.599609375
450195.1875,340486.0
283603.5,20873.5
314939.09375,55498.69921875
480918.0,321884.6875
375704.90625,252222.0
439975.3125,302890.8125
359241.40625,205341.203125
293317.09375,33328.30078125
370114.3125,236724.5
330990.3125,121355.3984375
403699.8125,279718.0
338035.1875,150204.0
313823.59375,54629.8984375
366819.3125,214192.40625
308258.3125,42082.8984375
341846.59375,100119.1015625
304346.3125,67334.296875
310444.1875,140556.5
517070.09375,255039.703125
396781.0,276020.6875
437436.40625,187384.59375
433566.6875,339560.40625
429655.5,340949.59375
519424.6875,212276.5
305195.5,18752.19921875
326023.59375,250129.796875
340234.40625,163458.40625
464022.5,282400.5
342873.8125,219488.09375
332496.3125,192183.90625
338068.90625,130056.5
437434.59375,288753.1875
404969.6875,64404.80078125
335740.0,168824.09375
467797.6875,326896.59375
276690.8125,24003.69921875
506445.59375,57070.19921875
354907.6875,174577.0
547043.3125,195792.703125
303423.3125,104009.8984375
556856.6875,292125.3125
272928.90625,156964.0
298795.90625,114092.5
346800.59375,125888.296875
346898.09375,24022.80078125
554732.3125,291237.5
304493.09375,46560.80078125
462232.09375,307977.8125
389824.40625,370790.09375
319536.90625,56365.5
575918.6875,44066.8984375
348602.90625,195214.90625
369172.0,218196.5
321835.40625,245923.0
467688.1875,227215.40625
321664.6875,96255.5
408482.0,219945.09375
480099.1875,370506.3125
284106.5,19400.19921875
477200.3125,308956.6875
455254.40625,292429.8125
318026.09375,82660.703125
593504.8125,193827.203125
473314.6875,400740.3125
388918.8125,266301.90625
578728.5,147152.703125
325141.09375,92712.8984375
364992.59375,232477.59375
582336.3125,285910.40625
350817.40625,243775.59375
506101.90625,317214.5
395563.6875,221745.40625
459281.5,363352.59375
509029.1875,209429.0
316584.0,60857.69921875
390119.5,251713.0
460758.1875,114464.796875
325661.3125,122221.8984375
350433.90625,181791.0
344508.1875,81828.3984375
323461.40625,121341.796875
329397.6875,145173.0
317938.3125,221662.40625
326631.40625,100312.0
528551.6875,256302.296875
362630.0,171074.59375
306151.5,41304.69921875
532653.6875,304002.59375
507295.0,226841.90625
413566.6875,226945.0
317061.40625,43748.19921875
337860.6875,159269.40625
404446.3125,301588.90625
371235.90625,247584.09375
271871.90625,163951.296875
492814.1875,342485.5
333565.59375,127456.296875
393484.6875,295599.8125
515272.0,250680.0
567917.0,203841.09375
338658.6875,152095.796875
469746.5,361208.40625
549161.375,296067.3125
380206.59375,250303.703125
417326.8125,257133.40625
442677.09375,325145.3125
497219.40625,353242.90625
299283.5,78734.5
364162.09375,213702.203125
373754.5,240379.59375
305877.1875,122217.8984375
294371.40625,20558.5
299870.1875,21773.900390625
297484.40625,17631.900390625
330687.3125,131278.90625
386520.5,257363.59375
397869.40625,275800.3125
492762.90625,423982.5
547321.0,199149.5
307282.1875,36937.80078125
331615.3125,138676.203125
397406.0,266308.90625
318043.1875,82049.8984375
364004.0,227298.59375
291337.90625,39608.80078125
370573.5,153931.5
443092.0,36868.0
300847.5,21706.599609375
575264.0,241685.703125
367562.3125,163595.40625
275589.5,44860.69921875
314458.90625,42324.3984375
319937.0,34435.0
301853.1875,59831.30078125
332534.1875,109414.6015625
375728.5,234220.40625
287933.5,35273.69921875
411055.09375,182143.296875
365479.90625,244713.59375
372477.1875,274259.5
323459.0,224485.203125
537253.375,107497.0
450685.1875,331248.3125
261311.0,55590.6015625
377838.8125,273082.1875
478000.40625,318975.3125
431151.40625,264154.1875
308775.8125,18935.400390625
569572.1875,154435.796875
318107.90625,100628.1015625
301232.8125,156518.203125
383620.6875,234102.90625
350264.0,141785.59375
378085.40625,183582.296875
346081.6875,184877.5
472881.90625,313422.90625
528102.5,166324.5
401807.8125,321821.09375
440871.09375,282869.5
539655.1875,227598.5
457985.1875,297248.8125
454242.40625,280256.5
312188.0,70337.6015625
309837.1875,47906.5
305654.5,23839.19921875
292416.40625,23046.400390625
461047.8125,334360.90625
436550.09375,222837.0
538183.6875,25921.30078125
402574.0,281392.5
382260.0,217526.296875
321439.09375,19696.099609375
561578.875,273267.1875
451028.3125,371559.90625
306374.8125,77710.3984375
315689.09375,181836.203125
246693.203125,90185.8984375
315519.90625,30822.80078125
392135.5,196002.0
458586.90625,287653.6875
501357.0,209344.59375
557032.1875,351202.3125
441134.09375,299592.40625
463729.59375,328472.1875
509922.90625,357262.3125
396112.0,291604.5
352755.6875,259438.703125
361251.90625,267061.8125
403468.6875,261302.796875
358631.5,145354.203125
299820.3125,21774.69921875
572658.8125,399559.0
510552.40625,294717.5
294713.1875,33870.6015625
313850.90625,68268.796875
381498.59375,243937.40625
354619.90625,213723.296875
505035.0,298555.5
419567.6875,241779.0
309692.5,97307.3984375
499416.1875,368581.59375
295670.1875,57568.0
497917.59375,308521.09375
425447.40625,210288.09375
396335.1875,229198.09375
368598.40625,264233.6875
519553.0,341265.09375
282790.59375,29872.5
452453.09375,239383.90625
311434.0,113124.203125
496858.8125,300321.8125
279040.90625,104225.296875
490798.5,87612.0
486952.40625,324766.8125
321103.1875,14560.7998046875
418213.90625,255672.203125
629170.8125,51821.69921875
405358.8125,158484.296875
337148.90625,136481.5
425054.3125,325111.6875
309505.59375,93006.0
332720.6875,160834.59375
365637.6875,350477.1875
437385.5,235313.09375
425667.6875,250423.296875
377878.59375,240012.0
507309.1875,356822.09375
362312.90625,156285.203125
531344.125,219441.5
374168.3125,228630.296875
352729.90625,147946.5
326183.09375,99649.3984375
437144.40625,21362.099609375
466081.90625,335692.5
255618.09375,104043.5
387603.5,247300.09375
577121.6875,42840.80078125
307806.3125,14530.7998046875
361005.6875,182403.203125
277954.90625,151461.296875
517797.1875,373038.90625
348778.90625,89400.296875
313946.5,63522.5
326315.40625,16353.2001953125
337808.5,120595.6015625
319530.90625,102241.796875
365228.6875,228984.796875
371504.40625,239191.203125
568175.5,203242.703125
323624.8125,82648.0
561780.3125,177977.796875
354788.0,321924.1875
536429.375,131695.796875
307449.09375,18761.900390625
363556.8125,226449.203125
527996.6875,293841.3125
449584.40625,273885.6875
575929.125,384429.1875
306691.59375,15857.900390625
403671.6875,236975.40625
280198.3125,28401.80078125
412887.6875,255353.203125
538154.0,332691.09375
387015.90625,259385.796875
350358.90625,139755.203125
564329.6875,240756.40625
429169.3125,271389.3125
521855.0,309794.5
380973.1875,232940.203125
483814.6875,321085.8125
463912.0,283969.1875
281691.3125,86281.703125
306021.90625,15062.5
306450.90625,18076.19921875
437357.40625,284847.3125
342740.3125,185305.203125
399543.6875,161183.5
282362.0,24212.400390625
644920.0,208740.59375
309418.1875,27030.0
427060.59375,319998.40625
341301.40625,122420.296875
393616.59375,263286.6875
400201.59375,192850.40625
309598.59375,18698.69921875
427169.09375,322712.90625
475797.5,308408.59375
445651.90625,345999.8125
462268.09375,283573.5
425312.3125,298250.8125
326295.5,231973.703125
337238.6875,148206.09375
320323.09375,93492.8984375
294400.8125,34205.19921875
371083.8125,229647.40625
343534.1875,103258.8984375
316635.59375,181066.703125
578244.1875,87841.5
397924.6875,216070.296875
305051.09375,191815.703125
396394.90625,280923.1875
336853.0,65958.1015625
472332.40625,292314.0
431238.0,280585.1875
461941.5,259025.203125
369222.6875,196471.09375
347295.40625,224385.796875
356760.40625,163021.203125
311794.1875,24288.19921875
403543.90625,251159.796875
313376.90625,54574.69921875
444065.59375,287107.90625
431482.3125,323640.1875
444088.5,236373.203125
439576.6875,276376.59375
495161.3125,329198.40625
409290.8125,320728.40625
337150.90625,118055.5
378027.1875,193787.09375
510341.3125,260324.90625
548569.0,272186.0
306349.6875,88619.796875
281612.3125,34177.8984375
409809.3125,230247.90625
447679.90625,271089.0
440504.0,248765.09375
329607.90625,41911.19921875
292464.0,28481.099609375
320266.3125,84559.0
450534.40625,384683.90625
528408.1875,340109.40625
333079.90625,62344.3984375
291012.3125,38300.3984375
574694.875,158527.5
311431.5,44410.1015625
305264.3125,34815.3984375
264255.90625,91998.796875
353542.09375,169508.09375
562702.375,318820.1875
330409.6875,114211.1015625
374134.1875,274640.90625
390395.09375,290569.90625
577682.6875,337377.6875
524824.375,288835.0
525465.375,157942.0
315528.1875,217019.59375
490319.1875,288667.3125
345540.09375,133655.296875
321196.3125,30259.5
327850.3125,60544.3984375
307907.90625,30844.5
517088.1875,300051.59375
390276.1875,281056.3125
414559.1875,254460.296875
272100.3125,75191.8984375
566484.875,300280.5
305908.40625,53907.0
468595.3125,98577.8984375
538869.875,277106.0
441399.1875,247823.59375
300714.8125,17486.400390625
400829.6875,300934.3125
547692.625,279349.09375
295226.90625,51401.69921875
345401.0,132265.09375
413203.40625,104122.203125
318660.1875,89534.1015625
541336.875,239475.59375
500013.8125,327864.5
315985.90625,16408.900390625
375446.1875,159861.203125
387180.40625,192807.0
314501.1875,42484.1015625
572775.625,75170.0
339658.40625,131868.796875
316463.5,109263.0
411865.1875,281441.3125
343252.0,192252.09375
314803.09375,152837.796875
473016.40625,280461.1875
348305.6875,148315.59375
311014.90625,95600.6015625
334002.5,69777.0
337978.0,217183.703125
300885.5,18603.099609375
348083.0,164180.09375
321414.90625,78903.203125
397435.8125,299790.0
336640.90625,192838.59375
313612.90625,128648.3984375
410276.1875,314568.1875
388114.3125,273351.40625
470052.09375,338488.59375
320908.40625,84864.5
304558.40625,15875.400390625
318582.8125,203804.40625
347505.8125,117586.3984375
275215.09375,42437.0
287744.90625,24980.80078125
337937.90625,173411.203125
376034.6875,196218.59375
529737.375,71292.1015625
346016.09375,22909.400390625
361756.90625,228044.90625
300999.5,18577.099609375
579789.8125,89807.3984375
356295.59375,181705.0
431550.90625,232915.796875
318929.3125,81283.0
527006.875,69785.3984375
331652.90625,70706.5
340649.40625,142974.0
581019.6875,269665.59375
450704.0,313691.09375
349628.59375,15456.5
448917.40625,279052.3125
341577.0,168439.5
328028.90625,193923.703125
387273.59375,251948.90625
323399.40625,14939.2998046875
322718.8125,123241.203125
432146.1875,196641.90625
491326.90625,344037.3125
468239.09375,294489.0
296612.5,19098.099609375
467525.5,333661.6875
357730.1875,180014.90625
308600.40625,51944.0
573032.375,28463.19921875
346787.09375,161505.296875
320832.3125,131985.796875
454723.5,248429.203125
412931.5,205023.0
346973.1875,112314.296875
492340.40625,264765.0
474438.3125,247770.0
328341.40625,53714.5
319829.3125,23987.900390625
376260.40625,118827.0
324529.09375,55877.3984375
282002.90625,196808.203125
491263.59375,338992.5
639396.6875,30482.599609375
506843.5,337916.6875
316142.8125,126031.203125
437945.40625,327146.3125
324755.8125,163972.0
400526.09375,199064.5
346431.3125,241663.296875
311184.0,21673.599609375
375419.6875,192795.296875
270559.90625,42956.0
341501.40625,163538.59375
316622.3125,78459.0
530022.875,87304.8984375
300877.0,46959.69921875
296770.6875,79606.3984375
286459.90625,73357.296875
293188.3125,15890.5
378778.3125,179326.296875
335409.0,31598.5
338391.0,126778.703125
541718.875,361169.8125
308133.1875,46158.3984375
339144.59375,198425.5
308783.59375,38651.30078125
377088.1875,282344.59375
374164.0,188456.90625
293246.8125,29929.5
376866.40625,199379.09375
386878.40625,247235.59375
372304.3125,240843.5
302099.09375,58205.30078125
363820.3125,17657.099609375
346387.1875,258921.703125
352126.0,240207.90625
322280.5,16424.69921875
473939.90625,249184.796875
509682.5,166596.796875
394964.40625,243062.796875
521862.59375,332565.6875
287902.3125,43611.0
513736.59375,369285.0
418909.40625,362281.8125
468868.59375,189451.59375
300601.6875,24124.099609375
308894.0,18410.19921875
481237.90625,266757.3125
299712.40625,31702.30078125
271284.3125,172976.5
303418.90625,34514.69921875
323393.09375,129025.796875
301193.40625,14464.2998046875
305514.6875,33511.6015625
572752.8125,125600.796875
549400.5,165557.203125
525938.375,249556.296875
536893.8125,24492.19921875
399980.09375,351459.8125
311580.0,20539.5
364686.5,238689.5
499069.6875,290229.3125
269090.0,13277.2001953125
335388.09375,140933.40625
433803.0,273409.3125
417907.3125,281154.0
540853.875,167898.203125
308287.59375,14796.0
277211.59375,16486.80078125
303370.0,119939.3984375
559587.1875,25291.80078125
436325.40625,352522.0
269230.90625,44237.5
436284.40625,238091.0
323354.8125,61699.5
384079.8125,274093.40625
367893.90625,220724.5
311776.59375,19580.80078125
329142.3125,99515.1015625
326350.1875,113919.203125
350530.5,210164.703125
499060.59375,244525.40625
453350.3125,339827.6875
312924.09375,33392.5
329932.0,122248.6015625
478453.0,366730.40625
306552.0,185627.203125
306988.59375,107007.3984375
366546.6875,247277.90625
306591.40625,46547.30078125
280587.90625,40157.69921875
418481.3125,249979.796875
357030.0,243591.59375
317430.5,86408.3984375
317303.0,14924.0
280454.6875,164061.796875
382904.90625,225568.796875
321006.40625,19788.5
394141.3125,275224.3125
421011.90625,292005.0
318619.5,140365.703125
342360.90625,97724.203125
360014.3125,49890.30078125
407082.5,227052.59375
319656.5,117070.203125
381507.90625,249323.0
556905.3125,184489.5
390718.90625,235860.0
384628.90625,228471.796875
340093.90625,177484.0
429757.3125,162778.5
521285.59375,199654.5
419015.3125,205560.796875
303897.5,30141.900390625
492053.0,325822.40625
247338.90625,44193.6015625
314678.59375,16534.0
331008.5,77764.203125
290751.59375,18186.900390625
319535.90625,72202.296875
372064.8125,200007.703125
305335.0,58493.80078125
429272.90625,361428.8125
367734.09375,232794.703125
320336.3125,59689.80078125
553631.5,94606.703125
309967.0,16969.400390625
588002.375,139131.796875
401950.90625,272207.0
389209.3125,302350.8125
488312.1875,284892.0
529567.375,256583.59375
362436.0,281923.40625
558427.0,256156.40625
287924.40625,56142.30078125
530872.1875,276537.40625
381220.90625,225505.09375
443254.0,337022.8125
357145.90625,86075.703125
320863.3125,62026.30078125
530570.6875,379925.5
403235.6875,217164.0
307219.40625,15860.599609375
390337.0,277032.90625
374693.90625,265880.3125
308398.40625,44934.80078125
513023.1875,259222.09375
519959.6875,330963.0
293424.1875,114591.5
297710.40625,37325.6015625
413630.6875,247389.09375
320855.6875,114036.796875
445786.1875,283112.09375
321603.90625,91985.703125
294705.3125,78377.203125
428315.6875,336891.40625
280428.90625,137931.203125
337080.0,162332.703125
367466.59375,211842.296875
314597.8125,76412.6015625
294433.3125,113444.796875
496604.6875,344857.5
421917.0,353463.40625
303276.6875,60371.6015625
367964.90625,197702.796875
358719.1875,152411.90625
304237.1875,109815.296875
347286.5,175097.40625
332139.0,97663.0
469866.6875,347347.5
369663.59375,214424.796875
326364.3125,98928.6015625
382862.40625,241433.703125
295298.90625,31189.0
336652.09375,59550.0
294685.09375,17916.69921875
403193.59375,310971.0
298509.0,64779.8984375
573624.1875,119242.5
343875.8125,107787.296875
462448.90625,287194.8125
580851.3125,39753.80078125
429312.0,281975.90625
298861.6875,39171.1015625
288286.09375,15516.2001953125
365329.59375,178365.296875
534646.1875,198695.5
300305.40625,73760.6015625
354642.1875,178446.09375
393854.6875,286224.40625
335475.0,99749.0
446276.09375,197764.203125
311189.90625,148299.09375
312411.0,16525.30078125
358653.59375,181701.90625
309643.40625,52977.19921875
560979.1875,179480.0
355961.40625,142833.0
616476.125,40098.0
322080.59375,67599.703125
341864.09375,126977.0
582319.0,44622.3984375
545047.8125,219025.296875
519548.1875,320972.5
308795.5,21450.69921875
314054.3125,15182.5
305149.40625,64261.1015625
359984.90625,141781.296875
350678.09375,134633.296875
528244.1875,310552.5
469626.90625,270601.8125
431217.5,307451.90625
396457.1875,239461.59375
285388.90625,17702.80078125
424987.6875,305231.8125
529672.125,254672.203125
369671.40625,227564.59375
326924.6875,79848.3984375
448221.1875,301860.8125
458501.1875,302004.0
529467.875,267624.59375
469343.40625,374306.8125
551830.8125,35832.30078125
577396.1875,299498.09375
375207.6875,206828.09375
276893.6875,37774.8984375
399294.6875,300370.0
317766.40625,89884.703125
314275.59375,14896.7998046875
292112.8125,36063.1015625
377035.09375,274807.40625
411535.90625,254740.203125
546995.375,380947.0
263190.5,12664.900390625
409924.3125,262837.3125
303208.8125,47073.30078125
517806.6875,270879.0
529843.875,203351.09375
374539.3125,244483.796875
263432.1875,38161.6015625
302654.6875,83751.6015625
456817.3125,278787.6875
329121.59375,130974.796875
391187.6875,163350.5
424123.6875,300211.0
274879.0,24876.900390625
358425.6875,293635.8125
456733.59375,197750.203125
450570.5,167003.0
357921.8125,174242.703125
490489.1875,288129.90625
570601.6875,273898.8125
325175.09375,89533.296875
341435.09375,168000.796875
415994.3125,304127.8125
534227.0,449058.90625
343386.6875,44480.1015625
456404.6875,317305.59375
385892.6875,231833.40625
571980.625,312688.6875
322624.40625,105883.6015625
509292.40625,215149.703125
286320.1875,152506.0
289158.3125,31749.80078125
470418.6875,314043.0
336217.5,55359.3984375
474185.0,226326.90625
313792.90625,25264.80078125
327962.1875,117944.1015625
373001.6875,257603.59375
311196.40625,90493.6015625
551338.875,223887.203125
293025.1875,30980.80078125
539540.5,225904.40625
386409.40625,248714.796875
528087.3125,298331.3125
332880.1875,50772.1015625
441702.1875,303200.90625
308527.0,39171.5
377405.1875,204756.296875
348014.5,153304.203125
244791.40625,22647.80078125
480127.8125,256732.0
392341.09375,248486.203125
330975.59375,18910.80078125
339450.6875,121606.703125
340389.90625,115385.3984375
363273.0,133013.90625
400588.09375,226046.796875
572217.8125,121552.1015625
531468.5,350979.09375
314483.90625,15439.900390625
321661.40625,185855.296875
331378.09375,135873.296875
361770.90625,266978.5
569989.3125,189148.0
512842.8125,28862.599609375
596675.0,60165.6015625
564291.5,265010.0
309270.90625,59312.8984375
455815.6875,327510.3125
373897.0,255873.703125
323232.5,101286.5
280512.8125,67018.5
384051.5,233755.5
418561.8125,186897.5
503049.6875,298431.3125
448532.1875,233379.40625
268358.40625,15749.7001953125
359669.40625,153333.90625
546401.8125,114094.6015625
465092.40625,233324.09375
340069.09375,101403.296875
407990.8125,203494.59375
375941.1875,254439.296875
388339.40625,296418.8125
358873.09375,185535.203125
402585.3125,280211.0
335100.8125,19614.599609375
314420.6875,14951.900390625
372234.8125,261684.09375
385194.5,283936.59375
347911.0,216399.0
367475.0,191476.5
572753.625,135373.296875
563779.6875,254498.796875
319228.0,63996.5
491596.0,238607.203125
445436.3125,127306.5
304078.40625,26126.30078125
264246.8125,13306.5
328644.0,113066.6015625
302605.1875,74372.296875
302068.90625,31254.30078125
313230.59375,72225.296875
334468.0,95098.6015625
496596.0,287499.1875
372462.5,250512.296875
498930.3125,230387.09375
362283.5,144706.09375
587528.5,32670.5
327242.40625,111913.8984375
343193.5,105217.796875
559539.875,376507.3125
467405.0,283195.5
337934.3125,98907.6015625
307654.0,116747.5
359024.0,193114.703125
292405.90625,32278.80078125
276716.8125,63776.5
481381.90625,329778.8125
567210.625,45866.80078125
296325.0,17550.0
527746.8125,280100.5
269164.3125,112674.6015625
548029.6875,150043.796875
538072.3125,235286.59375
470429.90625,246582.90625
303475.40625,25883.400390625
477623.5,77212.3984375
477207.8125,259967.40625
376034.40625,248748.796875
487887.0,291653.09375
474399.5,419917.0
486061.6875,260940.703125
470139.40625,310509.09375
375450.3125,228709.59375
341687.0,136277.09375
585710.5,107388.0
537190.0,312605.8125
503543.59375,324482.1875
397552.0,284387.5
515669.59375,187532.296875
487860.0,357521.09375
440902.40625,346974.90625
364535.0,222897.796875
263219.40625,43291.80078125
304643.40625,134574.296875
547462.125,261689.203125
366202.3125,222165.0
395173.3125,280792.59375
314722.90625,37003.8984375
301955.1875,16021.7001953125
572602.125,183805.796875
431289.59375,321560.90625
551155.3125,294825.59375
521463.0,287820.8125
387909.3125,295717.09375
445685.0,170314.296875
445445.59375,172548.90625
315633.90625,213453.296875
518017.3125,293711.0
586374.8125,73857.0
498399.40625,339190.3125
426019.59375,276363.6875
536709.125,226840.5
413943.3125,278517.59375
436823.59375,244397.203125
555423.125,32420.5
400462.3125,332868.59375
412959.6875,343578.1875
310923.1875,51971.80078125
316817.0,54208.3984375
405359.1875,328292.09375
309176.8125,69983.203125
361657.1875,195793.40625
485719.8125,358561.59375
353196.09375,124297.203125
384316.40625,273610.8125
289303.0,37349.5
528233.6875,258687.5
410980.6875,214268.0
317762.59375,116471.703125
455897.5,203650.203125
515095.90625,274697.0
308403.5,112733.296875
314019.09375,30851.900390625
313671.3125,64762.0
528213.5,341617.0
375483.59375,234847.40625
499740.8125,293138.5
264037.40625,53327.80078125
421761.0,210546.703125
435864.5,282073.5
372631.8125,276510.09375
398056.8125,212393.90625
411197.8125,226397.90625
501449.6875,414416.90625
577268.625,280807.6875
304052.40625,39527.30078125
300332.59375,32737.099609375
322996.3125,78352.703125
370431.1875,17540.0
372398.59375,254706.203125
338294.6875,140460.09375
437301.40625,395093.0
352032.09375,236503.40625
320620.90625,156245.296875
383566.90625,233091.796875
329640.0,204912.203125
288564.8125,48995.1015625
323185.1875,16027.400390625
441685.1875,293997.40625
563957.125,275997.3125
313762.1875,100467.203125
378516.1875,249131.296875
359931.5,141225.90625
451335.59375,337851.1875
517303.8125,23570.5
505852.40625,408184.8125
307102.3125,16913.19921875
463964.59375,231064.703125
492362.3125,367394.59375
294043.09375,65697.0
522002.3125,219313.90625
329963.59375,129843.796875
467235.1875,413767.8125
423371.5,246549.40625
412042.6875,358325.59375
334528.3125,114226.703125
307530.09375,31752.30078125
531732.125,316767.59375
502653.59375,121957.703125
328648.40625,150604.296875
330434.59375,156694.09375
489490.3125,303588.6875
414131.59375,253770.5
324319.3125,197342.703125
377197.59375,244410.703125
303754.8125,36829.80078125
310711.40625,46476.30078125
529770.3125,311977.59375
568850.625,88620.3984375
387348.40625,249373.296875
334153.0,35209.19921875
376089.3125,272571.59375
376322.0,195403.0
393031.59375,275424.0
387646.5,26019.80078125
510792.3125,342420.59375
577653.8125,233015.5
423352.8125,256888.59375
337260.5,154219.5
310977.6875,25132.400390625
312190.59375,117709.5
325540.8125,174630.59375
429712.6875,331840.1875
468430.1875,367394.8125
289331.0,25135.900390625
519288.6875,217806.09375
504731.59375,308481.6875
286190.6875,14400.900390625
366646.3125,273101.59375
447522.59375,236953.59375
332257.1875,192545.09375
304398.09375,16865.19921875
269231.0,75070.796875
334978.09375,20388.5
343827.0,70935.796875
360321.40625,46673.80078125
321538.3125,36297.0
335358.8125,218018.203125
480505.09375,88037.703125
344896.5,109642.203125
314212.5,32251.0
427419.09375,384275.5
309276.40625,18922.80078125
291696.8125,16637.599609375
559169.3125,181352.40625
480721.1875,268388.90625
309397.1875,40184.19921875
289876.1875,41613.8984375
372590.09375,17216.80078125
345065.59375,185053.203125
577647.875,47192.30078125
439478.40625,346744.3125
297187.6875,18253.5
314092.59375,52346.5
467590.6875,318380.0
350267.8125,140855.296875
375351.90625,228449.296875
329285.0,200074.703125
488443.40625,223915.0
351668.09375,190013.90625
354785.09375,231536.90625
347357.59375,176264.703125
457653.90625,373365.8125
329073.90625,68531.296875
398964.09375,276963.0
335208.3125,117310.3984375
414125.0,238302.796875
435616.90625,255436.296875
405504.8125,255514.0
307019.3125,58855.0
455443.40625,344702.3125
316793.1875,17610.80078125
311224.5,212346.90625
322902.59375,106362.703125
312752.3125,28983.69921875
451796.09375,302969.8125
519933.59375,327000.1875
383286.1875,230974.59375
543082.0,396607.0
491233.59375,291629.0
345506.8125,206978.203125
339044.8125,140294.296875
291656.0,29813.80078125
522015.59375,268863.40625
410953.8125,294898.5
300356.8125,37961.5
279723.0,92213.203125
401301.3125,312780.59375
522257.8125,318959.59375
389483.8125,124504.8984375
404144.09375,320131.3125
305204.5,15311.900390625
373390.90625,310919.8125
313820.8125,33832.5
332339.90625,23219.80078125
416598.3125,169828.59375
572021.1875,94192.8984375
326651.8125,62324.8984375
351195.8125,213632.90625
324218.59375,101990.796875
305862.6875,40994.69921875
414001.6875,304482.59375
316186.59375,15191.099609375
506752.40625,347266.3125
280248.0,13757.7998046875
485724.3125,316605.09375
352767.90625,184618.796875
365502.0,249019.203125
320420.6875,19889.400390625
367246.8125,163556.09375
386257.59375,218804.296875
349143.6875,128009.203125
527497.0,266086.40625
316320.6875,47352.3984375
323359.09375,43478.6015625
435280.40625,309754.3125
444080.1875,336868.5
363934.90625,218953.703125
433532.3125,128235.796875
317877.1875,102631.703125
318185.59375,28392.599609375
258672.703125,13489.2998046875
325408.40625,119984.8984375
461651.90625,284258.6875
322680.6875,179389.796875
275374.3125,61493.19921875
586582.3125,197564.703125
471276.0,339546.0
316579.5,80025.296875
574116.6875,40309.30078125
416005.59375,306594.09375
339231.8125,16877.69921875
596010.6875,267321.5
446000.59375,331842.59375
361427.1875,191218.59375
544811.875,35019.3984375
547753.8125,205455.40625
316654.1875,15525.2001953125
455413.09375,294765.90625
302262.6875,48036.19921875
374874.59375,232461.203125
324204.6875,17066.69921875
360099.1875,217136.59375
430605.90625,251016.203125
386804.8125,249434.296875
514166.5,176264.296875
453197.59375,34135.1015625
290459.8125,20741.69921875
520322.6875,268146.90625
328388.59375,140582.703125
287378.59375,96430.8984375
310521.1875,90529.703125
286186.1875,22853.099609375
380223.3125,269068.40625
342012.3125,166072.296875
373131.59375,217925.59375
513166.1875,247079.40625
412814.3125,291453.09375
540729.625,310153.40625
532222.8125,337514.6875
298453.3125,117125.3984375
310729.5,32955.3984375
472679.90625,259243.796875
407797.5,262525.59375
478878.5,322114.09375
549573.6875,110831.1015625
467624.09375,354713.90625
541995.125,245967.09375
439315.3125,276118.6875
288138.0,39558.5
545008.625,172397.703125
352842.5,225884.796875
379104.90625,295551.1875
413479.3125,283726.8125
296653.6875,187642.703125
456470.1875,325747.3125
369594.3125,51532.69921875
366978.5,180835.296875
301629.09375,21689.30078125
374315.1875,258806.203125
506939.5,277370.8125
328288.6875,126744.0
350999.1875,189096.09375
410245.3125,297635.90625
580384.0,292492.6875
581099.0,232450.09375
448041.0,329952.40625
401974.40625,253347.09375
296207.5,42730.1015625
314722.1875,106274.6015625
338020.40625,107662.703125
340229.0,122273.1015625
282180.09375,217455.59375
372139.6875,252018.09375
450153.59375,330730.90625
526549.375,323557.6875
456664.3125,307306.3125
305215.1875,122607.203125
442161.5,343629.09375
584522.625,118854.1015625
541313.3125,125587.703125
449366.1875,344534.40625
330114.0,123254.0
403460.6875,345808.8125
369515.3125,211632.703125
315928.6875,160333.09375
364579.6875,159789.09375
430814.3125,295075.6875
428776.40625,286726.6875
433666.3125,325210.3125
326352.6875,121813.6015625
373696.59375,340893.40625
578653.8125,311163.8125
421710.59375,332976.59375
481324.8125,368044.6875
431403.6875,268190.5
319340.5,44661.0
563791.8125,142965.59375
364633.59375,191573.796875
350326.6875,119015.703125
486679.0,390376.8125
444395.59375,258912.59375
417220.8125,324014.6875
410083.6875,316930.5
329960.6875,116548.6015625
395873.3125,240333.90625
343957.40625,181382.703125
369869.5,19215.80078125
389698.5,251635.59375
452431.8125,243430.203125
327880.6875,194850.5
347920.6875,157747.703125
405084.3125,263051.90625
389318.1875,280086.1875
323543.59375,56985.6015625
379239.3125,281293.6875
326937.6875,92237.8984375
343191.5,156122.5
501514.5,188597.796875
431368.09375,250969.703125
346814.59375,127976.296875
367109.8125,184682.203125
486012.90625,334087.3125
328287.5,53391.8984375
301029.1875,16035.599609375
354139.8125,218124.40625
317881.3125,131213.703125
422927.8125,311681.40625
368462.40625,253573.296875
303742.3125,179762.09375
439290.90625,296398.8125
514928.40625,364538.6875
509359.40625,337357.3125
372185.1875,274220.6875
356171.1875,201077.09375
347768.5,130662.203125
311148.09375,188714.5
356180.6875,240844.203125
354921.1875,132421.90625
336645.40625,25148.900390625
305933.6875,145095.40625
312823.09375,20524.099609375
363788.90625,118043.296875
401897.8125,258947.296875
313659.59375,38768.69921875
349466.40625,170551.296875
264686.3125,122040.796875
412895.3125,264510.09375
299599.5,152299.796875
371449.1875,19046.30078125
357883.90625,175194.296875
311637.6875,59987.8984375
458518.90625,301150.1875
421825.0,306261.8125
393035.6875,264375.1875
463297.6875,278316.59375
539342.0,192365.703125
259891.703125,77527.296875
321276.09375,20970.900390625
320994.6875,44880.80078125
516035.3125,216783.40625
573576.125,58663.3984375
261153.40625,20587.900390625
310839.1875,141459.5
383868.1875,286262.6875
331356.40625,88574.296875
416067.40625,250627.296875
402633.1875,238107.296875
398238.6875,252041.40625
340245.3125,140057.40625
532059.875,55343.30078125
302376.59375,14715.2001953125
393988.90625,93296.796875
342605.1875,156808.90625
301628.1875,64904.3984375
274559.59375,78467.5
308569.6875,50020.6015625
587369.6875,42117.8984375
502114.5,281021.6875
396697.8125,312574.59375
470983.90625,329643.1875
300748.09375,103080.203125
319118.1875,129444.8984375
332992.90625,91261.203125
446026.6875,206809.09375
369242.8125,265783.3125
533252.875,304779.8125
453214.8125,275971.8125
376372.09375,191384.203125
511353.6875,353413.3125
323458.8125,193139.90625
451406.8125,346012.90625
578937.375,125470.796875
591406.3125,57035.80078125
510140.8125,209697.09375
495935.5,360507.8125
358256.90625,253072.703125
337086.40625,79123.703125
308536.90625,18078.30078125
453563.6875,316999.3125
416376.8125,278491.0
405954.1875,278093.6875
321578.3125,72299.6015625
298963.40625,16194.2998046875
249101.703125,42090.8984375
325331.6875,24478.400390625
427301.90625,222616.703125
564169.0,224232.796875
394275.90625,278468.1875
357453.8125,220783.796875
315799.8125,50925.6015625
308489.09375,142828.203125
373069.40625,211174.796875
335843.6875,126059.8984375
272853.90625,101724.203125
375918.6875,263877.59375
289844.5,16326.7001953125
476558.3125,324632.40625
422904.09375,231493.90625
315772.1875,48729.6015625
263483.40625,49137.30078125
372736.40625,243087.703125
489558.59375,231365.703125
540443.1875,330846.3125
253279.203125,30647.900390625
343433.3125,155819.59375
457540.8125,305590.90625
301287.3125,110198.296875
301161.1875,65640.796875
304613.1875,57480.69921875
281194.6875,16907.900390625
377543.6875,163822.203125
331393.3125,116700.296875
445577.8125,300342.59375
348848.8125,218926.5
321529.6875,53530.8984375
325428.1875,139657.5
313254.09375,30291.900390625
301207.90625,53487.69921875
319943.5,109191.5
309967.1875,109265.796875
500655.1875,78291.703125
307766.6875,78284.296875
535456.3125,367679.5
409203.1875,257534.5
490582.5,273695.6875
307086.6875,18592.69921875
257048.90625,41491.19921875
431772.90625,298939.3125
525662.6875,303893.6875
325249.1875,16024.7998046875
358598.5,213732.09375
349316.5,191461.09375
449903.59375,138570.203125
361819.0,168554.90625
360697.5,269008.8125
309639.5,89680.203125
303471.59375,98439.296875
484744.3125,322279.3125
521583.59375,287325.5
329340.09375,63826.8984375
526009.875,247848.703125
361249.0,220386.0
474502.40625,320066.3125
450306.0,284784.09375
312840.6875,62182.69921875
385121.3125,317409.09375
359703.8125,175276.296875
489430.3125,287090.5
489814.6875,280289.40625
501363.6875,329757.1875
390178.90625,261805.203125
295636.5,65612.5
453188.3125,328145.1875
337711.40625,106029.796875
361279.0,145526.09375
318914.1875,14613.7001953125
474054.6875,337442.6875
337529.3125,88607.6015625
559183.1875,291837.90625
258276.203125,189298.0
473599.0,318565.09375
442539.90625,314826.40625
451911.5,268818.40625
378873.5,284042.8125
436648.59375,305957.1875
483941.1875,310154.6875
476726.40625,237964.203125
321010.0,117709.5
254547.796875,105846.203125
403302.90625,201612.796875
374871.0,264592.59375
371286.1875,194528.203125
304210.6875,37085.3984375
305383.6875,35802.69921875
478950.3125,343959.09375
285121.59375,14598.7998046875
561177.3125,76075.296875
379499.3125,336152.09375
310837.8125,40236.5
448096.1875,253023.203125
528343.8125,229275.203125
306163.90625,46454.80078125
311867.0,15485.599609375
314421.6875,94022.703125
350448.1875,139327.40625
489349.8125,284018.09375
526815.1875,195904.40625
342733.1875,178553.0
488922.0,156814.40625
442115.09375,217834.703125
378529.09375,274076.90625
309278.59375,29058.19921875
442850.09375,340422.8125
313299.3125,42010.30078125
566252.125,85781.3984375
250550.203125,67438.203125
346414.40625,117894.203125
546829.0,303887.0
386030.0,326279.59375
328045.1875,99133.8984375
499020.1875,322151.1875
396245.3125,286200.3125
318005.09375,108811.3984375
349525.6875,179097.40625
324828.1875,145167.296875
419440.6875,291230.5
344966.1875,197945.90625
376144.59375,150588.40625
527352.375,211714.796875
339167.6875,161694.796875
440336.1875,295450.90625
298952.1875,14261.2001953125
375024.59375,184591.796875
519336.8125,387769.5
402061.1875,308119.40625
514907.6875,246413.0
478084.5,207251.09375
310650.0,136269.09375
496295.90625,322297.40625
399062.5,248980.296875
457550.5,258818.203125
456589.59375,329721.8125
313820.09375,57473.8984375
357183.3125,83918.796875
290831.09375,24771.400390625
296434.90625,21866.69921875
387311.1875,280580.1875
568627.8125,60066.19921875
410754.40625,287876.8125
427700.3125,362680.09375
440932.59375,104887.796875
476360.59375,269834.90625
317039.1875,80265.796875
341526.40625,101788.703125
343575.5,164967.0
314302.6875,53734.19921875
536332.125,267540.40625
501022.1875,39844.80078125
489191.1875,231795.5
339208.1875,141876.90625
349762.6875,101875.5
413020.59375,277617.90625
431798.5,312603.59375
374140.0,200228.59375
452283.09375,345996.1875
465659.0,380021.3125
246679.90625,16643.5
422261.90625,280960.1875
315269.6875,16116.7001953125
268893.90625,108631.203125
344171.5,145619.5
257133.796875,119947.6015625
507648.8125,291973.8125
397532.59375,240843.40625
396953.8125,135694.5
493587.40625,150463.203125
335721.40625,118634.796875
308745.0,25474.599609375
371219.1875,236944.90625
320282.6875,76965.703125
321676.3125,15735.7998046875
395597.3125,236526.0
500377.6875,306064.40625
360458.09375,196084.90625
406628.5,180885.09375
416068.5,299278.40625
366367.59375,151644.40625
523931.09375,209186.0
286202.5,233974.09375
310619.59375,112633.296875
507484.1875,360290.09375
440346.90625,316550.3125
484130.1875,275650.6875
308131.3125,71445.703125
280930.1875,136455.40625
476324.3125,388606.8125
431966.09375,272383.40625
538158.6875,323207.5
357047.3125,183415.09375
320176.1875,102386.703125
526665.6875,223855.59375
268688.3125,117539.703125
275962.3125,46614.0
505832.3125,284214.5
325712.90625,107151.5
472704.09375,234705.09375
345273.8125,158102.40625
397604.40625,254496.703125
308862.40625,14465.7998046875
544794.125,258428.796875
328836.0,208587.09375
322295.8125,90139.5
383791.0,259336.203125
340352.09375,183693.0
