Propidium Iodide PE-A,Alexa-647 APC-A
534869.3125,12453.400390625
244858.5,13007.599609375
531449.125,284296.59375
321874.0,62730.5
295717.09375,13144.599609375
240255.09375,6308.2001953125
307355.0,8457.599609375
293483.59375,8072.10009765625
551223.0,13149.5
276910.6875,59518.19921875
322848.09375,52909.1015625
547688.375,274770.09375
390842.6875,218226.09375
286471.5,6796.7001953125
570957.875,16397.69921875
305747.1875,17483.599609375
493699.8125,250052.90625
572482.5,14605.599609375
303858.59375,8133.60009765625
563707.5,18781.0
282203.1875,6107.2001953125
351428.09375,15133.7001953125
606133.5,16278.400390625
480277.3125,380511.90625
307084.09375,59555.1015625
301757.5,7634.0
264824.0,25677.099609375
317123.09375,12654.599609375
582989.0,14581.0
379598.6875,221350.203125
308933.09375,7526.60009765625
312661.0,9176.400390625
410985.6875,272760.59375
565216.5,12155.2001953125
302204.5,21383.0
385399.0,256461.203125
355119.90625,195660.703125
262979.3125,30315.900390625
429720.0,284223.59375
291983.09375,6100.10009765625
405888.09375,288707.59375
475615.5,253649.40625
580447.875,14455.099609375
294243.90625,12034.900390625
290565.8125,6389.39990234375
335119.5,65840.6015625
306691.09375,11694.599609375
312613.5,24773.0
303508.1875,6761.2001953125
425817.09375,285180.59375
516391.6875,399766.59375
290521.5,7011.2001953125
271235.0,4409.7001953125
311224.40625,9366.7001953125
395196.1875,11148.599609375
272123.8125,63107.1015625
359279.3125,21086.69921875
585636.5,15679.099609375
282592.59375,6221.60009765625
295223.0,154367.5
283323.6875,5151.7001953125
543374.125,276322.6875
589421.375,16687.099609375
457709.8125,354562.90625
447773.09375,202466.59375
510588.5,123658.0
279249.6875,27017.19921875
305341.09375,7086.7001953125
313382.5,195424.40625
453202.40625,178402.59375
366919.40625,191207.40625
307972.1875,8576.099609375
271140.0,11872.599609375
593770.625,12564.099609375
313890.0,98913.5
328310.09375,30711.099609375
442231.09375,305589.6875
331567.40625,101732.1015625
553934.375,334371.40625
567094.5,13668.2001953125
286342.5,23457.0
308986.5,57864.19921875
300756.3125,7094.89990234375
326977.0,142487.09375
346286.5,8626.5
497908.1875,285389.6875
444477.09375,309513.59375
297861.40625,5314.10009765625
458248.8125,333258.90625
578983.625,286585.09375
493216.09375,323068.09375
560007.625,294386.6875
307772.40625,12934.599609375
389054.40625,269410.90625
268302.90625,6562.7001953125
335590.8125,97857.3984375
391578.8125,16850.900390625
546132.0,9954.7001953125
313940.1875,10192.599609375
295754.40625,248076.40625
579624.875,16265.900390625
258409.90625,33403.0
429300.8125,11099.900390625
320931.8125,8837.400390625
286277.40625,55526.3984375
582773.8125,91427.3984375
311223.90625,8194.900390625
308447.40625,7407.7001953125
294772.3125,8742.400390625
409860.6875,10318.099609375
393641.6875,269157.90625
521193.0,342808.1875
323366.90625,67717.8984375
586734.375,12086.400390625
309981.90625,8231.2001953125
358011.3125,223002.40625
332038.1875,132778.90625
317554.3125,77048.8984375
596363.875,14336.900390625
501777.8125,361474.1875
581628.8125,214143.40625
577313.875,17557.900390625
320991.59375,117330.0
304475.3125,9433.400390625
409810.1875,246596.59375
358494.6875,249940.40625
354464.40625,183231.40625
417955.8125,236571.203125
316367.5,25511.19921875
551615.6875,11530.099609375
593388.8125,16085.400390625
269093.6875,8404.599609375
296984.1875,12299.400390625
272160.3125,13177.900390625
508785.90625,221498.40625
327690.3125,83807.203125
316529.8125,14267.900390625
368622.0,208399.203125
408651.90625,308492.90625
260342.40625,6079.89990234375
441210.09375,292838.5
531477.1875,320866.59375
348128.0,136534.796875
577590.5,14125.599609375
286965.6875,6524.39990234375
532914.3125,13956.400390625
298209.90625,13808.900390625
597459.3125,14896.7001953125
598476.375,16201.2001953125
369342.8125,152625.90625
583226.8125,14206.900390625
413857.40625,258398.90625
583235.3125,11007.2001953125
343050.0,114878.703125
490403.6875,409608.09375
284877.40625,239262.5
552433.6875,16499.099609375
329210.5,12489.2998046875
332016.0,47834.6015625
432282.40625,266165.1875
289238.3125,5892.89990234375
321778.6875,133420.09375
351952.1875,216234.90625
298989.8125,7828.39990234375
492484.40625,341525.40625
589163.3125,14466.2001953125
390295.3125,328843.40625
517843.5,205907.703125
516029.40625,239165.203125
495858.1875,259634.09375
337226.8125,112538.3984375
564942.3125,13222.400390625
269200.40625,6071.39990234375
280534.3125,6736.2001953125
438793.8125,267783.90625
474964.5,383229.6875
293558.6875,86968.1015625
480133.40625,287981.40625
339009.90625,126271.8984375
294017.09375,10981.5
593714.6875,13956.099609375
285269.1875,6966.60009765625
360643.90625,224900.703125
344460.1875,116858.1015625
573714.1875,16547.400390625
311689.40625,7882.2001953125
358472.8125,146522.90625
461269.6875,350775.59375
316559.6875,46751.8984375
462473.40625,13616.400390625
442993.3125,325181.6875
326850.3125,69727.3984375
523457.5,248324.203125
358229.6875,202244.09375
300477.90625,8637.400390625
251974.40625,18251.400390625
301125.90625,10511.0
458067.59375,289411.0
478727.90625,232029.703125
282591.3125,8784.400390625
584711.1875,13618.599609375
285923.1875,7664.39990234375
554277.8125,48616.3984375
314372.40625,7353.89990234375
589796.3125,14527.7001953125
587860.0,12468.2001953125
576979.6875,14684.099609375
534366.625,210181.0
450038.90625,310634.90625
426797.09375,308038.0
564613.375,12807.400390625
303843.0,8278.7001953125
311152.59375,10223.2998046875
290009.59375,7007.7001953125
300699.09375,7853.10009765625
522604.59375,213006.5
579780.375,14184.400390625
310550.40625,8721.7001953125
456945.09375,249376.5
317252.90625,24247.400390625
350864.5,13129.7001953125
345417.59375,142872.796875
568687.3125,13464.7001953125
309722.59375,32895.69921875
566304.625,73536.1015625
288443.8125,7255.0
383989.3125,113634.3984375
350230.6875,116290.5
252015.0,10070.2001953125
456429.09375,309117.40625
616321.375,18698.900390625
294544.59375,8177.5
251272.90625,6960.89990234375
584721.5,12731.7001953125
463009.40625,366974.6875
592253.3125,18162.69921875
321058.59375,16809.69921875
592072.5,17239.400390625
356788.09375,74603.6015625
308770.6875,16968.0
572056.5,14669.2001953125
306353.8125,7889.39990234375
315353.09375,140791.40625
299659.1875,75207.0
290500.0,7200.39990234375
283553.90625,153227.296875
454203.09375,244218.0
313000.09375,6834.0
326656.90625,16641.900390625
575878.0,271867.1875
579010.125,14855.2998046875
366723.3125,110324.703125
261542.09375,9739.7001953125
351856.09375,127348.6015625
401991.3125,21818.400390625
590963.0,14973.2001953125
474275.59375,314414.0
301132.90625,8601.900390625
578487.0,16991.19921875
256750.90625,5228.2001953125
340910.90625,127589.8984375
363496.0,177653.703125
266009.0,7107.89990234375
301903.09375,7003.10009765625
565212.625,12261.0
576163.875,12394.400390625
311296.40625,9627.2001953125
386095.3125,140810.703125
309543.09375,7233.2001953125
458821.5,259244.40625
342974.90625,154732.90625
468792.0,219301.203125
567661.875,18042.69921875
276907.59375,90924.796875
469387.09375,208384.203125
562466.0,20262.400390625
566991.125,287311.59375
443630.8125,374925.5
561327.3125,275860.40625
308230.5,49377.69921875
478396.1875,364626.5
564006.375,17352.099609375
494087.59375,307398.0
441500.90625,260603.40625
464982.8125,280997.09375
308160.8125,6953.7001953125
453599.59375,280586.1875
328616.40625,134845.40625
537215.3125,13172.7001953125
312014.09375,7951.7001953125
275448.0,5197.5
352706.0,173617.703125
273097.90625,6453.5
298935.59375,12433.599609375
460763.59375,281440.6875
449479.40625,353707.90625
329651.3125,56669.6015625
303022.8125,7557.2001953125
533273.125,311359.6875
578286.875,15021.900390625
445248.8125,343705.0
302397.09375,50813.19921875
593338.375,14862.7998046875
475606.6875,298907.6875
326268.6875,33649.1015625
316060.09375,12500.7001953125
270607.09375,125087.703125
268312.90625,6373.39990234375
584714.3125,16204.0
293736.09375,62160.19921875
558932.8125,283092.09375
326246.8125,100922.203125
355899.09375,122118.203125
333125.90625,11718.400390625
349006.3125,151055.0
560349.125,189423.703125
323487.8125,132874.703125
448424.90625,350777.8125
342624.1875,131456.703125
270761.8125,5967.89990234375
268154.3125,6198.60009765625
292212.8125,4745.2001953125
305771.3125,29548.099609375
283372.40625,5905.89990234375
602547.3125,14240.5
351302.09375,176394.203125
580056.3125,15582.7001953125
294927.90625,9471.2998046875
292162.6875,9763.7001953125
395793.8125,278389.40625
357676.1875,204288.09375
327693.59375,122731.703125
419358.0,253433.0
302013.5,6785.7001953125
262074.90625,6183.0
573822.5,301672.0
536050.125,305030.6875
276733.8125,5289.7001953125
473235.59375,328276.6875
432419.3125,278445.0
272677.8125,6153.2001953125
591621.875,13910.7998046875
308656.1875,60345.69921875
325921.8125,14266.400390625
307235.6875,42440.6015625
585253.625,18571.19921875
428110.0,247098.0
443458.0,303191.1875
517243.0,244846.0
295135.8125,113600.203125
307549.09375,36508.69921875
425354.90625,333505.90625
287400.09375,9417.2001953125
585691.3125,15266.2001953125
302144.6875,7324.7001953125
375424.8125,206809.40625
327315.6875,65035.1015625
579706.3125,12452.099609375
597341.8125,17529.69921875
606413.875,217021.90625
489039.8125,313345.1875
306014.09375,8083.2001953125
310710.40625,7961.39990234375
353934.8125,120415.0
294175.09375,19015.69921875
593843.3125,15913.900390625
559497.1875,287261.09375
260650.09375,6292.7001953125
293869.5,10151.5
568849.0,11082.7001953125
575185.8125,281031.09375
387923.09375,246984.203125
569592.375,13835.900390625
295336.8125,7792.5
436836.59375,189963.703125
579675.875,13974.7998046875
294804.1875,9605.7001953125
322541.8125,107706.8984375
570001.3125,13416.599609375
306701.8125,8112.2001953125
518730.59375,338212.6875
362285.40625,252120.90625
298531.09375,8201.7001953125
331445.8125,59568.19921875
325591.6875,59778.69921875
380660.8125,205071.40625
595669.1875,13890.599609375
268999.09375,6317.2001953125
583179.5,15225.5
320414.5,10844.2001953125
586189.375,17729.5
295544.90625,84205.296875
349678.90625,93368.6015625
308096.59375,6999.7998046875
289239.40625,6562.7001953125
272408.59375,6040.5
290394.6875,9751.2001953125
334681.3125,91498.296875
305012.3125,7125.89990234375
289423.1875,5777.89990234375
380779.5,231919.90625
300489.1875,5116.60009765625
298832.59375,7488.89990234375
390568.40625,122764.3984375
473709.1875,279018.09375
383917.6875,220774.09375
527865.875,183070.796875
300828.40625,6060.2001953125
601154.875,14322.099609375
329625.09375,61569.30078125
300985.40625,8783.7001953125
288448.09375,22118.0
316024.6875,33418.69921875
376311.8125,276230.3125
540402.375,289259.3125
306582.40625,9943.2001953125
318190.40625,225532.09375
372234.09375,249618.796875
282359.40625,6075.2001953125
271509.09375,6772.0
504904.1875,249189.703125
269234.8125,67238.796875
293416.3125,7547.39990234375
579545.875,277780.09375
378715.6875,193235.90625
552336.0,14383.400390625
399848.90625,252053.203125
458406.6875,291976.59375
597727.375,14785.400390625
348943.90625,182428.296875
537842.875,228561.09375
543119.625,195384.296875
543200.875,25024.30078125
564114.875,125581.203125
309093.90625,19814.599609375
304098.59375,85830.296875
309814.90625,7169.2001953125
393322.1875,301357.1875
303195.3125,8211.7998046875
581645.875,15270.099609375
390954.40625,237160.203125
306753.90625,9725.2998046875
491324.90625,333648.59375
246267.09375,6758.2998046875
409527.90625,257486.703125
497828.09375,284697.5
303221.6875,8763.7001953125
301996.3125,7166.2998046875
342153.0,121501.3984375
296733.1875,18387.099609375
272003.90625,7139.39990234375
342279.90625,13373.400390625
316405.6875,107343.1015625
442808.1875,308118.09375
392254.1875,235142.59375
422003.90625,231212.203125
465103.40625,280412.59375
240781.90625,5438.2998046875
459330.90625,265705.6875
450567.40625,254258.09375
265090.90625,8226.2001953125
379514.59375,125857.0
295037.90625,7918.10009765625
282326.59375,60335.80078125
301253.90625,6414.7001953125
319728.1875,47088.19921875
338169.3125,113867.296875
363394.8125,115401.8984375
557561.375,234258.09375
305379.1875,14154.400390625
450935.09375,15536.0
451987.1875,333781.1875
382157.3125,191036.296875
594857.875,14582.2998046875
314166.40625,18473.69921875
436634.90625,318366.1875
298165.90625,6334.2998046875
323323.90625,12480.599609375
596071.625,13304.7998046875
368921.40625,189375.703125
575497.875,15239.2001953125
402104.90625,198282.09375
283793.59375,46180.80078125
324217.40625,87149.703125
291002.8125,21984.80078125
285892.8125,58201.3984375
489115.40625,286643.09375
591086.1875,14176.900390625
301291.5,49636.3984375
340220.40625,130660.796875
362231.90625,150976.703125
539711.375,11857.599609375
296357.40625,24044.69921875
487039.59375,281826.0
313701.6875,7131.2001953125
315399.3125,59849.3984375
271339.90625,8867.599609375
309226.59375,9070.099609375
381671.6875,200176.09375
349910.5,215368.59375
419277.59375,229394.09375
265116.40625,9224.7998046875
490080.0,26525.0
433706.8125,266297.8125
337468.5,71678.3984375
308838.3125,6987.89990234375
331209.90625,12595.7001953125
438854.59375,307859.59375
420542.6875,294546.59375
307505.5,9523.099609375
511972.09375,13938.599609375
581788.375,12921.7998046875
327410.8125,14561.7001953125
412161.90625,287032.8125
328065.40625,61207.80078125
579988.0,12995.0
302761.5,7090.89990234375
290860.59375,4689.60009765625
302391.0,6710.10009765625
585209.625,15564.599609375
329566.6875,85167.8984375
353725.90625,9173.7998046875
392861.8125,218142.703125
261133.59375,172489.09375
284927.1875,6575.10009765625
317103.5,46470.1015625
548644.6875,310899.40625
565701.625,13295.599609375
306935.1875,7710.60009765625
591377.5,14575.599609375
353084.1875,120949.8984375
299335.40625,7353.7998046875
572107.8125,195753.203125
303733.40625,20855.80078125
589856.875,16302.2998046875
525437.0,182926.0
465378.3125,302774.40625
571787.3125,15929.7998046875
340862.90625,151533.703125
308543.90625,9389.900390625
589157.8125,15610.5
297920.1875,11241.2998046875
493091.59375,105480.6015625
399777.0,268766.09375
286642.09375,7159.10009765625
284052.6875,5747.89990234375
295756.40625,8506.2998046875
350660.40625,170782.796875
567488.8125,15594.2998046875
597768.125,15478.099609375
300774.1875,253859.09375
282495.09375,6201.10009765625
305078.59375,7281.60009765625
584731.6875,13477.599609375
279954.0,13372.599609375
569301.625,12576.099609375
485786.6875,249835.40625
282344.59375,5840.60009765625
556720.5,10272.599609375
312663.59375,32982.1015625
348890.6875,90551.8984375
265194.40625,7378.2998046875
530003.375,377425.8125
317622.59375,121640.6015625
256680.703125,12545.099609375
430405.59375,285735.59375
306663.6875,123706.8984375
274305.8125,7240.7001953125
292161.59375,8194.599609375
508857.5,286156.09375
301736.09375,8886.599609375
294314.1875,8174.39990234375
595689.875,18018.30078125
296156.3125,6692.2001953125
289445.40625,7482.2998046875
327522.40625,97965.796875
280722.5,7398.0
520796.3125,12576.400390625
301355.09375,7556.60009765625
403933.1875,182212.09375
513901.0,278057.09375
582831.625,15584.099609375
319745.1875,124014.3984375
357507.59375,141043.09375
262530.5,17595.099609375
308631.6875,17785.900390625
322980.90625,49014.30078125
392758.09375,163795.09375
283033.5,6198.10009765625
595822.625,16517.599609375
313155.1875,9142.400390625
564020.6875,15046.099609375
551339.0,352035.09375
304964.09375,7077.60009765625
304674.1875,32940.8984375
301019.3125,12932.2001953125
485405.90625,250060.296875
573255.125,14752.099609375
296205.6875,36689.1015625
298389.40625,7955.2998046875
266299.8125,7987.39990234375
338193.40625,92923.1015625
563713.3125,11504.7998046875
513611.3125,334277.3125
287070.6875,6117.7001953125
268386.3125,20126.30078125
462054.0,252458.40625
276101.8125,7045.2998046875
342285.3125,103896.296875
572054.375,14416.099609375
367199.8125,264219.8125
417824.3125,243041.796875
546090.3125,274275.3125
556308.375,290020.8125
311489.6875,8787.7001953125
569843.3125,15130.7998046875
397871.90625,257007.59375
293786.3125,6852.2998046875
280964.8125,5051.7998046875
276152.3125,7428.2998046875
558538.8125,9405.900390625
555670.8125,17709.30078125
575606.375,12760.7998046875
582421.1875,13803.2001953125
588918.5,11639.400390625
573207.5,15595.2001953125
326807.3125,26745.599609375
485628.1875,317979.0
281306.40625,6052.60009765625
273189.8125,9557.2998046875
587944.6875,12819.2001953125
598299.3125,13053.7998046875
246039.5,4057.39990234375
298816.3125,5179.39990234375
556656.3125,13114.2998046875
371077.3125,8565.7998046875
542836.375,10577.2998046875
311041.6875,13840.2001953125
388386.3125,229811.296875
580336.875,11953.099609375
571881.8125,15009.2998046875
393903.8125,284324.8125
324961.3125,217502.296875
305531.90625,11188.2998046875
588164.1875,14367.2001953125
303494.8125,10894.900390625
353248.90625,87117.1015625
577115.3125,13464.7998046875
570287.8125,15677.7998046875
500860.40625,15001.7998046875
314987.5,47494.69921875
325025.40625,76284.6015625
253436.796875,25520.30078125
572957.3125,13855.7998046875
561508.8125,14225.7998046875
387989.90625,252417.796875
363448.8125,237619.90625
469240.90625,344447.09375
570823.3125,12139.2998046875
582305.8125,16276.2998046875
573312.8125,14080.7998046875
591522.875,16121.7998046875
590477.6875,15611.2001953125
280385.3125,127532.296875
580613.5,14207.400390625
589787.6875,13533.5
352996.0,187405.296875
305757.3125,9282.400390625
294342.40625,74096.6015625
296563.8125,8807.2998046875
315623.3125,8759.2998046875
601979.3125,13865.7998046875
299225.0,6989.2001953125
390387.3125,272953.90625
552628.875,119065.6015625
459059.3125,332750.8125
315675.3125,201405.296875
306120.3125,7045.7998046875
312832.90625,8817.2998046875
519207.6875,9214.2001953125
317053.0,12114.400390625
581713.0,15174.2001953125
312921.1875,9713.5
303452.90625,12007.599609375
450182.8125,249396.796875
414834.8125,151412.296875
287720.3125,7344.89990234375
602762.8125,15778.2998046875
564564.8125,14710.7998046875
287522.90625,6048.2998046875
307757.6875,7885.7001953125
406479.8125,235320.796875
314360.5,10490.400390625
346432.5,91582.203125
591999.1875,16018.0
293303.1875,6868.60009765625
540430.375,12044.2001953125
293985.0,7488.2001953125
323001.1875,95722.5
279159.1875,5433.10009765625
255942.5,6760.2001953125
311233.59375,22182.599609375
313170.0,11173.2001953125
364784.0,128085.203125
428746.6875,318694.40625
376851.40625,193142.203125
304206.0,6966.2001953125
261100.203125,7909.0
559405.625,14596.900390625
304759.3125,14374.400390625
309659.59375,6201.39990234375
433382.1875,267608.1875
431288.5,253489.40625
345542.8125,255842.703125
566298.6875,13686.2001953125
308468.3125,6772.7001953125
565787.1875,14193.7998046875
316480.3125,9001.5
605139.0,14965.0
300993.59375,10326.0
368664.5,259665.5
398300.09375,289915.90625
564316.0,14557.900390625
516403.59375,269898.40625
440922.3125,284164.40625
322522.8125,20310.69921875
541026.1875,250972.90625
346392.59375,141014.90625
589316.375,11129.900390625
367347.09375,103115.796875
417876.3125,193309.5
584468.5,30785.0
362751.40625,157048.203125
302216.3125,53778.8984375
356218.6875,244798.703125
325046.59375,117346.8984375
307130.8125,19852.900390625
595010.0,13841.900390625
293627.8125,7275.2001953125
312136.1875,14421.7001953125
542890.3125,392037.6875
249733.59375,38513.3984375
299651.40625,8423.400390625
477294.59375,321798.3125
553005.3125,391890.5
566432.5,188216.0
279304.5,12507.0
318315.1875,70159.8984375
302039.8125,7962.39990234375
505432.6875,286060.90625
431359.09375,285740.90625
583130.1875,15407.2001953125
413335.8125,250815.703125
313306.6875,6984.89990234375
301684.6875,6901.7001953125
354788.90625,223128.90625
281674.59375,5616.7998046875
573132.3125,15024.5
268194.0,5883.5
324779.90625,10152.2001953125
248939.59375,14937.5
408321.5,275413.0
458850.40625,19688.900390625
563590.125,12778.900390625
299484.6875,7090.7001953125
475350.59375,341991.90625
373337.3125,182447.90625
535734.6875,249755.703125
554598.3125,12655.2001953125
288987.1875,9063.400390625
265949.6875,12852.2998046875
587861.125,20726.400390625
271588.40625,5572.89990234375
520871.59375,297376.8125
595859.3125,17863.0
556679.5,14053.5
298873.40625,7884.7001953125
467274.09375,294604.5
404689.0,10853.5
471326.40625,294840.40625
343566.6875,139736.40625
317010.3125,38320.3984375
292653.09375,10672.900390625
471140.8125,249749.40625
290585.0,19368.400390625
567552.3125,143238.40625
595350.1875,235399.703125
284190.0,6535.39990234375
592037.8125,14847.7001953125
314627.1875,10378.900390625
299371.8125,8209.7001953125
302051.6875,8363.400390625
592578.6875,13369.7998046875
438803.59375,273490.90625
406049.3125,265700.1875
467457.6875,124818.3984375
539227.6875,223136.203125
308179.6875,6801.89990234375
303347.09375,20235.400390625
391731.3125,27002.400390625
272733.0,45760.8984375
496983.8125,319230.6875
553857.6875,145356.703125
316618.3125,7603.2001953125
289714.0,6820.2001953125
474477.1875,15847.900390625
271634.1875,10420.7001953125
430595.09375,285257.40625
529638.5,32004.19921875
308317.6875,8047.2001953125
314553.6875,22238.80078125
439870.59375,294240.6875
302974.3125,9909.2998046875
333833.0,137584.59375
502770.5,11336.900390625
561158.5,13554.7001953125
285958.6875,5905.39990234375
465305.3125,259062.09375
265940.6875,6807.2001953125
567294.625,17549.400390625
370798.0,208248.703125
301176.1875,7917.89990234375
552039.125,12145.900390625
455654.5,6313.7001953125
293223.0,7328.2001953125
285485.1875,6835.2001953125
503819.3125,12278.099609375
392803.1875,288378.3125
562988.625,254417.703125
331937.0,67578.1015625
300656.5,7345.89990234375
471079.40625,286490.5
466133.3125,324035.59375
468335.09375,166160.5
533774.8125,262011.40625
323785.59375,12048.5
588463.1875,267417.09375
289835.6875,5534.2001953125
286297.6875,16818.69921875
296902.09375,7634.39990234375
593582.0,17247.69921875
581730.1875,12581.2998046875
286668.6875,5994.2001953125
596087.125,15194.400390625
283855.0,9487.2001953125
507079.5,343219.6875
308850.09375,6758.7001953125
481599.3125,336295.3125
606022.0,95627.203125
596991.1875,13793.900390625
368538.59375,10191.400390625
296307.5,8162.7001953125
284940.0,8166.2001953125
343998.5,141135.203125
587935.1875,13481.900390625
561051.8125,15606.599609375
372754.09375,223236.40625
524435.0,256681.203125
573714.1875,15933.7001953125
277794.8125,7217.10009765625
324894.1875,50004.80078125
335156.59375,98020.203125
341783.8125,170223.296875
279360.5,5301.10009765625
434339.3125,251051.90625
505419.8125,14895.599609375
466257.09375,277663.5
287550.8125,8031.39990234375
287520.0,6629.2001953125
348963.6875,100163.8984375
396300.8125,11486.599609375
367476.0,169688.703125
321768.5,12425.2001953125
335119.3125,104065.1015625
567448.6875,172804.796875
295282.8125,5741.2998046875
325155.5,73940.8984375
290281.90625,7211.0
287414.3125,27568.599609375
297466.8125,7188.60009765625
587517.1875,13859.2001953125
444785.5,10553.2001953125
275443.6875,6588.2001953125
448294.3125,307446.09375
320516.0,186296.59375
330662.0,163344.703125
287041.1875,5026.89990234375
488555.8125,209695.59375
253332.703125,8098.2001953125
608047.5,25901.19921875
542391.0,222585.703125
327479.1875,114015.703125
570164.5,12112.7001953125
535669.1875,307928.90625
586510.625,12644.900390625
272077.0,6836.7001953125
593454.0,15482.7001953125
499816.3125,269389.09375
579697.6875,12465.2998046875
566985.125,13242.2001953125
392795.3125,314345.3125
588193.5,14453.400390625
345082.3125,212996.40625
549547.3125,13185.099609375
508075.8125,239613.40625
271427.59375,8066.0
280379.5,6109.2001953125
453851.6875,253861.40625
388194.3125,270038.09375
285973.6875,7353.2001953125
303667.59375,7883.89990234375
338546.0,146559.203125
333782.0,104330.203125
285732.3125,7298.10009765625
275456.1875,6870.7001953125
286753.59375,7520.89990234375
300118.5,7678.2001953125
293416.5,26476.19921875
285886.1875,6206.7001953125
267104.8125,7176.60009765625
483318.1875,283983.8125
441377.59375,366706.1875
301343.0,6605.2001953125
602635.8125,217405.09375
467996.0,297685.6875
312089.0,54024.19921875
294980.5,9410.2001953125
304614.6875,6278.89990234375
368552.09375,158453.40625
294350.0,7951.7001953125
603282.6875,15130.2001953125
291622.8125,15441.099609375
302896.5,13088.099609375
319012.40625,10360.099609375
362082.6875,241464.703125
449344.8125,264912.8125
364836.0,112382.0
432910.6875,222985.90625
350192.59375,188211.296875
415062.3125,171849.203125
602564.5,177526.59375
566434.375,14783.599609375
335342.6875,124631.796875
407896.6875,264386.5
370461.3125,63770.19921875
393438.90625,248575.59375
548822.6875,127747.296875
362739.1875,223851.203125
293459.0,7859.5
315900.6875,64915.3984375
323744.1875,15974.5
589940.625,12850.7998046875
278531.6875,4726.7001953125
357470.6875,221030.90625
568976.8125,13181.2001953125
427579.5,201278.59375
274715.90625,9469.599609375
592657.6875,13355.7998046875
257289.90625,15139.7001953125
577445.6875,13412.5
377906.8125,11469.2001953125
581234.0,17817.599609375
487629.90625,244241.09375
334094.1875,77865.796875
271768.40625,5699.2001953125
276051.6875,7479.2001953125
261392.59375,4935.10009765625
496901.3125,317583.8125
292537.6875,6586.5
300289.3125,9914.7001953125
319502.6875,33067.80078125
299894.90625,8427.2001953125
519065.3125,359362.3125
503512.1875,252919.90625
306800.6875,7859.89990234375
480776.6875,237918.296875
561618.1875,249272.203125
564647.8125,13289.0
328191.0,76024.3984375
486928.8125,15020.2001953125
546365.375,13524.099609375
576457.375,13187.2001953125
476646.1875,322789.5
377552.3125,289280.6875
289397.0,7388.10009765625
591367.875,15494.599609375
385454.09375,290897.59375
599106.8125,16934.30078125
338563.0,125961.0
278315.6875,6367.39990234375
293770.59375,5790.2998046875
324860.1875,62687.0
292749.3125,6349.2001953125
595751.5,25855.099609375
259908.703125,11351.7998046875
376167.90625,217278.203125
601269.1875,13934.0
300378.8125,16459.69921875
554780.5,12555.599609375
399169.90625,256812.59375
486990.6875,362166.3125
346852.90625,142288.703125
284114.1875,5120.7001953125
594533.625,13020.599609375
277762.59375,7304.7998046875
519003.6875,277418.1875
513608.8125,203773.203125
331158.90625,102598.203125
358853.6875,206800.703125
318074.09375,15299.099609375
248087.296875,6200.2998046875
388093.6875,267728.0
426486.90625,237051.09375
572221.875,31776.69921875
305263.6875,11732.2001953125
287443.59375,7508.60009765625
597429.0,15212.0
595234.6875,31531.900390625
283987.1875,7097.5
286172.1875,15739.7001953125
564999.1875,272128.90625
392087.5,262431.09375
300060.1875,8002.7998046875
553161.375,184094.203125
283750.6875,5386.2001953125
289723.3125,19251.30078125
562952.8125,14143.7001953125
512791.0,152697.09375
574009.875,21107.69921875
256563.0,8953.0
379756.1875,234118.5
296286.1875,8969.7001953125
567316.1875,233222.40625
393695.6875,208840.796875
568303.1875,13453.2001953125
300558.1875,7739.5
305435.0,7050.60009765625
261042.90625,13764.599609375
311723.6875,9335.7998046875
551688.125,126648.1015625
305121.8125,9117.2998046875
382646.0,224731.0
555260.1875,11715.400390625
309509.6875,8781.0
325489.1875,16154.5
330490.3125,138074.203125
298386.1875,6737.2998046875
354503.40625,201779.703125
282698.6875,5853.2001953125
551055.8125,345549.8125
344762.5,139218.5
281079.1875,12754.400390625
307935.40625,30230.19921875
554810.125,13449.2001953125
595195.625,15755.7998046875
239816.5,6408.2001953125
556703.0,12345.099609375
598834.625,15054.7001953125
274956.09375,5729.2998046875
462684.40625,375958.8125
385695.8125,260734.5
262370.0,6785.7001953125
565063.3125,184556.59375
600565.375,13976.099609375
310417.59375,8117.89990234375
414615.6875,242285.40625
294408.0,9352.7001953125
561435.3125,10791.099609375
546902.5,330770.3125
396451.40625,278365.1875
571236.125,236744.203125
454463.40625,256176.296875
298289.3125,6379.0
438855.6875,246759.5
307745.40625,12025.2998046875
298767.6875,6878.5
585690.5,156146.703125
517208.8125,306112.09375
406862.90625,248119.59375
596031.625,14824.400390625
576191.1875,12711.900390625
303907.40625,7211.2001953125
572388.625,336892.1875
493216.3125,343311.0
430124.1875,246458.0
320603.59375,199393.703125
572455.125,12042.2998046875
297047.8125,6193.0
533666.1875,15178.5
606396.5,15589.2001953125
286988.3125,20864.099609375
333839.90625,103280.1015625
445059.09375,223948.40625
596426.6875,15959.400390625
534418.0,345659.6875
438331.0,262411.3125
397589.90625,279526.8125
581809.3125,16219.5
307072.6875,44475.5
347688.90625,121658.203125
529921.625,309514.6875
313343.90625,11782.7998046875
538314.6875,294734.5
419645.0,249740.203125
576089.375,162712.59375
591585.625,17324.400390625
561492.875,222333.703125
569048.625,15838.7001953125
405379.09375,288033.8125
274304.90625,46462.80078125
592785.875,15283.2001953125
443321.59375,290675.8125
584785.875,13517.7998046875
498882.1875,215200.0
366931.0,203400.703125
595077.3125,14348.599609375
296553.40625,10116.099609375
553446.125,164085.40625
307014.1875,10779.400390625
600332.5,13504.7001953125
302086.5,7277.60009765625
590411.3125,15904.099609375
344285.0,119431.796875
376731.3125,240766.796875
584791.625,12530.5
297942.5,17072.099609375
586061.5,14416.7001953125
336864.90625,120253.703125
297439.1875,7509.7998046875
413814.40625,278362.6875
337981.09375,88468.703125
521696.59375,283668.8125
592819.3125,13390.0
301164.59375,7180.7001953125
585456.625,9401.2998046875
303941.90625,7586.2998046875
575541.625,13329.400390625
449352.1875,9624.400390625
314072.0,44915.6015625
310561.0,8317.7998046875
546034.375,15891.7001953125
308611.59375,8386.2001953125
583945.625,15270.7998046875
495935.90625,7748.2998046875
573754.875,16729.69921875
319089.59375,11079.2998046875
591369.8125,14556.5
320607.6875,49087.5
527068.5,247885.703125
416626.59375,281476.90625
351044.1875,120466.8984375
296345.5,7789.7001953125
566422.3125,13049.599609375
515461.90625,12009.2001953125
280884.09375,5560.7001953125
535657.625,187200.796875
305319.6875,7446.5
579901.625,12971.2001953125
385356.1875,178131.703125
518967.6875,244261.296875
324514.40625,13760.2001953125
296428.09375,7917.60009765625
307914.0,65721.796875
441142.09375,315711.6875
295786.59375,6616.5
328986.0,100056.5
524549.6875,262349.8125
368279.40625,13483.2001953125
556624.5,13275.5
305039.6875,7053.0
528807.625,11517.7001953125
250472.703125,6062.2001953125
336485.6875,71101.296875
302189.90625,10735.7001953125
351079.09375,161514.09375
582625.125,16401.30078125
330087.09375,53213.19921875
519767.90625,277722.40625
448162.09375,344249.0
301039.0,237133.5
294045.6875,6986.0
324669.40625,10497.7001953125
423893.59375,11730.7001953125
279525.1875,9126.7001953125
595813.5,13290.5
296851.40625,7593.7001953125
394563.59375,169616.203125
267279.1875,92582.296875
440449.40625,299330.6875
302746.59375,7793.10009765625
302062.40625,6017.2001953125
599998.1875,15044.2001953125
356589.1875,13724.2998046875
501192.5,327303.5
304905.6875,49400.5
415055.09375,265037.1875
487339.6875,137425.796875
297838.40625,7784.7001953125
481851.59375,301242.09375
576940.5,206644.796875
275553.59375,6579.7001953125
297488.0,8031.0
322357.6875,65211.5
417201.90625,257375.203125
382255.09375,231113.203125
264147.6875,198541.203125
312973.6875,155178.5
316322.59375,7652.2001953125
472729.6875,282062.8125
288160.40625,5750.7001953125
281423.09375,11977.099609375
480198.5,272812.8125
415924.09375,7819.2998046875
275330.1875,6509.5
305720.40625,7720.2001953125
403253.59375,161741.703125
583188.6875,20387.19921875
297771.1875,8041.2998046875
296690.59375,6959.60009765625
528975.6875,206843.5
555784.375,12910.2001953125
302390.09375,7464.2001953125
601433.1875,17454.19921875
286779.1875,6254.7998046875
469377.0,92256.796875
593274.125,14577.7001953125
396417.90625,214340.90625
584817.1875,17783.0
355916.40625,212810.703125
302615.1875,24449.0
275144.09375,7421.2001953125
411914.6875,350587.6875
411426.59375,308584.59375
293424.0,15075.7998046875
321644.09375,140535.203125
279163.90625,35306.3984375
526466.5,297008.0
270070.1875,8190.0
298292.40625,8235.7001953125
296465.1875,7074.7001953125
555521.1875,13610.2998046875
493426.40625,35571.69921875
293366.0,7861.2998046875
326061.09375,49796.30078125
586911.125,102994.203125
313722.90625,27613.900390625
504398.09375,14494.5
304704.0,8119.39990234375
603592.6875,15929.2001953125
576351.625,10461.0
401571.5,268468.5
273603.1875,8082.5
484830.40625,295455.6875
574043.125,12905.2001953125
262815.6875,6725.2001953125
562515.1875,15253.2998046875
268885.6875,5565.7998046875
359483.59375,171702.0
397357.5,275120.6875
291380.1875,5371.5
342278.3125,187172.59375
307610.0,36874.80078125
289633.0,7016.2001953125
592495.5,33218.1015625
438355.59375,9894.400390625
309188.1875,10159.5
544014.8125,13239.2998046875
339846.0,121625.203125
438366.6875,287493.8125
297016.09375,6545.5
455323.0,239716.703125
396497.1875,257540.5
598186.3125,14342.599609375
593078.0,17671.19921875
415454.1875,214713.0
308462.8125,15536.099609375
546421.5,13907.7998046875
547566.0,13976.2001953125
291701.5,6731.60009765625
415128.6875,313701.8125
463787.09375,321389.5
563736.1875,10568.5
486967.6875,288187.3125
303384.5,8535.2001953125
595269.6875,14005.5
273553.0,140682.296875
460724.5,222578.703125
497671.5,256567.09375
438007.1875,272510.0
365868.0,127274.8984375
370247.8125,148194.796875
522365.0,269632.1875
422349.1875,275517.8125
307088.09375,8421.5
470622.0,321869.1875
356064.1875,198781.0
378824.8125,222919.09375
576881.5,81819.703125
299960.0,18572.599609375
275596.59375,6809.39990234375
594502.1875,14120.0
495054.6875,197404.296875
351946.3125,9322.599609375
573232.0,15057.7998046875
306151.09375,6512.5
432819.5,289389.1875
575781.8125,13403.599609375
410829.0,260916.296875
314437.0,19526.69921875
528313.5,315681.09375
379562.0,195987.90625
389491.1875,286705.3125
586128.125,13418.2998046875
295488.59375,8457.900390625
474222.0,11834.0
265091.90625,8072.2001953125
297751.5,8760.2001953125
301059.6875,9220.0
433489.5,294158.8125
481754.5,317113.6875
409302.5,288467.09375
321165.0,158947.40625
275199.1875,6658.7998046875
609335.1875,14338.5
300468.8125,8675.599609375
358065.5,236753.09375
315553.09375,9103.900390625
389375.6875,248564.0
263618.3125,5370.2998046875
353847.0,125286.703125
320995.6875,12946.7998046875
436351.0,243703.703125
489057.6875,365040.3125
540368.3125,19538.599609375
331335.5,117568.296875
594031.1875,14209.7998046875
310649.5,40683.19921875
349425.1875,249366.5
313274.3125,160252.09375
434995.5,343030.3125
292655.5,44117.69921875
330256.09375,32595.900390625
416937.0,292817.40625
469129.0,269270.1875
275768.1875,6428.7998046875
579453.0,14724.5
291645.90625,6177.2001953125
270202.6875,5993.7998046875
431278.59375,368585.0
311401.5,74897.703125
583299.6875,14383.0
395946.6875,33578.30078125
427074.59375,299485.5
481671.0,14836.7001953125
295713.1875,7496.0
570886.8125,25551.599609375
544385.0,17341.19921875
580963.0,17480.099609375
512228.6875,14707.0
430736.0,296452.90625
465275.8125,275171.3125
384909.0,271024.6875
357607.09375,171749.296875
344379.09375,126433.8984375
450648.40625,379852.1875
603925.875,16061.7001953125
495250.6875,287887.6875
580005.625,14109.5
302661.1875,14400.5
571510.1875,10244.2998046875
339449.3125,15825.099609375
551578.375,11939.2001953125
309197.59375,26718.80078125
350119.0,202779.296875
448519.8125,253203.90625
560901.875,276887.59375
540223.125,283008.90625
294698.40625,9227.099609375
300129.3125,6225.60009765625
305209.90625,10017.7001953125
281740.09375,35735.30078125
277823.40625,137757.703125
554125.6875,14955.2001953125
535376.375,256766.703125
304529.59375,7274.2998046875
468770.5,345163.09375
548482.375,339738.1875
595894.1875,20223.69921875
352998.8125,195327.40625
306857.1875,9083.900390625
410447.09375,257504.5
276801.09375,5572.0
586886.875,15215.599609375
575364.875,14121.099609375
279407.3125,4796.0
590666.375,14071.099609375
601554.1875,15049.2998046875
305904.40625,12502.2001953125
476011.40625,323109.09375
593225.1875,14554.2998046875
492758.8125,262702.59375
529565.375,268173.6875
326917.6875,160462.203125
309182.0,38742.80078125
258027.796875,19959.900390625
585365.6875,14284.900390625
366523.59375,189893.0
290614.40625,6868.60009765625
472196.8125,368625.09375
431535.09375,315285.3125
367337.40625,217059.703125
337811.1875,66283.203125
299022.8125,6869.89990234375
288067.09375,6470.0
317118.09375,89505.8984375
303366.8125,8830.0
309624.90625,7378.5
473583.8125,364611.0
598936.875,14180.099609375
578822.6875,12143.2998046875
494218.8125,11204.599609375
462692.59375,218348.796875
553551.875,13160.2001953125
459598.1875,309650.1875
468981.5,314572.3125
287986.8125,5632.39990234375
393728.1875,257957.40625
378122.09375,212124.5
299442.09375,9446.0
324284.1875,10546.7998046875
353383.3125,181665.59375
302692.90625,7276.2001953125
276119.0,13059.599609375
307302.90625,6912.2001953125
457935.0,347332.3125
313788.8125,136043.90625
303907.1875,8252.900390625
262436.09375,7544.5
614040.375,18172.099609375
555208.875,11985.7001953125
301239.09375,7635.2998046875
272030.90625,10251.099609375
586867.8125,14347.099609375
249547.59375,6382.2998046875
322059.0,138374.59375
290511.40625,5669.7001953125
327106.1875,53468.19921875
304027.6875,8307.400390625
313558.59375,10570.5
278846.90625,5867.60009765625
318452.09375,9312.400390625
304471.40625,9091.2001953125
288497.09375,7060.7998046875
352195.90625,215963.59375
284708.8125,7817.10009765625
318483.40625,91034.203125
477693.09375,343511.3125
265912.5,4908.60009765625
575146.875,12976.7001953125
575256.375,11972.099609375
307027.6875,8823.2998046875
580169.3125,14148.099609375
357873.90625,122695.703125
290890.59375,4899.2998046875
397536.0,295022.59375
528462.6875,310263.1875
601800.0,16834.80078125
362139.8125,182736.90625
330738.1875,64750.80078125
596167.375,16238.2001953125
246751.5,6775.60009765625
249721.40625,8061.7001953125
315069.90625,71085.6015625
285310.6875,5945.7998046875
309402.8125,10976.099609375
293487.90625,9964.7001953125
368570.59375,248156.296875
288626.40625,29070.19921875
343702.0,6455.7998046875
316192.0,13032.599609375
308894.40625,8771.099609375
491757.1875,302456.09375
576226.8125,14460.400390625
242810.59375,5717.7001953125
591003.5,12982.599609375
344184.5,182088.796875
434405.90625,287071.09375
567559.6875,13194.099609375
317682.3125,44437.8984375
530225.3125,324245.09375
257507.0,7124.60009765625
353092.90625,144861.59375
399574.6875,236627.09375
294542.5,6315.60009765625
288500.0,5959.7998046875
295679.40625,6527.10009765625
296246.59375,7681.60009765625
340997.1875,80828.6015625
543610.3125,13716.900390625
597630.625,16544.400390625
410519.8125,323866.59375
282393.5,5902.60009765625
308323.90625,9646.099609375
310389.3125,11708.900390625
295305.0,7058.10009765625
343379.5,127301.296875
299437.90625,56066.1015625
296854.6875,7318.60009765625
599362.3125,13424.900390625
578729.625,13716.2001953125
372267.09375,225348.40625
257813.296875,8590.099609375
586745.0,14644.2001953125
330892.09375,126570.703125
298109.40625,5963.60009765625
288602.59375,7526.10009765625
284897.8125,6344.89990234375
280922.09375,7100.7001953125
352541.09375,140678.703125
281648.59375,5208.89990234375
445565.0,193790.09375
318872.0,29304.30078125
524710.375,14602.599609375
277721.59375,5964.60009765625
379699.6875,156607.59375
390597.3125,286932.90625
580755.625,16609.69921875
301277.59375,5793.89990234375
300761.8125,9634.099609375
302796.0,8688.7001953125
591575.0,13601.7998046875
559559.875,12476.599609375
378166.1875,101868.1015625
429529.59375,260125.203125
294099.09375,4498.7001953125
385774.5,249871.59375
390805.90625,187163.09375
312288.59375,53370.1015625
326686.3125,98885.3984375
345967.0,149018.796875
576744.875,261693.59375
478055.09375,240983.09375
261504.703125,29456.099609375
579828.3125,14516.900390625
609272.125,16106.400390625
577617.8125,14872.599609375
294321.0,6697.7998046875
596343.375,171352.09375
294069.59375,6390.60009765625
309769.1875,7065.10009765625
326611.8125,109082.3984375
567408.625,14476.7001953125
408135.59375,268662.1875
284947.09375,9095.900390625
311877.5,9301.2998046875
531059.375,10237.599609375
417260.3125,325582.40625
262475.09375,7765.2001953125
590053.125,30402.69921875
300187.5,7983.60009765625
506742.5,329558.8125
546194.625,121332.6015625
535812.125,378181.1875
328256.09375,92263.703125
589444.625,15492.7001953125
571449.125,25339.19921875
300112.6875,12439.400390625
533280.1875,360213.6875
299958.1875,15523.7998046875
301275.8125,6823.7998046875
298875.3125,12444.7001953125
590671.6875,14634.400390625
303115.6875,6683.7998046875
555746.8125,91223.703125
529833.375,14324.7001953125
543657.6875,332449.3125
301484.09375,8776.5
563456.3125,11175.2998046875
476915.8125,314186.1875
264642.6875,6292.7998046875
293158.3125,7324.7998046875
528642.8125,279882.1875
520859.40625,365304.1875
314520.40625,67202.203125
257580.703125,5818.2001953125
494482.1875,423674.3125
386641.3125,221888.296875
272381.8125,6153.7001953125
288092.90625,34948.19921875
302339.40625,19726.19921875
598071.6875,13094.900390625
499962.6875,366580.1875
291441.1875,5848.7998046875
301106.09375,6509.0
421275.8125,312644.3125
267774.8125,72519.703125
309243.90625,10574.2001953125
451193.6875,322609.09375
256672.09375,6128.0
543364.125,9009.5
312180.09375,12149.5
251005.796875,6618.2998046875
374979.40625,173243.203125
543471.875,383453.1875
539014.1875,14417.599609375
251233.59375,144568.0
284363.8125,6208.39990234375
315815.0,42712.0
398759.6875,13289.2001953125
531508.125,234383.5
264884.3125,126709.203125
305183.6875,8259.7001953125
560186.6875,385510.3125
569005.125,149718.5
294665.3125,7015.7001953125
328419.40625,12969.7001953125
386218.90625,145312.203125
594640.1875,15588.599609375
256288.90625,7692.5
570553.125,15922.0
558128.3125,275071.90625
516448.6875,13363.7001953125
269397.6875,5706.7998046875
322977.59375,106620.5
506722.8125,360177.6875
504967.1875,11596.400390625
544173.6875,13626.7001953125
402157.6875,325632.3125
300075.09375,7962.7001953125
542705.5,293154.1875
307773.3125,6030.7001953125
320079.3125,9280.099609375
315109.59375,54459.19921875
327142.8125,125646.1015625
501019.3125,312157.1875
295498.8125,7477.60009765625
380571.3125,165293.703125
305214.59375,6516.2001953125
441467.8125,268353.0
312512.59375,196431.203125
406643.0,317148.6875
572490.1875,12687.7001953125
528470.8125,326036.1875
589397.625,13166.7001953125
328834.3125,15751.0
304116.0,6305.7001953125
290511.1875,12826.099609375
372971.09375,231799.40625
300492.90625,6641.89990234375
274521.09375,12574.2001953125
274111.5,27984.69921875
420020.3125,215017.59375
255055.703125,6746.2001953125
259165.0,7926.7001953125
268139.09375,5648.7001953125
289359.8125,26922.0
297862.5,42193.69921875
326404.5,60176.8984375
466417.59375,345414.1875
594905.8125,15398.2001953125
586695.3125,132805.09375
381111.5,241527.203125
316504.8125,103750.703125
599035.625,13997.2001953125
294719.3125,8125.5
312395.0,24575.900390625
483481.6875,197030.09375
323397.59375,82285.703125
315647.5,6776.2001953125
250039.796875,7196.7001953125
276526.5,9679.7001953125
274278.09375,5832.2001953125
509382.8125,305299.5
354823.5,182368.703125
293012.0,72269.3984375
537676.125,14776.900390625
573196.3125,12043.5
265479.59375,5170.5
287941.90625,5749.7001953125
313137.8125,13153.400390625
573243.5,28392.0
604571.5,14130.099609375
265515.40625,6041.60009765625
287806.1875,8184.60009765625
299035.90625,7247.2001953125
447913.0,355891.5
319834.8125,51742.3984375
279768.59375,7718.0
587167.5,12946.5
295234.3125,7091.39990234375
292048.0,8115.0
333252.09375,84051.5
568920.875,13485.2001953125
330835.0,142984.5
306229.3125,7039.39990234375
329898.5,87571.0
304337.40625,10449.2001953125
299096.8125,7446.5
289014.09375,5767.0
292242.40625,8090.2001953125
342757.5,229438.5
243162.796875,5764.89990234375
546728.875,14589.2001953125
330084.5,104701.6015625
305926.90625,16897.599609375
438631.1875,260731.09375
312083.8125,55024.8984375
320097.59375,41618.5
311799.90625,11515.2001953125
567950.0,14365.0
399771.09375,269148.5
395552.40625,223113.703125
584262.375,14687.099609375
316466.8125,113935.3984375
584871.8125,13926.7998046875
542381.375,11421.599609375
585272.125,12444.0
286047.3125,112604.3984375
291473.5,8037.0
533104.375,12337.7001953125
569185.0,12832.099609375
362705.1875,192620.59375
312945.59375,12322.2001953125
341189.59375,165109.5
346857.0,9127.099609375
272158.3125,6518.7998046875
319900.90625,38824.1015625
378061.5,244024.90625
292492.59375,6100.10009765625
482426.40625,282493.1875
490166.3125,286250.3125
281790.90625,6907.10009765625
290292.59375,17271.30078125
561149.8125,206458.0
557277.375,121230.203125
453428.3125,327483.0
519220.59375,241396.5
567046.875,11835.2001953125
377649.5,276996.5
259815.796875,55741.8984375
422995.5,242550.0
490333.90625,13817.2001953125
482176.0,354309.59375
305832.40625,8244.099609375
297959.6875,6012.60009765625
355614.59375,162741.203125
303620.59375,9262.0
313638.8125,7520.0
552934.125,20713.0
280194.40625,6429.2001953125
351061.3125,157475.40625
326068.09375,115301.5
305027.3125,42533.3984375
290584.0,5636.0
311913.90625,9001.2001953125
378545.40625,252508.09375
355888.6875,232306.59375
568161.625,13418.2001953125
549725.0,35972.6015625
349140.3125,223029.90625
468384.3125,311202.8125
445874.0,292412.90625
289582.59375,9193.099609375
538389.8125,217150.796875
537660.125,203812.0
296973.90625,5907.2001953125
298375.5,7756.5
543898.6875,225520.09375
535724.0,14383.400390625
331274.8125,102932.796875
377700.40625,217212.09375
285986.5,33402.30078125
410667.3125,248060.5
303553.09375,10923.0
267969.09375,6847.89990234375
307396.5,12360.400390625
301666.90625,9812.2001953125
324246.40625,185838.703125
308946.6875,56967.6015625
584517.5,67517.3984375
588882.8125,11887.7001953125
330152.5,175346.296875
258938.09375,5146.0
519626.90625,259106.703125
325489.09375,50871.3984375
586625.125,15934.7998046875
489323.8125,234435.796875
311559.90625,7328.10009765625
428692.40625,308804.6875
493931.0,315197.5
263139.8125,9982.2998046875
310431.90625,9726.7001953125
352541.0,253218.5
594014.1875,15999.099609375
361478.0,154393.90625
342097.09375,9239.099609375
366054.8125,214783.703125
315660.90625,122139.6015625
550313.625,13169.900390625
309951.90625,6735.7001953125
301573.0,6707.5
618618.6875,21593.099609375
315396.0,67406.8984375
355654.59375,199009.59375
320040.8125,80313.796875
298253.90625,7492.10009765625
421471.40625,283388.6875
297490.0,8076.5
425303.5,313891.90625
472451.09375,288762.59375
509735.3125,300387.8125
551800.375,34068.6015625
311522.90625,42576.19921875
401810.0,265873.0
246342.703125,4897.60009765625
383062.90625,235088.09375
405777.40625,293395.6875
301612.5,22980.0
310859.6875,8747.599609375
318421.59375,15470.599609375
587451.875,14250.2001953125
458202.0,327354.0
337653.6875,87627.6015625
396084.40625,286993.6875
320519.0,86757.0
559838.6875,16664.099609375
450590.59375,13289.099609375
375388.8125,25657.80078125
457659.3125,342232.6875
280533.40625,7325.10009765625
290607.0,4401.2998046875
284413.8125,7430.0
370147.5,273089.5
521491.0,327010.90625
587389.125,14252.099609375
454243.8125,193425.296875
299887.8125,7342.7001953125
366128.90625,219641.09375
303259.8125,11350.0
561706.875,16446.19921875
349476.5,121277.0
303717.6875,6666.60009765625
590675.0,15162.900390625
459066.3125,364553.8125
357584.40625,197313.09375
514041.90625,66085.703125
556953.375,10664.2001953125
519586.5,14138.0
505442.0,330461.90625
559021.625,196029.59375
324615.3125,13170.7998046875
305300.8125,36019.69921875
300213.90625,7687.60009765625
393791.5,244976.796875
518586.3125,13770.0
389007.59375,244740.0
564035.625,157403.0
381226.1875,188985.59375
535317.8125,331958.3125
470440.09375,299777.0
310137.3125,76147.296875
594866.1875,13532.099609375
613061.6875,19913.0
286204.40625,7094.7001953125
314471.5,87693.6015625
546574.375,287860.1875
558368.5,13944.900390625
525467.8125,277637.90625
265271.6875,7095.10009765625
531711.3125,17323.19921875
294662.1875,6493.60009765625
599775.5,16292.099609375
290980.90625,6261.10009765625
574016.125,12514.2001953125
280818.5,44086.8984375
281333.3125,5515.10009765625
298541.90625,7291.5
308773.5,11649.099609375
528071.8125,218257.796875
507810.09375,332222.8125
295131.8125,6897.2998046875
477240.59375,359221.8125
315906.1875,16086.0
497801.3125,246731.796875
497935.40625,118902.703125
256812.5,6098.60009765625
320028.09375,93468.3984375
461999.40625,281067.1875
557032.5,15022.599609375
381138.6875,25244.599609375
491742.3125,318397.6875
291609.1875,9075.599609375
404440.59375,207848.5
292717.09375,7774.2998046875
377431.8125,227766.796875
581905.6875,15238.099609375
359746.8125,100772.796875
289147.1875,6606.10009765625
299931.1875,47834.0
591087.875,15627.7001953125
554995.5,12418.599609375
292678.59375,6501.89990234375
301435.90625,25252.19921875
580838.3125,11936.900390625
582659.0,102372.1015625
582327.1875,12746.599609375
577628.8125,14909.2001953125
313751.1875,10246.599609375
359229.3125,165758.296875
469271.1875,393265.0
403047.8125,279600.3125
304862.8125,5305.7998046875
345476.90625,147927.703125
449146.5,291002.09375
591289.125,12686.900390625
287984.90625,5014.7001953125
544602.125,269925.0
259192.09375,9742.2998046875
291034.8125,7330.7998046875
284075.09375,7253.5
364597.8125,196105.296875
326990.6875,91452.1015625
309830.1875,22409.0
576217.8125,51861.30078125
309212.90625,8132.7001953125
436575.5,292381.59375
307409.09375,15633.400390625
336902.90625,164996.703125
285707.3125,7512.89990234375
282929.0,11036.599609375
308688.6875,238171.09375
593317.625,15833.0
416971.6875,222058.5
487596.40625,209179.703125
407308.5,268530.09375
324032.59375,135918.90625
299060.90625,5146.7001953125
437190.8125,140319.40625
297890.6875,5136.60009765625
592869.8125,13718.7001953125
347098.1875,69293.6015625
336243.5,171181.59375
296240.3125,10398.099609375
382907.59375,174827.5
538610.125,26765.30078125
338763.3125,88371.796875
348249.59375,156959.90625
342310.90625,34628.19921875
562537.5,13510.900390625
284178.09375,6420.0
561833.125,17011.80078125
548167.3125,201122.296875
435391.8125,221583.296875
283458.90625,9241.2998046875
287724.1875,8125.39990234375
565647.0,10700.2001953125
564470.875,13826.099609375
295466.6875,7020.2998046875
438403.90625,206231.796875
491671.09375,13742.7998046875
293280.3125,13506.2998046875
459558.40625,301013.8125
249899.59375,54298.80078125
586845.6875,12539.400390625
379921.5,154477.203125
281538.8125,5583.89990234375
323939.6875,87443.796875
387800.3125,288344.3125
275599.40625,7271.2998046875
266780.8125,33167.30078125
512036.40625,257390.796875
330439.59375,81448.796875
349019.6875,211878.40625
558073.0,13856.7001953125
611720.625,12943.099609375
310200.3125,14517.400390625
368613.90625,235220.59375
570884.1875,13037.7998046875
599588.375,18529.599609375
288871.6875,6686.10009765625
510164.09375,289154.40625
295413.8125,8659.099609375
575865.3125,15294.7998046875
267803.90625,14431.2998046875
421484.59375,344231.3125
564608.1875,13207.900390625
594971.5,65923.203125
583143.3125,38223.3984375
426295.40625,10110.099609375
529083.1875,339876.3125
325352.8125,106182.296875
442863.40625,285279.3125
302463.09375,8359.2998046875
314386.1875,10588.900390625
536360.5,12749.7001953125
311443.09375,41364.80078125
294361.1875,13948.400390625
286220.59375,69590.6015625
317459.3125,32546.400390625
543111.375,11579.099609375
556723.6875,236998.796875
581255.5,13554.2001953125
333556.40625,110390.796875
281841.3125,4414.2998046875
364528.59375,232755.796875
340185.6875,157634.40625
298483.6875,6937.2998046875
289097.5,5673.2001953125
292474.90625,8740.7998046875
328470.09375,110040.296875
310936.1875,13779.400390625
571312.8125,9035.2998046875
356693.40625,256761.796875
276416.59375,5616.2998046875
297995.59375,6889.10009765625
401021.3125,283553.90625
359458.40625,274453.09375
394428.0,207086.703125
392099.1875,250450.09375
276633.09375,65996.3984375
415245.3125,213318.296875
569496.875,12807.2998046875
302257.09375,6504.2998046875
368109.5,192801.203125
269402.8125,49093.3984375
454793.90625,263834.09375
503224.40625,366062.59375
311446.3125,11766.7998046875
593059.375,13846.2998046875
304122.09375,6824.7998046875
528291.1875,237256.40625
576756.3125,11604.400390625
332143.90625,77915.296875
559034.625,12923.7998046875
404410.0,268407.1875
298618.09375,10247.099609375
556212.6875,15845.7001953125
469778.40625,255283.09375
303575.6875,6836.39990234375
315549.40625,8745.400390625
303023.3125,50724.5
531640.5,318776.0
569802.1875,247014.296875
270385.5,4498.2998046875
562576.6875,45794.8984375
287089.09375,10535.900390625
286288.5,7983.5
573356.125,259537.59375
332187.6875,184366.203125
470741.90625,305647.09375
560424.1875,234852.40625
305993.59375,7323.89990234375
571042.875,15381.400390625
570117.1875,14893.7001953125
455922.90625,201506.59375
301304.09375,7501.89990234375
470927.90625,278222.90625
592649.8125,15094.0
276169.8125,7406.5
322455.0,74582.8984375
297571.40625,31288.5
279264.0,5796.0
496030.59375,12381.099609375
526038.0,17207.0
262655.1875,7635.7001953125
293363.90625,7108.10009765625
576449.6875,12801.400390625
286197.40625,5575.89990234375
569016.3125,129835.5
557679.5,10820.400390625
425006.40625,271850.5
587030.5,13568.5
313394.0,10144.5
489583.40625,246745.09375
549185.1875,232486.40625
509230.0,313279.0
298096.59375,78661.1015625
280748.09375,7203.10009765625
343976.90625,176369.09375
581712.1875,14652.900390625
433395.59375,253983.90625
436539.59375,276255.09375
333588.6875,132994.90625
309597.40625,11699.400390625
304164.8125,7811.5
352572.0,194131.0
301961.59375,75837.1015625
324909.1875,95017.703125
329423.1875,177244.40625
329998.59375,128813.3984375
295160.8125,7934.5
313931.09375,100346.6015625
502618.1875,279582.1875
537419.6875,13171.400390625
252989.296875,6076.0
391920.8125,262119.5
302031.59375,70594.6015625
313358.1875,77718.703125
490495.90625,214133.59375
253838.09375,4870.39990234375
376871.90625,321117.90625
312188.8125,30174.5
338467.0,13940.400390625
577040.375,13697.0
414304.5,253093.0
338688.6875,12134.7001953125
300893.90625,5756.60009765625
565957.1875,11936.900390625
334524.09375,15711.099609375
414701.6875,247946.203125
549183.875,242937.59375
292100.6875,9045.400390625
437754.59375,265607.90625
305873.6875,7199.2001953125
517700.40625,74420.6015625
287546.6875,7532.89990234375
288276.3125,6281.5
300128.0,28279.0
241759.09375,6471.60009765625
433216.6875,196693.703125
529562.875,11925.099609375
462460.90625,314683.90625
326925.0,181306.90625
307649.09375,8414.7998046875
578245.875,14666.599609375
351367.0,118760.703125
305593.59375,6454.0
443440.59375,304597.3125
280669.40625,10370.599609375
427950.5,315511.1875
472716.3125,368230.59375
262400.90625,5772.7001953125
543169.875,331937.59375
487760.0,13491.5
302872.90625,11233.2001953125
602457.625,14053.5
372627.09375,204900.796875
258142.0,5421.2001953125
297655.09375,7289.5
435937.3125,273498.09375
295525.90625,7995.7001953125
324579.0,160015.203125
305388.59375,6727.5
539563.375,360536.0
306382.09375,6201.2998046875
575680.5,13039.0
391192.5,209898.703125
589297.625,14423.5
417736.40625,267356.6875
570306.125,348321.3125
381080.90625,11929.099609375
292890.5,6761.2001953125
306189.59375,12532.5
507203.8125,288073.59375
584335.3125,16797.900390625
306088.40625,7839.5
375205.40625,171909.59375
292293.40625,8569.2001953125
246412.59375,6346.5
580459.1875,12890.2998046875
444623.8125,265232.5
318603.09375,109659.796875
286133.90625,6961.7001953125
322403.8125,32707.400390625
287264.40625,6287.10009765625
327338.09375,95907.796875
563435.0,13327.2001953125
296919.09375,6951.0
596237.3125,14902.099609375
284562.90625,6641.2001953125
358319.8125,11415.900390625
592400.875,14817.0
476863.40625,276734.09375
578236.125,11432.7998046875
299926.5,16547.0
297115.90625,6995.10009765625
583782.5,11414.7001953125
561505.375,12078.7001953125
338455.40625,75180.6015625
470528.0,333272.0
314863.90625,13096.099609375
342087.5,261892.203125
318563.59375,12251.0
427430.8125,300221.59375
251830.90625,6208.2001953125
302878.59375,6818.2998046875
308472.1875,9571.7998046875
432965.40625,339861.59375
577700.5,11784.2001953125
498086.59375,359491.0
319922.90625,11823.7001953125
317805.40625,22685.0
313389.59375,94626.296875
575719.375,14764.2001953125
390714.8125,258947.90625
456546.40625,310720.5
379947.09375,197342.796875
316540.5,42632.69921875
432997.8125,304414.09375
558212.8125,108139.3984375
318396.90625,7791.10009765625
288623.59375,6658.7998046875
318165.5,7032.5
287558.09375,5312.5
578024.625,13694.7998046875
296457.90625,7411.10009765625
436879.5,274514.6875
335372.3125,68126.6015625
302178.3125,26354.900390625
321864.40625,68027.0
590829.125,12050.7998046875
594669.375,15395.7001953125
582656.8125,14214.099609375
270489.5,6270.39990234375
360988.59375,30937.599609375
506438.09375,236742.40625
377265.3125,286929.59375
292621.0,11764.400390625
345805.09375,146200.59375
292179.40625,10416.599609375
565285.8125,57295.6015625
585097.125,15573.099609375
378445.09375,252783.90625
588007.625,16355.5
533941.875,235372.09375
293708.8125,6840.5
272853.0,5764.0
297706.59375,5972.0
291779.8125,8905.099609375
313940.5,69603.3984375
329866.09375,27390.099609375
309787.09375,8899.400390625
297666.09375,6667.39990234375
329304.59375,95523.5
288392.40625,7425.10009765625
305669.59375,9600.900390625
390477.8125,280193.5
327488.0,87916.5
601450.125,16374.5
247842.5,7136.2001953125
379371.8125,23419.599609375
335024.09375,101281.1015625
321420.59375,82349.5
304595.09375,6714.89990234375
345496.0,8122.0
524462.5,429775.40625
361833.59375,171116.90625
298277.59375,9434.5
287936.59375,6642.39990234375
595078.5,12001.5
576711.625,15894.0
580353.0,15035.2001953125
377992.59375,243888.5
375259.40625,124753.1015625
323818.59375,113248.8984375
308889.3125,25593.599609375
584932.0,17264.400390625
336598.09375,76735.6015625
268938.09375,5197.39990234375
295622.59375,6990.5
279765.40625,6024.60009765625
330435.8125,115176.6015625
276058.59375,7310.60009765625
476714.59375,12398.900390625
259605.09375,7086.5
305657.5,6545.39990234375
383066.09375,252129.59375
296570.59375,8113.89990234375
316696.40625,9257.599609375
316233.09375,10998.900390625
561116.3125,12981.599609375
560114.625,14801.900390625
566272.5,13901.400390625
265444.09375,79354.3984375
363768.8125,174784.59375
271198.5,7580.89990234375
323229.09375,100261.6015625
395454.09375,280477.90625
309872.59375,8508.5
446007.40625,369587.09375
440857.09375,12949.400390625
369528.3125,160664.5
547674.0,66505.5
281924.8125,7995.60009765625
487041.5,15278.900390625
402223.09375,239893.59375
577711.125,13152.900390625
314620.0,9917.0
305581.09375,81493.5
279152.1875,84247.8984375
545357.375,343034.90625
344541.40625,228863.296875
401136.8125,187694.40625
407147.5,307385.0
393933.09375,201070.09375
255651.703125,6304.39990234375
297774.6875,10490.900390625
323317.40625,29859.80078125
354474.3125,188842.5
598484.6875,17263.69921875
608387.0,16835.5
326017.59375,7984.10009765625
259617.90625,8192.400390625
404894.40625,255298.296875
586319.3125,13848.0
531427.1875,13189.2001953125
297306.59375,66598.8984375
279662.8125,14748.400390625
287725.0,11345.0
272248.59375,5886.60009765625
385956.6875,212696.90625
565584.6875,305219.90625
368620.90625,207626.90625
539345.375,11037.2998046875
595315.8125,15166.5
561622.1875,137496.40625
587557.375,13634.900390625
295312.8125,6756.5
515096.3125,288608.90625
304957.0,7052.0
310677.09375,6794.60009765625
416674.6875,209304.40625
420992.90625,325330.5
292770.6875,7176.39990234375
280397.90625,6429.89990234375
449387.09375,279078.90625
293103.8125,8302.400390625
275692.0,7096.5
468777.59375,345698.59375
366077.6875,212841.40625
308726.40625,7322.0
280606.09375,7943.60009765625
349233.09375,188242.5
298140.6875,19869.900390625
562494.875,10906.900390625
325814.8125,107833.0
590189.3125,11973.0
334026.1875,100223.203125
602292.0,11157.5
296832.6875,10396.400390625
360745.40625,179345.90625
563314.3125,50753.5
276527.6875,6328.7001953125
418561.59375,80225.3984375
299757.1875,29336.400390625
329112.90625,85749.8984375
254944.90625,133794.296875
291680.3125,7128.0
395483.09375,215183.90625
421690.5,278947.5
299583.1875,8170.39990234375
417302.90625,292604.90625
303005.3125,21096.900390625
580417.0,13675.0
562499.125,13042.599609375
289458.40625,9364.400390625
581417.875,15208.2998046875
424618.3125,234638.5
314273.1875,10522.2001953125
378220.09375,282203.90625
574324.8125,12613.400390625
481004.90625,219051.90625
564730.375,176091.796875
478964.8125,346082.0
280061.1875,10349.400390625
380567.90625,230236.796875
555141.1875,13919.900390625
287350.40625,6172.39990234375
305072.40625,8886.7998046875
336614.8125,138412.0
477943.59375,281629.40625
333500.40625,221317.40625
285127.5,7559.89990234375
309947.40625,16168.2998046875
294518.0,6817.39990234375
305615.0,40166.3984375
516649.59375,346530.90625
578648.375,13925.900390625
306563.0,7406.89990234375
324777.40625,75054.296875
336538.0,62862.3984375
320875.0,63275.8984375
308107.09375,12037.7001953125
459676.59375,219749.40625
329956.90625,6433.89990234375
303279.09375,8426.7998046875
242695.796875,6835.60009765625
294813.90625,9522.400390625
324158.5,126411.8984375
606817.0,30246.400390625
397143.0,239218.40625
386653.09375,257865.703125
605615.625,15748.400390625
485351.90625,13665.900390625
565913.5,254000.90625
300236.5,9019.900390625
576803.375,11606.900390625
547673.5,294217.40625
302690.5,111088.3984375
291688.40625,8489.900390625
270196.5,8659.900390625
288589.40625,5994.2998046875
599115.5,341189.90625
370214.0,237551.40625
587514.375,15176.400390625
268374.5,5940.39990234375
365590.40625,10078.7998046875
309996.5,7971.89990234375
586644.0,16677.900390625
357524.59375,14090.2001953125
290451.0,6616.39990234375
297853.90625,8194.7998046875
401368.5,294151.1875
634170.3125,228239.296875
297195.5,5025.7001953125
555631.8125,321049.3125
283654.1875,5697.7001953125
339126.0,159928.796875
511286.1875,262516.59375
540492.5,13248.7001953125
306044.3125,7903.2998046875
279034.0,7852.7998046875
300818.6875,6924.10009765625
351773.0,92604.203125
297884.1875,6560.2001953125
336280.5,160554.796875
597879.8125,16719.30078125
587622.1875,14993.7001953125
584961.5,15082.7998046875
524490.1875,364249.59375
372469.8125,202093.796875
287134.6875,6012.2001953125
296353.0,10302.7998046875
521924.8125,298859.3125
625861.1875,17458.19921875
251985.796875,12068.900390625
549035.6875,203403.90625
395749.0,255224.5
281447.5,5334.7001953125
297061.5,45568.19921875
385470.0,261995.296875
391179.6875,230185.09375
583705.0,12521.7001953125
563458.1875,16628.19921875
432542.0,318393.3125
379225.1875,248638.09375
519003.0,11731.5
325011.5,10478.7001953125
280267.5,5719.2001953125
475089.6875,308514.5
264113.0,4049.300048828125
447508.8125,269032.0
586020.8125,14396.0
296995.1875,6317.89990234375
517097.40625,83115.3984375
488006.8125,10390.2998046875
285540.1875,121311.5
296092.0,6917.2998046875
382696.6875,167955.5
307773.0,5349.7998046875
298379.3125,11823.0
475640.40625,328882.0
574707.6875,160533.90625
554503.6875,12421.0
340614.5,90318.296875
488855.3125,350509.5
339069.8125,194610.0
322981.6875,58779.3984375
456015.6875,269601.0
294647.0,4876.2998046875
415836.8125,253739.703125
286439.90625,7192.0
542512.1875,13139.400390625
294590.40625,7634.89990234375
289323.8125,7727.2998046875
464861.40625,284808.5
518542.0,245922.296875
292445.3125,5639.5
587640.3125,16759.0
519824.1875,401217.40625
432502.90625,128202.8984375
453472.8125,328430.8125
584652.1875,113798.0
566664.0,13642.7998046875
532018.3125,119763.0
264229.40625,6039.39990234375
327442.8125,16546.30078125
285764.59375,6624.39990234375
299978.40625,43028.5
559547.625,234601.90625
314801.6875,54633.5
314523.0,12905.7998046875
497011.8125,294688.5
296292.3125,7569.5
311930.40625,53945.0
562246.6875,12466.400390625
304724.8125,7484.2998046875
494576.90625,291863.0
502757.59375,279437.90625
303424.6875,8162.0
309016.3125,18904.69921875
299202.3125,10729.0
297414.3125,7976.5
594572.3125,13803.0
247624.296875,6093.5
349448.1875,107967.0
524700.5,298155.3125
404103.3125,227870.703125
568300.8125,174617.5
253515.203125,4652.0
352084.8125,157347.0
305305.1875,15503.5
559047.0,11972.2998046875
290785.3125,14571.2001953125
317738.3125,51271.5
350554.3125,152121.0
349662.90625,143142.703125
299049.3125,7121.10009765625
283888.09375,5931.60009765625
312727.3125,7539.10009765625
361385.59375,196054.09375
528686.8125,235684.796875
609605.875,16994.30078125
448133.09375,261069.203125
593089.375,16454.80078125
524887.3125,347164.59375
543074.625,191004.09375
513252.8125,321726.3125
298967.90625,7464.2001953125
286306.3125,7500.10009765625
281314.8125,9408.7998046875
294767.09375,7529.7001953125
263938.0,5780.39990234375
408798.40625,282486.1875
337848.09375,117530.6015625
328734.3125,101952.796875
524826.125,11994.2001953125
593347.375,14440.7998046875
549062.8125,12666.2998046875
272831.59375,8167.7001953125
288699.5,7171.39990234375
317718.40625,11632.5
342548.90625,253037.203125
300568.8125,8810.599609375
289257.8125,7540.7998046875
288059.09375,6385.7001953125
330988.90625,20359.80078125
393922.0,272791.90625
359884.8125,196645.90625
381599.40625,238073.703125
291881.8125,7343.10009765625
268073.59375,5847.10009765625
244031.296875,52673.30078125
314519.40625,7722.2001953125
541481.3125,192149.09375
270853.09375,38844.1015625
575606.0,15837.400390625
273792.3125,5120.39990234375
452402.40625,330858.1875
465292.3125,417444.59375
299825.09375,6519.60009765625
246804.09375,8450.599609375
366486.59375,281598.6875
368432.40625,229272.296875
501104.90625,358234.6875
317069.40625,8335.2998046875
305361.5,39565.8984375
341970.8125,168742.90625
295073.8125,6296.60009765625
288856.59375,4810.60009765625
321483.8125,143763.296875
425816.59375,244325.203125
570403.875,12542.7998046875
293233.0,6886.89990234375
273675.3125,5870.89990234375
302608.09375,9121.599609375
264867.8125,5009.2998046875
516583.09375,10982.2001953125
291733.90625,6907.7998046875
386240.3125,269430.90625
310821.1875,8808.7998046875
530016.5,12839.0
433710.6875,214787.90625
284247.1875,6139.60009765625
303334.6875,9832.900390625
307260.6875,8754.7998046875
356182.8125,203318.296875
359209.1875,18051.0
288191.3125,5473.7998046875
302566.5,41813.0
443839.90625,251125.09375
273635.5,5662.2001953125
325532.6875,93390.8984375
267722.6875,5609.10009765625
512802.40625,325771.09375
457470.0,258798.703125
329489.1875,86931.8984375
574200.6875,117482.3984375
573192.5,15217.5
452243.40625,413617.09375
324766.1875,109127.796875
563816.0,272242.6875
298766.6875,5873.10009765625
251186.203125,10890.2998046875
337066.3125,20276.30078125
323176.1875,49956.0
253128.5,5724.2998046875
295392.59375,7339.89990234375
383114.59375,235880.40625
286758.90625,9870.599609375
576350.1875,14489.2998046875
593684.5,18327.19921875
306620.6875,7290.89990234375
365121.1875,180333.296875
462710.6875,257088.5
404397.8125,234298.296875
337788.0,166591.796875
307522.0,7662.2001953125
306017.6875,6651.10009765625
505439.6875,292075.40625
496874.6875,181779.796875
583105.3125,17665.80078125
537921.6875,12232.0
249620.796875,6350.7998046875
289739.5,31865.30078125
596984.5,13716.5
352115.0,148248.703125
596014.6875,15292.900390625
304949.6875,43032.1015625
312154.6875,6663.2998046875
544282.0,258948.703125
472054.6875,216758.90625
294030.6875,8902.599609375
395757.6875,183578.90625
314477.6875,14762.2998046875
295695.1875,7556.2998046875
603253.0,16330.7001953125
508659.5,353932.6875
537737.1875,259261.90625
583909.1875,14227.7998046875
322984.5,74588.5
289545.90625,4561.10009765625
292649.1875,7013.7998046875
564951.1875,412628.40625
361394.1875,168719.59375
310910.3125,7073.7998046875
334468.40625,143240.09375
576961.1875,13693.2998046875
322871.0,52544.69921875
307416.1875,10241.400390625
339024.1875,153089.09375
562527.6875,12836.900390625
304176.6875,9733.0
321683.8125,39555.80078125
383080.59375,248080.90625
559513.6875,268665.8125
296253.5,40521.30078125
355660.6875,216830.40625
598705.8125,13513.400390625
386143.0,305648.8125
281128.1875,5939.39990234375
306933.09375,8811.7998046875
372247.0,196214.40625
465292.40625,364938.0
291496.40625,6925.7001953125
371354.3125,162036.703125
511721.6875,251467.703125
402786.90625,168306.5
577723.5,13735.7998046875
290449.1875,6068.89990234375
412230.59375,192144.796875
314133.6875,7059.60009765625
289416.6875,7952.2998046875
510364.8125,216079.90625
329731.5,53441.30078125
280513.6875,4686.89990234375
301383.6875,5516.10009765625
288933.5,6608.89990234375
493504.3125,306233.8125
384352.8125,196899.703125
283868.40625,6590.2001953125
316015.8125,111173.8984375
471036.0,12481.7998046875
465795.09375,216246.296875
510172.0,424677.8125
273525.6875,5755.89990234375
303471.6875,7744.2998046875
281946.1875,4386.39990234375
323267.6875,179111.296875
300669.5,10093.2998046875
257525.703125,6289.39990234375
330283.59375,40800.30078125
291008.1875,12283.099609375
359978.0,211951.40625
572587.8125,13835.7998046875
467810.6875,339230.8125
357234.0,181161.796875
296652.1875,10122.400390625
511242.1875,229525.296875
531699.0,13624.7998046875
472206.6875,281901.40625
322044.59375,163207.796875
291012.1875,7921.10009765625
290521.3125,10183.900390625
552685.6875,12229.900390625
504687.59375,332749.3125
579068.1875,14071.099609375
446534.3125,13503.2998046875
592974.875,14513.5
493120.8125,344879.40625
382164.5,176321.296875
312358.6875,44944.3984375
301835.59375,6704.7998046875
494417.6875,76695.1015625
585868.8125,14269.2998046875
576800.875,14577.0
508146.8125,219339.703125
534506.6875,13474.2998046875
318932.0,62361.30078125
313634.1875,35992.8984375
564468.125,124845.796875
386504.1875,226722.59375
287820.5,9873.400390625
348376.3125,279266.3125
549008.375,12257.0
587019.8125,12450.7001953125
289855.1875,6082.2998046875
273970.8125,10528.900390625
554380.1875,252541.40625
296662.09375,8598.2998046875
296125.3125,7205.7998046875
312688.40625,40962.5
321219.8125,106871.703125
302830.90625,7051.2001953125
315478.1875,9749.7998046875
335330.8125,14761.900390625
253181.40625,6753.39990234375
295826.09375,7760.2001953125
453093.6875,253142.796875
369829.90625,209394.90625
315165.6875,82460.296875
324981.1875,137445.5
297034.5,6992.10009765625
355612.90625,225433.09375
344521.09375,210778.703125
322705.1875,208399.5
296203.90625,6864.60009765625
253086.203125,7181.7998046875
290555.90625,9512.099609375
421466.90625,296313.90625
430271.09375,366546.1875
268795.6875,5733.7998046875
263134.6875,6231.0
586943.375,12877.900390625
330425.1875,156726.0
294671.5,6417.10009765625
295117.90625,52178.6015625
305395.90625,7292.5
391382.6875,252982.40625
547424.625,15107.900390625
480523.6875,312231.3125
416142.8125,232138.796875
585134.625,15800.900390625
464808.40625,307639.09375
297843.90625,6165.39990234375
346475.90625,198861.59375
265099.90625,19914.900390625
603991.125,15437.2001953125
499728.6875,298467.8125
578811.875,16420.400390625
369644.5,198221.09375
316253.40625,11059.599609375
379647.90625,193168.0
270025.1875,6404.39990234375
390387.6875,191971.796875
317569.8125,8111.2998046875
303758.59375,8440.900390625
462279.09375,211139.59375
580571.625,15473.099609375
592255.0,18621.80078125
507853.5,398715.3125
424846.09375,179868.703125
430909.90625,267258.09375
292381.90625,5843.89990234375
596857.1875,31021.80078125
568376.6875,118107.0
548464.6875,274824.8125
343018.5,192340.09375
557501.875,19237.599609375
590707.875,14886.0
459624.59375,275326.40625
587284.375,12051.099609375
416104.40625,124258.8984375
316961.59375,7564.2001953125
289287.40625,6000.10009765625
571294.375,14113.900390625
372411.1875,187771.296875
399799.6875,269474.0
595428.875,12566.400390625
439717.6875,290491.0
588080.6875,11782.7998046875
266837.0,7980.10009765625
306453.90625,11419.599609375
449915.09375,276127.1875
332648.1875,101776.796875
529736.375,14759.099609375
278993.90625,34665.8984375
305918.09375,8883.7001953125
500120.1875,261365.0
555498.375,215110.40625
361355.6875,208749.5
543450.6875,11797.2998046875
573207.5,13024.599609375
539897.375,12401.099609375
512840.40625,363428.0
307268.1875,46121.3984375
341984.09375,70111.3984375
295071.90625,6414.60009765625
283937.90625,6306.60009765625
571568.875,13937.900390625
286318.6875,27556.30078125
381742.6875,253215.5
594165.1875,15506.0
360822.1875,9015.2998046875
292825.40625,5952.10009765625
308465.40625,8725.900390625
293821.09375,9104.7998046875
474061.40625,332566.6875
298310.90625,6285.10009765625
289498.5,96877.203125
605116.375,15378.2001953125
563785.0,16770.5
308084.09375,8847.7001953125
296508.59375,7478.5
295278.40625,8934.7998046875
267207.8125,6324.7998046875
443557.0,248373.59375
513113.6875,12548.2998046875
574706.875,12208.2001953125
414808.1875,257097.703125
444105.90625,326919.09375
299450.0,15720.2001953125
565728.125,10967.2998046875
565319.1875,290104.1875
265359.40625,8102.60009765625
273285.5,7422.7001953125
275427.90625,11055.2001953125
306940.09375,138789.796875
274249.40625,4179.2001953125
442959.90625,241580.59375
595606.625,16243.2998046875
285313.90625,4968.7001953125
580111.5,13989.2001953125
562578.5,199352.0
598371.125,12277.5
440215.40625,185237.296875
306596.09375,77608.796875
304017.1875,8926.2001953125
296525.90625,9775.2001953125
293101.59375,6708.7998046875
438991.1875,257203.203125
298770.90625,8030.10009765625
302706.0,12520.7001953125
497977.90625,317993.6875
310575.5,8740.5
403317.09375,288043.0
566587.875,298199.3125
247988.296875,57025.30078125
421108.09375,313702.8125
298860.1875,24851.19921875
591367.875,15095.7001953125
300554.6875,107170.703125
305004.40625,6977.7001953125
450773.90625,284717.09375
253271.0,8810.2001953125
577664.875,14458.2001953125
497625.0,327648.0
324468.59375,121091.5
307594.90625,19169.30078125
356716.1875,10599.7001953125
462033.90625,274400.1875
295912.40625,14124.099609375
241052.203125,6411.7001953125
353115.40625,99568.1015625
386016.0,174368.703125
325100.90625,82190.203125
305780.5,9775.0
474072.0,343018.59375
596075.625,15209.7998046875
550807.375,14737.599609375
539514.1875,15489.2001953125
329743.40625,14901.7001953125
370037.90625,160243.09375
314659.40625,85960.703125
575501.5,14818.5
279538.59375,9336.2001953125
543431.125,12454.5
299604.1875,8565.7001953125
314308.90625,10136.2001953125
355135.5,193573.703125
302879.40625,8094.2001953125
354988.5,203176.0
569297.875,13831.099609375
590239.5,17741.80078125
495712.09375,13662.400390625
303348.6875,8694.7001953125
485554.40625,306357.0
288398.3125,11235.7001953125
397419.90625,323140.6875
603622.875,55697.6015625
315550.40625,57880.19921875
570482.125,11312.2998046875
564900.125,12178.900390625
369003.6875,187789.203125
414603.90625,12872.0
375112.8125,266983.6875
295096.1875,6753.2001953125
278559.5,5651.7998046875
392876.3125,217567.703125
416788.90625,234059.296875
304744.09375,7829.7998046875
310810.5,48547.30078125
525735.6875,324546.40625
423444.40625,286704.8125
310732.40625,8780.2001953125
369978.5,196824.796875
346689.09375,129779.3984375
347401.6875,47818.69921875
302725.40625,7864.10009765625
587077.875,13644.7001953125
297458.5,96972.296875
410480.09375,254227.796875
282401.09375,6361.39990234375
315626.8125,160988.703125
336668.6875,111254.203125
603483.0,15565.7998046875
290418.8125,7626.7001953125
387105.90625,13676.599609375
331418.40625,112068.203125
495590.0,325053.3125
418393.40625,252171.203125
331606.0,115642.796875
601367.625,14012.2998046875
291188.09375,7231.89990234375
457042.90625,260284.09375
243344.5,5535.7998046875
584940.125,13582.900390625
333003.1875,35743.69921875
299797.40625,6739.60009765625
316850.40625,35080.19921875
323538.59375,99554.796875
505764.59375,345224.40625
319630.1875,8809.2001953125
571301.375,15451.0
448954.90625,335421.59375
290694.40625,6193.7001953125
296651.5,8575.7998046875
306173.09375,6071.7998046875
344553.90625,101119.1015625
321354.90625,89207.203125
374736.5,213747.296875
312900.09375,10439.400390625
311014.6875,60056.19921875
299663.40625,7309.0
462944.90625,158848.59375
308620.90625,10877.2001953125
400095.0,215475.796875
497287.59375,102355.8984375
298699.6875,6569.7001953125
496378.40625,316389.5
530306.3125,242003.203125
303420.1875,8028.2001953125
303405.5,55683.80078125
301862.3125,37857.69921875
277807.3125,4630.60009765625
523547.90625,134831.09375
581812.0,13450.7998046875
457096.09375,281524.40625
322745.40625,37470.0
318254.90625,94013.1015625
466351.90625,273212.1875
407658.5,285929.3125
301943.09375,9385.7998046875
290394.09375,7158.89990234375
407181.40625,304775.0
579883.0,14355.2998046875
557301.125,19888.30078125
572165.625,16663.400390625
285059.6875,5596.7001953125
363784.3125,192238.203125
420097.0,306282.8125
429480.8125,214546.703125
255464.90625,8161.2998046875
421425.0,308107.5
573947.0,240194.296875
470217.09375,326380.8125
537694.5,303824.8125
468267.6875,279891.90625
284365.6875,7907.0
332084.8125,77916.296875
310403.59375,11944.900390625
336899.3125,52785.80078125
252760.703125,6280.2998046875
309684.0,8188.5
600869.125,15993.2001953125
555766.8125,12654.7998046875
606638.5,21957.0
291690.40625,6788.0
288364.3125,7707.2001953125
289595.1875,6557.7998046875
308362.1875,9518.400390625
346454.3125,136867.59375
301072.09375,6819.89990234375
295922.6875,78441.0
239298.59375,7937.7001953125
304851.3125,9143.7998046875
290521.59375,6918.7001953125
526181.1875,235876.796875
549637.1875,12993.5
289320.8125,4655.7998046875
300137.1875,6582.2998046875
453577.6875,355135.5
420944.0,278198.5
303570.09375,7835.7001953125
407943.59375,333432.90625
294201.1875,8236.0
284416.3125,7193.2998046875
588406.6875,16818.30078125
337717.1875,99002.5
326072.0,8042.5
300400.3125,6891.7998046875
484740.0,279242.0
271749.40625,5426.0
329961.59375,159490.90625
343687.3125,142972.796875
342258.09375,14936.400390625
324226.59375,133038.203125
301933.6875,7543.7998046875
282342.6875,6498.5
299405.5,8288.0
320511.09375,10233.2001953125
566032.3125,16855.80078125
376927.8125,217716.296875
285396.59375,6406.89990234375
534361.6875,222954.0
366101.8125,251231.296875
354331.6875,270196.8125
562848.0,182878.5
584716.125,14539.900390625
334001.6875,234483.0
544568.3125,315570.8125
570852.625,12987.2001953125
305972.1875,27907.80078125
572693.125,12246.400390625
291022.3125,12587.7998046875
384766.59375,249566.703125
438806.1875,233548.796875
276549.1875,6976.5
435812.5,13512.0
438877.09375,335603.6875
307603.1875,10987.0
365344.8125,153028.796875
302478.90625,10689.7001953125
291434.3125,5842.60009765625
365190.0,214213.796875
410147.40625,272355.5
368647.0,195382.203125
578227.3125,13040.2001953125
426854.8125,288005.0
566811.3125,12625.2001953125
544430.8125,9236.0
428720.40625,257098.703125
545644.125,174940.0
588906.875,17643.69921875
544168.3125,422171.40625
494043.8125,240570.0
309137.8125,37425.6015625
399484.3125,214120.703125
415191.8125,253388.0
288465.59375,6487.5
274000.0,6479.7001953125
382194.8125,198006.796875
337991.3125,135323.09375
585272.875,14951.599609375
313006.0,46998.0
306085.8125,11376.7001953125
472912.8125,280053.0
265944.40625,5710.2001953125
274741.8125,6037.10009765625
482443.6875,325301.8125
403880.3125,268896.6875
437958.1875,11278.7001953125
339374.5,7652.0
268370.1875,6819.60009765625
289587.0,6958.7998046875
509175.40625,288789.8125
303351.8125,7268.7998046875
278834.1875,12482.2998046875
303613.3125,10635.900390625
304049.1875,58585.30078125
570824.0,222655.203125
584368.0,87392.203125
283060.8125,7931.2001953125
567482.0,31600.099609375
306966.6875,9171.599609375
407723.90625,272041.3125
595961.125,19220.599609375
283468.1875,8149.7998046875
444607.3125,296899.6875
540404.0,350283.09375
246239.5,7462.0
585611.0,14707.2998046875
571679.0,13575.099609375
411836.6875,211559.296875
286543.59375,6274.60009765625
306880.3125,26380.400390625
569470.8125,14325.7998046875
309086.6875,37175.80078125
587451.3125,14519.2001953125
513652.1875,309782.1875
297686.6875,13076.2998046875
312852.5,54336.69921875
472978.0,334033.1875
299565.5,6680.7001953125
287075.3125,8878.2001953125
600799.5,14133.599609375
301003.90625,22446.30078125
532849.3125,261003.296875
561386.6875,18749.30078125
538492.8125,240370.703125
327771.1875,43093.69921875
501838.0,322380.09375
385705.0,288126.8125
259801.0,7760.2001953125
302327.6875,7934.7998046875
336509.5,133691.703125
298314.1875,7612.2001953125
281537.5,5271.60009765625
309048.8125,7291.7001953125
499599.6875,255258.203125
437757.5,299195.09375
304016.5,7888.7998046875
584405.375,12382.2998046875
314079.8125,10219.2998046875
334373.1875,41020.30078125
583009.5,163673.203125
288875.3125,6797.7001953125
292109.1875,10306.2001953125
297462.0,6836.60009765625
269420.0,6091.0
546472.6875,189829.796875
473777.6875,223613.703125
552921.5,15695.599609375
498775.0,315736.0
475252.5,321352.3125
256832.90625,9654.2998046875
267868.3125,29045.80078125
559563.0,12874.2001953125
467937.1875,286529.8125
317580.5,171261.203125
296420.1875,5304.2998046875
408787.5,354590.1875
281856.8125,5012.2001953125
452970.0,353468.5
557355.5,15406.7998046875
420334.40625,308855.8125
569216.3125,13695.7998046875
286043.5,6398.60009765625
307017.6875,144256.296875
299658.5,5910.10009765625
334378.8125,210119.796875
363171.8125,215089.90625
534072.8125,12690.7001953125
436132.5,248233.59375
405345.8125,236442.09375
318425.90625,53317.5
323165.59375,85930.0
520330.8125,262349.6875
588304.0,13534.400390625
291516.8125,9625.099609375
290514.40625,6224.0
432415.0,175296.59375
570797.625,14669.0
309862.40625,55070.5
542734.6875,314390.5
407790.90625,207676.296875
287231.59375,8162.0
261948.796875,161433.40625
323492.0,168474.40625
372039.8125,212015.09375
316679.90625,35842.5
535949.5,351315.59375
571791.125,12113.0
298631.1875,7752.5
387094.90625,12694.2998046875
283168.3125,6724.7001953125
324478.3125,126390.1015625
261492.90625,6426.5
443487.59375,276996.0
290080.8125,7606.7001953125
558330.3125,25688.099609375
293711.6875,6649.5
295344.3125,7720.39990234375
510461.0,269563.90625
305939.09375,7178.0
497341.8125,315276.1875
270485.5,6500.10009765625
301496.0,8477.400390625
503641.90625,12995.0
609175.875,14674.0
294076.5,10856.099609375
354010.8125,235274.09375
553172.375,204792.5
303324.5,7774.10009765625
282293.1875,6622.5
300824.40625,9407.2998046875
307252.8125,9345.400390625
453508.5,311890.09375
399045.90625,251472.5
503108.3125,216179.703125
305499.0,9858.099609375
310688.0,153529.40625
298527.09375,85338.0
583039.8125,12531.2001953125
397901.0,274183.09375
247495.796875,8189.10009765625
303074.90625,6873.5
333829.59375,66979.5
442538.3125,292407.6875
540828.3125,363241.59375
609361.375,17003.0
302318.0,8422.099609375
283445.59375,190478.5
573914.875,284808.0
296910.59375,6597.5
285225.59375,7025.5
274515.8125,6373.39990234375
463189.3125,240496.203125
352778.0,18182.099609375
350320.0,229266.09375
448552.09375,282566.5
309649.6875,42152.0
327069.59375,46534.69921875
292644.3125,7736.2998046875
272414.09375,28066.19921875
543932.875,104635.796875
346285.1875,114250.796875
562243.125,14917.7998046875
283210.8125,7685.39990234375
531141.125,371101.5
459329.90625,333652.09375
294784.1875,26680.400390625
293837.0,58669.3984375
476756.6875,294342.6875
269944.40625,7341.7998046875
542079.5,197028.796875
500469.5,335830.8125
569840.125,8452.7001953125
564464.1875,13084.7998046875
549680.8125,313822.8125
520930.09375,14373.7001953125
300719.1875,27756.30078125
598397.125,13906.7998046875
590506.3125,13602.900390625
554385.625,12503.5
432910.90625,308963.09375
364214.1875,136495.90625
299954.5,5727.89990234375
248681.203125,7287.7998046875
578969.5,15763.2998046875
584209.8125,15156.5
565491.125,350519.6875
570204.1875,13593.7998046875
290073.59375,5249.2998046875
299068.3125,6588.39990234375
573217.125,12838.5
254712.296875,7413.2998046875
548378.625,365895.6875
520366.6875,287837.3125
396698.09375,235168.5
310044.90625,22887.599609375
317070.0,76717.8984375
437045.1875,336135.1875
436978.09375,310986.5
297395.0,7382.7998046875
487622.8125,293664.0
338509.3125,84297.796875
325543.09375,116421.703125
297379.1875,8246.2998046875
297970.59375,5829.2998046875
565240.8125,143868.40625
365880.59375,18741.5
524139.59375,147701.203125
504750.90625,272220.8125
477923.59375,346095.3125
297621.3125,7628.89990234375
310007.09375,7186.0
342423.6875,75788.3984375
608723.375,185031.296875
357838.8125,139328.40625
607348.3125,17609.80078125
311786.09375,10902.7001953125
363090.09375,186229.296875
578728.8125,12299.900390625
304286.59375,6585.0
559186.1875,16843.400390625
264534.09375,14469.7001953125
535403.875,294286.8125
560971.1875,16884.80078125
371460.59375,86547.796875
267080.3125,6326.2998046875
347125.59375,152786.703125
339184.09375,144546.796875
539204.8125,255371.40625
300457.59375,12593.0
313793.90625,108001.6015625
306388.6875,7327.89990234375
396411.0,247342.40625
513308.09375,262871.1875
587298.625,13743.5
280351.90625,6771.60009765625
344964.6875,158590.90625
299230.0,6910.39990234375
309717.6875,8519.2998046875
487109.6875,11363.7001953125
480423.09375,303107.5
474217.90625,323455.8125
287050.5,5899.7998046875
332142.3125,12507.5
246816.0,6355.2998046875
295527.09375,8032.2001953125
306488.6875,84961.296875
295666.09375,6143.5
445690.6875,279434.90625
294189.1875,9701.7001953125
373732.8125,263789.0
302542.8125,8044.7001953125
381858.6875,229870.203125
557101.6875,14279.0
347584.5,207506.0
570181.1875,16266.2998046875
491912.6875,11983.2001953125
345048.1875,99121.0
270671.0,6251.2001953125
300624.90625,6837.0
560789.5,37115.0
293182.1875,8222.2998046875
288956.1875,5966.2001953125
343347.1875,113416.0
513051.8125,8896.5
489026.8125,307817.3125
264910.6875,19716.30078125
462606.0,339975.1875
366934.09375,183606.09375
461411.3125,328244.0
296309.8125,12556.7998046875
330354.59375,79261.8984375
276766.09375,5675.0
317740.40625,16443.19921875
460133.8125,279688.5
469180.0,306938.0
294186.3125,8310.2001953125
280242.1875,6504.0
464037.5,314081.0
303296.3125,7363.2001953125
306919.6875,6448.7998046875
610881.375,15647.5
314487.59375,11788.599609375
322789.09375,129400.6015625
281639.3125,6925.2998046875
570458.625,16468.400390625
309190.0,17611.5
298637.6875,100673.703125
464147.1875,303681.0
450016.59375,78919.6015625
487754.8125,268302.5
406954.3125,285420.8125
546042.5,10871.0
313114.8125,8116.2001953125
296341.6875,12118.7001953125
311369.0,17563.19921875
400913.40625,311003.5
429673.59375,11538.099609375
460573.8125,310369.5
306712.1875,8197.2998046875
354993.1875,187037.203125
491047.1875,289179.0
361997.5,179980.5
278288.1875,7747.2998046875
306313.1875,10716.2001953125
572424.1875,17866.0
316156.0,8962.2001953125
336005.09375,154463.59375
480400.8125,259465.0
364135.5,279220.0
271579.3125,7082.7001953125
290838.1875,12001.7998046875
604497.1875,15202.2001953125
544138.1875,12852.5
552156.0,247594.203125
374958.40625,287845.5
327615.59375,14786.599609375
292117.3125,6484.0
310095.8125,25707.19921875
379626.1875,279541.6875
314564.6875,78616.5
452195.09375,235127.09375
316371.3125,81049.0
588862.8125,12590.2998046875
342987.0,120458.5
310036.3125,9895.2001953125
334009.6875,215621.203125
520571.6875,11864.5
263220.59375,84422.6015625
448755.3125,258866.0
489924.59375,345268.59375
350462.8125,179745.296875
283027.0,5201.5
551187.3125,11453.2001953125
367252.1875,241870.796875
585865.1875,15022.7001953125
502189.5,10027.0
384854.6875,209900.796875
262472.6875,7196.7001953125
288071.6875,6872.0
263318.40625,6923.5
299206.59375,31570.599609375
323822.8125,11731.0
542797.625,9424.2998046875
293546.8125,7114.7001953125
425653.09375,312050.6875
258838.90625,9504.0
574371.625,12428.7001953125
247712.5,8529.5
571663.875,15345.7001953125
308088.59375,7295.0
326205.59375,85986.796875
269861.59375,128991.0
443222.8125,368610.6875
343003.59375,114506.203125
429117.8125,294660.0
410741.0,213391.5
409800.09375,11529.7998046875
305640.59375,115249.5
339325.8125,96494.703125
367579.59375,163765.703125
554113.5,16384.19921875
317769.0,15006.5
273396.40625,69378.703125
605825.625,17191.30078125
317613.59375,56948.5
441014.8125,201365.203125
301866.40625,12505.0
361706.59375,144779.203125
481920.0,336220.1875
369635.8125,225945.5
426689.5,228784.0
293947.09375,9106.7998046875
550497.625,150483.5
374452.8125,228938.703125
452425.5,237006.203125
308745.8125,8957.0
297502.0,7499.5
251266.90625,46610.69921875
588068.1875,14201.0
544130.0,297585.09375
279000.1875,9021.5
294405.1875,7561.2001953125
415013.8125,312506.40625
422785.09375,291845.8125
541368.375,16295.5
317860.09375,13389.7001953125
326817.59375,17710.80078125
578688.3125,209340.203125
573574.625,17417.69921875
333120.8125,22097.5
282043.0,5644.0
305905.40625,7018.2001953125
378526.59375,12115.5
582610.6875,15661.0
556192.5,11758.599609375
385515.3125,230707.5
320285.59375,9875.2998046875
279579.09375,10690.0
308205.3125,21356.69921875
304840.90625,47482.5
310374.09375,8540.7001953125
389939.5,166779.203125
443707.8125,16032.0
519293.09375,15421.7998046875
569614.625,120636.0
292654.90625,7840.5
476610.59375,211069.703125
293247.5,7170.2001953125
563626.0,12846.0
595359.875,21171.19921875
609622.625,18409.5
437986.6875,273288.0
353983.09375,170947.796875
553198.5,239989.703125
516563.8125,295159.0
493324.5,251193.0
302423.90625,39147.19921875
491070.3125,58784.69921875
533621.375,16886.5
296051.59375,8653.2001953125
301805.0,8200.2001953125
421467.5,276783.0
375092.40625,217849.703125
284245.59375,6833.5
290746.6875,9025.5
311722.8125,8549.5
551990.1875,12968.0
257781.703125,11637.7001953125
591610.8125,15576.400390625
277118.3125,6295.2001953125
435540.6875,282215.1875
432531.8125,199936.0
262374.40625,7414.7001953125
362336.09375,295030.0
304129.3125,10186.2001953125
305049.90625,8735.5
404955.8125,256548.203125
586212.875,15572.0
308029.0,9001.7001953125
301705.8125,6952.0
409008.09375,233823.0
322514.6875,9742.5
595765.5,14917.099609375
303756.1875,15767.0
328967.6875,10719.7001953125
354163.59375,190011.59375
552590.625,16807.30078125
599671.125,15662.0
538056.8125,206102.203125
293967.5,7115.2001953125
296370.0,8834.599609375
303141.1875,10887.5
424657.5,180012.203125
359904.09375,94097.203125
466201.8125,316263.0
296576.3125,36031.0
579678.5,12861.599609375
319610.1875,100675.0
563414.0,271946.6875
300343.09375,46473.19921875
417133.6875,340272.59375
566195.3125,13483.5
368670.40625,224161.0
585328.8125,16488.0
528558.8125,290223.3125
475476.1875,300001.6875
290797.5,6624.10009765625
601287.6875,18893.0
561493.5,13704.2001953125
318422.8125,7318.5
296876.0,10197.099609375
411141.0,324449.6875
325327.09375,27832.19921875
493470.3125,284033.0
282165.40625,59429.0
299495.8125,7368.5
304361.6875,8974.2001953125
297407.90625,40343.19921875
318932.09375,44708.6015625
310463.6875,13792.900390625
291487.3125,7934.7001953125
371402.09375,202205.5
355298.59375,231929.703125
309632.1875,8331.599609375
334638.8125,113504.5
577323.375,14685.5
346282.1875,78796.203125
549209.8125,14172.2998046875
311164.1875,192388.203125
303153.40625,10076.2001953125
268678.1875,12569.0
469019.6875,220632.0
305298.5,7941.7001953125
287267.1875,6872.10009765625
542981.8125,365402.0
307524.40625,38544.0
361805.8125,145945.5
293943.90625,14078.0
319494.6875,13477.7998046875
424971.3125,291944.3125
262657.09375,7545.60009765625
302572.3125,18560.19921875
347642.5,200303.59375
292156.1875,17644.5
340617.0,12961.2001953125
255704.703125,7838.60009765625
580857.8125,13657.5
584462.375,14896.5
419813.8125,216475.5
588902.875,13184.5
584711.1875,14001.2998046875
265308.8125,44854.30078125
576053.125,15499.099609375
293011.5,6889.10009765625
307653.59375,6407.0
286682.5,8623.599609375
600093.0,22351.099609375
299905.6875,8089.5
314577.0,102120.203125
271374.09375,7032.2001953125
405196.90625,173662.0
305176.8125,11213.0
302390.90625,6847.5
368227.1875,223329.203125
308254.1875,7889.2998046875
544715.375,12616.2001953125
586818.625,14546.099609375
481151.0,181001.59375
408100.0,292234.59375
518397.6875,15037.5
294592.1875,6631.89990234375
308140.09375,9893.5
311666.59375,8395.2001953125
399708.6875,169695.59375
317166.3125,75999.796875
568123.8125,18216.0
588307.5,15868.5
391153.8125,254901.59375
317913.09375,29509.80078125
423273.1875,205157.40625
377112.59375,149001.0
277838.59375,122653.703125
557166.6875,11342.400390625
367388.59375,210058.0
276621.59375,7370.7001953125
324403.1875,171365.09375
362254.8125,252947.296875
608467.8125,15870.5
396474.5,266824.5
483261.5,281886.1875
300050.8125,8939.599609375
393123.59375,245576.5
302783.59375,7960.7001953125
325341.09375,192744.203125
403078.5,221425.5
371360.1875,202765.90625
600476.625,14275.5
586188.1875,15485.900390625
425217.59375,271047.1875
305545.1875,32193.099609375
516325.0,367971.8125
252398.296875,5506.2998046875
297412.6875,6557.89990234375
264666.1875,7103.10009765625
362409.5,173551.296875
497049.8125,346563.8125
275136.0,5795.0
510129.5,250834.703125
595325.6875,13025.400390625
371858.59375,219848.5
394378.6875,251638.09375
330304.5,170806.296875
270960.8125,70841.296875
441884.0,36021.0
294324.09375,8464.7001953125
310046.1875,10984.400390625
466506.6875,317540.09375
292431.8125,7387.7998046875
292772.0,7080.0
285187.5,7548.2001953125
276334.3125,12449.599609375
571922.125,13243.2998046875
307601.1875,7107.5
259436.59375,4880.0
344869.59375,14900.2001953125
555348.1875,17981.099609375
303251.5,8430.7998046875
280676.09375,8328.5
257878.09375,9080.7001953125
298960.1875,6253.60009765625
397726.6875,8027.89990234375
280112.59375,7092.0
563324.125,12847.2001953125
271712.5,5224.7998046875
295291.3125,82715.296875
381946.8125,211102.0
332625.0,17403.0
455371.5,12267.2001953125
575640.6875,14041.400390625
364704.09375,147981.0
568761.875,162452.296875
299003.40625,59504.30078125
251599.40625,7262.10009765625
502899.40625,314848.8125
298935.90625,9212.5
359750.09375,222134.5
559873.875,12898.0
393086.90625,231760.5
586086.375,13929.7998046875
304406.90625,6325.7998046875
542078.875,255708.0
561167.125,324825.59375
314587.40625,62756.0
247560.796875,4297.7998046875
325532.3125,11535.0
326622.59375,76878.3984375
305225.40625,6612.60009765625
330418.40625,144375.296875
460559.40625,266886.5
590183.625,14330.599609375
264830.40625,5894.0
329654.40625,255027.796875
392950.40625,249676.5
529410.375,290832.5
293975.40625,5448.10009765625
605272.375,18657.30078125
314615.90625,38756.80078125
282397.59375,6228.5
433301.09375,277722.59375
601427.375,14942.5
554195.875,13125.5
422221.59375,225115.90625
281970.8125,8464.2998046875
564478.875,12630.099609375
249862.40625,6290.2998046875
592619.875,15641.5
556562.625,11053.0
273085.40625,7388.10009765625
318243.90625,13385.2998046875
594400.875,16964.0
302759.59375,7256.5
544737.625,14776.099609375
273270.40625,6944.0
331062.59375,86341.3984375
352209.90625,217082.59375
320100.90625,17047.80078125
573460.875,13336.0
331878.09375,117299.5
512340.90625,12891.2998046875
365726.40625,133695.296875
427394.09375,241938.0
299351.59375,20536.599609375
587189.875,14988.599609375
440211.40625,366104.8125
310100.40625,63734.1015625
297563.90625,8689.7998046875
439134.90625,238460.0
452267.90625,35200.1015625
305575.90625,10624.7998046875
277075.40625,5948.5
290420.59375,11510.5
352171.09375,85227.1015625
474723.90625,266246.5
298512.8125,7664.2998046875
362052.8125,171944.0
583089.625,17520.400390625
399485.6875,274126.90625
565245.375,13788.7998046875
302354.90625,24914.099609375
412859.40625,312064.8125
286857.90625,5341.2998046875
596922.875,14702.0
309274.40625,40283.5
437775.0,328736.3125
605090.375,17482.69921875
276697.0,9512.7998046875
569851.5,13605.400390625
314900.5,56997.80078125
377267.5,179174.296875
296937.90625,10671.599609375
325384.3125,133554.5
418649.3125,286049.90625
368760.5,131832.703125
504435.59375,260384.203125
311629.6875,58423.80078125
488263.8125,15190.599609375
325827.5,109657.3984375
297618.0,7069.2998046875
292671.5,7426.7998046875
281009.90625,11813.7001953125
452682.0,200499.40625
289038.5,5793.2998046875
411726.40625,293831.09375
594445.875,13721.2001953125
545703.5,204430.90625
293474.90625,9871.599609375
571765.875,279081.1875
311012.09375,7017.60009765625
434481.3125,303448.90625
578585.0,26949.69921875
304270.09375,5993.2001953125
585557.1875,14035.7998046875
299940.90625,48758.1015625
391903.3125,318214.59375
590090.875,14016.7998046875
293943.90625,7784.39990234375
352818.1875,169050.09375
574155.1875,15044.2001953125
353391.90625,25066.599609375
249511.296875,5426.2001953125
348258.09375,203642.0
316994.6875,40767.69921875
545291.875,193671.59375
592101.3125,15435.2001953125
489467.59375,340020.09375
304100.09375,9870.0
423907.59375,308879.40625
346486.3125,126088.796875
605902.6875,19655.900390625
304990.09375,9449.599609375
378380.3125,250794.203125
310821.09375,68852.0
470718.59375,264172.0
511150.59375,22064.5
311109.09375,11806.099609375
408074.59375,247801.5
567494.875,14149.400390625
527781.625,9691.900390625
267688.6875,4648.2001953125
523560.40625,12672.599609375
322694.8125,141187.703125
544042.625,16515.0
303896.59375,7847.10009765625
588265.875,13700.900390625
311798.09375,19614.5
309653.90625,78633.3984375
467942.09375,272488.40625
288806.1875,210962.59375
589496.625,18593.80078125
345193.8125,135590.796875
327283.6875,168327.90625
267398.09375,7442.5
295283.09375,6649.10009765625
604168.125,17344.0
299024.90625,10611.099609375
322908.09375,51698.5
422392.40625,280030.90625
290801.6875,14311.7001953125
393517.90625,239221.09375
293555.3125,9215.7001953125
528804.125,14864.5
338896.09375,131848.09375
302489.90625,7332.89990234375
404661.59375,216517.0
288483.09375,7117.60009765625
287106.40625,5520.89990234375
325944.59375,58986.5
315072.90625,13272.900390625
299769.59375,6671.39990234375
307228.59375,8115.2998046875
328606.09375,68790.6015625
604585.1875,17710.69921875
245985.90625,6796.60009765625
269136.3125,6485.7001953125
366156.09375,218073.0
380503.59375,218101.09375
266242.90625,9912.400390625
294096.59375,5803.0
585971.875,14702.099609375
589385.125,15367.5
395622.09375,251885.09375
296808.59375,9615.5
303004.6875,7382.2001953125
577224.875,14340.599609375
310455.59375,9114.0
281682.09375,6024.60009765625
470278.90625,278520.90625
542053.6875,59279.69921875
409466.40625,287585.59375
568498.8125,203136.703125
282303.59375,7445.5
274833.09375,188585.59375
304085.90625,6200.39990234375
585514.375,16166.099609375
303658.8125,17800.19921875
305008.59375,16852.5
600644.375,13142.900390625
294671.59375,7457.5
469345.90625,323618.90625
301000.59375,22660.900390625
288298.1875,11791.099609375
381955.90625,250823.5
489928.0,50708.6015625
295218.8125,7252.39990234375
326426.1875,70024.8984375
293600.5,7873.10009765625
270545.40625,7462.2001953125
331172.3125,87892.8984375
438671.1875,259337.40625
270625.40625,6819.0
274840.0,5881.10009765625
346708.40625,186790.203125
310434.3125,11668.900390625
392299.8125,257954.703125
349567.8125,129065.5
304415.40625,7334.0
485129.90625,306596.1875
301049.90625,17626.5
333273.0,209651.59375
373923.40625,10236.7001953125
315786.8125,7269.39990234375
256590.703125,5734.39990234375
391210.3125,201721.203125
589599.3125,13599.900390625
261400.203125,6533.5
286752.5,5925.10009765625
564337.875,12686.2001953125
528699.3125,408920.40625
277073.6875,23549.400390625
383141.8125,310396.1875
277630.3125,72301.0
326012.3125,9835.900390625
525369.1875,13244.5
558317.6875,9834.900390625
575250.125,10291.599609375
510069.1875,10142.0
604251.8125,17368.599609375
304391.90625,12052.5
303522.0,9193.599609375
301911.5,11389.599609375
296326.40625,7968.7001953125
289582.3125,7115.89990234375
588714.1875,16011.400390625
485613.8125,15765.7001953125
320508.3125,48640.5
288888.3125,8100.39990234375
324045.6875,105963.0
548544.6875,320951.40625
313034.40625,9042.0
425425.5,248828.59375
285866.90625,7316.7001953125
472587.6875,320184.90625
489074.3125,373882.0
311945.8125,63573.3984375
301235.1875,6197.89990234375
293233.59375,6259.10009765625
381956.0,278948.59375
593806.875,19038.19921875
343286.8125,135822.203125
309860.40625,33887.5
315604.5,11312.599609375
316494.90625,49649.19921875
429346.8125,269501.90625
576916.3125,76696.8984375
476383.6875,291696.5
291877.1875,10730.900390625
586806.625,63808.1015625
325313.90625,124775.5
310769.5,8881.099609375
458829.8125,252761.40625
326582.3125,71367.703125
306456.3125,9661.5
597864.1875,16345.0
551038.0,396891.09375
310486.90625,10003.7001953125
511910.8125,285154.40625
303071.3125,6396.2001953125
377516.6875,192470.0
270604.90625,95836.5
482712.5,339602.09375
288042.3125,44506.3984375
562685.6875,14493.400390625
573566.875,13940.0
491833.90625,276457.1875
488894.8125,12193.900390625
316922.1875,18255.900390625
358789.3125,189583.703125
502384.3125,173782.0
245152.796875,7144.39990234375
331427.1875,270089.90625
324844.3125,259792.5
392579.59375,146572.703125
403393.6875,216064.90625
495702.8125,286851.90625
278657.3125,10011.7998046875
584615.6875,14301.2998046875
304402.5,6542.39990234375
461521.90625,289459.3125
474244.3125,275872.90625
581350.625,13931.7001953125
531468.625,299256.1875
589334.3125,17058.900390625
346814.8125,162113.0
299888.0,5648.60009765625
305541.09375,7649.7001953125
592390.1875,14634.400390625
296073.59375,7108.0
306784.3125,64506.8984375
281444.1875,7039.89990234375
584916.8125,180322.0
311713.59375,67157.703125
327979.09375,66495.0
294035.8125,6314.39990234375
283001.8125,7073.5
546861.5,14635.599609375
525311.125,161794.703125
598578.6875,18479.900390625
581656.3125,17475.900390625
552998.6875,17106.30078125
307646.5,44939.3984375
539003.375,14449.7998046875
291311.5,7138.7001953125
377155.6875,16668.80078125
586103.125,17542.69921875
314131.59375,10984.0
535024.625,234520.5
308965.3125,9065.900390625
403622.1875,11545.900390625
370542.8125,242958.5
598248.0,15853.599609375
473721.09375,332065.6875
298847.09375,7856.2001953125
470210.1875,213326.90625
303927.8125,45122.3984375
569681.3125,13759.7998046875
310437.5,7839.89990234375
408676.90625,215963.796875
370629.90625,232680.796875
302747.8125,11001.400390625
347228.0,15774.099609375
310900.59375,13085.7001953125
343380.09375,13745.5
277857.1875,7446.89990234375
524238.3125,429604.0
341586.5,123369.6015625
401291.59375,223479.203125
409557.1875,12546.900390625
594605.8125,15646.2998046875
437949.5,268263.40625
301134.1875,98378.3984375
536807.8125,11851.0
336042.0,237301.09375
522359.1875,278497.90625
469673.8125,240326.0
358127.0,163655.59375
290830.59375,8753.2001953125
296337.09375,13027.0
287000.8125,14137.900390625
310980.8125,8066.5
575785.0,13194.099609375
298850.59375,30382.19921875
254745.09375,5479.5
299089.1875,7124.39990234375
568571.3125,12690.5
443801.0,173019.09375
304429.09375,80716.203125
587632.125,14236.2001953125
340340.8125,119840.296875
369968.1875,205425.796875
478020.5,403574.90625
390086.09375,9719.5
317860.3125,83789.3984375
607218.1875,14775.900390625
396070.8125,10851.0
503255.5,391217.59375
293143.6875,7031.89990234375
292746.8125,106312.8984375
414481.3125,270235.8125
335267.1875,74344.296875
594808.875,16795.80078125
319069.0,16813.5
312376.3125,10578.7998046875
419605.09375,268097.0
380405.59375,226292.90625
323974.90625,181952.5
316555.90625,9958.0
296469.1875,7831.7998046875
267949.90625,8881.599609375
296853.0,8032.0
300862.3125,12860.7998046875
597409.1875,17040.80078125
247839.0,7547.0
344436.8125,120976.796875
257420.0,99153.3984375
295343.09375,6639.5
575636.625,13221.900390625
566994.875,16543.5
268410.1875,4690.2998046875
566757.8125,14019.7998046875
375729.59375,237250.90625
416857.3125,312122.8125
509150.1875,295794.8125
314770.8125,115580.796875
576032.5,15347.400390625
503980.09375,86889.0
454232.3125,262197.1875
295140.40625,8106.5
270504.40625,8776.5
585534.375,48167.6015625
509461.6875,10537.7998046875
332340.5,260832.5
294890.8125,9888.2998046875
499759.0,368163.40625
340226.09375,42055.0
322353.59375,100174.3984375
377658.6875,204294.296875
334687.0,101634.5
291656.8125,5440.7998046875
251783.09375,22585.900390625
499721.3125,206495.203125
584403.1875,19255.80078125
524897.0,274273.0
297606.3125,7784.2998046875
333877.09375,86440.0
300677.1875,15206.7998046875
319741.5,77795.0
541789.3125,309266.8125
592446.0,15682.900390625
342442.59375,187092.90625
294978.6875,6672.7998046875
270315.0,102944.0
271510.3125,4996.7998046875
336921.5,104752.8984375
593415.625,19423.0
421510.09375,308879.40625
323391.8125,46613.19921875
322855.3125,54598.30078125
330450.40625,58001.0
308244.40625,185202.0
321075.8125,28009.599609375
247670.09375,5134.7001953125
430755.0,269350.0
426063.3125,268269.3125
344049.5,107353.8984375
347745.59375,170025.5
450903.8125,335589.1875
534990.3125,13134.2998046875
348124.40625,77467.5
451733.90625,308258.09375
303020.5,8721.5
576624.125,12748.400390625
584488.3125,17737.69921875
576644.8125,9310.7998046875
388186.6875,271225.3125
270372.0,5950.0
278538.3125,7090.2998046875
246477.5,43158.8984375
300159.09375,8879.5
417653.59375,320508.90625
574091.3125,13064.7001953125
551158.375,254693.5
321219.1875,40882.30078125
294748.1875,6157.7998046875
449150.0,243041.5
302978.3125,7992.7998046875
322572.59375,23595.900390625
561566.3125,298166.1875
276817.3125,7261.7998046875
269554.40625,147917.5
327562.3125,26196.80078125
527046.625,285018.8125
261963.5,11703.7998046875
301588.90625,5763.2001953125
313490.40625,114238.203125
600570.625,17577.19921875
370988.0,157863.703125
545949.625,313198.59375
278628.6875,5992.2998046875
331302.09375,101704.6015625
303148.0,7512.7998046875
561626.875,10880.2001953125
296317.40625,6262.2001953125
253627.59375,7474.2001953125
579704.8125,14826.2998046875
267052.59375,6315.2998046875
297297.5,8767.2998046875
572278.375,12864.7001953125
339240.40625,91842.203125
305077.1875,8216.2998046875
281836.5,34062.69921875
557973.375,12718.900390625
546586.1875,11937.2998046875
361395.90625,169654.0
471415.8125,347458.5
397289.6875,273558.09375
560279.125,12814.599609375
454122.40625,303849.6875
350407.40625,139807.203125
310407.09375,7012.2001953125
577505.3125,15981.2998046875
314461.09375,10512.7998046875
301331.40625,7905.2001953125
602276.875,12519.7001953125
384937.59375,243200.203125
360592.59375,110840.6015625
397741.8125,252898.796875
588368.125,15865.7998046875
286400.5,48282.80078125
255839.90625,98939.203125
583552.375,20853.69921875
300093.5,9175.2001953125
315183.40625,14355.400390625
438021.09375,222974.09375
439934.1875,308297.3125
308835.8125,9052.0
513717.3125,310050.3125
283892.59375,6840.2998046875
471128.5,304593.8125
559430.875,279095.6875
250053.703125,9885.7998046875
284395.5,71857.203125
600185.8125,15684.7998046875
296756.5,109335.296875
527882.625,284878.09375
287548.8125,6777.2998046875
443875.59375,319322.3125
507743.0,337497.3125
298362.09375,8222.2001953125
440207.6875,304656.8125
299937.0,6960.2001953125
536364.625,248486.59375
433308.8125,252128.296875
424653.5,292447.8125
427597.09375,245345.703125
468125.3125,9927.2998046875
527739.125,10624.2998046875
496897.0,345740.3125
384904.90625,218844.703125
309129.90625,9904.7001953125
427038.59375,311608.59375
303502.8125,9197.2998046875
465704.5,348406.8125
474960.40625,213579.703125
580118.375,15308.2001953125
288735.3125,6970.2998046875
580092.625,14301.7998046875
562710.375,202457.703125
300938.40625,12960.7001953125
507122.6875,413263.3125
413596.5,9638.2001953125
359782.90625,204378.0
500140.8125,22501.0
523466.40625,163263.5
344862.09375,166227.09375
547201.125,290500.59375
339452.3125,224515.796875
299548.59375,199494.296875
309163.5,14037.7998046875
455170.09375,394652.3125
307054.90625,27512.69921875
295404.40625,16501.19921875
291607.6875,8298.7998046875
436275.0,324022.6875
468654.90625,316481.40625
309304.09375,58775.1015625
464581.6875,268324.8125
302250.40625,25298.5
404723.59375,312298.59375
297269.3125,6890.2998046875
311675.1875,9078.2001953125
596905.875,14007.2998046875
246768.203125,5318.2001953125
306898.59375,10941.900390625
558622.8125,264477.1875
323173.09375,180503.796875
556378.5,262891.59375
515017.0,13736.2998046875
330268.40625,96334.3984375
408185.5,355346.5
286855.90625,9367.7998046875
415525.5,17568.19921875
569211.8125,199781.203125
412512.3125,320787.3125
288246.90625,5418.2998046875
310602.6875,8450.2001953125
297104.1875,11786.0
355290.59375,102880.8984375
287314.40625,25193.0
507082.3125,330095.1875
494916.09375,404592.3125
565039.625,15989.599609375
313406.5,11006.2998046875
319132.6875,10544.2001953125
302812.0,7330.5
310526.90625,11279.7998046875
299229.0,8509.7001953125
533913.8125,220040.796875
564324.875,12841.7998046875
573775.3125,15868.7998046875
304619.90625,8008.7998046875
466489.1875,14077.2001953125
587438.6875,8131.0
290473.59375,10590.400390625
381507.40625,243062.5
318567.8125,56432.69921875
595950.625,14461.599609375
436216.5,309087.59375
313133.0,16174.2998046875
579926.125,18693.0
418279.1875,299891.6875
265944.8125,7026.7998046875
600005.375,14512.2998046875
294673.1875,45256.19921875
284346.59375,7876.39990234375
354609.3125,12594.7998046875
298345.40625,6861.2998046875
401569.6875,268692.6875
463146.1875,344639.5
253530.59375,5637.39990234375
318681.40625,148089.5
288889.09375,6604.2998046875
570086.125,15806.099609375
318815.5,108675.6015625
564457.5,14399.7998046875
613079.375,15235.400390625
279802.90625,6781.2998046875
269109.90625,9394.2998046875
560970.1875,13926.2001953125
325028.1875,6393.5
510852.09375,361993.90625
569454.375,20553.5
554224.3125,16150.2001953125
299644.59375,9388.7998046875
279985.59375,6623.10009765625
571458.5,107966.796875
345662.09375,109593.5
490140.40625,22074.400390625
474527.5,209540.5
600495.875,15459.7998046875
500745.5,276887.1875
286487.40625,6792.39990234375
298379.3125,7721.7001953125
288371.8125,6053.2998046875
292174.90625,7033.7998046875
317751.1875,237325.203125
507324.1875,375991.5
289314.8125,33039.80078125
583220.1875,98546.203125
298443.59375,6670.89990234375
384703.40625,166807.5
386885.09375,245727.296875
306230.8125,21987.30078125
322334.1875,17160.0
322731.3125,11331.7998046875
386098.90625,266696.8125
484583.6875,222694.703125
598452.1875,14623.5
326222.59375,10296.400390625
519177.40625,375630.5
268998.3125,9283.7001953125
302089.09375,8333.099609375
316503.5,9963.099609375
296008.6875,16005.2001953125
629889.5,24862.5
436378.40625,385227.3125
374037.5,206524.703125
348009.8125,184241.203125
603153.3125,16145.2998046875
572827.375,13088.2998046875
352755.1875,290820.1875
281722.6875,4737.0
285981.40625,5455.60009765625
323761.0,189004.203125
559358.1875,347423.0
415974.8125,246220.296875
360026.1875,210893.203125
296526.59375,6934.0
317720.5,33823.69921875
301740.90625,13666.2998046875
253666.203125,7474.10009765625
371694.6875,182561.203125
299295.40625,8570.599609375
361032.0,148381.203125
601495.1875,15599.099609375
468845.6875,320975.6875
598296.3125,173698.796875
351270.1875,59071.19921875
410418.09375,286770.0
454722.0,14621.2998046875
416292.5,321135.90625
567610.125,14387.7001953125
304281.1875,8684.2998046875
309087.3125,21630.900390625
445867.6875,302112.90625
291824.40625,9139.099609375
609390.0,22139.69921875
570639.875,13190.2998046875
394195.1875,214114.203125
520053.3125,333451.8125
301955.6875,212449.203125
586824.625,14991.5
341516.40625,99094.1015625
294403.3125,9674.599609375
484332.0,354296.1875
291776.40625,5910.2998046875
582483.6875,15771.599609375
306770.1875,10685.5
538742.3125,240351.296875
373228.09375,257353.0
599216.5,14861.2998046875
285280.5,15608.400390625
295374.8125,251628.5
364619.09375,116510.203125
338075.6875,147726.796875
309776.1875,43176.3984375
605840.1875,20447.0
599198.625,16536.69921875
469241.3125,269077.59375
255242.296875,6091.60009765625
448262.5,17983.19921875
554008.875,15782.7998046875
304328.1875,47286.1015625
594446.6875,16905.0
312027.6875,9990.7001953125
554765.3125,317436.3125
294007.6875,6987.7001953125
551279.5,92039.296875
572008.0,13734.400390625
344818.3125,104213.5
348760.59375,28487.19921875
294943.6875,5709.7998046875
569120.8125,14986.400390625
304475.1875,7659.10009765625
581848.875,181371.59375
302147.8125,6585.10009765625
282265.90625,74133.796875
563503.6875,160680.0
317353.6875,10014.2001953125
551767.3125,12237.7998046875
290684.6875,7357.2001953125
390390.09375,261955.0
295799.0,7404.7998046875
540154.5,431013.90625
405556.3125,194797.0
566669.8125,16984.900390625
432964.8125,277026.90625
285155.8125,7709.60009765625
346949.6875,12950.599609375
313361.6875,48499.5
311450.5,54207.69921875
591109.1875,12573.099609375
296252.6875,7765.0
319188.1875,71073.203125
272535.8125,6813.7998046875
484980.09375,334483.0
329611.5,94370.296875
410979.8125,218377.5
280772.59375,6770.2001953125
538936.375,355787.8125
589558.375,15382.099609375
272753.0,10675.7001953125
552296.1875,18455.69921875
543232.1875,12603.7001953125
568107.125,10818.5
436794.0,315943.8125
568039.3125,15530.099609375
320344.5,9323.2001953125
314220.40625,30275.30078125
319099.59375,58803.3984375
319941.59375,130081.3984375
291320.40625,6744.0
380070.1875,230549.796875
292036.0,6003.2001953125
285304.8125,5536.89990234375
298734.8125,6402.39990234375
533062.125,274978.09375
600552.6875,14223.7001953125
324850.3125,24399.599609375
303610.5,6812.89990234375
310054.8125,30243.69921875
590272.875,13389.599609375
380679.0,259156.296875
549430.625,295351.40625
479732.90625,300525.59375
340306.40625,138776.0
454075.09375,226364.90625
254830.40625,6764.60009765625
583716.0,75589.5
600131.1875,15640.2998046875
458650.0,225138.203125
376635.59375,140197.203125
579854.8125,12424.900390625
308714.8125,7079.60009765625
597708.1875,16534.69921875
371053.40625,14600.099609375
281692.59375,29792.900390625
296401.90625,6936.10009765625
262221.59375,26151.400390625
553883.1875,160150.296875
347668.5,107240.203125
276150.09375,6953.2001953125
350100.59375,129824.6015625
558697.375,12020.5
274389.1875,7230.7998046875
310172.09375,15158.400390625
579024.375,16981.099609375
305792.59375,7821.89990234375
576704.375,16386.0
355265.0,236914.0
277860.59375,7150.2001953125
288104.59375,6345.10009765625
463202.59375,277216.90625
443901.59375,338095.90625
264032.5,7180.5
312512.1875,7499.2998046875
287153.5,5660.2001953125
612445.125,13874.2001953125
298031.8125,17281.400390625
601408.8125,78244.8984375
509022.09375,199324.09375
479440.3125,330085.09375
566519.125,123560.8984375
308538.40625,25075.599609375
304382.59375,7782.39990234375
260953.09375,76468.3984375
305252.09375,7245.89990234375
549574.375,13402.0
267219.0,7725.5
309352.1875,11486.7998046875
273862.0,6605.7001953125
302697.09375,23499.19921875
305721.90625,10796.5
319845.5,71389.0
290469.5,52513.19921875
556110.625,283570.1875
437787.3125,134288.40625
463229.3125,268987.90625
404030.09375,251268.09375
329992.3125,95263.6015625
414688.6875,249324.203125
536379.8125,359297.09375
515919.5,279016.90625
336096.8125,15995.7001953125
290672.90625,7610.60009765625
521369.59375,367657.40625
604200.875,17286.5
462766.0,359675.0
559596.6875,359216.8125
293413.8125,7385.7001953125
303636.1875,7262.39990234375
374055.8125,216255.703125
564540.3125,12353.7001953125
293455.09375,5787.89990234375
295882.5,85119.1015625
353449.6875,236246.203125
440397.8125,310448.1875
301103.6875,6409.89990234375
534288.875,232041.296875
299663.1875,8088.89990234375
306713.90625,9036.7998046875
457922.59375,319482.90625
543970.125,13100.7001953125
557066.5,189584.09375
302939.1875,10833.2001953125
374282.0,232862.203125
311075.90625,10247.0
590395.1875,19158.80078125
271936.8125,7354.5
518057.5,15877.900390625
361829.40625,135354.40625
243911.5,26963.30078125
309722.3125,129815.296875
591450.0,13948.400390625
565480.0,14326.900390625
598915.875,17403.400390625
509817.5,14043.2998046875
586618.8125,16312.2998046875
302638.0,8191.39990234375
565983.875,15008.099609375
479565.6875,278753.1875
299183.0,10502.900390625
569966.0,14994.0
269122.59375,6373.5
293143.59375,7790.2998046875
381428.59375,240426.796875
528800.625,223822.59375
307481.5,9210.2998046875
597914.5,16626.900390625
292839.0,6204.2998046875
425411.8125,171629.796875
284816.5,7699.39990234375
399201.90625,269842.09375
528772.0,177057.203125
296624.6875,7728.7001953125
485885.0,426803.40625
300006.0,6876.0
272998.5,7312.39990234375
425945.0,294186.3125
337324.8125,162060.796875
282999.90625,9485.900390625
264180.5,5883.2998046875
361107.3125,198938.296875
310718.90625,8429.599609375
577433.5,21027.19921875
351388.0,141583.5
306394.90625,8289.900390625
282780.09375,3986.800048828125
444621.09375,251864.09375
308202.09375,7029.7998046875
387985.09375,252059.796875
571358.5,13567.0
520622.09375,10797.599609375
595196.3125,16321.7998046875
557090.5,16796.900390625
571230.375,15322.400390625
322192.5,14309.7998046875
492788.3125,264353.8125
590785.5,14861.900390625
300639.0,5981.39990234375
293674.5,5947.7998046875
337187.8125,76411.796875
343296.40625,261102.09375
411811.5,265426.6875
494181.6875,281200.6875
607253.5,16154.900390625
300438.5,9514.7998046875
322623.90625,48534.3984375
329608.59375,40876.80078125
574659.1875,12963.599609375
435760.5,14776.900390625
597313.375,13844.400390625
280684.8125,7180.2998046875
461633.5,12495.900390625
579186.0,54446.8984375
305950.5,23391.80078125
358195.3125,133475.296875
309941.0,71447.3984375
324270.90625,84297.1015625
306775.0,7020.7001953125
301866.6875,14444.2001953125
293693.5,39754.0
509079.0,293918.3125
273607.59375,21287.0
294802.90625,8069.89990234375
485113.59375,335754.8125
284359.6875,7034.10009765625
257830.09375,154871.09375
360455.90625,242745.40625
436715.8125,331363.8125
342296.5,154372.90625
443561.40625,14713.400390625
314531.0,9949.7998046875
371251.0,11713.900390625
317082.40625,42451.6015625
589014.1875,16504.19921875
311701.59375,10946.5
340538.90625,110871.3984375
399042.6875,323015.09375
282503.5,6619.2998046875
290085.8125,90576.796875
523269.5,13056.900390625
457110.40625,274130.59375
305935.0,8843.2001953125
353323.90625,176974.90625
281945.5,186163.296875
280930.0,7052.39990234375
302768.40625,6447.60009765625
598425.5,100900.203125
385693.0,220219.40625
403264.40625,212568.40625
478951.0,365602.3125
302227.8125,7960.2998046875
345310.5,158352.90625
248955.203125,6280.7001953125
308464.0,9017.0
458048.09375,310706.5
306362.1875,7639.60009765625
572323.625,14434.599609375
432075.59375,311860.3125
538342.625,288804.3125
607632.625,16660.69921875
593386.8125,16361.400390625
485206.09375,340951.59375
606411.125,14938.099609375
594951.625,180448.59375
301987.59375,256063.203125
570383.1875,13248.7001953125
536830.625,11964.2001953125
472141.8125,289084.40625
556526.125,307234.09375
586344.1875,14300.400390625
472894.0,236448.703125
555495.875,15811.599609375
319404.3125,12482.599609375
393843.3125,320720.5
608783.125,17623.69921875
576646.1875,12905.2001953125
470769.09375,394166.6875
574621.3125,155400.90625
312517.59375,9722.599609375
311497.59375,12905.099609375
520653.09375,13843.099609375
597852.5,13532.7001953125
474617.59375,328556.6875
296423.8125,5477.89990234375
319551.59375,63065.6015625
568480.6875,10511.900390625
583469.1875,21790.19921875
345809.09375,147788.59375
261339.09375,9855.099609375
283429.5,6429.7001953125
505017.90625,307206.09375
298302.40625,6813.7001953125
585111.3125,12999.599609375
486993.3125,330989.5
640397.625,85597.203125
305244.6875,12678.2001953125
315953.09375,17456.69921875
269671.3125,120510.8984375
527059.1875,294719.90625
275796.09375,8953.099609375
313992.09375,13229.599609375
435752.5,286540.6875
384198.40625,213550.59375
487439.40625,314741.6875
290009.09375,8806.7001953125
326933.1875,165598.203125
567086.125,14086.2001953125
347136.8125,140639.90625
276062.59375,4738.60009765625
315317.6875,23321.900390625
586744.625,14546.2001953125
381207.1875,96412.203125
295341.3125,12370.400390625
569100.625,13597.099609375
270822.1875,4783.2001953125
583938.625,201167.703125
415259.3125,370270.90625
607726.1875,16979.19921875
536343.125,14504.099609375
587330.625,183182.59375
308092.0,224284.703125
584970.125,13688.7001953125
283153.1875,6419.2001953125
511097.59375,16897.69921875
347863.3125,181414.90625
300284.1875,7626.2001953125
324828.59375,79445.6015625
314155.6875,12930.7001953125
498405.59375,309122.1875
301235.8125,7151.89990234375
500540.59375,307833.09375
305571.6875,16418.900390625
418910.6875,322250.6875
443589.09375,251155.59375
564862.125,13478.599609375
421974.0,234679.703125
243576.796875,61544.6015625
391541.8125,311807.5
288458.59375,6177.7001953125
290457.09375,76577.703125
477712.3125,261739.59375
304834.1875,9197.900390625
308458.40625,7887.7998046875
287056.59375,5485.10009765625
302341.5,40242.8984375
293657.90625,47807.1015625
250407.09375,7090.2001953125
571971.3125,16479.400390625
326566.09375,42582.1015625
494653.1875,262878.1875
296033.0,8891.2001953125
560063.375,14762.099609375
314328.09375,40363.19921875
459300.6875,16814.69921875
581905.125,78240.203125
294357.59375,6797.7001953125
304214.1875,10745.400390625
299731.09375,7394.60009765625
562745.125,23603.099609375
290784.09375,7520.7001953125
302770.6875,147851.90625
614320.1875,17807.69921875
292493.59375,7625.2001953125
615300.125,19481.599609375
251006.59375,6884.10009765625
329213.09375,91226.1015625
578825.0,13848.2001953125
299426.40625,9379.099609375
282866.40625,7544.2001953125
260523.796875,66355.1015625
247552.796875,6532.0
320684.8125,13302.099609375
290973.3125,8269.5
305458.3125,7146.2001953125
560222.875,14588.7001953125
379708.0,228615.796875
555301.375,25646.5
346553.6875,198235.703125
597384.0,18764.69921875
354829.40625,80657.6015625
568673.6875,14927.7001953125
331912.8125,13066.0
303118.90625,12602.7001953125
535944.5,304863.8125
595506.875,15590.5
350126.6875,173235.203125
532076.375,347318.09375
578992.1875,214939.203125
433245.3125,7412.10009765625
300702.3125,7283.0
383043.90625,224821.203125
299046.5,55597.80078125
323885.6875,21049.69921875
278322.59375,7442.10009765625
383317.09375,202114.40625
566843.3125,209636.59375
564537.375,14129.400390625
424670.5,269567.5
515327.40625,268874.59375
291451.09375,4829.0
417560.40625,312938.1875
284946.5,8162.2998046875
306463.90625,52164.5
410287.6875,172185.703125
297684.0,34288.69921875
474501.40625,333180.09375
449945.6875,377481.6875
532229.625,270843.09375
446037.59375,209731.90625
294001.40625,6830.89990234375
300942.3125,6612.2001953125
568734.375,14033.2001953125
572950.0,274633.3125
310378.40625,11599.5
308821.1875,9558.7001953125
306713.3125,9727.5
292452.8125,15030.2001953125
548827.375,261445.203125
315566.40625,11192.0
586625.6875,94104.703125
342691.40625,9925.099609375
363191.6875,251389.203125
522413.09375,260202.09375
353550.3125,237608.59375
538736.5,14200.5
302685.90625,6836.10009765625
385870.59375,183191.0
568112.6875,15879.2998046875
548283.8125,14254.7998046875
435783.3125,259329.0
289799.8125,14754.2001953125
317985.5,81237.296875
311260.90625,14535.599609375
566444.1875,14076.7001953125
560408.625,14264.900390625
297079.40625,9348.400390625
322549.8125,96508.203125
423225.40625,326856.6875
484886.5,374528.8125
326676.90625,29790.5
305281.6875,199348.203125
278190.0,5323.2001953125
300478.40625,9053.099609375
580317.1875,14833.7001953125
250809.59375,6220.89990234375
577021.3125,17914.099609375
377362.90625,236790.40625
391120.8125,216556.703125
530081.375,131654.203125
301164.90625,6882.0
558842.0,212246.703125
431430.90625,285229.09375
304220.6875,12142.7001953125
273930.59375,7425.39990234375
290142.90625,5905.2001953125
314743.5,14625.2998046875
383127.90625,244885.0
313131.40625,10683.599609375
455565.09375,321939.09375
364331.59375,213462.40625
588783.375,15060.2001953125
580818.0,14270.2998046875
294763.40625,7938.5
553861.1875,184494.203125
308698.90625,8841.599609375
313555.1875,15282.7001953125
317598.59375,15682.099609375
569984.125,13669.400390625
317507.3125,34639.6015625
437088.40625,232039.90625
303313.0,52986.5
440120.8125,260148.5
312886.8125,11642.2001953125
366836.0,284573.8125
297277.90625,7270.5
452344.6875,301963.1875
603035.5,18657.69921875
527171.875,14250.599609375
352601.1875,150239.203125
351207.09375,159910.09375
289015.59375,5456.89990234375
369112.8125,206398.09375
599191.0,15453.0
308595.3125,13022.0
589490.875,14262.7001953125
377895.0,314411.3125
545753.875,279150.5
512581.0,14374.2001953125
564387.1875,173460.203125
325498.09375,13884.599609375
259143.796875,36428.5
297067.3125,7483.2001953125
248680.90625,5984.2001953125
413866.0,228560.796875
299903.40625,7088.0
600431.6875,17646.19921875
528955.0,15399.7001953125
501657.5,293679.3125
302994.40625,58544.3984375
309214.09375,10155.2001953125
281215.0,8095.2001953125
574728.5,16803.0
502231.90625,314403.6875
332903.6875,121525.796875
591138.5,16110.7998046875
529182.6875,12348.2998046875
465335.3125,446052.59375
324350.09375,84964.703125
291634.8125,6477.89990234375
454412.09375,270385.5
446462.0,223765.203125
301250.5,7302.0
301438.59375,7912.0
594000.625,17526.19921875
558525.0,255899.703125
589025.5,15896.5
288728.6875,6630.10009765625
426813.40625,285598.90625
306831.59375,9542.2001953125
317386.0,175472.703125
297954.1875,7443.7998046875
342293.0,132552.796875
552372.625,28927.0
499242.90625,264343.90625
554157.125,14454.7001953125
260655.0,11230.2001953125
287796.5,7796.0
395625.5,268310.3125
306577.40625,14611.400390625
280309.59375,8072.2001953125
568722.5,12979.2001953125
298897.5,11090.0
292214.90625,12279.7001953125
321141.0,59834.30078125
539327.625,270434.0
388823.40625,153566.40625
412495.59375,284027.6875
284235.90625,6212.2001953125
376449.0,218200.296875
523977.09375,14254.5
343022.90625,99068.3984375
304590.09375,10091.7001953125
345372.5,121630.296875
548491.625,426090.5
501673.0,380696.6875
284954.90625,6761.7001953125
587068.625,13017.099609375
290726.6875,7566.2998046875
304682.0,9017.7998046875
315787.6875,11301.2998046875
366015.0,148239.296875
344995.59375,149031.203125
308856.0,35068.30078125
277339.59375,5517.0
501415.59375,147022.703125
351770.5,186548.703125
573303.125,260795.59375
297867.1875,8406.099609375
344920.6875,14807.7998046875
273690.5,8405.2998046875
428828.6875,309708.3125
289891.8125,6200.10009765625
292558.0,8036.2998046875
533754.875,234093.90625
316585.5,16179.7998046875
322652.09375,11437.0
555823.875,296861.40625
286821.09375,82964.703125
304595.5,10999.2001953125
578596.0,39799.0
366735.90625,216001.703125
513085.59375,330482.59375
307657.1875,10903.599609375
562581.6875,15864.7998046875
598094.125,16838.69921875
298710.8125,57372.3984375
546620.5,124034.1015625
570186.5,13976.2998046875
308272.59375,6414.5
294003.40625,5665.39990234375
530801.125,15454.7001953125
450339.5,243219.203125
536184.5,15117.5
375568.5,212361.296875
309741.59375,9271.0
308424.40625,15829.7001953125
312919.6875,6913.2998046875
301996.8125,14224.599609375
346479.5,139794.296875
282221.40625,8706.400390625
374289.0,192143.203125
499982.90625,247631.703125
609130.625,15336.599609375
305975.1875,7299.60009765625
535511.375,339497.3125
392422.3125,265254.0
313940.6875,65298.80078125
572720.3125,17303.900390625
520511.0,254603.0
305080.5,16896.30078125
429194.8125,260275.703125
555100.3125,12749.5
540084.1875,25587.30078125
549811.8125,32625.400390625
596255.125,16862.400390625
548673.1875,14271.2998046875
302875.3125,53520.3984375
329209.09375,97355.3984375
427089.0,233161.0
582484.0,14363.2001953125
309490.1875,10473.7001953125
444815.0,79663.1015625
262942.90625,117625.3984375
542772.3125,368695.5
293050.6875,76611.296875
319847.09375,94178.8984375
283458.40625,7316.7998046875
597061.1875,236615.296875
284016.0,6042.7001953125
447762.5,286357.8125
319632.8125,10300.2001953125
580653.1875,13914.2001953125
486206.90625,335472.8125
312915.8125,10169.0
307625.8125,8931.400390625
600523.375,153799.296875
349817.8125,183093.5
277342.1875,67015.796875
530060.3125,21385.900390625
535083.625,232894.90625
291985.0,8440.7001953125
562145.0,198877.296875
596255.8125,13812.7001953125
484017.0,6504.10009765625
358205.5,140842.90625
312675.90625,8126.39990234375
338800.90625,27114.80078125
598161.8125,16173.5
320376.1875,11950.7998046875
286633.3125,6330.39990234375
444537.3125,285880.0
282429.59375,7151.89990234375
357066.5,146591.5
534552.0,19850.80078125
289668.3125,5425.2001953125
306019.1875,8475.2001953125
360292.5,177671.59375
582143.5,20045.400390625
568898.5,12983.400390625
582803.375,15471.2998046875
567883.375,12548.2998046875
371173.8125,207819.0
458524.6875,246875.796875
306177.09375,10070.900390625
269159.5,4361.7001953125
573071.5,15308.2998046875
573787.8125,15949.2001953125
308153.0,8664.900390625
591747.375,16521.900390625
446335.90625,294249.3125
432076.3125,361715.90625
246645.59375,6554.89990234375
490732.5,245482.5
295727.90625,19001.80078125
320277.8125,73960.0
367993.6875,218241.796875
287271.8125,6960.89990234375
567061.0,14464.2998046875
294842.3125,6116.2001953125
486625.1875,280500.1875
544456.0,15743.599609375
468411.40625,356832.3125
307635.8125,9763.5
431434.1875,265034.8125
438642.3125,274640.40625
584727.125,16078.400390625
472327.0,321711.0
467694.5,263442.6875
297874.5,7904.7998046875
335449.8125,17821.69921875
442774.0,336400.59375
319706.40625,23995.400390625
564527.375,77881.796875
394685.6875,181317.296875
588612.3125,116739.8984375
291561.59375,7082.89990234375
450931.5,241154.5
512948.0,35817.19921875
286614.5,5642.7998046875
519093.3125,288572.1875
274682.3125,7110.0
430869.1875,161262.796875
398862.8125,258899.40625
422274.59375,20055.900390625
468987.5,237124.5
420258.0,241677.203125
544754.0,234725.296875
309877.3125,9289.2001953125
402624.6875,10637.2001953125
291298.5,11003.599609375
334959.0,228503.09375
589588.0,13812.7998046875
325819.40625,13061.400390625
353329.90625,146625.90625
306544.5,105956.1015625
562045.625,14842.099609375
480555.3125,274413.8125
510516.0,309777.6875
569340.5,12960.7998046875
398702.5,227632.59375
322497.59375,143809.09375
607292.8125,18022.80078125
410222.0,9215.7001953125
301852.5,7806.7998046875
590238.8125,13950.7998046875
365587.90625,162027.203125
484366.3125,269253.5
304644.90625,7367.60009765625
298364.3125,14259.099609375
501551.0,394780.09375
525579.125,338348.59375
277290.5,5361.2001953125
602908.0,17237.30078125
292514.5,7491.60009765625
492211.5,23347.30078125
342025.3125,20020.80078125
324722.90625,23804.69921875
593063.375,16391.400390625
295857.8125,6566.5
413465.40625,254053.09375
569985.5,167081.90625
474327.8125,246378.796875
293954.5,6567.60009765625
330341.09375,134564.59375
260819.296875,11162.7998046875
583521.5,14666.2001953125
403923.0,9592.7998046875
615134.0,20967.099609375
559142.8125,13105.2998046875
371529.0,199670.796875
300127.3125,6597.7998046875
364439.90625,124682.703125
416101.40625,233322.40625
587409.3125,16472.0
545574.375,324070.90625
573065.0,216769.5
430044.09375,367841.6875
270830.09375,10075.2998046875
351020.5,217021.09375
414882.59375,11344.900390625
582891.5,12363.5
314600.3125,11708.2001953125
321814.09375,67645.6015625
588986.3125,15072.7998046875
311283.8125,63617.80078125
567049.625,12893.599609375
579292.3125,29468.80078125
361040.0,125768.203125
295627.5,10734.2998046875
298741.3125,7632.7998046875
258392.90625,9342.2001953125
309974.90625,50435.8984375
302316.3125,85227.5
376513.8125,155742.09375
560881.5,13151.400390625
321133.3125,15712.7998046875
581152.5,70645.1015625
475273.59375,263222.09375
342785.8125,160548.296875
284256.5,10281.7998046875
290200.3125,24665.30078125
315446.3125,99859.5
580105.375,163753.09375
305527.8125,8743.099609375
319192.0,11426.400390625
597884.625,19211.30078125
328929.5,125266.1015625
536905.625,336584.90625
447905.0,231520.59375
364966.3125,199773.796875
368072.0,120931.203125
353898.0,161345.796875
442591.09375,11344.099609375
361134.0,160935.203125
302991.0,14973.7998046875
592496.8125,16767.30078125
349302.40625,9053.2001953125
294374.40625,37663.19921875
298613.3125,9078.0
293200.90625,6140.39990234375
471265.40625,303633.09375
527860.3125,12543.599609375
276678.5,5996.89990234375
282461.8125,5810.2998046875
353542.5,16240.0
312010.09375,13274.2001953125
288365.59375,67081.296875
320219.0,72359.1015625
316573.59375,30902.900390625
388992.3125,257135.703125
320755.8125,16111.2001953125
524779.625,321674.5
305140.09375,7471.2001953125
405510.5,299031.09375
587045.125,14285.599609375
328733.3125,102442.296875
295460.1875,8220.400390625
316402.59375,16424.69921875
280860.5,51989.1015625
360400.0,159465.703125
582055.3125,13221.2998046875
271580.40625,5033.89990234375
611613.125,17474.900390625
344296.59375,106637.203125
312853.3125,28406.30078125
296490.8125,6422.89990234375
275030.90625,9279.599609375
255238.09375,9933.2001953125
341152.5,131337.59375
265496.59375,10288.0
545182.3125,286766.59375
588737.0,17058.19921875
302921.6875,7935.39990234375
292331.1875,6550.89990234375
333264.09375,80867.703125
312759.5,89342.6015625
548043.125,270914.5
520423.3125,301834.59375
303396.5,12455.2001953125
308803.8125,9250.2998046875
564231.375,19762.400390625
340759.0,163568.90625
296944.3125,8985.5
272858.40625,8435.5
422879.09375,316461.90625
568922.125,17499.69921875
516906.3125,278656.3125
440180.3125,312864.90625
309497.40625,10428.599609375
308065.3125,10888.400390625
378577.1875,16131.900390625
286714.1875,7440.39990234375
303980.09375,7591.2001953125
301219.1875,6153.39990234375
345054.09375,274293.6875
264749.0,8076.60009765625
320374.09375,104438.5
338494.0,154555.203125
442782.8125,366233.3125
485356.40625,224262.90625
393694.3125,194886.0
473605.90625,227742.5
298401.59375,7369.39990234375
445782.09375,256434.203125
588781.8125,14093.2998046875
446799.3125,12491.900390625
584752.1875,15617.7998046875
286518.40625,5504.60009765625
573429.8125,17197.900390625
396997.1875,221803.90625
587914.875,15132.099609375
290451.1875,7323.39990234375
312371.59375,7544.2001953125
508321.0,336426.59375
410573.09375,277118.0
316115.5,9416.7001953125
374963.0,205795.203125
606600.8125,16560.30078125
598379.875,16631.900390625
313281.5,23258.400390625
429968.40625,271857.0
284357.6875,11248.900390625
303355.59375,8111.7001953125
568634.0,12794.599609375
283954.09375,5903.5
553228.0,251312.203125
534679.5,339070.6875
588136.875,15201.900390625
289155.5,7559.89990234375
302989.8125,6610.5
271400.09375,7288.39990234375
574710.1875,15048.900390625
546590.125,13622.7001953125
327088.8125,76204.6015625
542437.1875,265805.90625
313726.09375,20592.69921875
570416.0,12543.599609375
303489.59375,8382.5
589962.8125,16199.099609375
282439.5,6857.2001953125
294568.1875,25573.400390625
299793.09375,8527.2001953125
299907.0,9196.599609375
553761.625,175834.0
324966.3125,112174.6015625
290764.1875,9234.900390625
278060.1875,8356.400390625
388766.59375,323632.1875
368275.5,268391.09375
467608.09375,282062.5
330003.3125,93669.1015625
345715.5,251209.703125
599900.8125,20799.80078125
595242.375,15208.400390625
577508.3125,15667.0
279559.40625,6572.0
518688.59375,283354.6875
606409.6875,15757.900390625
289843.6875,6693.89990234375
356481.59375,189654.203125
463909.5,273945.09375
319464.09375,77260.0
570171.8125,348770.59375
316686.0,15911.2001953125
296145.5,6760.2001953125
321931.3125,22618.80078125
298156.40625,7922.39990234375
600447.0,15571.900390625
475274.1875,12215.900390625
540321.6875,278190.40625
339978.09375,176478.5
286017.3125,13307.599609375
399732.0,162479.203125
264496.0,7312.7001953125
306988.8125,8374.7998046875
442087.40625,325597.90625
303247.40625,7871.0
299634.59375,7332.89990234375
303429.59375,7126.7001953125
377095.09375,211138.5
437255.8125,276052.09375
282693.5,4518.2001953125
324972.40625,161536.90625
594186.875,15990.5
383426.09375,273173.40625
334346.59375,64919.69921875
525020.8125,265255.3125
289859.6875,8235.900390625
336761.6875,133345.40625
304196.09375,7389.2001953125
297591.59375,7781.5
481210.8125,105153.1015625
330740.0,292125.1875
298914.90625,8626.599609375
506869.59375,13843.900390625
466263.5,263863.59375
313451.90625,45077.19921875
307862.90625,51219.8984375
255001.5,110398.1015625
453339.59375,187213.703125
293185.8125,21424.099609375
547328.6875,303354.5
496853.3125,317721.0
500481.1875,369842.90625
256074.90625,8105.10009765625
252778.59375,9142.900390625
367152.6875,192548.40625
573356.0,16717.599609375
307678.90625,7048.2001953125
372012.40625,171225.09375
286252.09375,8004.39990234375
289334.6875,8060.7998046875
260091.5,7009.10009765625
260650.90625,5964.2001953125
276513.40625,7449.7001953125
301930.90625,6017.89990234375
563093.625,18153.80078125
290449.0,6890.60009765625
633810.125,18057.19921875
301812.3125,6402.10009765625
273351.59375,10753.400390625
432716.6875,105779.3984375
575671.6875,13329.7998046875
242791.90625,6053.60009765625
300890.6875,7458.7998046875
582906.375,16687.69921875
546406.5,197978.59375
305577.90625,66146.6015625
523790.59375,332591.90625
587147.6875,14966.900390625
594853.375,14305.7001953125
534307.5,249491.59375
557615.875,11763.7001953125
296007.90625,148384.703125
307030.40625,95178.3984375
557040.375,183699.09375
588071.6875,14415.900390625
570224.6875,14565.7998046875
349858.90625,259276.703125
304242.0,10567.099609375
521761.90625,13847.599609375
582830.625,13885.400390625
395233.1875,260042.40625
299034.1875,7155.2998046875
581036.375,325073.6875
500805.5,14162.599609375
517689.09375,314007.90625
466394.6875,13825.900390625
580367.6875,16749.80078125
345354.40625,104907.703125
326799.09375,82134.3984375
569127.6875,14735.900390625
526006.1875,240441.796875
358815.40625,12838.7001953125
295798.5,9340.099609375
454441.40625,249460.59375
530833.125,125419.8984375
576907.6875,14750.900390625
371670.90625,211339.703125
584823.0,13815.599609375
335474.40625,78935.203125
582410.125,137432.90625
282926.6875,7858.89990234375
277879.6875,6624.7998046875
419144.09375,204300.90625
390574.1875,254880.90625
584055.375,14943.7001953125
399954.0,230437.59375
581720.375,17041.69921875
434780.0,12939.599609375
314841.09375,40837.19921875
301147.5,8054.7998046875
504180.3125,335035.90625
465466.1875,328640.5
341608.90625,11350.099609375
601103.125,21614.400390625
440279.09375,328286.90625
438711.6875,12095.7001953125
318789.5,9064.900390625
317934.40625,45224.19921875
383294.0,274940.40625
483616.8125,309472.1875
494732.1875,263653.0
309943.09375,19174.400390625
297381.1875,6591.7001953125
540909.0,16368.400390625
352288.59375,92335.3984375
294758.0,8855.400390625
371342.5,7621.89990234375
549802.0,12940.400390625
330626.8125,12914.7001953125
403385.59375,252070.90625
296791.6875,6235.2001953125
276851.0,8186.89990234375
399935.59375,182529.90625
301923.6875,6455.2001953125
518704.0,320688.40625
292330.90625,5832.7001953125
448441.0,300957.90625
500168.6875,252741.703125
576384.3125,14458.2001953125
558989.625,13078.400390625
298926.6875,7388.2001953125
309454.0,16388.400390625
294289.0,69604.8984375
340479.0,114703.8984375
408884.1875,301000.6875
487324.59375,179560.40625
363475.6875,196846.203125
311744.5,40292.8984375
377802.90625,257444.203125
250233.0,6301.39990234375
311087.0,8326.900390625
575352.6875,13871.7001953125
297858.3125,11408.7001953125
412093.5,224358.59375
384145.6875,17227.5
298363.90625,7845.89990234375
436777.5,269358.40625
505484.09375,324936.40625
323229.6875,91717.203125
568590.875,13634.2001953125
399909.09375,243442.40625
544882.1875,11817.7001953125
322921.0,9983.400390625
333387.90625,8065.7001953125
606993.5,19938.900390625
292896.59375,6066.89990234375
315271.1875,89554.703125
345951.0,148581.40625
297690.5,8287.900390625
485725.0,160796.40625
302833.1875,9021.2001953125
306342.8125,11846.2001953125
419218.5,236453.09375
530919.125,276144.40625
279943.1875,6880.7001953125
346424.5,134530.40625
403949.1875,358085.6875
292568.0,6674.39990234375
568204.875,185154.703125
255018.5,22249.400390625
303132.3125,8595.2001953125
583302.125,12836.400390625
578628.6875,13251.2001953125
390078.0,17043.400390625
577753.375,13670.7001953125
318919.59375,45641.8984375
297978.6875,5772.7001953125
557833.1875,12466.2001953125
293299.6875,5713.2001953125
304507.09375,8670.2998046875
293230.40625,59472.5
528007.625,12126.2998046875
598485.0,31078.69921875
527454.875,216779.59375
384655.09375,271151.40625
304475.3125,6764.39990234375
335947.40625,9771.900390625
333057.0,108243.203125
474885.09375,189970.796875
574593.875,14151.0
286096.6875,6760.7001953125
572864.125,11726.7998046875
597522.875,18212.5
452224.59375,269142.3125
303646.0,7428.2001953125
343116.40625,177809.203125
299541.90625,14864.099609375
387249.40625,14308.099609375
529942.625,47722.0
576024.6875,15926.0
293759.09375,7078.7998046875
439715.1875,248990.59375
295191.3125,15366.5
524531.0,274622.1875
305708.90625,9225.5
407533.59375,313847.8125
585681.5,11451.2001953125
578483.875,14290.099609375
476803.09375,359036.90625
503382.8125,284097.40625
364489.40625,251449.40625
468323.90625,289376.3125
581791.6875,15118.5
294145.09375,8533.7998046875
321449.1875,27502.099609375
533522.8125,378624.0
370739.6875,271103.59375
303807.3125,5990.7998046875
571460.625,125692.296875
555708.1875,13873.7998046875
322002.5,91030.203125
438142.6875,283842.0
555283.8125,17200.900390625
584690.625,16827.80078125
330367.1875,140367.203125
512831.0,15931.2001953125
356015.0,161306.703125
306696.90625,27965.19921875
301672.40625,11857.099609375
355144.59375,232142.40625
336600.8125,23872.400390625
480073.40625,202687.09375
401777.40625,10909.2998046875
290363.09375,7132.0
577917.125,14170.2998046875
566352.0,16358.5
551653.625,13938.7998046875
515138.0,15169.2001953125
457215.5,203952.296875
356569.0,156766.703125
449781.6875,300804.5
318217.3125,13393.900390625
250408.09375,7689.7998046875
326786.8125,110205.5
279948.59375,8649.0
589076.1875,13442.2001953125
484938.0,288939.6875
297497.09375,7967.7998046875
491225.90625,355848.5
269213.09375,8598.7998046875
371055.90625,274064.1875
567270.375,14612.099609375
422327.09375,303097.90625
295098.8125,7153.39990234375
319908.90625,13791.900390625
279742.90625,6589.60009765625
571860.375,14701.7998046875
598741.125,19617.0
319017.1875,129628.0
577611.6875,15973.7998046875
297702.09375,15517.2998046875
287363.5,8062.0
299948.1875,7753.60009765625
355734.3125,183326.5
599707.6875,18333.099609375
568128.125,205235.296875
587311.5,15870.7001953125
340548.0,167252.296875
373756.6875,248817.59375
376694.0,209906.703125
530757.8125,236324.40625
252307.09375,6404.2998046875
564447.125,13984.0
484064.09375,305830.59375
299605.3125,8918.2001953125
426091.8125,293172.09375
298994.1875,7976.2001953125
589335.375,14320.5
285225.90625,8269.900390625
392390.90625,251096.0
552649.6875,155691.5
303371.59375,82485.703125
275100.5,6977.0
310053.3125,14578.2001953125
313490.3125,69903.1015625
597800.6875,14250.599609375
417128.3125,263002.09375
294732.5,9541.0
501809.3125,360067.6875
319855.0,9373.900390625
569026.6875,14174.599609375
345539.0,133383.59375
287668.59375,8651.7001953125
562791.3125,40702.5
273413.1875,6676.5
368629.1875,241336.59375
575188.5,13341.900390625
279886.3125,6695.39990234375
262078.5,29487.099609375
305519.1875,21612.30078125
398257.09375,128471.796875
561996.3125,343029.5
309647.3125,12965.400390625
578272.625,17615.5
309082.40625,39833.3984375
290402.1875,7903.10009765625
287995.1875,10000.5
430707.40625,371576.3125
510222.59375,28172.19921875
302054.3125,10321.2001953125
492667.8125,238787.09375
369703.1875,12187.099609375
431378.3125,383087.59375
293916.3125,6867.5
297272.0,8072.39990234375
587101.6875,15830.599609375
570110.625,14140.900390625
588604.8125,17742.5
563497.125,13447.5
375232.1875,168654.5
308682.6875,9797.599609375
303047.59375,9460.7998046875
335822.5,82367.1015625
537795.6875,109929.296875
548142.375,221748.40625
306033.09375,8452.7998046875
378908.3125,191153.5
317957.3125,8484.900390625
391500.6875,298571.09375
274227.3125,8215.2001953125
333268.5,99027.1015625
583673.625,14791.0
302523.8125,12279.2998046875
426818.40625,260039.09375
301768.90625,6572.7001953125
315347.3125,34816.69921875
456915.6875,12166.0
399973.40625,295271.5
283411.90625,36052.30078125
394448.59375,227638.703125
425147.5,284213.0
568490.3125,16505.5
320616.3125,65419.69921875
475790.3125,302542.09375
324764.1875,16896.599609375
525005.3125,400643.09375
269360.0,5913.60009765625
467889.3125,12937.5
306163.3125,9016.2001953125
293763.0,7737.39990234375
274760.5,30784.599609375
273796.09375,7600.7001953125
512977.8125,12858.5
566201.125,12317.0
342327.1875,189812.0
269798.0,15570.400390625
303745.3125,9977.900390625
261687.59375,7663.2998046875
574441.875,16083.0
302691.1875,9294.5
256176.40625,28789.80078125
543980.125,284207.1875
309236.5,44002.5
250138.796875,7072.5
291212.8125,232286.59375
607653.6875,19569.099609375
290420.0,7371.10009765625
294926.8125,7041.5
598215.1875,16284.099609375
287433.0,8950.599609375
623452.8125,16821.5
350820.59375,172184.0
421434.1875,254969.5
278523.1875,6733.60009765625
263299.5,6165.39990234375
574672.8125,12372.900390625
583584.625,21443.30078125
409267.0,283484.09375
343172.1875,191853.796875
341381.59375,256227.296875
297519.3125,8557.5
366712.3125,225999.90625
589395.375,14318.900390625
296941.6875,9495.099609375
312897.3125,7510.2001953125
571419.0,13783.099609375
581906.125,18311.5
461614.1875,370876.8125
296532.3125,7525.2998046875
461934.40625,232227.59375
364855.90625,260818.203125
320424.8125,28442.19921875
304009.6875,6681.5
267734.5,6286.60009765625
275198.1875,8846.7998046875
584246.375,15777.5
290729.6875,8033.0
558402.875,182715.296875
306222.59375,12375.7001953125
301322.0,27526.5
485791.8125,268722.0
290713.3125,7007.60009765625
341805.1875,102948.1015625
282464.3125,9543.099609375
258539.5,11228.0
339698.3125,94600.5
491255.1875,289287.59375
298881.09375,8665.7001953125
615737.125,18697.900390625
261099.59375,7241.0
283146.6875,8793.5
512455.1875,393003.59375
474709.90625,224722.5
486447.6875,269068.0
306805.90625,232407.296875
600536.5,18126.5
530477.3125,270803.0
587122.8125,14844.2001953125
279483.1875,6201.60009765625
344899.0,154137.09375
291709.0,7224.89990234375
577451.6875,18928.599609375
472799.0,208312.09375
334265.09375,52376.69921875
332964.3125,120135.5
383791.09375,242623.5
321798.1875,61620.0
573117.6875,15690.599609375
381758.5,198427.90625
298933.3125,14051.900390625
303725.09375,8246.2998046875
299407.90625,28983.400390625
581049.125,13975.7998046875
548804.8125,23804.0
511192.8125,275492.40625
343302.90625,63603.3984375
291454.3125,7273.2001953125
563144.875,15559.7998046875
288569.09375,7473.0
391949.1875,210915.796875
301915.3125,7995.2998046875
276578.90625,217736.59375
281132.40625,8458.7001953125
579796.3125,17587.69921875
329402.1875,18662.0
453639.5,298455.09375
436315.1875,290153.8125
436999.59375,243849.59375
363026.8125,168035.203125
306062.40625,9837.5
314500.90625,9223.2998046875
427067.59375,291058.1875
524427.0,400712.5
364005.3125,248645.0
306597.3125,8495.7001953125
397711.3125,212481.09375
365226.8125,177828.09375
319078.5,22009.099609375
409580.5,117684.0
568609.8125,14783.5
410431.3125,286724.6875
464327.0,12745.400390625
308480.1875,55274.6015625
587733.5,16033.099609375
578001.3125,17130.5
543462.625,311917.0
456327.59375,325744.6875
262108.296875,8064.60009765625
348519.0,102453.6015625
301653.0,8302.0
333080.8125,199129.5
289711.3125,7559.2001953125
468239.0,308626.40625
424354.6875,239515.59375
598135.5,20652.599609375
289709.8125,5890.5
272341.59375,10551.0
287458.6875,7802.10009765625
241884.5,7649.39990234375
577268.8125,15226.400390625
285257.09375,7055.2998046875
594758.0,20117.099609375
524832.1875,107873.796875
343453.90625,8566.900390625
267924.09375,8165.2998046875
589578.3125,14131.0
307311.3125,8407.400390625
412703.59375,8651.0
302009.90625,9912.400390625
339032.6875,107725.1015625
583076.3125,24647.19921875
463830.40625,10217.7998046875
490530.0,294723.59375
277973.09375,6532.5
298360.8125,8211.7998046875
303259.90625,27625.19921875
280521.6875,8771.0
269539.5,5911.60009765625
288307.1875,6008.2998046875
560236.625,13815.599609375
298249.59375,7976.5
298174.3125,6331.2001953125
364379.09375,262303.8125
571982.625,13752.099609375
404335.5,133023.203125
581610.6875,15435.7001953125
574572.5,15378.2998046875
334639.1875,140943.703125
403003.3125,281064.0
364060.5,272736.5
466906.40625,241215.90625
464981.59375,13961.400390625
568201.375,14371.5
352075.6875,209950.5
596487.125,14386.7001953125
536597.0,13900.5
298721.3125,24020.5
279573.3125,8718.7001953125
315964.6875,64189.1015625
414299.3125,206685.09375
327132.0,73960.1015625
294017.8125,7051.2001953125
384503.5,189232.90625
285714.1875,6570.10009765625
290900.0,8877.599609375
268596.09375,18661.69921875
291843.8125,6758.0
311672.1875,7290.0
540128.3125,285630.40625
328319.09375,109856.296875
347332.40625,129968.3984375
588221.625,15780.7998046875
547093.3125,226069.5
276888.40625,6563.0
277798.1875,6412.5
289735.0,6769.0
462117.3125,296400.5
388915.3125,156776.703125
454214.8125,295737.59375
527548.6875,266872.59375
586912.3125,13581.099609375
301397.0,6974.10009765625
562847.3125,15081.0
425986.3125,348216.6875
288550.5,12406.900390625
343196.1875,147563.09375
305566.0,9925.599609375
560566.125,14156.2001953125
360760.8125,292313.0
547335.125,12671.5
466168.5,289142.90625
468802.8125,332610.90625
531984.625,316330.8125
426007.1875,321706.8125
291530.90625,13141.900390625
371227.59375,277441.3125
587846.8125,15774.400390625
530603.125,400487.0
306836.90625,8190.89990234375
296774.1875,8946.099609375
302237.3125,8949.7001953125
347468.90625,182383.296875
309744.5,8335.599609375
344227.8125,88030.796875
294848.3125,11687.2001953125
555651.0,13296.099609375
302659.6875,9051.7998046875
593855.625,14974.099609375
299796.09375,7718.0
355640.40625,189624.5
441625.1875,302445.0
348449.5,202372.5
295603.3125,9084.0
290961.3125,5550.7001953125
317630.3125,255080.09375
431395.6875,123736.1015625
569071.3125,17275.099609375
294833.5,50381.1015625
348784.0,144766.5
302861.8125,47710.5
291169.3125,5557.2001953125
388961.6875,236178.09375
303449.5,8488.599609375
318820.09375,8321.2001953125
579964.625,17016.400390625
283249.8125,6773.0
318911.59375,27190.5
490032.1875,244423.09375
286590.3125,7668.89990234375
304901.59375,8150.2998046875
465356.1875,322244.8125
304762.90625,8059.39990234375
423681.59375,247830.796875
591560.375,14461.0
358928.1875,198360.0
411371.59375,264943.6875
388852.5,9291.0
567398.3125,14346.0
361813.3125,68007.203125
589319.3125,16145.099609375
552213.6875,243599.59375
606849.3125,20722.599609375
320277.5,68243.5
474755.3125,301492.1875
480644.0,274332.40625
403219.5,263217.59375
288100.09375,75354.8984375
580728.3125,15955.5
275247.59375,7560.0
600355.6875,14148.599609375
514895.0,317421.40625
285159.8125,9669.400390625
303612.5,12230.099609375
319139.1875,55727.80078125
319042.90625,48546.8984375
406474.59375,229493.796875
439350.3125,296865.5
515310.09375,252847.5
304075.90625,8484.400390625
492010.5,282919.59375
259077.203125,12471.2998046875
349106.90625,125787.5
277404.3125,121749.5
600285.8125,15078.099609375
291791.5,8182.60009765625
535789.0,34418.5
327322.3125,90976.5
292873.0,10271.599609375
308798.59375,24222.19921875
487099.59375,398047.40625
553600.8125,15395.5
359006.59375,213347.5
286176.6875,8033.60009765625
596793.5,22381.400390625
492130.3125,306703.40625
528370.5,266442.59375
318521.1875,106024.296875
553737.875,15759.900390625
491726.09375,242526.796875
370277.3125,244118.40625
306106.09375,12142.5
381840.90625,255746.40625
283573.3125,7242.2001953125
569461.375,232422.796875
593127.0,18237.599609375
332564.90625,72871.0
297440.6875,9849.5
314761.40625,12945.2998046875
312573.09375,8696.7001953125
264854.5,13855.0
580058.8125,15018.5
400878.8125,283037.1875
350188.8125,182510.59375
283695.6875,9312.099609375
291928.8125,6786.60009765625
536329.5,15946.099609375
320182.0,15965.5
283362.8125,6683.5
527998.8125,15426.2001953125
301236.5,32478.900390625
312306.6875,10887.599609375
424789.09375,262650.1875
350511.09375,240619.40625
273655.8125,8316.5
333371.59375,129955.5
470335.1875,272489.59375
544367.0,391950.40625
434641.8125,11749.400390625
350607.5,97648.1015625
303013.1875,29165.30078125
300473.90625,9279.400390625
464692.5,253615.5
332531.09375,8226.7001953125
281230.8125,8843.5
291702.1875,5628.60009765625
593199.375,15572.0
274584.90625,5028.39990234375
355279.40625,270701.40625
307730.0,11759.7001953125
318111.90625,104141.8984375
317406.1875,50447.6015625
458961.1875,183857.796875
335934.1875,33267.69921875
259251.90625,7196.2001953125
282594.1875,7416.89990234375
356997.6875,184628.703125
378694.0,24285.80078125
556354.6875,15986.0
303161.40625,8666.5
588110.375,15690.5
314167.3125,64643.69921875
392615.5,176201.5
577213.6875,19849.69921875
296874.59375,36993.5
300246.8125,9049.099609375
337838.8125,278189.6875
267471.8125,6678.5
360952.5,83182.296875
284854.40625,7301.39990234375
309180.40625,139113.796875
561178.3125,13971.2001953125
262247.09375,7833.0
302629.90625,8372.2001953125
303443.3125,8292.0
521915.1875,334559.6875
596155.125,16575.19921875
371272.0,8730.0
291320.0,7082.7001953125
542711.125,209317.09375
570859.125,20184.69921875
264417.8125,8564.5
302757.1875,11947.599609375
300562.8125,7272.2001953125
595651.375,21649.400390625
284662.40625,9297.2001953125
305839.40625,8293.400390625
292489.40625,7208.39990234375
356485.6875,244164.796875
327904.0,47482.69921875
303737.5,11502.0
590651.0,17800.69921875
313183.59375,11304.2001953125
347435.8125,159437.5
246696.40625,8152.7001953125
533581.6875,311389.09375
316171.8125,14394.2001953125
307066.40625,11744.5
287908.90625,8548.400390625
388730.90625,10766.7001953125
317973.90625,24950.400390625
310026.1875,22460.099609375
580054.6875,16784.30078125
580066.1875,13386.2001953125
422405.0,239269.203125
306455.90625,46932.19921875
293533.6875,7582.2001953125
540713.6875,14029.900390625
484281.40625,294135.09375
303067.5,7027.7998046875
564036.375,229081.5
276490.3125,8011.7001953125
323057.5,7047.0
441162.6875,286463.6875
277377.09375,9935.5
543002.3125,290609.09375
310363.3125,8091.2001953125
557772.1875,216224.40625
335590.8125,60773.0
292793.5,21525.80078125
314557.90625,20069.900390625
313730.90625,8744.7998046875
292127.3125,7458.2001953125
308767.40625,16839.19921875
340728.3125,210257.0
304917.1875,7614.2001953125
310813.1875,95458.703125
247292.203125,5930.0
292981.5,8677.5
599054.5,26742.30078125
461130.40625,185839.5
269439.5,6880.5
291976.59375,7609.60009765625
281291.8125,7782.0
512315.40625,10997.2001953125
297211.1875,10903.099609375
316346.3125,93789.203125
324397.90625,121508.0
352200.90625,196183.90625
327391.90625,10766.7001953125
317486.90625,66023.3984375
594057.0,17641.69921875
287734.40625,7786.89990234375
303809.6875,8676.599609375
308657.1875,8063.2001953125
384646.5,308847.5
520950.6875,349358.40625
428834.1875,321517.1875
278031.09375,9856.7001953125
414813.0,62889.5
598289.5,15795.2001953125
599130.3125,16703.5
290833.40625,8492.7001953125
554926.875,248895.5
552936.375,274332.6875
299881.0,5947.7001953125
384759.90625,245065.40625
300866.1875,7674.60009765625
315118.6875,55020.80078125
423955.1875,296838.1875
599500.0,22663.5
307995.1875,7973.39990234375
340477.1875,8388.400390625
303815.40625,9473.599609375
290220.0,8236.7998046875
363237.1875,195966.0
310581.90625,10491.5
559425.875,294085.0
575511.3125,14741.7001953125
364317.5,228237.5
356107.6875,193941.703125
292452.59375,8107.0
277448.3125,175285.09375
448417.1875,288033.40625
317073.09375,83114.703125
276973.0,7377.0
308555.0,7397.2001953125
555785.125,16299.7001953125
297902.3125,9261.0
319721.90625,130545.703125
552191.1875,16204.099609375
572915.375,12732.5
296741.90625,8808.2001953125
544219.875,365572.90625
286605.5,9166.2001953125
407904.90625,295634.40625
507044.6875,390067.59375
405106.6875,264353.8125
325339.0,117428.203125
352775.5,184883.5
414954.40625,361208.6875
556232.1875,282086.1875
451227.5,15216.099609375
416057.1875,202097.40625
398418.5,172435.296875
310619.90625,12615.599609375
277914.1875,40802.5
307275.90625,13283.5
274906.0,8307.5
560133.1875,17189.19921875
320499.59375,122114.0
321112.3125,31241.099609375
589729.1875,17949.900390625
567405.3125,167984.5
305684.5,8922.2998046875
562302.5,253052.203125
309664.09375,12947.599609375
410480.59375,291497.1875
589869.3125,140707.5
425526.6875,304671.59375
313334.8125,36788.19921875
444983.90625,270677.90625
332545.40625,127430.203125
291226.40625,7695.89990234375
262871.1875,6240.10009765625
296999.1875,6948.2998046875
504771.6875,252290.703125
587198.375,17710.19921875
469232.6875,261967.203125
288730.0,12125.099609375
572693.6875,16748.900390625
307362.5,54470.30078125
372166.90625,238375.09375
286869.5,6218.7998046875
585247.6875,14970.0
302454.90625,8987.0
310067.90625,53843.0
565561.5,436721.0
249029.59375,5976.2001953125
265581.59375,7636.10009765625
488463.59375,323878.6875
613538.3125,18623.0
304697.90625,9839.2001953125
329351.1875,116457.1015625
326180.8125,92259.203125
576289.375,12771.900390625
580327.875,13373.2001953125
303056.0,9128.7001953125
443762.40625,318287.90625
372197.6875,199035.09375
309132.1875,16614.19921875
535343.0,16533.69921875
286941.5,7796.0
577732.875,18121.69921875
289890.1875,8704.2001953125
551406.5,275569.59375
394878.0,328257.8125
572351.875,14731.5
302411.3125,66303.703125
566716.0,13638.0
326420.1875,180912.203125
282682.59375,8121.2001953125
474183.0,253792.5
270355.5,235889.203125
292238.59375,7829.60009765625
615950.8125,19103.5
290500.1875,7427.10009765625
584032.3125,16778.69921875
422097.40625,10205.0
586000.375,13498.900390625
554042.875,14230.2001953125
303001.90625,7019.89990234375
274666.5,5408.7001953125
474222.90625,395947.40625
446109.6875,257794.09375
297457.6875,8361.2998046875
272396.0,5405.2001953125
302622.0,7110.5
452583.40625,194919.703125
593352.6875,133083.90625
569086.0,15882.099609375
336901.1875,233441.90625
581907.5,17000.80078125
299217.6875,10276.5
302457.90625,8547.5
439862.90625,9950.5
426282.1875,14198.7001953125
432143.8125,211218.09375
580902.625,22874.69921875
412473.5,312826.0
268127.0,9071.2001953125
543015.625,377600.59375
437105.3125,271670.0
341110.6875,103081.6015625
488272.3125,358682.6875
271861.40625,7211.5
336358.40625,16208.900390625
307816.40625,9315.2001953125
299157.40625,7500.39990234375
445764.1875,324226.09375
470862.0,301500.0
337905.40625,154760.703125
505850.1875,319694.90625
287602.0,6547.60009765625
591642.1875,76994.8984375
352614.5,147432.296875
382920.5,239547.296875
570421.1875,16308.5
316011.90625,97823.0
287745.90625,7453.0
500450.8125,277943.6875
302547.5,10256.0
299750.6875,9550.7001953125
361747.59375,10447.5
505192.3125,262937.09375
267754.8125,7254.2001953125
456244.1875,188649.40625
572775.5,13904.2998046875
271897.40625,15682.900390625
463780.09375,299611.1875
407029.5,272367.5
507265.0,204258.703125
607219.625,18933.099609375
580423.625,13588.7001953125
265405.8125,147703.5
381806.90625,14262.7001953125
302756.3125,42975.69921875
486472.90625,356668.0
283247.40625,13063.400390625
334583.5,221321.203125
316491.90625,77849.8984375
302833.1875,118396.796875
392541.6875,218061.203125
313107.0,40204.5
295815.40625,18592.69921875
584588.6875,17830.400390625
273156.6875,14521.2001953125
291843.5,7237.10009765625
301287.5,6158.2998046875
327342.1875,14872.0
583032.375,14833.5
307253.8125,15762.7001953125
528193.0,283503.0
297965.59375,7264.5
571833.8125,21034.69921875
302469.6875,7318.39990234375
376286.5,148996.796875
288364.90625,8004.39990234375
491013.40625,217351.296875
342819.3125,126610.203125
374952.59375,186822.5
577880.875,14545.7001953125
459830.8125,241561.0
286227.1875,8282.7001953125
306562.6875,14581.7001953125
438208.6875,278998.0
594801.0,14066.0
402135.0,261549.296875
506616.90625,301605.0
304700.5,17406.19921875
354261.5,167624.0
301096.5,8644.2001953125
300714.59375,8995.599609375
572274.3125,13336.0
257632.40625,10674.7001953125
370930.1875,275663.59375
521957.40625,303183.5
577936.375,16041.400390625
318182.40625,21141.69921875
299220.5,10007.2001953125
292915.40625,8180.89990234375
542624.6875,277327.8125
362028.6875,148648.203125
460298.0,253729.203125
572125.5,229312.0
578111.875,139353.203125
255808.203125,6923.39990234375
316162.1875,56386.69921875
297445.6875,62570.8984375
608333.5,17823.30078125
481446.5,97538.296875
573087.875,12823.5
581415.625,173903.703125
396564.09375,268617.59375
248560.09375,14549.2001953125
349317.8125,165840.0
445595.90625,174608.203125
296049.1875,7833.10009765625
305246.3125,24170.69921875
304225.90625,7632.0
315273.40625,17095.400390625
292003.90625,7120.2001953125
300727.40625,72577.8984375
374173.1875,131029.1015625
526757.6875,326312.8125
312750.6875,10944.7001953125
297276.5,186298.703125
406323.5,183216.0
284468.90625,9171.7001953125
316253.1875,8441.400390625
275048.5,6125.60009765625
290079.0,10671.7998046875
550922.375,14627.099609375
306706.5,10963.2998046875
332636.6875,107495.0
373613.8125,199737.703125
355004.0,184227.0
309995.6875,8769.2001953125
478181.09375,349672.0
295617.3125,26358.099609375
558967.8125,17318.5
562704.375,15251.900390625
498784.40625,14435.7998046875
576349.8125,13274.7001953125
392560.8125,13511.0
576424.1875,103303.203125
569163.1875,17856.5
294785.5,7981.2998046875
613834.875,18296.0
592688.8125,16332.0
566854.5,12675.7001953125
292069.40625,9076.599609375
291363.40625,7746.39990234375
319547.1875,18018.099609375
301967.6875,7969.7001953125
377714.5,209386.703125
375507.5,57224.5
458094.40625,297570.6875
596486.625,14154.599609375
360967.3125,194495.0
459970.90625,14412.2001953125
350735.1875,177855.59375
347239.40625,13240.5
248968.90625,6377.39990234375
305036.0,9039.7001953125
596544.375,15407.400390625
428142.1875,285139.59375
314219.6875,64980.80078125
297313.5,8604.2001953125
313316.40625,9062.7001953125
298388.1875,22563.900390625
397892.1875,248045.703125
313316.5,11821.599609375
295916.59375,8949.2001953125
526456.5,13916.5
496374.5,11921.2001953125
303234.09375,8514.599609375
299297.09375,8354.2001953125
427756.6875,310914.09375
460924.3125,349500.6875
266641.90625,6879.5
549431.875,448735.40625
465022.90625,284766.90625
313802.5,43083.19921875
406001.90625,31309.400390625
274729.1875,7834.10009765625
539035.1875,205299.703125
376457.40625,212855.203125
298165.1875,6857.89990234375
472352.6875,294822.6875
599225.1875,21822.400390625
291065.0,16707.30078125
491047.90625,329937.09375
331529.0,106094.296875
588617.375,18955.5
481417.0,281242.5
537841.6875,230061.203125
350710.09375,175253.5
273873.3125,9172.599609375
334932.8125,97235.0
305769.5,17138.80078125
537652.375,14004.900390625
317009.90625,76532.296875
308562.3125,13412.0
308360.1875,7173.7001953125
292987.1875,10029.7001953125
379798.0,296129.8125
276923.90625,7116.5
278423.8125,9975.0
286168.5,7019.7001953125
335767.59375,66826.8984375
564272.8125,61641.8984375
292295.59375,9808.7998046875
318876.3125,21397.80078125
341787.90625,119071.6015625
536059.375,262733.09375
315090.0,123778.703125
319338.40625,10158.900390625
494869.8125,263443.90625
308930.90625,12133.0
386611.09375,239903.796875
472233.8125,318446.90625
580746.375,14020.900390625
296440.59375,9154.2998046875
554315.8125,16982.80078125
577411.0,15412.2001953125
543194.375,296154.40625
298063.3125,7866.39990234375
573052.5,15229.2001953125
288057.1875,8137.39990234375
534308.1875,17793.80078125
441582.6875,277439.0
331522.6875,69285.8984375
459601.3125,255151.90625
503807.90625,299889.1875
482143.40625,219860.703125
281184.8125,6195.60009765625
278674.09375,7471.10009765625
572171.3125,220569.703125
350842.5,134663.5
292138.40625,7055.7998046875
469677.40625,344337.59375
299738.40625,7436.2998046875
267061.8125,6640.0
584604.8125,14078.099609375
346735.5,58798.6015625
591966.875,15603.2998046875
568227.1875,12267.400390625
559526.3125,14547.2998046875
482353.3125,352874.59375
287203.8125,8109.7998046875
333914.40625,30679.80078125
408029.09375,15979.900390625
490452.40625,15888.2998046875
437870.09375,277158.09375
291235.40625,8701.0
300560.0,9251.7001953125
286718.8125,23836.900390625
303430.90625,7596.39990234375
311461.09375,150744.796875
293593.8125,6994.2998046875
306291.90625,8083.10009765625
421058.40625,283093.5
320465.59375,9615.7998046875
262195.8125,20016.900390625
491421.40625,165329.90625
385613.09375,259404.796875
279595.90625,5674.10009765625
299159.5,6370.2001953125
272590.8125,7148.39990234375
596786.1875,16288.400390625
314323.1875,94801.5
561266.1875,14790.900390625
298975.8125,8668.900390625
307988.90625,77310.703125
313026.40625,12112.2001953125
318668.8125,13618.599609375
562586.1875,14035.7998046875
298971.09375,8346.099609375
285385.8125,6756.7001953125
357915.90625,200051.296875
591230.375,16636.599609375
430469.0,303642.09375
310804.8125,9290.5
420971.5,305654.09375
390408.90625,234976.90625
285079.40625,7011.7998046875
321833.40625,25889.599609375
295244.40625,7459.0
512149.8125,271170.40625
273584.3125,6070.0
287735.09375,9136.2998046875
311751.3125,9288.7998046875
591818.375,16613.099609375
541400.875,11752.099609375
321685.0,129121.703125
334516.90625,111128.8984375
294474.59375,8410.7998046875
309390.3125,9651.5
406188.59375,288715.8125
349733.40625,95646.1015625
476282.90625,352260.59375
438370.40625,253181.90625
498600.8125,396432.90625
346666.0,12156.7001953125
580771.1875,15443.2998046875
429692.6875,242217.0
298582.6875,8143.39990234375
302877.3125,157910.40625
395583.90625,270727.6875
318293.8125,103701.1015625
506808.1875,303051.8125
566632.625,16862.099609375
301623.3125,21781.69921875
331068.0,65669.0
293801.90625,6573.60009765625
329401.8125,130775.203125
383065.90625,228301.296875
297092.0,20557.599609375
482829.8125,259614.09375
298962.5,24514.599609375
365308.90625,191882.296875
399938.40625,24365.900390625
564820.1875,14239.400390625
504229.90625,364115.3125
299382.3125,9299.7998046875
445245.8125,18766.099609375
422384.1875,343322.5
299112.59375,5291.60009765625
348024.90625,72259.5
528138.0,304083.1875
381833.0,255107.5
306106.0,30189.599609375
578576.875,17481.599609375
511333.09375,222123.796875
570101.3125,15516.5
478890.40625,334645.40625
316358.40625,12943.0
414055.09375,161844.796875
346163.8125,162864.5
378993.40625,231677.59375
523706.40625,225582.09375
575029.875,14137.900390625
592089.8125,16170.400390625
351077.0,119620.203125
292508.1875,34702.3984375
322621.6875,97725.296875
443345.6875,115657.0
287612.8125,8083.89990234375
325001.90625,87396.203125
314786.90625,81890.203125
438213.8125,13135.099609375
304582.59375,6163.60009765625
318009.8125,22570.19921875
297225.0,16580.5
452329.40625,338250.3125
527789.3125,12512.2001953125
311047.90625,10268.2998046875
290458.0,5937.60009765625
430329.5,12252.099609375
571996.875,13914.2998046875
322536.90625,115066.3984375
550991.6875,13583.400390625
487417.90625,259152.09375
287544.8125,7554.7998046875
418330.3125,288659.59375
298413.3125,7149.7998046875
304808.5,17333.599609375
315087.09375,11386.400390625
453298.90625,14525.0
370000.09375,182184.296875
309208.3125,57192.0
334922.09375,96736.796875
290365.40625,27702.599609375
532342.875,297768.09375
291741.5,10330.2001953125
303431.40625,7705.39990234375
402631.90625,262746.5
588473.125,15333.2998046875
573888.8125,11504.400390625
459346.8125,293411.0
573184.375,16512.599609375
296653.5,8348.2001953125
594066.8125,18487.400390625
600936.5,17477.69921875
559574.6875,16087.400390625
572018.6875,21352.5
378519.1875,235905.40625
571038.875,14171.2001953125
462497.40625,286355.1875
477257.8125,257947.09375
563864.875,110563.0
253496.09375,13712.7998046875
302080.90625,22641.5
281949.59375,8729.2998046875
570118.375,296178.0
325253.3125,155551.40625
427550.3125,240728.5
604485.375,15693.400390625
400580.09375,281268.3125
396945.3125,244242.296875
295650.40625,8952.099609375
427703.40625,298471.09375
307110.3125,10369.400390625
300136.1875,15941.900390625
291280.09375,6715.2998046875
294455.0,7432.2998046875
354687.40625,100646.8984375
322351.5,28248.599609375
359698.5,172937.296875
276742.40625,7122.2998046875
420675.0,298120.8125
301834.3125,7553.2001953125
305967.59375,8227.099609375
351426.90625,194497.90625
590673.3125,15866.400390625
274953.40625,38542.69921875
339884.90625,176224.09375
242993.40625,7254.89990234375
567463.8125,28100.30078125
529187.125,239186.703125
511517.59375,236978.5
334098.59375,59764.3984375
319293.1875,72198.6015625
313096.40625,225178.796875
586704.1875,15340.7998046875
280134.09375,5596.7001953125
329817.8125,215953.09375
565893.375,14359.900390625
303188.1875,6842.5
377643.40625,210888.59375
467700.1875,297602.6875
411576.8125,268093.6875
406513.5,312677.5
391455.59375,250433.5
431258.59375,250294.796875
474065.5,381165.3125
561263.0,218744.09375
547567.125,13392.099609375
294507.40625,8779.2998046875
366868.5,238918.59375
307227.8125,45433.69921875
248367.09375,6721.60009765625
474612.3125,15926.400390625
384497.40625,112136.203125
355006.90625,204171.5
299650.90625,65957.6015625
570630.875,13990.900390625
552339.8125,224600.5
570800.125,15407.2001953125
466160.09375,329789.8125
305207.0,7972.7998046875
378626.40625,16696.400390625
323350.5,50058.1015625
581933.625,13613.099609375
282519.90625,8136.2998046875
336652.5,131110.296875
323809.0,87309.6015625
435536.8125,289925.1875
567829.125,29168.099609375
593088.375,16709.400390625
273519.3125,10222.400390625
353986.90625,96895.703125
429558.40625,206189.0
255114.40625,8508.599609375
294991.90625,20100.900390625
262285.8125,8312.0
461790.3125,207022.796875
398144.09375,9556.2001953125
508305.59375,245816.0
485276.09375,242130.90625
538723.3125,279829.40625
297359.6875,177977.09375
284164.90625,7823.7998046875
365299.1875,204994.296875
297551.59375,10114.7001953125
306101.3125,10733.599609375
576250.875,16303.400390625
467759.90625,317362.09375
352502.40625,269212.09375
263803.5,8419.7998046875
581686.1875,16489.69921875
500956.8125,395183.6875
507071.09375,412119.40625
280356.09375,6829.2998046875
255824.5,44033.30078125
291324.0,7845.10009765625
301961.0,6035.2998046875
504887.09375,13722.099609375
443742.90625,239661.796875
593889.1875,18059.0
257724.5,5811.2998046875
248169.5,25593.599609375
574152.3125,16096.7001953125
375008.40625,223032.90625
288202.8125,71309.8984375
303987.90625,8910.2001953125
281735.90625,9820.0
297182.40625,7059.10009765625
414406.90625,215006.90625
283590.59375,8577.7001953125
262775.8125,28157.400390625
462566.6875,320479.09375
360306.40625,215527.796875
554573.1875,302857.3125
308062.0,13625.7998046875
303717.90625,10093.900390625
293164.5,8474.2998046875
318801.09375,26734.599609375
354578.90625,190408.796875
283590.1875,6083.5
312372.3125,34447.19921875
309790.09375,10016.599609375
543837.375,14241.900390625
583232.8125,14517.400390625
257712.90625,9403.7001953125
297336.90625,6947.0
502249.40625,277868.09375
304698.90625,12599.400390625
443766.8125,320750.0
383184.09375,313291.0
563690.125,14267.900390625
309065.8125,12005.900390625
278038.6875,11363.599609375
558668.375,16694.80078125
560255.1875,16902.80078125
292934.09375,7898.2001953125
310038.59375,9109.099609375
248237.796875,10396.599609375
555487.375,13869.400390625
297159.6875,6838.0
589342.375,17792.599609375
567049.0,15421.7998046875
291728.1875,19060.19921875
586363.3125,19785.69921875
540826.125,18776.400390625
410189.5,262378.5
286980.09375,7364.5
280180.6875,7336.2001953125
288621.1875,10016.2001953125
361085.59375,241403.796875
551621.375,13543.400390625
298708.0,7167.60009765625
583114.125,15572.099609375
308054.40625,55128.80078125
434706.6875,328108.5
309251.0,56730.30078125
588885.5,16637.099609375
333411.59375,84089.1015625
305667.40625,10429.900390625
585728.8125,16273.400390625
379095.90625,288882.6875
551167.375,14231.0
381190.40625,292109.90625
265936.3125,7534.0
306208.59375,109095.703125
417494.09375,314114.0
580414.8125,21318.900390625
340066.40625,139531.796875
390357.1875,254678.296875
548709.125,239023.09375
301729.5,39014.80078125
329766.40625,114484.8984375
588034.0,18438.80078125
295527.59375,7617.10009765625
354252.40625,159995.296875
306337.6875,10913.5
540889.5,246671.296875
545090.0,12788.599609375
313854.8125,9286.2001953125
544856.125,29165.599609375
361876.90625,125554.3984375
443399.8125,12529.900390625
502834.90625,240200.5
295849.40625,8077.10009765625
583831.8125,16449.5
270159.3125,10000.2998046875
339868.59375,125120.5
467707.09375,362728.90625
285042.8125,8369.400390625
293686.90625,7555.7998046875
595425.6875,18310.30078125
559968.625,14274.2001953125
533830.125,14142.099609375
291867.8125,7516.60009765625
594382.6875,14477.0
572807.375,14628.599609375
367888.90625,197437.59375
552195.1875,45690.19921875
369239.3125,304699.6875
297466.6875,14082.2001953125
474297.6875,161474.703125
295597.6875,86603.1015625
571765.8125,17230.599609375
569336.5,14417.099609375
500776.40625,234028.90625
594798.8125,14540.099609375
547249.5,406403.3125
424574.09375,255079.796875
295590.0,68974.296875
305557.90625,11935.900390625
281994.0,186749.59375
323872.59375,178931.09375
311997.90625,10524.7998046875
299787.1875,7953.0
283509.0,8059.2998046875
285334.0,5336.60009765625
290875.3125,8021.7001953125
570587.625,15101.099609375
290880.40625,7878.39990234375
274723.8125,6825.89990234375
302890.40625,9564.5
264508.90625,5275.89990234375
337131.3125,119121.796875
307285.59375,9184.2001953125
580354.125,12844.5
269645.59375,13782.400390625
280650.90625,9973.2998046875
545272.6875,286011.3125
571057.125,13294.099609375
294056.3125,7918.10009765625
506052.90625,243234.40625
504360.6875,355821.5
277710.90625,7742.60009765625
452236.90625,312614.59375
381105.0,243600.796875
496560.6875,335003.6875
303195.8125,8025.2001953125
263650.09375,105471.296875
573836.5,13084.2998046875
257350.40625,12545.400390625
585981.0,13512.099609375
317671.59375,183717.09375
301653.40625,13954.7998046875
289384.5,11763.2998046875
414040.5,286224.59375
535859.3125,306958.1875
372745.40625,240093.40625
458840.8125,15078.900390625
307744.40625,13689.7001953125
303142.40625,7624.5
288482.40625,61310.1015625
596346.375,17025.900390625
471715.8125,371109.8125
466072.09375,389490.6875
326843.09375,103148.8984375
460253.3125,248606.90625
308337.6875,92567.6015625
536344.375,14963.7998046875
458846.3125,309425.59375
487683.90625,296901.90625
300853.1875,7666.5
343088.40625,195923.59375
318515.5,123672.296875
292167.3125,10001.2001953125
322209.0,80355.796875
293828.5,6644.2998046875
312057.59375,22677.099609375
483893.40625,283499.8125
305957.1875,7585.5
325756.5,114983.1015625
337755.8125,148494.703125
573381.625,15102.099609375
317485.40625,44420.8984375
461930.8125,16030.400390625
574672.375,14872.7001953125
561530.375,15961.0
536733.8125,231215.0
299007.8125,14439.7998046875
277269.09375,6947.7001953125
439966.59375,202871.0
571771.6875,11677.599609375
583285.375,14772.7998046875
403309.59375,265172.1875
343821.09375,174117.59375
266522.3125,7808.10009765625
575066.875,16037.900390625
389736.6875,245965.5
279688.40625,39256.1015625
351653.90625,149191.59375
302449.5,9152.2998046875
289845.0,8192.5
609059.125,21551.30078125
342949.0,157418.796875
356918.90625,189518.90625
275067.5,6250.10009765625
590934.625,17037.099609375
374483.40625,293198.8125
397178.6875,264911.0
286042.5,7241.60009765625
299525.3125,8351.2001953125
541920.375,273148.90625
558810.375,13919.2001953125
262384.40625,8505.0
324597.90625,48010.1015625
308043.40625,13496.400390625
291553.8125,71440.5
307098.3125,7095.7998046875
290679.09375,6559.2001953125
281044.09375,10915.5
561377.3125,12804.900390625
291254.6875,5317.7998046875
575510.625,15155.2001953125
567088.125,14580.099609375
452516.40625,318860.40625
449913.1875,307850.5
318359.40625,160213.09375
469220.90625,12989.599609375
574068.6875,16745.19921875
412772.3125,257632.703125
584526.125,31390.900390625
362051.09375,256033.796875
377463.0,231290.796875
294190.5,7221.10009765625
263271.59375,8434.599609375
299100.90625,7213.2998046875
553568.1875,12720.5
596942.0,20497.30078125
298684.8125,16414.69921875
434975.09375,300659.09375
344700.90625,167624.40625
525536.8125,373536.40625
566267.875,55814.5
283291.90625,6316.89990234375
294853.3125,10403.0
286163.8125,9678.2998046875
429420.40625,270789.3125
562359.125,15506.7001953125
294435.59375,7689.60009765625
290271.90625,8011.89990234375
531718.6875,370535.0
364072.0,207700.796875
366623.8125,111201.703125
485646.59375,307268.40625
323214.5,11160.0
284933.59375,6494.7998046875
559195.0,18234.80078125
293685.0,8006.10009765625
570298.0,13354.7998046875
264457.59375,8302.099609375
565425.875,214854.296875
299635.6875,208084.0
558683.5,17276.80078125
372697.0,12039.099609375
349498.59375,143192.09375
521314.40625,342936.90625
413828.90625,344987.1875
582322.875,12444.0
588988.8125,16685.0
296031.8125,7286.2998046875
291988.09375,7612.7001953125
288420.59375,6940.0
290761.3125,8235.400390625
288243.1875,7881.10009765625
591004.1875,18004.30078125
279497.09375,9066.2001953125
263553.59375,69990.1015625
300308.40625,161599.90625
292435.1875,6304.5
296974.40625,7016.60009765625
307965.1875,8574.2001953125
277445.3125,9875.2001953125
288318.5,7312.5
354297.09375,20753.5
332682.59375,225005.796875
541352.5,334024.3125
562027.0,175501.09375
332964.59375,97257.6015625
300488.40625,7714.7998046875
251874.203125,6659.0
332749.0,67477.296875
466660.0,13338.099609375
422815.8125,331328.6875
551566.625,10833.099609375
345711.90625,176095.90625
582374.8125,13684.400390625
318723.40625,62008.19921875
546693.875,265828.5
405725.40625,198859.09375
271132.40625,180771.90625
385222.8125,210028.5
336878.09375,170946.703125
360892.59375,136158.90625
321018.90625,14594.2998046875
419998.1875,204464.296875
319228.09375,12902.7001953125
592220.125,15853.099609375
585283.3125,16778.599609375
437203.40625,364295.90625
412180.40625,254891.59375
341688.90625,26279.599609375
274966.6875,7416.7001953125
400363.3125,265194.6875
307509.09375,14166.2998046875
493082.5,286220.8125
603576.0,19874.099609375
301837.09375,38610.6015625
597413.375,16150.7998046875
298362.1875,7651.0
416813.5,273430.8125
587122.5,16262.599609375
295705.8125,12087.7001953125
302278.59375,95985.6015625
528492.375,394583.40625
589736.3125,14741.900390625
248273.40625,136855.703125
322813.40625,107533.5
382173.90625,11631.099609375
296938.3125,37783.0
562551.8125,13500.7998046875
290732.09375,5827.7001953125
482317.09375,254574.0
299182.8125,34228.8984375
547664.6875,355190.59375
359684.90625,93021.796875
307375.09375,26941.599609375
583616.8125,20584.599609375
433683.40625,277971.90625
284776.0,6782.2998046875
583829.375,14533.400390625
291831.59375,7247.10009765625
300240.90625,8595.2998046875
357138.6875,157013.5
350755.5,214467.296875
622070.5,12391.599609375
550442.625,17159.099609375
327625.90625,47188.8984375
430412.40625,295407.09375
369068.40625,236380.40625
325987.8125,10481.7998046875
289604.09375,5995.7001953125
577450.625,64573.0
276662.8125,6477.39990234375
539674.1875,313898.59375
322563.6875,167578.796875
317344.59375,15075.2001953125
274753.8125,6454.60009765625
303295.6875,7698.0
507192.40625,347313.59375
319250.40625,168646.59375
250502.796875,7316.10009765625
290565.59375,6887.10009765625
273102.0,5965.5
569198.3125,188371.0
486023.8125,349239.8125
276428.59375,6206.0
307600.09375,21009.400390625
301608.09375,9044.7998046875
423715.5,267679.3125
304266.0,13382.2001953125
259265.40625,7797.89990234375
285901.59375,9020.2001953125
302877.09375,8555.7998046875
303689.09375,19417.599609375
574685.625,18893.900390625
287390.1875,8072.0
293620.3125,8001.10009765625
294818.90625,8222.7001953125
298820.3125,16144.2998046875
422754.5,290868.40625
309767.1875,17613.900390625
310274.90625,13762.599609375
497539.1875,240074.40625
298335.40625,10954.5
585632.375,15027.400390625
286180.90625,6256.7998046875
382634.40625,182723.796875
305596.3125,20560.599609375
260644.09375,7323.10009765625
308398.0,11095.5
559923.8125,14334.0
379367.40625,248160.59375
604466.125,18401.400390625
342487.09375,138691.296875
352881.5,112027.296875
531633.875,37236.3984375
265579.09375,8674.2001953125
314208.0,38933.6015625
557986.625,294963.3125
537785.625,16847.400390625
329199.6875,22315.5
317677.8125,9693.099609375
588503.8125,17464.80078125
265946.09375,19677.099609375
548316.6875,222103.796875
289773.0,7369.5
281618.8125,5975.0
292095.90625,5983.10009765625
434023.8125,166813.296875
372163.59375,204781.5
335691.59375,160144.296875
489335.0,325026.3125
291279.5,8609.2001953125
339432.0,107615.6015625
316211.1875,55309.19921875
542787.375,26971.900390625
266923.09375,12745.7001953125
301026.09375,13220.7998046875
386273.59375,207877.296875
561283.125,14288.099609375
322221.59375,18657.400390625
290870.6875,14935.0
469402.90625,236262.703125
315532.8125,102011.796875
330944.09375,41601.30078125
619499.875,122047.703125
340957.1875,131075.40625
436926.0,367535.40625
257810.703125,19234.400390625
319166.90625,38989.1015625
294172.8125,6727.60009765625
596909.125,15380.599609375
364318.1875,14217.2998046875
563326.0,17094.5
289983.8125,10101.0
290085.8125,193524.796875
285319.09375,7679.0
466810.09375,212670.40625
589953.625,15862.2998046875
559166.1875,11363.400390625
330886.5,20237.30078125
257759.203125,6735.2001953125
288536.40625,5973.39990234375
568694.125,16187.2001953125
290779.5,139944.09375
318198.59375,218449.796875
300538.8125,91958.6015625
319576.09375,9240.2998046875
286986.6875,7737.39990234375
365810.40625,258403.59375
290461.90625,9435.5
496248.40625,46596.3984375
572217.375,14211.2998046875
537236.375,405061.6875
307027.90625,8774.7998046875
268605.40625,7180.2998046875
347676.90625,150691.59375
349522.5,139015.40625
584791.375,14230.400390625
536151.3125,300484.5
294050.90625,7033.10009765625
287698.09375,7050.5
567855.125,352306.90625
364442.09375,17110.80078125
561317.5,16453.69921875
417071.5,334694.09375
429791.40625,268294.90625
589925.625,18933.19921875
296030.0,7665.10009765625
550570.125,143426.796875
581086.625,15524.7998046875
562833.125,24916.400390625
454124.1875,280559.5
337198.3125,179543.09375
475172.90625,388984.6875
276563.8125,6649.7998046875
488878.59375,397079.3125
285984.6875,8380.400390625
314779.09375,11797.2001953125
590944.5,38551.3984375
479023.6875,428130.40625
260465.90625,16063.099609375
535470.1875,14332.900390625
481180.90625,407110.5
344416.90625,183488.90625
337019.90625,68801.6015625
574914.625,15842.5
292786.09375,19308.900390625
448947.5,294805.09375
317715.6875,62950.19921875
446295.90625,288188.40625
298973.09375,6815.2001953125
297298.59375,29502.80078125
457905.09375,339903.90625
290732.6875,7409.0
322631.90625,128082.703125
559232.125,14860.2998046875
352794.09375,198535.09375
325585.1875,134324.796875
441954.3125,88965.5
492486.40625,214120.59375
290624.8125,7363.7998046875
276985.59375,35536.0
434916.59375,374851.90625
562139.875,14816.400390625
307317.59375,9200.7001953125
595099.0,15662.599609375
386041.59375,293494.8125
297208.09375,118651.796875
576782.6875,457295.5
302179.8125,10379.599609375
585783.125,14900.599609375
292951.1875,9535.2998046875
329151.5,6772.0
565006.8125,16616.0
300771.59375,63280.80078125
286845.5,8219.7998046875
455313.5,253880.203125
560530.0,14733.099609375
412917.1875,287314.1875
516723.09375,262996.6875
434922.09375,289156.3125
596171.125,16236.900390625
325418.6875,108429.0
561880.8125,100792.6015625
349475.90625,16589.19921875
453952.3125,254559.296875
294548.3125,66181.1015625
280818.09375,5251.60009765625
277588.0,6060.5
288932.90625,5545.60009765625
405875.8125,296588.8125
299869.59375,7961.0
306919.09375,7529.39990234375
359120.59375,159368.796875
276276.5,8581.7998046875
365168.0,219345.703125
553223.0,188810.59375
367550.6875,258558.703125
310506.40625,37355.3984375
443433.59375,249037.203125
575395.5,14335.599609375
313386.09375,9786.2998046875
348668.59375,147129.09375
523812.59375,16874.400390625
290521.3125,8519.599609375
299418.90625,7614.7001953125
600495.3125,18732.30078125
391074.90625,272076.6875
292340.1875,7532.39990234375
422977.09375,352689.6875
305059.6875,7518.2998046875
596314.0,17387.0
551724.3125,12838.0
248622.40625,5679.10009765625
308974.8125,111991.796875
298480.09375,8859.0
310673.5,31181.80078125
306043.0,8799.599609375
550666.6875,13581.2001953125
289408.40625,7595.39990234375
434643.59375,315900.1875
316822.0,66588.6015625
396547.59375,276579.3125
247815.59375,8678.7998046875
339564.09375,131714.09375
293391.59375,9020.900390625
345412.1875,198269.0
300622.8125,8731.599609375
413704.3125,281779.59375
286282.1875,8815.2998046875
299118.8125,7922.0
327166.90625,152198.09375
284321.3125,7694.7998046875
393656.59375,276856.5
285090.09375,6530.2998046875
311109.1875,9136.400390625
304021.5,9766.7998046875
591908.5,15412.7001953125
316534.5,11302.099609375
591402.1875,17883.19921875
293183.90625,9566.400390625
408368.09375,303938.1875
295024.0,7274.60009765625
408324.09375,281009.3125
296390.09375,39765.1015625
460456.09375,324702.90625
582266.3125,13566.599609375
530437.8125,324050.09375
321912.09375,71896.1015625
522940.6875,273257.8125
355011.5,240016.0
551628.3125,51450.0
549436.875,14225.599609375
278633.59375,6423.5
445608.09375,278924.40625
289512.5,6114.7998046875
537352.5,14945.2001953125
369218.6875,207928.703125
468235.5,315178.59375
507694.59375,404399.8125
468252.59375,339705.8125
352925.09375,188242.09375
289618.09375,12279.900390625
579398.6875,16500.0
265443.8125,6937.7998046875
463181.59375,298569.8125
537245.6875,213670.40625
322363.59375,80911.703125
311538.59375,88818.6015625
513838.0,15549.5
548139.8125,349015.0
578692.3125,16233.7998046875
307662.09375,12445.0
277181.59375,6230.39990234375
303193.59375,20749.30078125
592181.1875,15532.400390625
301051.0,14939.2998046875
306607.0,13295.2001953125
531753.0,218174.59375
305558.6875,9527.2001953125
287506.40625,8569.900390625
360010.09375,238828.703125
271803.59375,5366.7998046875
313917.59375,11248.7998046875
309470.59375,8070.10009765625
586797.625,16441.400390625
314021.6875,22546.0
579234.375,14135.7001953125
292491.3125,8833.2998046875
442394.09375,291335.3125
320519.40625,120810.703125
260679.703125,56618.8984375
369401.09375,177065.203125
611693.1875,31507.900390625
325380.90625,78657.6015625
282708.09375,6409.60009765625
469343.6875,376369.8125
499265.3125,15174.0
578893.875,69588.1015625
549369.3125,353830.8125
296227.09375,14167.900390625
290184.59375,64803.30078125
350309.1875,174945.90625
295611.0,5924.2998046875
393338.5,291956.1875
383227.1875,277745.1875
255806.90625,10507.900390625
319979.09375,82174.703125
320912.0,78237.1015625
289694.09375,9860.7998046875
520258.09375,199266.796875
339333.09375,215409.59375
452609.09375,235440.40625
432361.6875,297995.0
334421.8125,127237.6015625
582788.375,12855.2001953125
241345.59375,5704.7998046875
468287.40625,244277.203125
602915.1875,16847.900390625
346216.5,246745.40625
550112.1875,12812.400390625
588330.875,15535.599609375
347174.40625,27212.5
290400.40625,13086.2998046875
313419.40625,11106.7001953125
351853.40625,84382.296875
582277.875,13694.7998046875
376007.5,237904.90625
557377.125,143020.09375
344430.1875,206769.296875
449013.5,299229.0
437747.8125,312964.5
295340.90625,8164.10009765625
566473.125,17297.5
352952.1875,216265.40625
264034.0,7447.2998046875
558307.5,185602.203125
440357.5,208816.59375
286371.1875,138524.703125
418768.09375,296017.1875
557648.625,156793.296875
344907.59375,146472.796875
318400.59375,10696.599609375
302167.09375,8225.900390625
555895.6875,16309.0
543362.8125,284494.09375
292961.8125,7382.2998046875
530046.125,307071.8125
509323.40625,349225.1875
417198.5,250685.90625
533568.1875,268723.40625
559756.375,13937.0
303212.40625,9165.2998046875
472136.40625,11981.7001953125
267134.40625,7043.2998046875
249598.90625,12603.599609375
315860.3125,20915.099609375
392539.3125,205712.0
526825.375,339568.09375
288299.3125,29122.30078125
306917.09375,81231.5
577414.125,15740.900390625
299592.59375,7820.2998046875
309976.5,10146.2998046875
303571.5,7199.7001953125
447154.0,313981.59375
541928.6875,313136.1875
385382.90625,245292.40625
292771.59375,11178.7001953125
439943.59375,266647.8125
355308.59375,200862.296875
300740.59375,22751.099609375
296523.09375,59572.3984375
586566.6875,15493.0
528112.375,348457.6875
326128.3125,192430.296875
293031.40625,8008.7001953125
408744.6875,305341.40625
252750.09375,6932.2001953125
333692.40625,49125.6015625
299446.1875,8248.400390625
552756.875,250322.5
565888.0,12377.2998046875
572957.8125,17323.30078125
567803.8125,13545.5
292478.1875,9415.7001953125
291534.40625,7244.39990234375
473312.90625,305469.90625
359553.6875,85690.1015625
328900.09375,143620.09375
546574.375,10948.400390625
300277.90625,12340.599609375
325473.5,111658.5
404265.0,262725.3125
296474.3125,9939.7998046875
574970.5,16093.7998046875
379936.5,279879.8125
330669.6875,58779.3984375
521444.6875,155267.796875
561641.625,220396.296875
454098.6875,17355.30078125
366055.6875,204665.796875
564569.6875,263488.09375
297065.1875,13518.7998046875
298924.8125,8415.900390625
571314.875,21568.30078125
382165.3125,201909.90625
578161.8125,17447.69921875
478741.3125,246584.5
293933.1875,28227.5
307646.0,12180.2998046875
300308.3125,27484.30078125
588086.6875,17867.19921875
281368.5,5320.7001953125
429070.59375,14245.7998046875
410218.3125,268027.0
586939.1875,14548.2998046875
426121.1875,284156.6875
309040.3125,8787.2001953125
287224.1875,7702.10009765625
305685.59375,9369.099609375
338937.40625,121423.8984375
467283.5,311965.90625
355228.90625,222844.59375
298851.5,9501.0
590398.5,15658.2998046875
302281.8125,7961.2998046875
525125.0,299891.8125
404786.0,297273.8125
283517.6875,8486.400390625
522516.1875,12788.2998046875
278514.09375,8704.2998046875
555076.1875,13847.2998046875
577280.375,14169.0
269928.1875,4770.7998046875
420126.6875,264044.59375
273868.1875,10352.2998046875
295773.8125,7784.89990234375
296400.90625,7536.7998046875
530464.8125,150044.40625
316854.8125,201859.203125
303645.8125,10172.5
571587.0,77045.296875
396845.1875,164114.703125
298698.5,17840.19921875
525054.125,242085.296875
580740.8125,16267.5
331372.1875,89342.796875
301541.6875,7150.2001953125
389223.40625,271085.40625
413692.40625,268047.40625
456488.90625,413137.40625
291846.0,7361.89990234375
500183.90625,228580.59375
289475.0,7120.5
578234.5,11493.7998046875
289266.8125,7699.7998046875
323509.3125,117297.296875
275225.6875,6188.39990234375
326450.90625,49553.5
301213.1875,11220.2998046875
306974.6875,19127.599609375
295382.6875,7112.2998046875
327785.3125,112902.8984375
298997.3125,8755.900390625
301418.8125,110173.203125
581584.0,13344.2998046875
418990.40625,292682.09375
472628.6875,356531.1875
573014.0,92204.203125
580077.8125,172390.40625
309615.59375,12042.7998046875
462184.3125,256131.0
290689.90625,7331.39990234375
460039.3125,13542.2001953125
339619.90625,122122.3984375
302328.6875,10017.599609375
373990.90625,230929.40625
438536.5,14330.400390625
531207.875,305445.09375
430028.0,270063.5
586670.0,228341.296875
338879.5,138372.796875
568649.8125,15577.7998046875
598370.125,22935.80078125
362552.1875,259919.796875
299442.40625,11258.5
289740.6875,27949.30078125
285222.6875,7582.60009765625
272389.5,152611.296875
304798.90625,8950.099609375
299618.8125,8869.7998046875
267653.1875,7869.7001953125
303371.3125,67762.8984375
357221.1875,280151.3125
296703.6875,8974.2001953125
578253.875,13143.900390625
584057.8125,16680.19921875
531397.1875,352296.09375
288978.09375,7515.60009765625
305504.40625,6374.89990234375
301092.0,7187.89990234375
583070.375,13758.099609375
308185.5,40815.0
580059.0,15754.2998046875
310308.3125,7893.7998046875
599325.5,13979.7998046875
279523.5,6073.2998046875
380101.40625,239633.59375
488955.3125,271713.8125
298111.0,7595.7001953125
367575.3125,203400.90625
318973.59375,213190.296875
539142.6875,325029.8125
603688.1875,17412.19921875
270644.90625,7458.39990234375
319824.8125,50468.69921875
528917.875,299434.90625
316332.1875,9164.099609375
373609.09375,12057.099609375
545507.375,44684.1015625
330468.5,105694.296875
513853.5,216176.796875
302362.5,5929.7998046875
546622.6875,337999.8125
249056.09375,5216.7998046875
563805.5,16075.2998046875
248765.90625,6529.60009765625
315887.8125,175950.296875
346782.6875,84346.703125
398758.3125,75508.8984375
465386.09375,360720.3125
615945.3125,181912.0
576357.6875,299063.8125
267021.3125,104411.203125
352122.90625,158722.90625
291517.6875,8126.60009765625
566753.625,15664.099609375
251094.90625,8366.900390625
321119.40625,235145.59375
506168.5,371251.5
440556.3125,316918.3125
622597.5,95685.296875
495456.5,348160.3125
303469.3125,8028.2998046875
548416.6875,283483.8125
464747.6875,319305.8125
293067.6875,7104.2998046875
303065.1875,65321.1015625
457740.5,330644.8125
380742.3125,259517.296875
288353.1875,9245.2001953125
563678.5,18002.69921875
302713.3125,7425.39990234375
300544.09375,8836.2998046875
530456.6875,322912.6875
308796.3125,9059.2001953125
339698.90625,57600.8984375
540865.1875,263400.09375
574558.125,13250.599609375
294548.90625,6396.39990234375
306063.5,18670.400390625
381125.40625,182892.59375
273351.5,18085.30078125
560449.3125,22355.30078125
440893.5,328692.8125
510139.40625,355342.59375
388082.1875,197615.703125
292858.8125,8133.89990234375
539456.125,13718.7998046875
415425.8125,168295.0
528002.6875,324910.8125
327539.6875,100971.703125
571870.3125,59771.69921875
601218.875,17544.400390625
364650.59375,250796.09375
280749.0,6252.39990234375
316386.40625,11497.599609375
320513.5,19020.5
284187.0,8327.2998046875
395371.0,245013.796875
341621.40625,145688.59375
470271.8125,222548.296875
290745.5,7686.2001953125
464674.3125,244200.90625
304679.3125,6762.0
323868.1875,10446.2998046875
301844.6875,8654.7001953125
528891.875,393598.90625
290600.40625,33390.3984375
579912.6875,15319.599609375
265099.09375,7070.60009765625
289680.0,6672.39990234375
310257.40625,127600.6015625
574452.5,12816.5
471612.8125,249896.796875
297972.0,35309.30078125
279366.3125,5970.7998046875
286627.1875,6503.39990234375
616526.6875,27777.80078125
265470.1875,7386.7998046875
302375.5,11969.2998046875
304056.3125,8270.7998046875
400987.1875,294242.6875
422764.3125,173037.40625
548371.625,13339.7998046875
282128.1875,5654.7001953125
558456.875,13429.900390625
314059.3125,8898.2001953125
318864.5,47157.80078125
449449.40625,351148.09375
414591.8125,265936.3125
304796.0,9420.7001953125
314177.59375,18478.30078125
299931.6875,6759.2001953125
296652.90625,8159.39990234375
582366.8125,14713.2001953125
395167.90625,236158.40625
251166.59375,5717.10009765625
304601.40625,6981.10009765625
339910.5,132856.0
390049.0,298976.8125
425005.3125,294670.8125
585240.6875,14507.400390625
560131.1875,14784.2998046875
377130.09375,228951.296875
576168.875,65009.6015625
338592.8125,9785.7998046875
280703.0,7729.2001953125
302322.40625,7031.89990234375
287235.90625,8823.900390625
576411.6875,15754.099609375
596416.375,19995.900390625
298144.40625,32861.1015625
402271.0,227210.5
298033.5,7629.2998046875
358616.3125,170681.296875
321065.1875,104501.8984375
567058.125,17211.80078125
368083.1875,34640.80078125
240648.90625,4547.5
482867.6875,240023.296875
546607.1875,147439.296875
375858.3125,221712.40625
453387.90625,28354.80078125
523831.3125,265054.90625
347199.90625,105596.6015625
534523.3125,223380.796875
495453.6875,344274.6875
522170.0,287989.1875
287478.8125,6535.89990234375
333791.3125,71713.5
266867.1875,8198.2998046875
299809.6875,6370.2001953125
296526.90625,7584.89990234375
277020.8125,7114.7001953125
560162.375,11864.900390625
339608.6875,104102.1015625
400180.59375,286884.09375
486592.09375,318230.90625
289578.09375,13781.7001953125
311200.09375,10238.599609375
289722.3125,7039.7998046875
297577.1875,8424.0
385402.59375,219175.40625
295441.09375,6722.89990234375
331107.09375,165577.203125
516976.90625,157858.09375
380976.09375,180414.59375
287562.59375,7073.2001953125
468630.59375,223807.90625
578768.125,82752.5
301365.59375,9201.2001953125
387003.40625,234408.09375
285901.09375,9151.2001953125
262297.59375,7625.2001953125
605911.125,15725.099609375
591975.8125,15487.7998046875
294246.1875,75116.5
359797.8125,163540.90625
529946.375,14531.099609375
402862.8125,301123.1875
295560.1875,26621.900390625
609866.5,19690.30078125
297909.90625,11383.0
273398.40625,5655.7998046875
552695.6875,10549.0
299864.0,13579.2001953125
255898.40625,12886.5
350293.90625,14688.7998046875
590062.8125,12861.5
308194.59375,12084.7001953125
433468.90625,268602.0
329078.1875,147003.59375
303296.90625,7350.2998046875
583468.375,12179.099609375
287118.5,7751.7998046875
327045.8125,35198.6015625
289808.6875,7376.7001953125
324019.8125,137271.90625
359262.1875,202350.296875
286296.3125,8174.7001953125
587863.6875,54571.80078125
329765.59375,184347.296875
592339.125,13912.5
537153.125,342868.90625
526369.5,224949.59375
427015.0,289004.1875
468430.09375,186631.296875
544004.0,345147.90625
292721.09375,8816.5
563471.125,12973.2001953125
403561.90625,299731.59375
286970.3125,6913.7998046875
446037.6875,181918.5
298690.8125,8557.900390625
423783.90625,265747.59375
426440.8125,303069.6875
286462.3125,6199.7998046875
476646.40625,251439.5
285508.6875,10367.0
295319.40625,6834.0
428579.8125,241298.5
578970.0,11435.7001953125
365617.59375,220616.203125
299938.1875,6879.60009765625
582398.375,13598.099609375
278165.59375,6513.2998046875
298918.3125,7892.60009765625
579916.3125,16167.900390625
568978.6875,151481.796875
319883.8125,89829.703125
270412.59375,6382.0
322142.09375,64325.19921875
576515.375,278914.59375
287531.09375,6501.7001953125
404678.3125,290015.8125
564077.3125,13913.400390625
343618.40625,122406.6015625
315309.1875,95940.3984375
307101.3125,11131.7998046875
292496.40625,7877.5
269943.90625,6175.7998046875
260845.90625,6721.5
365510.90625,286981.8125
296679.8125,7418.5
273657.5,19327.69921875
294395.09375,7774.7001953125
295521.3125,19475.80078125
288530.40625,25891.5
484831.1875,185336.09375
291726.40625,8968.7998046875
278400.90625,13199.599609375
339576.0,207794.296875
532612.3125,47215.1015625
407350.1875,255068.203125
459258.8125,320859.40625
310092.1875,17635.30078125
575864.3125,13118.7001953125
322812.1875,55533.30078125
579043.3125,15174.5
356531.59375,91136.796875
376377.59375,285985.5
342029.59375,93199.3984375
289155.09375,9238.0
559586.125,15008.2001953125
292702.3125,8160.7998046875
298762.6875,9793.5
431014.90625,311921.09375
265631.8125,5129.7001953125
524685.1875,13583.400390625
567130.8125,266551.3125
583863.375,11530.2998046875
559688.5,13876.2001953125
296896.09375,7116.5
433542.90625,250273.09375
455800.09375,360227.59375
567540.8125,13676.2998046875
299645.1875,5935.5
296126.8125,9809.400390625
582874.875,74120.1015625
297619.6875,8833.400390625
313904.3125,40401.80078125
541838.375,14375.0
448197.40625,16348.7998046875
568825.5,16532.19921875
435851.40625,222942.5
317548.90625,175877.296875
262170.0,7957.2001953125
479701.59375,17075.69921875
342139.40625,144382.5
440649.90625,263207.3125
309732.90625,10320.099609375
472036.09375,349795.8125
564075.0,15596.7998046875
324724.8125,20737.099609375
287589.6875,8002.2001953125
522181.3125,309496.90625
286585.6875,6131.60009765625
341704.1875,151466.796875
315642.8125,52416.19921875
499144.6875,287255.3125
363533.59375,180405.90625
262382.09375,4489.5
454769.40625,314652.09375
293084.59375,8192.099609375
301332.3125,9350.7998046875
285864.1875,16998.900390625
572268.5,12911.7998046875
296795.3125,13591.7998046875
368215.90625,162208.796875
363394.1875,199703.5
291464.40625,74074.296875
299677.8125,6805.0
558454.5,13094.7001953125
330210.3125,66200.796875
286523.90625,7999.0
374282.1875,216131.59375
295206.90625,7800.7998046875
501115.59375,315807.90625
336695.59375,79618.5
426655.09375,283581.6875
284898.09375,5921.60009765625
311315.59375,32572.69921875
529071.3125,291754.3125
448861.6875,228951.0
420062.8125,304006.40625
557403.875,306692.59375
557114.5,336309.8125
333215.8125,136750.296875
478181.90625,343231.0
573498.875,61205.80078125
296768.5,8316.2001953125
304972.90625,6934.0
281970.0,7270.7001953125
303013.09375,26227.19921875
311939.8125,9631.2998046875
297548.90625,7651.0
521337.6875,263024.59375
534633.375,246147.796875
297824.09375,9526.7998046875
301871.5,9253.2998046875
470082.6875,183941.09375
318490.3125,14268.7001953125
254152.296875,7966.5
491192.09375,14682.7998046875
322739.09375,12510.0
291247.59375,6532.39990234375
582757.5,17274.599609375
306716.09375,7947.2998046875
471896.09375,246214.40625
283882.09375,5297.5
570375.125,12809.2001953125
331069.40625,9027.599609375
303856.09375,9346.599609375
276521.8125,7463.7998046875
304973.1875,10190.5
297362.6875,62451.8984375
565179.5,30012.30078125
299801.8125,7510.2998046875
288671.40625,7674.0
349857.40625,166505.296875
300225.6875,78674.5
439383.40625,277041.0
576445.375,17599.80078125
271387.8125,200098.0
282655.09375,8398.2001953125
341532.8125,121943.296875
385582.40625,234764.5
609036.6875,17005.599609375
300883.59375,8551.900390625
327120.09375,48122.5
580358.625,13574.599609375
591244.125,21275.19921875
362531.3125,237579.296875
284183.1875,10780.5
594346.3125,13975.400390625
493945.0,376630.8125
553627.3125,279289.3125
313052.40625,63388.5
309040.0,8345.7001953125
331875.40625,81842.5
421798.40625,301595.8125
254630.296875,7095.0
582269.0,329827.1875
574674.875,16995.5
570406.6875,14881.599609375
338255.40625,85082.296875
307798.90625,13572.099609375
558734.125,15804.7998046875
488970.6875,358653.1875
262728.1875,5642.60009765625
467073.1875,228614.296875
455947.3125,320259.1875
262010.203125,11361.7998046875
460844.8125,309982.5
310430.09375,11330.2998046875
512765.09375,11881.0
566600.125,15315.900390625
314902.5,76437.1015625
320995.59375,250420.0
361275.5,215202.59375
320909.1875,82010.796875
299995.6875,6713.10009765625
295829.6875,8038.7001953125
555779.3125,15304.0
352791.6875,200804.59375
546113.125,13322.099609375
306610.09375,8440.599609375
309669.40625,12896.400390625
305121.0,8343.2998046875
567316.125,259117.796875
303475.1875,8450.900390625
552134.5,14735.400390625
365809.8125,231736.796875
570594.875,13874.400390625
301867.59375,38206.3984375
400103.5,255936.796875
383253.90625,267646.6875
291443.5,8084.2001953125
287121.40625,6858.10009765625
489179.09375,325298.40625
293606.59375,10366.5
544435.125,17214.599609375
399155.59375,185717.703125
426791.3125,158373.40625
519335.40625,253501.59375
370016.8125,271039.1875
264634.1875,5861.89990234375
372569.5,254130.296875
314338.8125,40598.30078125
287756.90625,8482.0
584323.375,15950.2998046875
308043.1875,9914.5
330824.5,72258.703125
350496.90625,153776.0
297348.59375,137169.40625
269520.09375,6997.5
358350.59375,13309.7001953125
412778.40625,266779.09375
330598.59375,205757.09375
543197.625,160161.703125
555317.3125,12930.7998046875
452092.6875,302161.0
537358.3125,66625.703125
363016.1875,245140.90625
311713.5,8540.7998046875
271356.8125,5970.7998046875
364016.90625,239380.5
562248.5,17292.69921875
586519.375,16208.2998046875
418306.40625,294119.0
333575.1875,109117.6015625
295417.09375,6727.2998046875
290975.5,7437.7998046875
276553.8125,27482.099609375
419630.1875,289792.6875
481333.8125,305775.90625
321840.6875,246522.59375
296550.1875,235324.296875
305872.3125,8883.7001953125
337731.1875,136691.796875
598676.8125,15708.5
528072.625,242608.796875
501728.59375,383365.5
592858.125,20305.900390625
279748.5,8267.599609375
251616.5,8966.7001953125
599609.0,15849.900390625
307533.5,10759.099609375
363790.1875,215546.296875
296289.6875,37089.1015625
308542.3125,7838.5
278072.3125,5015.0
577522.1875,13978.099609375
470088.09375,15640.5
592206.6875,15906.2998046875
375749.90625,198692.40625
290948.6875,10623.400390625
530944.0,206482.90625
306707.3125,9145.2998046875
297221.90625,9240.400390625
295193.40625,7352.7001953125
471981.0,315743.1875
263142.40625,13253.599609375
480188.0,309480.5
288787.90625,8658.5
297241.90625,7639.7001953125
592423.5,17090.80078125
556200.8125,14189.599609375
563277.375,14356.5
298817.6875,9457.400390625
404189.90625,253031.40625
599959.375,18574.80078125
610453.125,17730.5
484966.59375,399773.3125
279788.5,7935.39990234375
294588.90625,8223.599609375
580204.0,14824.400390625
586167.3125,15713.099609375
445230.90625,18538.099609375
349794.0,17821.30078125
299077.3125,8142.7001953125
275767.40625,8514.5
291927.1875,9426.400390625
582106.375,14327.2998046875
383124.09375,262794.5
583145.125,13874.2998046875
304925.0,10075.900390625
289030.09375,6558.10009765625
565402.375,17636.099609375
584450.5,17277.30078125
307730.8125,10906.0
523921.40625,304756.8125
484853.40625,273637.6875
399774.09375,265430.40625
333991.59375,182798.296875
425620.59375,284644.3125
262793.40625,6981.5
533583.1875,173731.09375
372340.59375,216334.40625
571285.625,30274.099609375
296841.3125,13676.7998046875
476720.1875,269147.6875
388448.90625,209955.09375
403119.90625,358935.90625
589848.0,18605.099609375
516231.1875,13851.599609375
427885.8125,15605.0
290921.5,8519.7001953125
557223.5,14595.2001953125
568894.875,15541.0
427243.8125,299696.3125
503003.8125,338319.8125
299850.40625,11733.0
317190.40625,31184.5
274168.3125,5474.5
240466.796875,6835.5
478883.59375,281994.59375
591137.375,15835.7998046875
281626.90625,16310.900390625
567778.375,13508.7998046875
290244.59375,6733.5
314247.0,105201.5
254444.5,8407.7998046875
274917.09375,6207.5
444596.3125,290457.5
292972.0,7465.39990234375
323233.59375,108002.203125
382976.09375,233750.40625
494073.59375,11418.0
589028.1875,17723.69921875
570985.1875,13171.400390625
391054.40625,322579.3125
282527.09375,12266.5
294425.59375,15476.7998046875
309906.5,8577.900390625
292781.8125,6477.2001953125
582754.875,25932.0
532091.375,226206.40625
553597.375,206928.296875
610550.625,20706.5
518379.0,12910.900390625
424732.3125,228164.09375
407315.0,303585.3125
586583.375,120237.796875
305225.40625,18590.19921875
573948.125,13728.400390625
301146.8125,8713.7998046875
571681.125,15801.7998046875
571754.1875,19317.400390625
571841.1875,13503.099609375
288453.59375,7920.89990234375
471276.3125,246421.796875
261364.40625,6218.60009765625
464118.40625,210234.40625
320647.0,11838.099609375
302689.6875,34004.1015625
286382.3125,11174.5
384828.5,252205.203125
356394.5,181051.703125
567846.5,14170.0
294006.8125,6971.5
588313.875,16871.5
289706.8125,7874.2998046875
304529.8125,68863.296875
543381.875,8497.0
382879.90625,236556.0
593577.8125,14833.0
344813.59375,147827.203125
552203.8125,153860.5
253035.796875,172479.703125
311963.40625,30405.5
431726.40625,273534.8125
304457.59375,10086.5
255146.59375,6319.7998046875
321080.0,71399.3984375
297423.8125,7772.2001953125
575557.875,15642.0
328836.1875,89852.3984375
482629.90625,327353.90625
288825.40625,6454.2998046875
582183.625,259332.5
478418.09375,277829.3125
286050.5,6895.39990234375
364821.0,9051.400390625
317478.8125,190263.59375
402482.40625,330415.8125
307397.59375,19408.900390625
415366.8125,242604.296875
327722.59375,52336.30078125
314431.09375,14266.7998046875
395246.1875,264766.90625
274503.90625,5100.5
291550.1875,7468.60009765625
585126.625,14539.099609375
307882.6875,26308.69921875
588139.375,18003.599609375
295797.1875,9017.099609375
463201.3125,286792.5
432782.0,310407.1875
293936.0,7647.0
301059.0,45636.80078125
571312.3125,14310.2001953125
254093.90625,5987.0
411743.6875,305801.40625
571300.875,18962.400390625
570195.875,15239.7998046875
576869.625,153622.5
469114.0,322380.40625
553387.5,215373.90625
586365.3125,40162.6015625
392940.3125,152281.703125
300209.90625,10020.0
289285.6875,6137.89990234375
336230.90625,160099.40625
575705.875,33005.30078125
286793.09375,6912.0
276259.59375,6544.7998046875
276665.40625,6365.60009765625
572770.125,13620.099609375
589423.375,17422.099609375
572618.5,299835.8125
308263.90625,10406.7998046875
282452.40625,5641.2001953125
299346.09375,29444.400390625
586860.3125,120066.796875
288333.59375,7926.7998046875
465704.09375,280051.8125
520171.90625,282614.0
323887.09375,20616.900390625
377208.59375,263647.09375
315205.3125,26873.80078125
295947.40625,65959.3984375
401090.5,262133.09375
589417.6875,13940.099609375
429315.3125,234981.0
298639.0,9181.7001953125
303094.5,8126.5
248008.796875,38401.0
571743.5,14974.2998046875
278627.40625,7940.5
339644.90625,222709.5
511229.3125,330736.8125
295754.3125,8850.7998046875
332659.40625,121594.0
297717.90625,8377.5
576592.3125,53150.5
482848.59375,302492.6875
262609.8125,13896.0
574689.5,215024.0
295046.3125,10455.400390625
298567.40625,8905.2998046875
399745.90625,174666.40625
293616.40625,5941.7998046875
291477.0,22423.5
580756.5,15971.2998046875
467811.59375,213290.0
330415.3125,69793.6015625
396205.8125,271785.5
393675.5,262327.40625
605790.125,16445.19921875
618783.125,24135.400390625
586714.125,14961.0
265989.8125,8642.7001953125
297374.90625,10115.900390625
292764.90625,35482.80078125
332587.59375,176060.0
452533.09375,232803.796875
316053.5,67644.3984375
319661.8125,41205.69921875
293794.90625,5998.0
317503.40625,11539.400390625
548122.875,348483.3125
393124.59375,178397.0
474333.59375,13757.7998046875
322899.40625,19220.099609375
571792.3125,15904.099609375
597510.125,16151.099609375
392671.40625,278788.09375
534484.0,18483.80078125
315898.8125,21787.5
571104.875,16197.2998046875
348295.40625,216686.703125
568743.625,13574.400390625
463849.3125,174377.796875
421164.09375,233066.796875
567768.625,15480.7998046875
286887.1875,20781.900390625
610632.875,21847.0
313412.1875,11232.099609375
337176.09375,131157.90625
454169.59375,258974.59375
244759.796875,40336.80078125
581529.875,22367.400390625
544707.0,185044.59375
409664.8125,261225.0
304506.5,6934.7001953125
324456.5,47786.5
377876.40625,245308.5
516143.90625,325450.5
569961.3125,13881.2998046875
271262.90625,8984.0
251730.40625,12411.0
295476.3125,9255.5
516662.59375,409649.6875
291922.8125,30175.5
315893.0,95118.5
571701.3125,16119.400390625
566838.125,12951.599609375
600377.875,15912.7998046875
296756.90625,8948.400390625
615170.8125,24486.19921875
422238.40625,279575.0
302926.6875,8009.89990234375
287965.90625,6844.89990234375
289910.90625,9795.7998046875
587576.125,16753.30078125
312150.5,23733.400390625
305792.5,8208.400390625
246841.296875,17272.599609375
290665.09375,6140.60009765625
304273.3125,9574.5
368426.40625,213747.203125
585680.625,15893.400390625
278569.90625,78528.5
410225.6875,364844.40625
245866.59375,10393.2998046875
280698.5,6477.89990234375
295510.40625,9178.099609375
321585.5,11302.400390625
273218.8125,152376.59375
275621.40625,7757.60009765625
558161.3125,15335.5
564809.375,12296.7998046875
393929.59375,255912.90625
276298.09375,5663.7998046875
299876.6875,7183.39990234375
420246.1875,17296.599609375
324084.59375,101696.3984375
438507.09375,245886.59375
416426.6875,276195.1875
452423.90625,270421.59375
574165.875,15390.900390625
293546.6875,11435.099609375
520363.8125,151844.5
256637.0,7626.2001953125
392703.8125,297011.0
278241.40625,6029.0
288687.40625,7653.5
500191.8125,137757.296875
293586.3125,5945.7998046875
512467.90625,356016.5
312386.3125,15349.7001953125
358275.90625,199560.296875
331672.09375,97656.296875
299843.5,7728.89990234375
589057.125,16696.099609375
484295.5,27078.80078125
366037.40625,170305.796875
602460.375,15650.7001953125
343103.3125,184907.796875
297331.09375,15326.7998046875
298393.1875,62554.1015625
308006.59375,14877.099609375
316064.0,13454.599609375
288825.6875,40742.1015625
295727.3125,8833.0
489569.0,327638.1875
391797.0,239375.5
457280.8125,329182.5
338488.0,16909.80078125
562703.875,14064.0
589567.875,19897.0
387766.3125,191700.796875
399766.8125,288436.8125
279170.8125,7255.2001953125
301475.90625,8017.0
281297.6875,9029.400390625
293588.90625,7369.89990234375
351519.40625,181173.796875
239621.0,5215.89990234375
298077.90625,14342.099609375
406208.0,209638.40625
284042.40625,6267.10009765625
294717.90625,10332.7001953125
522753.09375,326854.40625
285400.59375,6456.2998046875
501586.1875,333172.40625
581399.875,154907.5
556913.375,14763.900390625
341424.40625,227860.796875
297762.59375,69472.5
471798.5,423785.90625
423763.8125,301967.09375
578885.125,15651.099609375
282877.40625,6343.60009765625
295223.5,8156.7998046875
268042.8125,5906.5
285717.90625,6918.2998046875
328537.59375,83949.3984375
447317.8125,302417.3125
298092.09375,7444.7998046875
554871.625,144588.796875
310291.90625,14657.0
319420.6875,23142.599609375
550173.125,36343.6015625
382281.1875,238548.203125
273535.40625,6813.39990234375
593226.5,16585.599609375
289738.3125,6999.5
291529.0,5567.2001953125
476020.5,286804.1875
339688.0,129247.796875
308641.40625,10211.0
293043.40625,190041.0
302003.8125,137381.796875
278277.3125,12311.2998046875
596999.875,66245.0
375820.3125,251300.5
284393.0,12345.900390625
357335.0,197138.296875
265245.59375,10113.599609375
353944.40625,12454.0
600319.3125,17100.80078125
327965.1875,168312.40625
563215.5,14998.0
305192.5,68251.296875
245483.703125,6622.89990234375
312987.40625,12424.7998046875
489387.5,257331.296875
278823.1875,7823.5
294443.90625,5602.2001953125
317680.3125,80388.5
487635.6875,11025.900390625
347427.5,125760.3984375
329723.5,12953.7998046875
288987.8125,5710.89990234375
293944.59375,7302.60009765625
424740.0,229354.5
542956.375,217991.5
522625.3125,13305.2998046875
306243.6875,11015.900390625
281513.5,7310.0
292953.0,11204.2998046875
576687.1875,12728.900390625
295454.5,7042.7998046875
419908.40625,36291.19921875
314847.3125,11062.5
579878.125,16988.099609375
296629.5,8193.0
335465.6875,136689.296875
396491.40625,256868.59375
303659.5,15937.7998046875
493710.59375,251811.59375
451744.8125,307774.3125
534559.125,311390.8125
331755.5,29862.30078125
452576.59375,215446.59375
408231.5,321747.0
601676.375,17509.5
541216.8125,268730.8125
536662.5,308416.0
283333.5,8283.7998046875
309654.40625,9447.7998046875
547922.5,265170.3125
562426.625,15509.400390625
304985.90625,50098.19921875
297677.6875,8978.400390625
297228.40625,9996.099609375
322831.0,23360.5
318082.5,80747.796875
483046.3125,257724.90625
446221.09375,241447.59375
426820.0,246863.5
496364.90625,312056.5
341744.6875,85886.3984375
433546.0,291036.5
292053.5,8496.7998046875
308072.5,53722.80078125
576285.1875,14000.5
309444.09375,133156.90625
396895.90625,284280.6875
567492.1875,150548.90625
296796.90625,8110.60009765625
302696.09375,48880.1015625
322376.6875,31343.30078125
296126.90625,25134.599609375
270103.0,8445.2998046875
327228.09375,91531.1015625
311138.3125,8197.7998046875
299803.5,8334.2001953125
635230.625,28163.30078125
300324.6875,8073.10009765625
343449.09375,9541.599609375
555944.6875,15040.0
572535.6875,17766.0
386146.40625,265831.0
300879.6875,14267.7998046875
297326.1875,7065.10009765625
406533.6875,295873.3125
287940.1875,7310.2001953125
521359.40625,228798.59375
420599.1875,207250.796875
277708.40625,4831.0
302646.0,13276.2001953125
444916.59375,351863.3125
296751.3125,10304.599609375
301856.5,18170.30078125
584027.3125,181100.90625
572882.625,16655.099609375
564664.5,58719.0
578389.375,14540.5
272155.3125,6419.2998046875
348858.6875,122299.8984375
306703.40625,11441.7998046875
553554.0,12992.2998046875
615525.1875,20640.5
585312.625,15446.400390625
298758.90625,8259.2001953125
368642.8125,202996.5
465919.90625,318510.59375
591124.5,16153.0
314951.6875,29231.30078125
283267.40625,8318.099609375
318139.0,12252.2998046875
390759.09375,237994.59375
525057.0,224844.59375
418826.0,302287.40625
292577.5,7227.7998046875
292097.59375,7667.60009765625
347240.0,54570.0
507966.40625,14026.0
272678.1875,6098.39990234375
409176.0,13989.7998046875
298418.1875,10129.400390625
340061.90625,162778.796875
399948.5,310972.3125
285993.3125,44182.0
394960.1875,293890.90625
588605.375,18494.099609375
279067.09375,7640.60009765625
300292.5,8931.5
281985.6875,7951.2998046875
355174.40625,286773.09375
520994.0,312861.3125
430310.5,282723.09375
320424.5,54495.69921875
320462.1875,66791.6015625
296410.59375,7882.60009765625
309249.1875,67485.0
547652.1875,14899.5
591516.875,16407.599609375
534346.0,13532.7001953125
300609.6875,9121.2998046875
596048.0,15419.900390625
285805.0,7944.2998046875
458925.8125,11162.900390625
314371.59375,11040.599609375
310661.5,21615.5
268207.40625,41637.5
285060.6875,19500.400390625
259915.0,6753.5
321579.40625,11226.2998046875
294607.1875,7493.5
575778.5,15002.7998046875
258002.296875,8049.89990234375
299428.09375,12547.099609375
371792.90625,201836.0
289302.3125,6754.7998046875
562668.1875,14162.400390625
315036.0,8628.0
298375.6875,25630.900390625
480189.90625,355908.8125
318063.5,18474.80078125
304391.09375,7574.39990234375
272202.40625,35617.19921875
295324.1875,9126.900390625
557154.875,349108.09375
329179.6875,79463.296875
376717.0,136445.796875
270685.09375,11439.599609375
270940.0,4908.10009765625
449573.5,288679.6875
611879.625,18080.30078125
304674.59375,9448.599609375
617370.6875,19282.0
291587.6875,6516.5
517714.90625,192047.0
568309.875,200257.09375
294626.6875,5652.7998046875
303339.3125,8694.7998046875
554125.1875,15823.2998046875
553144.0,14837.900390625
294324.0,61099.30078125
297912.3125,8207.900390625
301803.09375,47580.1015625
306530.3125,17055.80078125
403213.6875,260367.40625
290311.1875,7550.39990234375
381586.5,238161.90625
495967.3125,306731.40625
583932.0,13240.5
587399.375,15298.0
325373.3125,75179.796875
504169.1875,17243.400390625
280788.0,7559.5
545267.5,246565.796875
585808.0,15105.2998046875
554352.6875,256254.5
305936.40625,59762.69921875
306271.3125,12655.5
549355.6875,263345.40625
310859.09375,7974.10009765625
304487.40625,11083.099609375
299130.09375,8823.599609375
454146.0,423810.59375
372084.5,210749.203125
303194.59375,24720.80078125
361743.1875,218955.59375
393187.59375,286955.59375
314911.1875,102894.5
594115.6875,104142.0
510446.90625,374051.0
306125.90625,11358.599609375
306922.0,7929.2001953125
539759.6875,14694.7998046875
503760.8125,407319.8125
274694.6875,7289.2001953125
300217.8125,8807.0
302885.40625,20685.099609375
345036.1875,123762.796875
295395.0,6872.2998046875
445984.59375,330267.09375
483477.0,256296.5
365098.3125,8676.2998046875
588689.5,15339.0
473456.0,336214.8125
330142.6875,82282.8984375
311697.90625,8125.7998046875
568475.1875,357240.0
440607.59375,26617.900390625
307552.40625,7989.2001953125
576121.5,16907.400390625
297823.0,10002.7998046875
416794.3125,263236.90625
286201.09375,8212.599609375
500286.40625,273438.0
275530.0,8057.0
370509.40625,157575.796875
297079.0,8882.2998046875
314830.1875,50553.5
465474.09375,318508.40625
255238.40625,7856.2001953125
537277.8125,16283.0
296083.59375,6733.60009765625
417068.90625,294068.09375
298388.0,8187.7998046875
288655.5,7065.60009765625
290008.8125,7058.2998046875
551295.5,365432.6875
508925.09375,69821.796875
304551.6875,7946.10009765625
293952.09375,9813.099609375
562313.1875,26277.5
287846.6875,8561.5
271010.90625,153589.0
294393.0,7367.7001953125
303291.6875,7557.7998046875
305808.6875,8719.099609375
275251.6875,8100.7998046875
584408.1875,209117.203125
554377.6875,15012.7998046875
503341.40625,349703.6875
308932.90625,12865.5
561607.5,11423.900390625
326134.0,14285.2998046875
602109.8125,17027.400390625
587997.125,17302.099609375
532965.875,297708.5
281348.8125,12610.2998046875
597823.6875,17316.900390625
564049.5,16870.0
354282.0,200557.296875
606468.0,17514.30078125
284078.1875,8287.5
262955.40625,17720.19921875
289487.8125,6570.5
278411.6875,5595.39990234375
491686.90625,186833.59375
283917.5,18282.0
273785.6875,7801.7998046875
373656.90625,252841.59375
282861.0,5539.7998046875
556793.125,15708.599609375
460079.5,288020.40625
391982.5,223144.796875
315538.3125,23324.900390625
318767.09375,12763.099609375
304667.40625,10017.0
327817.3125,112302.796875
458548.6875,168059.90625
576550.0,16395.30078125
300857.40625,6388.2998046875
590444.0,14026.7998046875
469063.1875,12363.0
248556.203125,8847.2001953125
307504.90625,9238.7998046875
580925.125,16139.2998046875
304801.1875,9228.5
424105.8125,184119.703125
517631.40625,300511.6875
589402.625,20570.900390625
281113.5,8438.599609375
581417.125,13167.0
416470.8125,94452.203125
468277.8125,326470.1875
360950.5,250472.09375
507605.0,233711.703125
300007.3125,11459.2001953125
318306.59375,6402.60009765625
294873.8125,9486.400390625
388874.5,258889.90625
285164.3125,6737.2001953125
530274.5,358785.09375
305832.3125,7347.2998046875
277633.59375,8094.10009765625
316861.1875,22824.0
358724.1875,131351.703125
566826.6875,13791.5
585885.1875,14516.2998046875
293156.3125,16217.2998046875
476409.6875,249406.703125
436264.1875,245229.0
586807.3125,14356.7001953125
587541.375,30163.19921875
601875.625,16131.7998046875
262488.09375,8965.900390625
528095.125,136496.5
309524.8125,8448.7001953125
555456.5,179939.59375
485396.40625,10628.2998046875
579034.125,13778.2998046875
587912.6875,13063.0
459158.40625,284743.6875
295453.6875,21452.69921875
420175.90625,308049.8125
300647.09375,61213.30078125
290424.3125,7131.2001953125
390441.90625,296070.1875
546688.125,236084.296875
393138.09375,274460.40625
434978.59375,339761.5
283846.8125,6971.7001953125
335446.5,176179.09375
584475.8125,16631.900390625
291630.0,7447.7001953125
407674.59375,197602.59375
535891.8125,13723.599609375
413987.5,288623.59375
552406.3125,254480.90625
341446.0,107263.296875
494184.3125,274980.6875
401381.5,319937.09375
299725.59375,12481.7998046875
294474.59375,9029.599609375
327100.6875,135272.5
307185.6875,7763.60009765625
587771.6875,17780.69921875
568408.1875,14972.2998046875
515704.8125,10188.2998046875
587921.875,28224.0
466288.09375,373577.5
365153.0,242671.5
317190.59375,61801.30078125
595406.625,17273.400390625
568803.875,17342.099609375
320439.09375,50164.8984375
520375.0,14381.900390625
507100.09375,298067.09375
556757.0,218261.203125
309630.6875,10378.7001953125
283052.90625,6910.2998046875
454685.09375,15652.7998046875
322956.3125,18221.69921875
290361.09375,6991.2998046875
294299.09375,8290.400390625
540307.0,301182.59375
277848.8125,8244.7001953125
539780.0,152158.09375
401716.8125,270563.90625
284973.5,6156.7001953125
408239.3125,11610.2001953125
564408.625,14100.099609375
530461.3125,297640.59375
571249.5,13505.099609375
568470.3125,15440.900390625
350478.1875,187103.203125
260268.90625,6097.2998046875
326706.59375,76619.296875
581095.6875,21008.5
584790.3125,15104.2001953125
589444.125,14965.900390625
454913.0,324342.59375
524244.3125,12929.2001953125
473965.5,331438.09375
324754.3125,49691.8984375
297329.0,8388.2001953125
347548.59375,87020.1015625
310403.5,8531.599609375
289448.3125,9632.900390625
293593.09375,20165.69921875
421592.5,161107.90625
297032.0,8685.2998046875
388045.0,212646.59375
506905.1875,324391.0
246858.703125,6235.60009765625
288125.6875,6293.7998046875
295798.59375,30322.5
596958.0,24180.900390625
311752.0,9845.0
317105.0,9093.7001953125
505099.09375,372665.3125
613035.1875,16048.5
452580.3125,304876.1875
555224.125,247278.796875
507872.09375,16627.900390625
545218.5,16833.099609375
392864.09375,228468.5
461042.8125,214415.703125
334080.3125,145779.90625
300518.5,35340.19921875
279110.59375,9929.099609375
514929.0,346582.09375
587148.3125,13955.900390625
303837.09375,7617.7001953125
342143.5,231663.40625
584621.6875,13608.7001953125
292442.40625,7354.7998046875
575304.1875,11936.0
290986.3125,35940.69921875
311678.09375,40837.80078125
315396.59375,123254.8984375
299337.0,25771.599609375
598269.8125,15766.7001953125
396789.5,232228.59375
588835.3125,19021.69921875
337010.3125,106705.1015625
448409.3125,302510.59375
276390.59375,6654.2001953125
540866.5,265754.90625
292412.5,5946.7998046875
564330.8125,11148.7001953125
296779.0,9067.099609375
337590.09375,126838.6015625
306303.1875,9559.0
589023.1875,17635.599609375
345484.6875,155787.203125
264969.1875,7964.0
554317.1875,13307.2998046875
261879.90625,7386.0
327794.09375,97014.5
470602.0,192729.0
393572.1875,310952.1875
474433.6875,292283.0
373803.8125,227175.703125
266939.59375,8174.39990234375
308900.0,25407.099609375
527979.3125,393336.1875
494073.3125,302829.90625
294207.5,9649.2001953125
298839.59375,9882.599609375
344442.3125,194976.59375
405325.8125,203702.09375
269819.0,7852.10009765625
367903.3125,135421.90625
572724.625,9951.2001953125
292707.5,8501.2998046875
545875.3125,247477.703125
487030.5,294980.59375
487708.90625,278247.3125
320430.6875,90729.0
312787.90625,77279.203125
565084.125,166089.296875
361762.09375,249142.40625
278063.5,6138.60009765625
284876.59375,8272.5
563873.8125,13870.7001953125
312381.3125,25125.19921875
328690.3125,282866.90625
446092.5,266300.6875
499811.09375,131780.09375
560155.8125,13961.099609375
407049.8125,275618.09375
263901.5,5719.10009765625
524935.8125,261421.90625
296267.09375,81804.703125
316320.5,26288.80078125
545257.3125,17038.69921875
286902.6875,7671.7001953125
309148.0,12324.599609375
427483.8125,246242.203125
310161.3125,12022.2001953125
414533.5,14118.599609375
623689.8125,17897.900390625
282856.3125,8224.7001953125
406803.59375,316142.09375
550340.3125,17966.599609375
323747.8125,77172.1015625
562321.5,15515.599609375
281962.3125,6399.39990234375
313551.5,9045.2998046875
572512.5,161979.59375
419613.09375,267803.8125
275268.3125,8158.2998046875
316589.09375,17284.099609375
439703.1875,256453.59375
527437.1875,16219.0
589044.5,13021.0
579860.125,15282.2998046875
301868.6875,7484.5
346982.3125,159111.703125
339830.90625,138449.703125
354108.59375,158139.296875
580191.125,21332.900390625
286094.09375,6963.5
258284.296875,7147.7001953125
564990.5,14746.099609375
350668.8125,153664.40625
363262.5,213047.703125
289271.59375,7522.60009765625
377218.3125,288233.09375
423061.3125,264294.59375
487555.59375,313247.1875
373263.0,217491.0
554262.0,17621.099609375
325623.90625,15888.400390625
581320.0,16239.099609375
463007.1875,255343.5
351593.0,186655.5
369466.09375,303522.3125
527437.1875,215084.90625
388570.90625,306736.3125
291111.0,7055.7001953125
279572.8125,7472.2998046875
581743.6875,16467.900390625
310107.6875,224949.09375
592024.625,23363.400390625
446146.0,50329.0
432895.0,390397.8125
329663.40625,131660.09375
364798.59375,238850.59375
584431.875,16071.900390625
303205.90625,21046.30078125
323068.6875,106182.6015625
332375.0,103664.1015625
448883.1875,324049.6875
432167.59375,200099.0
329374.6875,12260.2998046875
533049.5,14026.5
347111.59375,70095.296875
317138.5,7867.10009765625
452573.0,356742.0
553086.1875,282061.40625
291192.3125,9185.2001953125
558044.1875,12736.900390625
303288.90625,9387.2998046875
594849.3125,18055.30078125
294621.3125,7420.10009765625
561981.1875,14577.400390625
345471.1875,114978.1015625
553140.1875,298787.09375
299541.0,9390.5
589675.0,15031.599609375
293342.0,7198.10009765625
311529.1875,83485.0
321294.40625,282124.3125
517823.59375,81732.796875
562767.8125,12587.7001953125
405999.6875,237340.90625
576222.0,41382.69921875
539219.3125,15236.7998046875
528767.3125,6369.60009765625
280242.8125,8775.7998046875
265918.90625,139494.09375
298515.3125,120038.296875
280490.40625,12100.2998046875
277491.59375,5933.60009765625
296909.90625,87171.3984375
419956.09375,255104.203125
360484.40625,183002.296875
313208.09375,32348.0
304931.5,7738.60009765625
266282.09375,8654.5
305944.1875,7566.7998046875
354371.40625,202637.90625
558716.5,14152.099609375
292975.3125,7499.0
564608.6875,16160.7001953125
630358.5,25729.0
288605.5,6024.10009765625
287325.40625,7248.39990234375
358752.1875,173785.0
566349.375,16048.2998046875
324878.09375,76051.796875
333422.1875,218273.40625
309224.3125,8928.7001953125
479751.1875,348132.90625
561017.0,13336.2001953125
542013.8125,15689.7998046875
280886.1875,7020.89990234375
281035.1875,10373.599609375
563468.5,17438.5
558241.5,52928.1015625
304382.59375,7888.2998046875
549063.375,13311.900390625
354302.5,178604.09375
303326.1875,80199.0
582125.0,14673.0
321181.90625,13809.2998046875
571329.8125,13331.7001953125
336263.1875,115480.8984375
280807.0,7432.7001953125
395946.8125,12895.2998046875
322910.8125,126726.1015625
515702.3125,276331.8125
318970.40625,18626.599609375
579383.6875,16613.900390625
571966.1875,216686.09375
516793.1875,14260.599609375
276139.59375,6930.89990234375
571538.0,15387.0
289929.09375,8723.099609375
309603.09375,11656.7001953125
344796.90625,46974.30078125
559784.125,15943.0
581677.0,15601.099609375
307081.59375,10754.0
603771.6875,131542.796875
557852.875,43601.3984375
568958.5,16174.599609375
585099.8125,16724.5
580503.1875,16267.7001953125
439985.90625,316914.40625
551017.625,14481.599609375
267828.59375,97595.296875
478497.90625,301184.90625
439614.5,350364.59375
399892.0,275018.0
306440.90625,7476.2998046875
324505.3125,57522.80078125
408817.8125,262800.09375
324041.3125,15180.7998046875
360243.40625,190865.09375
452763.6875,325254.90625
486308.59375,18900.400390625
449866.8125,244056.296875
372877.0,240867.0
600850.5,20029.80078125
567761.6875,12742.599609375
352781.09375,328141.5
384720.0,226811.09375
314055.1875,55557.80078125
291862.1875,9354.2001953125
536367.125,12869.5
295297.5,9309.0
319415.09375,22635.80078125
412141.90625,310781.40625
584693.1875,16200.0
591679.5,13313.5
326155.40625,20022.80078125
275729.1875,34935.3984375
590263.3125,14343.2001953125
304473.1875,117204.3984375
305275.0,11258.2001953125
301408.3125,9674.2998046875
300871.8125,29464.599609375
555809.3125,17062.30078125
287242.90625,8438.099609375
310414.1875,41929.1015625
372837.1875,222395.09375
277638.09375,8020.39990234375
409233.09375,261050.796875
298693.90625,6938.89990234375
332746.5,222098.59375
289632.1875,6878.5
307043.0,8872.5
317639.90625,16132.2998046875
499320.8125,12629.2001953125
398792.90625,277944.8125
423572.0,11563.7001953125
296464.3125,79280.296875
253011.296875,110031.6015625
619130.8125,21055.80078125
312662.0,105503.0
321509.0,101930.296875
593882.875,14510.099609375
561144.875,11937.900390625
461364.59375,257311.703125
316347.6875,9384.599609375
299668.0,13429.099609375
451473.1875,293751.1875
347269.09375,204527.5
304047.6875,7986.7998046875
567199.375,15324.900390625
280544.5,7804.10009765625
275466.3125,5433.5
261430.203125,24519.69921875
293564.40625,6190.89990234375
313723.09375,179745.09375
437814.59375,264194.6875
583009.125,17237.599609375
496916.5,295803.5
247696.59375,26830.80078125
278260.40625,8150.39990234375
465959.1875,20318.5
289351.0,11435.0
540099.8125,17707.19921875
305313.6875,8764.400390625
594168.875,16646.30078125
572853.5,14323.0
538547.5,13490.599609375
415048.5,224498.09375
635613.1875,22605.0
461944.09375,365144.8125
561488.8125,14332.2001953125
274610.6875,8595.400390625
360833.0,201486.703125
315327.3125,6399.2998046875
248898.296875,73744.1015625
457004.3125,14107.7998046875
305183.40625,59547.1015625
408048.6875,237039.90625
315809.6875,112727.6015625
292891.6875,8188.60009765625
398433.8125,266728.3125
593733.5,16546.5
288352.40625,10621.599609375
456284.40625,245491.796875
287153.09375,7889.7001953125
439354.90625,317448.3125
478025.1875,215842.703125
567266.625,17084.0
559243.6875,14037.7998046875
551976.375,14310.400390625
574104.0,316393.59375
288653.8125,242948.0
288552.6875,14738.2001953125
332500.5,52419.3984375
586268.125,14174.099609375
578816.125,15133.2001953125
295392.0,8636.599609375
543283.125,294974.3125
559647.875,15887.900390625
397975.0,225413.09375
311590.6875,14076.0
282551.5,6538.0
306985.40625,8751.2998046875
323908.59375,83414.296875
378531.40625,266050.40625
587722.0,15833.099609375
568526.1875,19904.5
413162.0,277916.0
571559.375,165920.296875
296251.8125,9268.7001953125
341126.6875,186015.90625
575908.5,16886.69921875
517744.3125,275602.59375
362970.8125,182142.296875
372793.40625,171235.59375
345848.6875,172801.09375
272118.6875,6255.60009765625
305017.59375,9371.400390625
317665.5,79138.796875
322772.40625,98815.796875
280766.40625,101756.3984375
263492.90625,6902.2998046875
456509.1875,281589.59375
314409.59375,73856.0
303315.6875,7908.2001953125
317914.09375,143680.5
317252.1875,142248.296875
568521.0,52023.6015625
347555.8125,161141.0
330516.59375,99403.203125
606293.8125,28887.0
282405.1875,6594.10009765625
289786.1875,16590.099609375
351933.5,107264.0
291063.0,7058.60009765625
337334.59375,152783.296875
581077.875,13992.400390625
306231.0,5496.60009765625
334431.1875,135233.0
307036.5,9641.5
570638.375,14138.2998046875
264122.1875,6397.89990234375
311976.8125,8352.2001953125
286836.6875,6082.39990234375
295382.90625,7150.7998046875
303716.5,16312.2001953125
279405.3125,4835.2998046875
300745.3125,75335.1015625
468768.8125,351284.8125
360294.90625,10870.099609375
312523.6875,12840.900390625
323232.1875,98140.6015625
247770.203125,8423.599609375
561425.8125,18994.80078125
313220.0,10112.5
574748.5,13658.2998046875
299414.5,33130.5
453187.0,284609.09375
569077.375,14319.900390625
310377.6875,10877.5
317070.5,136348.0
580438.375,13586.2998046875
317780.09375,14426.2998046875
496040.6875,272219.90625
294274.0,8592.7001953125
421535.8125,244368.296875
284127.3125,7704.7998046875
270878.6875,11018.2998046875
303131.3125,34965.6015625
573738.875,55444.3984375
581662.625,15508.2998046875
323399.6875,12943.5
292114.59375,6108.2998046875
301148.5,17141.099609375
320028.1875,107664.1015625
507832.6875,10919.900390625
309934.0,37549.1015625
594965.6875,18977.099609375
381955.6875,216713.203125
552401.0,13794.7998046875
325867.0,75079.6015625
316566.09375,18802.099609375
314272.0,93180.0
396550.0,228253.296875
300877.40625,7537.39990234375
383976.5,269857.1875
335107.3125,119386.5
284952.8125,6620.10009765625
295527.5,8698.2998046875
249475.09375,8602.2001953125
585381.375,15770.2998046875
473766.8125,232900.59375
439275.09375,310801.0
324418.09375,19272.30078125
446142.6875,283829.5
530119.1875,278071.5
365551.6875,198094.90625
321309.5,54533.1015625
338735.5,196395.0
313640.6875,12319.599609375
304763.09375,27348.599609375
401558.5,305069.8125
297431.5,7017.10009765625
308253.59375,77182.6015625
382564.0,229306.0
290473.5,7217.7998046875
307255.90625,8210.400390625
400798.0,255369.203125
298426.8125,9146.099609375
540400.5,14113.7998046875
323895.90625,31231.80078125
364417.1875,222220.703125
293070.40625,9319.0
543185.625,15140.5
308838.5,16847.099609375
402756.6875,257583.296875
346706.3125,119139.1015625
529840.875,176642.90625
349781.09375,161598.0
305256.1875,140804.5
609007.5,18419.099609375
317863.1875,64094.1015625
302540.0,12233.599609375
553195.5,13942.5
470337.6875,292145.09375
327185.1875,112764.203125
443588.09375,359421.09375
504471.6875,158935.40625
328456.0,85976.796875
298915.0,56733.6015625
299506.59375,7464.60009765625
293475.0,7271.7998046875
301930.90625,8696.400390625
305600.0,8105.2001953125
525427.8125,295725.5
302989.0,11572.2998046875
289969.3125,5794.2001953125
296639.59375,91797.703125
294026.40625,8595.2998046875
303325.6875,122199.203125
565890.1875,21687.400390625
544969.5,307666.59375
281319.59375,7280.2001953125
291056.09375,6237.7001953125
283603.90625,7139.7001953125
296065.40625,42002.69921875
356475.6875,175228.203125
382648.90625,237655.09375
313059.1875,15805.7998046875
328726.3125,108374.6015625
289739.40625,7731.89990234375
344065.59375,60426.0
567797.1875,16184.0
295431.59375,7035.7998046875
301454.1875,7850.60009765625
301872.1875,9251.400390625
602004.5,16723.599609375
376799.5,198852.5
427722.1875,283242.09375
389871.6875,245499.703125
318369.09375,59314.6015625
536140.1875,258379.90625
416630.0,265418.09375
380325.5,300976.0
371149.0,261912.296875
578968.375,13098.400390625
609117.5,18437.69921875
296565.3125,9738.5
275709.8125,7512.10009765625
308016.0,82189.796875
269812.3125,6334.2001953125
300987.90625,7746.7998046875
291428.1875,21242.69921875
268677.09375,7237.5
568753.6875,11834.2998046875
494179.3125,335949.09375
514722.40625,317195.90625
456418.59375,246228.5
495934.59375,244285.796875
309644.6875,101389.0
553681.625,13562.7998046875
546273.5,160871.59375
289761.5,28406.5
335337.6875,84080.203125
549754.625,15791.599609375
324164.6875,18076.400390625
470075.0,362063.8125
300137.0,8551.599609375
262542.5,6278.5
571632.375,14041.400390625
261947.0,7372.7998046875
475134.09375,244099.203125
559524.875,221046.796875
386900.6875,18314.69921875
273258.90625,8094.0
496778.6875,260347.796875
568911.8125,17841.599609375
367179.90625,195468.40625
306465.59375,7874.0
458406.6875,374085.5
310456.09375,13173.2998046875
352229.5,101637.1015625
501184.1875,298841.40625
301868.5,9655.599609375
559176.5,13088.5
284028.59375,9375.599609375
288581.1875,5566.39990234375
404272.5,224357.296875
269380.0,26989.599609375
591829.625,15138.599609375
275292.40625,6237.39990234375
290886.0,6754.2001953125
493384.8125,354858.0
281531.0,6523.2998046875
263685.8125,16725.69921875
303047.09375,52589.19921875
598290.875,18868.80078125
516052.6875,325745.6875
312436.09375,45600.5
518817.1875,315577.40625
404915.0,230826.59375
292410.59375,7957.7001953125
323843.3125,10280.599609375
340288.40625,73849.8984375
239132.203125,7873.0
374596.6875,261644.0
555037.125,14919.7998046875
301139.5,9912.099609375
290647.6875,8228.099609375
476115.6875,257922.90625
342351.0,143333.09375
291355.0,6993.5
257814.203125,8270.2001953125
487292.59375,247669.09375
345545.5,12333.2998046875
591796.0,128722.1015625
254214.59375,98264.1015625
282889.0,8164.5
310769.5,40872.30078125
257125.0,8292.2001953125
335910.3125,90833.5
285794.3125,5933.10009765625
324167.5,66568.796875
569966.875,34159.30078125
356827.6875,253608.203125
307721.40625,15266.0
540532.1875,12590.900390625
551924.6875,209533.796875
580000.3125,14433.099609375
319686.40625,10132.400390625
591762.625,17291.5
383652.09375,263896.8125
293453.1875,7685.5
352649.1875,225786.5
501844.0,280740.59375
304760.6875,8184.10009765625
273750.6875,7758.39990234375
307480.0,9818.599609375
595865.6875,12749.099609375
345331.6875,12344.7001953125
570568.125,15632.599609375
297381.6875,6543.89990234375
418566.0,289757.3125
303247.09375,28507.599609375
579242.5,15973.5
408483.3125,234756.5
481101.8125,345882.59375
350594.40625,208943.796875
306374.6875,26750.69921875
287770.90625,6747.0
584769.6875,18774.400390625
329098.59375,68784.203125
309846.90625,11901.900390625
428213.59375,325611.5
247138.59375,6363.7998046875
460661.6875,251997.5
320843.59375,9721.7998046875
574020.6875,17211.599609375
583610.1875,16794.900390625
299297.5,7155.5
382011.1875,263902.59375
459205.1875,221048.203125
289816.09375,6906.10009765625
292507.1875,7879.39990234375
520503.5,316453.8125
269173.5,7187.60009765625
308346.0,7259.0
589637.5,15369.7998046875
323910.40625,41381.3984375
313569.0,8999.2001953125
476817.8125,250448.0
352750.6875,119082.296875
604207.375,15009.900390625
318514.59375,157325.0
296916.09375,18003.80078125
419973.6875,286692.0
402572.59375,226822.796875
278321.5,7279.60009765625
553560.6875,29818.099609375
304193.5,8717.099609375
296396.0,5514.0
569516.6875,319052.59375
298470.1875,7372.2001953125
553851.1875,251643.796875
395212.3125,12729.599609375
312196.59375,9080.2998046875
592902.1875,20815.0
326875.59375,161849.296875
249737.5,6072.60009765625
300651.5,10160.099609375
583770.0,208859.0
307052.6875,12481.599609375
536895.625,286903.09375
309405.0,8080.7998046875
292102.0,7861.60009765625
363126.0,181441.5
585704.0,84019.296875
290588.40625,7226.39990234375
431700.0,266899.1875
444235.3125,293616.5
288279.3125,7947.10009765625
492440.6875,256317.296875
284169.8125,7947.60009765625
307714.40625,9711.900390625
307555.59375,92804.296875
310464.1875,8562.5
326740.1875,67758.0
245133.09375,5838.7998046875
592947.1875,16740.599609375
474889.1875,345666.1875
553348.125,192265.09375
397780.6875,240802.40625
429001.5,298658.3125
412889.6875,345885.8125
561474.8125,23561.099609375
269683.09375,12473.5
300689.59375,41614.80078125
322036.1875,45949.0
288488.1875,11765.5
374133.59375,309069.3125
298307.5,8816.599609375
402991.1875,238095.59375
304709.1875,6769.89990234375
576882.0,15969.599609375
276653.5,5906.5
281502.6875,6657.10009765625
299031.59375,7348.60009765625
461089.6875,16776.400390625
274165.1875,227430.796875
303090.8125,8695.599609375
336374.90625,232602.90625
370781.59375,239470.0
282147.09375,30945.80078125
306870.6875,12731.0
450844.09375,262080.796875
289656.0,9346.599609375
587739.6875,42458.1015625
390157.6875,233594.40625
554240.1875,14617.099609375
536696.1875,229822.203125
291259.59375,6969.60009765625
302558.6875,7271.89990234375
287712.5,6385.10009765625
336497.5,16651.0
525841.5,14695.2998046875
301228.90625,9065.900390625
533045.3125,339010.5
296968.5,37458.30078125
346123.1875,101068.796875
397439.3125,237453.09375
564542.625,237411.0
300734.6875,7133.5
511870.59375,223433.296875
288045.1875,41916.3984375
443065.0,328169.09375
536463.0,19706.0
467548.6875,244751.59375
307456.59375,8958.599609375
368862.5,200862.296875
583568.0,14455.599609375
314524.59375,19238.099609375
339507.5,102658.0
327346.0,131014.296875
303419.90625,8233.0
289166.0,11015.900390625
308322.5,58200.0
534561.0,99697.796875
440314.09375,248571.296875
525003.3125,12718.5
329644.6875,78165.703125
268740.90625,30458.80078125
477408.90625,256409.40625
551953.8125,14481.5
297416.59375,8378.5
376251.59375,177864.796875
307053.40625,11495.400390625
447937.8125,356518.1875
578137.5,313530.09375
300932.5,39276.6015625
564962.875,324951.1875
472538.0,329560.5
315682.5,83696.3984375
586035.8125,18497.599609375
356602.09375,149946.703125
592345.875,14486.7001953125
292348.90625,6957.7001953125
254958.90625,19769.400390625
315465.0,81290.5
263975.0,9973.0
304133.90625,44150.0
575784.0,14650.5
295760.0,6871.2998046875
289988.90625,25359.5
293173.5,10658.099609375
458878.0,294494.40625
478098.40625,301477.0
370129.0,203734.0
259911.59375,8438.7998046875
283139.1875,9195.7001953125
575354.375,15619.2998046875
530433.875,444085.40625
251045.296875,9872.0
310641.09375,44989.5
318562.90625,29384.599609375
561582.125,14169.7998046875
292364.90625,73316.3984375
307614.0,7593.60009765625
300875.0,14983.599609375
535556.875,294810.6875
588595.0,145944.0
531813.0,170139.90625
302243.3125,8504.099609375
261553.40625,9549.0
263377.0,10957.599609375
447965.40625,335210.5
555782.5,15533.0
354547.5,221833.796875
330305.09375,84726.296875
413224.6875,237490.203125
447818.90625,326502.8125
301206.40625,13317.0
316849.90625,80495.8984375
498385.59375,375586.0
307071.90625,7541.60009765625
309178.59375,8188.2998046875
274826.3125,6955.7001953125
513064.5,366378.59375
568400.0,283136.59375
475826.90625,334795.1875
392459.5,168771.5
453875.5,14586.400390625
296694.3125,66085.6015625
582954.8125,15650.0
556060.125,13630.7001953125
417640.3125,16308.2998046875
532901.875,386689.6875
286851.90625,7294.5
261932.0,7044.60009765625
316184.5,67954.1015625
331452.59375,121007.8984375
282848.5,6499.60009765625
298327.0,43438.8984375
322455.59375,47568.3984375
544798.875,229657.0
300661.90625,7909.7998046875
288675.0,7237.0
374388.0,226261.796875
590184.8125,14366.5
590392.375,15206.2998046875
371019.40625,187640.5
564980.875,13598.400390625
291960.59375,166289.5
576025.375,14401.099609375
550831.125,267876.8125
492485.90625,316187.40625
293053.8125,8517.2001953125
365849.5,10420.599609375
253041.40625,6940.2001953125
293354.0,6939.0
396128.5,295591.90625
353261.59375,182232.203125
302963.40625,7605.0
271124.5,8778.900390625
272895.40625,10919.7998046875
329416.5,104243.0
299578.5,10088.2998046875
589850.8125,15425.5
304876.6875,7254.2001953125
303857.40625,175069.0
290887.09375,10700.0
271666.90625,7133.39990234375
349338.3125,189553.203125
317455.5,123193.6015625
299654.90625,8603.7001953125
582241.8125,15061.0
301434.3125,9235.2998046875
284102.90625,7229.2001953125
506165.90625,14031.2001953125
574453.875,15677.400390625
300654.0,15217.5
305543.40625,8053.0
298284.0,7103.2998046875
286522.40625,5738.7001953125
522219.90625,284983.40625
287045.0,6896.89990234375
552425.625,18877.900390625
292232.40625,13394.2998046875
291420.5,179324.5
304296.5,7020.2998046875
580321.8125,12026.5
342780.90625,183191.296875
287432.40625,7182.5
306550.90625,44416.8984375
528347.3125,294467.0
282299.09375,6944.5
325820.09375,158664.796875
309030.90625,16320.400390625
564652.8125,14471.2001953125
443557.0,234261.09375
559667.0,293144.5
294778.3125,13191.5
565372.125,12464.2001953125
357944.8125,172093.796875
510457.90625,373511.6875
276776.0,96470.1015625
285364.5,6688.39990234375
280510.09375,11848.400390625
548917.0,18464.0
243711.59375,7250.2998046875
500334.40625,349662.5
426054.59375,16866.30078125
288618.90625,58204.8984375
311889.3125,7594.7001953125
409492.0,10491.099609375
306150.5,7675.60009765625
569215.0,14889.0
353372.0,198057.40625
537979.3125,11819.099609375
287383.90625,9534.5
552905.375,324172.5
269450.40625,7894.7998046875
584284.5,13511.0
582609.0,15323.7998046875
596418.625,19734.30078125
342919.8125,197198.5
284767.6875,27858.69921875
443154.40625,289340.8125
297563.40625,9086.0
540037.875,370381.40625
331078.8125,74375.0
356411.59375,175014.0
587697.8125,52365.69921875
298527.0,7947.60009765625
356411.40625,20880.69921875
573609.5,17525.400390625
297941.8125,6113.0
288285.3125,7266.7998046875
549456.875,12096.7001953125
296850.40625,42603.69921875
363859.5,177086.0
423801.40625,304889.0
562084.5,203101.5
355118.09375,198734.90625
313457.0,41615.30078125
305788.09375,7647.2998046875
308238.6875,23292.19921875
544510.875,315826.8125
537880.875,14759.5
310197.3125,10804.5
460592.59375,273002.0
245036.40625,5176.60009765625
305173.8125,62313.69921875
603125.0,17278.099609375
390014.5,276544.09375
271012.5,12727.400390625
580170.375,17165.0
333270.90625,16478.30078125
331122.0,132786.296875
304132.09375,7104.2998046875
302535.8125,73198.5
320590.90625,130271.796875
288795.90625,8123.5
305345.90625,10416.900390625
305813.8125,8729.5
559256.625,14522.0
328271.90625,9703.099609375
355564.09375,228671.796875
558982.375,106261.8984375
501783.3125,254592.203125
303453.5,118146.1015625
365226.0,236563.59375
467292.0,365911.90625
509985.8125,216400.09375
440698.8125,328476.5
297110.09375,7856.2001953125
504041.3125,353265.8125
299176.40625,10298.2001953125
286966.40625,100429.203125
339363.90625,127188.3984375
273720.0,7656.0
348612.5,141122.5
311917.90625,10859.5
456943.0,247513.796875
549761.3125,16067.5
543100.5,12156.5
345455.90625,203850.90625
247370.59375,7257.7001953125
556803.375,339551.0
314361.5,11265.599609375
269540.5,7586.89990234375
307580.59375,9267.400390625
305906.40625,8571.5
427550.0,13974.2998046875
572939.125,15081.7998046875
560483.8125,211938.5
484041.1875,312937.1875
487190.90625,271465.3125
558243.375,12744.0
390998.40625,277848.40625
507299.59375,23599.0
321764.40625,120698.1015625
410359.09375,338151.8125
315852.40625,11670.900390625
304670.8125,8589.2001953125
365440.5,186771.09375
299641.0,7821.39990234375
297261.90625,5825.0
385315.5,239596.5
354887.0,186381.796875
309162.6875,52654.19921875
590849.375,13892.5
294908.90625,8882.400390625
541268.625,10144.7998046875
296018.90625,8880.900390625
295551.5,7089.10009765625
401329.0,261660.0
564210.8125,185082.59375
347841.3125,145457.5
580950.3125,20676.80078125
594777.375,15720.2001953125
244787.90625,122871.3984375
275539.5,7706.0
599514.0,16025.5
294087.5,6742.5
335492.5,95675.0
478930.59375,351982.6875
562566.5,13270.5
573610.375,15147.599609375
265815.0,8422.900390625
305374.09375,57843.80078125
504921.8125,284516.8125
309154.5,89607.796875
473694.8125,197206.296875
562960.1875,15451.5
513133.90625,323751.8125
400898.6875,275207.5
299402.90625,8301.2001953125
520799.3125,291715.1875
580448.0,13308.2998046875
441801.8125,263629.90625
386740.3125,188367.40625
288831.8125,7397.7998046875
391843.1875,259470.5
381803.3125,233307.203125
299469.3125,7680.7001953125
482666.5,329887.3125
301711.6875,6259.60009765625
302238.09375,60104.5
331057.3125,9095.2001953125
310054.6875,9609.2998046875
303006.3125,217201.40625
360436.1875,171823.0
510937.90625,355459.5
461558.8125,265751.5
419497.0,311027.5
291385.6875,7648.5
554729.625,173465.0
459741.59375,324506.09375
564288.125,12144.099609375
309756.8125,8990.900390625
512919.0,228158.703125
551994.375,13989.7998046875
461277.5,374209.3125
369778.59375,213077.5
542821.875,15973.2998046875
329154.6875,137170.703125
595144.625,14131.2998046875
482195.59375,297236.6875
386641.59375,106806.703125
593237.875,15831.599609375
330684.40625,28579.599609375
561300.625,15297.099609375
300670.3125,101504.3984375
288255.90625,12015.099609375
296199.1875,6404.0
347267.90625,167692.296875
294698.1875,7017.0
291259.0,6698.2001953125
529594.0,240497.296875
338796.1875,171926.09375
293609.6875,9026.7998046875
564971.5,13460.7998046875
578927.8125,15889.900390625
592023.375,14230.099609375
321574.40625,16145.2998046875
313098.1875,7143.0
305983.8125,10572.7001953125
308735.3125,9306.7001953125
291760.0,8622.2001953125
402263.6875,292319.09375
375436.3125,186114.703125
594633.6875,17194.80078125
395662.8125,287319.40625
623641.3125,19232.69921875
277457.6875,6799.5
516329.3125,367393.5
377009.0,137125.0
372299.6875,240031.59375
407860.59375,256005.0
294109.09375,27036.099609375
312698.09375,62533.6015625
306146.40625,10029.7998046875
292583.0,9375.900390625
562964.5,255080.296875
542578.0,275132.8125
421081.8125,288222.40625
293377.8125,7144.89990234375
314025.3125,30415.80078125
368344.5,211460.0
274556.40625,9097.099609375
337206.6875,154377.5
441900.90625,308314.6875
294487.8125,7056.7001953125
475048.0,319668.6875
528965.5,274443.3125
546386.1875,14203.099609375
555223.625,230795.5
582560.6875,14143.2998046875
241877.796875,5677.39990234375
527102.0,355626.3125
547379.3125,398039.40625
481075.8125,346918.8125
408706.0,212822.5
301296.90625,8152.10009765625
554858.875,374276.3125
482873.40625,213595.703125
288560.3125,6551.7001953125
380278.8125,240940.203125
328888.5,19939.80078125
543867.125,13066.0
422686.3125,177817.703125
307287.1875,9292.2998046875
597204.3125,18531.19921875
241853.703125,13214.5
276334.8125,5839.5
569307.0,13308.0
486051.1875,322107.5
596660.125,17381.5
450283.5,9912.2001953125
259701.90625,38757.80078125
519431.5,12970.7998046875
412086.40625,245902.796875
484615.6875,245814.203125
333285.1875,216057.40625
422642.6875,245116.09375
294294.0,9471.7998046875
370353.3125,209854.40625
310368.3125,7219.7998046875
411990.0,335718.0
291061.90625,10279.599609375
595251.1875,14603.5
245692.40625,7857.2998046875
320597.1875,92940.5
556241.375,13560.2001953125
476575.3125,285947.1875
285374.3125,6602.7001953125
337175.5,203746.296875
304118.5,11535.2998046875
288111.3125,6719.39990234375
350997.3125,122490.8984375
419112.0,236641.0
538210.375,14323.099609375
304172.1875,99653.0
326128.90625,42611.80078125
286131.1875,6715.0
297300.40625,91993.703125
516554.3125,288389.6875
325836.5,110859.703125
609145.5,16545.30078125
270374.1875,129031.6015625
437811.3125,320052.6875
542787.3125,229975.90625
337192.6875,202096.5
299016.0,5589.5
560811.6875,245417.5
355962.6875,231246.59375
304962.09375,72568.6015625
554940.125,17406.599609375
560320.3125,13722.900390625
331340.5,87666.1015625
404699.5,287273.3125
571042.0,15291.2998046875
292282.0,8765.2001953125
318445.5,96508.296875
502307.3125,12713.900390625
341665.3125,12082.900390625
389047.8125,216083.796875
532501.375,9920.599609375
299474.1875,10413.5
289714.90625,16756.30078125
424724.5,375780.8125
284622.8125,7057.89990234375
572319.8125,15716.2998046875
299019.40625,7407.10009765625
564417.6875,40503.5
468281.90625,328767.8125
281480.90625,7214.2001953125
346152.3125,111887.703125
322220.5,31223.30078125
411090.1875,294197.09375
380402.09375,232431.0
579181.8125,15158.2001953125
284482.6875,11130.2998046875
305309.8125,54732.3984375
299936.8125,8365.2001953125
292063.1875,8776.0
415611.90625,292894.5
254730.796875,9300.0
303850.1875,8840.5
288953.1875,8175.10009765625
250362.59375,4750.0
549427.3125,330388.40625
502406.5,15289.2001953125
342016.40625,139833.296875
587454.0,16442.099609375
440422.0,269649.8125
535577.8125,264314.40625
575583.8125,15589.7998046875
502006.5,339192.3125
283277.8125,7021.7998046875
309009.40625,48814.6015625
275337.40625,7710.7998046875
348983.1875,140564.0
326010.0,45589.19921875
574759.5,14480.7998046875
390797.6875,281331.09375
281592.3125,7206.2001953125
309389.1875,12183.7998046875
304679.3125,7008.89990234375
352795.8125,106065.203125
562966.6875,11784.0
296249.6875,10041.099609375
430597.59375,306386.5
331435.09375,212337.59375
290744.59375,9886.599609375
312187.3125,15539.900390625
357686.0,186527.703125
587868.0,14967.099609375
332580.5,161151.796875
283384.0,13357.900390625
294685.5,8035.2998046875
316665.09375,29896.0
298735.5,6731.7001953125
405365.40625,260859.796875
581461.6875,15897.400390625
333493.0,145314.796875
311901.8125,131213.90625
296937.5,6235.0
509743.6875,364177.5
321801.90625,86627.796875
383240.5,294459.3125
332629.3125,73269.8984375
317470.8125,118676.796875
402666.90625,303405.59375
316082.6875,7768.0
570385.875,13925.7998046875
280823.1875,6853.5
527896.375,14265.2001953125
290090.8125,9446.7001953125
456720.8125,394047.6875
523376.0,321497.1875
285582.0,9639.7998046875
346956.6875,79039.1015625
416766.8125,369589.1875
594466.6875,15375.7998046875
537132.3125,300728.90625
296396.1875,7131.0
321100.8125,101952.5
297936.5,6823.5
262910.59375,9695.5
333301.09375,121155.6015625
300277.09375,47854.1015625
535353.3125,293929.40625
423601.5,338553.6875
316760.40625,124128.796875
278317.0,9842.099609375
291529.0,7480.89990234375
332376.5,117717.796875
543810.125,300418.0
266766.8125,9292.400390625
569083.3125,14918.7998046875
267354.0,11672.0
297420.40625,6098.60009765625
313155.6875,50591.0
252791.90625,21547.80078125
335004.6875,123150.1015625
365634.90625,272518.90625
307577.40625,6996.7998046875
450874.1875,318828.40625
479512.0,14655.5
321858.0,88755.203125
307784.3125,8885.2998046875
389730.1875,297396.90625
554434.1875,14455.599609375
297787.5,10269.0
252795.796875,6096.0
313654.1875,11056.2001953125
286246.6875,13518.900390625
302620.5,8918.2001953125
280819.40625,40689.69921875
299864.8125,7460.7001953125
515641.09375,462975.59375
593900.1875,14640.900390625
317365.90625,107797.1015625
552087.3125,12322.400390625
439988.09375,335448.0
276864.6875,8053.89990234375
311531.90625,16368.7001953125
259677.203125,166618.09375
330890.40625,64527.80078125
539318.1875,19296.0
568853.5,13606.099609375
287997.3125,7662.0
549853.3125,19932.599609375
554197.5,18247.5
335394.5,150592.796875
577418.6875,15924.099609375
342979.90625,216222.40625
280911.90625,10722.7998046875
309734.90625,11210.2001953125
589992.6875,18759.900390625
362901.0,12977.0
365859.0,194201.203125
296766.8125,11159.7998046875
304408.90625,29668.599609375
504042.6875,200698.40625
289794.90625,7478.5
294521.6875,7286.10009765625
324855.0,189361.40625
314326.3125,10084.5
544002.6875,187010.203125
509426.1875,324610.40625
493657.40625,357623.40625
289558.5,11003.5
300202.90625,8218.2001953125
588727.1875,18602.900390625
281028.5,6916.0
334863.5,156675.203125
314072.8125,12862.2998046875
558557.375,15373.599609375
453080.6875,345720.40625
257230.09375,11016.400390625
539700.375,326583.5
578333.1875,253713.09375
546901.0,331324.5
586197.0,17991.900390625
288395.8125,7295.5
307095.1875,8272.2001953125
556925.1875,14934.900390625
349304.0,212877.203125
290073.8125,8316.7001953125
289609.6875,7456.7001953125
463269.59375,238557.09375
578493.375,14356.099609375
572173.3125,42407.8984375
455454.59375,293559.5
288816.1875,7698.89990234375
361009.90625,199170.59375
595401.6875,15052.099609375
253056.203125,8648.0
307179.5,11236.099609375
284384.8125,7041.5
414074.3125,295224.09375
289312.6875,7402.2998046875
442945.5,239300.59375
295694.59375,6058.60009765625
419735.8125,243317.0
327106.1875,103067.6015625
511667.5,322640.90625
265866.3125,11546.5
298625.6875,8608.0
537090.875,14330.599609375
385358.90625,252608.40625
599846.0,17363.19921875
288370.3125,6781.7001953125
550601.875,18881.0
415360.8125,272513.09375
278067.1875,7507.39990234375
297807.09375,132465.203125
340049.6875,157443.0
577090.875,13730.400390625
295838.8125,48673.3984375
418557.3125,365620.0
306669.40625,113391.296875
568532.5,15285.5
289866.40625,108474.203125
305842.6875,7590.39990234375
321894.5,225563.5
285142.5,119092.703125
312517.8125,47566.80078125
291132.90625,26173.0
312327.6875,16897.099609375
409296.0,215498.0
557143.1875,222625.59375
400469.40625,10699.900390625
499597.40625,388188.3125
253289.90625,8944.2001953125
312494.6875,7873.39990234375
480021.0,307842.5
409307.5,305487.1875
310927.8125,7688.2998046875
296884.59375,6865.39990234375
281731.0,6919.5
574340.5,15171.900390625
278919.5,6856.39990234375
310339.8125,9209.0
370673.1875,275003.6875
289383.6875,104407.8984375
307993.0,81827.703125
318735.8125,41496.69921875
292760.6875,49203.69921875
394950.1875,137715.40625
460825.40625,143431.59375
450991.8125,289583.90625
290230.1875,10809.900390625
539844.375,303789.09375
554974.6875,55850.1015625
541365.375,11842.7998046875
290578.6875,7617.5
344227.3125,11478.599609375
305990.5,102525.5
496507.1875,371079.8125
337491.0,207119.59375
349911.09375,160986.59375
289386.3125,7665.0
549820.5,11158.900390625
329257.90625,38168.8984375
580711.125,15765.900390625
577704.5,29439.900390625
284318.90625,7673.10009765625
305595.1875,10753.400390625
310459.59375,7819.7001953125
532940.1875,12646.599609375
417147.90625,171894.40625
417790.90625,230370.296875
336532.5,154407.0
315652.40625,55117.69921875
588947.1875,17501.400390625
302291.5,10017.0
286918.6875,7410.60009765625
406379.90625,236918.796875
296567.0,6839.0
532859.875,16525.19921875
440040.0,244032.0
310926.5,8325.7001953125
500993.3125,309274.8125
302844.40625,12318.099609375
475525.6875,284977.90625
328408.09375,13113.900390625
292061.40625,6018.5
279371.1875,8111.10009765625
303686.0,5884.0
342040.5,9968.900390625
281312.8125,9307.5
482713.6875,12907.400390625
291389.0,9079.7001953125
252192.90625,8313.2001953125
485129.8125,232534.203125
530442.8125,331257.6875
580427.1875,17717.69921875
437949.09375,273660.09375
305725.6875,9415.900390625
384861.40625,237578.59375
306203.8125,9361.900390625
578486.1875,16998.900390625
575961.375,11502.2001953125
278672.1875,5914.10009765625
302775.40625,7916.7998046875
257217.5,7227.60009765625
301927.3125,9968.0
279545.0,6606.0
339152.0,180691.796875
532619.0,270301.59375
299274.3125,7978.5
290941.0,8481.900390625
335514.3125,174044.0
528078.6875,306406.5
391253.90625,260392.40625
439383.09375,265612.40625
301816.1875,9136.599609375
265841.90625,75450.8984375
314499.90625,40007.30078125
556646.875,14253.2001953125
408478.6875,281675.90625
273424.0,6072.0
411104.5,254063.203125
294013.40625,8171.10009765625
302288.6875,8816.400390625
301827.09375,12509.900390625
294822.1875,7404.10009765625
313851.6875,74062.1015625
297004.90625,7686.89990234375
292988.0,11470.0
389781.90625,196037.203125
582983.0,19860.5
452643.0,357944.6875
279279.6875,5700.89990234375
305574.6875,7433.60009765625
553676.5,14633.900390625
278012.0,5297.89990234375
311375.8125,9743.5
414243.6875,277844.1875
580479.6875,14725.400390625
588121.0,15865.2001953125
377414.3125,127368.203125
287699.8125,6546.7001953125
344693.1875,11587.7001953125
273868.09375,232590.09375
510450.40625,262873.59375
563113.8125,12116.400390625
579013.1875,15400.900390625
440163.1875,14589.599609375
301832.40625,7250.2998046875
284460.1875,8423.5
291711.0,8378.099609375
582849.8125,15884.0
321751.8125,58676.6015625
293898.0,9993.0
287501.0,6995.2998046875
286170.1875,6683.60009765625
291011.0,39992.8984375
316205.6875,10763.5
318759.90625,36651.8984375
430463.5,15341.7001953125
271895.3125,7358.2001953125
371883.5,169322.5
440012.6875,293937.09375
435485.0,204790.5
560832.875,243047.203125
480647.1875,319361.09375
301900.90625,8035.89990234375
374624.90625,267304.3125
484865.0,185188.0
380819.90625,242054.203125
343196.0,108540.5
306787.0,211765.703125
588087.8125,15501.2998046875
275564.40625,6459.10009765625
588101.6875,13111.400390625
575330.625,162466.90625
283863.40625,154629.0
352736.1875,194040.09375
459128.0,254664.5
291341.5,8002.39990234375
517614.6875,306716.1875
583221.6875,13441.400390625
312339.40625,39632.69921875
473402.8125,314140.1875
556057.1875,278490.1875
489802.59375,361625.09375
462128.1875,11335.400390625
310312.40625,104635.1015625
577498.1875,55116.8984375
579406.6875,13575.099609375
530625.875,121488.796875
533209.6875,17877.5
302701.8125,9363.0
452368.3125,345272.09375
388875.5,250420.5
335416.5,50990.30078125
287867.1875,6786.60009765625
285475.40625,8139.39990234375
448272.40625,317088.8125
361242.1875,249557.59375
299678.90625,10450.900390625
314231.90625,32185.30078125
276207.0,7272.5
325841.40625,18010.19921875
360893.0,204591.0
553493.5,14940.7001953125
334783.8125,72240.796875
344787.40625,194773.09375
491730.6875,240108.90625
595511.375,18120.0
320182.1875,118883.1015625
431354.0,332782.5
297197.0,10489.400390625
295957.0,9116.400390625
260262.796875,18064.0
431465.6875,212305.203125
590299.1875,16236.400390625
446710.5,322614.1875
578112.375,16375.7001953125
587575.3125,15773.7001953125
485060.8125,278373.6875
570338.6875,15013.7001953125
586017.125,15320.599609375
300591.8125,9272.400390625
425730.09375,278822.5
271038.40625,8303.2001953125
284868.40625,16643.599609375
309246.1875,21704.099609375
575036.6875,14463.0
312534.40625,10969.900390625
636062.375,30154.80078125
498820.0,11035.5
451531.90625,11515.2001953125
393933.40625,248954.796875
308002.3125,7781.7001953125
409041.40625,11277.0
402698.40625,276127.6875
376149.40625,227290.0
561152.0,16363.599609375
527377.375,11068.0
291324.40625,5925.7998046875
509582.5,13856.400390625
560115.1875,113123.0
437418.40625,298021.5
491490.90625,384324.90625
364153.90625,205121.59375
509147.8125,260621.09375
338332.90625,32910.0
548171.3125,243294.90625
578540.875,12797.2998046875
353893.09375,100631.6015625
305499.5,7482.89990234375
584303.6875,15024.7001953125
447658.5,356675.40625
275604.09375,6127.0
574694.0,15552.5
309510.09375,11474.7998046875
320484.8125,24829.5
493971.6875,301676.1875
544602.6875,262232.0
594892.1875,14555.400390625
583565.375,11844.900390625
566472.8125,14794.7001953125
279794.40625,8159.7998046875
329466.6875,12440.2998046875
617045.5,19899.30078125
576940.5,60179.3984375
366373.1875,8109.89990234375
491277.90625,323263.5
278443.40625,6250.7001953125
547323.3125,277233.1875
329597.5,157838.90625
280786.6875,6116.39990234375
568942.375,12092.5
291845.40625,8106.0
306840.6875,7645.0
317843.5,65396.6015625
351047.5,146371.203125
333030.90625,104194.5
566400.875,13565.7998046875
531219.1875,205278.5
392339.40625,249546.0
313846.09375,11736.0
432908.40625,307634.90625
458891.90625,294778.09375
292823.40625,8624.2998046875
588682.8125,16076.7001953125
468795.6875,334748.8125
297300.0,10369.7998046875
434598.40625,285833.8125
405956.3125,256903.703125
491718.6875,288887.3125
486899.0,219248.296875
335528.0,66975.3984375
412989.40625,183086.296875
525382.875,12768.2998046875
575129.3125,211067.703125
378064.1875,260253.796875
312525.5,9073.7998046875
302057.0,8137.39990234375
262523.6875,113198.8984375
507442.40625,294919.5
345635.40625,220045.703125
307760.1875,10415.5
291261.6875,83369.203125
569847.875,15315.0
331994.40625,73786.796875
353266.0,213805.40625
409534.40625,339517.0
371030.90625,272384.40625
417354.40625,308386.09375
287215.3125,10495.599609375
296613.40625,44350.0
311010.3125,90599.8984375
563869.875,17802.30078125
238401.0,35913.8984375
307827.1875,18361.69921875
299783.40625,6989.60009765625
555328.875,227162.59375
540429.125,24897.5
573417.375,15438.0
529423.125,427007.8125
301167.3125,6996.5
286700.90625,6884.2998046875
302076.1875,9725.7998046875
571554.0,15982.2998046875
508949.0,14539.400390625
307015.6875,12115.400390625
294970.40625,112315.5
517088.40625,375607.6875
370368.6875,168242.0
291209.3125,7198.7001953125
561139.6875,13946.7998046875
288002.5,7701.2998046875
289910.0,7800.39990234375
573209.875,16690.5
415807.40625,260527.203125
369622.90625,13807.0
308362.6875,33782.5
318796.6875,85762.203125
390495.90625,257783.0
551586.1875,313686.5
292447.40625,8223.400390625
578320.875,14724.099609375
309906.8125,49237.6015625
574242.375,19259.0
490745.8125,260679.40625
326372.90625,20807.30078125
311922.5,112182.8984375
399078.8125,240929.703125
575554.625,17288.5
340901.8125,133412.90625
401633.90625,212481.09375
322850.90625,70545.6015625
299626.5,7520.39990234375
290789.1875,5243.0
599132.625,17314.5
334470.5,62430.5
302468.59375,9739.2998046875
416109.3125,289309.5
355819.1875,112826.0
305275.6875,8726.400390625
422744.90625,276906.40625
284821.3125,7855.7001953125
280088.40625,5846.39990234375
577704.3125,14225.400390625
269051.0,7666.89990234375
266296.8125,6532.60009765625
549793.875,14585.7998046875
383324.3125,172257.203125
476421.6875,11465.2998046875
286971.0,9577.7998046875
311537.0,11112.900390625
431095.6875,259176.90625
294253.40625,7197.0
303831.40625,47883.19921875
305819.1875,8645.7001953125
303470.5,8510.599609375
578284.0,16865.69921875
303774.40625,7234.5
517651.8125,338789.1875
298262.5,41908.80078125
307241.5,7860.89990234375
563107.1875,17180.400390625
275856.40625,6903.2001953125
323604.40625,11434.5
410028.1875,307989.0
302712.1875,90993.703125
521069.5,327403.59375
286884.0,7159.7001953125
494712.40625,372493.5
482843.90625,174068.796875
354416.0,213008.40625
316600.90625,61373.0
298996.90625,6771.89990234375
378279.90625,272350.8125
397904.59375,299091.59375
619260.0,34993.8984375
272195.3125,6040.7001953125
298751.59375,12658.0
331878.90625,134673.59375
294389.5,8098.39990234375
302843.1875,9084.5
368249.5,187651.0
609953.3125,15141.5
411473.6875,259250.703125
589317.6875,15000.5
278096.1875,8061.39990234375
280638.40625,7044.39990234375
354199.8125,158998.203125
580219.875,24888.30078125
330452.3125,110101.703125
305973.0,61791.80078125
318158.0,13219.900390625
291774.6875,7505.89990234375
339762.90625,109207.0
537666.375,90217.703125
297090.40625,33109.5
287888.6875,6427.0
285281.6875,7088.7001953125
298993.5,7375.7001953125
362472.40625,185549.5
400171.0,215819.40625
446075.40625,281903.5
257552.59375,110928.5
267956.90625,81372.3984375
474948.40625,276951.09375
361302.3125,14119.599609375
304510.40625,7876.0
480226.3125,12608.400390625
431810.59375,342439.09375
621681.5,31468.400390625
367125.6875,247367.703125
267617.59375,6832.0
306662.8125,7648.39990234375
384858.3125,233767.203125
302222.1875,43818.80078125
285707.0,71011.296875
334992.5,87865.3984375
270711.6875,6903.39990234375
299456.40625,7916.0
557753.875,192029.703125
247752.703125,6802.0
606248.0,17283.099609375
322905.90625,84715.296875
287602.6875,6857.5
329629.40625,15127.0
270741.90625,6908.60009765625
568793.875,16242.2998046875
331454.3125,50030.69921875
304295.1875,8657.2998046875
289271.5,7377.2998046875
305293.5,8372.400390625
589790.6875,194201.40625
547498.875,13484.5
321350.90625,17699.19921875
273065.90625,7048.5
420991.6875,316296.0
315883.1875,116222.703125
398877.0,258156.59375
309060.0,13869.2001953125
576615.375,16153.5
294360.1875,10386.0
390383.40625,218401.5
292283.59375,8873.5
296549.40625,11461.599609375
431176.3125,364513.09375
513082.40625,104756.5
326672.8125,15432.400390625
260495.90625,8471.2998046875
592777.125,14704.599609375
302274.0,8576.400390625
319867.1875,142226.203125
250861.59375,5829.60009765625
290232.8125,7064.39990234375
580439.0,15592.7001953125
430665.0,260970.0
255650.796875,7377.2001953125
297841.0,7812.60009765625
508129.3125,289042.6875
302614.09375,13217.7001953125
275349.40625,180374.296875
472413.5,265748.8125
302215.5,13627.2998046875
564483.1875,14719.2001953125
268651.5,13044.7001953125
512227.5,230071.90625
401359.3125,178287.90625
304539.1875,56226.19921875
380288.8125,276366.0
423746.1875,49906.30078125
289800.8125,77093.5
320795.09375,53612.8984375
617970.3125,14056.900390625
316731.90625,39784.19921875
569904.875,142444.90625
591929.375,13655.5
576737.375,15615.099609375
332912.8125,131259.703125
285855.09375,6527.5
261625.59375,5915.2998046875
552380.0,13956.099609375
558621.875,199840.203125
293121.3125,7622.39990234375
404497.1875,321833.6875
591899.8125,14271.599609375
427867.3125,201570.203125
528783.5,313460.59375
292594.3125,7037.7001953125
290042.59375,7143.2001953125
488124.40625,274357.8125
445958.59375,283675.40625
575195.0,12015.2998046875
588334.5,17012.80078125
520497.1875,204599.203125
522963.5,321685.1875
337082.5,163143.90625
294871.8125,7859.39990234375
468934.6875,342907.6875
384489.8125,241351.5
297884.09375,6836.89990234375
484630.09375,12514.099609375
327289.6875,106247.703125
542569.3125,258264.09375
294819.5,8523.2001953125
302746.0,36125.5
276268.8125,10046.7001953125
601540.0,21212.099609375
284050.90625,5979.2998046875
318860.09375,134454.90625
516935.0,125973.296875
580736.1875,14256.7001953125
316588.0,11048.2001953125
586499.3125,15750.400390625
266796.1875,8863.7001953125
462464.8125,11563.0
271477.8125,7827.0
284468.09375,7282.89990234375
471714.3125,250776.90625
574101.875,231452.203125
245328.0,8660.099609375
454150.90625,287281.90625
468477.90625,318178.0
439790.90625,298521.59375
437598.3125,289393.6875
277056.59375,16572.0
372474.5,234508.59375
493596.0,13974.599609375
567043.625,14064.7001953125
575447.625,15058.400390625
375565.59375,14776.599609375
282231.90625,7080.7001953125
323460.8125,81022.8984375
576112.6875,16624.69921875
429985.5,301623.6875
266284.0,8879.5
306534.5,35830.6015625
376548.3125,265503.1875
298341.59375,7789.7001953125
314232.90625,8939.7998046875
442906.5,143244.296875
362519.0,252964.296875
308211.1875,9793.7001953125
522375.0,19328.900390625
383290.09375,275545.09375
382945.40625,277711.6875
468378.8125,298605.40625
295480.1875,15210.7001953125
307008.3125,8068.10009765625
341343.0,129741.5
570517.5,15090.099609375
441736.09375,306988.1875
466199.90625,11553.7998046875
283143.09375,7093.89990234375
507042.0,324971.3125
351551.0,159924.296875
588936.5,81215.203125
365056.3125,224473.40625
305075.1875,10400.2001953125
589718.8125,13987.0
307240.1875,10008.2998046875
319750.3125,12730.0
449085.59375,337038.90625
302348.5,9747.099609375
578176.8125,14461.900390625
488147.40625,13536.2001953125
584371.625,16477.400390625
421429.5,271874.09375
429494.40625,268392.90625
495694.8125,14405.7001953125
552819.625,14572.0
297328.59375,8219.2998046875
542361.0,14550.099609375
273308.6875,8791.7998046875
316005.09375,26767.099609375
300527.90625,39927.19921875
587692.3125,19978.400390625
300992.1875,12125.7001953125
308400.3125,14112.099609375
308102.0,8150.0
573710.3125,15191.7001953125
314336.0,163335.59375
435801.90625,193767.796875
582717.5,17823.80078125
595740.625,13795.599609375
536421.375,199812.703125
367632.3125,200014.40625
578341.1875,14822.2001953125
314976.8125,9515.599609375
573266.0,15325.2001953125
416288.0,135235.0
558718.3125,13579.2001953125
571210.0,19996.099609375
301088.09375,8628.7001953125
303541.90625,10217.7998046875
365961.59375,190483.90625
506204.0,253139.796875
569103.0,10790.2998046875
300834.1875,211921.203125
451299.8125,307773.90625
561701.1875,12662.7001953125
272382.8125,7012.0
404702.1875,211884.296875
400092.09375,127291.8984375
421750.0,241769.09375
489045.40625,259965.703125
569360.625,18766.400390625
595243.5,19492.099609375
589835.375,42125.3984375
278222.90625,7579.10009765625
591312.8125,25267.69921875
244930.59375,6893.5
288306.0,7977.60009765625
561490.1875,13726.7998046875
337758.0,95124.6015625
599476.125,17371.19921875
301417.59375,12797.7998046875
461604.0,333414.1875
546139.1875,13737.7001953125
586980.375,14074.400390625
345010.59375,205815.796875
299827.6875,43340.30078125
256299.796875,43332.19921875
276671.0,5966.7001953125
596951.6875,20049.19921875
296026.90625,9653.0
571926.8125,306574.1875
447045.6875,17368.900390625
438106.40625,236565.703125
326603.3125,73949.8984375
331659.5,138708.703125
604255.5,19025.099609375
596991.3125,160900.703125
540923.625,253432.703125
538468.375,289295.8125
296411.6875,9232.900390625
301424.0,9099.2998046875
258628.0,11185.7001953125
370394.5,277234.40625
565984.3125,15355.400390625
318309.1875,112035.203125
286140.8125,8231.0
507425.6875,215440.296875
306423.59375,7611.10009765625
563974.8125,13031.400390625
504361.6875,298671.6875
301386.8125,7978.10009765625
281574.0,6339.7001953125
309411.5,24880.5
318814.8125,12089.2001953125
307075.5,34697.1015625
280120.8125,8723.7001953125
549995.625,13724.7001953125
569382.375,95305.296875
279688.59375,7189.89990234375
377586.6875,383723.40625
554792.6875,172496.703125
527235.5,11963.7001953125
249173.296875,6152.89990234375
290217.1875,8398.7001953125
345152.8125,172323.0
529233.3125,319374.5
474757.5,15025.599609375
574314.8125,18276.400390625
293902.90625,8915.7001953125
298799.90625,8430.400390625
472258.90625,205434.5
349395.90625,70013.6015625
372409.59375,292587.0
597780.625,15662.7998046875
586548.0,15959.599609375
296542.6875,10857.7998046875
582527.5,14828.599609375
500653.59375,330828.6875
354237.09375,186385.296875
328065.5,110092.203125
306579.59375,73012.8984375
500087.40625,374797.90625
276858.8125,9642.400390625
413164.1875,261815.59375
297618.3125,7312.2001953125
477549.5,13522.2001953125
422999.90625,276716.5
305226.40625,34322.6015625
583017.1875,15411.900390625
340981.6875,17420.900390625
322692.1875,89730.703125
294274.3125,40661.80078125
489395.1875,312266.3125
376996.1875,225634.203125
353369.5,276083.90625
570231.875,15659.7001953125
390519.8125,311787.09375
387802.5,159979.703125
318906.3125,36324.69921875
578242.5,189139.09375
582593.125,16299.7001953125
568495.8125,14540.400390625
537792.3125,390709.09375
284070.5,6807.7001953125
469062.3125,364795.1875
328523.8125,57329.69921875
595846.625,14762.7001953125
265296.0,9234.2998046875
553023.6875,136951.203125
437309.5,289275.90625
425172.3125,13798.900390625
367118.8125,202051.5
298808.3125,8771.5
566217.625,12082.400390625
272356.0,73872.6015625
589807.3125,14850.400390625
312226.40625,9942.7001953125
536667.625,362765.90625
586266.375,15519.400390625
332696.90625,7488.5
512931.90625,373150.59375
336984.3125,97607.703125
557342.5,212728.59375
567822.5,232373.59375
374430.09375,238097.796875
259754.0,11079.7001953125
504222.59375,272592.90625
574956.625,15516.099609375
294251.90625,8751.7001953125
290890.3125,7787.39990234375
312712.5,9240.2001953125
283434.0,15209.599609375
271070.8125,8909.2001953125
571770.875,12914.2998046875
294646.09375,6936.60009765625
285561.90625,23056.69921875
448735.8125,315826.40625
294146.6875,7008.7001953125
414765.3125,304559.09375
336245.5,148374.703125
305845.5,11810.0
321441.3125,228707.703125
300080.0,6814.10009765625
426521.59375,310785.1875
368373.40625,39294.80078125
305673.59375,8232.900390625
590517.6875,14520.400390625
306148.1875,136163.703125
343828.0,187557.203125
344644.0,197075.40625
294634.3125,9650.0
584138.6875,28540.80078125
574746.3125,11947.0
342729.59375,189377.90625
310822.0,11008.099609375
282538.3125,6175.39990234375
286470.40625,6755.7001953125
386370.59375,146458.90625
297291.90625,7925.5
421035.90625,271341.59375
560579.3125,16573.69921875
288283.59375,7957.2998046875
300212.1875,8228.2998046875
317988.0,51630.1015625
513981.09375,256566.703125
294875.09375,9780.7998046875
303463.0,9553.2001953125
272322.6875,6696.7001953125
502345.09375,16979.099609375
558436.375,14167.2001953125
265456.6875,11492.2001953125
329990.8125,169160.09375
556539.0,15083.7001953125
533137.3125,225286.203125
442900.3125,361848.1875
254229.703125,6857.7001953125
488908.40625,256086.5
336671.0,81401.5
304128.90625,7334.5
383765.5,340141.1875
289792.8125,7510.10009765625
295296.1875,12727.0
490234.5,344076.40625
308948.40625,8002.0
580105.625,14306.7001953125
285241.8125,11505.7001953125
589366.8125,19263.0
346446.1875,123571.1015625
492068.6875,362968.6875
262018.296875,11235.7001953125
544075.1875,16344.7001953125
298339.40625,7385.5
419944.6875,252553.0
583364.3125,15180.2001953125
273319.3125,11905.2998046875
330634.0,19462.5
451371.3125,287289.59375
498058.40625,316232.09375
334448.6875,127966.296875
438482.6875,317734.6875
259425.5,5793.2001953125
283511.59375,7097.7001953125
337395.59375,22964.30078125
278810.6875,6048.60009765625
401592.8125,167573.09375
579430.6875,15351.099609375
310578.09375,8231.2998046875
319223.1875,38870.69921875
608991.1875,20434.19921875
312084.1875,10362.099609375
512941.09375,90011.3984375
494154.5,11319.0
573056.1875,175650.203125
326709.1875,115147.6015625
352890.09375,132045.90625
573392.375,14553.5
301396.5,7525.5
394796.0,310014.1875
496034.09375,13858.5
297696.3125,9095.099609375
559635.125,14435.900390625
273491.1875,8088.5
286502.09375,7721.7998046875
327616.90625,19992.5
355979.59375,199667.703125
310248.3125,36319.19921875
558069.3125,15514.0
331126.1875,154317.09375
527100.6875,211483.203125
593694.3125,43638.19921875
296540.6875,8563.2001953125
323697.40625,74788.0
488088.90625,298042.40625
341010.6875,131928.5
365571.3125,281133.8125
466561.09375,338970.90625
559707.375,14038.400390625
551012.8125,13429.599609375
488707.5,301401.0
349605.5,123580.3984375
598584.8125,17885.099609375
532815.6875,279931.1875
419612.0,288141.6875
292570.0,11648.2001953125
382213.09375,293693.1875
324210.59375,105715.296875
550950.6875,16209.599609375
305367.0,90614.1015625
447669.6875,340514.1875
567175.1875,13885.7001953125
284655.09375,8426.900390625
595564.1875,17617.900390625
532447.875,360142.5
425646.40625,323479.5
324278.5,126483.203125
568806.625,15526.900390625
531992.6875,338427.0
572858.1875,13639.7001953125
578293.1875,14596.599609375
424410.40625,249397.5
317512.0,122935.5
506877.59375,268865.40625
284593.1875,8892.5
591504.0,16078.900390625
501186.1875,126065.203125
337388.59375,124315.296875
278838.5,7972.2998046875
303615.90625,8008.5
358105.3125,229905.703125
425430.3125,322049.5
529551.6875,13812.099609375
314376.6875,114438.203125
293907.8125,6483.2001953125
588228.875,17018.599609375
552813.375,12485.5
258208.40625,8242.400390625
481865.1875,351989.0
560360.8125,14370.7998046875
292792.40625,11050.400390625
356074.6875,181109.203125
314697.09375,120832.8984375
362445.5,224267.0
538257.375,149104.0
313288.0,17441.19921875
278517.09375,6776.0
601754.8125,15219.599609375
490852.09375,267238.90625
468212.6875,365899.1875
369109.90625,8315.0
587848.3125,17780.19921875
290184.6875,7530.7001953125
325976.40625,43926.5
275880.40625,43627.3984375
314954.1875,10895.5
514718.6875,275422.09375
357062.59375,183349.90625
600409.6875,23618.900390625
580926.875,16095.5
335558.0,85747.5
544475.875,12856.0
280740.0,7331.2001953125
300074.09375,8080.5
317613.3125,10992.099609375
407905.6875,225033.0
485246.6875,295085.6875
421292.5,203399.296875
547243.375,272501.0
303845.59375,39554.19921875
357532.8125,151776.203125
288956.3125,7690.0
352700.1875,171225.09375
303536.1875,10622.2001953125
597767.3125,233211.203125
450045.1875,381912.1875
568796.375,17504.099609375
485850.40625,298787.5
587084.6875,15902.2001953125
489847.59375,261952.40625
615025.6875,192041.90625
319131.40625,13082.0
400667.0,274964.5
289863.90625,8610.0
250730.0,7261.7001953125
284204.59375,7277.5
299879.6875,7708.0
295820.1875,7987.7001953125
451990.09375,232140.296875
362627.5,277906.3125
259850.90625,6532.0
282298.09375,8529.2001953125
525805.3125,15003.2001953125
320213.8125,14479.0
314809.6875,8716.099609375
377506.8125,219907.203125
366576.6875,129151.203125
474943.90625,319316.59375
375631.90625,165245.5
409311.40625,330925.40625
292547.1875,8354.5
299893.3125,10923.7001953125
328812.3125,61995.80078125
292612.59375,9039.400390625
309544.40625,198447.40625
312476.8125,70352.1015625
542724.0,19116.5
289666.0,7464.89990234375
267755.8125,5939.10009765625
324170.40625,20681.900390625
571500.6875,29275.69921875
498469.0,381815.6875
579331.0,13793.2001953125
368511.0,154961.796875
580473.625,18499.80078125
286155.1875,6043.60009765625
323577.8125,34543.69921875
562038.3125,18310.599609375
297049.1875,225848.203125
524686.6875,354183.59375
326033.09375,130425.3984375
308928.6875,9107.900390625
580349.375,15658.5
456688.5,338178.5
293426.90625,9809.0
312311.0,9130.7001953125
515394.09375,289826.0
541414.3125,382286.09375
267716.1875,9096.5
589807.1875,14203.7001953125
316834.09375,30111.80078125
309561.0,9431.7998046875
552323.125,287032.6875
377185.1875,307150.59375
295076.6875,10701.2001953125
287828.8125,19185.69921875
402208.40625,137622.09375
451064.40625,301302.5
544211.875,18038.400390625
407589.1875,283794.0
314581.8125,9771.2001953125
549974.3125,15424.2998046875
467386.59375,251453.90625
573133.375,16071.900390625
550753.3125,396978.59375
591524.0,15316.5
501777.0,326310.90625
540989.6875,17453.69921875
355171.6875,161248.59375
290776.59375,7846.39990234375
587683.1875,15225.400390625
324734.40625,114131.0
495894.59375,322716.0
580126.3125,14496.099609375
527517.1875,12601.5
299713.5,37763.3984375
587612.625,14510.7998046875
285527.5,10111.2998046875
364913.40625,218866.5
305056.59375,9683.2001953125
540113.8125,12471.7001953125
297428.3125,6396.5
384272.1875,259432.09375
305577.6875,8455.2001953125
316595.3125,9886.2001953125
291255.1875,7254.2001953125
285421.90625,9284.599609375
292737.90625,7177.5
317790.8125,120409.703125
269268.8125,9062.2998046875
309184.8125,183583.59375
305814.5,7054.5
573245.5,15188.400390625
294779.8125,8224.599609375
365607.40625,246911.40625
281739.40625,9036.099609375
289716.6875,107401.703125
590815.0,16716.69921875
356929.09375,190460.703125
319691.0,52155.30078125
579234.625,16183.2998046875
352474.6875,168626.09375
487812.3125,332724.1875
278034.0,89718.6015625
297809.59375,7475.7998046875
304362.1875,10884.099609375
416186.59375,267311.90625
296803.1875,47197.3984375
559566.375,12221.0
331768.0,101287.5
504400.90625,15175.5
376600.5,225518.703125
448462.09375,231828.0
441139.3125,277232.59375
580493.125,15992.900390625
290102.1875,152685.0
430062.5,246167.90625
375308.09375,230849.796875
294937.59375,8387.7001953125
394008.8125,282767.1875
290341.8125,8708.0
306931.6875,155690.59375
377680.8125,196088.203125
498764.1875,10189.7001953125
368190.40625,185865.5
290394.1875,7788.5
299349.8125,8859.7998046875
564419.375,13083.900390625
548667.3125,193956.09375
320104.5,108737.0
572582.3125,197688.09375
306125.40625,13702.900390625
462362.90625,334824.59375
581484.1875,15532.2998046875
572125.6875,14160.7001953125
325954.5,200509.203125
582680.0,14296.7998046875
563046.125,155934.296875
482779.6875,347524.59375
560231.8125,13655.099609375
579624.5,13112.099609375
380196.1875,13043.099609375
314377.09375,258968.296875
378204.6875,243415.703125
339959.6875,123784.6015625
315278.1875,10634.400390625
303574.40625,13911.5
572952.0,16022.5
597267.875,15098.0
575814.0,13220.7001953125
586298.8125,19288.099609375
561293.125,17416.900390625
548387.5,269137.90625
540741.1875,15317.7001953125
296187.09375,7438.7998046875
581418.0,15117.7998046875
383187.40625,249105.0
555956.625,356606.6875
398864.8125,335220.6875
360856.8125,238690.0
371206.1875,163211.59375
356183.8125,104516.703125
450669.6875,287285.1875
571695.875,266153.0
474986.6875,244769.0
285215.3125,7404.2001953125
487508.8125,297521.59375
502576.0,15133.0
386898.5,11135.900390625
353711.3125,198103.59375
319981.59375,92308.8984375
308064.90625,10943.0
500610.5,329827.5
305816.59375,7218.0
490694.8125,346309.59375
296940.59375,71087.8984375
315505.0,138820.40625
317739.6875,245388.703125
410319.5,333130.3125
538874.875,14427.0
278909.59375,7274.7001953125
315355.8125,10302.5
316254.6875,67977.6015625
286534.1875,7661.7001953125
529702.3125,308848.6875
538279.875,314041.59375
327863.90625,105037.5
570303.875,14746.900390625
290717.6875,10553.099609375
403517.09375,148008.90625
295617.6875,10596.400390625
471061.5,14148.0
314505.5,121001.703125
305019.8125,10068.599609375
295406.59375,8434.900390625
297884.1875,49262.3984375
353484.90625,221945.296875
390212.0,206923.703125
375609.3125,308645.5
318145.5,55303.0
349529.6875,243200.09375
272885.90625,4591.7998046875
244194.703125,6419.2001953125
296037.09375,7915.39990234375
307402.09375,49615.6015625
421854.90625,327722.40625
342878.8125,11620.2001953125
563072.625,14322.7001953125
576301.6875,14082.7001953125
571231.5,206653.0
451649.6875,11842.900390625
306049.59375,11194.5
562206.875,12212.5
554998.1875,10144.400390625
272329.5,9831.599609375
301615.5,8370.0
327866.90625,90654.8984375
578285.6875,14619.900390625
494717.90625,13784.7998046875
322422.8125,18953.599609375
292113.90625,6199.0
421606.40625,243851.59375
269138.6875,100695.8984375
524464.5,277764.1875
510042.90625,12532.099609375
605802.5,23221.19921875
313527.5,12591.5
382703.8125,169310.09375
570538.1875,14751.599609375
299957.1875,19279.69921875
246895.09375,7076.89990234375
312275.09375,103651.6015625
321363.40625,91488.8984375
297569.40625,6349.10009765625
284349.8125,5374.2001953125
371108.6875,249002.703125
328649.40625,56108.5
574666.375,14394.7998046875
285632.3125,6705.2998046875
320815.6875,24660.900390625
371427.90625,175000.5
521398.6875,159953.90625
390204.5,207999.09375
295479.40625,7615.7998046875
578365.375,29894.099609375
284913.0,6478.7001953125
444997.3125,298472.0
305203.5,8163.5
546385.375,13394.2998046875
295054.6875,7054.2001953125
558511.625,13978.400390625
578098.625,14539.599609375
394879.40625,243786.09375
310883.3125,8280.2001953125
568520.375,14208.099609375
308256.6875,8707.900390625
312238.40625,9901.7998046875
282980.0,9185.2001953125
481468.8125,278013.0
403068.8125,300064.59375
592676.6875,14865.099609375
578419.875,15399.2998046875
581264.125,16782.400390625
603012.125,17715.099609375
600268.375,20035.400390625
358178.90625,176302.59375
357010.59375,49229.19921875
294972.6875,8609.7001953125
299468.90625,8447.0
369014.5,309221.0
575632.6875,13643.599609375
289941.1875,7073.89990234375
309924.40625,65575.1015625
547399.0,16661.19921875
349182.3125,199671.5
436354.6875,281217.59375
580434.875,14918.2998046875
292000.59375,6918.89990234375
265008.59375,5038.10009765625
312293.90625,7503.39990234375
437750.90625,348771.59375
511064.90625,379429.0
308137.90625,9875.599609375
567927.1875,318175.90625
581308.375,13808.2998046875
541257.0,239864.203125
349650.8125,151132.5
473891.0,331063.0
330472.3125,163958.09375
322226.40625,164686.5
298865.90625,43864.5
293298.40625,7479.60009765625
409827.90625,268355.09375
326264.90625,90011.296875
452690.5,284366.1875
253665.203125,62983.6015625
487069.90625,329121.8125
369709.6875,145380.203125
297540.59375,7738.89990234375
598088.875,15354.599609375
435925.40625,322438.0
577945.375,13803.599609375
556455.6875,14103.400390625
294893.40625,10628.7998046875
318752.8125,23107.099609375
589145.6875,32910.6015625
336117.40625,71532.296875
579526.6875,14471.2001953125
287148.59375,18849.400390625
447072.40625,291346.40625
545072.875,309216.09375
325910.09375,9378.2001953125
569697.6875,13947.2001953125
485610.5,277639.5
582997.875,108908.796875
580766.1875,15286.099609375
274027.90625,8199.0
330778.90625,79479.1015625
332879.90625,140022.296875
313781.5,8870.2001953125
342306.5,119163.0
335661.3125,158741.59375
349295.1875,135213.59375
579147.125,18247.400390625
555468.3125,242311.203125
574919.875,16332.0
561424.0,324604.5
568881.375,13049.7998046875
565798.6875,14789.599609375
274643.3125,199257.796875
421695.6875,244215.90625
393100.40625,308799.5
408547.6875,254982.90625
279958.0,7286.10009765625
420808.5,252740.0
241663.90625,5780.89990234375
248912.203125,6225.39990234375
294343.40625,9624.2998046875
560840.8125,12813.099609375
569808.375,20072.80078125
481062.3125,326856.8125
560684.375,14897.5
457272.90625,325603.59375
558732.6875,286350.90625
420475.8125,173743.5
523985.3125,204494.09375
311008.6875,69606.1015625
290397.90625,12203.2998046875
350495.6875,145854.703125
294737.59375,8251.900390625
485721.09375,249870.59375
328292.90625,237161.40625
595739.375,20519.099609375
576360.3125,85986.703125
362583.09375,270684.1875
573358.6875,15653.7001953125
326763.90625,124831.5
420119.90625,238257.296875
313561.1875,58182.6015625
575931.6875,14472.900390625
466949.59375,393314.5
596500.625,15361.400390625
488280.8125,231724.796875
299206.40625,13385.0
311330.1875,28814.599609375
287481.5,6735.60009765625
483766.0,13632.900390625
392415.0,251745.90625
294035.8125,8651.7001953125
287262.5,7335.2998046875
298019.8125,7781.89990234375
286269.3125,7866.0
292916.90625,7575.0
352141.90625,181303.203125
282731.1875,10836.0
278571.59375,5513.10009765625
294723.6875,6782.89990234375
562028.8125,14347.599609375
394507.3125,209604.0
570467.0,17418.900390625
283275.3125,7431.60009765625
291717.1875,6167.7998046875
326362.90625,145088.0
554551.375,383327.6875
489877.6875,359255.6875
280492.6875,9191.7001953125
393959.90625,212973.40625
350545.90625,27393.69921875
578675.875,15703.599609375
288811.8125,12048.900390625
282990.3125,6667.2001953125
366581.5,209305.296875
356409.8125,168525.296875
461215.40625,188305.5
279326.6875,5587.60009765625
569559.3125,12006.2998046875
440653.09375,337263.1875
537768.5,281316.59375
576458.8125,11378.2001953125
422160.8125,326344.1875
482736.5,350555.8125
324981.3125,21442.400390625
276294.8125,5201.5
533683.6875,261226.0
591588.1875,25691.400390625
311662.8125,57155.6015625
252839.296875,6656.0
302080.5,9429.400390625
546373.8125,83452.6015625
300138.1875,12997.2998046875
315584.40625,55023.0
384336.40625,236009.703125
316397.1875,23922.69921875
497389.6875,320934.40625
495935.1875,12852.400390625
242959.5,7706.7998046875
288375.09375,122773.8984375
592202.375,19937.900390625
456681.3125,337079.3125
527302.375,197828.0
293984.0,9185.099609375
384938.5,280670.40625
456470.0,298430.90625
303876.3125,6112.2001953125
311990.3125,9176.2001953125
345066.0,151465.796875
295867.8125,6056.89990234375
306250.8125,68778.0
586377.875,13999.0
392450.40625,195873.203125
500628.1875,350173.5
394047.59375,236415.59375
507486.8125,321524.09375
306079.3125,19090.5
284227.0,8622.900390625
553358.8125,17973.099609375
278322.1875,43184.30078125
392986.40625,230833.5
389425.1875,246001.203125
368858.1875,12091.900390625
394595.6875,239096.703125
589540.6875,16859.599609375
249831.90625,150618.90625
243436.90625,6742.7001953125
592969.375,13444.099609375
528153.3125,316374.90625
294985.6875,12118.400390625
322924.5,122290.796875
567600.125,263146.40625
526482.875,13179.400390625
586006.875,19754.0
535926.5,288388.1875
271865.59375,12436.2001953125
424357.5,303341.59375
252902.296875,7627.2001953125
554252.8125,16034.2001953125
581208.8125,13453.900390625
280765.3125,5730.5
428082.40625,316643.0
273222.1875,6095.0
435495.59375,350015.59375
257373.796875,9349.0
570486.0,14553.900390625
324635.1875,9918.7998046875
310934.90625,12164.7001953125
311237.1875,6630.7001953125
358117.1875,226315.90625
476384.1875,16199.599609375
573586.875,12835.400390625
318466.3125,97384.203125
280348.0,8117.7998046875
295449.09375,7548.39990234375
478100.40625,323984.40625
351320.8125,271104.3125
337857.3125,198234.296875
309966.0,194821.203125
299560.09375,10793.7001953125
497917.0,14945.599609375
294213.0,9362.400390625
368338.5,273931.90625
545800.8125,233719.203125
483801.5,127669.296875
289859.8125,12346.400390625
490591.8125,15655.0
578212.875,16228.0
295849.40625,7812.7001953125
582641.6875,16709.5
293690.09375,9000.099609375
424943.3125,163878.09375
492623.8125,327208.0
311920.0,13291.900390625
338006.8125,130160.1015625
366762.1875,10787.2998046875
259542.40625,8051.0
438495.40625,335508.1875
403103.1875,249931.40625
577424.5,14104.2998046875
562771.875,17524.400390625
294017.3125,6665.7998046875
337345.40625,125816.5
289161.6875,7461.10009765625
505037.09375,384153.1875
543477.0,13753.900390625
421934.8125,15548.7001953125
580704.3125,17675.900390625
389810.90625,232635.203125
577238.6875,13578.5
570030.8125,13861.599609375
301552.8125,9309.0
299996.1875,6433.7998046875
345526.1875,144464.203125
565383.6875,55848.19921875
599884.875,19717.400390625
417719.40625,282956.59375
284589.3125,7733.89990234375
566867.3125,239470.703125
274089.1875,6913.89990234375
279085.0,6323.7998046875
275687.90625,7327.89990234375
334064.3125,222994.796875
313687.90625,38057.0
546709.1875,15583.099609375
301180.3125,7237.2998046875
286400.5,7501.2001953125
498194.09375,13806.2001953125
251558.5,40052.8984375
585655.8125,15381.2001953125
250969.296875,8718.7001953125
484292.09375,226083.40625
314436.8125,224391.296875
294390.5,8514.2001953125
494328.0,367466.59375
405371.0,310327.40625
309740.0,15030.900390625
548399.8125,235212.203125
429702.8125,217661.0
306757.90625,14707.5
325731.6875,16982.5
277855.09375,6684.60009765625
573385.1875,18255.900390625
326667.3125,101698.1015625
290627.8125,8364.0
292507.5,12558.900390625
457242.6875,306809.90625
277968.0,8764.2998046875
273932.59375,7013.89990234375
300996.3125,26888.80078125
320888.40625,14606.0
487967.5,306211.1875
545794.625,13475.2001953125
365875.0,184601.40625
346621.5,200189.40625
319477.8125,200039.703125
579926.0,18091.80078125
346171.8125,188069.40625
484822.90625,378338.6875
438386.1875,244289.5
310019.09375,9857.599609375
347162.6875,141022.90625
307274.3125,12905.099609375
294930.5,166912.90625
286270.3125,10340.599609375
273056.3125,7294.7001953125
315527.90625,54098.8984375
322167.3125,38760.80078125
336788.40625,78356.5
466379.1875,309115.09375
316166.3125,33142.30078125
299536.0,7847.2001953125
493277.5,240162.90625
276334.3125,38448.69921875
464993.5,275254.8125
449855.8125,266648.40625
569116.8125,14405.5
407041.90625,242562.203125
269782.09375,8134.10009765625
570521.6875,16022.400390625
282333.3125,6744.10009765625
274837.8125,5984.7001953125
325678.90625,114386.3984375
516429.3125,414637.3125
298695.40625,7596.0
481317.6875,322396.09375
306099.3125,8669.2998046875
533427.0,277430.1875
568923.125,15327.7001953125
247235.5,6588.10009765625
374423.0,215457.90625
587977.3125,21275.69921875
372735.5,230859.296875
317186.8125,11247.900390625
474593.3125,247654.0
338841.09375,108485.6015625
340148.8125,78916.1015625
284612.3125,7150.0
429513.0,12538.900390625
305396.1875,8346.2998046875
313139.90625,9486.0
496018.8125,278511.6875
427958.90625,214632.90625
305288.8125,7797.2998046875
568308.1875,26177.099609375
313698.5,41438.69921875
284950.09375,7015.7001953125
550943.5,12264.099609375
610303.3125,18320.69921875
587050.8125,14630.2001953125
300258.0,10643.2998046875
291565.8125,7004.89990234375
572346.8125,16321.0
288801.90625,5386.2001953125
295936.1875,7941.5
313010.59375,18366.099609375
297565.1875,12355.400390625
295586.8125,10903.099609375
428532.3125,179513.0
486111.8125,285537.09375
560497.1875,98183.296875
336211.40625,57059.5
576954.375,14961.7001953125
563896.6875,14187.7001953125
494833.6875,367936.40625
532819.1875,15724.7001953125
372459.6875,294487.09375
350964.8125,209453.703125
576255.1875,15456.900390625
321132.0,10144.2998046875
301569.8125,8597.2998046875
309498.90625,9535.5
497661.3125,288226.8125
553275.5,370010.1875
352599.09375,114182.203125
306423.0,37828.6015625
283822.5,6132.39990234375
247481.796875,9593.7001953125
314928.8125,30409.69921875
556986.5,15239.7998046875
296046.3125,10745.900390625
280670.40625,12105.0
378097.40625,191474.203125
578655.1875,15801.5
319586.6875,8484.900390625
360691.0,97256.8984375
417419.3125,325526.59375
290132.1875,19902.30078125
303147.90625,8734.7001953125
292339.1875,7220.7001953125
458649.90625,330652.90625
403983.90625,242463.703125
488820.8125,254180.703125
317626.1875,14064.900390625
310037.59375,23374.900390625
420781.90625,278871.40625
412245.3125,312947.3125
504002.40625,301978.0
586773.3125,16457.30078125
458047.09375,251193.203125
394819.5,308935.59375
269336.5,6476.39990234375
489019.3125,179436.203125
365352.8125,307400.1875
576540.0,16300.7998046875
298759.3125,9341.400390625
309504.40625,9865.5
583133.1875,14747.900390625
526790.8125,110553.1015625
510575.3125,399493.0
268018.8125,6639.60009765625
311174.8125,7393.60009765625
283194.1875,7690.2998046875
297754.40625,9598.5
567116.875,19868.19921875
318151.6875,44196.3984375
357466.40625,201992.203125
493326.40625,360611.59375
419286.8125,305091.40625
309733.3125,22682.69921875
282304.1875,6783.39990234375
549623.0,51029.30078125
525047.875,13814.900390625
377173.8125,103490.796875
560786.625,13816.7001953125
588614.0,16820.599609375
573612.5,17712.400390625
530699.0,16940.400390625
318335.3125,58376.69921875
357489.3125,5857.7001953125
345915.5,91333.796875
599799.3125,19481.900390625
568965.8125,14780.5
300307.5,8603.0
587519.8125,15337.900390625
292978.09375,7591.7998046875
507345.59375,257350.796875
340113.0,118067.6015625
282670.5,5129.5
573052.875,19578.599609375
307295.0,7229.5
338859.59375,97161.0
345292.8125,105706.296875
401729.59375,164284.09375
300608.1875,11524.099609375
334138.90625,131639.59375
586414.875,13356.900390625
570693.875,15785.7001953125
451900.6875,12964.400390625
586098.5,13972.599609375
475249.59375,316427.8125
307133.59375,26361.5
298584.8125,7931.39990234375
601213.5,364709.5
511561.40625,270553.09375
452746.6875,313055.6875
414751.0,209945.203125
533784.125,281072.09375
526438.3125,15974.400390625
279601.3125,7373.39990234375
285634.09375,6669.2998046875
560192.125,201941.796875
585162.5,13495.099609375
560044.5,11580.599609375
289543.40625,198201.09375
489112.90625,350342.6875
448848.0,13953.0
580030.3125,19795.30078125
442062.1875,293254.09375
299519.90625,8355.599609375
495586.1875,362647.40625
341015.40625,103448.8984375
314253.1875,9987.7998046875
308138.3125,25430.69921875
473356.6875,312443.8125
306665.90625,55013.19921875
296140.1875,7008.89990234375
323534.59375,17268.30078125
418891.90625,301330.40625
489659.59375,302431.0
561707.8125,286540.40625
358462.6875,220087.5
591518.5,16726.0
579258.625,14393.2998046875
274144.59375,6559.7998046875
281473.5,9576.099609375
290755.0,9550.099609375
514152.5,23914.0
307408.0,9372.0
310491.3125,8911.2998046875
575846.125,13415.599609375
426908.90625,286984.09375
280315.1875,6930.60009765625
292860.6875,6894.89990234375
567895.375,13118.900390625
292070.1875,8667.2998046875
299156.3125,9609.2001953125
495720.1875,297053.3125
285880.5,18103.599609375
583048.625,22762.30078125
413404.6875,252872.0
303702.5,9999.0
257997.796875,18766.400390625
534460.125,270933.8125
427027.59375,317052.3125
330836.5,113147.1015625
290546.0,7012.10009765625
457647.5,302698.5
302219.90625,12593.599609375
467779.90625,407353.6875
308956.5,14138.5
560473.8125,178482.796875
486180.59375,411826.09375
569047.6875,265489.59375
531603.875,171358.09375
575446.1875,15417.599609375
299442.1875,9310.900390625
404572.90625,296519.90625
391179.6875,260034.296875
536256.125,14008.7998046875
278210.40625,7141.39990234375
405734.59375,190169.5
503943.3125,13344.400390625
302215.59375,9988.2998046875
574652.125,14250.2998046875
324549.0,145466.59375
298666.40625,7732.2001953125
326564.5,46433.0
603794.125,15666.0
590246.8125,13900.2998046875
305280.59375,8865.099609375
306291.1875,8902.099609375
339085.90625,232790.59375
563204.6875,13704.099609375
442864.1875,329562.40625
321465.90625,70363.3984375
309456.90625,8660.7001953125
399310.6875,274926.90625
409114.5,289165.09375
352621.09375,152107.296875
287705.6875,5823.0
289759.40625,19851.400390625
537420.125,19550.5
307921.8125,12015.400390625
312111.0,13931.5
531229.6875,285663.5
415811.40625,284689.59375
323916.5,186457.5
311282.59375,23726.30078125
521031.0,13491.099609375
303559.5,8604.599609375
307349.5,8664.0
483644.40625,16158.099609375
306525.5,10066.5
278627.09375,184264.59375
311352.6875,11365.099609375
267435.40625,7253.10009765625
553740.1875,11450.099609375
287080.90625,7171.39990234375
324293.6875,74662.296875
288893.8125,8179.2001953125
562639.1875,19930.80078125
278890.90625,6967.2001953125
513987.1875,279823.5
392786.40625,177299.90625
584680.125,15749.0
551545.8125,27716.900390625
585468.5,152220.5
338483.6875,100667.5
575416.375,16143.099609375
306579.6875,6406.2001953125
253076.5,6010.7001953125
330374.09375,70567.1015625
524118.40625,308595.59375
305871.8125,8782.599609375
584172.125,14738.7001953125
449632.5,336965.0
259340.296875,5480.89990234375
304480.09375,24245.80078125
301318.09375,16878.30078125
298284.5,155075.0
320289.90625,38305.6015625
417905.90625,264593.6875
343271.0,208481.5
296487.59375,160308.0
316144.3125,11431.2998046875
424623.09375,271760.09375
304835.1875,7807.10009765625
579838.1875,21168.099609375
452364.90625,354873.40625
496714.3125,12877.2001953125
289113.40625,5101.7001953125
384976.6875,237102.90625
418689.5,181958.59375
558634.6875,31230.0
558231.625,15665.5
261839.796875,8282.900390625
288171.0,7533.5
350796.90625,239856.59375
583197.0,282146.0
473447.3125,331691.90625
543600.625,18221.80078125
317263.5,254696.59375
314026.0,41704.6015625
548761.375,288062.09375
455337.40625,390581.6875
275333.09375,7736.5
301442.3125,7513.2998046875
366003.59375,249349.59375
317121.6875,12909.599609375
347125.90625,23928.599609375
594525.6875,14632.099609375
316727.6875,76036.3984375
342124.3125,135609.703125
331851.6875,157583.796875
560451.875,286264.6875
292796.09375,5676.2998046875
464266.09375,300871.5
369730.8125,217895.90625
381304.0,259414.5
424871.90625,250110.09375
600832.125,19884.599609375
305815.40625,8124.60009765625
391192.8125,326610.90625
546643.125,11885.7001953125
422682.90625,317287.40625
528889.125,13449.2998046875
642458.375,18945.19921875
355217.90625,202389.296875
380525.1875,251719.796875
283532.09375,8734.7998046875
318462.1875,57534.6015625
574716.0,14595.599609375
308317.59375,93686.8984375
291230.0,5415.60009765625
610551.125,22560.30078125
560466.625,82568.796875
467872.0,206067.59375
490424.0,348817.5
434457.90625,312668.09375
388113.40625,12761.2001953125
328359.3125,149195.796875
271571.6875,9404.099609375
553014.1875,239730.90625
289638.90625,9419.400390625
307654.1875,40150.80078125
308080.3125,42290.19921875
341857.40625,116300.703125
441426.1875,278346.40625
576095.0,13425.599609375
502201.59375,13271.2998046875
317312.09375,68954.0
292609.8125,7013.39990234375
286929.5,8454.0
573517.3125,15625.900390625
589672.625,18534.80078125
351340.59375,155705.296875
492285.0,315105.5
581741.875,170044.59375
312481.0,9353.0
315584.09375,50997.0
353067.3125,10954.7998046875
581167.125,23241.599609375
308423.90625,15787.599609375
299171.6875,8631.599609375
406163.6875,290469.40625
337143.40625,152482.203125
607268.5,18091.099609375
329908.6875,47253.0
501098.59375,180570.5
320080.3125,66169.3984375
576482.5,208677.0
347559.6875,158091.5
395126.40625,229666.09375
249104.703125,5981.7001953125
295472.8125,8980.400390625
432962.09375,238242.296875
445915.59375,405842.3125
497662.40625,156100.09375
293172.09375,9921.0
435357.8125,52971.30078125
378364.59375,197965.59375
319175.6875,63361.6015625
583903.1875,13395.599609375
308689.1875,8656.400390625
534422.875,241866.90625
351108.6875,181757.296875
283901.8125,7873.7001953125
444543.1875,373377.3125
456922.6875,289043.90625
288033.5,6809.10009765625
318098.59375,11774.2998046875
291083.6875,8317.5
303607.0,8144.5
304666.1875,8873.5
499625.40625,329343.59375
355517.0,124823.5
292776.0,11871.099609375
579555.0,13401.599609375
478303.90625,178115.59375
288875.90625,5833.2001953125
311123.09375,53861.6015625
361951.1875,245552.59375
352175.40625,160519.09375
462415.1875,295546.59375
439845.6875,322880.90625
545148.875,12356.900390625
296817.3125,7023.2001953125
307051.6875,59371.80078125
525428.375,345731.1875
482543.1875,373827.40625
293505.5,7245.10009765625
570198.625,92106.796875
531882.6875,12083.0
293813.40625,7931.89990234375
574147.625,16019.5
319511.3125,203915.40625
286954.0,7848.5
556116.1875,12392.5
455941.40625,322942.59375
315463.0,154136.5
541715.3125,362872.90625
314988.59375,38797.80078125
572738.5,16636.099609375
284957.0,6940.0
358407.40625,180710.59375
308849.5,16060.5
267881.59375,67819.0
433166.8125,307546.8125
316677.09375,152532.09375
388823.6875,302265.59375
284437.90625,10354.599609375
505056.6875,289292.90625
296012.40625,181993.90625
576134.3125,14918.7001953125
578794.1875,16993.80078125
534292.6875,244461.40625
575326.5,20209.599609375
320560.40625,13879.400390625
263899.3125,9395.400390625
296532.1875,8128.5
419962.90625,282594.09375
264822.6875,6657.7001953125
310751.59375,8578.599609375
258166.40625,5952.10009765625
576276.3125,14984.900390625
319067.59375,53878.19921875
299325.59375,89362.796875
405805.59375,300981.09375
593693.875,17436.80078125
603351.625,14938.2001953125
572113.125,15642.2998046875
309296.1875,11793.099609375
334418.0,78281.5
472999.59375,261035.796875
371989.5,9652.5
496815.90625,16037.599609375
438484.90625,395673.1875
369578.0,201782.0
582713.3125,13330.7998046875
551914.625,125548.6015625
394874.90625,159092.59375
573840.1875,229920.59375
430863.90625,280222.40625
300521.6875,7634.7998046875
418554.3125,179150.703125
582901.1875,14886.2998046875
577424.625,14143.5
324376.5,140432.0
549739.625,277860.3125
558788.5,253244.09375
558309.0,14864.099609375
348068.0,67057.5
337175.90625,150905.203125
326783.5,150322.0
587705.625,17859.099609375
492862.6875,393806.59375
360809.6875,89571.3984375
293555.40625,7603.89990234375
434604.1875,280723.8125
559724.8125,12774.2001953125
300995.6875,8709.7998046875
570624.375,18627.19921875
449690.1875,298045.90625
292582.5,6586.10009765625
407099.59375,241139.796875
317009.1875,16060.5
404666.59375,151846.0
286666.59375,7021.7998046875
570644.6875,18368.19921875
308021.8125,11584.7001953125
537088.8125,357270.0
249659.40625,7211.5
327426.3125,10966.099609375
251812.5,34040.30078125
574326.125,12913.400390625
478492.1875,257288.5
406722.6875,249208.703125
403969.8125,236524.703125
561553.3125,27650.5
426041.5,178908.40625
366070.90625,222065.0
343222.5,127228.296875
301112.09375,10989.400390625
292918.5,10080.2001953125
348050.6875,127867.0
355986.40625,172076.796875
286403.40625,9367.599609375
305089.5,8439.2001953125
578316.625,19936.30078125
379543.09375,13041.7001953125
365864.40625,224482.59375
480598.5,307113.09375
358162.0,13569.400390625
373119.09375,12599.2998046875
290207.1875,9090.7001953125
371293.8125,186241.203125
567972.3125,18273.0
288605.5,8074.39990234375
280883.40625,35450.0
284462.8125,7714.60009765625
355936.5,215475.296875
300169.59375,7213.89990234375
507793.6875,312722.5
594405.875,14554.7998046875
259479.796875,10313.400390625
301339.09375,9329.099609375
553602.0,15412.7001953125
575471.625,20354.099609375
391341.09375,253028.203125
587868.375,15171.099609375
458064.5,14723.099609375
302332.5,7758.39990234375
302556.6875,7864.5
553023.375,16709.400390625
311765.40625,20311.0
514482.59375,328490.3125
296085.3125,7603.7001953125
263317.0,8788.400390625
429279.40625,287696.0
552875.8125,17907.599609375
315982.5,239894.796875
433195.09375,223117.40625
364852.6875,153739.5
529217.875,275098.8125
302747.3125,7408.39990234375
338884.6875,14835.099609375
534880.125,325661.09375
522781.0,353267.6875
300403.09375,9009.099609375
293996.59375,8522.7998046875
267863.90625,6629.10009765625
363726.0,59677.6015625
306001.6875,11490.2001953125
485786.90625,267017.90625
301413.5,130559.8984375
302663.40625,8383.5
611109.3125,20992.599609375
419316.5,95939.796875
542476.125,14978.900390625
296826.6875,67935.0
372266.40625,215826.296875
372966.1875,89371.1015625
310094.59375,16503.599609375
552865.625,15122.7998046875
521482.59375,12044.7998046875
287700.6875,6574.7001953125
457056.3125,199750.203125
304824.0,10100.400390625
290718.0,7510.2998046875
295841.09375,11120.900390625
625086.6875,19108.0
497471.40625,292978.59375
557969.6875,51177.1015625
263400.09375,7371.60009765625
393998.5,19455.69921875
290203.6875,9827.7001953125
336187.90625,7209.89990234375
275086.3125,7299.2001953125
275490.40625,6711.5
465422.5,271326.3125
274579.3125,5896.2001953125
519598.5,272333.40625
520352.40625,403080.5
296752.09375,7936.39990234375
491057.0,305577.1875
353377.6875,147358.5
308059.90625,9306.7998046875
614261.3125,13761.900390625
318269.6875,14102.099609375
480778.59375,328557.59375
291884.59375,8829.2998046875
447101.09375,293901.6875
537229.875,14715.599609375
308587.5,8890.099609375
342260.59375,165513.796875
347341.6875,166268.703125
305792.8125,10181.2001953125
594059.8125,15661.0
353019.59375,215061.296875
329499.6875,74613.203125
332016.90625,8857.900390625
436354.8125,283723.1875
529469.125,270282.8125
425043.6875,272398.6875
387731.90625,247469.90625
295179.5,7307.39990234375
308256.90625,36467.5
485252.3125,282865.09375
249433.0,7754.7998046875
433539.5,185796.703125
271937.6875,6963.5
486243.90625,116733.6015625
286883.1875,13783.099609375
287896.09375,7611.60009765625
283014.59375,5734.2998046875
262050.5,7039.10009765625
314655.0,16883.400390625
292597.59375,12362.7998046875
526741.1875,373056.6875
419394.90625,337809.40625
304058.3125,7937.0
503964.3125,305623.09375
396591.0,328461.3125
280668.09375,7494.39990234375
295580.0,6535.7001953125
557517.6875,18116.0
328154.40625,72109.296875
524874.875,240097.09375
299568.3125,7585.89990234375
490033.6875,316873.09375
297025.09375,7744.60009765625
571616.0,15488.7001953125
394883.09375,276019.8125
346823.59375,186050.703125
391788.40625,220256.59375
271998.5,110937.3984375
546575.0,15286.400390625
331460.6875,112297.0
246586.90625,7813.5
314162.3125,14138.599609375
308426.3125,40584.30078125
383129.6875,220113.0
417475.40625,283723.5
275903.09375,8492.0
390030.1875,15532.2998046875
279269.0,7261.39990234375
334447.09375,130295.796875
369723.59375,239062.5
316032.3125,43693.69921875
567725.625,14963.2001953125
293347.5,10181.2998046875
319893.5,128056.796875
282569.40625,97181.3984375
423331.8125,327017.5
431286.09375,383958.40625
323659.0,100493.1015625
303243.3125,6013.5
418818.09375,314724.5
270989.1875,169702.59375
328589.09375,10085.099609375
498057.3125,321598.0
329961.40625,107313.6015625
535108.5,366206.0
481647.90625,383998.3125
453003.09375,281948.6875
292861.0,25886.80078125
420094.3125,288216.59375
368818.40625,269580.09375
560454.8125,14436.2001953125
398746.5,288083.90625
562662.3125,15084.7998046875
311481.90625,36489.19921875
292932.3125,23917.400390625
459344.1875,117547.0
483449.09375,302205.5
293806.1875,7142.2001953125
298167.0,8880.599609375
569585.625,203037.296875
423887.1875,243087.40625
562680.8125,269770.1875
464612.59375,379597.6875
393560.5,310844.3125
343649.5,18463.30078125
260488.59375,8590.400390625
277687.5,9431.599609375
312256.09375,71962.5
287950.6875,7883.10009765625
364397.09375,229838.09375
330959.8125,61304.1015625
327999.5,68211.3984375
271867.3125,5830.7998046875
368914.90625,198651.703125
266441.6875,6482.5
305514.59375,9569.5
391332.1875,331363.3125
452348.6875,13471.2001953125
284403.0,8208.099609375
272228.09375,25870.30078125
610445.625,19768.0
575649.1875,15072.400390625
564587.125,243091.203125
579798.0,17701.30078125
309781.90625,8665.400390625
601039.125,15840.900390625
341086.0,113440.6015625
414688.8125,13499.5
316629.59375,60210.6015625
526621.3125,322439.5
535901.875,300060.09375
371456.5,228676.0
296033.40625,7040.7998046875
402074.59375,291159.6875
285005.40625,7016.2001953125
524119.40625,13597.599609375
548730.0,146391.796875
355982.1875,200428.90625
601350.875,17918.19921875
296236.8125,24876.19921875
300178.8125,21550.80078125
572817.375,15124.7001953125
567338.8125,238851.40625
353397.90625,228631.0
568177.125,14556.0
548722.6875,15136.7998046875
309476.6875,10247.2001953125
588356.5,14695.400390625
613662.0,22357.599609375
579718.125,12912.7998046875
354492.59375,200975.0
359551.6875,151918.90625
238751.09375,6287.7001953125
293505.0,7660.2998046875
597136.5,13895.7998046875
586482.375,14142.400390625
577150.8125,14397.0
306810.0,28395.599609375
305204.3125,11959.0
554263.625,13590.0
423339.8125,280217.09375
314572.8125,66998.203125
255244.5,8223.400390625
295868.3125,7312.2998046875
480716.90625,106065.203125
573340.8125,17912.900390625
291918.6875,7465.0
577358.375,15306.0
537875.1875,269095.3125
337139.1875,81038.703125
300532.0,7957.39990234375
297166.59375,7445.5
304557.1875,8869.400390625
292885.8125,9329.2001953125
572601.125,13351.7001953125
308431.5,13217.2998046875
563281.0,54117.30078125
413824.90625,222489.90625
425710.8125,324795.0
293556.3125,5686.5
586102.125,16258.0
309672.6875,17835.099609375
366722.59375,193601.09375
286472.5,89240.5
555928.375,108344.296875
332554.59375,150937.203125
315796.5,101711.296875
363234.40625,201824.703125
285157.3125,10787.099609375
285803.90625,6925.10009765625
387015.1875,269115.8125
376937.5,208948.796875
597246.8125,17609.099609375
450451.5,239188.90625
418106.6875,188591.5
279383.40625,7371.0
479335.09375,325243.5
318870.6875,74145.296875
286991.6875,7417.7001953125
580437.0,11921.900390625
278032.5,10374.599609375
541863.625,16154.2998046875
407453.09375,271438.0
523149.1875,14911.400390625
306244.3125,32673.19921875
512391.09375,383800.1875
267446.0,101220.796875
318000.0,56739.80078125
313711.3125,15144.0
306019.59375,14923.900390625
492787.0,313984.59375
576586.625,15316.0
307194.6875,16638.599609375
295376.90625,9367.599609375
290831.09375,8358.7001953125
260891.0,7939.7998046875
309490.90625,26430.19921875
507076.90625,277808.09375
601256.1875,23989.80078125
552056.0,12974.7998046875
299682.1875,6227.39990234375
270309.40625,6437.2001953125
296535.3125,47678.6015625
596564.0,18070.900390625
289363.8125,8034.2998046875
287656.8125,8738.900390625
289931.1875,9916.5
567585.6875,144198.296875
273727.5,8268.599609375
288749.59375,6773.7998046875
564412.125,16820.0
406547.6875,288909.40625
239431.296875,10834.2001953125
560471.5,13253.7998046875
291774.0,8024.2998046875
569038.875,15343.900390625
314595.3125,17650.5
272192.8125,7052.10009765625
299449.3125,7179.7001953125
302044.3125,19215.30078125
585671.1875,16025.0
299463.40625,8699.5
598777.125,15793.0
261515.203125,18879.80078125
323281.0,173476.40625
544361.0,186658.09375
509357.09375,12353.2998046875
260423.09375,7928.5
343481.6875,218311.90625
427858.3125,171653.703125
589807.125,15911.2001953125
557443.5,16714.30078125
291099.09375,61853.3984375
571831.0,13142.599609375
433290.09375,332651.5
325108.1875,60261.6015625
545698.8125,16376.0
559100.375,12626.599609375
299561.09375,24086.69921875
386753.5,266457.3125
600907.8125,16811.599609375
431837.90625,238148.59375
431599.1875,310186.8125
401328.0,244408.796875
301797.90625,6941.2001953125
375938.09375,232082.703125
373326.3125,280212.6875
257862.5,7297.39990234375
356237.3125,253295.796875
422373.40625,328200.6875
330384.8125,67762.8984375
585300.875,15334.5
484527.09375,317615.5
461493.1875,12908.2001953125
587731.5,19851.900390625
323287.5,80893.1015625
317145.59375,14640.2998046875
305819.59375,7857.5
523054.1875,293556.40625
490488.3125,372485.6875
566561.625,16135.7001953125
340756.0,88442.296875
531977.3125,12703.2001953125
537562.0,352070.90625
374974.8125,197716.796875
316203.90625,39111.69921875
323607.3125,17259.900390625
435918.6875,311094.5
594734.875,18942.0
286497.59375,8240.0
298901.6875,71253.796875
283376.6875,9338.2001953125
302024.0,9019.900390625
306559.59375,21431.30078125
575892.1875,15729.400390625
550472.8125,140988.703125
291980.09375,6963.7001953125
516882.5,403781.8125
578789.0,201447.296875
299978.90625,8067.39990234375
563728.8125,15437.5
502119.0,230379.59375
326530.59375,140383.59375
313903.8125,12728.5
293745.90625,7348.60009765625
573816.625,12922.7001953125
514804.5,11121.2998046875
477170.40625,229236.703125
394727.3125,287076.59375
578850.875,14703.599609375
337167.0,151130.296875
549515.375,15917.2001953125
312003.59375,9306.7001953125
417597.8125,262964.90625
299232.8125,99994.203125
601876.1875,18064.0
384998.0,12066.0
561554.3125,15886.400390625
324109.8125,79303.203125
291908.3125,7806.7998046875
575648.875,15274.7001953125
286303.09375,10000.5
558397.5,12788.599609375
246462.59375,7151.2998046875
297014.09375,7608.5
339422.1875,161050.90625
436248.3125,17321.599609375
292238.3125,77302.796875
309619.40625,18011.69921875
297912.3125,97290.3984375
492448.59375,276120.0
303774.6875,6549.7998046875
595731.1875,17771.69921875
296032.0,11532.400390625
423677.0,249666.59375
305812.59375,7280.0
333281.1875,114463.3984375
263585.59375,13375.2001953125
297954.0,14874.7998046875
454065.90625,310805.40625
474944.3125,277216.59375
309168.8125,9292.2001953125
251685.296875,9781.2998046875
417558.40625,236792.203125
304059.3125,7589.39990234375
315807.6875,23786.5
313219.90625,142929.0
509130.6875,368799.3125
371226.1875,251138.703125
300393.09375,10908.2998046875
564153.625,9271.0
327927.6875,8347.400390625
290090.8125,7933.7001953125
300091.59375,7040.7001953125
508001.5,13652.2998046875
558839.0,66902.296875
266183.40625,8819.400390625
568095.3125,14590.0
372892.59375,250554.40625
268232.5,7135.10009765625
299595.3125,8093.5
481875.8125,244273.59375
370626.8125,205152.203125
287315.5,7899.39990234375
592783.8125,15196.2998046875
382613.90625,211148.703125
408496.40625,249560.5
338577.59375,125013.5
328676.1875,17416.19921875
572839.0,14851.400390625
288039.5,9077.599609375
559004.625,16294.7998046875
260431.09375,10735.5
364956.1875,252273.90625
293463.3125,7794.7001953125
409395.0,252633.296875
277584.0,7495.2998046875
283404.3125,6885.0
459522.59375,311322.40625
308651.5,9917.599609375
411269.8125,327988.0
419058.59375,299056.5
300198.1875,7378.10009765625
419634.59375,288877.09375
298119.3125,7005.5
575911.5,14391.0
573698.375,15406.2998046875
542069.625,321117.1875
306136.5,76944.296875
312586.90625,91087.203125
573763.8125,19324.099609375
484344.5,287560.90625
288985.8125,7000.2998046875
297350.90625,12906.7001953125
293676.8125,8298.400390625
264207.6875,7162.0
440514.90625,209743.0
293663.59375,7143.5
561409.1875,16434.69921875
304430.5,8924.900390625
357702.59375,147715.796875
314613.09375,16250.0
245467.703125,45340.3984375
495246.59375,318971.6875
410815.5,309068.3125
392227.0,231967.296875
299536.40625,6937.39990234375
284711.8125,8112.0
478502.0,348647.8125
550041.625,241061.5
302050.3125,21222.400390625
569620.5,14771.2001953125
295452.5,7122.89990234375
448084.3125,325182.0
504098.6875,357271.59375
406784.90625,232600.09375
251503.59375,7491.5
299474.1875,8149.2998046875
303545.6875,14147.0
605324.1875,17549.900390625
269427.90625,8635.7998046875
416990.3125,334058.3125
295894.8125,7934.89990234375
552557.625,14230.7001953125
308557.5,14960.599609375
286969.5,8519.900390625
476849.5,332650.09375
382162.40625,257160.09375
559284.5,13429.599609375
320229.1875,64274.69921875
545703.5,14218.2001953125
334940.3125,14620.400390625
547842.0,15858.599609375
377381.3125,274038.90625
549598.3125,268365.1875
288109.5,7603.7998046875
279946.59375,10428.0
584197.3125,14251.900390625
547652.3125,14601.2001953125
292640.3125,7247.0
320542.6875,73336.1015625
444098.1875,325252.5
574694.375,13498.099609375
523211.09375,386977.0
290525.5,8367.7998046875
400857.59375,204641.90625
271577.40625,7552.2998046875
294741.40625,8598.7998046875
590264.5,15674.400390625
287627.0,64768.5
577346.0,14274.099609375
552313.0,15440.2998046875
265869.09375,6977.0
281329.8125,163630.40625
425672.5,29672.19921875
293014.8125,8465.7001953125
466910.6875,157951.09375
309929.1875,37737.0
295596.09375,8628.5
540032.875,289344.09375
567713.6875,131425.296875
255004.0,7012.7998046875
287237.1875,8328.0
602709.625,17131.400390625
320852.6875,173433.90625
289891.40625,130068.296875
570597.625,16468.69921875
430540.0,343835.59375
581353.5,15439.0
348494.5,251588.09375
292907.1875,6047.2001953125
303582.09375,52710.5
289314.8125,7180.89990234375
550415.3125,377516.90625
332827.8125,184155.203125
273023.40625,27727.099609375
463040.59375,179188.90625
378928.8125,268201.6875
321583.90625,109346.3984375
574225.8125,304544.0
285726.90625,10928.599609375
571600.3125,15283.7998046875
337568.40625,130582.203125
309599.6875,11691.099609375
577761.875,24535.30078125
549499.0,197601.296875
430373.1875,330591.09375
292464.1875,6181.0
506358.59375,385095.0
524859.5,132088.796875
315703.6875,14501.5
260406.09375,7456.5
568365.8125,14135.400390625
286656.0,8537.7001953125
292656.3125,12812.7001953125
314525.40625,9497.5
527136.1875,240848.09375
303915.59375,10480.0
339269.6875,148490.0
295090.1875,7687.39990234375
552844.375,379787.3125
592699.875,14764.7998046875
296973.8125,14224.2998046875
516005.59375,349333.1875
566859.5,13397.099609375
561125.8125,13320.400390625
334022.5,73618.703125
559374.0,73468.3984375
568026.3125,16992.69921875
274903.3125,14400.0
294839.6875,7159.60009765625
583552.6875,14957.5
564295.375,16467.599609375
465278.1875,285638.8125
310068.1875,19277.0
306031.09375,232311.40625
579060.6875,14358.400390625
601780.375,16921.30078125
258595.40625,7718.2998046875
555419.3125,11837.2998046875
426149.0,10400.599609375
484269.0,305382.90625
588954.5,16098.5
287803.40625,11837.599609375
551824.6875,19077.69921875
564509.5,14752.2998046875
289810.59375,7605.5
484388.3125,197691.90625
570702.5,19302.69921875
293210.40625,7757.0
568635.1875,14856.0
315774.5,206132.296875
578896.6875,37678.0
580607.125,116196.3984375
540730.1875,15264.900390625
363762.90625,12089.2998046875
318569.5,55798.0
233640.5,50113.6015625
274296.90625,10467.099609375
553262.5,297777.09375
312816.1875,59089.69921875
321269.59375,67663.0
385032.90625,248137.203125
573916.5,238906.09375
526198.3125,212486.90625
392467.0,17078.80078125
579755.625,13304.0
576751.3125,27803.400390625
302999.0,7032.39990234375
565163.3125,15332.2001953125
317015.40625,18454.0
296050.3125,9872.5
555236.1875,182019.09375
284920.6875,11954.0
290301.09375,8231.0
277730.90625,8798.099609375
291054.09375,6583.0
335433.6875,128602.296875
531074.0,216274.796875
422321.1875,284817.5
285676.09375,7965.39990234375
499536.6875,157532.90625
548454.375,13321.7998046875
428311.3125,183542.296875
407526.3125,224244.40625
466339.0,268981.59375
400162.5,230541.59375
512517.5,270670.59375
414035.1875,296681.6875
332414.59375,96396.5
302051.40625,7934.2001953125
350322.0,224576.796875
282365.0,9078.400390625
293510.8125,8999.7001953125
576633.875,14231.5
313143.1875,225055.59375
329865.09375,160193.0
282155.09375,6998.0
320069.5,9369.7998046875
299756.6875,8108.5
288832.59375,7824.39990234375
597140.375,26919.30078125
410872.40625,210308.796875
585207.8125,14451.2998046875
475831.3125,283914.90625
306751.0,110816.8984375
515503.5,13589.0
299367.90625,10458.599609375
293177.6875,9172.2001953125
298098.90625,9855.7001953125
476188.0,456490.6875
282366.8125,8312.900390625
297768.8125,8069.39990234375
308126.3125,9959.7001953125
554232.375,16184.599609375
283934.5,8957.7998046875
280353.59375,9620.0
558281.8125,15192.900390625
293236.8125,18420.69921875
564046.875,15548.0
286830.3125,6680.5
279415.59375,158481.5
290830.40625,6910.10009765625
374209.09375,255108.5
273761.1875,17867.80078125
314903.1875,33388.5
314013.09375,89642.3984375
568009.1875,15419.400390625
329953.40625,100180.796875
369813.40625,247106.296875
615063.8125,20844.30078125
393097.09375,260156.703125
302152.0,8652.099609375
292780.5,8823.599609375
580172.875,125586.6015625
525258.0,14651.099609375
292832.6875,12395.2001953125
577040.625,17225.5
376211.8125,221745.90625
552654.3125,340278.1875
297425.40625,79716.6015625
556732.8125,14508.2001953125
577302.375,16381.900390625
372025.1875,275148.6875
300234.8125,12219.0
430646.8125,264792.3125
303058.0,7684.2998046875
313860.59375,10019.5
364318.8125,140968.90625
521699.5,272816.1875
581163.5,15424.400390625
572084.8125,12963.7001953125
305503.90625,68856.5
304498.1875,8484.099609375
302050.09375,8055.0
271446.6875,6072.2998046875
245558.5,20358.30078125
271277.1875,6025.0
347467.59375,157041.90625
378692.6875,249336.90625
549505.875,188477.296875
489534.40625,292615.8125
603571.8125,14842.7998046875
630171.5,16058.099609375
281219.5,8757.5
318145.90625,84029.6015625
259428.0,7496.60009765625
302567.59375,7644.5
461771.0,295364.6875
370439.0,285380.59375
298552.5,19807.30078125
298865.59375,9494.5
359822.3125,187882.90625
293618.5,13155.400390625
300602.40625,9417.0
289011.1875,6325.0
453243.59375,327857.5
309542.40625,162114.59375
300921.59375,9986.5
287287.6875,8464.7998046875
555789.5,16671.80078125
312247.1875,78633.0
296401.09375,8851.900390625
304413.6875,9705.400390625
564657.875,68287.796875
417004.3125,110021.796875
562840.3125,12094.400390625
311244.09375,162310.203125
498370.5,304941.59375
292268.5,7922.89990234375
304532.0,7184.5
373378.0,194014.09375
507564.3125,253574.40625
340475.5,9443.400390625
439854.1875,302247.5
298215.90625,9684.099609375
295182.5,7210.7998046875
292355.6875,6228.5
300029.59375,8161.39990234375
587101.1875,15273.900390625
444963.40625,234543.296875
522143.40625,343436.8125
295868.3125,22977.30078125
592479.3125,14424.400390625
309578.09375,9575.2001953125
304301.5,11594.400390625
271312.0,6871.5
512224.90625,309926.59375
264862.0,6141.60009765625
471198.1875,12242.2001953125
313913.09375,32627.5
517667.90625,232972.703125
255129.0,6715.2001953125
576298.8125,14902.400390625
451601.8125,277290.90625
571325.3125,14475.7001953125
348454.40625,191895.59375
292498.6875,8650.099609375
305612.09375,8936.5
271130.8125,9196.900390625
400704.0,219648.703125
311852.5,19732.400390625
342166.59375,185538.5
275830.8125,6588.89990234375
435071.5,248489.90625
385907.3125,240443.703125
592407.375,15638.0
323859.3125,89113.5
373630.1875,207872.5
353304.09375,223779.5
284983.90625,24002.099609375
327152.6875,200892.0
301768.59375,7854.39990234375
433017.6875,14401.400390625
299937.40625,9093.2998046875
305461.40625,9097.7998046875
584468.3125,14263.2998046875
562717.625,286268.6875
287028.0,6184.89990234375
333308.5,234569.5
585428.0,14886.599609375
299255.40625,8097.10009765625
345320.0,192515.09375
438691.09375,288903.5
267850.40625,5646.2001953125
431633.0,331936.6875
311959.3125,82351.8984375
441087.5,276886.09375
510128.40625,385105.59375
312975.1875,11397.599609375
252993.59375,108145.8984375
592187.3125,83854.703125
316682.90625,24493.400390625
269971.3125,14190.2998046875
441766.40625,292440.1875
308384.6875,12048.099609375
555151.375,13272.2998046875
409219.90625,266803.09375
458200.6875,191256.59375
345071.40625,13404.7998046875
406544.1875,250168.703125
299189.09375,10143.900390625
311260.5,7632.10009765625
319181.90625,14326.0
328113.40625,53856.5
310517.1875,61208.8984375
447750.8125,282811.0
301320.09375,63515.5
279142.1875,8045.10009765625
589565.8125,14494.0
304036.3125,85456.1015625
278562.8125,7478.0
357865.1875,199637.0
304212.8125,9763.0
553611.0,15134.7001953125
378468.8125,228659.796875
303196.40625,11426.0
508036.1875,335411.59375
513613.8125,246863.0
435259.3125,284443.59375
497618.40625,381457.3125
307650.09375,7869.0
355308.8125,213429.5
288615.1875,6942.0
581468.0,16896.900390625
331514.0,113978.203125
558359.3125,13764.7998046875
574094.0,127239.203125
316004.90625,13967.0
394242.6875,247644.296875
318648.0,11570.5
265720.09375,6828.39990234375
456053.6875,13269.599609375
332895.59375,12504.400390625
395799.6875,290558.59375
295063.5,9741.7998046875
604643.0,15129.7998046875
513158.5,245706.0
582330.125,16025.599609375
570328.125,9826.2998046875
505489.3125,16192.2001953125
253543.40625,11470.599609375
328638.1875,76186.6015625
586974.1875,16008.400390625
296786.90625,7402.7001953125
299457.0,10062.7998046875
465204.1875,341006.09375
566211.875,14044.2998046875
465745.8125,317496.59375
370702.90625,235896.296875
308808.59375,35287.0
524859.3125,14550.0
481278.1875,287228.5
579181.3125,33161.0
600509.0,16377.900390625
305934.5,17879.69921875
577950.5,13510.2001953125
591174.375,17895.0
545457.8125,21983.69921875
298595.0,7856.5
453725.59375,13237.900390625
317267.1875,55144.1015625
404669.09375,304073.8125
321399.59375,124790.3984375
562486.6875,11754.599609375
287352.5,31011.80078125
341457.0,162362.796875
273096.6875,7441.10009765625
515267.0,291744.5
303179.1875,12427.099609375
299135.3125,7184.60009765625
306988.3125,11214.5
526887.1875,271487.0
309177.0,41807.8984375
563471.5,211494.703125
303181.3125,155719.296875
474803.5,275426.6875
326368.1875,112101.796875
300529.5,9583.0
474171.09375,243376.296875
574503.0,13873.7998046875
283152.5,44170.0
287024.6875,8006.5
294890.8125,8117.5
370583.40625,162039.796875
277136.09375,40037.0
362520.3125,176812.5
296396.6875,9125.5
297474.5,8948.400390625
363120.5,182434.703125
260494.796875,16313.7998046875
439261.8125,324039.1875
390674.6875,223626.59375
486968.59375,300223.90625
283368.6875,9793.099609375
519946.5,249959.796875
321263.5,141990.296875
598872.6875,14128.599609375
445535.0,123041.5
298420.59375,11164.599609375
298458.6875,9208.099609375
565560.875,13404.7998046875
330997.3125,87753.6015625
265105.90625,10513.2998046875
404661.59375,256510.0
513670.8125,279521.0
316499.3125,153979.5
387204.0,214831.90625
251616.296875,11182.2998046875
307094.5,103138.203125
439206.8125,278130.1875
492872.1875,437890.3125
390456.59375,309333.40625
343093.1875,177740.59375
405625.09375,291168.3125
272452.59375,5444.89990234375
319984.1875,11091.599609375
382909.5,8747.7998046875
417678.5,277204.3125
582702.1875,15413.599609375
351098.0,219805.0
451268.6875,252119.0
348509.09375,17291.30078125
306089.8125,8606.7001953125
431924.40625,299190.59375
576143.0,17293.30078125
325369.3125,79029.203125
291838.3125,7430.0
591003.5,14555.599609375
405072.6875,232306.09375
510422.6875,205059.09375
569839.3125,16622.5
416552.3125,257785.59375
491274.40625,288871.8125
281615.3125,6951.0
288100.1875,6463.0
468605.3125,279062.0
585476.5,16109.400390625
544138.0,13627.7001953125
282233.90625,6570.5
335583.6875,137569.796875
572165.5,16079.0
414878.59375,210141.90625
570269.6875,16979.099609375
438025.6875,323818.09375
296465.3125,13025.5
289187.3125,7899.10009765625
292248.40625,7723.7998046875
439302.09375,295414.0
371861.8125,152941.0
324184.5,20022.900390625
570629.5,17610.19921875
311027.8125,19349.30078125
577404.875,14887.5
511848.1875,327722.8125
535384.6875,315298.59375
322614.59375,77516.796875
373493.59375,166612.90625
584944.6875,17633.599609375
464328.0,343478.8125
262522.0,23532.5
291374.1875,13940.5
299210.6875,8273.0
585532.125,112653.796875
341824.3125,35854.69921875
431956.40625,272230.09375
325484.5,75951.296875
304428.8125,12122.2001953125
309904.0,8125.10009765625
382292.1875,12876.599609375
601958.6875,19974.400390625
569454.1875,13294.599609375
582605.3125,14767.5
462692.40625,291380.8125
291196.3125,81145.6015625
571232.625,13090.0
589478.0,15449.400390625
401057.8125,207661.296875
433146.5,357224.1875
581551.375,14028.5
375188.1875,214784.796875
398162.0,11356.5
416511.09375,247469.90625
302430.6875,6939.10009765625
254041.296875,193276.0
485266.8125,13989.5
363525.1875,234626.5
300325.3125,6977.5
283287.5,8249.900390625
306706.5,37085.19921875
578245.5,15840.7001953125
400506.40625,244041.0
519946.3125,14543.2001953125
575676.1875,15401.7998046875
393444.09375,232058.90625
483231.1875,320188.59375
554705.125,16626.30078125
287620.40625,16768.30078125
405189.90625,225624.796875
545972.125,253167.5
301735.8125,9108.5
458460.8125,371385.0
311990.5,129075.3984375
256966.796875,7248.7998046875
576794.5,24082.19921875
302565.90625,11714.0
570465.5,15321.5
564891.125,12821.900390625
526158.6875,238243.09375
372130.09375,200713.296875
290510.59375,12641.400390625
466942.1875,11618.099609375
437387.0,329287.8125
438682.5,248424.296875
589390.1875,16121.099609375
301046.0,7738.5
592053.125,14959.599609375
292901.1875,7141.0
551702.1875,13846.5
384624.6875,259907.09375
559193.3125,13321.5
336271.90625,60665.80078125
328938.3125,89127.6015625
579335.3125,15330.5
307648.5,7827.89990234375
454174.5,337668.6875
492741.90625,251361.5
298639.8125,10463.7001953125
455642.1875,447009.8125
341362.0,120654.5
287407.1875,6267.60009765625
355681.59375,216373.40625
317080.6875,106565.1015625
301211.5,7707.7998046875
389308.1875,272672.09375
285883.0,6514.5
505357.1875,252815.59375
318600.8125,80053.5
300366.90625,7489.7998046875
303040.8125,6990.10009765625
331729.40625,131087.296875
301998.59375,10408.5
264584.8125,8284.0
302842.8125,7716.5
322654.8125,71218.296875
335609.90625,138842.5
349764.5,197988.0
449883.09375,349837.40625
422022.1875,323693.59375
456822.5,300311.8125
274295.0,7850.5
360279.09375,248083.09375
361589.59375,214951.796875
312634.8125,12287.2001953125
337712.40625,127108.1015625
358174.0,166155.796875
559008.8125,114444.703125
289070.3125,8107.5
573151.375,13355.7998046875
579887.3125,229005.09375
297632.40625,9406.2998046875
398348.1875,242544.59375
325656.3125,72146.0
411982.8125,333584.09375
339440.90625,138245.296875
581491.125,140456.5
307202.8125,7244.89990234375
329793.59375,67603.796875
284083.3125,7778.7998046875
288039.40625,8187.5
278659.3125,6929.7001953125
567145.8125,73103.8984375
558515.1875,191264.5
482255.5,324236.5
312370.3125,9244.2001953125
504248.5,241146.703125
285061.09375,117291.0
461856.09375,12789.5
274278.6875,5571.2998046875
283662.09375,7086.7998046875
303812.1875,8908.5
602210.0,16976.0
456855.09375,17973.5
450652.90625,330028.5
476361.3125,243933.5
464677.8125,305009.6875
285909.59375,9716.099609375
384258.0,218492.203125
300782.59375,7262.5
344145.1875,134907.796875
381755.40625,274711.90625
499009.6875,315002.40625
294145.59375,9701.900390625
330166.0,101736.296875
334879.09375,115581.296875
283793.6875,6269.5
443900.0,205842.703125
578456.0,15669.0
339540.5,14147.7001953125
514230.40625,296343.0
472874.40625,373837.09375
468669.5,282930.5
390319.09375,9774.2998046875
294267.40625,62578.19921875
574556.0,14362.0
368714.90625,8467.599609375
305713.3125,41176.69921875
306494.90625,9338.599609375
388272.6875,222377.59375
369078.3125,255964.0
398592.40625,210764.09375
245698.796875,7180.89990234375
263503.6875,7295.0
304724.8125,8175.2998046875
580860.0,18034.0
317152.09375,127965.5
600287.875,16776.0
287092.09375,37081.1015625
358011.0,211138.703125
298220.09375,11844.0
317953.09375,95150.0
301137.1875,48608.30078125
380680.90625,250739.90625
515102.6875,286502.6875
291715.6875,6388.89990234375
308407.0,8764.7998046875
591393.6875,18033.5
339324.8125,96033.8984375
575452.125,23034.80078125
298217.6875,8528.5
409534.8125,220586.796875
312876.5,78787.5
295588.09375,118515.5
300966.3125,7782.7001953125
285477.09375,5588.10009765625
366401.5,262056.703125
533257.125,184803.5
471107.59375,328948.5
584098.875,18466.900390625
324561.6875,88970.703125
559636.625,271599.90625
585893.5,15591.2998046875
551892.6875,213851.0
435533.0,253999.203125
467683.90625,289017.5
289009.90625,6203.60009765625
273680.59375,31567.30078125
302743.40625,58986.5
289969.0,7455.2998046875
338559.0,227462.5
303269.6875,119789.8984375
483716.90625,348391.09375
321796.8125,34288.19921875
264662.90625,7032.2998046875
546607.375,15103.599609375
299890.6875,8252.099609375
556078.875,14718.7001953125
286873.6875,8116.7998046875
449917.09375,14206.400390625
468797.5,397203.5
545780.3125,208922.0
268964.1875,138899.09375
501873.90625,283694.5
322869.3125,90381.8984375
390711.1875,250088.5
476727.0,14155.0
463817.90625,273710.5
471120.3125,19310.5
301368.3125,7824.2001953125
418042.59375,234924.59375
345206.5,70116.203125
258473.59375,7041.5
278727.09375,96087.5
280576.90625,7882.89990234375
557274.6875,14462.7001953125
298835.09375,65509.8984375
316098.0,43397.30078125
539788.0,418178.1875
559584.8125,14166.900390625
250512.59375,6906.7998046875
279662.8125,7415.2998046875
452603.0,395283.5
594921.625,14984.5
267682.40625,9632.0
257281.296875,6492.5
264108.3125,6838.7001953125
339611.09375,107268.0
389416.09375,252872.0
266779.09375,8124.0
499687.6875,71348.296875
465553.1875,303095.6875
261574.703125,127894.8984375
585813.125,16596.400390625
545557.5,14826.2998046875
587741.6875,14096.0
335166.5,114594.203125
295727.5,6825.0
284335.40625,5754.5
278921.90625,15266.599609375
378376.5,197634.5
504558.5,340268.8125
555533.875,363344.1875
306113.40625,9751.5
307073.0,12081.0
303848.1875,7932.39990234375
319230.90625,63118.1015625
562843.875,13621.7998046875
303134.40625,23059.099609375
576045.8125,18910.900390625
332934.09375,15794.2998046875
305504.1875,7014.5
446525.8125,279635.8125
625747.8125,24557.5
269020.3125,6479.7001953125
310279.09375,8344.599609375
289839.5,6145.2001953125
580054.625,15632.0
410293.09375,297509.0
480581.90625,288478.40625
298863.6875,6198.2001953125
297207.09375,8438.400390625
574113.1875,15485.0
360383.0,172956.703125
273357.0,9302.2001953125
579305.375,16603.0
380591.90625,243912.59375
470196.5,229390.5
298766.0,24779.80078125
312035.59375,19798.30078125
291631.40625,7067.7001953125
421072.5,260998.796875
293825.6875,9118.900390625
297616.40625,8862.099609375
549519.8125,322110.1875
287734.90625,109397.296875
420294.3125,266022.90625
387780.09375,308160.3125
533781.1875,256834.5
283442.3125,7985.7998046875
450163.5,234480.5
298497.09375,15133.5
478183.90625,16596.5
600292.3125,16070.7001953125
567309.125,277616.09375
521398.09375,14164.5
299650.09375,9143.0
302689.59375,11333.5
492768.6875,387835.3125
399610.40625,264504.90625
499026.6875,334086.40625
367140.0,185892.796875
311549.59375,79093.796875
279857.6875,9456.5
397708.5,245219.5
554504.0,14991.2001953125
442009.40625,304496.0
499910.40625,314487.09375
307789.0,7729.2998046875
295230.3125,110242.8984375
284335.6875,7000.5
553758.8125,15782.2998046875
312962.09375,58064.0
326040.90625,13255.5
275874.8125,9755.0
573902.8125,13782.2001953125
309546.59375,15190.099609375
530045.0,350854.1875
349485.59375,185972.5
247908.59375,5917.0
290557.1875,8655.2998046875
517867.90625,184531.90625
380665.6875,194427.203125
321581.1875,27127.400390625
546282.125,156959.90625
408771.09375,60365.30078125
260487.0,7197.2001953125
542240.5,286869.0
319442.0,51108.69921875
296819.90625,6904.5
588682.5,20528.5
590476.5,16358.7998046875
534025.625,12594.2998046875
430482.8125,310078.90625
279390.1875,6957.0
303489.8125,121219.796875
582516.875,15029.0
287655.59375,8287.0
319649.1875,39677.80078125
297335.6875,117999.203125
280607.1875,5960.39990234375
312856.09375,19313.400390625
590778.5,14407.7998046875
288544.1875,7338.0
586753.0,15166.2001953125
292555.90625,6711.5
548499.5,13858.5
489469.5,277832.3125
292299.59375,7542.2998046875
296084.6875,6565.0
315533.3125,15119.0
316504.3125,12629.2001953125
565490.625,17029.099609375
238235.09375,7716.0
301351.59375,7486.5
274877.6875,9820.2998046875
284420.40625,4713.89990234375
364939.1875,146264.703125
272697.6875,10836.900390625
332762.09375,161469.90625
536249.5,12430.2998046875
445630.09375,275870.8125
286356.8125,6294.89990234375
569022.125,14972.2998046875
311690.1875,9352.0
548137.3125,27548.80078125
294452.0,14497.0
353306.59375,89348.5
453408.40625,304671.5
414389.3125,280251.0
507639.8125,351501.1875
582792.0,34912.19921875
549838.125,12980.5
299104.09375,9423.5
296112.09375,24385.5
559925.6875,346563.3125
437036.40625,293837.40625
567819.6875,13866.2001953125
562021.6875,15231.400390625
526857.5,15777.7998046875
572445.625,14733.7998046875
284569.6875,6964.0
322672.3125,104422.3984375
604268.625,18421.80078125
371494.6875,248306.5
445502.59375,288880.5
298371.8125,7402.5
286055.3125,9228.2001953125
568884.625,13539.599609375
568497.0,158736.203125
352656.59375,252731.0
402930.09375,259212.5
489112.1875,329667.3125
407075.40625,235392.40625
351264.6875,155483.203125
306769.6875,11035.900390625
285321.59375,7485.89990234375
296207.0,8582.2998046875
453889.5,11717.0
317040.0,12220.7001953125
568294.375,15824.0
294177.6875,9091.900390625
494365.0,290875.59375
566302.8125,15182.7001953125
584680.375,17205.80078125
288668.6875,6902.89990234375
550407.1875,390315.3125
407711.59375,263332.5
586812.5,12744.400390625
528455.5,373100.1875
401255.40625,292939.0
465461.3125,385685.59375
379577.1875,188065.09375
426170.6875,296539.3125
298848.3125,9032.0
592690.1875,18030.599609375
533548.8125,14152.099609375
572756.0,22591.099609375
572406.6875,15718.900390625
282026.0,7900.10009765625
279169.90625,7318.7998046875
253655.796875,8199.5
306029.59375,10571.0
314083.59375,11728.5
515357.0,11918.2001953125
519789.1875,205781.203125
497459.40625,272707.5
455786.8125,305506.59375
365285.3125,185407.09375
323335.8125,74656.0
356295.09375,188530.90625
282026.6875,7161.2998046875
382474.1875,256662.40625
282297.0,7366.10009765625
488443.3125,260127.703125
288344.1875,10269.400390625
302218.1875,7988.7998046875
559405.125,13550.0
289943.09375,6398.0
322406.0,46679.19921875
384090.0,165825.09375
299566.90625,7198.7001953125
290915.90625,8063.0
555303.5,101307.3984375
495474.8125,13778.0
456021.59375,352257.90625
521967.6875,293012.09375
314943.6875,72495.796875
292104.3125,7379.0
409577.3125,269523.09375
552050.0,13297.599609375
380140.90625,258837.90625
303995.6875,7805.2998046875
428797.5,333740.09375
325137.3125,67937.703125
304379.90625,18366.80078125
320392.1875,96902.3984375
339792.1875,55240.80078125
257219.09375,7692.5
291779.5,7759.89990234375
283043.5,9341.599609375
550519.6875,16288.7998046875
490888.5,367286.59375
306993.3125,7742.2001953125
381542.1875,233339.40625
572074.1875,13867.7998046875
541692.125,233936.0
263073.59375,10163.5
411855.5,249234.203125
363605.1875,186122.703125
578735.5,15489.099609375
389391.90625,203989.0
576728.0,18018.900390625
300722.59375,9901.900390625
353863.59375,129219.5
506098.6875,342668.8125
293342.1875,7974.60009765625
350460.0,161367.09375
431913.40625,302137.40625
384999.0,222917.09375
547876.375,281066.8125
292393.3125,7019.7998046875
593875.375,20093.900390625
449002.09375,35832.1015625
275649.0,6825.39990234375
532133.3125,263395.09375
572637.8125,13376.099609375
569636.1875,14695.900390625
514579.8125,14019.599609375
466418.8125,317397.90625
301638.5,90825.1015625
292383.6875,37185.8984375
279533.0,6657.10009765625
310024.40625,10428.2998046875
294739.3125,5389.5
510218.1875,295718.3125
324553.09375,76531.0
563683.5,14892.900390625
554353.0,247399.203125
469136.6875,440868.1875
288485.5,6430.60009765625
300102.3125,8377.599609375
581025.5,17034.400390625
331301.5,112386.1015625
562189.6875,22244.80078125
284448.40625,5843.2998046875
367859.3125,196925.0
441626.6875,239097.796875
461223.59375,312643.5
291089.0,7502.89990234375
578219.0,19643.19921875
333994.6875,106722.703125
251686.5,7934.60009765625
323212.40625,55270.69921875
272023.8125,10049.599609375
330738.5,39037.3984375
276315.3125,9457.599609375
278053.59375,8932.400390625
311171.1875,11318.7998046875
274826.6875,7045.60009765625
279031.3125,13952.599609375
305112.40625,10317.900390625
488811.5,295758.59375
354188.90625,104680.8984375
392778.8125,302392.8125
531444.875,323099.90625
315931.1875,17446.599609375
448622.40625,274292.8125
304057.5,7518.89990234375
288350.8125,21020.599609375
598469.8125,15469.599609375
311377.6875,13632.900390625
502309.8125,291760.40625
300399.40625,7052.5
360647.8125,217763.796875
314937.0,10004.099609375
281148.0,8612.099609375
294596.40625,9353.7998046875
556626.8125,255519.5
536517.6875,14200.2998046875
537691.625,139541.5
264920.0,7665.89990234375
522222.0,356932.6875
302027.5,9529.599609375
588242.1875,18644.400390625
290659.0,7908.10009765625
446497.3125,294636.1875
292658.3125,8098.0
283203.1875,7266.89990234375
572634.6875,16470.30078125
578008.625,16140.0
303621.09375,10161.5
273055.0,5898.39990234375
578323.1875,12965.7001953125
326820.5,189112.59375
280973.40625,6721.7001953125
306528.90625,6933.0
260014.296875,79346.1015625
246110.5,6210.89990234375
345611.3125,74324.1015625
309463.59375,11234.5
327544.1875,40327.1015625
277065.1875,95332.296875
303637.6875,6967.60009765625
587880.3125,62362.1015625
326304.0,12141.099609375
378418.40625,201432.40625
416707.90625,307669.90625
318442.90625,125224.796875
523149.5,279468.09375
600456.5,16633.599609375
292762.40625,8112.7998046875
338150.3125,142027.5
302232.6875,7493.89990234375
293033.59375,13278.5
298036.59375,7570.5
300186.0,8546.900390625
287762.0,166527.703125
282246.1875,8216.2001953125
575302.0,13341.099609375
274764.40625,6950.2001953125
302293.40625,10230.5
420354.3125,276162.09375
290860.5,6054.10009765625
277024.1875,7384.7998046875
281295.1875,5977.39990234375
330835.5,176585.09375
312620.40625,9776.2998046875
577733.3125,13200.0
291738.1875,6912.89990234375
307718.59375,8036.0
310034.59375,8966.5
497644.0,361930.90625
474052.5,305267.59375
524832.5,387921.40625
309824.3125,6474.60009765625
305159.59375,10411.900390625
470144.6875,291927.59375
376893.6875,205847.796875
337387.3125,136689.5
547914.6875,173808.59375
462390.8125,264449.09375
351509.5,122765.1015625
333354.0,270024.09375
573435.875,13852.900390625
560238.375,290581.3125
286894.3125,7952.7998046875
580346.375,211385.90625
310532.1875,13097.599609375
594974.625,17103.099609375
382182.90625,170537.796875
289633.0,16345.900390625
498692.8125,13706.599609375
506654.6875,291121.0
596083.1875,12973.900390625
523000.3125,257502.09375
572505.1875,17832.0
301772.90625,8520.0
455586.1875,296301.09375
314998.3125,124834.5
589241.5,15756.599609375
382522.6875,13770.2998046875
567049.1875,13535.400390625
564577.375,12345.7998046875
329453.8125,140906.0
291882.6875,28859.80078125
267782.59375,8196.5
341200.5,30684.900390625
287507.1875,8222.2001953125
308947.0,12839.599609375
277591.5,7225.60009765625
290597.6875,7064.2998046875
522954.6875,284338.40625
323644.5,66442.6015625
361168.1875,198529.90625
308945.59375,47970.0
532424.625,356361.0
318924.0,120408.703125
301089.1875,9452.2001953125
585961.875,17052.19921875
556103.875,15393.0
297165.3125,7306.10009765625
299855.0,19682.400390625
536419.3125,278011.09375
350791.8125,140987.5
328598.59375,33874.8984375
544822.6875,13666.599609375
277923.8125,168128.5
295628.3125,7992.60009765625
536841.5,14207.599609375
588866.875,16332.400390625
271075.90625,8421.900390625
257348.40625,69196.296875
293473.8125,5902.7998046875
413768.90625,270315.40625
255003.203125,7873.10009765625
372521.09375,180191.59375
583812.375,16620.30078125
258173.5,4765.89990234375
293048.6875,7757.0
343859.5,227787.09375
303983.1875,21986.30078125
562598.1875,14633.900390625
314527.5,8024.10009765625
384823.8125,9517.2001953125
440036.90625,264201.3125
344433.8125,12141.0
297135.6875,8572.400390625
512461.1875,297322.3125
283247.09375,20371.5
301607.59375,7726.5
599621.5,14338.400390625
538841.1875,11556.2001953125
371628.5,15045.099609375
292682.40625,7802.5
264495.5,6677.89990234375
348889.40625,167203.90625
362878.8125,218302.90625
287631.90625,7914.89990234375
405303.90625,249133.59375
413945.09375,260281.5
299227.09375,7610.89990234375
595198.1875,17091.69921875
540211.625,344079.8125
291491.90625,6701.60009765625
457636.40625,255259.09375
491564.90625,291739.5
576896.375,136395.796875
506115.09375,232222.703125
271950.40625,6793.7998046875
263042.3125,6867.60009765625
310718.8125,12985.599609375
567468.1875,14628.599609375
326880.90625,100598.6015625
388245.90625,259353.796875
332138.09375,29599.099609375
259564.5,10928.0
326764.09375,48200.6015625
374202.8125,187958.203125
462290.8125,14486.400390625
310053.59375,14870.099609375
422248.8125,310689.40625
284800.5,8480.7001953125
290323.5,6850.89990234375
413119.5,275082.1875
295266.40625,7327.2998046875
321513.59375,12009.099609375
297147.8125,7752.39990234375
414323.40625,321735.59375
543679.125,163072.0
466600.59375,341424.40625
548006.1875,13114.7001953125
293057.40625,8749.599609375
283095.90625,6601.2998046875
338263.8125,84366.203125
539650.125,161307.203125
447450.1875,325556.59375
299569.59375,6881.60009765625
385045.3125,249496.40625
451156.6875,110774.5
565418.375,15782.599609375
260439.59375,7386.0
316509.59375,73836.3984375
429120.1875,331822.6875
340479.09375,154121.296875
561257.375,307851.59375
307195.90625,27035.5
280636.40625,6841.10009765625
306238.3125,10968.900390625
282377.90625,7404.7998046875
401082.90625,218906.5
247973.796875,6505.60009765625
287863.1875,5492.7001953125
309493.3125,19060.099609375
447890.6875,18237.099609375
256235.40625,154855.59375
593983.375,14274.7998046875
307916.09375,19541.099609375
314051.0,24929.5
326071.3125,35471.19921875
291618.8125,8500.400390625
363233.5,201877.203125
302171.0,7827.89990234375
599234.375,17141.19921875
414496.09375,15075.2001953125
369082.90625,224643.5
294174.6875,9430.099609375
440067.40625,308604.40625
589365.6875,14837.0
550985.375,14358.900390625
608917.375,19284.099609375
299509.09375,12150.0
347268.59375,137363.40625
459104.8125,302832.1875
561106.375,269572.09375
348439.09375,178811.0
433250.40625,13147.099609375
507767.90625,16800.400390625
579438.125,16047.099609375
280939.8125,8059.39990234375
574274.6875,14664.5
563446.875,13991.400390625
334791.40625,52910.1015625
583870.125,13138.0
321122.09375,9644.400390625
292092.3125,7906.2001953125
414543.1875,267326.1875
376113.40625,243014.09375
317287.59375,60948.0
574476.875,15971.599609375
590551.875,17687.80078125
276188.8125,9629.2001953125
473113.09375,303345.6875
602898.8125,82460.8984375
352910.09375,189760.59375
306126.90625,10927.2998046875
302422.1875,8102.2998046875
504173.40625,12269.5
376027.8125,232562.09375
276881.0,6733.10009765625
572496.6875,16945.19921875
299714.3125,7441.10009765625
274330.1875,5846.60009765625
351452.40625,126376.1015625
377653.90625,184052.296875
581571.125,214261.09375
362990.09375,239350.09375
530944.3125,12049.7001953125
319501.59375,52758.6015625
561977.875,253526.40625
314219.59375,51867.6015625
374886.1875,246334.0
568042.375,14499.900390625
294003.90625,10394.099609375
596779.625,19835.5
454018.59375,357658.40625
576393.8125,11577.2001953125
289054.1875,6445.2001953125
311209.59375,92516.296875
590573.375,14295.599609375
309054.90625,23282.099609375
350121.90625,179635.296875
301368.8125,9196.2001953125
293077.90625,41717.6015625
570736.125,12693.7001953125
553089.6875,15044.599609375
567828.125,15603.099609375
302489.90625,8512.0
282111.3125,7036.10009765625
496475.40625,255644.90625
290753.59375,6884.60009765625
324318.3125,51764.8984375
296819.90625,7969.89990234375
573891.875,16259.099609375
421800.59375,316908.5
541301.125,292167.90625
318011.8125,114044.703125
493190.09375,338598.8125
591821.875,13722.599609375
286424.90625,7528.0
299742.40625,8631.7998046875
502673.3125,14505.7001953125
560680.1875,20389.599609375
441805.40625,323603.40625
287255.8125,6390.89990234375
272333.90625,7625.10009765625
299378.09375,107365.0
499031.09375,436160.90625
496661.3125,262703.6875
411272.09375,217162.296875
287908.40625,5897.10009765625
563969.625,64447.0
572538.875,15394.2998046875
551069.375,220937.59375
330267.09375,128567.203125
335627.09375,95488.6015625
453784.90625,351006.8125
403305.6875,150349.296875
295056.90625,6795.0
362041.3125,178956.0
298702.8125,7461.10009765625
340373.6875,78650.703125
300911.59375,10363.599609375
267277.3125,105056.3984375
279594.1875,8862.0
294665.40625,48727.8984375
545184.875,208271.09375
285462.09375,6460.89990234375
564168.3125,12735.7001953125
436587.1875,334325.6875
469090.59375,281218.3125
559026.625,29495.0
499052.90625,340768.59375
412089.40625,304693.5
280297.40625,6364.2998046875
451165.8125,329788.1875
342097.09375,109089.203125
326080.59375,34245.6015625
545588.3125,13315.900390625
341748.6875,205402.5
469189.40625,290755.90625
504366.90625,266857.09375
273820.59375,53540.0
300487.09375,9789.900390625
464040.8125,307861.1875
369040.1875,227862.703125
580069.375,15282.599609375
274241.40625,5785.60009765625
519474.40625,144573.5
360139.90625,199504.796875
522906.8125,332807.1875
285407.40625,7347.10009765625
306598.09375,7474.2001953125
256418.203125,4662.60009765625
502016.3125,271272.90625
333496.09375,160875.59375
510922.90625,39127.5
524266.8125,394088.09375
396938.0,250665.59375
314823.8125,16824.599609375
310487.1875,9861.099609375
312904.90625,10261.7998046875
345492.40625,99592.8984375
574207.625,16457.099609375
364823.3125,164013.90625
287493.1875,6492.0
314967.09375,8938.5
593421.625,20330.900390625
430534.8125,258850.203125
398489.6875,194280.203125
317862.59375,53301.0
536532.375,320578.5
302819.40625,104152.796875
587285.8125,11438.7001953125
298870.90625,66450.1015625
528690.125,316856.6875
560790.6875,14752.599609375
312650.09375,42616.1015625
302166.40625,8633.2998046875
271153.90625,7660.39990234375
574561.8125,16483.400390625
339031.90625,138541.90625
298796.09375,7932.5
287465.59375,8681.400390625
565615.8125,14135.2001953125
539385.125,223965.796875
574274.375,13710.099609375
302220.59375,11939.0
429051.40625,304114.09375
414915.90625,289057.0
285122.90625,10648.900390625
273214.09375,65350.1015625
566995.3125,207250.40625
307526.6875,8337.5
532467.875,405720.40625
590348.625,14456.5
423850.09375,243111.40625
304562.3125,11731.2001953125
419836.1875,362606.1875
294961.09375,6305.2998046875
566625.375,44326.6015625
591142.125,13843.0
295596.90625,8214.5
290793.90625,14188.7998046875
328150.09375,149317.203125
385511.3125,307993.40625
342670.90625,7048.7998046875
343769.6875,153149.296875
581103.8125,18976.099609375
555595.875,17697.900390625
562097.625,13957.599609375
321694.1875,161455.5
261020.90625,8117.89990234375
247008.40625,7946.60009765625
337913.59375,26278.900390625
318162.3125,10492.7001953125
307501.6875,8154.2001953125
424801.59375,273205.8125
410787.40625,263865.59375
593992.625,17730.5
562246.375,27640.099609375
455940.1875,374223.09375
469813.3125,273338.90625
500502.09375,59279.1015625
350590.40625,84124.296875
585793.6875,15440.2998046875
296996.40625,8546.400390625
355929.59375,192925.59375
312493.1875,12016.0
340454.90625,122627.8984375
578699.125,15858.900390625
530376.8125,321688.1875
530789.6875,377542.6875
603951.375,15549.099609375
440167.59375,215504.5
540884.875,383812.3125
493187.3125,330026.1875
577206.6875,322434.09375
275884.8125,8152.89990234375
308610.40625,9342.2998046875
355649.1875,231888.296875
584519.375,14690.5
508185.8125,360505.09375
436811.0,272900.59375
368172.5,251444.5
286342.6875,4394.2001953125
332049.59375,51404.8984375
599993.0,13278.0
552415.6875,12265.7001953125
519868.59375,226801.90625
312483.6875,9104.7998046875
295609.09375,7638.89990234375
578026.5,14709.2001953125
416515.5,273709.40625
558114.625,262688.40625
286417.5,9145.400390625
495319.40625,351075.09375
323264.0,85871.796875
378286.5,244258.296875
361958.59375,238921.59375
580007.125,13488.0
301415.5,8493.400390625
470433.1875,327119.6875
299716.6875,13054.7001953125
287242.6875,7940.7998046875
280296.59375,6242.39990234375
391215.90625,219740.296875
515763.8125,207028.09375
305486.5,11100.7001953125
401298.1875,242881.796875
286316.0,7910.89990234375
255426.0,22103.30078125
363629.0,233700.296875
250380.5,6587.89990234375
288409.59375,7926.0
556295.5,14312.900390625
300034.0,161902.40625
372211.1875,271963.0
590226.875,15371.400390625
550630.1875,12457.2998046875
373821.09375,217392.09375
296883.8125,7743.0
287484.8125,7347.5
316526.3125,79414.1015625
391294.90625,254050.5
539320.8125,13801.400390625
528821.5,214515.5
559385.1875,14137.2001953125
474015.59375,16418.400390625
577369.1875,163990.796875
293847.09375,17298.400390625
268684.3125,61176.0
579633.3125,15438.400390625
556116.375,327546.8125
316927.5,55897.69921875
298318.5,6079.89990234375
332956.59375,120738.8984375
284166.5,8917.400390625
341849.90625,151683.09375
589518.0,13241.400390625
562460.125,16175.5
301302.0,6843.89990234375
498278.0,296047.90625
289929.1875,20963.5
417530.59375,383948.59375
284874.0,6026.5
291984.3125,7067.10009765625
353384.90625,203594.0
275172.8125,7526.7998046875
311579.8125,57039.80078125
535655.8125,328896.40625
300027.5,8153.39990234375
378027.1875,189910.09375
559436.0,307270.1875
378573.5,251290.09375
311709.59375,10016.099609375
253320.5,7815.89990234375
305280.90625,8858.400390625
281545.3125,7246.7998046875
300922.09375,7613.0
415905.5,307634.0
317195.6875,59475.19921875
363126.1875,147405.703125
567543.1875,15232.2998046875
347620.59375,202250.90625
308297.8125,8457.5
573622.875,14848.7998046875
416716.0,265491.90625
298441.09375,11681.400390625
272598.1875,175138.203125
294370.6875,9492.7998046875
262283.59375,8398.900390625
562058.8125,13237.0
322770.40625,18093.80078125
400054.3125,296947.09375
372304.5,247267.703125
540459.6875,174802.796875
328158.0,82299.3984375
367039.59375,171283.40625
376305.5,270977.40625
588256.5,39895.80078125
293430.0,9579.900390625
582474.5,14592.400390625
286731.0,10832.400390625
312058.1875,68885.296875
427966.09375,321424.09375
569821.8125,74889.0
288220.3125,176156.59375
323987.40625,79462.5
298341.3125,9708.400390625
360780.5,215856.40625
307532.1875,10157.099609375
370304.5,293208.6875
442936.5,254774.09375
300932.59375,7587.10009765625
460490.40625,363514.90625
380974.3125,250500.796875
510785.59375,273739.5
250449.59375,37826.8984375
463181.6875,305291.8125
340859.59375,270252.40625
589465.875,14422.2998046875
425136.8125,294076.59375
577735.1875,17892.19921875
532307.625,306906.40625
569425.6875,13854.7001953125
304230.6875,8590.7998046875
309438.09375,29175.900390625
587891.3125,15553.5
341055.3125,12040.900390625
367479.40625,234544.296875
567314.3125,14028.099609375
291014.0,7651.7001953125
292927.6875,16321.7998046875
317734.59375,46526.8984375
552912.0,11535.900390625
570578.5,12876.2998046875
292580.0,7092.7998046875
293221.0,7412.89990234375
353001.59375,199801.09375
386087.5,236584.90625
339147.40625,160965.90625
275591.8125,7517.0
536709.0,282308.5
249186.296875,6929.0
265682.8125,9466.099609375
300942.3125,9083.7998046875
398447.3125,165806.40625
595102.5,16008.900390625
246180.5,38972.69921875
302039.0,25928.599609375
543758.125,13664.099609375
445337.8125,350491.8125
456847.0,335692.5
300705.09375,29519.599609375
380622.90625,208050.796875
572347.875,85854.1015625
549793.3125,17492.19921875
577359.875,13706.099609375
595147.625,14745.400390625
285707.1875,6579.7998046875
423695.3125,125821.8984375
531867.8125,253319.59375
398982.6875,264830.6875
563972.125,18276.400390625
255669.703125,66027.796875
550966.125,15211.900390625
417547.3125,346468.5
528031.375,345396.3125
392910.8125,32543.599609375
657135.0,158891.703125
567554.5,14493.400390625
525931.625,211178.90625
313708.5,35414.80078125
287605.0,6039.2998046875
289444.5,7798.39990234375
421786.09375,274140.09375
382633.5,221094.90625
295893.1875,7442.5
351432.40625,177872.90625
301900.1875,8785.2998046875
409470.5,195223.0
309126.0,9095.0
527627.125,10385.400390625
575828.1875,15835.7001953125
320741.09375,33225.3984375
544134.8125,275788.0
429056.90625,290730.3125
320225.59375,84135.3984375
367749.0,153048.40625
297953.59375,11358.099609375
604963.125,20191.5
339636.6875,245286.5
268853.8125,6409.0
332416.5,123766.5
351905.3125,240415.296875
282299.3125,7450.2998046875
597140.3125,18369.400390625
313236.5,10415.400390625
562079.5,16130.7001953125
569217.5,191858.59375
286349.59375,7947.60009765625
556830.0,109833.5
556691.6875,13282.2001953125
531818.625,13459.400390625
441813.59375,247193.90625
369492.3125,233118.40625
330105.6875,66281.796875
281358.0,56740.8984375
491408.09375,158526.90625
341822.0,147886.40625
274539.90625,11882.599609375
296720.5,7388.7998046875
338070.0,166841.90625
281972.59375,190347.5
336385.0,87013.3984375
598261.0,16382.900390625
591007.1875,209586.296875
299889.0,10531.2001953125
279778.6875,8044.2998046875
326589.40625,130697.1015625
414885.59375,9504.400390625
301633.09375,43279.8984375
299166.0,14184.5
562301.3125,88426.796875
284740.90625,8742.5
576798.875,14701.400390625
264076.90625,9386.7001953125
263128.8125,6906.10009765625
312846.3125,32586.900390625
296126.1875,7614.7001953125
397881.09375,312995.0
585549.125,16060.7998046875
535670.375,287255.59375
561204.125,15558.5
611225.1875,16209.7998046875
284819.1875,10057.7998046875
269275.40625,6596.5
348814.59375,12505.400390625
543424.8125,14463.7998046875
303402.90625,29396.0
592859.125,15640.0
427560.59375,239754.09375
526936.1875,14440.7998046875
401235.90625,312452.1875
313330.6875,41577.0
329604.59375,98664.796875
574188.375,12932.2001953125
408618.8125,206801.59375
282419.8125,6383.39990234375
271832.0,6911.2998046875
294283.0,20573.30078125
339479.09375,38962.5
288736.59375,18270.80078125
341213.40625,267358.59375
293203.09375,7399.5
376755.6875,229775.296875
356433.6875,172842.203125
307261.5,14852.7998046875
309514.6875,52649.30078125
280207.0,10469.2001953125
296959.40625,6954.60009765625
567965.375,16729.0
466413.59375,329014.5
469663.09375,405226.90625
291547.0,9148.5
303166.8125,8655.7998046875
563504.625,11729.5
476352.6875,272126.8125
286578.90625,7699.89990234375
272501.90625,6367.2001953125
360164.8125,143655.59375
311026.3125,18002.900390625
293443.5,6289.7998046875
440299.0,221108.796875
424230.6875,265151.6875
516480.59375,247376.5
465918.59375,232070.796875
352518.90625,234899.59375
383483.6875,215083.296875
345581.0,165048.703125
320997.40625,11512.599609375
370316.90625,195263.5
392307.09375,231860.5
477044.59375,343865.90625
599598.375,16895.0
278297.6875,7465.2998046875
484137.40625,307175.40625
271986.40625,19514.69921875
341384.8125,151960.09375
259427.796875,8289.900390625
299332.0,5573.2998046875
553754.6875,250748.703125
293234.09375,8250.5
583630.125,14722.2998046875
470766.09375,317161.5
554934.6875,12751.7998046875
367625.6875,182057.296875
300381.90625,8651.099609375
300095.90625,8660.5
514901.09375,341817.40625
297360.59375,9131.400390625
306736.3125,31467.80078125
462387.40625,208457.5
456902.59375,300438.5
275965.09375,8028.10009765625
332884.90625,138770.703125
592989.125,15894.2998046875
308893.3125,9589.599609375
360009.8125,201787.40625
307368.5,17599.80078125
506673.0,322073.8125
298895.09375,9653.5
604340.0,17054.69921875
329487.1875,115499.296875
290245.90625,7440.10009765625
276214.09375,38492.3984375
397001.59375,192673.0
306681.09375,16808.400390625
298981.0,84480.5
514958.8125,402477.8125
292412.40625,9109.5
526377.125,276876.0
475190.59375,296261.09375
511585.90625,305555.90625
550373.125,216058.296875
320778.90625,12810.7001953125
279479.3125,7307.60009765625
307995.8125,41074.8984375
453052.0,295558.3125
613892.5,17147.30078125
437616.09375,11520.5
415129.1875,240136.296875
327432.6875,141706.203125
350648.40625,201581.90625
435793.8125,14940.7998046875
292464.8125,8208.599609375
311582.6875,52458.80078125
320441.09375,13809.2001953125
605549.375,17317.599609375
292483.0,8607.2998046875
305473.3125,8297.900390625
559443.5,12571.7001953125
286016.90625,6853.0
564821.125,301865.40625
504503.59375,378863.0
418544.59375,293509.40625
293940.0,7619.5
311265.8125,85866.796875
495139.90625,338050.5
313587.59375,85298.0
589351.625,15395.099609375
301714.6875,7213.2998046875
307961.40625,29676.900390625
317805.40625,96464.203125
298944.6875,52330.0
306664.3125,20430.599609375
309365.3125,11589.900390625
573421.5,13335.7998046875
306136.5,9768.7998046875
277846.59375,7125.0
616925.125,21231.30078125
492578.59375,293132.5
320903.1875,137276.296875
593195.5,17587.30078125
291842.90625,34753.3984375
329032.8125,108630.796875
466031.3125,333255.59375
330999.3125,98900.703125
361716.8125,197357.40625
294900.0,10085.7998046875
456318.8125,328019.40625
530572.8125,23056.19921875
282414.3125,8861.599609375
475290.1875,324542.3125
563258.0,313083.6875
479654.90625,287653.59375
535794.875,262619.5
307688.09375,9451.900390625
549092.625,310049.5
261355.59375,9384.900390625
398821.90625,251254.5
302178.09375,7611.60009765625
399299.6875,231978.296875
288433.90625,7692.7001953125
250507.703125,8007.0
302417.90625,9194.2001953125
298413.8125,9100.599609375
384340.5,250656.296875
388864.0,240478.296875
299853.1875,7119.7001953125
527589.125,272324.5
298192.09375,7348.7998046875
557307.1875,13156.7001953125
521960.0,15419.7998046875
350076.40625,13328.400390625
245517.796875,8749.2998046875
300946.8125,251625.59375
589183.6875,17414.80078125
273176.3125,6785.2001953125
581549.8125,19619.900390625
578788.375,17245.599609375
399092.6875,271754.8125
340891.09375,109914.3984375
524220.59375,308367.0
283903.8125,6716.7998046875
379377.90625,191069.0
364512.59375,253757.59375
291544.6875,127548.296875
267119.6875,128507.5
308651.09375,8829.2998046875
364249.8125,6153.39990234375
579638.5,12189.2998046875
310834.1875,125874.203125
293712.09375,8492.0
293593.1875,7222.2998046875
362309.0,186526.203125
322044.90625,61960.6015625
366232.09375,153745.0
289301.59375,7192.39990234375
323277.5,109603.5
439539.8125,329603.3125
298596.90625,6947.0
291427.59375,165337.5
357746.6875,192928.796875
294394.90625,8189.89990234375
514361.90625,236029.203125
579466.625,15900.2998046875
310174.90625,73134.203125
307173.8125,178193.09375
300412.5,112432.296875
280667.6875,21729.30078125
311793.90625,47486.1015625
279348.40625,12618.5
291784.09375,7742.89990234375
580108.5,16533.0
324050.8125,36092.80078125
304633.40625,56317.0
328140.1875,14000.2998046875
336737.6875,188238.296875
429570.90625,275777.09375
537970.875,14236.5
422683.59375,283760.5
400000.0,299010.0
305767.40625,9113.5
485197.59375,323220.5
302447.6875,7349.7998046875
269944.90625,5963.89990234375
263072.1875,7676.5
307058.59375,14993.7998046875
321560.90625,51097.19921875
592279.3125,14819.599609375
297517.8125,6561.89990234375
547479.5,13807.7998046875
548945.625,12187.5
264190.59375,237745.296875
370556.90625,197703.09375
347968.5,9099.2001953125
334059.40625,89835.5
582143.125,13713.900390625
595468.125,15079.0
278320.59375,63133.8984375
579613.0,13957.0
590901.8125,15185.7998046875
592113.875,72473.0
338870.09375,171594.0
585107.875,13179.400390625
358526.40625,287561.1875
580138.1875,132898.0
552680.625,14355.7998046875
513887.40625,238259.203125
559120.8125,239755.09375
354015.0,173852.796875
533673.0,245906.296875
557747.6875,16759.69921875
313767.59375,13124.5
344118.59375,149908.296875
373733.40625,186474.59375
300632.09375,23960.5
303913.6875,9804.2998046875
567922.6875,13281.7001953125
359719.5,146378.296875
586442.1875,16984.30078125
355362.5,183828.703125
341566.1875,150442.796875
305509.90625,8894.099609375
445202.40625,291711.5
533430.125,12666.400390625
530562.0,217801.0
567676.3125,14737.7998046875
529584.875,13502.0
331360.09375,61310.5
541052.625,338487.59375
545329.1875,41926.30078125
558344.375,13092.900390625
314511.59375,103596.796875
308320.40625,67477.703125
572824.8125,15271.099609375
282701.3125,9698.400390625
576012.5,16273.7998046875
442385.0,318239.3125
299640.6875,7766.7001953125
467931.09375,232296.0
350881.40625,143489.59375
335955.59375,97499.0
417180.90625,71411.8984375
303345.8125,8146.7998046875
579877.3125,278051.59375
457497.1875,231516.296875
454647.5,289869.1875
289775.1875,10161.2998046875
329112.40625,149046.59375
581137.375,13227.5
258442.5,6709.5
287061.90625,81275.0
555126.6875,14681.2998046875
585382.375,18199.19921875
326997.6875,85574.0
314398.09375,9666.2998046875
323943.40625,8551.7001953125
281563.3125,8314.599609375
320262.8125,173921.40625
389676.0,230436.296875
287731.1875,6506.7001953125
293241.09375,8168.7998046875
563112.875,15385.599609375
300998.59375,8492.0
563264.6875,17739.5
379057.90625,223272.40625
390066.5,174040.703125
341110.90625,133292.203125
290075.0,12419.2998046875
343144.40625,19026.69921875
389483.59375,237595.296875
440530.6875,308865.90625
507931.8125,340062.0
429438.1875,255745.59375
593058.6875,18473.5
586297.3125,17605.19921875
510980.8125,18161.599609375
302641.90625,9131.7001953125
320874.8125,127844.6015625
280779.6875,12228.2998046875
295605.3125,7094.7001953125
509329.09375,370056.3125
594231.0,22689.5
530050.6875,252481.0
268516.0,7799.0
500635.5,236939.703125
286386.40625,30313.19921875
572598.8125,40105.0
275074.5,6284.2998046875
588620.375,15896.7001953125
316806.59375,13128.7998046875
437978.0,262838.6875
572837.6875,16859.400390625
296260.40625,7417.10009765625
538929.1875,11915.7998046875
305910.3125,8690.0
289023.1875,6660.10009765625
568690.6875,14839.0
288603.3125,138885.703125
297553.3125,6842.7001953125
245099.296875,15702.099609375
591181.875,23812.19921875
368015.6875,182394.796875
300038.59375,7705.7998046875
291980.5,11460.5
297549.90625,8157.39990234375
304052.5,8080.2001953125
589782.375,35049.69921875
453935.8125,21095.5
301215.0,8400.2998046875
313861.09375,84947.8984375
429430.1875,269167.90625
589565.375,16948.599609375
305105.6875,8275.2998046875
596991.8125,15888.5
563139.1875,49170.0
319685.3125,205961.703125
551716.8125,256644.703125
601347.8125,15346.599609375
337893.6875,134341.796875
548300.8125,12733.7001953125
458148.09375,13546.2998046875
290040.0,7643.0
549297.375,228216.5
392475.40625,77468.8984375
551025.3125,14797.2998046875
352291.09375,203483.796875
579917.125,15631.400390625
312288.59375,13317.2001953125
297725.6875,9044.2001953125
405115.1875,205074.40625
577342.5,14834.0
275791.1875,6669.10009765625
581599.6875,18490.400390625
538485.375,240297.203125
567722.8125,14961.599609375
294310.40625,12781.7001953125
576720.375,15942.099609375
357070.40625,12352.7998046875
564504.875,51429.5
570428.1875,12743.5
403562.5,258759.5
449741.90625,373912.90625
326952.8125,70357.0
350873.09375,227851.90625
309193.40625,11500.7001953125
497609.59375,306434.3125
275107.5,8195.2001953125
352383.6875,113806.8984375
486832.40625,345230.09375
250790.203125,33903.30078125
563813.8125,18009.0
330677.6875,33642.1015625
356021.6875,139110.0
344420.3125,95401.203125
413507.3125,304171.6875
345378.3125,202580.09375
589272.375,33629.69921875
574986.3125,15226.099609375
584917.6875,19720.30078125
289725.3125,8325.7001953125
322984.59375,17929.30078125
362901.5,285586.0
300979.40625,21141.400390625
553641.5,13814.7998046875
415188.8125,270663.3125
319508.09375,65509.80078125
442359.6875,284027.40625
530343.625,13959.2001953125
296259.90625,47312.0
322333.1875,155776.0
306667.5,8424.0
282821.40625,6513.89990234375
562194.5,327642.6875
542390.875,298794.1875
364333.3125,172921.5
293395.09375,8231.900390625
297728.40625,9668.099609375
365526.1875,241100.5
294518.3125,11690.2001953125
593412.8125,13037.2001953125
307472.8125,98118.1015625
321645.90625,62146.69921875
408001.90625,276047.5
301460.90625,9799.400390625
562013.0,218067.703125
286697.90625,6310.2001953125
279259.3125,8432.5
569656.0,300295.3125
521812.40625,16210.2001953125
306197.0,10514.7001953125
278700.6875,6156.39990234375
306055.40625,13692.599609375
568860.6875,14604.2998046875
304301.8125,28764.5
515380.1875,337250.09375
311760.3125,37153.19921875
326149.3125,96956.703125
467299.8125,294295.59375
398038.3125,307352.09375
376750.09375,213762.796875
573525.5,145314.0
585033.875,14276.0
392785.40625,10419.900390625
292172.0,7659.7998046875
328276.8125,143080.296875
283803.40625,6879.5
517248.1875,281517.0
266689.5,178081.0
593947.375,213002.203125
540158.3125,326301.0
368564.40625,208906.203125
403524.09375,241330.796875
497381.0,381018.6875
572697.875,15810.599609375
581311.6875,13718.2998046875
309772.3125,11046.0
522026.1875,328235.0
305406.8125,9682.7001953125
389495.8125,245514.703125
303861.3125,9679.099609375
416192.40625,283956.6875
283322.40625,5335.5
254079.5,6891.0
295676.5,8165.2001953125
292360.90625,7521.7001953125
502389.5,398424.3125
315035.59375,33587.8984375
355542.0,142997.703125
533063.6875,15812.2998046875
280982.8125,11601.5
291400.1875,6151.10009765625
295417.1875,11269.5
521686.8125,266437.1875
272416.3125,7475.2001953125
608385.3125,17245.099609375
526662.875,9374.2001953125
365336.8125,8510.099609375
325209.6875,108047.796875
347862.8125,47969.19921875
290263.5,97520.0
265734.40625,6645.5
299138.40625,6986.39990234375
553733.375,198750.5
282850.6875,7048.5
536753.875,317712.90625
571186.5,48299.19921875
569480.8125,14426.0
546865.375,12836.7001953125
320542.09375,23675.30078125
422409.0,196271.703125
551311.375,15766.599609375
275076.6875,9863.7998046875
297018.6875,9692.599609375
286251.6875,8210.0
454369.8125,309049.6875
312367.40625,57461.0
248413.40625,6703.89990234375
584141.5,14560.2001953125
565239.5,277923.3125
464707.59375,304294.40625
306587.40625,7783.2001953125
566436.625,292198.3125
294831.5,9324.7001953125
301454.6875,7542.89990234375
416490.40625,236315.09375
452323.1875,36681.30078125
396360.6875,284070.59375
268870.3125,6635.7001953125
364341.8125,229593.203125
563168.3125,16059.599609375
424975.40625,294201.6875
298363.1875,24210.30078125
451173.3125,246354.203125
449101.09375,330931.3125
288095.5,7634.5
595409.375,13659.5
463242.1875,304412.0
597020.875,15125.900390625
492660.0,346504.6875
472595.3125,308239.0
551600.0,14179.7998046875
278483.59375,5327.2998046875
281400.5,8309.2001953125
590045.6875,13697.900390625
300977.40625,10403.099609375
292007.3125,118611.5
313796.1875,101781.1015625
361324.1875,186725.5
310117.3125,8018.2001953125
305984.90625,7949.5
285483.5,5665.0
316400.40625,46253.3984375
422494.5,169054.703125
323234.40625,61214.69921875
322697.3125,127780.0
250357.0,6844.7998046875
320662.09375,19193.400390625
577800.375,13882.7001953125
302606.09375,11285.2998046875
316002.5,92481.703125
443474.1875,11938.900390625
296416.40625,7287.10009765625
580844.8125,17594.0
278979.3125,7360.7001953125
350249.3125,189779.703125
450592.3125,345988.59375
315448.8125,15108.099609375
303234.6875,23026.30078125
414221.8125,10597.2001953125
306711.5,71858.5
560431.375,11451.5
281495.90625,9462.900390625
302962.5,7928.2998046875
366399.6875,225724.0
437321.90625,224527.40625
585631.0,14804.2998046875
323937.09375,151072.296875
389815.5,10424.2001953125
397047.40625,153712.09375
350007.1875,187819.796875
559960.1875,260219.59375
541282.1875,264938.5
478017.8125,372464.1875
292132.3125,7466.2001953125
534677.3125,249941.59375
272145.90625,5198.2001953125
406194.6875,249251.796875
291005.90625,8781.0
532850.1875,18109.0
306228.5,36089.5
561986.875,13684.400390625
276083.8125,6100.5
312205.5,236858.796875
257086.40625,99260.703125
343975.09375,188264.296875
294297.0,9001.7001953125
588170.375,14703.599609375
295809.1875,27696.80078125
311184.8125,27430.0
498819.1875,240571.59375
297564.1875,6633.5
327034.59375,78323.296875
339559.0,12043.5
309521.09375,14782.099609375
291701.40625,9585.5
591892.625,17203.0
268062.1875,7159.7998046875
308212.1875,10122.5
315768.0,24841.099609375
514028.09375,340547.59375
311911.09375,17491.0
598831.0,21673.69921875
540205.875,242409.203125
309556.6875,46859.19921875
261561.5,8833.5
602659.125,15768.400390625
408598.09375,246615.09375
298435.3125,8099.89990234375
305160.40625,14054.0
558698.6875,259706.296875
247264.703125,6615.5
253670.0,7007.10009765625
575138.0,16058.7001953125
303942.59375,9344.5
271975.90625,7690.2001953125
293802.3125,109194.0
509613.6875,281634.1875
283297.5,6988.0
598588.125,16229.900390625
286926.59375,8401.099609375
562221.625,21015.30078125
587047.5,16452.0
479312.59375,141481.09375
279304.09375,7283.60009765625
249779.796875,5312.39990234375
338101.09375,173206.0
562290.1875,100196.5
510095.5,235680.09375
287315.5,9237.2001953125
278323.3125,36293.6015625
295700.09375,15545.099609375
510880.09375,15882.0
280896.8125,6482.60009765625
515499.3125,305177.5
547858.625,13752.5
286309.0,6521.5
276716.1875,7149.0
292650.59375,8265.2998046875
271927.0,8597.7998046875
352069.8125,222795.203125
541646.6875,297580.40625
421623.0,334548.1875
400432.8125,15116.2001953125
391874.5,212843.296875
296854.59375,13633.7001953125
560831.625,243755.296875
318117.5,9278.0
272674.90625,9499.0
309439.1875,9291.2998046875
273859.6875,9447.0
430249.0,310137.59375
549333.5,11772.2001953125
302544.8125,9339.599609375
308984.09375,30054.599609375
470972.59375,251404.5
289251.0,6331.5
320803.59375,93633.8984375
313246.09375,17782.099609375
290882.8125,7407.89990234375
306442.90625,21510.5
297019.09375,17857.0
237441.0,5317.10009765625
358427.0,248678.203125
432366.3125,279553.59375
349127.09375,130416.6015625
290864.09375,6978.5
301322.0,7325.7001953125
349368.3125,173508.59375
593548.875,16123.2001953125
257155.09375,8032.5
305134.0,24926.0
412123.40625,245894.90625
581001.875,19342.69921875
424580.1875,294979.5
313226.0,226374.296875
301412.3125,7482.2001953125
457378.6875,120176.3984375
345750.5,105229.203125
288987.8125,7048.7001953125
600247.0,20389.80078125
320804.3125,8543.7001953125
303588.5,7961.60009765625
418363.6875,326033.90625
563097.625,100382.203125
303319.40625,16096.7998046875
331758.5,177375.5
331890.09375,200547.40625
581010.125,17534.599609375
312386.8125,45255.3984375
298661.40625,18692.0
296664.1875,6742.2998046875
580506.5,14884.599609375
321577.0,73621.203125
335516.3125,161015.09375
298786.09375,23738.599609375
306695.09375,9603.5
269939.5,18295.69921875
479919.3125,17629.599609375
283792.09375,11055.2998046875
349783.5,207048.0
555143.125,12644.400390625
535254.625,239130.09375
300782.40625,66987.0
353690.0,239686.09375
411612.5,342060.6875
598540.3125,11768.099609375
299799.09375,7032.60009765625
591589.625,95695.0
450434.3125,10752.099609375
576962.875,12726.2001953125
283856.3125,7641.5
301858.1875,9021.7001953125
349281.40625,238595.40625
581773.1875,14539.5
553738.125,101390.296875
272270.0,182381.296875
255928.796875,7181.7001953125
494215.1875,305398.90625
390689.0,169373.703125
312825.8125,28250.19921875
303957.09375,17118.19921875
295215.6875,7942.39990234375
338669.5,118549.1015625
302523.1875,38177.3984375
298545.09375,7429.2001953125
261831.90625,5319.2998046875
303809.5,7822.39990234375
387831.8125,242643.796875
341067.0,179738.0
353595.90625,149836.703125
292301.90625,8273.2001953125
379172.59375,292645.8125
555532.3125,13277.900390625
459385.09375,314445.5
301337.1875,8170.7998046875
294254.1875,10854.0
245892.0,6920.60009765625
294323.8125,29843.099609375
363199.09375,185974.09375
421845.59375,255497.0
291059.0,6577.2001953125
414937.3125,276449.09375
300981.40625,9342.2001953125
321770.3125,67740.0
579001.5,16237.0
404687.59375,15693.400390625
480184.09375,16213.099609375
572779.8125,13452.900390625
395667.40625,203439.0
473206.1875,473660.8125
273306.5,6763.60009765625
314553.59375,230239.59375
520012.0,15975.2001953125
416472.3125,15434.0
575563.625,268470.5
425686.6875,278811.1875
271339.5,69015.0
531651.375,300304.40625
577907.875,29150.69921875
432720.1875,312987.5
408561.3125,250209.203125
570431.1875,14921.900390625
595274.0,18608.69921875
296893.8125,9374.2001953125
427978.8125,306088.6875
289728.0,7375.10009765625
553914.6875,14982.900390625
322108.59375,137622.703125
580682.875,17705.80078125
246593.90625,8618.900390625
587721.3125,18194.80078125
489874.59375,271994.8125
300238.5,7233.0
348601.59375,193291.40625
519730.59375,58860.0
355943.1875,165012.796875
295315.5,6600.7001953125
559902.125,25103.099609375
290408.59375,7738.5
565636.0,14211.7001953125
579775.875,19457.19921875
567563.8125,13768.5
379358.09375,222426.5
590492.1875,15468.7001953125
581051.0,12378.5
581250.375,16523.900390625
290715.40625,7482.2001953125
308531.59375,8798.2998046875
307507.90625,9749.0
299930.09375,8125.0
559110.1875,14669.5
428025.5,206940.703125
347074.59375,255352.59375
398522.09375,301502.0
544244.5,230136.203125
301814.8125,7590.0
291765.59375,7096.5
282682.1875,6727.2001953125
357633.90625,125146.8984375
265770.40625,60824.69921875
577765.1875,15965.5
277406.09375,7187.7998046875
307275.5,10227.2998046875
575240.3125,13311.2001953125
369123.0,205178.203125
348597.5,212115.796875
300500.59375,12264.7998046875
315508.0,8084.0
498139.09375,339300.09375
321692.3125,13028.900390625
457623.90625,363852.5
569801.625,22263.0
305303.6875,37841.5
434990.5,302206.1875
421575.8125,15572.099609375
569605.875,14561.2001953125
485779.59375,260448.5
567651.6875,19790.19921875
577910.6875,14235.099609375
375119.09375,308049.3125
481379.8125,286614.5
590419.375,16545.80078125
482680.6875,285073.5
276372.0,5022.5
406204.59375,251471.796875
508043.8125,240727.203125
572618.0,13265.0
546833.6875,11924.2998046875
561293.8125,17507.30078125
292738.3125,8296.400390625
315231.40625,7801.0
267913.5,9147.7998046875
506597.40625,73749.203125
297284.0,11791.099609375
278595.8125,43265.80078125
593586.8125,15829.400390625
303288.90625,8771.7998046875
554402.125,21276.19921875
319542.09375,55853.8984375
470186.1875,282301.5
304790.40625,6577.89990234375
281490.09375,7954.89990234375
531829.125,13063.2001953125
311666.0,152702.40625
568980.125,20922.599609375
264845.90625,6807.10009765625
452992.8125,165624.0
384382.1875,236399.5
463100.5,242395.5
442086.1875,239751.796875
594743.0,14533.0
462278.1875,412349.8125
422090.1875,141156.40625
392097.8125,238789.296875
307524.40625,18373.19921875
598281.125,18406.900390625
284963.3125,6176.89990234375
406230.90625,359717.0
568540.0,13713.7998046875
550740.875,15635.7001953125
320673.5,14212.599609375
334036.3125,120274.296875
323157.40625,158713.0
512023.0,12471.2001953125
332382.1875,97779.6015625
292391.09375,7114.2998046875
337037.40625,100927.8984375
276893.3125,7846.0
302828.90625,7997.2998046875
286544.6875,11192.0
333970.3125,129849.203125
497184.0,275359.5
296627.1875,7529.7998046875
292873.6875,31321.900390625
586680.8125,16941.30078125
594950.125,14389.900390625
590410.0,15202.2998046875
385095.40625,199906.203125
269964.40625,10325.0
308134.5,12298.7001953125
270057.90625,5576.7998046875
322491.09375,94675.703125
333520.90625,149865.40625
286554.59375,6957.0
568277.3125,330570.8125
587162.0,14189.400390625
309064.09375,11191.599609375
289358.3125,8533.099609375
567724.1875,15050.099609375
581801.125,14810.2998046875
395799.90625,273046.40625
563781.3125,18196.5
314322.90625,17910.80078125
304271.5,61750.5
435409.8125,274880.1875
471891.1875,388176.8125
457290.1875,291046.90625
582780.625,17597.900390625
600116.8125,19773.400390625
429367.40625,285536.1875
298440.40625,8407.5
291656.8125,72640.8984375
552605.125,18189.19921875
575288.625,13977.900390625
476713.6875,392678.09375
369144.59375,233970.796875
281806.90625,9391.400390625
294086.90625,8071.7998046875
488663.6875,15248.0
353946.0,162633.5
371818.1875,179871.796875
304807.6875,25810.400390625
484481.3125,374743.8125
425463.09375,211149.90625
338417.3125,204202.40625
301547.5,7139.7998046875
336560.90625,102451.703125
599539.0,18055.099609375
302448.3125,7237.7998046875
561583.875,15204.0
410542.0,293946.6875
264631.09375,5040.7001953125
356726.1875,199695.0
303370.59375,8692.2998046875
288206.59375,100407.1015625
330659.59375,120438.3984375
528928.125,149222.0
503236.8125,371568.8125
261746.59375,9123.2001953125
288052.0,7736.39990234375
332991.1875,177224.09375
546532.125,218096.796875
351378.3125,196054.5
291925.40625,8276.2998046875
334822.1875,29685.5
317179.09375,100643.796875
281510.3125,6074.7001953125
300359.1875,7644.7998046875
312798.6875,12065.400390625
331984.59375,74511.3984375
290080.8125,7475.39990234375
520918.90625,26016.0
412523.0,277044.8125
478869.40625,11694.7001953125
553583.3125,12077.2998046875
397078.5,287252.1875
602537.3125,19348.900390625
559121.625,9816.900390625
536602.6875,179205.0
580558.875,16674.400390625
580172.125,17801.30078125
303448.09375,11969.5
343343.59375,172203.703125
387117.1875,246936.09375
282394.09375,6655.7998046875
431113.90625,372743.90625
472112.8125,304785.5
259308.40625,7562.7998046875
278413.1875,7915.0
303688.6875,9909.7998046875
507820.5,204397.0
556475.1875,188315.796875
599836.6875,20042.900390625
342386.3125,149637.296875
280212.40625,7179.2001953125
301946.90625,9673.5
278994.0,61278.80078125
295744.40625,7987.7001953125
308999.3125,8583.2998046875
272216.90625,6642.0
295447.8125,6790.89990234375
303645.90625,206985.296875
470754.09375,16165.400390625
303682.6875,10333.5
569315.1875,16456.599609375
389499.09375,248224.296875
582175.875,16929.900390625
531783.3125,15855.0
576352.375,16491.30078125
367990.6875,246704.0
357666.3125,145576.703125
316770.6875,20234.80078125
307451.8125,12112.2998046875
305816.8125,9406.400390625
280882.40625,6430.0
397352.40625,273921.6875
324938.0,38835.6015625
516567.8125,15340.7998046875
342832.3125,176140.90625
312187.40625,62276.30078125
427538.59375,283400.6875
262365.09375,6643.89990234375
536070.375,45073.3984375
285972.09375,19855.599609375
283495.59375,14968.900390625
293743.3125,25095.80078125
267437.0,5992.89990234375
334249.59375,22086.099609375
295767.40625,6911.60009765625
460426.1875,347858.59375
560162.875,12974.400390625
309087.8125,10952.5
285873.40625,8085.7998046875
521277.1875,303554.0
282596.5,8530.5
354316.3125,160637.203125
554632.1875,248800.296875
378833.0,244583.5
489596.1875,368675.90625
375660.8125,231255.296875
541915.375,195714.703125
598059.625,16280.900390625
573424.3125,21663.400390625
293402.90625,108199.5
531602.5,197894.796875
441776.90625,291383.1875
542964.5,13676.599609375
510473.3125,221051.296875
580473.5,16078.7001953125
262885.3125,6532.89990234375
318532.09375,113212.703125
434064.09375,285784.3125
304970.3125,6933.0
292540.6875,6299.5
507398.0,318611.0
382515.3125,274605.6875
562873.1875,14586.2998046875
398861.5,349369.0
301203.1875,11568.7998046875
329618.1875,18375.400390625
292193.8125,7438.7998046875
585517.375,16131.7001953125
282092.59375,6629.89990234375
288154.90625,6728.5
573693.0,14704.7998046875
324291.40625,133942.203125
291672.5,10169.599609375
572567.375,15722.5
307331.5,11477.2001953125
305679.3125,9459.400390625
294050.09375,9176.2001953125
288782.1875,8174.5
495681.90625,211668.40625
322776.59375,8978.099609375
374480.09375,228313.90625
423945.59375,312298.1875
297689.40625,7129.60009765625
275372.1875,6396.10009765625
532378.125,17747.80078125
413937.90625,252282.40625
265230.8125,7883.5
419680.6875,259840.5
529941.5,366740.0
588279.125,16758.80078125
437857.8125,248956.203125
582536.1875,18064.80078125
299765.5,19872.5
299650.1875,6565.2998046875
278455.1875,206950.90625
294723.8125,7693.2998046875
338444.90625,123329.703125
569528.3125,12992.400390625
305160.40625,13285.5
281976.90625,7658.7001953125
367276.0,243845.09375
291769.8125,54420.80078125
476657.90625,13851.0
272368.6875,5725.60009765625
267378.09375,7919.2998046875
558380.3125,22498.5
287437.40625,9479.7998046875
298258.0,8645.5
556394.0,9493.0
510733.1875,315116.3125
331301.6875,66126.8984375
385916.40625,259531.703125
277973.59375,5518.39990234375
315731.8125,24912.400390625
260815.40625,6978.0
279239.0,6061.7998046875
279038.90625,6051.7001953125
291237.5,6383.10009765625
289186.3125,7333.2998046875
488156.5,12149.7001953125
329208.3125,65574.8984375
303896.40625,10720.7998046875
273174.09375,9455.2001953125
572105.125,14591.400390625
287666.1875,6767.5
312611.40625,13129.400390625
467462.09375,216339.796875
454629.09375,261608.09375
572945.625,168219.90625
578690.625,13623.5
341152.0,196099.40625
394904.59375,13620.599609375
456153.40625,302660.09375
586328.8125,15882.099609375
333096.90625,63943.69921875
317881.1875,12688.599609375
288440.8125,5377.0
487381.40625,255254.296875
356667.6875,235267.5
350709.0,183175.0
489099.59375,309694.3125
338146.3125,170036.203125
423140.6875,325593.8125
512759.5,14311.0
453946.1875,290611.3125
290285.6875,7605.89990234375
248923.90625,7858.2001953125
428009.59375,259169.40625
269614.3125,5904.89990234375
260109.40625,6908.0
305358.0,9718.2998046875
292841.40625,7140.2001953125
578394.5,15935.099609375
367347.8125,204274.296875
577047.875,14178.5
389106.5,12219.2001953125
564202.8125,13046.400390625
385668.40625,279235.8125
508108.59375,296355.1875
292948.1875,6686.5
450754.90625,321283.90625
521925.09375,13317.099609375
318064.09375,44386.0
407827.5,12005.900390625
334794.59375,97334.6015625
311707.40625,38176.1015625
300782.3125,8206.599609375
298092.1875,7746.0
380096.6875,269914.09375
300955.59375,8877.2998046875
281234.3125,4695.0
371581.40625,214320.296875
549832.6875,14969.5
368516.0,184471.0
566777.625,214872.296875
328534.6875,30166.30078125
287852.6875,7146.7998046875
284334.6875,7699.39990234375
389495.90625,224423.203125
411493.40625,319150.5
425758.90625,250316.703125
359575.8125,231972.90625
298551.90625,7678.2998046875
304635.6875,7905.5
572433.875,13735.900390625
305602.09375,7824.2998046875
444324.59375,15620.599609375
292645.5,7805.7998046875
427397.5,285153.40625
308616.3125,50001.8984375
512429.6875,304550.0
509924.1875,282543.3125
474373.90625,373994.6875
558885.875,300542.0
326027.8125,187750.296875
370582.90625,230117.296875
581101.125,262320.0
254881.703125,12775.099609375
552485.5,14625.0
400259.5,272106.1875
565050.375,16669.69921875
363507.8125,176962.90625
341182.0,136358.203125
360007.5,128778.1015625
435552.1875,278937.1875
509683.40625,358360.5
284122.40625,10756.900390625
307658.6875,8547.5
324172.09375,122693.3984375
285099.8125,6268.5
253914.09375,7911.7001953125
314272.8125,69163.8984375
607227.625,18688.900390625
388123.90625,318355.40625
487511.5,336256.8125
315000.0,101481.3984375
529035.8125,14738.900390625
446999.6875,333001.0
330604.59375,103650.5
273393.40625,7840.7001953125
516100.40625,12376.0
580972.625,13103.0
630101.625,21779.0
497388.0,16074.5
298600.5,9046.2001953125
360395.8125,288697.40625
280240.3125,125422.5
301503.8125,7687.7001953125
304281.8125,7233.89990234375
538390.0,215309.703125
289418.3125,7992.2998046875
299376.1875,7237.2001953125
478003.40625,356626.5
289140.90625,6048.39990234375
329368.1875,47756.5
390593.1875,253870.796875
286190.40625,17960.900390625
328218.3125,46576.3984375
291650.1875,15729.0
285814.09375,47352.0
299098.40625,58511.69921875
580782.375,14569.0
588722.125,13597.5
339734.5,117252.6015625
288675.90625,7608.7001953125
273991.1875,8078.10009765625
415116.59375,14472.5
296633.5,10012.7001953125
338976.90625,8826.2001953125
292824.3125,7376.89990234375
344143.8125,156866.90625
403655.0,224953.703125
280592.3125,7097.2998046875
280417.1875,8498.7001953125
243208.40625,52231.0
321037.6875,9291.0
604436.1875,16121.7998046875
267996.59375,8860.400390625
552201.375,325389.1875
300864.09375,10109.7001953125
319321.59375,10496.400390625
556231.625,192653.59375
287152.3125,5889.10009765625
519922.09375,228849.203125
497917.09375,334316.40625
329459.0,115503.796875
302461.0,25002.400390625
312292.3125,69608.3984375
537632.6875,14694.0
270957.09375,107480.5
418975.3125,197958.796875
302635.40625,45677.80078125
329468.59375,127926.0
307767.40625,12063.7001953125
294667.1875,8437.099609375
453902.0,333557.5
477246.5,418404.6875
406220.90625,233561.203125
552507.3125,16152.900390625
296829.8125,27072.5
478611.0,15037.7998046875
480680.8125,355839.40625
282774.1875,109115.0
486042.1875,303525.3125
307022.59375,75025.5
341086.40625,61974.5
326610.5,113999.1015625
490864.90625,271906.6875
293060.6875,9167.099609375
482999.09375,314707.5
302483.5,11427.5
273336.40625,7877.2001953125
255436.296875,6563.89990234375
308866.8125,8647.2001953125
291872.3125,9056.400390625
496508.5,271593.59375
332450.8125,103512.796875
286597.1875,7471.7001953125
474509.40625,14621.5
567600.375,158748.40625
463547.6875,271925.0
473760.1875,294282.8125
467965.09375,10950.5
292612.09375,11492.900390625
327978.40625,194685.09375
575554.375,18389.19921875
302695.8125,10821.0
588299.8125,185835.90625
318719.59375,94235.3984375
519668.8125,16318.099609375
531529.125,298278.1875
412906.0,295278.8125
288182.0,7427.2998046875
260395.5,8268.400390625
281158.3125,8450.400390625
294309.6875,8355.5
479787.09375,394160.0
280215.90625,10189.2001953125
287549.3125,7593.2998046875
342030.09375,209085.0
488113.90625,389409.1875
298601.1875,7026.60009765625
297594.0,10805.0
439964.0,310011.6875
588309.375,12597.7001953125
382930.8125,223331.90625
272607.3125,7397.7001953125
412081.3125,305479.90625
365550.0,204079.703125
542063.0,375012.09375
283109.8125,7683.7998046875
299491.1875,19050.69921875
461334.90625,155058.5
362040.90625,177294.40625
491385.1875,361322.5
324059.6875,113976.796875
288332.90625,10143.599609375
442146.40625,14782.2001953125
479666.8125,325643.0
271706.59375,6944.2001953125
565176.8125,323216.90625
296140.59375,9701.400390625
557188.3125,204952.59375
338949.1875,114566.203125
433786.90625,15324.400390625
346649.5,126956.8984375
295831.3125,10077.400390625
483974.1875,15708.2998046875
409182.59375,341323.5
272370.40625,6951.7001953125
585577.875,16221.0
298993.90625,23260.80078125
366964.09375,182001.5
433435.6875,353600.09375
289785.59375,8336.5
329137.40625,70033.703125
313442.8125,26435.900390625
573658.3125,14041.0
459110.3125,298591.6875
318237.3125,22039.900390625
501291.5,278491.6875
271208.0,14105.099609375
324820.8125,86453.796875
543563.1875,237007.203125
569117.875,13878.900390625
545242.5,14890.900390625
246635.59375,7452.5
313184.90625,10302.2001953125
455867.40625,333469.5
385173.8125,74679.796875
459225.0,326579.59375
566852.375,19465.19921875
283879.6875,7621.60009765625
370412.09375,238991.5
592965.0,15428.5
390000.5,292816.6875
477631.3125,293485.40625
316661.8125,112330.0
281180.8125,5582.7001953125
367786.8125,159297.90625
442024.5,335023.6875
605408.3125,19957.30078125
432150.90625,194787.0
292909.90625,24726.900390625
301204.6875,9368.0
288378.6875,8287.7998046875
300526.09375,21687.0
536673.875,253398.09375
436058.8125,350636.5
516544.3125,10232.400390625
534122.625,239849.40625
343644.09375,243372.09375
359613.8125,236430.59375
552786.125,16699.19921875
510423.3125,247346.09375
555138.875,14024.900390625
551232.375,16073.900390625
520746.6875,282148.1875
397562.1875,260063.59375
321881.8125,125280.6015625
398486.59375,232178.203125
559070.5,262321.90625
525175.125,257287.5
304529.40625,15355.5
349208.3125,104617.296875
261973.90625,10610.2998046875
297936.09375,9649.5
304304.40625,92767.203125
330831.6875,128716.1015625
298620.0,8533.5
268580.8125,7537.89990234375
298475.3125,7905.0
569110.0,13959.7998046875
558700.3125,216559.40625
578115.6875,15356.5
305925.6875,11536.7998046875
250835.90625,6718.0
461510.40625,335894.3125
597720.625,16963.5
334992.5,113379.6015625
261432.59375,8225.0
293738.5,7682.2001953125
569381.3125,219330.5
568111.3125,10820.2001953125
488283.8125,210535.40625
599785.5,19461.69921875
562700.3125,356255.3125
465164.1875,225260.203125
394222.90625,105433.5
304013.90625,21991.400390625
302498.1875,10225.0
395447.1875,274573.8125
318963.09375,72448.5
336651.59375,159355.90625
377738.90625,218656.59375
287869.90625,7541.7001953125
365702.3125,212153.5
295839.59375,26183.19921875
371685.8125,233698.90625
557927.875,15520.400390625
258062.796875,7541.39990234375
571930.6875,14403.2998046875
360594.90625,180795.703125
504170.40625,290915.5
317105.90625,172272.703125
242813.5,48836.80078125
310398.5,31159.900390625
585678.3125,14122.400390625
284893.1875,6631.5
337067.1875,135138.296875
429005.90625,333814.6875
298497.8125,8684.2998046875
445147.09375,13250.5
335478.90625,164319.203125
248450.203125,7394.10009765625
543966.125,13165.5
303300.5,7530.0
581138.0,15829.7001953125
569125.8125,188010.90625
454793.8125,343592.5
286434.3125,7379.2001953125
319984.8125,85832.3984375
322432.0,17299.19921875
594549.5,14981.599609375
281293.3125,11435.7998046875
548740.6875,16074.7001953125
365036.40625,260447.0
577223.875,14190.900390625
436853.40625,303664.40625
303629.8125,11087.400390625
565420.6875,12835.5
495073.09375,13222.5
311951.90625,13479.7001953125
450863.40625,280448.5
472346.3125,282194.8125
343410.09375,83195.5
575511.5,16921.599609375
271101.6875,29371.599609375
438780.09375,307670.0
479905.5,315739.0
284660.0,6421.7001953125
589274.875,16833.69921875
268048.3125,12091.400390625
310823.3125,7597.0
316568.3125,14707.7001953125
289766.5,10380.2001953125
551645.375,229187.90625
299499.0,7982.2998046875
592209.3125,17476.900390625
465718.1875,373790.3125
348188.40625,166878.203125
252756.40625,22538.5
592585.8125,16571.80078125
282246.40625,11235.7998046875
325444.5,91478.1015625
299576.09375,7178.0
551449.625,11842.599609375
620193.8125,26025.80078125
432690.0,22708.5
497389.90625,265293.6875
330503.6875,66688.5
364786.5,9526.2001953125
322891.90625,9383.5
566114.8125,337574.8125
582104.375,16001.7001953125
295433.09375,6147.5
320793.09375,72705.0
307289.59375,79050.296875
354864.8125,179631.40625
359173.6875,142373.203125
307915.09375,12709.400390625
445924.8125,111699.796875
589119.8125,13684.7998046875
317012.90625,155744.703125
383918.1875,312449.0
300065.5,7639.5
429332.59375,234688.203125
412135.40625,250891.5
288127.8125,6932.7998046875
348807.09375,54798.0
308606.59375,55591.0
579918.625,14546.2998046875
590369.625,13794.599609375
352681.0,146189.5
360053.3125,219000.796875
349059.90625,192802.703125
257750.09375,17871.599609375
536120.625,14460.099609375
304041.8125,63287.80078125
310589.5,75417.0
586466.375,65299.69921875
303116.6875,7534.0
365617.5,258648.5
339413.5,196494.203125
581812.8125,17425.80078125
292128.40625,7128.7001953125
362719.09375,131127.0
294856.09375,7474.2998046875
492848.1875,296715.6875
574683.125,16690.19921875
286345.59375,125439.1015625
380190.3125,8212.7998046875
491244.5,212630.0
312304.90625,102860.203125
341315.5,15752.5
430397.09375,228981.703125
295862.0,7878.7001953125
586665.875,13784.0
278429.40625,7149.2001953125
380333.59375,255033.296875
339439.09375,143184.203125
440425.8125,347590.5
445465.6875,293705.1875
544205.625,245528.90625
295052.8125,7363.0
443562.5,299573.40625
275929.8125,6029.0
579729.3125,280520.3125
572569.0,12851.2001953125
390669.1875,245048.0
448518.5,339421.5
296612.90625,173688.40625
279994.09375,7767.39990234375
349533.59375,169670.90625
537610.8125,201119.40625
572932.8125,13676.599609375
351552.8125,179514.40625
491581.5,26897.900390625
368255.0,253600.90625
463015.59375,208999.09375
518387.90625,15795.900390625
302095.6875,33616.5
543915.375,15596.400390625
268274.0,56928.69921875
325824.8125,103222.1015625
303957.0,17697.30078125
577708.375,16773.80078125
309380.1875,19451.0
297823.8125,33381.3984375
523875.8125,250773.40625
345819.3125,145885.5
364254.09375,220188.09375
281204.59375,10312.099609375
325271.3125,166640.796875
285448.6875,26298.0
321640.5,148246.0
333992.09375,87711.203125
564542.875,199076.0
585116.875,14743.2001953125
277423.59375,6345.0
518188.59375,390279.0
311672.59375,25651.0
558196.625,348901.8125
540780.6875,15076.7001953125
487165.59375,17159.19921875
558935.8125,15106.0
327414.3125,178083.90625
302314.3125,7649.7998046875
505347.0,351294.0
455460.6875,267630.5
263402.5,5663.5
269514.59375,178019.203125
565428.5,12823.7001953125
518037.90625,11324.5
405386.8125,10036.7998046875
563144.625,13767.5
286149.09375,5659.5
301433.09375,12003.0
397847.09375,241436.796875
266014.6875,8200.7001953125
548569.1875,11878.7001953125
312344.8125,19798.0
599915.5,14851.400390625
294692.8125,8539.0
461259.3125,269004.3125
295923.5,8488.2001953125
294546.1875,7662.5
553573.0,16853.5
409644.90625,262793.40625
293134.09375,6771.39990234375
453480.8125,261260.90625
604224.3125,16083.400390625
307370.0,8713.900390625
481417.0,248900.90625
533669.625,12147.099609375
276953.40625,10182.900390625
372427.1875,188107.0
274852.90625,12800.400390625
599015.0,14701.2001953125
534440.3125,260456.09375
307112.8125,9244.0
307839.59375,12365.599609375
416888.3125,278473.8125
314830.5,88924.5
466626.90625,200575.203125
430245.0,193367.0
511349.5,17342.19921875
312274.3125,13986.2998046875
403816.40625,22138.69921875
568954.125,12923.5
431766.09375,338036.0
420139.09375,359136.3125
334450.59375,47760.1015625
289393.5,8628.0
359859.1875,183651.0
357185.59375,156223.703125
346511.0,112201.203125
568920.875,15450.5
423092.3125,312932.8125
343805.09375,139259.5
350207.59375,192498.0
380295.59375,18466.19921875
507209.3125,311581.0
585872.8125,16348.900390625
287007.1875,10204.7001953125
568895.3125,15265.0
314191.3125,18613.5
285305.3125,6856.2998046875
373726.0,231492.203125
433926.59375,259498.59375
532649.125,15778.599609375
301503.40625,8807.7001953125
433929.6875,291753.5
292535.0,7330.5
302027.40625,19850.5
517189.3125,286547.3125
601766.375,14964.7001953125
370864.09375,202459.0
522138.09375,309064.5
568892.625,12698.7001953125
296264.6875,7904.2001953125
486563.09375,309655.09375
307834.09375,24086.599609375
603379.3125,14282.7998046875
535615.875,15531.7001953125
450195.1875,340486.0
283603.5,20873.5
314939.09375,55498.69921875
480918.0,321884.6875
375704.90625,252222.0
439975.3125,302890.8125
359241.40625,205341.203125
302890.09375,6984.0
310855.09375,13919.5
293317.09375,33328.30078125
532947.6875,14649.2001953125
590179.125,14183.7001953125
370114.3125,236724.5
330990.3125,121355.3984375
586321.6875,15764.2001953125
403699.8125,279718.0
282907.0,6650.89990234375
592794.0,17294.19921875
338035.1875,150204.0
294965.90625,8464.900390625
313823.59375,54629.8984375
587347.125,17104.900390625
366819.3125,214192.40625
298666.3125,9403.099609375
308258.3125,42082.8984375
341846.59375,100119.1015625
278148.09375,8127.10009765625
304346.3125,67334.296875
310444.1875,140556.5
612272.0,17986.0
517070.09375,255039.703125
396781.0,276020.6875
276934.8125,7719.39990234375
437436.40625,187384.59375
433566.6875,339560.40625
429655.5,340949.59375
519424.6875,212276.5
305195.5,18752.19921875
326023.59375,250129.796875
340234.40625,163458.40625
464022.5,282400.5
342873.8125,219488.09375
595393.6875,15947.7998046875
332496.3125,192183.90625
338068.90625,130056.5
437434.59375,288753.1875
252002.09375,6965.0
269324.6875,5981.0
404969.6875,64404.80078125
335740.0,168824.09375
594051.5,17774.30078125
591440.1875,15869.2998046875
245734.0,6898.2001953125
467797.6875,326896.59375
561583.1875,13818.900390625
276690.8125,24003.69921875
303531.40625,7506.2998046875
286933.59375,11272.099609375
292597.0,10365.400390625
583158.125,16212.2998046875
592236.5,14974.0
506445.59375,57070.19921875
354907.6875,174577.0
288580.40625,6615.7001953125
547043.3125,195792.703125
303423.3125,104009.8984375
556856.6875,292125.3125
299366.09375,9625.400390625
272928.90625,156964.0
484892.90625,20132.599609375
298795.90625,114092.5
300696.5,9588.7001953125
346800.59375,125888.296875
346898.09375,24022.80078125
554732.3125,291237.5
316975.6875,14052.2998046875
304493.09375,46560.80078125
462232.09375,307977.8125
314144.59375,12168.0
389824.40625,370790.09375
319536.90625,56365.5
575918.6875,44066.8984375
598944.0,16332.599609375
322473.0,10134.7001953125
348602.90625,195214.90625
369172.0,218196.5
601419.6875,16328.2998046875
261702.296875,6856.89990234375
321835.40625,245923.0
274740.8125,9943.400390625
297175.90625,7672.60009765625
283646.40625,5816.5
467688.1875,227215.40625
278202.5,5514.10009765625
575825.6875,15081.5
279323.0,6572.2001953125
336553.90625,6279.39990234375
607968.8125,19818.599609375
256354.203125,7181.7998046875
321664.6875,96255.5
280524.1875,8621.7998046875
287146.5,7435.5
408482.0,219945.09375
480099.1875,370506.3125
284106.5,19400.19921875
335064.6875,14804.599609375
280260.6875,6349.89990234375
477200.3125,308956.6875
582214.0,14275.400390625
455254.40625,292429.8125
419125.0,13554.900390625
318026.09375,82660.703125
307053.1875,8293.7001953125
593504.8125,193827.203125
473314.6875,400740.3125
388918.8125,266301.90625
281100.90625,8195.599609375
578728.5,147152.703125
325141.09375,92712.8984375
364992.59375,232477.59375
582336.3125,285910.40625
350817.40625,243775.59375
506101.90625,317214.5
395563.6875,221745.40625
459281.5,363352.59375
509029.1875,209429.0
316584.0,60857.69921875
571092.625,12430.7998046875
390119.5,251713.0
373021.3125,14737.099609375
460758.1875,114464.796875
325661.3125,122221.8984375
350433.90625,181791.0
344508.1875,81828.3984375
323461.40625,121341.796875
329397.6875,145173.0
572753.0,16270.2001953125
273111.09375,7167.2998046875
427962.0,13557.0
317938.3125,221662.40625
326631.40625,100312.0
314074.59375,11420.5
559839.6875,13223.0
528551.6875,256302.296875
362630.0,171074.59375
272721.1875,5787.7998046875
306151.5,41304.69921875
532653.6875,304002.59375
361628.6875,6612.39990234375
449725.8125,16090.7001953125
284313.0,8013.39990234375
507295.0,226841.90625
555471.625,22266.30078125
554841.625,15215.2001953125
413566.6875,226945.0
317061.40625,43748.19921875
592297.3125,15578.400390625
252705.796875,7444.89990234375
579390.125,18315.900390625
337860.6875,159269.40625
579931.625,11957.099609375
291488.6875,7723.10009765625
588368.375,18458.099609375
404446.3125,301588.90625
371235.90625,247584.09375
557432.375,15062.0
284613.5,9307.099609375
271871.90625,163951.296875
492814.1875,342485.5
567569.0,13243.7001953125
333565.59375,127456.296875
305695.0,11979.5
574777.8125,12617.099609375
393484.6875,295599.8125
277801.3125,7523.89990234375
515272.0,250680.0
567917.0,203841.09375
338658.6875,152095.796875
296536.0,8000.7001953125
299293.6875,12397.599609375
251943.796875,8251.2001953125
469746.5,361208.40625
549161.375,296067.3125
544982.5,13349.400390625
284058.59375,5431.2998046875
277377.5,11175.5
380206.59375,250303.703125
417326.8125,257133.40625
570041.875,19541.599609375
271938.90625,5602.0
296091.1875,10914.400390625
284814.1875,7731.0
442677.09375,325145.3125
497219.40625,353242.90625
299283.5,78734.5
295037.40625,6587.5
364162.09375,213702.203125
275901.09375,7360.5
303178.6875,13445.5
373754.5,240379.59375
277785.0,5796.7998046875
305877.1875,122217.8984375
294371.40625,20558.5
299870.1875,21773.900390625
573789.5,21782.599609375
298895.40625,6651.2998046875
300690.1875,9491.5
303004.5,8798.2001953125
297484.40625,17631.900390625
452146.0,16914.5
581886.6875,14873.7998046875
330687.3125,131278.90625
594946.375,13925.0
487265.59375,14657.0
308552.1875,8374.900390625
386520.5,257363.59375
397869.40625,275800.3125
575531.0,14664.0
524183.8125,15667.099609375
598878.3125,15328.900390625
492762.90625,423982.5
455244.1875,14445.2998046875
547321.0,199149.5
273517.5,11872.099609375
577232.0,19236.80078125
307282.1875,36937.80078125
592437.0,14853.7001953125
293795.6875,7638.60009765625
331615.3125,138676.203125
397406.0,266308.90625
402198.3125,13396.400390625
318043.1875,82049.8984375
364004.0,227298.59375
291337.90625,39608.80078125
284543.5,7018.2001953125
301987.59375,8320.2998046875
288868.40625,6961.89990234375
370573.5,153931.5
292967.09375,11193.5
296662.6875,9000.5
292311.6875,8489.7998046875
443092.0,36868.0
300847.5,21706.599609375
575264.0,241685.703125
367562.3125,163595.40625
543180.375,18246.099609375
286525.40625,10044.5
288565.1875,8357.400390625
587945.5,14162.099609375
275589.5,44860.69921875
257147.59375,7259.2998046875
314458.90625,42324.3984375
319937.0,34435.0
561508.3125,14486.599609375
584309.6875,16073.2998046875
300590.40625,8187.5
555055.125,17879.0
250477.203125,5581.5
583870.1875,15331.7998046875
294966.0,9879.0
328578.0,14424.7998046875
301853.1875,59831.30078125
248245.5,10560.7001953125
332534.1875,109414.6015625
375728.5,234220.40625
282582.1875,6862.89990234375
559408.0,14974.099609375
576510.875,13807.2998046875
287933.5,35273.69921875
411055.09375,182143.296875
297458.40625,11529.900390625
288349.0,6527.5
291958.1875,9415.2998046875
365479.90625,244713.59375
559900.375,14744.5
277274.5,11326.099609375
372477.1875,274259.5
323459.0,224485.203125
572200.625,15648.2998046875
308524.0,10959.5
605248.8125,15826.099609375
563007.6875,14592.2998046875
579373.3125,15049.400390625
537253.375,107497.0
305014.59375,7802.2001953125
464283.59375,15214.5
297939.1875,7636.5
450685.1875,331248.3125
261311.0,55590.6015625
301532.1875,8180.60009765625
287168.1875,7337.89990234375
377838.8125,273082.1875
478000.40625,318975.3125
581049.0,18866.900390625
599210.625,19887.30078125
298626.09375,9086.2001953125
328078.1875,11785.5
283907.6875,9357.7001953125
431151.40625,264154.1875
288224.8125,8611.2001953125
308775.8125,18935.400390625
569572.1875,154435.796875
296121.8125,6502.39990234375
318107.90625,100628.1015625
596639.0,14119.7001953125
284170.40625,6036.0
301232.8125,156518.203125
551988.1875,12695.400390625
247806.40625,7243.0
383620.6875,234102.90625
350264.0,141785.59375
378085.40625,183582.296875
346081.6875,184877.5
591204.0,17118.19921875
293638.09375,7256.7998046875
472881.90625,313422.90625
528102.5,166324.5
401807.8125,321821.09375
285093.6875,7369.2998046875
587907.3125,16130.400390625
440871.09375,282869.5
539655.1875,227598.5
457985.1875,297248.8125
508616.90625,13918.599609375
454242.40625,280256.5
312188.0,70337.6015625
319802.40625,11210.7998046875
309837.1875,47906.5
305654.5,23839.19921875
292416.40625,23046.400390625
574224.3125,12713.599609375
461047.8125,334360.90625
304502.40625,11154.5
300961.09375,11841.2001953125
436550.09375,222837.0
291148.6875,8209.5
538183.6875,25921.30078125
402574.0,281392.5
557190.5,19270.599609375
382260.0,217526.296875
536989.6875,14323.900390625
589838.3125,14546.2001953125
291865.0,8013.89990234375
321439.09375,19696.099609375
298264.5,8668.400390625
568334.125,14165.2998046875
284187.09375,9510.2001953125
578300.1875,14681.2001953125
561578.875,273267.1875
585721.8125,15174.7001953125
451028.3125,371559.90625
276564.1875,6754.2998046875
306374.8125,77710.3984375
558852.875,18575.099609375
540768.125,16704.900390625
315689.09375,181836.203125
246693.203125,90185.8984375
315519.90625,30822.80078125
392135.5,196002.0
458586.90625,287653.6875
501357.0,209344.59375
578762.375,14934.2998046875
557032.1875,351202.3125
579757.375,14343.7001953125
441134.09375,299592.40625
463729.59375,328472.1875
594865.6875,14979.099609375
509922.90625,357262.3125
396112.0,291604.5
352755.6875,259438.703125
299332.5,9757.099609375
361251.90625,267061.8125
403468.6875,261302.796875
397787.40625,12163.2001953125
308930.59375,12829.900390625
358631.5,145354.203125
299820.3125,21774.69921875
572658.8125,399559.0
575849.8125,13717.7998046875
510552.40625,294717.5
263198.5,8382.2001953125
294713.1875,33870.6015625
291282.40625,10652.7001953125
313850.90625,68268.796875
381498.59375,243937.40625
280574.3125,8268.2001953125
487475.8125,11770.400390625
609405.875,18545.099609375
354619.90625,213723.296875
559549.1875,13766.900390625
589955.625,15851.7001953125
505035.0,298555.5
286413.90625,7511.0
419567.6875,241779.0
309692.5,97307.3984375
499416.1875,368581.59375
290771.5,6897.60009765625
604575.6875,19956.30078125
295670.1875,57568.0
302944.90625,10756.7001953125
289314.1875,7576.7001953125
497917.59375,308521.09375
560891.0,14500.900390625
303637.59375,7722.39990234375
536840.875,16495.19921875
445261.59375,14555.7998046875
425447.40625,210288.09375
396335.1875,229198.09375
286529.8125,6928.7998046875
368598.40625,264233.6875
519553.0,341265.09375
592731.6875,17450.30078125
282790.59375,29872.5
452453.09375,239383.90625
311434.0,113124.203125
565973.8125,13042.2001953125
294355.6875,6629.39990234375
299401.1875,9960.099609375
496858.8125,300321.8125
279040.90625,104225.296875
490798.5,87612.0
281895.40625,5604.7001953125
291252.6875,7369.7001953125
486952.40625,324766.8125
321103.1875,14560.7998046875
418213.90625,255672.203125
293310.09375,7761.89990234375
305831.5,8955.7001953125
629170.8125,51821.69921875
240994.796875,6491.5
405358.8125,158484.296875
337148.90625,136481.5
265656.0,7280.2001953125
590264.0,17752.69921875
345749.90625,15151.2001953125
310402.09375,9727.400390625
425054.3125,325111.6875
284051.3125,6329.39990234375
303098.1875,8274.900390625
554431.125,15542.7001953125
570724.0,16746.5
575862.375,14679.5
309505.59375,93006.0
278408.09375,8163.89990234375
332720.6875,160834.59375
284653.8125,7790.7998046875
593892.875,15268.2998046875
562151.5,14439.0
365637.6875,350477.1875
437385.5,235313.09375
585069.875,15114.7998046875
425667.6875,250423.296875
377878.59375,240012.0
296526.90625,9219.7001953125
272265.0,8870.7001953125
291719.8125,7458.7001953125
560523.3125,15560.0
301381.3125,10337.7998046875
300269.90625,6828.5
565748.125,17768.19921875
296657.59375,7214.39990234375
302419.6875,9201.400390625
507309.1875,356822.09375
512003.8125,16303.2998046875
279840.5,12063.5
362312.90625,156285.203125
241035.203125,7032.2001953125
287107.40625,6445.7998046875
531344.125,219441.5
554259.375,13770.7001953125
291440.5,7441.2001953125
285752.3125,6706.2001953125
374168.3125,228630.296875
352729.90625,147946.5
501900.0,13141.7001953125
296837.1875,7148.60009765625
326183.09375,99649.3984375
587685.8125,12362.900390625
437144.40625,21362.099609375
300612.6875,7926.39990234375
566616.625,14810.2001953125
466081.90625,335692.5
255618.09375,104043.5
577078.6875,18211.5
536001.5,18037.900390625
291923.1875,12720.099609375
387603.5,247300.09375
577121.6875,42840.80078125
582640.6875,19298.599609375
307806.3125,14530.7998046875
269045.40625,7318.7998046875
293033.0,7526.5
361005.6875,182403.203125
277954.90625,151461.296875
556265.1875,13844.7998046875
590954.125,17728.0
307445.59375,7324.89990234375
517797.1875,373038.90625
303883.8125,8423.2998046875
348778.90625,89400.296875
313946.5,63522.5
326315.40625,16353.2001953125
301539.1875,11502.2001953125
337808.5,120595.6015625
319530.90625,102241.796875
365228.6875,228984.796875
553019.625,16113.0
371504.40625,239191.203125
568175.5,203242.703125
300489.3125,10715.7001953125
323624.8125,82648.0
561780.3125,177977.796875
286297.40625,7025.0
289435.5,6428.2001953125
354788.0,321924.1875
576701.1875,17447.599609375
536429.375,131695.796875
307449.09375,18761.900390625
363556.8125,226449.203125
588547.0,12902.0
586710.875,17961.0
274154.59375,12791.5
299431.1875,6697.5
540344.6875,10684.099609375
527996.6875,293841.3125
285572.6875,13140.0
449584.40625,273885.6875
575929.125,384429.1875
306691.59375,15857.900390625
403671.6875,236975.40625
280198.3125,28401.80078125
412887.6875,255353.203125
538154.0,332691.09375
387015.90625,259385.796875
280630.6875,11193.7998046875
350358.90625,139755.203125
305475.59375,9920.900390625
564329.6875,240756.40625
550016.1875,15133.599609375
429169.3125,271389.3125
521855.0,309794.5
308370.90625,9608.2001953125
380973.1875,232940.203125
290971.90625,11899.7998046875
483814.6875,321085.8125
572865.125,13762.0
320873.90625,11101.7001953125
577167.125,13734.400390625
463912.0,283969.1875
281691.3125,86281.703125
596172.8125,19516.80078125
306021.90625,15062.5
306450.90625,18076.19921875
437357.40625,284847.3125
342740.3125,185305.203125
298108.8125,7990.39990234375
281206.40625,7429.2998046875
264404.59375,7138.7001953125
578577.375,12751.5
446413.09375,10931.0
399543.6875,161183.5
576115.5,16585.400390625
282362.0,24212.400390625
644920.0,208740.59375
309418.1875,27030.0
279321.40625,7095.7001953125
427060.59375,319998.40625
590498.1875,23098.80078125
341301.40625,122420.296875
393616.59375,263286.6875
400201.59375,192850.40625
292929.6875,11522.599609375
306968.3125,8117.7998046875
302204.40625,7797.2998046875
555963.375,14815.7001953125
309598.59375,18698.69921875
427169.09375,322712.90625
303418.1875,12912.099609375
541775.8125,12248.7998046875
475797.5,308408.59375
445651.90625,345999.8125
282510.6875,9019.7998046875
462268.09375,283573.5
527952.875,12724.2001953125
314819.59375,8911.400390625
556809.8125,16832.19921875
425312.3125,298250.8125
326295.5,231973.703125
582397.0,16022.7001953125
337238.6875,148206.09375
294206.90625,8915.2001953125
320323.09375,93492.8984375
294400.8125,34205.19921875
371083.8125,229647.40625
591462.375,16633.599609375
299387.40625,7128.7998046875
343534.1875,103258.8984375
316635.59375,181066.703125
578244.1875,87841.5
575202.0,18300.900390625
397924.6875,216070.296875
305051.09375,191815.703125
282101.09375,6640.39990234375
302274.6875,8845.900390625
575430.6875,21723.599609375
273423.5,7786.5
396394.90625,280923.1875
368009.1875,9863.2001953125
336853.0,65958.1015625
275732.09375,6154.0
292045.3125,6313.0
294805.3125,7960.7998046875
472332.40625,292314.0
431238.0,280585.1875
461941.5,259025.203125
369222.6875,196471.09375
293335.09375,6979.39990234375
586053.625,16930.69921875
295649.3125,9623.2998046875
347295.40625,224385.796875
356760.40625,163021.203125
311794.1875,24288.19921875
403543.90625,251159.796875
506181.1875,11302.7998046875
575358.125,12874.0
313376.90625,54574.69921875
444065.59375,287107.90625
302227.5,12199.2001953125
431482.3125,323640.1875
283045.0,6644.2001953125
444088.5,236373.203125
439576.6875,276376.59375
294638.40625,8198.7001953125
293680.09375,8517.900390625
255035.796875,7918.2001953125
495161.3125,329198.40625
299863.40625,8774.900390625
409290.8125,320728.40625
337150.90625,118055.5
378027.1875,193787.09375
531363.0,12284.099609375
510341.3125,260324.90625
569693.375,16247.2998046875
548569.0,272186.0
306349.6875,88619.796875
267606.90625,12326.2001953125
591410.375,15686.2001953125
281612.3125,34177.8984375
409809.3125,230247.90625
303509.90625,7933.5
447679.90625,271089.0
440504.0,248765.09375
290098.59375,7481.0
329607.90625,41911.19921875
292464.0,28481.099609375
270796.59375,7834.7998046875
275375.40625,7786.7001953125
561582.1875,15363.099609375
320266.3125,84559.0
311596.1875,8028.60009765625
450534.40625,384683.90625
528408.1875,340109.40625
534046.3125,16753.400390625
333079.90625,62344.3984375
291012.3125,38300.3984375
294482.90625,5126.0
574694.875,158527.5
325505.1875,12597.2998046875
311431.5,44410.1015625
305264.3125,34815.3984375
264255.90625,91998.796875
291352.0,7902.5
353542.09375,169508.09375
609705.125,22010.80078125
562702.375,318820.1875
330409.6875,114211.1015625
243905.296875,6019.0
287836.1875,12207.099609375
374134.1875,274640.90625
390395.09375,290569.90625
577682.6875,337377.6875
299501.3125,7875.39990234375
570551.3125,14161.900390625
524824.375,288835.0
525465.375,157942.0
315528.1875,217019.59375
490319.1875,288667.3125
303075.0,7485.0
345540.09375,133655.296875
585543.875,14390.7001953125
592830.1875,15856.099609375
321196.3125,30259.5
327850.3125,60544.3984375
307907.90625,30844.5
517088.1875,300051.59375
390276.1875,281056.3125
287941.09375,8641.5
588705.875,14196.2998046875
414559.1875,254460.296875
293553.09375,6811.10009765625
586136.875,14260.7001953125
256070.5,5776.10009765625
300391.3125,9264.5
571041.6875,16620.400390625
299210.90625,8471.400390625
272100.3125,75191.8984375
566484.875,300280.5
305908.40625,53907.0
596002.3125,16555.400390625
468595.3125,98577.8984375
290542.90625,13354.5
538869.875,277106.0
441399.1875,247823.59375
569548.5,15765.599609375
300714.8125,17486.400390625
304199.09375,9120.0
580441.0,17234.0
400829.6875,300934.3125
547692.625,279349.09375
295226.90625,51401.69921875
345401.0,132265.09375
272582.09375,7848.2998046875
413203.40625,104122.203125
318660.1875,89534.1015625
294984.8125,6804.5
291878.6875,8265.099609375
541336.875,239475.59375
500013.8125,327864.5
315985.90625,16408.900390625
542992.1875,16346.900390625
375446.1875,159861.203125
307603.59375,11070.599609375
387180.40625,192807.0
586428.3125,14124.400390625
565596.875,13052.5
314501.1875,42484.1015625
297471.1875,9968.2998046875
345754.5,10556.599609375
572775.625,75170.0
339658.40625,131868.796875
316463.5,109263.0
411865.1875,281441.3125
282810.40625,6648.2001953125
343252.0,192252.09375
314803.09375,152837.796875
473016.40625,280461.1875
348305.6875,148315.59375
579208.3125,12617.0
576314.1875,12356.599609375
311014.90625,95600.6015625
578378.875,15592.900390625
243692.203125,9121.400390625
334002.5,69777.0
553626.3125,13375.400390625
586832.625,19698.599609375
583577.375,14916.7001953125
569095.6875,18326.19921875
337978.0,217183.703125
554498.875,14506.900390625
568896.3125,14700.900390625
294037.40625,8449.0
293855.6875,5423.10009765625
300885.5,18603.099609375
348083.0,164180.09375
321414.90625,78903.203125
294497.1875,7191.10009765625
397435.8125,299790.0
552341.1875,15796.099609375
336640.90625,192838.59375
313612.90625,128648.3984375
299152.1875,7717.39990234375
275852.09375,4808.89990234375
311777.5,13831.0
410276.1875,314568.1875
565097.1875,14125.7001953125
388114.3125,273351.40625
470052.09375,338488.59375
320908.40625,84864.5
298590.59375,11764.2998046875
304558.40625,15875.400390625
275605.40625,6471.2001953125
559560.3125,16976.900390625
278443.90625,6956.89990234375
318582.8125,203804.40625
295655.90625,6986.0
288600.90625,6116.5
347505.8125,117586.3984375
275215.09375,42437.0
287744.90625,24980.80078125
613214.375,19323.69921875
307107.59375,8630.7998046875
337937.90625,173411.203125
376034.6875,196218.59375
289877.6875,7988.60009765625
529737.375,71292.1015625
274612.3125,7776.0
346016.09375,22909.400390625
292391.1875,9701.2001953125
361756.90625,228044.90625
380082.40625,9258.0
300999.5,18577.099609375
579789.8125,89807.3984375
356295.59375,181705.0
431550.90625,232915.796875
299107.59375,11855.099609375
305897.40625,10010.7001953125
587850.0,13111.099609375
287015.09375,8208.2998046875
310653.1875,7440.60009765625
572733.1875,15591.099609375
318929.3125,81283.0
527006.875,69785.3984375
288165.40625,7846.39990234375
331652.90625,70706.5
340649.40625,142974.0
581019.6875,269665.59375
450704.0,313691.09375
349628.59375,15456.5
448917.40625,279052.3125
341577.0,168439.5
574616.1875,15954.7998046875
267543.09375,7762.60009765625
328028.90625,193923.703125
288143.1875,8373.599609375
285599.1875,7738.10009765625
277364.3125,6914.0
558731.375,24239.900390625
387273.59375,251948.90625
320638.6875,14374.7001953125
280307.6875,6653.7001953125
323399.40625,14939.2998046875
322718.8125,123241.203125
432146.1875,196641.90625
282186.5,7568.2998046875
491326.90625,344037.3125
578173.625,14540.2001953125
311413.3125,13843.0
468239.09375,294489.0
286698.59375,5838.2998046875
297705.8125,9562.2998046875
296612.5,19098.099609375
291420.0,11369.0
562323.5,15100.2001953125
467525.5,333661.6875
296502.5,8570.7001953125
577883.3125,16023.2001953125
357730.1875,180014.90625
598588.375,19849.30078125
308600.40625,51944.0
580162.125,18766.69921875
303272.8125,9045.0
573032.375,28463.19921875
346787.09375,161505.296875
320832.3125,131985.796875
454723.5,248429.203125
412931.5,205023.0
346973.1875,112314.296875
263475.90625,7826.7998046875
259915.59375,10828.599609375
492340.40625,264765.0
596962.5,16525.900390625
316244.0,12574.2001953125
474438.3125,247770.0
294559.90625,8118.5
290233.8125,9679.7998046875
308826.90625,8130.10009765625
305702.59375,8523.0
328341.40625,53714.5
586654.3125,17085.599609375
319829.3125,23987.900390625
376260.40625,118827.0
324529.09375,55877.3984375
289470.90625,10522.7998046875
290446.3125,6823.2001953125
267227.5,7638.7998046875
290127.90625,7180.2998046875
582047.875,15818.0
305102.3125,9671.0
282002.90625,196808.203125
491263.59375,338992.5
265161.59375,7874.7998046875
604315.8125,17154.30078125
473658.5,8912.5
298845.5,6814.7001953125
282565.5,7788.89990234375
286338.5,7272.0
387774.1875,11923.7998046875
277847.40625,10529.2998046875
629495.125,23223.599609375
639396.6875,30482.599609375
554350.375,12211.0
298152.5,8650.400390625
506843.5,337916.6875
574915.8125,15218.5
304346.90625,9348.0
556871.5,16615.69921875
262337.40625,7309.7998046875
316142.8125,126031.203125
437945.40625,327146.3125
297840.40625,10511.0
292113.59375,7064.7001953125
324755.8125,163972.0
400526.09375,199064.5
346431.3125,241663.296875
311184.0,21673.599609375
550107.0,14072.5
591994.0,17503.69921875
375419.6875,192795.296875
558303.125,13763.099609375
293036.1875,13490.099609375
270559.90625,42956.0
581756.0,14415.7001953125
306686.3125,9008.2998046875
341501.40625,163538.59375
346397.59375,8393.0
562014.375,16224.5
285686.3125,8928.099609375
316622.3125,78459.0
588555.875,17916.0
530022.875,87304.8984375
300877.0,46959.69921875
307521.40625,10330.7998046875
285269.3125,7499.2001953125
296770.6875,79606.3984375
293967.0,5785.2998046875
286459.90625,73357.296875
370528.90625,14486.0
577906.625,16418.69921875
293188.3125,15890.5
583897.875,14704.2001953125
378778.3125,179326.296875
486753.0,16105.599609375
335409.0,31598.5
278305.5,5844.7001953125
303686.5,7825.89990234375
581103.6875,15572.7998046875
310859.90625,9382.2998046875
338391.0,126778.703125
289047.0,6936.7001953125
583290.125,14157.900390625
541718.875,361169.8125
573374.8125,15373.7001953125
308133.1875,46158.3984375
296599.5,7368.7998046875
266545.40625,6420.2998046875
294800.90625,7275.0
278740.59375,6444.7001953125
533062.3125,15537.0
339144.59375,198425.5
308783.59375,38651.30078125
296645.0,7218.10009765625
291178.5,8859.900390625
271469.5,6437.0
275044.6875,7412.7998046875
563508.125,13892.099609375
377088.1875,282344.59375
366853.40625,9920.5
374164.0,188456.90625
286072.0,8220.7001953125
293246.8125,29929.5
278121.3125,7195.7998046875
376866.40625,199379.09375
296577.40625,7389.5
386878.40625,247235.59375
372304.3125,240843.5
569350.375,15408.0
302099.09375,58205.30078125
363820.3125,17657.099609375
346387.1875,258921.703125
352126.0,240207.90625
322280.5,16424.69921875
293406.0,7527.7001953125
287954.09375,7406.89990234375
473939.90625,249184.796875
294917.3125,12296.2001953125
509682.5,166596.796875
394964.40625,243062.796875
576648.375,14727.5
521862.59375,332565.6875
287902.3125,43611.0
513736.59375,369285.0
596124.125,18497.30078125
304566.0,8867.599609375
262209.0,7377.5
305579.5,8227.900390625
279208.6875,6585.2998046875
418909.40625,362281.8125
468868.59375,189451.59375
300601.6875,24124.099609375
308894.0,18410.19921875
481237.90625,266757.3125
474930.5,9761.2998046875
299712.40625,31702.30078125
276802.40625,8327.5
275251.09375,6837.7001953125
271284.3125,172976.5
303418.90625,34514.69921875
323393.09375,129025.796875
295562.3125,8790.2998046875
284892.0,12623.599609375
289493.5,7940.2001953125
296776.6875,8024.7998046875
301193.40625,14464.2998046875
592369.125,16694.599609375
305514.6875,33511.6015625
309708.0,8720.900390625
572752.8125,125600.796875
597396.875,17822.5
307293.40625,8982.099609375
549400.5,165557.203125
569066.625,16111.900390625
525938.375,249556.296875
536893.8125,24492.19921875
550910.6875,10712.900390625
332603.40625,13499.2998046875
405827.59375,14060.7001953125
596430.3125,15040.0
280639.40625,11368.2001953125
258451.59375,5720.0
399980.09375,351459.8125
585378.5,13719.099609375
311580.0,20539.5
364686.5,238689.5
499069.6875,290229.3125
591847.1875,13888.099609375
558647.375,14495.0
269090.0,13277.2001953125
310556.0,10489.7001953125
265676.0,6267.7001953125
335388.09375,140933.40625
281586.40625,6780.7998046875
531114.6875,17660.900390625
433803.0,273409.3125
297459.40625,9171.7998046875
302852.40625,10136.5
417907.3125,281154.0
540853.875,167898.203125
308287.59375,14796.0
277211.59375,16486.80078125
494085.3125,16072.7998046875
285969.5,8280.0
405971.5,9693.7001953125
303370.0,119939.3984375
559587.1875,25291.80078125
310212.09375,9808.599609375
436325.40625,352522.0
303470.0,11250.900390625
584268.8125,15796.5
269230.90625,44237.5
252106.90625,6765.60009765625
436284.40625,238091.0
244611.40625,5494.10009765625
277847.8125,6570.60009765625
323354.8125,61699.5
384079.8125,274093.40625
367893.90625,220724.5
258218.90625,6196.39990234375
311776.59375,19580.80078125
329142.3125,99515.1015625
326350.1875,113919.203125
586048.5,15450.2001953125
350530.5,210164.703125
499060.59375,244525.40625
310266.40625,7859.7998046875
453350.3125,339827.6875
585509.1875,17083.400390625
292251.90625,6011.7998046875
310265.40625,8999.7001953125
312924.09375,33392.5
287544.09375,7277.2998046875
296925.3125,10455.2998046875
329932.0,122248.6015625
478453.0,366730.40625
291545.6875,7258.7998046875
292634.59375,8185.10009765625
306552.0,185627.203125
306988.59375,107007.3984375
287875.90625,10007.2998046875
529116.3125,20651.19921875
366546.6875,247277.90625
561497.0,15783.2998046875
306591.40625,46547.30078125
607227.875,18302.0
569226.625,13709.2001953125
311225.3125,8654.0
280587.90625,40157.69921875
298825.09375,8671.7998046875
418481.3125,249979.796875
357030.0,243591.59375
271694.0,6333.5
317430.5,86408.3984375
317303.0,14924.0
280454.6875,164061.796875
382904.90625,225568.796875
304543.09375,11001.599609375
375379.1875,11758.099609375
311030.40625,8432.0
271348.0,6872.2001953125
294437.3125,7628.0
321006.40625,19788.5
394141.3125,275224.3125
542586.875,14269.599609375
574479.125,13634.5
291961.40625,7126.0
421011.90625,292005.0
318619.5,140365.703125
291816.40625,10518.7998046875
616663.3125,16755.69921875
573206.6875,17882.900390625
567801.0,16702.80078125
303007.90625,10375.2998046875
521309.59375,15917.7001953125
342360.90625,97724.203125
304419.09375,9763.0
308603.09375,8429.7998046875
360014.3125,49890.30078125
407082.5,227052.59375
319656.5,117070.203125
289813.0,7043.5
507153.59375,14265.599609375
291463.1875,9290.099609375
381507.90625,249323.0
303033.5,9520.7001953125
556905.3125,184489.5
390718.90625,235860.0
308441.0,8567.7001953125
281900.09375,11537.900390625
552723.3125,19269.69921875
569102.1875,16021.400390625
384628.90625,228471.796875
340093.90625,177484.0
588438.125,13132.2001953125
429757.3125,162778.5
255984.90625,5647.7001953125
521285.59375,199654.5
548373.625,15766.2998046875
419015.3125,205560.796875
300770.0,9240.0
299724.5,11144.7001953125
303897.5,30141.900390625
282354.5,5841.0
584834.6875,16311.2998046875
303235.40625,11226.2998046875
603411.1875,17046.099609375
587059.375,20049.5
492053.0,325822.40625
585205.875,19512.0
247338.90625,44193.6015625
314678.59375,16534.0
304276.40625,7099.0
331008.5,77764.203125
290751.59375,18186.900390625
319535.90625,72202.296875
372064.8125,200007.703125
305335.0,58493.80078125
429272.90625,361428.8125
310766.90625,9084.0
367734.09375,232794.703125
575412.625,18296.0
287696.59375,8005.7998046875
320336.3125,59689.80078125
582350.5,17367.5
553631.5,94606.703125
309967.0,16969.400390625
257162.703125,6406.2998046875
588002.375,139131.796875
401950.90625,272207.0
296407.8125,9403.0
389209.3125,302350.8125
488312.1875,284892.0
584304.6875,16583.0
529567.375,256583.59375
362436.0,281923.40625
512858.90625,15748.7998046875
559597.3125,15171.2998046875
558427.0,256156.40625
287924.40625,56142.30078125
530872.1875,276537.40625
245794.59375,4987.2001953125
279433.5,7414.0
295015.1875,9035.599609375
269426.09375,6669.7001953125
381220.90625,225505.09375
443254.0,337022.8125
357145.90625,86075.703125
320863.3125,62026.30078125
530570.6875,379925.5
403235.6875,217164.0
307219.40625,15860.599609375
390337.0,277032.90625
374693.90625,265880.3125
261524.203125,6820.10009765625
308398.40625,44934.80078125
289050.6875,6147.10009765625
581202.6875,14858.400390625
567636.6875,14268.2998046875
287348.59375,7253.7001953125
513023.1875,259222.09375
288561.59375,7761.7998046875
519959.6875,330963.0
293424.1875,114591.5
297710.40625,37325.6015625
294562.90625,8704.7998046875
545383.5,13879.900390625
413630.6875,247389.09375
320855.6875,114036.796875
297883.0,7134.0
445786.1875,283112.09375
555498.625,14156.2001953125
287674.40625,5638.60009765625
592643.0,15935.2998046875
321603.90625,91985.703125
294705.3125,78377.203125
428315.6875,336891.40625
280428.90625,137931.203125
337080.0,162332.703125
289499.59375,7562.89990234375
367466.59375,211842.296875
563663.125,15743.0
314597.8125,76412.6015625
294433.3125,113444.796875
577230.6875,22986.5
496604.6875,344857.5
279994.40625,6873.60009765625
302620.0,8146.89990234375
257672.296875,7347.7998046875
421917.0,353463.40625
303276.6875,60371.6015625
367964.90625,197702.796875
570333.1875,23919.599609375
358719.1875,152411.90625
304237.1875,109815.296875
297132.5,8337.0
546125.625,13752.2998046875
564248.6875,13554.0
578960.875,20211.099609375
347286.5,175097.40625
550905.875,14523.7998046875
300180.1875,8514.400390625
294398.59375,8033.7001953125
332139.0,97663.0
284111.59375,6328.2001953125
591134.375,17239.599609375
537456.5,14687.2998046875
249452.90625,7647.2001953125
282566.8125,6559.7001953125
469866.6875,347347.5
598115.625,16539.400390625
369663.59375,214424.796875
326364.3125,98928.6015625
285334.09375,8443.900390625
277287.8125,6698.0
382862.40625,241433.703125
295298.90625,31189.0
336652.09375,59550.0
294685.09375,17916.69921875
569624.5,14031.2998046875
403193.59375,310971.0
298509.0,64779.8984375
265606.90625,6302.39990234375
573624.1875,119242.5
553503.625,13851.7998046875
343875.8125,107787.296875
541320.6875,15246.0
288851.90625,7399.10009765625
566045.5,17148.400390625
462448.90625,287194.8125
580851.3125,39753.80078125
429312.0,281975.90625
298861.6875,39171.1015625
299584.40625,8644.2998046875
272251.1875,7833.89990234375
288286.09375,15516.2001953125
365329.59375,178365.296875
531633.6875,19318.0
534646.1875,198695.5
300305.40625,73760.6015625
591130.5,17277.900390625
261160.0,7561.89990234375
306832.6875,9452.099609375
552721.375,15569.7998046875
354642.1875,178446.09375
393854.6875,286224.40625
290516.59375,5325.7001953125
335475.0,99749.0
446276.09375,197764.203125
311189.90625,148299.09375
312411.0,16525.30078125
561322.375,14527.2001953125
266476.1875,6475.7998046875
300262.1875,10765.5
577199.375,13659.2001953125
593601.0,21907.69921875
573009.625,13864.900390625
557866.125,15118.5
584501.8125,17294.099609375
358653.59375,181701.90625
309643.40625,52977.19921875
560979.1875,179480.0
355961.40625,142833.0
616476.125,40098.0
322080.59375,67599.703125
282093.5,7014.7998046875
341864.09375,126977.0
582319.0,44622.3984375
545047.8125,219025.296875
553453.875,15267.400390625
519548.1875,320972.5
308795.5,21450.69921875
314054.3125,15182.5
471382.09375,9948.7001953125
305149.40625,64261.1015625
283353.3125,7844.2001953125
359984.90625,141781.296875
567317.3125,14812.7998046875
350678.09375,134633.296875
528244.1875,310552.5
285438.1875,10755.5
584211.375,14882.099609375
469626.90625,270601.8125
245303.796875,7739.2998046875
431217.5,307451.90625
396457.1875,239461.59375
285388.90625,17702.80078125
424987.6875,305231.8125
268071.0,9790.0
529672.125,254672.203125
369671.40625,227564.59375
326924.6875,79848.3984375
448221.1875,301860.8125
581446.125,15452.2998046875
282216.3125,7605.2998046875
458501.1875,302004.0
281913.6875,8037.0
529467.875,267624.59375
430547.5,17292.400390625
469343.40625,374306.8125
551830.8125,35832.30078125
577396.1875,299498.09375
563726.875,16055.7998046875
375207.6875,206828.09375
250820.203125,7607.39990234375
280433.6875,7194.2998046875
303576.09375,11228.7001953125
309114.0,10791.0
288119.09375,6299.7001953125
565534.875,19333.099609375
291227.0,8483.7998046875
549021.3125,14399.7001953125
276893.6875,37774.8984375
283569.1875,7820.7998046875
399294.6875,300370.0
317766.40625,89884.703125
576338.0,15318.2001953125
314275.59375,14896.7998046875
288106.59375,5411.5
292112.8125,36063.1015625
377035.09375,274807.40625
579637.8125,15396.5
411535.90625,254740.203125
296779.8125,8646.0
546995.375,380947.0
488074.09375,14438.5
507643.59375,19470.69921875
267774.0,7136.7998046875
577706.125,15957.5
263190.5,12664.900390625
409924.3125,262837.3125
571417.375,14932.400390625
579048.125,16865.30078125
303208.8125,47073.30078125
517806.6875,270879.0
529843.875,203351.09375
549764.0,20215.900390625
583056.375,16731.80078125
374539.3125,244483.796875
241201.703125,7107.60009765625
263432.1875,38161.6015625
592265.0,14564.5
302654.6875,83751.6015625
592042.375,17996.099609375
289343.40625,7617.2001953125
456817.3125,278787.6875
289034.1875,8351.400390625
329121.59375,130974.796875
561490.8125,14306.7998046875
391187.6875,163350.5
424123.6875,300211.0
300592.40625,7416.10009765625
584276.5,15535.400390625
283272.90625,6176.7998046875
271525.3125,6059.7998046875
274879.0,24876.900390625
557014.6875,15106.599609375
530231.375,16248.2998046875
552621.6875,14444.900390625
358425.6875,293635.8125
456733.59375,197750.203125
450570.5,167003.0
553765.1875,13850.099609375
285204.90625,8206.099609375
357921.8125,174242.703125
490489.1875,288129.90625
570601.6875,273898.8125
305342.90625,11067.2001953125
583506.0,17142.69921875
294140.59375,8892.900390625
325175.09375,89533.296875
341435.09375,168000.796875
415994.3125,304127.8125
304639.6875,8020.5
579764.1875,13287.5
301710.90625,9166.599609375
551082.0,14365.900390625
297369.3125,8805.2998046875
534227.0,449058.90625
343386.6875,44480.1015625
456404.6875,317305.59375
385892.6875,231833.40625
288029.1875,7614.7998046875
571980.625,312688.6875
307481.5,7744.5
578424.6875,17995.099609375
334544.09375,8849.2001953125
322624.40625,105883.6015625
509292.40625,215149.703125
279064.1875,5934.89990234375
286320.1875,152506.0
561112.125,14948.2998046875
289158.3125,31749.80078125
359441.1875,7866.0
470418.6875,314043.0
336217.5,55359.3984375
589622.375,20106.80078125
474185.0,226326.90625
313792.90625,25264.80078125
327962.1875,117944.1015625
309799.1875,12631.900390625
301713.6875,7603.2998046875
286111.5,7926.5
373001.6875,257603.59375
311196.40625,90493.6015625
576309.5,14634.2998046875
551338.875,223887.203125
293025.1875,30980.80078125
289669.40625,7624.2001953125
436400.5,13900.7001953125
580649.125,14425.900390625
441985.09375,18362.30078125
560385.8125,15281.099609375
556679.625,11775.900390625
540544.125,17816.80078125
583782.3125,15375.2998046875
539540.5,225904.40625
386409.40625,248714.796875
528087.3125,298331.3125
332880.1875,50772.1015625
441702.1875,303200.90625
285199.1875,9863.7998046875
289198.59375,11412.7001953125
293045.09375,8638.2001953125
572055.0,14775.2998046875
308527.0,39171.5
377405.1875,204756.296875
348014.5,153304.203125
569976.0,15683.2998046875
244791.40625,22647.80078125
296301.0,7105.0
480127.8125,256732.0
269375.59375,6222.2998046875
392341.09375,248486.203125
594997.375,15270.5
574392.0,14970.5
304994.3125,8215.0
330975.59375,18910.80078125
613166.6875,21604.900390625
554693.8125,15478.099609375
339450.6875,121606.703125
336873.90625,7163.2001953125
340389.90625,115385.3984375
288907.90625,8712.400390625
523656.3125,14283.599609375
363273.0,133013.90625
400588.09375,226046.796875
542654.125,12091.5
578723.5,16032.2998046875
574782.3125,17990.400390625
277401.40625,6826.2998046875
572217.8125,121552.1015625
531468.5,350979.09375
314483.90625,15439.900390625
295579.1875,7751.2998046875
304699.5,7502.2001953125
302468.5,7484.7998046875
321661.40625,185855.296875
282291.90625,6003.2998046875
331378.09375,135873.296875
361770.90625,266978.5
573052.0,14739.5
569989.3125,189148.0
512842.8125,28862.599609375
596675.0,60165.6015625
564291.5,265010.0
309270.90625,59312.8984375
455815.6875,327510.3125
373897.0,255873.703125
572718.5,16282.2998046875
323232.5,101286.5
280512.8125,67018.5
521344.40625,11094.2998046875
602026.625,15095.7998046875
303047.09375,6531.7001953125
291762.40625,6656.0
384051.5,233755.5
418561.8125,186897.5
290485.09375,6270.2998046875
608718.6875,16418.900390625
503049.6875,298431.3125
292013.40625,7272.39990234375
569658.8125,14654.599609375
448532.1875,233379.40625
286656.40625,8601.599609375
268358.40625,15749.7001953125
359669.40625,153333.90625
546401.8125,114094.6015625
565927.5,14620.400390625
465092.40625,233324.09375
340069.09375,101403.296875
584231.125,15890.5
407990.8125,203494.59375
283865.5,6412.60009765625
517736.5,16304.5
263011.40625,8649.900390625
375941.1875,254439.296875
280051.0,6568.2001953125
306451.0,8270.7998046875
388339.40625,296418.8125
290461.0,8008.5
293028.59375,8283.7998046875
358873.09375,185535.203125
402585.3125,280211.0
303904.1875,7817.39990234375
335100.8125,19614.599609375
267395.1875,7109.2998046875
314420.6875,14951.900390625
372234.8125,261684.09375
385194.5,283936.59375
283961.40625,6836.89990234375
312419.1875,13290.7998046875
279787.0,8069.2001953125
576212.5,12222.2998046875
577249.875,13678.2998046875
347911.0,216399.0
252344.296875,8315.5
284544.40625,6326.2998046875
609833.625,16700.30078125
553441.625,14201.2001953125
303586.90625,10031.5
367475.0,191476.5
572753.625,135373.296875
577758.8125,13369.599609375
563779.6875,254498.796875
592548.875,14554.900390625
561748.1875,15082.2001953125
309963.0,7191.60009765625
319228.0,63996.5
548302.375,21860.900390625
301028.6875,8768.7998046875
491596.0,238607.203125
300861.5,11181.2998046875
298232.90625,6791.7998046875
445436.3125,127306.5
304078.40625,26126.30078125
285409.59375,6138.7001953125
310073.0,9683.0
264246.8125,13306.5
328644.0,113066.6015625
302605.1875,74372.296875
295580.0,8508.2001953125
549428.5,12681.7998046875
307034.40625,8095.7998046875
286848.0,7196.5
434648.8125,11186.5
302068.90625,31254.30078125
313230.59375,72225.296875
334468.0,95098.6015625
286853.5,7153.0
430698.40625,9994.400390625
496596.0,287499.1875
372462.5,250512.296875
498930.3125,230387.09375
362283.5,144706.09375
587528.5,32670.5
327242.40625,111913.8984375
261842.703125,11383.7998046875
279615.0,7192.7001953125
343193.5,105217.796875
559539.875,376507.3125
467405.0,283195.5
337934.3125,98907.6015625
583509.5,14558.099609375
307654.0,116747.5
299455.40625,9702.900390625
311835.6875,12113.2998046875
359024.0,193114.703125
292405.90625,32278.80078125
303671.5,7224.0
276716.8125,63776.5
481381.90625,329778.8125
567210.625,45866.80078125
431626.90625,15578.0
296325.0,17550.0
527746.8125,280100.5
269164.3125,112674.6015625
548029.6875,150043.796875
538072.3125,235286.59375
298666.6875,7205.2001953125
469778.90625,11567.599609375
470429.90625,246582.90625
303475.40625,25883.400390625
581734.3125,14126.599609375
477623.5,77212.3984375
303130.40625,8644.099609375
304262.09375,7179.0
546712.625,12872.400390625
265212.0,6473.7998046875
477207.8125,259967.40625
376034.40625,248748.796875
487887.0,291653.09375
474399.5,419917.0
486061.6875,260940.703125
470139.40625,310509.09375
375450.3125,228709.59375
341687.0,136277.09375
585710.5,107388.0
567121.375,15117.900390625
302129.5,8491.2001953125
537190.0,312605.8125
528631.375,9048.7998046875
292290.8125,12160.5
256069.90625,8654.7998046875
503543.59375,324482.1875
397552.0,284387.5
515669.59375,187532.296875
560585.1875,14509.400390625
264364.6875,5824.2998046875
597771.375,14717.900390625
487860.0,357521.09375
440902.40625,346974.90625
364535.0,222897.796875
263219.40625,43291.80078125
304643.40625,134574.296875
564703.125,15059.2998046875
547462.125,261689.203125
267596.5,8665.0
366202.3125,222165.0
395173.3125,280792.59375
314722.90625,37003.8984375
582495.3125,15689.599609375
301955.1875,16021.7001953125
283075.40625,7654.60009765625
554296.875,15217.2001953125
300758.40625,9320.900390625
533535.375,15649.900390625
288245.40625,7079.60009765625
572602.125,183805.796875
298778.09375,8631.5
308103.8125,9436.400390625
431289.59375,321560.90625
551155.3125,294825.59375
528533.5,12660.599609375
590589.5,12677.0
547944.1875,13752.2001953125
587828.125,17511.599609375
521463.0,287820.8125
288515.3125,8280.2001953125
246374.90625,8844.099609375
387909.3125,295717.09375
445685.0,170314.296875
568355.125,15190.7998046875
445445.59375,172548.90625
581941.0,15014.2998046875
315633.90625,213453.296875
518017.3125,293711.0
586374.8125,73857.0
498399.40625,339190.3125
569504.3125,14831.2001953125
426019.59375,276363.6875
297248.5,9841.7001953125
592134.6875,18185.900390625
536709.125,226840.5
290299.8125,8713.400390625
294775.8125,8957.400390625
282669.6875,6892.39990234375
276705.09375,8976.7998046875
413943.3125,278517.59375
571370.875,15426.2998046875
510523.8125,13223.0
289468.3125,7708.7001953125
436823.59375,244397.203125
279196.5,6249.0
555423.125,32420.5
400462.3125,332868.59375
283893.6875,9509.400390625
547375.3125,17926.900390625
570618.3125,15335.900390625
412959.6875,343578.1875
310923.1875,51971.80078125
316817.0,54208.3984375
405359.1875,328292.09375
294687.09375,6721.2001953125
309176.8125,69983.203125
560677.6875,18043.900390625
361657.1875,195793.40625
581574.125,15906.7998046875
485719.8125,358561.59375
577773.125,16877.599609375
353196.09375,124297.203125
384316.40625,273610.8125
289303.0,37349.5
528233.6875,258687.5
308418.09375,9869.599609375
574957.8125,14959.7001953125
410980.6875,214268.0
309538.40625,12344.900390625
317762.59375,116471.703125
594753.875,16965.80078125
455897.5,203650.203125
302865.1875,11685.5
291828.1875,8461.099609375
515095.90625,274697.0
539452.125,10571.400390625
308403.5,112733.296875
314019.09375,30851.900390625
292362.59375,6045.89990234375
279499.8125,6754.0
313671.3125,64762.0
288097.8125,6636.60009765625
528213.5,341617.0
305743.0,11993.7998046875
375483.59375,234847.40625
499740.8125,293138.5
264037.40625,53327.80078125
280954.59375,6344.7001953125
421761.0,210546.703125
506275.3125,14747.599609375
435864.5,282073.5
591840.1875,14566.900390625
566351.625,13579.5
372631.8125,276510.09375
284779.1875,6690.39990234375
398056.8125,212393.90625
411197.8125,226397.90625
561485.1875,17335.900390625
533765.1875,14809.2001953125
582600.1875,15408.7998046875
282546.59375,6567.7001953125
501449.6875,414416.90625
555542.6875,17959.900390625
284476.09375,8202.7998046875
275404.59375,9597.599609375
577268.625,280807.6875
291529.6875,8820.099609375
304052.40625,39527.30078125
292338.5,8859.5
300332.59375,32737.099609375
322996.3125,78352.703125
370431.1875,17540.0
572408.8125,14999.7001953125
372398.59375,254706.203125
573371.625,15267.2001953125
305685.40625,9709.2998046875
581163.6875,15483.5
338294.6875,140460.09375
437301.40625,395093.0
562040.3125,13617.099609375
352032.09375,236503.40625
320620.90625,156245.296875
245478.296875,8288.5
383566.90625,233091.796875
561562.125,19735.69921875
329640.0,204912.203125
288564.8125,48995.1015625
323185.1875,16027.400390625
295804.6875,8570.900390625
441685.1875,293997.40625
563957.125,275997.3125
313762.1875,100467.203125
378516.1875,249131.296875
359931.5,141225.90625
300119.1875,8552.599609375
451335.59375,337851.1875
475505.5,10808.2998046875
305613.8125,8128.60009765625
562381.125,13932.900390625
303162.90625,8556.2998046875
517303.8125,23570.5
505852.40625,408184.8125
307102.3125,16913.19921875
463964.59375,231064.703125
492362.3125,367394.59375
309869.5,13783.0
294043.09375,65697.0
522002.3125,219313.90625
272077.1875,8458.400390625
329963.59375,129843.796875
467235.1875,413767.8125
423371.5,246549.40625
412042.6875,358325.59375
575516.125,15777.7001953125
334528.3125,114226.703125
294492.1875,11583.900390625
307530.09375,31752.30078125
531732.125,316767.59375
502653.59375,121957.703125
583077.6875,15802.099609375
328648.40625,150604.296875
593282.0,25726.5
291229.1875,8354.0
330434.59375,156694.09375
489490.3125,303588.6875
414131.59375,253770.5
324319.3125,197342.703125
377197.59375,244410.703125
282544.40625,7144.89990234375
303754.8125,36829.80078125
258408.59375,7575.7001953125
310711.40625,46476.30078125
553779.0,16817.19921875
564199.875,14295.5
583224.375,15495.5
305203.5,9178.7998046875
529770.3125,311977.59375
568850.625,88620.3984375
387348.40625,249373.296875
295391.3125,8768.5
300526.90625,9353.7998046875
594921.8125,18449.69921875
334153.0,35209.19921875
376089.3125,272571.59375
376322.0,195403.0
269198.6875,5497.89990234375
393031.59375,275424.0
292357.8125,8458.599609375
292658.1875,7886.89990234375
387646.5,26019.80078125
510792.3125,342420.59375
284563.90625,8025.7998046875
577653.8125,233015.5
542215.125,15583.2001953125
299064.5,8838.7001953125
423352.8125,256888.59375
337260.5,154219.5
310977.6875,25132.400390625
312190.59375,117709.5
325540.8125,174630.59375
253650.203125,4934.89990234375
532970.3125,14042.900390625
295397.1875,8079.89990234375
563736.625,14239.7998046875
429712.6875,331840.1875
468430.1875,367394.8125
289331.0,25135.900390625
519288.6875,217806.09375
504731.59375,308481.6875
579381.8125,15360.7001953125
282109.1875,6253.39990234375
286190.6875,14400.900390625
457281.09375,11570.7998046875
366646.3125,273101.59375
447522.59375,236953.59375
332257.1875,192545.09375
297839.90625,9048.2998046875
297023.09375,10641.099609375
543957.8125,11572.7001953125
276889.3125,7889.7001953125
277987.09375,5517.7001953125
577977.875,15410.400390625
304398.09375,16865.19921875
552959.375,11472.2998046875
282792.6875,9063.0
306085.6875,12863.599609375
269231.0,75070.796875
565546.625,16068.2001953125
334978.09375,20388.5
343827.0,70935.796875
293613.09375,6581.39990234375
360321.40625,46673.80078125
321538.3125,36297.0
456329.40625,13580.7998046875
335358.8125,218018.203125
480505.09375,88037.703125
344896.5,109642.203125
314212.5,32251.0
588442.6875,18202.900390625
427419.09375,384275.5
297530.8125,10499.599609375
264341.8125,6670.10009765625
296890.59375,7545.89990234375
309276.40625,18922.80078125
564096.8125,13252.0
269170.8125,7426.0
506382.8125,14229.7001953125
313380.0,13012.0
255226.09375,6034.5
291696.8125,16637.599609375
310928.6875,11114.400390625
559169.3125,181352.40625
480721.1875,268388.90625
569093.625,19802.30078125
309397.1875,40184.19921875
312787.09375,9931.7001953125
289876.1875,41613.8984375
293057.1875,8569.900390625
372590.09375,17216.80078125
314489.8125,10447.599609375
345065.59375,185053.203125
577647.875,47192.30078125
439478.40625,346744.3125
298517.5,8222.0
297187.6875,18253.5
333732.09375,11384.099609375
276290.8125,7635.7001953125
314092.59375,52346.5
467590.6875,318380.0
276434.40625,5826.39990234375
350267.8125,140855.296875
289601.09375,6420.2001953125
375351.90625,228449.296875
329285.0,200074.703125
316543.1875,11207.5
290450.1875,6640.10009765625
488443.40625,223915.0
351668.09375,190013.90625
354785.09375,231536.90625
347357.59375,176264.703125
292139.59375,7388.0
524965.0,15592.099609375
286838.40625,6438.10009765625
297100.90625,10628.400390625
568417.625,15248.2998046875
457653.90625,373365.8125
295625.8125,8047.5
292384.3125,6730.5
329073.90625,68531.296875
288636.8125,7136.7001953125
289613.59375,6837.2001953125
569661.1875,14464.900390625
398964.09375,276963.0
283299.8125,8660.099609375
276193.1875,7305.39990234375
335208.3125,117310.3984375
414125.0,238302.796875
599601.3125,17311.099609375
577905.125,13684.400390625
435616.90625,255436.296875
405504.8125,255514.0
307019.3125,58855.0
455443.40625,344702.3125
296993.8125,6798.7001953125
282875.59375,7309.2001953125
567144.0,13646.7001953125
585327.0,15522.5
285239.6875,6719.39990234375
303451.59375,8371.0
277881.8125,9118.099609375
283309.3125,7696.89990234375
297545.3125,12198.900390625
546615.625,13603.7998046875
561683.6875,18603.19921875
316793.1875,17610.80078125
311224.5,212346.90625
322902.59375,106362.703125
312752.3125,28983.69921875
451796.09375,302969.8125
256033.296875,9082.599609375
519933.59375,327000.1875
383286.1875,230974.59375
580320.375,17214.80078125
543082.0,396607.0
308838.1875,13255.0
491233.59375,291629.0
345506.8125,206978.203125
339044.8125,140294.296875
293699.40625,5279.2998046875
291656.0,29813.80078125
303777.8125,13392.599609375
522015.59375,268863.40625
410953.8125,294898.5
300356.8125,37961.5
606023.875,17365.80078125
281321.09375,7215.2001953125
279723.0,92213.203125
401301.3125,312780.59375
284408.59375,7899.0
522257.8125,318959.59375
389483.8125,124504.8984375
585759.1875,15648.400390625
404144.09375,320131.3125
292859.6875,9063.7001953125
306184.6875,9655.7998046875
305204.5,15311.900390625
297980.5,7225.7998046875
574979.125,14346.900390625
373390.90625,310919.8125
313820.8125,33832.5
332339.90625,23219.80078125
296090.3125,7009.7001953125
590194.125,13789.7001953125
286432.5,6209.2001953125
416598.3125,169828.59375
558722.5,15255.5
291776.6875,7095.39990234375
572021.1875,94192.8984375
326651.8125,62324.8984375
351195.8125,213632.90625
574570.1875,10481.900390625
324218.59375,101990.796875
305862.6875,40994.69921875
586466.5,15672.400390625
414001.6875,304482.59375
594907.625,16970.69921875
300581.1875,7964.89990234375
579168.1875,20036.900390625
280165.59375,12398.2998046875
300932.3125,8185.60009765625
316186.59375,15191.099609375
506752.40625,347266.3125
299647.40625,7979.7998046875
280248.0,13757.7998046875
485724.3125,316605.09375
293634.09375,7420.39990234375
352767.90625,184618.796875
594420.8125,17710.0
365502.0,249019.203125
320420.6875,19889.400390625
285563.09375,7298.5
367246.8125,163556.09375
552214.6875,11574.400390625
287438.3125,7432.89990234375
459404.1875,11135.900390625
386257.59375,218804.296875
349143.6875,128009.203125
527497.0,266086.40625
283337.6875,7341.10009765625
286511.09375,6026.7001953125
559253.3125,14656.7001953125
316320.6875,47352.3984375
323359.09375,43478.6015625
260161.203125,8147.60009765625
435280.40625,309754.3125
444080.1875,336868.5
293340.90625,7885.39990234375
301030.8125,12202.400390625
363934.90625,218953.703125
433532.3125,128235.796875
317877.1875,102631.703125
575925.0,14346.599609375
318185.59375,28392.599609375
258672.703125,13489.2998046875
569034.8125,16174.2001953125
307034.8125,8715.2001953125
287943.6875,7099.5
570589.1875,14639.900390625
283887.5,7713.0
591411.625,14537.7001953125
295290.59375,7193.89990234375
596098.625,14735.2001953125
544884.1875,16093.7998046875
267342.09375,8569.7998046875
581025.1875,17416.099609375
325408.40625,119984.8984375
303770.3125,8853.900390625
461651.90625,284258.6875
306440.3125,7053.7998046875
586528.5,25386.30078125
291643.6875,9025.2001953125
302711.59375,10659.599609375
322680.6875,179389.796875
303793.8125,8790.7001953125
275374.3125,61493.19921875
586582.3125,197564.703125
309500.6875,11748.0
256857.703125,6447.89990234375
471276.0,339546.0
554440.125,14311.2001953125
316579.5,80025.296875
586244.625,17123.69921875
574116.6875,40309.30078125
556063.1875,15571.7001953125
572966.6875,16931.400390625
554170.0,11409.2998046875
416005.59375,306594.09375
339231.8125,16877.69921875
596010.6875,267321.5
446000.59375,331842.59375
361427.1875,191218.59375
312591.1875,13995.099609375
306183.90625,7555.2998046875
292215.8125,6190.39990234375
544811.875,35019.3984375
547753.8125,205455.40625
298230.59375,8834.900390625
313737.3125,13996.2998046875
316654.1875,15525.2001953125
289731.0,9430.599609375
592427.1875,15342.2998046875
308735.8125,9072.2001953125
299346.3125,7034.7001953125
585441.8125,15206.7001953125
315893.09375,11387.7001953125
554304.5,12928.7998046875
455413.09375,294765.90625
302262.6875,48036.19921875
374874.59375,232461.203125
549981.625,12604.7998046875
324204.6875,17066.69921875
592590.6875,15605.400390625
360099.1875,217136.59375
306578.3125,10407.900390625
581015.125,13824.400390625
430605.90625,251016.203125
386804.8125,249434.296875
514166.5,176264.296875
453197.59375,34135.1015625
290459.8125,20741.69921875
298482.3125,13394.2001953125
294256.3125,7766.2001953125
607942.1875,21302.0
520322.6875,268146.90625
283659.8125,6617.60009765625
328388.59375,140582.703125
287378.59375,96430.8984375
310521.1875,90529.703125
291028.09375,8520.7998046875
306605.6875,8401.400390625
286186.1875,22853.099609375
287539.90625,9645.900390625
380223.3125,269068.40625
248550.40625,6708.2001953125
342012.3125,166072.296875
299483.0,8260.7998046875
275606.6875,6558.2001953125
552128.0,12906.599609375
373131.59375,217925.59375
574093.3125,13693.2001953125
287739.6875,9758.5
513166.1875,247079.40625
412814.3125,291453.09375
567369.5,15665.2998046875
540729.625,310153.40625
588857.6875,17562.69921875
577689.125,16007.099609375
292837.3125,8580.2001953125
529526.6875,15751.5
523945.6875,13595.099609375
532222.8125,337514.6875
298453.3125,117125.3984375
310729.5,32955.3984375
429957.6875,11425.900390625
472679.90625,259243.796875
268643.59375,7560.39990234375
269921.6875,7376.2001953125
598271.6875,16643.5
252020.796875,7550.7001953125
407797.5,262525.59375
578372.5,15226.400390625
478878.5,322114.09375
549573.6875,110831.1015625
568720.8125,15005.400390625
467624.09375,354713.90625
550757.5,13852.2998046875
568840.1875,12122.2001953125
571474.5,16499.099609375
541995.125,245967.09375
439315.3125,276118.6875
244708.796875,8246.7001953125
567428.6875,13457.5
288138.0,39558.5
289708.3125,6744.10009765625
545008.625,172397.703125
352842.5,225884.796875
537576.1875,13763.599609375
570107.8125,14682.400390625
379104.90625,295551.1875
413479.3125,283726.8125
296653.6875,187642.703125
296467.5,9164.099609375
305177.59375,7808.60009765625
456470.1875,325747.3125
369594.3125,51532.69921875
559503.8125,14558.099609375
566603.125,15895.2001953125
366978.5,180835.296875
453601.6875,12347.2001953125
609741.6875,18281.30078125
301629.09375,21689.30078125
374315.1875,258806.203125
506939.5,277370.8125
586484.125,14789.599609375
328288.6875,126744.0
350999.1875,189096.09375
346880.8125,11782.2001953125
280646.5,9422.400390625
300576.1875,7041.89990234375
306892.40625,10050.7998046875
417548.59375,14066.900390625
410245.3125,297635.90625
580384.0,292492.6875
248084.703125,7403.0
572598.3125,15505.7001953125
581099.0,232450.09375
448041.0,329952.40625
401974.40625,253347.09375
296207.5,42730.1015625
309224.59375,12826.599609375
590898.1875,15937.5
496498.90625,14370.2001953125
314722.1875,106274.6015625
292592.3125,9756.400390625
338020.40625,107662.703125
256053.0,7935.7998046875
271949.6875,7444.7001953125
340229.0,122273.1015625
282180.09375,217455.59375
278331.8125,6705.7001953125
575261.3125,14225.2001953125
372139.6875,252018.09375
554328.3125,14076.400390625
450153.59375,330730.90625
526549.375,323557.6875
456664.3125,307306.3125
289105.5,7483.7998046875
305215.1875,122607.203125
442161.5,343629.09375
584522.625,118854.1015625
541313.3125,125587.703125
588812.8125,15978.2001953125
272966.1875,5547.5
449366.1875,344534.40625
330114.0,123254.0
586300.8125,13703.599609375
307046.09375,7199.7001953125
564129.1875,13554.7001953125
293955.09375,9118.2001953125
403460.6875,345808.8125
573694.125,18876.30078125
308952.6875,10044.7001953125
516029.6875,16152.900390625
288428.0,6953.2998046875
306283.09375,7849.10009765625
369515.3125,211632.703125
282325.6875,8775.0
315928.6875,160333.09375
364579.6875,159789.09375
430814.3125,295075.6875
290414.90625,7951.2998046875
256064.296875,7175.89990234375
428776.40625,286726.6875
433666.3125,325210.3125
326352.6875,121813.6015625
373696.59375,340893.40625
296528.90625,13142.2001953125
578653.8125,311163.8125
288297.0,6786.7998046875
550358.0,17887.099609375
421710.59375,332976.59375
481324.8125,368044.6875
431403.6875,268190.5
319340.5,44661.0
563791.8125,142965.59375
307850.09375,13830.2001953125
567663.0,16338.2998046875
299818.59375,6927.39990234375
286223.6875,6727.7998046875
364633.59375,191573.796875
350326.6875,119015.703125
486679.0,390376.8125
444395.59375,258912.59375
417220.8125,324014.6875
410083.6875,316930.5
278886.1875,7147.10009765625
289110.6875,6233.60009765625
564598.8125,11845.7001953125
329960.6875,116548.6015625
298728.90625,11744.900390625
395873.3125,240333.90625
596476.125,18343.900390625
343957.40625,181382.703125
285740.8125,7769.2998046875
369869.5,19215.80078125
270758.1875,9504.7001953125
389698.5,251635.59375
281231.8125,6989.7001953125
301268.8125,7345.7001953125
452431.8125,243430.203125
327880.6875,194850.5
386362.6875,9841.400390625
301455.09375,10767.7001953125
347920.6875,157747.703125
285936.09375,5184.2001953125
245997.203125,7259.7998046875
275990.6875,6353.89990234375
560944.375,12808.900390625
405084.3125,263051.90625
297715.90625,8216.7001953125
303366.5,9737.7998046875
389318.1875,280086.1875
561086.5,14510.099609375
323543.59375,56985.6015625
245067.796875,10055.7001953125
379239.3125,281293.6875
326937.6875,92237.8984375
343191.5,156122.5
525986.3125,11460.099609375
521397.09375,15165.2001953125
501514.5,188597.796875
431368.09375,250969.703125
346814.59375,127976.296875
306169.6875,10151.2001953125
342300.1875,11007.400390625
290288.0,12957.7998046875
265072.59375,6829.10009765625
568005.8125,12830.2001953125
309047.6875,13468.5
420515.6875,12639.599609375
367109.8125,184682.203125
486012.90625,334087.3125
328287.5,53391.8984375
301029.1875,16035.599609375
354139.8125,218124.40625
292198.59375,10225.900390625
576088.3125,17561.30078125
591720.5,18205.80078125
303408.1875,7594.7001953125
317118.5,13562.099609375
595096.125,15009.099609375
294319.8125,5828.7001953125
317881.3125,131213.703125
422927.8125,311681.40625
368462.40625,253573.296875
596280.3125,19202.30078125
303742.3125,179762.09375
286788.5,5308.2998046875
439290.90625,296398.8125
514928.40625,364538.6875
509359.40625,337357.3125
285738.1875,11908.900390625
592579.375,15012.7001953125
372185.1875,274220.6875
356171.1875,201077.09375
347768.5,130662.203125
311148.09375,188714.5
282234.6875,7580.2998046875
309933.3125,10751.5
356180.6875,240844.203125
580794.125,13170.900390625
312286.8125,8877.900390625
354921.1875,132421.90625
538362.3125,12737.2001953125
336645.40625,25148.900390625
305933.6875,145095.40625
312823.09375,20524.099609375
363788.90625,118043.296875
401897.8125,258947.296875
542339.875,14926.2001953125
313659.59375,38768.69921875
240012.703125,6416.7998046875
301265.90625,7714.2998046875
261678.796875,8867.400390625
349466.40625,170551.296875
264686.3125,122040.796875
412895.3125,264510.09375
299599.5,152299.796875
239684.90625,6552.2998046875
295301.40625,6496.2001953125
371449.1875,19046.30078125
357883.90625,175194.296875
295925.6875,9222.400390625
311637.6875,59987.8984375
458518.90625,301150.1875
421825.0,306261.8125
393035.6875,264375.1875
283159.40625,8951.7001953125
463297.6875,278316.59375
539342.0,192365.703125
590581.3125,15684.2998046875
298824.90625,8071.7998046875
574760.625,16836.5
259891.703125,77527.296875
293220.8125,8276.5
296756.1875,8335.2001953125
321276.09375,20970.900390625
320994.6875,44880.80078125
516035.3125,216783.40625
591926.6875,15236.900390625
573576.125,58663.3984375
307613.6875,9256.099609375
261153.40625,20587.900390625
310839.1875,141459.5
383868.1875,286262.6875
279877.8125,6135.39990234375
331356.40625,88574.296875
295615.8125,6901.10009765625
577924.0,14239.7998046875
416067.40625,250627.296875
285476.40625,6021.7001953125
300815.09375,9156.2001953125
402633.1875,238107.296875
243835.40625,5616.7998046875
288780.1875,12040.400390625
398238.6875,252041.40625
267747.40625,7216.7001953125
340245.3125,140057.40625
532059.875,55343.30078125
518118.8125,13743.7998046875
282427.90625,8174.7001953125
302376.59375,14715.2001953125
369270.1875,10258.7998046875
393988.90625,93296.796875
342605.1875,156808.90625
301628.1875,64904.3984375
314411.90625,11356.7001953125
552590.875,16232.7001953125
305677.8125,7904.2998046875
553872.125,14377.5
274559.59375,78467.5
597488.6875,15353.7001953125
310946.59375,12333.400390625
582792.1875,17107.30078125
286085.3125,6939.89990234375
576139.6875,14779.400390625
293800.8125,8204.7001953125
308569.6875,50020.6015625
297017.90625,9055.400390625
587369.6875,42117.8984375
293126.09375,6957.60009765625
502114.5,281021.6875
558562.8125,12983.400390625
271716.8125,5524.39990234375
396697.8125,312574.59375
470983.90625,329643.1875
300748.09375,103080.203125
292627.90625,8435.7998046875
319118.1875,129444.8984375
578685.5,13185.7998046875
293413.1875,6230.7001953125
332992.90625,91261.203125
446026.6875,206809.09375
305708.0,13115.7001953125
369242.8125,265783.3125
533252.875,304779.8125
453214.8125,275971.8125
376372.09375,191384.203125
511353.6875,353413.3125
279463.40625,8148.2998046875
582124.6875,17024.400390625
297403.90625,8081.7001953125
571631.375,15812.7001953125
576404.0,15656.2001953125
282499.3125,6636.7998046875
323458.8125,193139.90625
451406.8125,346012.90625
578937.375,125470.796875
591406.3125,57035.80078125
510140.8125,209697.09375
495935.5,360507.8125
358256.90625,253072.703125
302078.6875,8605.7998046875
303659.1875,9920.400390625
287391.40625,9289.2001953125
337086.40625,79123.703125
281421.6875,6102.10009765625
572848.5,13027.7001953125
294153.3125,6421.7998046875
308536.90625,18078.30078125
453563.6875,316999.3125
416376.8125,278491.0
405954.1875,278093.6875
565047.3125,16513.900390625
563476.875,13708.7998046875
321578.3125,72299.6015625
598953.5,17302.80078125
298963.40625,16194.2998046875
269178.40625,9217.7001953125
279985.09375,6989.2001953125
291083.6875,6103.7998046875
595112.875,15063.2998046875
249101.703125,42090.8984375
325331.6875,24478.400390625
427301.90625,222616.703125
564169.0,224232.796875
394275.90625,278468.1875
567400.5,17019.69921875
573033.3125,14405.7998046875
357453.8125,220783.796875
315799.8125,50925.6015625
283967.5,7531.7998046875
523805.90625,13235.7998046875
256517.90625,7587.7001953125
308489.09375,142828.203125
373069.40625,211174.796875
599913.6875,16310.900390625
335843.6875,126059.8984375
272853.90625,101724.203125
591644.0,16847.80078125
584815.6875,14842.7001953125
375918.6875,263877.59375
289844.5,16326.7001953125
304354.59375,10229.0
448578.6875,11729.2998046875
476558.3125,324632.40625
553297.1875,14369.900390625
299869.8125,7362.7001953125
422904.09375,231493.90625
315772.1875,48729.6015625
590039.3125,14513.599609375
263483.40625,49137.30078125
372736.40625,243087.703125
489558.59375,231365.703125
540443.1875,330846.3125
290539.6875,6527.89990234375
253279.203125,30647.900390625
343433.3125,155819.59375
572546.0,13761.7998046875
457540.8125,305590.90625
289175.3125,7784.39990234375
301287.3125,110198.296875
291146.6875,6567.2001953125
562111.375,18545.19921875
551530.8125,20926.19921875
549377.375,13245.7998046875
301161.1875,65640.796875
304613.1875,57480.69921875
281194.6875,16907.900390625
377543.6875,163822.203125
331393.3125,116700.296875
288313.1875,7237.7998046875
288477.1875,8417.5
445577.8125,300342.59375
348848.8125,218926.5
321529.6875,53530.8984375
325428.1875,139657.5
313254.09375,30291.900390625
566858.5,15201.099609375
301207.90625,53487.69921875
319943.5,109191.5
288552.8125,7786.2001953125
309967.1875,109265.796875
593805.1875,15836.2001953125
305997.1875,9009.400390625
500655.1875,78291.703125
578556.625,15118.7998046875
602585.625,17088.900390625
301964.6875,8899.400390625
307766.6875,78284.296875
303887.6875,10666.0
583962.3125,13807.099609375
535456.3125,367679.5
409203.1875,257534.5
557039.125,13066.900390625
561048.0,13728.099609375
516067.0,17306.099609375
317110.09375,12465.2001953125
531784.375,18127.400390625
580359.0,14858.400390625
307743.5,10237.7998046875
490582.5,273695.6875
307086.6875,18592.69921875
257048.90625,41491.19921875
560000.3125,18078.19921875
431772.90625,298939.3125
585453.0,16753.099609375
525662.6875,303893.6875
273254.1875,7165.39990234375
374070.8125,15433.599609375
292509.59375,8510.7998046875
522783.3125,12856.7998046875
303275.59375,10535.900390625
325249.1875,16024.7998046875
285565.1875,9214.5
301044.3125,7004.10009765625
298850.6875,11212.5
308445.59375,9045.900390625
358598.5,213732.09375
349316.5,191461.09375
449903.59375,138570.203125
332477.90625,14307.900390625
361819.0,168554.90625
360697.5,269008.8125
309639.5,89680.203125
303471.59375,98439.296875
484744.3125,322279.3125
521583.59375,287325.5
329340.09375,63826.8984375
526009.875,247848.703125
310053.1875,11232.7001953125
276810.90625,8650.7001953125
361249.0,220386.0
579502.3125,11743.7001953125
474502.40625,320066.3125
450306.0,284784.09375
312840.6875,62182.69921875
305234.6875,8431.2001953125
385121.3125,317409.09375
359703.8125,175276.296875
276928.1875,7567.89990234375
278357.1875,8639.7998046875
489430.3125,287090.5
489814.6875,280289.40625
501363.6875,329757.1875
390178.90625,261805.203125
295636.5,65612.5
453188.3125,328145.1875
337711.40625,106029.796875
361279.0,145526.09375
318914.1875,14613.7001953125
474054.6875,337442.6875
337529.3125,88607.6015625
556828.125,14316.7998046875
559655.625,13254.400390625
559183.1875,291837.90625
239708.203125,8002.39990234375
258276.203125,189298.0
473599.0,318565.09375
573441.0,18035.599609375
277976.5,7502.60009765625
581421.125,18663.69921875
442539.90625,314826.40625
451911.5,268818.40625
586786.125,14987.2001953125
378873.5,284042.8125
593304.5,17442.69921875
275528.09375,7638.39990234375
285139.40625,7006.5
579580.625,14531.0
530464.875,11250.2001953125
312559.40625,7681.39990234375
311246.5,9512.599609375
436648.59375,305957.1875
483941.1875,310154.6875
476726.40625,237964.203125
321010.0,117709.5
254547.796875,105846.203125
403302.90625,201612.796875
374871.0,264592.59375
622157.1875,21289.30078125
371286.1875,194528.203125
304210.6875,37085.3984375
305383.6875,35802.69921875
478950.3125,343959.09375
285121.59375,14598.7998046875
561177.3125,76075.296875
302179.59375,13341.400390625
307651.1875,12171.2998046875
275629.6875,7308.5
379499.3125,336152.09375
310837.8125,40236.5
448096.1875,253023.203125
528343.8125,229275.203125
306163.90625,46454.80078125
311867.0,15485.599609375
298297.1875,10537.7998046875
314421.6875,94022.703125
567330.125,14804.7998046875
350448.1875,139327.40625
489349.8125,284018.09375
526815.1875,195904.40625
342733.1875,178553.0
295369.59375,7215.39990234375
605924.5,13125.099609375
300309.0,8442.599609375
570432.125,13497.7001953125
297638.40625,7650.39990234375
488922.0,156814.40625
442115.09375,217834.703125
586429.0,15552.2998046875
263504.0,10009.7001953125
283815.59375,5996.2998046875
378529.09375,274076.90625
541616.875,16049.5
283166.09375,5233.5
309278.59375,29058.19921875
442850.09375,340422.8125
313299.3125,42010.30078125
602833.125,18947.0
566252.125,85781.3984375
250550.203125,67438.203125
346414.40625,117894.203125
546829.0,303887.0
386030.0,326279.59375
299919.1875,9724.7998046875
266637.6875,7372.2001953125
328045.1875,99133.8984375
499020.1875,322151.1875
388916.8125,9394.599609375
286817.09375,6607.2998046875
396245.3125,286200.3125
318005.09375,108811.3984375
349525.6875,179097.40625
324828.1875,145167.296875
419440.6875,291230.5
344966.1875,197945.90625
355488.6875,11761.5
376144.59375,150588.40625
269901.6875,6974.2001953125
302485.8125,6757.7001953125
527352.375,211714.796875
339167.6875,161694.796875
289557.1875,6371.7001953125
440336.1875,295450.90625
298952.1875,14261.2001953125
290483.8125,6917.10009765625
375024.59375,184591.796875
297617.3125,8075.2998046875
587259.125,15219.900390625
463200.1875,17168.900390625
519336.8125,387769.5
402061.1875,308119.40625
514907.6875,246413.0
478084.5,207251.09375
646722.0,16821.099609375
310650.0,136269.09375
496295.90625,322297.40625
273881.0,6168.39990234375
399062.5,248980.296875
457550.5,258818.203125
456589.59375,329721.8125
313820.09375,57473.8984375
250773.90625,9507.5
357183.3125,83918.796875
594590.625,16439.5
290831.09375,24771.400390625
296434.90625,21866.69921875
387311.1875,280580.1875
307166.5,7227.0
568627.8125,60066.19921875
410754.40625,287876.8125
588465.5,19682.099609375
294679.1875,8847.2998046875
296463.1875,6660.7001953125
427700.3125,362680.09375
440932.59375,104887.796875
284625.8125,6131.2998046875
476360.59375,269834.90625
581905.6875,15561.900390625
317039.1875,80265.796875
341526.40625,101788.703125
343575.5,164967.0
308411.1875,9432.400390625
314302.6875,53734.19921875
583184.8125,16274.599609375
286010.59375,6560.7998046875
579262.3125,14969.7998046875
536332.125,267540.40625
293267.6875,12625.400390625
501022.1875,39844.80078125
489191.1875,231795.5
307204.3125,8318.5
339208.1875,141876.90625
349762.6875,101875.5
413020.59375,277617.90625
431798.5,312603.59375
374140.0,200228.59375
299488.0,8686.099609375
310042.90625,11574.400390625
452283.09375,345996.1875
465659.0,380021.3125
288650.0,9558.2001953125
246679.90625,16643.5
284330.59375,8467.0
295751.59375,10270.400390625
422261.90625,280960.1875
297678.5,8873.599609375
315269.6875,16116.7001953125
268893.90625,108631.203125
344171.5,145619.5
300562.3125,8527.7001953125
276288.40625,6446.2998046875
296490.6875,7245.7998046875
297264.1875,6366.7001953125
249564.703125,9636.400390625
257133.796875,119947.6015625
598050.625,15675.2998046875
507648.8125,291973.8125
397532.59375,240843.40625
306894.6875,10138.5
299286.8125,6944.10009765625
396953.8125,135694.5
288653.1875,6200.7001953125
493587.40625,150463.203125
299698.0,7116.0
558139.3125,15323.2001953125
335721.40625,118634.796875
308745.0,25474.599609375
371219.1875,236944.90625
320282.6875,76965.703125
300790.3125,8238.099609375
285699.59375,5612.2998046875
321676.3125,15735.7998046875
304285.59375,10111.900390625
307093.6875,10316.900390625
306835.6875,10665.7998046875
555196.1875,13488.0
395597.3125,236526.0
500377.6875,306064.40625
360458.09375,196084.90625
406628.5,180885.09375
339810.0,13713.099609375
280252.59375,7905.2001953125
416068.5,299278.40625
286839.5,7522.2001953125
309856.09375,8951.2998046875
366367.59375,151644.40625
297644.8125,7752.2998046875
523931.09375,209186.0
276524.40625,6766.7001953125
568920.875,13085.400390625
286202.5,233974.09375
564060.625,16714.69921875
310619.59375,112633.296875
575436.3125,14366.2998046875
544730.125,10015.900390625
302979.09375,8897.0
507484.1875,360290.09375
440346.90625,316550.3125
484130.1875,275650.6875
297406.0,8584.5
308131.3125,71445.703125
305266.40625,9137.7998046875
308099.1875,9459.7998046875
592747.1875,15989.2001953125
280930.1875,136455.40625
582135.1875,16090.7001953125
558683.3125,21501.599609375
476324.3125,388606.8125
431966.09375,272383.40625
529812.6875,11373.900390625
538158.6875,323207.5
357047.3125,183415.09375
485909.6875,12162.400390625
286793.6875,5658.5
572230.875,12708.900390625
320176.1875,102386.703125
299182.3125,7899.5
526665.6875,223855.59375
269673.40625,7776.2998046875
268688.3125,117539.703125
275962.3125,46614.0
505832.3125,284214.5
325712.90625,107151.5
472704.09375,234705.09375
345273.8125,158102.40625
397604.40625,254496.703125
308862.40625,14465.7998046875
544794.125,258428.796875
328836.0,208587.09375
537876.0,16461.0
583455.375,13378.7998046875
322295.8125,90139.5
383791.0,259336.203125
556315.6875,14333.900390625
290031.0,10283.900390625
340352.09375,183693.0
