Propidium Iodide PE-A,Alexa-647 APC-A
317568.1875,35395.30078125
452504.40625,188554.90625
571780.1875,57226.0
331415.40625,73642.0
347341.3125,93426.296875
355914.90625,42642.8984375
319842.0,85887.296875
386223.5,139419.0
421233.1875,58609.5
555865.0,51881.30078125
543134.3125,114854.796875
349254.6875,29529.30078125
322169.40625,50801.5
510576.40625,100948.703125
368330.40625,83692.6015625
472414.1875,105219.3984375
550011.0,56134.80078125
394260.90625,135190.5
553450.8125,159375.796875
546204.6875,100254.0
563350.6875,43464.3984375
438007.90625,162834.40625
514600.6875,142043.40625
361090.59375,134249.296875
451198.1875,166414.296875
286362.6875,91603.296875
347222.59375,83405.6015625
317255.0,114137.0
497627.6875,180185.0
525764.5,208803.796875
296116.90625,121999.5
328426.90625,49712.8984375
360824.0,123896.296875
533946.1875,173533.796875
340992.6875,158800.59375
331189.0,109984.0
387453.0,120738.703125
525884.125,33805.1015625
296957.59375,32480.80078125
482929.09375,183679.59375
290796.59375,61396.5
306392.8125,35770.80078125
484522.0,137035.5
521476.59375,100528.0
427171.5,167830.5
501691.8125,166526.203125
466784.6875,163340.296875
558406.0,48926.1015625
568392.0,208714.59375
505872.6875,127537.796875
312388.90625,80729.796875
338327.0,43256.80078125
359260.0,164542.0
455734.0,207712.90625
335742.09375,52258.0
373464.59375,115432.6015625
433744.40625,104806.203125
468586.8125,200763.09375
479048.6875,162307.5
559988.875,201074.296875
318891.09375,30975.5
311254.5,19693.19921875
376139.0,180320.5
541392.0,66868.3984375
463884.09375,161483.5
530324.1875,216187.0
552169.5,102061.0
511760.40625,187498.40625
577523.375,112038.6015625
522854.40625,223193.203125
297610.5,51728.80078125
378821.09375,93897.0
423731.0,146711.5
288648.09375,42675.30078125
321954.59375,50165.30078125
561856.125,196716.59375
317133.5,76125.703125
383081.59375,110506.796875
504957.09375,239204.0
352224.59375,122147.0
561412.0,95854.0
491536.59375,247461.59375
304498.90625,61076.1015625
356870.8125,96641.1015625
311623.0,29968.80078125
334249.09375,34725.0
306090.40625,32174.5
310664.8125,31509.099609375
373395.1875,125294.3984375
506537.09375,191300.59375
388454.5,104855.796875
450168.3125,156165.296875
412226.0,167224.90625
490447.6875,146811.0
440606.90625,244512.703125
448083.59375,110239.6015625
356353.0,139536.796875
363354.09375,92176.5
430612.3125,178752.796875
386956.09375,175704.09375
444210.3125,151721.59375
306870.90625,47920.8984375
477691.90625,119424.1015625
454381.0,141680.59375
312316.8125,57250.6015625
450371.0,169549.296875
316392.59375,37452.30078125
386417.40625,167918.796875
466830.90625,90563.296875
500873.59375,163370.5
409776.09375,167920.5
572827.125,124664.0
480570.59375,90818.796875
490611.09375,138726.59375
417739.59375,217177.0
540716.5,204339.203125
424805.8125,25522.30078125
389385.09375,172985.0
406632.3125,129231.703125
340651.40625,67129.703125
435698.0,104777.6015625
420093.8125,150782.5
397204.59375,153423.09375
337550.1875,19101.80078125
548453.125,79032.1015625
478192.59375,194242.0
404031.3125,130500.796875
331740.3125,138334.09375
508984.8125,54266.6015625
320115.59375,19366.30078125
545810.875,122791.796875
332457.8125,139907.796875
591547.5,77440.8984375
420610.09375,136220.296875
586375.6875,33840.0
548758.8125,59212.69921875
462999.8125,231818.203125
438225.90625,182506.203125
329662.0,49737.1015625
454698.8125,235966.796875
393533.59375,186254.09375
352310.09375,107858.796875
486236.6875,159405.796875
355460.5,110791.796875
328570.90625,87346.796875
344358.5,64826.8984375
421076.8125,153223.59375
540523.125,160503.09375
290884.8125,19157.099609375
361394.3125,203269.09375
372406.3125,144475.203125
293725.0,62288.1015625
414805.0,146879.59375
296706.1875,41760.8984375
386455.0,159810.40625
565768.5,30667.69921875
504142.5,114697.8984375
319171.1875,31841.5
572070.1875,110901.796875
411935.59375,160937.09375
318646.59375,25915.0
516645.59375,210331.796875
320303.40625,70659.203125
297538.40625,23922.099609375
343858.90625,68285.203125
422755.3125,136053.703125
390796.3125,149344.796875
510424.40625,184652.40625
374852.09375,122296.203125
542960.6875,192223.59375
420867.40625,166952.203125
522245.6875,216000.09375
372818.3125,126503.796875
390412.09375,146278.703125
482676.40625,156179.703125
298412.6875,72273.5
423948.1875,134431.703125
576638.875,65854.6015625
537444.375,162380.59375
411947.40625,171340.703125
498647.8125,100585.8984375
437468.5,138230.5
328590.8125,19968.69921875
450610.90625,191108.703125
532803.625,114737.296875
384570.6875,62446.8984375
483803.5,177144.90625
447913.5,134334.59375
501224.8125,217846.40625
502686.8125,155117.90625
311258.3125,47639.19921875
308876.6875,65867.1015625
457927.6875,154111.796875
318331.90625,24072.400390625
313384.40625,95825.703125
394254.09375,118504.1015625
534664.8125,118905.296875
389335.59375,110338.203125
323700.40625,72523.3984375
516567.6875,161536.09375
427608.40625,111640.203125
446954.8125,214066.09375
300999.59375,70173.3984375
575079.8125,34469.1015625
466654.0,205710.90625
534946.875,139529.09375
547454.125,59623.30078125
308741.3125,24524.19921875
437856.6875,158505.90625
555022.5,107470.703125
365838.6875,69458.3984375
502133.09375,119430.3984375
452355.5,189785.703125
315038.1875,52968.80078125
392142.0,130577.1015625
522633.1875,89727.6015625
414178.09375,58425.19921875
357206.6875,134150.796875
458152.6875,186670.09375
576529.5,78746.1015625
294492.40625,70357.703125
327002.09375,73456.6015625
503118.1875,159891.59375
524441.0,165488.90625
587832.0,43947.1015625
472847.0,173779.203125
337728.6875,114644.3984375
587875.5,96553.703125
482987.5,143578.90625
493079.40625,196711.296875
423869.40625,86413.296875
286657.59375,46729.19921875
334843.1875,151856.796875
557645.625,135780.703125
390270.0,97918.1015625
427133.5,109701.8984375
323514.6875,24745.0
425437.6875,141170.703125
453198.40625,192358.59375
582936.875,91341.703125
472669.1875,104499.8984375
521478.09375,200494.796875
463631.40625,223138.09375
497020.09375,115935.296875
533316.5,212115.90625
521665.1875,199717.296875
333355.0,68272.3984375
328310.40625,55069.80078125
388815.8125,93471.296875
322503.09375,53114.69921875
332681.1875,24174.30078125
420232.09375,178496.703125
295741.40625,28584.30078125
544460.625,177840.203125
474661.6875,174926.09375
518683.40625,123880.703125
482262.59375,170000.40625
433257.5,192554.40625
492923.90625,189475.59375
475238.6875,129242.8984375
354387.8125,88723.3984375
426570.8125,146059.296875
503899.90625,183536.59375
343124.8125,53041.19921875
545983.125,105705.6015625
470406.90625,193707.796875
573080.5,266299.6875
433831.5,169825.40625
307171.90625,32531.5
455355.90625,201971.203125
295182.09375,44836.6015625
449265.3125,110768.796875
554600.1875,124642.0
327578.0,44553.6015625
335629.40625,46594.69921875
479360.3125,187089.59375
377692.6875,118971.6015625
556925.8125,122434.796875
411322.40625,167257.40625
480894.40625,189914.5
312459.6875,49180.19921875
319455.8125,83972.0
490195.40625,190247.09375
340683.40625,103325.1015625
495107.40625,175233.703125
531947.3125,136363.296875
369186.09375,42144.30078125
271537.0,89761.203125
366784.40625,98119.5
417695.3125,69128.703125
291907.90625,21405.80078125
329952.6875,60386.6015625
383638.6875,118375.796875
317099.1875,72699.5
430765.6875,121833.6015625
568201.875,54301.5
417351.90625,101092.203125
378369.0,192020.59375
466569.8125,194019.59375
548403.3125,118212.6015625
352768.8125,117693.5
346387.90625,158429.703125
321433.8125,45396.80078125
469838.3125,64094.69921875
400060.90625,107516.703125
322368.6875,81540.8984375
445063.40625,178725.296875
497291.6875,154952.09375
345313.40625,99573.8984375
411356.3125,146404.59375
331321.09375,69042.3984375
322355.6875,90853.6015625
309975.09375,25557.099609375
509497.0,214875.0
282382.8125,20823.5
375121.09375,119943.5
425296.09375,183599.296875
320034.59375,36107.8984375
513461.90625,101427.1015625
322407.90625,19678.69921875
589741.8125,94287.1015625
355639.90625,53998.6015625
327822.5,119545.3984375
473925.0,146408.796875
331270.0,55005.69921875
544680.8125,52126.0
485424.5,152957.203125
377694.0,115736.203125
484042.8125,208329.0
505380.09375,178687.796875
312745.0,71613.1015625
375138.90625,111841.0
542349.0,128667.6015625
307749.8125,23291.30078125
368492.09375,127785.796875
419258.1875,194321.703125
429656.59375,158876.90625
406220.90625,160621.296875
509610.40625,155200.203125
422549.6875,190560.09375
559893.8125,69933.1015625
497755.5,190463.90625
272294.6875,35842.80078125
328583.1875,101985.703125
423388.0,114588.203125
564059.8125,190817.296875
395489.8125,65563.5
356110.40625,174193.59375
491771.09375,177790.296875
456298.90625,205082.703125
264769.8125,121060.5
544785.3125,142988.0
394984.0,32882.3984375
303926.90625,43754.19921875
307885.09375,26560.599609375
456853.59375,94870.796875
305361.90625,39773.1015625
577513.5,50595.19921875
497374.09375,189081.796875
350985.59375,109081.796875
327275.5,81826.1015625
450448.1875,109227.1015625
422599.6875,179368.203125
293433.1875,20154.599609375
518037.09375,186714.203125
501678.40625,196495.796875
325930.3125,63575.1015625
577320.8125,115627.796875
342822.0,49035.69921875
317644.90625,103283.203125
492976.5,147303.0
418791.3125,150828.0
471044.59375,199962.796875
592518.0,159462.203125
347907.59375,22778.30078125
550934.3125,57624.1015625
578873.125,80880.0
409920.0,46671.80078125
386456.40625,124411.6015625
513148.1875,90019.6015625
320724.6875,37247.6015625
284572.09375,30122.900390625
290126.5,56618.5
304888.3125,79894.796875
563150.8125,59639.6015625
511662.5,88515.6015625
312831.59375,42763.5
313869.0,91633.796875
320131.5,46751.6015625
383289.09375,151869.5
544849.125,198421.796875
403052.59375,155410.40625
303622.8125,57990.1015625
529538.0,189010.59375
544573.3125,37234.0
376357.09375,110819.8984375
600365.0,40027.19921875
398933.5,169444.0
304973.09375,50739.30078125
332915.3125,50998.30078125
582887.8125,35890.6015625
499502.90625,209761.5
406152.5,161882.796875
406231.6875,176007.59375
460444.0,198372.703125
462161.09375,163194.40625
540550.5,37201.69921875
499091.5,176761.0
342641.3125,31822.5
514777.09375,98459.1015625
549054.125,56772.80078125
514585.8125,145386.796875
507506.40625,187125.703125
566014.375,194349.5
557487.125,171439.296875
421460.40625,110009.3984375
365234.59375,107143.796875
585372.875,126321.8984375
348926.40625,85486.296875
591628.8125,29212.0
333362.09375,74960.6015625
341631.59375,103294.203125
448648.6875,100315.0
512986.3125,185439.296875
472234.6875,163019.203125
386830.8125,146597.796875
543293.625,220505.296875
392141.6875,101961.1015625
306366.3125,47875.0
352964.59375,79355.0
402835.09375,116031.6015625
451776.3125,276451.09375
506713.40625,147518.40625
305896.6875,50857.19921875
501823.40625,170601.09375
425968.09375,189064.796875
447142.3125,128947.8984375
284218.09375,46024.30078125
326501.6875,33063.5
578860.8125,193436.296875
303784.6875,36174.19921875
273765.8125,19857.599609375
468589.8125,158676.796875
348842.40625,105198.296875
334508.3125,63185.80078125
512325.09375,166932.40625
328468.59375,41506.80078125
527357.625,67065.796875
406966.8125,124568.296875
490144.3125,135852.0
372238.59375,49258.0
526634.5,40000.80078125
490367.3125,79094.296875
557800.1875,92388.703125
405396.5,86688.6015625
525620.625,145940.796875
327171.59375,77623.0
365615.1875,57016.19921875
370356.90625,95813.296875
396114.6875,97465.203125
297439.3125,18262.599609375
454842.8125,177096.90625
522503.40625,101956.296875
345387.90625,167592.703125
352588.3125,117333.296875
312895.3125,88132.703125
550231.6875,139629.703125
415040.09375,113553.5
476413.40625,189537.40625
317850.09375,37875.30078125
588120.375,98642.296875
334793.5,97843.796875
319362.5,53823.30078125
417279.59375,124792.5
484938.09375,106272.0
431134.09375,156540.0
412232.59375,114503.796875
376924.09375,136897.0
489422.59375,71484.5
358013.3125,96402.296875
582963.375,163899.09375
277630.59375,128586.296875
329521.6875,71516.203125
414743.90625,105154.203125
561315.1875,142309.203125
336983.09375,136338.796875
570539.125,46782.5
296405.90625,18220.400390625
303752.59375,41590.80078125
393904.40625,89838.796875
503153.6875,187243.703125
510456.09375,157620.796875
447395.09375,203155.5
407630.40625,145026.40625
452439.1875,156927.09375
468375.1875,168354.796875
561943.125,167990.5
418273.1875,67051.5
552404.125,66566.6015625
360622.09375,145406.296875
488502.8125,204270.796875
542900.6875,89151.703125
472260.90625,167983.59375
292048.0,37107.1015625
307580.1875,18534.19921875
355146.40625,128457.0
412708.0,194434.203125
416665.59375,173987.703125
337285.40625,112975.796875
365596.1875,101778.5
293630.8125,22143.30078125
580473.3125,96410.796875
559763.125,176548.90625
321971.90625,87371.5
349037.59375,111273.296875
305258.59375,45687.5
577816.625,68504.796875
403358.90625,23711.900390625
338703.90625,111416.296875
468275.3125,190674.09375
437868.3125,112609.296875
347141.1875,76222.1015625
539316.1875,31227.30078125
369927.8125,124868.1015625
551574.625,63708.5
413152.3125,139726.296875
492618.6875,173262.203125
358557.6875,89056.203125
467896.90625,146846.796875
309018.5,30704.19921875
405313.3125,150554.09375
556208.8125,155635.40625
306074.40625,60866.30078125
283772.40625,24504.0
505993.1875,192468.203125
501959.8125,114807.796875
338530.09375,46228.80078125
314261.1875,41827.5
427889.09375,165572.0
423550.59375,142290.296875
446778.6875,249683.59375
385641.59375,159293.0
460158.8125,139998.0
393571.59375,148835.203125
540144.375,178120.90625
554524.1875,74611.203125
416785.6875,160564.5
324234.3125,81194.796875
356740.5,152477.59375
370609.40625,98611.796875
353675.90625,71231.0
456460.3125,200901.90625
453011.8125,163422.796875
561830.875,151395.203125
478822.1875,153988.203125
451569.8125,139739.796875
559295.1875,131190.59375
499520.1875,131656.09375
282045.6875,63561.1015625
599574.3125,94249.5
490258.6875,153925.90625
291373.59375,73196.5
334659.3125,21812.0
454337.8125,163233.90625
454002.8125,220369.296875
450754.8125,139725.703125
464148.5,145333.40625
485916.6875,199273.59375
317715.5,25621.0
368830.0,79232.203125
307971.1875,38419.8984375
431786.6875,211569.5
322679.1875,84672.0
340274.6875,44244.8984375
326406.6875,69429.296875
517979.40625,182776.09375
537023.0,140659.796875
549837.0,60769.1015625
371541.3125,128709.8984375
316914.3125,130406.6015625
580250.375,177859.796875
510895.3125,208337.203125
368261.6875,50410.69921875
500634.0,192105.90625
276260.3125,70615.1015625
325239.1875,115285.6015625
557619.1875,85750.5
511428.3125,104349.703125
524752.1875,172208.59375
311570.6875,40643.30078125
509635.90625,118820.703125
301717.6875,33366.3984375
494701.3125,182835.59375
474264.8125,69675.8984375
573233.8125,42431.6015625
377211.6875,121950.796875
566269.6875,139156.09375
330612.5,91106.6015625
425739.3125,95546.3984375
316337.3125,41718.30078125
346803.90625,172301.296875
360424.8125,87719.5
550285.375,27988.0
313587.1875,27556.099609375
329849.5,47369.19921875
485473.6875,30556.900390625
351664.3125,116080.0
399124.40625,190347.09375
318064.1875,75774.0
453635.0,112949.796875
401919.0,48657.6015625
492775.59375,166964.796875
312081.0,80893.296875
470085.5,179802.40625
283217.8125,42417.0
486701.5,174804.0
457205.3125,203329.40625
450451.5,182701.0
520478.0,112785.203125
514698.8125,115650.203125
381263.6875,145441.796875
302864.1875,38103.30078125
470506.6875,192655.796875
560841.0,140999.796875
520641.3125,111591.6015625
322334.1875,115310.6015625
390901.0,120073.796875
403917.6875,133796.40625
472791.8125,226341.203125
408747.1875,73331.296875
425561.09375,168456.5
354014.6875,166741.0
528922.0,220705.796875
436451.5,116788.1015625
328224.3125,85057.8984375
319986.1875,22664.099609375
568127.6875,99975.5
461148.0,148115.703125
279430.0,75816.5
532974.6875,117573.3984375
366983.1875,40959.0
427146.5,128701.5
427235.0,158869.796875
454533.1875,182444.90625
542247.3125,137225.09375
328102.09375,49729.80078125
530471.3125,155567.0
374443.0,51952.5
411951.3125,51747.3984375
565423.1875,148202.5
486407.5,102885.0
365103.0,84299.796875
538245.6875,162166.0
526533.8125,148337.203125
458233.6875,86681.296875
417940.8125,22124.900390625
362830.0,132125.59375
503935.6875,169800.90625
558639.0,140263.203125
381426.09375,87467.296875
458074.3125,108811.8984375
427741.0,181932.5
365104.1875,110290.6015625
359929.1875,66721.0
332439.6875,69816.8984375
464638.1875,177080.5
272532.3125,58642.19921875
484617.90625,269140.59375
542388.5,183261.0
454842.0,186345.796875
520482.59375,184338.09375
428600.5,159900.0
394594.8125,107456.3984375
308148.8125,34019.1015625
574989.6875,34066.1015625
590144.6875,76887.5
399046.0,177639.0
367533.5,95227.203125
348361.1875,110944.5
482057.3125,232325.5
465860.59375,145011.0
418241.5,129002.0
577144.0,105650.703125
473963.3125,196725.90625
519416.59375,94213.1015625
469226.90625,219689.796875
537555.3125,203742.703125
461816.0,131562.90625
301793.3125,51966.5
538513.375,125320.703125
444662.90625,206450.0
576906.125,136814.203125
518424.0,126857.0
574362.8125,40095.8984375
509572.90625,198024.796875
442046.90625,179690.59375
560470.5,122074.203125
340365.5,110585.0
375298.8125,127698.6015625
572884.1875,104069.6015625
492243.6875,106587.8984375
523621.0,105601.0
324695.8125,54821.3984375
506616.1875,199307.59375
395278.5,148412.796875
265968.0,68311.5
486051.8125,162832.703125
399625.59375,123796.3984375
513239.3125,185518.0
399577.1875,259282.796875
468529.90625,188665.09375
492738.6875,164270.796875
325896.3125,19495.400390625
547110.0,167109.796875
303275.8125,33184.3984375
316532.3125,57869.6015625
296998.8125,99520.703125
436077.59375,234246.90625
272427.6875,47017.19921875
479867.5,170896.5
545402.3125,126280.3984375
336803.1875,126771.796875
327569.09375,55618.6015625
530219.0,135313.5
335366.6875,80937.5
568684.1875,104629.3984375
449254.1875,130054.8984375
566847.5,32846.69921875
326310.8125,30548.599609375
357074.0,142904.59375
514822.09375,179025.296875
340212.3125,67102.5
342036.09375,83603.796875
457348.8125,144928.796875
309584.59375,29731.80078125
513549.40625,161010.5
540282.625,106475.203125
544759.3125,68867.796875
479117.09375,199906.296875
411298.09375,113380.8984375
383672.0,86194.703125
332202.40625,29338.19921875
465668.0,161052.296875
365896.6875,92062.296875
605203.875,48280.3984375
486384.8125,205689.09375
384727.1875,146054.59375
262491.3125,77672.203125
461463.5,148058.0
459721.1875,173027.796875
444846.3125,130336.796875
388027.3125,141817.296875
503380.59375,182731.296875
355128.59375,105643.796875
530602.8125,145589.09375
397036.5,175456.703125
500666.90625,219116.703125
384243.8125,150074.703125
495188.1875,154051.703125
331656.6875,85031.796875
347897.6875,90964.296875
425300.90625,44295.8984375
311310.0,38765.1015625
434929.6875,139058.703125
299550.3125,22054.900390625
404223.09375,78353.0
578018.6875,58405.69921875
578424.3125,67383.6015625
455319.8125,163609.5
292751.3125,43856.0
310668.59375,19509.400390625
287376.3125,38288.69921875
416954.0,125872.5
531465.6875,225914.203125
469389.40625,213948.09375
437328.3125,155402.296875
381520.09375,133671.296875
508729.8125,190919.296875
519049.90625,188051.703125
445425.8125,211436.40625
304310.40625,23521.0
342603.3125,67721.796875
478464.0,108374.203125
392143.8125,69714.203125
490082.6875,218235.296875
299449.5,46174.1015625
276651.90625,18367.0
318982.3125,20575.19921875
355344.40625,64174.8984375
406280.0,166647.09375
359767.09375,99082.5
412848.5,136762.703125
444982.0,178891.90625
580940.8125,54325.1015625
345941.8125,82044.203125
401154.59375,119211.703125
402911.5,166527.203125
370911.1875,117536.0
418597.40625,171206.09375
336448.59375,106271.796875
343554.59375,83731.703125
370797.3125,159401.296875
454762.8125,142761.703125
289681.1875,134200.796875
371293.40625,133869.0
433999.09375,183389.796875
336545.0,48929.19921875
529722.125,120079.8984375
447501.90625,176693.203125
509494.40625,197475.0
401803.6875,151179.796875
407829.6875,217039.296875
314081.8125,19309.19921875
439783.3125,195425.40625
506292.5,121785.203125
389163.1875,101917.1015625
329213.8125,22195.0
310368.59375,49413.3984375
368559.40625,141137.09375
534707.625,159002.59375
398372.09375,153848.09375
283777.40625,41118.19921875
490235.3125,181693.40625
581725.125,38158.30078125
386164.90625,167875.5
562963.125,96765.203125
288888.8125,42254.80078125
385845.6875,116856.796875
507876.8125,123589.6015625
377009.0,122606.703125
357660.8125,111910.203125
521996.59375,163111.296875
567395.5,90584.6015625
327384.6875,22220.69921875
275353.59375,48588.0
388527.1875,100694.703125
316999.8125,70765.5
462492.1875,201443.90625
536954.1875,124286.6015625
518190.5,185925.40625
551234.3125,83456.0
308233.40625,21008.80078125
271982.8125,54499.0
304353.09375,32660.900390625
372189.3125,125362.203125
574196.5,198805.0
503861.6875,125277.296875
323296.09375,97876.796875
523389.6875,149259.296875
439338.90625,180507.5
336887.3125,62946.80078125
570373.6875,66425.296875
348501.90625,111798.0
575283.8125,60973.1015625
592164.8125,60104.30078125
401942.8125,112548.203125
272260.0,117017.703125
405405.8125,170071.203125
554260.1875,56616.69921875
440744.0,201207.59375
592208.0,57497.30078125
559110.6875,123796.296875
276727.6875,81538.8984375
468978.09375,118709.5
436392.0,128527.203125
385592.0,134633.90625
362693.0,113169.3984375
479783.3125,185611.0
488555.8125,187575.203125
520407.1875,183064.296875
317729.8125,50746.8984375
503508.8125,192582.796875
536587.625,150021.296875
308290.09375,30992.69921875
390284.3125,141018.296875
340787.3125,99816.296875
559883.5,192245.203125
592484.125,136773.40625
369549.8125,88884.796875
484443.3125,152704.296875
311690.5,58645.19921875
344007.8125,47613.69921875
287921.0,41671.30078125
397012.0,139569.09375
382555.3125,68397.3984375
418891.59375,89533.5
324671.8125,44280.69921875
584509.3125,57451.3984375
560083.8125,45953.69921875
508616.59375,85963.0
389412.1875,100103.6015625
333148.0,22797.599609375
556329.6875,205127.796875
306564.1875,28574.0
324446.90625,82094.703125
416837.3125,187574.59375
330585.0,97686.296875
429857.1875,181134.296875
507775.3125,161608.09375
518464.0,86351.5
449715.6875,222858.796875
302730.8125,18956.69921875
479903.0,166599.796875
366448.40625,73395.5
475895.0,92824.296875
358138.59375,97515.0
340163.6875,52392.1015625
495677.90625,181557.0
496991.8125,192992.296875
552553.6875,94243.0
488682.09375,165132.203125
483306.1875,40406.30078125
557139.3125,187576.703125
368761.1875,109652.203125
519868.59375,168214.5
398861.09375,123941.6015625
369981.0,26467.599609375
467684.5,144480.296875
441776.09375,211671.0
374804.40625,113850.0
483922.8125,25922.80078125
299858.6875,39385.3984375
324253.40625,21913.19921875
397800.0,86783.5
298525.0,85843.5
527770.8125,151043.296875
295495.90625,23649.0
442398.90625,78168.203125
415905.5,193162.90625
333913.8125,81905.8984375
455524.59375,42343.69921875
379086.59375,85643.3984375
494928.1875,130869.296875
524592.3125,27522.69921875
349997.90625,45858.3984375
347459.3125,63030.3984375
508428.59375,186775.0
326722.1875,71989.203125
411420.59375,148582.59375
494149.09375,177509.0
408166.40625,115395.3984375
428351.40625,174090.59375
361045.1875,140997.296875
350891.8125,92442.203125
397534.1875,176355.296875
281545.0,21994.80078125
270255.59375,20266.0
334737.1875,99491.6015625
493740.5,160544.296875
325903.8125,28872.69921875
304585.6875,25452.099609375
414987.1875,123665.796875
325684.1875,67924.0
353120.59375,73113.3984375
469696.8125,139567.09375
590612.875,111153.0
342535.3125,47711.30078125
290323.90625,17463.099609375
504152.59375,156359.59375
528695.375,91234.1015625
311506.6875,45568.80078125
300047.5,49095.30078125
307401.1875,44215.30078125
381629.90625,105886.0
343466.3125,109328.796875
580351.6875,33617.3984375
457926.6875,139329.5
583032.125,135708.703125
462316.40625,115217.0
398751.3125,180661.90625
278398.09375,51058.3984375
352619.3125,86846.203125
432844.0,168206.09375
545327.6875,219450.296875
410230.5,121729.796875
447468.1875,181086.296875
515880.1875,105899.8984375
557375.625,91604.3984375
455770.40625,152489.703125
379078.3125,145247.09375
328638.0,66381.0
311696.5,45742.1015625
437671.6875,173094.296875
333467.8125,86267.203125
453765.6875,259598.59375
380383.09375,85528.703125
424563.1875,146687.296875
505132.6875,114125.703125
546818.875,50914.5
449633.8125,209258.796875
386609.3125,129725.203125
444702.09375,156812.5
299903.3125,22098.5
406507.8125,157381.40625
520636.1875,147391.90625
376974.09375,150642.296875
319216.59375,103562.8984375
532299.3125,64183.3984375
484524.59375,160733.59375
305608.3125,41393.19921875
338128.8125,21873.30078125
357071.1875,119803.5
297917.3125,29498.099609375
489572.0,150911.796875
470603.59375,208940.40625
262937.09375,20221.30078125
319017.09375,87865.1015625
328781.90625,64992.3984375
525963.5,118725.6015625
482392.8125,104083.5
306308.90625,47408.80078125
425601.0,124371.5
457558.1875,175704.796875
428062.59375,52347.0
452548.1875,130427.203125
414111.59375,152641.796875
557189.625,153238.703125
303075.3125,20062.30078125
310800.0,97711.796875
531938.875,121214.6015625
426223.5,195887.90625
551653.625,190198.203125
497504.8125,176378.796875
506057.8125,143755.40625
481248.5,39935.0
404083.40625,131745.59375
564831.1875,107513.0
471824.09375,213126.90625
388089.59375,101939.703125
453854.0,105114.8984375
451123.40625,133682.296875
483163.5,170003.203125
578804.1875,192609.796875
351624.1875,133116.90625
458584.3125,206563.796875
314811.3125,27825.5
454758.6875,152147.296875
315418.1875,48684.6015625
379396.3125,154317.5
497671.59375,174028.40625
570664.8125,90638.6015625
361286.5,91305.1015625
338942.5,160840.203125
320194.5,111647.1015625
362070.59375,87577.203125
431501.5,269250.0
505717.1875,140612.5
413005.5,144593.59375
492025.3125,247543.90625
476774.90625,147522.296875
420440.0,110898.796875
281901.3125,25424.900390625
466707.0,179567.0
476401.40625,109317.5
585031.1875,118911.5
511289.59375,175391.296875
551003.5,62924.6015625
495479.0,201512.0
415707.5,146460.90625
392886.0,128437.5
320092.1875,61301.30078125
475381.6875,136905.40625
482907.6875,54668.30078125
507965.1875,140524.59375
426516.3125,122922.0
487062.59375,235230.40625
375310.3125,129705.703125
380213.59375,140034.0
530660.3125,122061.203125
523173.5,216729.0
322134.6875,93469.703125
576328.875,51116.6015625
461685.8125,164858.5
504571.0,162471.40625
320524.0,48609.8984375
418678.90625,206229.203125
432199.40625,151711.09375
548778.625,147839.90625
357845.0,20542.400390625
538332.3125,162335.40625
388623.59375,85834.6015625
456894.5,222309.5
304487.6875,43619.80078125
531830.1875,153021.40625
387846.5,143459.90625
346204.1875,113383.203125
341177.6875,114977.703125
552220.3125,57513.8984375
350580.6875,43125.0
471318.8125,161773.40625
388241.0,188441.40625
462161.09375,112684.6015625
322034.0,23215.599609375
532257.375,111230.796875
473725.5,163564.90625
423139.6875,230594.203125
311292.3125,17935.30078125
318568.6875,55728.19921875
431308.6875,167222.09375
380794.09375,138322.5
422581.6875,161250.203125
510280.3125,124893.1015625
328151.8125,57432.19921875
531731.1875,168463.203125
435285.6875,90766.796875
304035.40625,27550.599609375
393576.6875,169912.296875
481060.59375,164097.59375
281076.8125,126431.796875
449679.40625,140231.59375
319865.90625,52711.6015625
389687.3125,166090.90625
452375.5,315761.90625
537458.625,114197.6015625
325433.6875,31681.400390625
442977.1875,121189.703125
513101.6875,178392.203125
366324.09375,101111.203125
510189.8125,176677.90625
324979.5,82510.5
392491.40625,124251.6015625
478791.59375,185135.90625
335217.5,66952.1015625
376943.09375,101036.203125
540645.375,140085.90625
474344.1875,211936.5
264638.3125,45893.5
334824.5,47189.19921875
396654.1875,171327.796875
430509.1875,78239.703125
392024.1875,146026.296875
432115.8125,163600.5
380327.40625,133743.203125
469273.59375,143520.703125
294323.5,17993.30078125
392083.90625,81817.1015625
457550.1875,178315.5
495434.1875,204413.5
318039.3125,55088.3984375
437136.59375,130067.703125
583963.0,58953.5
482061.8125,222096.40625
464966.0,224636.40625
535076.6875,100999.0
528031.0,33349.6015625
288022.0,46649.3984375
379947.6875,127123.796875
469715.1875,143461.703125
345760.90625,144097.796875
498577.5,124517.203125
400777.5,93439.3984375
400515.59375,149793.203125
507489.0,104614.296875
448727.40625,135602.0
339861.1875,99371.5
324507.59375,48437.3984375
567400.6875,216003.5
465608.0,82343.3984375
560389.125,185884.59375
436055.59375,182183.203125
339038.0,35440.5
447658.8125,71119.3984375
474623.40625,135307.90625
311152.59375,31978.099609375
476447.8125,164158.0
321795.40625,64703.80078125
339458.0,124825.203125
509114.6875,141663.796875
322344.3125,65194.0
445504.6875,173206.296875
296404.1875,31024.599609375
375236.40625,172426.703125
438776.8125,185698.59375
396811.3125,178482.796875
567583.0,126525.796875
423951.40625,129081.1015625
622534.875,73239.1015625
287768.6875,34423.5
468142.59375,152496.40625
540120.625,180289.59375
477382.59375,111217.703125
547585.875,107854.3984375
305308.5,55542.8984375
295902.5,17301.099609375
289536.6875,25885.30078125
397123.0,166161.296875
410508.90625,123357.6015625
308024.1875,40524.5
474611.6875,162471.0
350898.8125,93810.8984375
416472.09375,190588.703125
369437.90625,82268.3984375
388622.0,151326.40625
292943.59375,46304.6015625
519783.5,207575.09375
375331.3125,202242.0
387614.0,141059.203125
365581.1875,100785.8984375
392578.3125,167561.796875
343259.1875,73469.703125
318176.09375,41461.8984375
438899.1875,178335.703125
298894.59375,19927.19921875
276765.1875,50216.30078125
454118.1875,143077.203125
536291.375,155235.296875
425111.6875,186103.0
425873.1875,36412.0
317633.8125,42252.6015625
445206.0,160764.796875
530566.1875,145420.90625
392714.5,151617.90625
491017.6875,189609.796875
521297.3125,143628.296875
284692.8125,26853.19921875
305600.3125,49458.0
450274.1875,144856.40625
534534.3125,173126.09375
466406.3125,192211.90625
306514.5,35586.1015625
477985.3125,138817.0
374699.3125,100497.5
499681.90625,175929.59375
425115.5,207027.203125
393509.6875,126111.796875
302338.8125,19816.599609375
375554.0,57495.80078125
408795.59375,112763.703125
380304.3125,92908.0
328334.40625,64273.80078125
339449.90625,20452.19921875
325012.90625,81393.296875
444191.6875,154189.5
445565.0,228256.296875
399854.8125,181159.0
548862.5,227061.40625
523577.5,140281.703125
315887.09375,94629.203125
365956.6875,102916.3984375
324105.8125,23403.0
426749.1875,133663.796875
356538.40625,81106.0
558629.625,141571.703125
414038.0,166259.09375
511335.0,149702.703125
597933.875,70450.796875
329043.40625,24939.69921875
520610.90625,251520.796875
533413.125,142075.703125
411781.3125,65699.5
425548.6875,23138.30078125
312075.59375,17694.19921875
322675.5,101608.1015625
520134.6875,116458.203125
332686.40625,57267.19921875
592829.1875,29690.30078125
557429.625,137816.0
413606.3125,221842.59375
386405.6875,158735.0
558799.0,199222.90625
496855.6875,199708.40625
311409.3125,19268.19921875
464113.09375,104988.703125
319462.6875,67419.8984375
329495.8125,132604.5
316237.3125,35663.0
554468.6875,185929.296875
570399.125,90917.703125
438811.40625,179872.703125
536552.5,153929.90625
316109.6875,57715.19921875
412903.90625,146731.203125
328497.1875,72927.296875
301592.1875,70504.5
404087.59375,173628.0
297316.3125,91332.6015625
393985.6875,150468.5
329000.90625,54956.6015625
347686.0,96688.8984375
480432.5,220526.203125
598809.1875,36104.8984375
461872.3125,152333.0
370257.3125,153833.40625
277775.6875,31094.69921875
362603.90625,161586.703125
471680.6875,194269.796875
422108.0,126652.0
588464.3125,45837.1015625
319361.6875,18052.400390625
391912.8125,146837.40625
422144.8125,167985.5
486587.59375,150921.703125
320215.40625,64122.0
490278.09375,177307.703125
309726.90625,46880.19921875
488671.0,180544.703125
443982.6875,143086.703125
417567.6875,199831.5
465592.6875,115208.703125
547477.8125,168996.09375
556868.625,133798.296875
499153.6875,141804.796875
401955.1875,89867.8984375
347087.40625,92671.1015625
364266.1875,63278.8984375
395466.8125,145363.5
307910.6875,63311.30078125
295411.6875,78375.796875
483640.40625,185647.296875
416015.40625,150183.203125
491188.8125,171710.5
457082.6875,173790.90625
523296.1875,87952.796875
590903.1875,128411.296875
381931.40625,139017.5
527057.375,163817.203125
393397.40625,169522.296875
556313.0,63263.69921875
498481.6875,157312.296875
373515.40625,140505.703125
401096.0,81899.203125
477265.40625,47318.69921875
559815.6875,115170.703125
371730.09375,124229.5
543625.0,194870.40625
476912.40625,170751.0
483893.5,117585.203125
417877.90625,185670.296875
582600.5,47830.8984375
477199.90625,180514.296875
442039.6875,160596.296875
458936.3125,192894.90625
448611.59375,158595.703125
446242.5,179079.203125
454083.5,182859.40625
546611.1875,255752.703125
447456.1875,220316.5
405521.6875,44415.0
407870.1875,102698.796875
406293.09375,120264.0
448734.8125,121551.5
326535.5,32351.900390625
343469.0,53244.19921875
527827.625,215983.703125
453375.8125,181593.90625
496851.1875,176360.796875
309054.5,44854.69921875
310903.5,70221.8984375
512618.1875,117121.203125
461670.1875,240063.796875
377319.8125,41917.1015625
441613.5,152145.796875
556046.8125,147468.09375
323467.8125,27644.400390625
278821.6875,26377.19921875
323475.09375,54989.0
311506.40625,37257.5
418480.09375,112087.796875
497054.8125,155039.703125
336776.59375,53325.0
445607.59375,162914.40625
345281.5,52080.80078125
520979.40625,152084.90625
598283.0,72192.703125
308058.09375,19752.30078125
260408.703125,82133.203125
409733.09375,115897.0
438530.5,139535.296875
395598.3125,130601.6015625
439969.8125,213360.40625
530931.875,209264.0
304604.90625,40925.5
539142.125,186351.296875
303569.5,71046.8984375
422589.3125,169353.0
304074.3125,53725.8984375
353287.1875,63179.0
291746.0,46210.19921875
315895.09375,64409.5
585809.625,46884.8984375
478993.59375,140650.0
425794.3125,156838.09375
305058.1875,46628.6015625
560908.1875,98197.703125
449689.40625,218301.5
575331.125,107936.0
486885.59375,183519.796875
482753.8125,192047.40625
551633.875,161791.0
314073.1875,51428.6015625
524601.875,118271.3984375
330294.90625,93746.3984375
283279.09375,58594.30078125
361187.09375,136259.0
351069.0,113170.296875
376423.1875,189652.59375
357529.40625,89089.0
494364.40625,210039.5
442635.8125,229221.09375
544922.125,141927.796875
338283.0,100437.3984375
564528.625,49804.0
361126.90625,116975.0
312474.90625,39279.69921875
480524.40625,109722.3984375
538368.0,199663.296875
346772.8125,46608.3984375
481966.6875,120295.6015625
330679.6875,46310.69921875
373866.59375,124893.5
520706.3125,186271.40625
558067.6875,40242.6015625
451866.90625,173198.5
354385.0,111947.796875
375048.6875,127185.203125
307290.5,18092.400390625
345534.09375,85819.0
353088.8125,112459.5
428012.09375,98951.8984375
430707.40625,194672.5
303450.1875,94423.6015625
579308.0,89126.296875
380693.40625,104974.0
472155.09375,188168.0
588326.8125,36289.69921875
404847.8125,121339.0
411738.59375,219978.0
413182.6875,136719.5
442387.40625,211004.90625
317476.59375,110924.5
344641.09375,153183.0
306762.09375,56291.8984375
317127.8125,29410.400390625
374157.8125,149602.40625
499296.3125,192407.09375
579754.3125,30313.69921875
365287.0,147080.40625
361970.8125,75827.0
290350.59375,21985.5
508944.6875,211052.09375
508916.1875,166396.203125
391326.59375,174183.0
624468.625,66307.1015625
344196.3125,67603.5
338331.40625,74507.5
288666.6875,42907.0
398122.40625,163197.40625
593132.625,52240.0
327072.59375,53437.80078125
447382.3125,145413.90625
325330.90625,48919.0
361274.3125,73181.5
394999.8125,222934.40625
358654.0,92758.296875
297476.40625,29254.5
430245.59375,151060.5
333090.3125,84393.703125
273894.59375,28918.599609375
576589.8125,62649.5
340630.40625,72479.5
498766.40625,166886.703125
343108.1875,104023.0
399769.59375,134248.40625
510961.09375,186904.796875
455530.6875,118841.203125
425439.1875,101760.203125
268571.90625,53991.0
382537.3125,146348.09375
442796.8125,133494.203125
291230.59375,37560.5
477204.8125,262968.09375
489694.3125,167683.40625
376805.09375,75931.0
366579.40625,80799.0
339809.09375,23867.80078125
505553.3125,99520.703125
549597.625,156247.59375
295815.3125,43078.8984375
453479.09375,194423.5
274656.6875,17805.19921875
544450.625,144856.5
343649.40625,111245.8984375
324652.3125,69311.5
381581.0,83182.203125
445972.1875,169132.59375
413777.59375,99145.203125
606576.125,103141.3984375
432859.3125,177703.09375
580119.8125,133800.09375
305290.90625,76864.8984375
382994.6875,133488.0
352292.40625,131317.796875
360103.09375,124328.0
444836.6875,214978.703125
454505.40625,154628.09375
520817.40625,180741.296875
335577.90625,125294.1015625
380391.40625,162472.90625
336790.59375,47150.80078125
320479.8125,42714.5
459389.09375,182166.40625
530446.875,177862.0
427327.0,129768.796875
402531.8125,131770.09375
336205.40625,55340.8984375
453809.90625,152589.796875
518193.6875,190900.90625
470829.59375,178691.203125
308300.90625,20750.0
461326.09375,158302.0
353204.90625,134355.09375
409831.0,162436.5
577616.8125,141450.703125
600333.625,119632.296875
315043.6875,44507.19921875
346169.6875,139245.40625
454835.09375,132578.203125
484489.5,154156.59375
367862.59375,102446.5
311930.6875,65971.796875
481317.40625,119175.8984375
540847.1875,113602.796875
465722.5,125931.203125
408843.59375,172999.203125
427865.3125,173797.796875
428055.40625,130261.1015625
515294.3125,233400.40625
384828.40625,124529.5
449661.8125,147351.09375
537442.1875,187461.296875
403949.09375,146991.296875
281538.5,26319.69921875
354828.1875,112692.1015625
340044.1875,24686.400390625
301848.09375,31213.900390625
484364.8125,157143.09375
320081.8125,42818.6015625
456369.6875,139037.0
325977.40625,70538.0
546877.0,50689.30078125
451050.1875,209108.703125
309295.40625,17737.599609375
279063.59375,18353.80078125
423273.59375,238611.0
413778.6875,195506.203125
353972.09375,110580.296875
538348.5,157995.296875
555034.125,76585.0
473623.90625,71996.8984375
315871.40625,50336.30078125
431068.5,192065.703125
423995.59375,132790.40625
427287.3125,201714.09375
496401.8125,126041.6015625
483962.40625,114099.5
536604.1875,73724.703125
383964.6875,138035.296875
404258.3125,89647.1015625
328552.40625,180401.90625
463620.6875,143005.0
372686.3125,127186.8984375
385342.40625,173753.5
300229.40625,37827.0
602141.0,96339.0
329286.90625,68287.5
470973.90625,212753.59375
568847.625,47192.8984375
303682.6875,44635.69921875
320318.40625,82681.296875
501914.90625,111345.796875
407411.59375,120073.296875
553775.8125,71709.3984375
433636.09375,160238.0
505679.1875,249339.0
459025.8125,227179.5
510284.90625,181101.09375
327290.40625,53593.19921875
492426.3125,211714.296875
332373.09375,95614.0
515649.8125,170183.5
413748.5,147715.203125
428931.8125,227129.0
494257.1875,132336.59375
414774.1875,132092.40625
390870.3125,24547.900390625
335082.0,76892.8984375
535311.875,130946.5
344053.90625,80286.5
374382.90625,112759.1015625
332930.40625,55929.0
292194.6875,38156.69921875
310530.40625,57874.80078125
532650.875,233427.09375
499004.6875,175908.40625
339170.6875,56521.69921875
320470.09375,72943.6015625
361002.0,120801.1015625
306268.0,37373.69921875
505992.1875,176817.59375
421364.3125,266832.3125
534697.8125,157365.09375
450305.90625,194554.296875
307637.1875,44421.30078125
528446.0,117224.703125
555921.8125,94840.0
539381.625,171248.90625
497753.90625,78231.8984375
372173.90625,87281.5
406222.09375,26599.5
364720.8125,145731.0
504296.90625,101726.1015625
506168.09375,120147.796875
345862.0,84636.296875
334192.6875,60756.0
377184.59375,169916.0
528372.1875,164484.0
411153.0,161970.5
534720.0,201585.703125
579006.8125,67196.796875
501486.09375,171918.0
359971.40625,74930.796875
425571.5,187035.703125
452580.3125,124732.5
475469.59375,131391.40625
327088.90625,76448.3984375
385041.6875,205252.5
440179.40625,227855.0
332360.3125,70231.0
493533.0,245401.09375
324430.90625,82292.0
463882.40625,238329.59375
402975.09375,122414.296875
571425.625,89578.3984375
450262.6875,171694.40625
342923.1875,128358.203125
450142.5,193900.203125
359236.5,151929.296875
454894.8125,217088.40625
380793.8125,116414.0
297745.3125,23300.5
524136.6875,172597.90625
564740.125,147679.203125
545248.8125,138577.796875
424958.3125,152627.09375
547501.1875,154673.5
457678.59375,150990.5
346750.1875,22575.19921875
451074.90625,111162.703125
453039.59375,297577.0
501022.1875,58016.8984375
361959.8125,112590.296875
410548.59375,180891.796875
437667.90625,125449.703125
493050.5,210602.5
517504.6875,179886.59375
317210.5,72027.1015625
446276.5,203681.59375
315962.09375,42567.1015625
536280.125,130164.796875
450299.09375,165210.59375
481686.1875,190970.0
583739.5,77962.203125
347556.6875,57582.0
394684.40625,159595.703125
356847.5,135372.0
501832.8125,71391.6015625
328990.1875,130030.0
462431.8125,221457.09375
390647.59375,116049.3984375
439048.40625,216251.5
455201.5,185730.40625
388179.40625,162944.203125
393513.1875,176127.703125
437017.8125,146336.203125
324092.8125,24151.599609375
556192.125,80951.6015625
327611.8125,102446.3984375
556410.6875,196848.40625
594724.625,130199.203125
546059.0,175201.296875
487949.90625,153332.203125
490874.09375,104821.5
290717.0,47567.80078125
350301.5,72225.703125
445683.6875,139257.0
380981.6875,126759.0
503190.09375,152717.0
480804.1875,112790.796875
477743.1875,145103.40625
405219.0,148476.59375
347288.09375,89482.796875
322455.59375,39938.19921875
510376.09375,156621.703125
417613.40625,104988.796875
397612.0,137329.5
425850.8125,178506.90625
381225.6875,58093.69921875
273516.5,43188.6015625
340548.09375,95610.796875
305061.09375,52012.1015625
369520.6875,112821.5
490112.5,51280.19921875
416102.3125,157327.703125
430811.1875,154934.90625
454799.0,92106.0
502910.90625,171701.5
305172.1875,21168.5
432414.90625,140545.203125
455874.1875,130113.796875
357907.1875,116773.8984375
502869.40625,155957.703125
476228.6875,132568.5
425258.0,143619.0
314387.59375,44466.0
329479.40625,65836.203125
591376.3125,29928.0
512947.09375,158407.203125
412660.09375,137486.09375
493026.6875,44618.69921875
511576.90625,272644.0
481225.5,184338.5
558746.0,85384.1015625
380428.09375,68238.1015625
325200.5,40896.19921875
332266.59375,86668.796875
380409.40625,146773.203125
299814.8125,39834.6015625
468377.6875,153328.0
334182.1875,76223.8984375
297787.8125,27776.099609375
426270.1875,133776.796875
407119.40625,167475.703125
555600.6875,58694.0
359975.59375,97081.0
408794.59375,165396.296875
510056.6875,169537.90625
369784.1875,51336.30078125
311355.40625,18838.19921875
303490.1875,41865.8984375
454191.8125,116534.796875
564367.625,139394.703125
453298.90625,211650.296875
287812.1875,62070.1015625
362916.90625,118151.5
351869.5,170607.09375
481633.3125,28593.0
316768.1875,19820.19921875
327014.59375,36904.6015625
429840.59375,193429.09375
560060.875,120013.8984375
356179.0,100332.703125
304168.3125,19763.099609375
385691.09375,55425.80078125
513171.90625,194060.703125
526725.6875,141241.90625
428756.90625,197230.703125
389761.40625,125527.5
584902.5,121173.296875
367475.5,116078.796875
478237.40625,142865.203125
343354.0,95184.0
433199.1875,156458.90625
556393.1875,90374.8984375
432208.0,228999.5
455465.09375,116827.0
538620.6875,138540.40625
304899.5,101161.703125
401515.5,149875.09375
406946.59375,144002.796875
321211.09375,31789.69921875
478175.8125,158218.0
476804.09375,98678.796875
457174.59375,173001.203125
460915.1875,198681.59375
485309.0,162630.0
310407.0,17608.599609375
498946.8125,199762.5
368492.09375,89904.1015625
463972.90625,154171.90625
299895.6875,52849.5
406000.1875,134615.203125
541304.625,88582.3984375
383192.40625,157580.5
369019.09375,145665.203125
574037.5,32538.400390625
358461.90625,80618.703125
324340.90625,107770.703125
395185.59375,157842.5
534188.6875,179358.40625
418383.40625,158614.203125
475171.1875,145117.5
314219.0,146336.5
325389.40625,43890.0
442989.6875,186540.5
547947.625,136659.0
318285.1875,137217.296875
431472.5,139154.796875
328765.0,77048.796875
427428.1875,149463.5
580062.875,93108.0
344106.1875,114921.296875
431153.6875,191758.90625
372191.0,133094.59375
347773.09375,132879.703125
380334.09375,122004.703125
341146.90625,127794.5
461090.8125,150643.0
482836.5,248084.09375
470613.59375,131565.09375
279339.59375,118791.796875
475526.1875,172713.0
319695.90625,22355.19921875
387155.09375,150559.09375
306393.09375,27317.5
303543.3125,42554.1015625
309634.1875,54602.0
549340.1875,97891.8984375
295059.09375,32578.69921875
296709.5,51164.69921875
336590.40625,68837.703125
332551.90625,111572.5
493157.6875,199802.0
385296.6875,101742.796875
304559.90625,91906.5
329109.5,64772.5
428513.0,159693.59375
541021.625,213809.703125
463289.59375,163496.796875
365125.0,121569.5
379801.40625,126875.296875
403589.1875,194370.59375
534716.375,109554.0
382454.5,181564.09375
559201.0,183342.09375
400886.09375,119935.6015625
510304.40625,192422.703125
554013.125,125715.3984375
298259.90625,60855.0
452529.3125,85057.8984375
474041.09375,200897.703125
538925.1875,189579.90625
540197.1875,235406.5
388586.5,142465.0
428588.5,144152.703125
314157.8125,24421.30078125
403035.40625,195875.5
376480.5,140446.203125
466681.8125,189347.796875
475881.6875,135205.703125
598465.5,32461.900390625
452552.40625,221443.09375
420764.6875,185162.296875
367856.1875,130440.3984375
451029.3125,90477.3984375
472167.8125,148386.0
493362.09375,174142.5
352494.6875,119451.203125
514034.59375,164285.40625
407995.3125,188318.5
390474.6875,114076.796875
557394.0,89316.203125
520627.3125,144846.09375
468500.0,182069.796875
325318.8125,78230.6015625
482594.3125,170856.40625
456554.59375,54580.5
429735.6875,136833.703125
454909.90625,203451.0
477589.59375,74425.6015625
583667.125,165848.90625
537842.8125,175312.296875
399146.5,91100.203125
315519.3125,81540.296875
525561.8125,215072.5
353648.09375,145678.90625
490271.1875,187740.203125
543257.125,117530.1015625
377828.59375,120045.0
486976.0,144069.40625
393006.59375,154992.09375
551797.0,210827.203125
541256.8125,200751.296875
468227.59375,201902.5
375582.8125,128252.796875
323868.5,50053.69921875
518772.09375,152046.59375
553557.875,124632.703125
581972.625,139157.5
520611.1875,195332.296875
547404.1875,95404.296875
293089.59375,53149.80078125
364336.90625,118167.796875
455737.8125,190032.90625
420463.8125,145147.5
437464.09375,122978.6015625
416898.0,140407.40625
259142.09375,30257.400390625
542446.125,150295.09375
467240.6875,76394.5
479954.59375,102362.8984375
469629.1875,200112.40625
333249.09375,75893.796875
266716.0,37107.1015625
348597.40625,141987.703125
476456.90625,163833.203125
477710.40625,56722.5
305886.5,22272.69921875
476880.1875,125169.703125
484147.5,136514.59375
510627.3125,204279.296875
591470.1875,160027.5
483186.0,73132.8984375
485595.0,193179.59375
397363.09375,152146.59375
313407.09375,20661.099609375
422685.90625,179676.40625
303234.5,22120.80078125
392970.3125,208118.296875
344471.3125,81316.0
371954.59375,101105.3984375
333579.6875,58615.69921875
329776.0,35839.6015625
304997.09375,21094.099609375
344191.8125,86895.296875
440596.59375,105265.1015625
590862.5,100149.203125
347683.40625,141710.90625
352953.3125,118332.796875
533671.1875,205608.796875
369807.90625,117564.703125
304157.09375,17538.80078125
459951.6875,201484.296875
445924.90625,209489.296875
344975.3125,23847.69921875
330999.8125,120374.3984375
398567.3125,121221.8984375
412225.3125,152705.59375
423249.3125,150565.59375
526524.125,49476.6015625
414987.1875,105753.3984375
535403.6875,150728.0
574332.125,206892.296875
315476.5,34558.1015625
520183.90625,169471.703125
470567.1875,231566.59375
361728.5,178406.203125
415302.8125,136831.796875
411379.6875,191956.703125
334454.5,83289.6015625
493155.6875,182761.09375
335890.8125,161186.796875
333690.3125,91626.0
392194.59375,120714.8984375
321863.40625,42777.0
536992.8125,139030.296875
526053.6875,165932.5
380857.09375,30198.099609375
372659.5,70038.1015625
485152.5,187697.203125
477670.09375,159859.59375
481142.40625,184070.40625
448398.3125,195266.296875
458119.6875,68667.296875
291621.90625,59170.1015625
526502.875,61515.6015625
536600.625,135171.796875
336656.1875,104329.8984375
512939.8125,78200.6015625
505736.40625,230554.90625
315115.09375,132396.5
328608.6875,156574.703125
308462.6875,19676.30078125
340928.3125,124312.1015625
549119.625,126171.1015625
382638.1875,138287.09375
446927.59375,109339.1015625
401980.3125,170264.796875
284201.1875,16911.0
542072.3125,131878.296875
406257.3125,184388.5
372892.09375,102277.3984375
557598.5,80499.1015625
448171.90625,170944.5
350694.6875,87134.6015625
566758.0,99200.203125
510496.3125,186743.296875
564709.125,202813.40625
343760.6875,102399.703125
450951.40625,133447.5
380700.59375,125374.6015625
503645.8125,196788.296875
568556.0,171002.90625
336000.0,153992.09375
328346.09375,63028.6015625
387399.09375,163758.59375
393831.40625,94880.8984375
296566.40625,39216.8984375
499415.59375,210416.296875
467496.1875,173949.796875
419082.1875,115929.796875
500476.6875,159365.90625
308881.3125,93375.203125
554176.1875,72554.203125
395344.8125,109783.1015625
306163.3125,37152.8984375
595313.625,34920.6015625
535414.0,191557.90625
505667.8125,157213.5
427082.6875,126769.0
367623.6875,46794.80078125
464202.90625,210538.203125
547049.1875,77610.703125
571223.125,200860.796875
438875.90625,180020.5
439570.1875,237073.0
379013.0,108570.703125
532993.125,130417.6015625
299987.0,67155.203125
540162.875,206156.203125
578653.125,90348.796875
328463.8125,119357.796875
515646.59375,179685.59375
304500.59375,125620.1015625
366388.0,112866.703125
395754.59375,75467.6015625
487532.40625,164288.90625
348655.59375,115907.0
339692.40625,94217.6015625
407275.8125,193358.203125
468701.1875,207450.203125
576588.3125,30216.099609375
375075.8125,91576.296875
306922.40625,19210.0
497056.5,90581.703125
302176.3125,50555.30078125
389179.40625,135039.0
423811.59375,174308.09375
284234.8125,91852.296875
370907.5,111196.8984375
397704.40625,151666.40625
398401.59375,169589.90625
573042.125,73734.1015625
520501.8125,186012.90625
421866.1875,151149.59375
545625.1875,156436.203125
531274.375,82578.703125
326036.09375,71864.203125
356761.59375,79093.796875
539529.6875,115067.203125
461443.09375,150977.703125
266960.5,32195.599609375
516387.0,178343.90625
313971.0,29189.80078125
464839.6875,154620.703125
381277.0,106120.1015625
381230.59375,80379.3984375
479220.59375,118219.203125
425159.59375,155514.59375
499895.3125,189452.703125
369833.6875,86262.1015625
452958.6875,192413.296875
448611.3125,161808.796875
427510.3125,102036.203125
517611.40625,139172.203125
338601.0,77523.8984375
461562.09375,144871.703125
575585.6875,100467.796875
494439.59375,168840.703125
398261.59375,147816.90625
343519.40625,70692.3984375
328606.09375,73254.6015625
422744.8125,157862.796875
434194.0,166996.296875
450185.59375,111103.8984375
414701.5,127212.0
534503.1875,89236.6015625
406835.90625,144060.5
394756.5,202289.90625
511066.8125,119478.203125
326421.09375,60307.8984375
358787.90625,81923.203125
425953.8125,126903.296875
336658.09375,69082.203125
494960.59375,139639.90625
438668.59375,68306.203125
456136.3125,168144.296875
390773.40625,166672.5
589611.3125,61362.80078125
446728.40625,189581.5
279907.1875,59614.1015625
373124.90625,121029.8984375
311368.59375,68792.703125
308410.1875,46199.19921875
381285.0,164042.796875
489113.90625,81764.1015625
303545.0,27480.099609375
432806.59375,73604.1015625
358789.0,76345.8984375
320351.5,55898.69921875
326053.5,33037.80078125
394505.59375,123853.6015625
443877.6875,144330.703125
304458.1875,21260.5
406763.40625,154770.0
419319.5,165668.40625
355054.0,89526.703125
519600.5,141479.5
356119.40625,138293.5
338682.90625,110280.0
351155.59375,109945.703125
307050.3125,111859.296875
354162.0,146074.796875
505676.09375,190299.90625
304363.59375,28008.099609375
294958.8125,113012.796875
515997.3125,134368.703125
341950.1875,76082.796875
353852.09375,112937.5
356485.59375,91442.203125
273490.1875,112645.796875
469292.59375,180629.703125
479770.1875,145963.59375
396953.1875,170272.5
452268.40625,173238.203125
490213.8125,182984.203125
556253.1875,36975.5
351064.40625,104156.0
383026.6875,196723.703125
318918.5,31478.0
296576.6875,29425.900390625
582491.3125,44191.19921875
591048.3125,38784.5
350376.3125,119244.296875
395640.6875,124588.3984375
539538.8125,70052.296875
314796.0,44230.80078125
335040.6875,96326.1015625
428620.6875,183254.203125
333070.09375,125035.1015625
350942.8125,72026.703125
370260.3125,180438.40625
339953.6875,85910.296875
392396.90625,92831.296875
447221.09375,172574.796875
547361.5,119428.296875
540580.625,102027.8984375
460956.1875,83364.0
279145.8125,45194.80078125
465787.6875,129703.703125
551449.375,63096.19921875
313317.09375,58750.3984375
506092.1875,232235.703125
375136.6875,133015.703125
340919.0,90063.0
423740.6875,183173.09375
533512.0,169351.5
548567.875,73477.5
305842.09375,27537.0
544951.3125,49442.19921875
434865.3125,169003.796875
296998.6875,48289.3984375
407471.59375,208293.703125
312936.5,56547.8984375
588655.375,151491.703125
318225.1875,62331.1015625
309174.1875,31631.69921875
304756.1875,76031.796875
364448.59375,112860.0
472489.59375,132513.203125
476805.40625,192247.5
567427.1875,60120.6015625
284175.3125,37422.1015625
473217.40625,127969.203125
538510.0,170235.203125
502677.09375,178255.796875
451644.0,161547.203125
283161.1875,21116.099609375
382255.6875,140721.703125
315079.90625,54102.69921875
557206.125,112970.3984375
369107.6875,158058.703125
306151.1875,76546.5
393826.0,139991.5
499271.0,137115.5
494715.5,56989.3984375
318554.6875,177800.40625
397550.59375,126940.8984375
581789.875,138169.703125
376707.8125,96324.0
396208.40625,89536.8984375
457836.59375,202629.40625
415609.09375,103233.1015625
361517.3125,111610.796875
386428.8125,158242.40625
313962.1875,19848.19921875
323071.0,129283.203125
563242.875,180411.40625
330103.59375,40626.19921875
407300.90625,187786.296875
528410.1875,32919.30078125
427460.09375,153962.40625
422816.0,176656.296875
515851.6875,230575.09375
345918.1875,169233.59375
467963.5,171959.40625
528526.625,43131.69921875
510386.90625,134658.296875
321587.1875,24239.30078125
440444.09375,165580.703125
425245.90625,54709.1015625
474930.59375,205330.40625
367271.0,81846.703125
315737.6875,26900.5
331618.59375,70809.1015625
565176.625,103371.3984375
561878.625,263777.09375
371493.40625,140838.0
313815.5,41286.69921875
510339.40625,79598.5
458452.09375,208168.90625
561885.1875,49675.3984375
429921.3125,149281.796875
475856.40625,158847.90625
362332.6875,69145.8984375
512073.90625,201099.59375
499479.5,161403.796875
292901.6875,18194.0
368076.09375,106439.3984375
293416.09375,20039.69921875
418965.3125,131821.90625
331121.59375,85050.6015625
506632.6875,214285.296875
464638.6875,198170.59375
407100.40625,59249.8984375
551689.3125,47351.1015625
353514.0,106018.296875
444558.1875,216825.296875
572600.125,139747.796875
332008.0,57792.30078125
362546.8125,129384.296875
394393.3125,178286.203125
307110.09375,35014.0
388753.90625,128894.3984375
459779.8125,134259.203125
379905.09375,74038.703125
289168.90625,25683.900390625
324806.09375,23485.0
578362.5,128711.0
495222.59375,244591.5
311400.8125,25693.099609375
291138.5,24688.599609375
349967.09375,77591.6015625
379808.1875,137921.09375
436964.09375,138146.5
392390.8125,151183.296875
511441.59375,52550.8984375
516541.0,100813.1015625
314860.1875,35063.6015625
409416.0,117735.296875
541102.8125,227313.5
378426.59375,66021.8984375
420852.40625,85386.703125
425691.0,73345.1015625
326941.0,20101.599609375
425627.1875,199962.203125
397073.09375,146162.203125
475453.09375,139165.40625
334118.8125,108471.1015625
500341.1875,145649.703125
420175.5,140660.296875
576917.1875,96398.8984375
499140.09375,255132.203125
402190.3125,167848.796875
436416.09375,130590.796875
572387.125,66541.5
342788.59375,148232.09375
516191.3125,170445.09375
329481.8125,53986.6015625
601785.125,29742.400390625
456703.90625,185475.0
526607.6875,175944.203125
501568.5,114271.1015625
314418.90625,26487.400390625
468357.5,216980.09375
306441.5,46690.5
356899.59375,157596.796875
446299.3125,148276.90625
327049.5,86743.6015625
398208.09375,161860.59375
486081.8125,167348.59375
349516.0,137809.59375
278969.09375,82543.3984375
444446.5,203862.796875
319160.3125,97791.796875
306045.1875,34059.19921875
299866.0,21371.80078125
513308.1875,161674.90625
347508.3125,62333.1015625
343240.0,86932.6015625
443998.09375,174636.90625
336724.09375,101559.3984375
360820.1875,204467.90625
485095.8125,209775.703125
380028.59375,155051.0
381501.59375,25520.30078125
380983.0,116268.3984375
278469.59375,48697.8984375
527132.5,84438.1015625
472341.90625,214565.90625
427632.6875,190680.59375
357629.40625,95287.8984375
490105.1875,156790.59375
352958.3125,97128.796875
421245.59375,175146.0
380169.6875,161561.09375
381709.0,103587.0
495503.09375,154372.59375
372801.3125,103615.8984375
529025.0,95081.796875
512119.8125,196385.0
267353.90625,22020.19921875
492170.6875,127455.3984375
316648.09375,28340.900390625
351062.1875,76627.203125
476958.09375,171246.203125
593921.625,145000.40625
367924.5,108232.203125
311773.0,25520.80078125
440020.1875,135344.90625
325440.40625,44652.80078125
364264.5,134775.796875
433772.3125,103469.8984375
377725.8125,126185.796875
373933.5,117811.6015625
512796.8125,203022.09375
465746.5,284738.09375
434214.0,171451.203125
537264.1875,111210.3984375
518036.3125,195926.796875
475230.6875,140913.203125
343250.3125,84855.796875
402703.3125,205173.203125
318743.0,147310.203125
319613.6875,96615.203125
304337.0,41108.5
509879.09375,202897.0
383274.8125,22632.099609375
336051.90625,39906.0
527577.1875,158713.703125
520715.8125,161751.796875
300558.3125,52546.80078125
334687.3125,79615.6015625
356956.1875,108843.8984375
375239.0,137264.09375
324124.59375,53451.19921875
306958.1875,24189.19921875
515849.3125,145276.296875
525625.625,180090.5
302544.90625,108719.6015625
559903.0,76317.6015625
456726.3125,191245.59375
490762.8125,67948.1015625
422421.8125,173189.5
411785.6875,170759.703125
298483.59375,50623.8984375
293896.5,36497.30078125
423657.90625,216443.296875
322202.6875,79683.203125
370779.3125,111421.203125
537560.1875,49165.69921875
407721.8125,118407.296875
477358.40625,91580.796875
374992.3125,114110.703125
515685.3125,193873.59375
535145.875,33858.6015625
410972.40625,148811.40625
506706.6875,140383.703125
584523.0,51093.6015625
379349.3125,115382.1015625
511629.1875,113473.203125
404340.0,115288.296875
315566.09375,46171.6015625
290447.90625,76253.3984375
318666.5,65636.6015625
416395.6875,139132.09375
540191.375,294411.90625
303470.8125,39486.30078125
434380.09375,162912.296875
501675.5,171712.59375
540488.0,163430.09375
338467.8125,42416.1015625
351220.6875,30318.400390625
521517.0,51362.80078125
564209.6875,78891.203125
334240.59375,145603.703125
434877.09375,162582.796875
490409.0,159266.703125
389712.5,139762.296875
317176.8125,28186.30078125
513455.1875,184026.203125
293105.6875,20382.19921875
403143.8125,120020.796875
600114.0,46809.1015625
376720.3125,115712.6015625
389742.1875,132368.90625
431439.3125,64139.1015625
478838.8125,209357.5
373996.1875,132692.203125
416632.59375,143668.796875
511998.40625,207716.796875
322112.5,56410.5
313107.6875,60385.69921875
551874.3125,164405.203125
432418.09375,115645.203125
327810.59375,106057.296875
333600.09375,23272.5
471995.0,195462.0
340662.09375,75562.5
425972.3125,196016.59375
459653.59375,124128.1015625
561383.125,106071.296875
433783.1875,190401.90625
571339.5,81249.6015625
573006.3125,50310.6015625
476125.59375,181599.703125
290082.09375,40529.69921875
519067.40625,224474.796875
318299.5,40962.0
593529.5,140607.09375
313740.59375,38149.3984375
306568.09375,21119.69921875
311511.1875,49215.80078125
491895.5,130036.703125
346169.6875,128108.8984375
457601.90625,212663.296875
302936.3125,94058.203125
292435.0,34044.0
407181.1875,118480.703125
439148.09375,165466.5
432391.40625,133311.796875
446077.8125,96583.1015625
441433.40625,122260.1015625
477432.09375,177007.296875
482926.6875,191422.703125
303716.5,28421.599609375
369276.90625,103736.796875
426523.59375,175317.59375
399497.8125,182580.59375
330647.90625,80567.5
324795.5,57231.80078125
396395.1875,25447.099609375
455088.59375,141177.90625
562520.625,112389.796875
338855.3125,143068.40625
274155.5,21535.599609375
322442.59375,118293.8984375
331176.0,89708.0
283178.0,20584.30078125
536652.3125,115578.6015625
405860.1875,191499.90625
302151.8125,57872.6015625
501161.5,119976.796875
398375.6875,119243.6015625
322305.3125,67277.3984375
459771.1875,186725.40625
475070.8125,124989.1015625
315609.90625,21727.19921875
502862.6875,160392.40625
466282.3125,250250.296875
400806.1875,173815.09375
258218.0,93335.6015625
522249.90625,75620.1015625
491047.40625,216320.0
323640.40625,79168.796875
325492.3125,56286.80078125
567212.625,132582.59375
462656.1875,124039.8984375
406176.3125,207424.0
312926.90625,20949.69921875
312814.90625,23009.30078125
356392.1875,77580.5
360510.90625,25716.80078125
573237.6875,181980.40625
525131.6875,110188.6015625
557350.0,139743.90625
554261.3125,40616.8984375
283315.6875,70599.6015625
388202.6875,149127.59375
495396.3125,161968.59375
313429.90625,64578.30078125
330304.8125,61977.1015625
411006.3125,167033.59375
496820.40625,168395.203125
444949.09375,248993.59375
445289.0,158998.5
339289.3125,91299.296875
325717.40625,94472.6015625
419335.09375,174648.5
299622.6875,57624.6015625
543620.875,152983.796875
358383.1875,92943.3984375
504121.1875,134447.59375
395260.0,35478.3984375
338132.6875,66275.1015625
346173.3125,109972.1015625
420081.59375,149864.40625
534928.375,150984.796875
354796.6875,114273.8984375
463203.8125,226288.796875
414685.59375,97869.1015625
528060.8125,144666.59375
379097.0,109735.5
458747.0,182438.796875
339670.0,127820.8984375
460399.8125,144522.40625
358166.6875,88077.3984375
549433.8125,137425.59375
351908.09375,97074.3984375
317216.5,20855.400390625
551814.5,123248.296875
486626.1875,179947.59375
581146.1875,70107.6015625
302142.90625,127569.3984375
340907.6875,151603.09375
572117.5,120770.296875
358469.3125,66045.0
497051.59375,189535.5
409558.6875,136726.40625
282951.0,29788.80078125
375286.6875,91424.6015625
467454.1875,152562.203125
307597.59375,19131.400390625
373983.5,94703.5
549910.875,148992.40625
508265.6875,118777.6015625
534056.0,103999.203125
364988.5,134688.0
515413.90625,146927.40625
465006.90625,192599.796875
355969.8125,166629.796875
467552.40625,151517.40625
505605.6875,131420.59375
381990.8125,133528.40625
584128.1875,116220.8984375
364879.6875,109021.6015625
457497.1875,185667.203125
437107.8125,106995.6015625
282157.5,34291.19921875
301605.1875,90341.3984375
565357.0,186384.296875
299021.0,49579.8984375
368436.3125,95137.8984375
405191.8125,87957.3984375
300296.90625,22151.80078125
319180.8125,37669.6015625
478397.40625,188379.203125
432865.90625,132927.796875
336230.5,54201.0
466933.6875,150385.59375
527946.8125,176423.09375
348227.40625,64980.5
442308.0,93163.796875
441904.6875,165425.90625
351661.09375,43473.80078125
396583.5,171912.796875
559592.0,148122.40625
293758.09375,47050.5
455825.6875,197682.59375
516078.5,160517.296875
367854.3125,70598.0
500269.8125,168599.90625
401169.3125,156660.59375
501908.90625,148494.296875
383302.5,146881.296875
351595.59375,119694.296875
400001.3125,116763.1015625
362135.3125,118789.1015625
484868.0,28102.0
480553.40625,282332.40625
575153.6875,148686.09375
558127.0,128006.703125
494338.5,107459.1015625
510833.5,165617.40625
325536.3125,53652.8984375
455183.1875,147572.40625
553626.1875,171075.59375
442289.1875,143756.59375
436681.40625,141609.296875
388378.8125,168849.09375
317577.90625,78948.203125
287010.6875,45360.6015625
443563.5,139548.5
480948.90625,219802.09375
569618.375,104224.296875
465762.59375,194417.5
366719.59375,110722.796875
467800.5,56041.80078125
328457.90625,52953.80078125
550165.625,100569.3984375
322159.6875,60293.3984375
560070.375,140121.0
553540.8125,223123.796875
495559.1875,108790.8984375
524350.8125,176592.90625
296602.59375,99682.796875
473197.0,155622.59375
436988.3125,233644.203125
420407.8125,115052.0
298873.1875,43650.30078125
592800.875,38089.5
335353.3125,87371.3984375
488866.90625,163851.796875
451991.0,170555.59375
408812.59375,59621.19921875
417435.40625,83253.203125
547929.3125,218396.40625
481520.6875,160448.203125
414597.8125,171485.703125
424625.3125,169957.0
490754.90625,154170.0
585357.3125,44372.30078125
456210.0,228793.09375
422887.5,166187.0
478050.40625,192164.0
525468.3125,132663.59375
450001.3125,163056.203125
418567.59375,149769.09375
406628.59375,146797.203125
515560.6875,124071.1015625
365074.40625,120173.703125
296886.59375,102096.796875
282445.3125,18191.5
552121.3125,148401.796875
341350.3125,94602.8984375
287901.6875,55502.8984375
546348.875,37867.3984375
493968.40625,208343.203125
328209.8125,48334.3984375
558225.625,27670.80078125
400825.59375,168288.09375
563384.8125,85638.8984375
273317.5,21349.0
382118.40625,118875.296875
353875.1875,93449.203125
313781.40625,87670.3984375
348002.40625,136552.0
525612.1875,85574.3984375
380201.8125,151469.09375
337731.90625,64253.19921875
325293.3125,94369.5
330543.5,84465.796875
563076.375,141855.703125
353132.3125,145627.5
432830.59375,160216.59375
337624.6875,76220.1015625
356500.5,22097.5
489232.6875,182991.203125
415160.8125,128190.703125
447037.8125,156774.5
359236.90625,112789.796875
507248.90625,177635.5
351815.3125,20818.80078125
309662.5,76765.5
307993.1875,22760.69921875
598207.1875,219758.90625
477397.90625,156618.90625
330110.40625,80462.0
288222.40625,84196.3984375
496274.3125,25366.5
533720.0,149142.296875
489022.09375,162627.796875
274621.40625,29517.30078125
555065.3125,44964.30078125
495368.0,197000.09375
438435.1875,136443.203125
354427.8125,128217.203125
343730.3125,33483.0
307883.1875,31380.30078125
333088.40625,32470.0
344021.40625,91809.296875
395956.8125,210695.796875
300976.8125,20926.900390625
294408.40625,33906.30078125
357275.90625,79410.5
512393.90625,133750.40625
544408.5,119839.296875
368198.09375,148232.796875
386974.09375,138776.296875
357491.3125,120220.0
436960.6875,193090.59375
585201.8125,152125.09375
328387.90625,67001.203125
359997.8125,152574.90625
349361.5,67556.6015625
564220.375,122057.0
512484.09375,214429.09375
344562.3125,96861.796875
331124.0,74152.0
282001.6875,16764.400390625
465186.40625,180755.5
428745.1875,215370.90625
555306.3125,129260.6015625
424993.0,149517.203125
468107.09375,182734.203125
342499.5,43655.30078125
446012.8125,267974.1875
571856.375,72343.296875
341535.59375,89682.703125
566894.625,127649.296875
450732.3125,181933.296875
377447.0,127415.5
484807.1875,141170.40625
530861.0,155949.59375
319090.1875,48171.19921875
497613.90625,75888.796875
541658.875,199174.5
544738.375,210784.796875
474837.90625,136407.90625
440482.1875,178156.796875
390127.8125,144234.703125
421133.09375,173792.09375
262478.90625,91010.296875
405432.59375,148234.703125
373698.1875,137719.796875
523107.09375,47746.80078125
288993.6875,45944.1015625
360465.6875,82379.1015625
378768.0,102180.796875
283955.3125,70372.1015625
399836.8125,173590.703125
430912.1875,159954.796875
385290.40625,113131.5
474980.3125,37702.3984375
569503.0,83216.0
379112.09375,91396.203125
382603.0,77745.203125
527292.875,145629.203125
430877.59375,146897.796875
360583.09375,91965.6015625
521576.6875,66128.3984375
338891.0,121906.703125
336808.90625,86301.203125
392559.8125,163522.0
597963.875,90798.5
291761.40625,169581.796875
300869.09375,68559.1015625
452212.8125,152090.796875
515546.40625,143634.796875
558413.6875,107544.3984375
279527.90625,40103.0
557519.6875,182098.796875
541776.375,182550.90625
442944.40625,144343.203125
320091.5,38619.80078125
486924.09375,230238.09375
431895.09375,258912.203125
333061.09375,26998.80078125
342832.8125,162968.203125
459788.59375,200553.09375
434704.3125,155588.90625
407693.0,202375.0
393547.5,122179.0
420995.40625,166576.90625
320530.59375,35844.19921875
346657.8125,88976.203125
403381.09375,126395.203125
303970.09375,48029.6015625
552876.6875,226609.59375
278710.3125,22774.30078125
423249.5,201384.0
346758.6875,81311.3984375
455625.59375,182454.0
422819.90625,148673.296875
534327.8125,152002.796875
533563.5,307719.59375
547032.8125,121421.0
358041.1875,19312.30078125
365578.09375,88198.1015625
369888.0,20633.5
392802.0,51607.6015625
347877.09375,105472.203125
330264.0,127162.703125
313073.3125,30013.19921875
395318.09375,144036.796875
430861.8125,134620.40625
322517.5,19833.099609375
322219.6875,107685.796875
533894.375,178141.296875
607155.1875,60934.69921875
320694.5,51287.6015625
460209.8125,185530.09375
506287.1875,223112.296875
535284.8125,120353.0
298954.59375,43982.69921875
334933.40625,60219.69921875
574573.1875,98505.796875
471075.8125,177662.5
297300.1875,37185.6015625
428953.3125,189884.796875
504252.0,190788.5
417800.5,160441.296875
434983.90625,210738.796875
382394.1875,134318.0
457620.09375,185594.296875
505769.6875,229128.796875
518405.59375,141377.59375
409812.0,124325.5
509062.40625,138952.296875
320884.0,103038.0
373297.90625,146860.0
340224.6875,36284.3984375
539141.8125,194877.09375
260988.203125,28247.30078125
400519.90625,140429.203125
519937.59375,74096.203125
341348.0,173751.796875
346356.90625,126308.703125
332899.59375,55087.6015625
387939.59375,142756.796875
527041.8125,194644.5
348901.6875,119194.6015625
343590.1875,104245.3984375
368488.6875,153460.09375
577833.0,48720.30078125
326575.5,26555.69921875
503292.5,133535.09375
431482.59375,103642.3984375
305812.8125,68060.1015625
295411.90625,42502.19921875
399819.40625,184997.296875
578895.5,179845.09375
464480.5,220661.0
556429.125,113344.203125
402272.40625,179322.40625
556115.8125,59476.0
513776.0,210091.796875
472574.8125,184233.703125
283907.3125,29569.0
462417.09375,134100.59375
458903.6875,148016.09375
364143.3125,207425.796875
490684.5,170769.5
343417.1875,132750.5
502294.6875,153751.703125
542284.1875,188027.5
536067.625,205937.90625
482241.5,130655.6015625
378914.5,150078.296875
506267.1875,217746.203125
424689.6875,118627.703125
466023.8125,191167.09375
393826.0,109945.3984375
364999.0,115723.6015625
440562.5,141148.90625
522552.5,99579.8984375
334115.0,101620.0
467003.8125,145700.296875
337574.0,69133.703125
398172.1875,173622.203125
419280.0,159550.796875
337136.59375,61074.0
489529.59375,141241.59375
360208.5,67386.203125
493629.6875,191495.703125
391141.6875,160256.5
485373.5,171075.796875
459018.40625,186707.90625
514608.5,172770.59375
539669.125,154293.796875
448171.3125,158172.90625
310956.40625,41555.8984375
540019.0,176019.90625
331891.0,144982.0
478886.3125,145452.296875
475167.59375,158824.09375
319976.59375,25916.400390625
320569.90625,37924.80078125
560549.1875,139107.5
430891.0,141578.09375
347848.8125,85520.703125
389676.0,176726.40625
379929.0,96850.703125
515332.0,34644.1015625
473946.0,138584.796875
319929.3125,39236.8984375
428122.40625,171364.5
338322.1875,70726.203125
546333.3125,53641.6015625
470052.59375,182341.40625
351398.8125,118233.796875
369701.40625,106410.796875
350883.5,124596.6015625
357746.5,172942.296875
354939.0,161288.59375
357382.90625,105725.6015625
505724.0,169317.796875
458734.59375,192183.296875
460898.6875,331503.1875
397085.8125,90998.6015625
415979.8125,162844.09375
358502.5,77530.8984375
391945.0,104356.0
322995.90625,63166.69921875
445740.59375,207135.40625
577524.1875,67377.5
321745.1875,76523.203125
317974.6875,35095.19921875
451729.1875,130175.703125
410169.5,199448.703125
446366.0,187941.5
556213.0,66236.6015625
499217.59375,273767.40625
411904.5,108512.5
388196.59375,58246.30078125
305791.5,124575.8984375
308005.59375,36207.1015625
516618.6875,119309.5
443986.09375,153791.90625
376463.6875,116711.0
358195.0,26134.30078125
435773.5,177147.90625
303915.5,46272.69921875
434050.1875,87656.0
317357.90625,94199.0
563797.375,130078.3984375
523473.09375,206434.59375
388173.59375,51815.1015625
470218.6875,168275.703125
440699.3125,165083.59375
494703.6875,134716.703125
437474.8125,125608.1015625
502369.5,167216.5
321989.1875,36123.5
556371.5,36769.80078125
369119.0,134571.90625
327972.0,22948.30078125
485602.90625,208789.40625
394920.1875,129452.203125
551767.875,84661.5
418376.40625,189655.296875
363988.5,101621.8984375
341458.0,108788.6015625
549916.6875,148657.203125
295457.6875,57208.5
549798.125,130496.1015625
304144.09375,28696.099609375
365441.1875,149362.203125
525159.3125,82829.3984375
434055.5,132711.203125
380724.1875,135072.203125
560648.8125,138475.59375
456563.0,173853.40625
314773.0,24710.599609375
439178.90625,164098.703125
373230.5,125183.3984375
466727.5,156215.5
473310.1875,156651.0
436488.90625,228141.296875
537056.6875,66376.0
325488.1875,117796.203125
395501.1875,139006.5
451841.0,217543.296875
289426.0,34495.30078125
381191.09375,216820.59375
544807.1875,92880.703125
477397.3125,160894.09375
521836.5,111121.0
303661.5,52789.6015625
492712.59375,215177.90625
561162.125,62399.80078125
364666.5,126136.3984375
456939.40625,157939.296875
421193.5,128392.796875
457202.5,70099.1015625
380572.40625,119717.5
324015.59375,38847.1015625
421656.59375,144130.40625
348721.5,106411.296875
354948.3125,111376.8984375
553060.3125,48819.5
537936.125,74123.3984375
387966.40625,83387.296875
400396.1875,130076.0
484521.8125,223328.703125
397526.1875,131332.5
375030.5,99699.1015625
470020.1875,70573.703125
366020.1875,94160.5
551973.125,92729.6015625
366832.09375,72785.8984375
462678.8125,168596.09375
568946.5,78280.203125
446388.8125,246313.59375
501421.5,103256.8984375
484742.5,197423.5
288753.0,75452.3984375
560479.125,135287.90625
524707.3125,116794.703125
394646.5,125872.796875
348941.5,64710.3984375
432122.5,153828.296875
350734.09375,27557.599609375
385493.09375,169596.40625
564761.6875,80301.0
510693.6875,118804.703125
518921.40625,85449.5
313673.1875,42435.69921875
353007.8125,117248.6015625
484902.8125,199715.203125
466581.09375,231011.09375
598070.6875,65891.5
545878.625,194500.296875
439673.1875,147420.703125
527457.8125,213197.59375
327547.8125,18720.099609375
393503.5,133017.40625
347729.09375,158093.40625
267608.5,41975.5
433289.0,135632.90625
253134.0,92372.0
312871.3125,38873.80078125
316393.8125,60898.69921875
549817.0,218371.203125
483996.1875,209259.703125
437219.3125,173829.09375
498503.0,166519.296875
416827.40625,120727.5
472955.40625,158120.90625
337201.59375,46814.1015625
341357.8125,84073.296875
405899.8125,147549.203125
320926.1875,118697.5
329841.1875,124921.203125
538209.375,169010.40625
342287.6875,150346.0
347699.5,94793.796875
524731.1875,221691.203125
508484.59375,100571.796875
307081.3125,49032.0
317079.6875,62558.69921875
254996.59375,60856.8984375
424912.0,197730.0
415494.59375,178646.796875
390021.8125,154749.296875
481079.1875,139983.203125
342579.40625,104302.203125
311531.59375,55128.6015625
456629.59375,83987.1015625
382228.40625,100933.8984375
450697.09375,137452.90625
310891.40625,47777.80078125
340504.5,118662.3984375
338645.90625,29364.900390625
325546.0,70693.1015625
296080.1875,30625.30078125
511113.1875,96188.5
349254.0,80329.8984375
585988.6875,118748.3984375
318160.3125,42176.0
402513.59375,169222.5
557431.6875,84667.796875
355612.0,67000.703125
461608.8125,57875.80078125
563561.125,63652.1015625
414729.1875,156382.203125
314653.3125,45595.5
535097.125,139091.5
354111.59375,133996.296875
446379.1875,215358.796875
291963.1875,63928.80078125
468256.6875,205360.09375
544068.875,150009.203125
470570.0,149323.203125
382807.3125,78750.1015625
499369.59375,186089.796875
534709.1875,160620.0
512843.09375,147845.796875
500366.6875,186772.296875
328748.3125,49164.0
418528.1875,126587.6015625
307546.6875,80606.0
347044.1875,25031.30078125
347189.1875,82407.5
324735.3125,167151.203125
383433.59375,148899.296875
427594.5,174696.59375
510118.1875,122055.5
293545.1875,48652.8984375
502089.59375,142968.796875
378268.09375,125822.5
479070.1875,54878.1015625
477483.6875,187078.703125
376060.0,47965.8984375
500888.09375,197090.0
430086.59375,128574.8984375
417969.3125,177871.5
288695.6875,30827.80078125
382683.3125,150341.09375
307335.09375,108116.296875
514340.0,151046.296875
336290.09375,64360.30078125
528141.3125,163511.0
406279.1875,181761.796875
383222.59375,131079.90625
317563.6875,32361.5
573000.6875,111512.203125
369196.6875,110296.3984375
559263.1875,84951.5
315847.0,28023.69921875
351038.3125,121585.296875
377801.5,141912.296875
515075.1875,210524.203125
508174.6875,158712.203125
415048.0,120274.1015625
379093.6875,126106.6015625
399008.09375,142871.296875
475289.09375,148317.5
621904.3125,36226.5
302771.1875,40425.80078125
315329.59375,51933.8984375
515884.1875,142306.09375
378137.1875,136586.5
457308.59375,156361.296875
310320.6875,22975.30078125
548329.8125,51399.0
506394.90625,216145.703125
375873.5,153901.203125
324526.09375,65636.796875
341272.40625,86661.796875
389752.09375,160307.5
517141.90625,135490.796875
502113.1875,145536.59375
442744.59375,100636.0
450442.3125,151460.203125
406991.59375,169465.203125
290159.59375,71626.1015625
381426.59375,109438.5
530610.3125,126771.796875
416997.6875,237079.0
565159.1875,124319.203125
547407.1875,234701.90625
446094.09375,177219.796875
323159.3125,60600.0
299183.1875,34635.19921875
527461.0,148410.90625
261736.203125,22196.400390625
506340.59375,141806.296875
430885.3125,163430.5
390926.59375,149249.90625
472490.6875,119358.0
314160.6875,53342.3984375
320434.09375,76367.0
560826.6875,129047.203125
495288.59375,162610.90625
437795.6875,162556.296875
553915.3125,145212.296875
347544.3125,102569.203125
288368.59375,93642.796875
329243.40625,94854.796875
481610.0,128062.6015625
524778.8125,172058.0
514525.59375,176794.5
561362.625,45171.69921875
474880.40625,177050.703125
331967.1875,109006.203125
377914.5,192769.90625
578536.625,138610.5
418062.6875,155848.296875
448307.40625,162773.09375
491572.09375,159091.296875
343267.0,114957.1015625
301566.59375,92902.703125
335010.90625,20769.400390625
308426.09375,25797.0
425160.6875,26167.69921875
332349.6875,61195.6015625
425690.0,201804.5
294746.59375,38017.0
309549.40625,63807.3984375
535274.0,109712.796875
296726.90625,50495.69921875
495527.8125,174085.0
397447.90625,132487.0
476978.09375,197309.40625
418952.5,151486.796875
355428.90625,184079.5
567969.875,158784.296875
535174.625,183031.703125
298482.59375,64389.80078125
467079.59375,69380.6015625
354331.8125,95358.5
317742.8125,39798.80078125
311242.3125,48687.3984375
385303.90625,110744.1015625
316237.59375,18767.80078125
313316.59375,92566.203125
371379.59375,106628.796875
401910.40625,213206.90625
361879.5,76054.296875
467167.40625,191300.703125
584772.0,81876.0
499567.59375,174369.0
319525.0,53287.8984375
429023.59375,114338.796875
574379.5,161867.5
327728.09375,66044.703125
479717.09375,150827.703125
594642.625,38924.80078125
370208.1875,130258.3984375
492873.5,152633.796875
433047.09375,124382.3984375
439241.90625,165431.796875
346429.8125,146945.90625
546665.875,131552.0
349332.40625,88108.5
336409.59375,101321.703125
407481.8125,161671.90625
319980.6875,19059.0
301395.09375,29334.30078125
306527.09375,44729.6015625
614541.5,94714.6015625
365533.09375,126937.703125
389816.8125,85100.3984375
414157.0,140027.0
325666.1875,67118.703125
283481.59375,26447.19921875
522803.3125,205363.0
329936.09375,65529.80078125
470188.59375,197061.09375
386802.5,155864.796875
327382.8125,94081.1015625
559757.375,120329.703125
462730.5,183862.0
384842.59375,34220.30078125
299444.09375,27012.69921875
363855.1875,121182.296875
394729.8125,182801.5
460481.90625,179229.296875
304260.3125,21617.900390625
480780.5,180579.5
354903.09375,135898.296875
438487.09375,212090.09375
553315.125,125890.203125
514503.90625,124783.796875
490402.40625,187420.59375
402368.09375,157545.296875
302976.40625,24559.5
325320.8125,49416.80078125
569745.875,96765.3984375
309068.59375,109063.5
370767.1875,30785.599609375
556322.6875,188598.796875
419006.90625,170238.703125
380880.09375,128830.5
536291.8125,104002.5
413604.8125,61946.3984375
485797.6875,217523.90625
438307.09375,173385.40625
529257.8125,132249.0
301961.59375,80952.8984375
357614.90625,67968.296875
492716.8125,174235.796875
452255.1875,157124.5
504873.59375,152920.703125
340867.8125,52968.3984375
360633.1875,136800.5
516101.09375,238579.796875
355847.09375,134812.796875
562893.625,37072.19921875
461508.8125,154912.5
426564.3125,155864.90625
330041.40625,60998.6015625
326787.1875,141827.203125
482984.09375,81339.203125
374086.8125,125490.0
308366.6875,143925.203125
402145.6875,115431.1015625
325483.90625,24627.19921875
300133.59375,25087.400390625
514144.90625,137375.40625
562814.3125,32743.900390625
323449.09375,82863.0
368311.5,160942.5
473914.40625,146257.203125
323101.90625,69613.0
397565.09375,154705.796875
311653.5,26304.0
433043.1875,191795.203125
318980.59375,88085.296875
408033.5,170554.59375
478146.3125,167973.0
323251.09375,61193.30078125
514632.59375,221579.59375
349566.8125,107633.296875
427572.40625,157211.90625
318747.6875,51441.1015625
515271.8125,103783.703125
319614.59375,96542.203125
401199.09375,133563.0
438029.09375,112797.0
368312.8125,129514.6015625
327211.0,50206.19921875
412312.90625,105265.8984375
433058.0,176118.59375
364350.40625,117474.796875
521561.59375,167585.203125
304499.5,66726.0
318404.59375,34669.80078125
401673.09375,147575.09375
404184.0,160814.59375
402762.59375,166067.703125
300792.40625,26986.599609375
344049.1875,138500.203125
482813.09375,228478.09375
304991.3125,40255.30078125
559795.375,60579.3984375
347703.59375,34836.5
551428.1875,148137.09375
393346.40625,172173.703125
349840.1875,70193.296875
300461.6875,44743.30078125
455935.90625,51000.8984375
278282.8125,67988.3984375
459322.5,212189.5
505969.59375,202087.203125
328460.09375,78685.5
330629.5,134522.5
495630.09375,201796.203125
378474.5,67945.5
422265.09375,171729.296875
282015.1875,26115.19921875
413128.59375,146257.59375
553341.625,115983.296875
302410.40625,57425.0
489144.59375,160490.0
591849.375,131712.203125
561477.1875,35073.30078125
515168.3125,42152.6015625
523435.0,39115.6015625
331661.3125,57580.5
572500.0,132488.90625
434789.40625,102420.296875
446426.0,223666.40625
408200.40625,159863.90625
360868.40625,144141.296875
392738.59375,136923.703125
270261.40625,41271.30078125
401755.90625,305210.6875
312824.59375,45192.80078125
329513.0,143656.796875
382468.3125,131261.796875
304576.6875,104961.0
412770.90625,150826.0
297793.09375,37668.30078125
577709.8125,80482.796875
426903.09375,205295.0
444529.1875,236515.0
390212.90625,30043.30078125
531665.0,167736.40625
322658.09375,44124.3984375
395824.3125,143142.09375
370065.6875,236387.0
545261.5,26916.599609375
384529.8125,95117.0
344600.5,136968.203125
489028.8125,159376.296875
499770.0,143857.40625
282005.09375,84251.1015625
322957.59375,67486.703125
538611.375,178073.40625
309888.1875,51320.0
314390.1875,62825.8984375
280284.8125,48822.30078125
310839.1875,25324.900390625
332712.40625,19988.30078125
365102.59375,51467.8984375
593762.5,163281.5
317458.6875,113471.0
287380.8125,27214.5
284183.3125,98102.6015625
309949.1875,135190.0
345048.0,69182.0
464644.6875,183093.5
527066.3125,143756.0
365006.5,106324.8984375
434606.90625,170000.09375
571197.875,112600.1015625
492807.09375,175829.203125
437640.6875,205209.5
371453.59375,119456.3984375
376051.40625,141926.296875
289892.40625,82993.703125
349574.3125,141025.59375
560987.6875,35623.0
535889.5,125824.6015625
391666.59375,137778.796875
354264.1875,138855.296875
328220.40625,52842.80078125
299355.0,50201.19921875
292513.90625,81144.296875
443593.5,204006.09375
413845.40625,147855.796875
502944.3125,223147.796875
510790.8125,206985.5
375907.5,155758.40625
510073.59375,128884.1015625
547521.125,167262.296875
349730.90625,166369.296875
386114.0,153809.203125
496707.90625,239588.203125
573310.375,46483.30078125
397158.40625,127805.703125
349798.5,87004.6015625
490748.8125,260288.5
529584.6875,148899.0
482104.5,33681.69921875
392526.90625,134917.0
508706.40625,126094.1015625
268636.59375,29725.099609375
465908.59375,66687.296875
293984.6875,18613.0
376775.09375,80365.3984375
550161.1875,111646.3984375
312883.8125,27939.5
379214.40625,184266.296875
461625.5,133357.40625
460869.09375,177849.59375
453691.90625,250451.90625
584274.6875,89727.296875
434023.09375,142500.203125
398535.90625,174495.296875
547058.625,103983.296875
452297.90625,171970.40625
575644.0,107259.703125
460510.3125,151292.09375
440180.09375,172140.40625
483326.90625,145159.796875
364736.90625,86674.703125
575987.375,75885.296875
394152.6875,168362.90625
459509.8125,181124.5
518069.1875,237430.296875
569867.375,71010.6015625
433289.40625,152785.40625
344515.09375,101746.296875
385769.59375,152057.703125
447230.40625,178443.796875
297352.40625,120458.796875
371069.1875,117152.6015625
303237.5,58991.19921875
480772.90625,185104.90625
328775.90625,27924.900390625
458175.40625,133051.59375
516429.0,224774.703125
450432.3125,173623.5
525954.375,174287.5
312183.1875,47987.5
500422.1875,161155.796875
349238.90625,60401.3984375
382225.40625,59410.30078125
476261.09375,169541.296875
311578.59375,27042.69921875
452228.09375,120584.703125
313812.8125,31291.599609375
555995.6875,140511.0
373234.5,84661.3984375
431124.5,117522.5
548472.875,56665.19921875
485432.0,33900.6015625
490359.6875,101703.0
340882.1875,101791.3984375
503564.6875,185842.296875
318533.0,40863.8984375
326423.09375,110028.203125
507246.90625,222532.796875
330474.40625,70328.796875
333484.0,21870.19921875
390277.40625,110144.703125
423083.6875,121407.0
397354.40625,20615.30078125
450954.59375,114954.8984375
443808.3125,165984.09375
384039.1875,118238.5
508235.40625,181506.296875
328569.90625,62858.30078125
301058.8125,21661.0
339158.5,74840.8984375
299577.90625,28775.900390625
495358.09375,165678.59375
533511.375,134870.40625
463118.40625,169040.796875
311111.5,21178.0
463930.40625,187234.703125
387274.3125,187853.09375
519019.6875,196046.5
442777.0,199478.59375
490025.8125,184183.5
351473.5,110791.203125
539121.6875,202939.796875
475649.90625,198933.59375
325486.40625,19634.900390625
380861.90625,147631.796875
359226.1875,165302.59375
385068.90625,173587.203125
285744.90625,53370.8984375
384894.40625,92793.1015625
423747.5,238288.703125
520643.0,219363.203125
270168.3125,104015.6015625
524675.0,163908.90625
535916.8125,92941.1015625
310812.5,25609.599609375
446225.90625,117714.796875
296330.90625,21796.5
308920.3125,44934.1015625
317752.90625,28634.80078125
376473.09375,141342.40625
406858.0,141518.5
335297.8125,74585.5
325615.0,101416.703125
531644.3125,128232.5
503217.40625,143519.90625
525155.0,132776.40625
534768.625,191779.59375
544155.625,152857.796875
539020.375,77428.296875
494141.1875,178870.796875
367193.09375,135180.203125
393929.90625,157647.796875
343806.40625,52068.30078125
497246.90625,156875.09375
319087.40625,53671.80078125
314557.40625,82756.296875
351500.0,86426.296875
277547.0,44630.0
445728.90625,112262.1015625
350470.90625,115029.703125
405349.8125,142215.40625
436989.0,211900.796875
541876.6875,108628.703125
318548.59375,66605.203125
493545.6875,246389.203125
431656.3125,209123.40625
372268.0,91405.703125
311379.09375,48601.6015625
499286.90625,234869.296875
471926.8125,171627.90625
263002.40625,137880.0
400439.1875,199125.5
576660.5,34742.19921875
439577.09375,194877.09375
382291.3125,208466.0
482609.09375,150762.5
568842.0,135783.296875
327581.6875,18176.30078125
366283.1875,97985.6015625
430788.6875,154393.59375
530467.6875,159306.203125
536223.3125,169995.90625
303621.5,75285.3984375
329473.5,23345.5
334896.09375,49128.19921875
475076.1875,145685.296875
408486.3125,149286.40625
545854.875,179471.796875
518778.6875,198982.09375
459480.40625,129020.3984375
446337.3125,155320.59375
335732.6875,73780.0
315408.6875,58592.69921875
598471.0,54036.0
333502.90625,56119.69921875
586500.6875,39170.19921875
275974.8125,16912.69921875
373025.3125,157153.40625
576300.0,32826.5
355581.09375,161386.203125
565030.3125,29994.900390625
301628.40625,38362.3984375
521229.8125,236577.90625
366321.40625,114351.5
454137.8125,202715.0
487920.90625,120641.3984375
585751.375,143881.90625
496156.1875,161927.0
549696.6875,216362.90625
277178.90625,51763.6015625
310700.59375,47580.69921875
269604.8125,65832.203125
586283.8125,52347.3984375
288159.40625,18798.30078125
435678.40625,120426.8984375
300205.40625,41215.0
549722.125,103728.1015625
556751.5,237346.796875
369815.6875,156075.296875
341669.40625,118076.6015625
542025.1875,92401.5
327136.8125,53946.8984375
321840.5,30050.30078125
344005.6875,120576.703125
478452.3125,184493.40625
562356.0,172500.90625
533531.5,163241.203125
484448.8125,85973.3984375
331480.8125,21891.599609375
500729.8125,175888.5
323628.09375,120657.6015625
325373.8125,51368.0
578094.375,36037.3984375
357697.90625,128444.6015625
467191.5,133355.5
530729.0,163045.796875
429149.0,96361.796875
552413.625,128965.703125
308067.8125,127635.3984375
455417.5,90987.3984375
353483.0,87314.5
397310.1875,210142.796875
291745.0,21603.69921875
395845.6875,119737.1015625
485693.40625,107241.3984375
413990.40625,145319.0
350496.6875,125011.203125
571397.8125,52327.3984375
544957.0,72309.3984375
295232.1875,99903.796875
466798.8125,208768.90625
589942.6875,79873.6015625
516937.40625,114512.8984375
419152.6875,183268.5
365354.1875,123135.0
385239.90625,154663.203125
472739.5,151924.5
288809.6875,53448.6015625
327937.6875,19809.0
408728.40625,157419.203125
423622.3125,160414.90625
474950.0,80764.796875
542911.6875,204876.703125
301617.1875,38808.69921875
384975.6875,137539.296875
435220.8125,158987.90625
398786.40625,143352.796875
510407.6875,158060.09375
397174.3125,121344.3984375
294638.8125,28639.0
280286.09375,61317.6015625
303942.40625,116017.3984375
311363.40625,30694.19921875
587417.6875,147771.5
381502.59375,103094.203125
432653.3125,131855.40625
425993.0,138327.703125
300561.6875,17409.599609375
425293.6875,145681.5
345262.5,48740.30078125
423201.5,201330.796875
373562.8125,121275.3984375
293546.1875,36075.80078125
417939.5,222129.203125
345397.90625,54021.3984375
335067.0,85413.296875
303706.6875,28593.80078125
483895.6875,96758.1015625
324041.90625,44688.6015625
408042.90625,144321.703125
370122.3125,101907.8984375
436443.59375,134043.703125
486733.6875,207410.203125
384263.8125,142852.40625
311909.3125,41234.8984375
328205.90625,62593.80078125
321879.5,23416.5
315973.1875,45473.1015625
586432.1875,97739.1015625
387822.6875,123118.5
478966.0,141595.296875
312531.6875,68085.1015625
405390.0,234669.296875
321501.5,62558.0
517967.1875,146256.09375
358824.3125,101372.3984375
349178.40625,106948.5
389298.5,135531.90625
391956.1875,37817.8984375
483998.8125,189314.90625
378426.90625,123064.296875
492218.6875,68937.8984375
532512.8125,136465.203125
400353.59375,156274.90625
348305.09375,121056.3984375
423702.90625,190509.90625
290978.6875,17190.599609375
427118.5,163544.203125
370015.09375,112316.1015625
452567.8125,165666.703125
469963.6875,164203.59375
464364.0,128415.8984375
384739.09375,124338.1015625
526102.0,60147.30078125
330468.5,60320.3984375
449790.8125,156171.90625
477281.59375,165052.09375
434112.3125,175187.5
436223.0,126977.296875
370943.59375,142169.40625
381291.5,170287.0
553327.125,199314.59375
317597.5,73399.8984375
478637.8125,79371.3984375
314408.09375,27049.5
565502.875,161275.796875
369166.3125,137549.203125
306820.1875,21876.0
419425.1875,149492.09375
496286.6875,219128.90625
500573.1875,224713.703125
288201.0,19882.80078125
564545.875,156925.40625
296772.59375,27024.900390625
485144.3125,158304.703125
505285.5,159754.90625
536305.6875,39020.3984375
504319.40625,136028.796875
349043.5,118900.8984375
402142.09375,121190.6015625
539030.3125,185010.5
560926.375,151162.0
570766.125,97961.3984375
327109.5,25799.19921875
308123.5,27377.400390625
299953.3125,75111.3984375
496788.0,81286.5
304723.40625,40053.30078125
393229.3125,151913.90625
429280.40625,162795.5
310867.1875,40203.3984375
521262.09375,142160.90625
353031.1875,106590.1015625
529468.0,145468.0
383309.6875,134712.296875
322987.40625,43688.5
378986.5,22489.0
321987.0,69313.203125
492348.5,128464.8984375
388777.8125,95690.703125
423250.09375,145111.59375
522011.0,225737.0
405371.90625,133608.796875
508944.6875,224065.796875
387262.5,25469.30078125
442342.09375,173302.40625
355265.90625,84555.1015625
354347.09375,124406.5
522001.40625,144963.296875
546759.3125,29764.69921875
444231.90625,192927.703125
522049.59375,255585.90625
383476.0,128795.5
366129.1875,90507.796875
451498.90625,158070.796875
352516.1875,151408.90625
558689.0,138301.796875
376806.59375,120948.1015625
299861.0,26153.900390625
522846.5,33756.8984375
536393.6875,119736.3984375
534084.375,172655.796875
408621.6875,140375.796875
470260.90625,229019.5
609102.5,36842.80078125
318411.59375,76695.8984375
309660.59375,21855.099609375
404067.6875,166441.90625
341172.8125,27118.900390625
317191.1875,75863.3984375
523763.59375,63986.0
342771.8125,22256.19921875
550303.875,171977.5
317765.6875,45330.5
412812.90625,154065.40625
320115.59375,169792.40625
420918.1875,160170.203125
422991.0,108517.296875
399331.0,183082.5
305743.40625,25750.80078125
477944.59375,181604.40625
335696.3125,115401.203125
566426.0,107749.3984375
449739.90625,63511.1015625
494519.59375,137668.0
329158.0,46194.8984375
519994.0,181488.5
324097.5,20536.900390625
572168.1875,133456.90625
464837.3125,181733.90625
415222.59375,153509.40625
404747.09375,120111.6015625
348068.5,86168.203125
311538.5,56537.8984375
446322.3125,137794.703125
498273.0,179109.40625
465490.3125,148226.90625
330479.40625,107522.6015625
559611.5,159707.0
290025.1875,23195.400390625
439586.59375,155828.0
581311.375,37867.0
346598.40625,94629.703125
545069.0,161295.0
312789.6875,23210.80078125
309358.40625,42821.80078125
295649.0,22290.400390625
324957.6875,73488.796875
311580.5,39859.0
273733.6875,20778.599609375
501408.3125,164035.703125
385702.1875,175115.40625
433456.3125,166387.90625
506490.90625,185650.09375
623446.875,35488.80078125
398282.5,187809.0
280574.5,17543.69921875
455265.59375,187506.09375
328176.90625,135319.09375
532857.3125,223291.203125
425519.3125,166124.40625
310034.09375,105903.3984375
509907.0,208809.296875
306689.5,78334.3984375
395098.59375,125275.3984375
356205.6875,114593.6015625
390729.8125,73716.703125
323304.3125,87352.703125
541780.875,188975.796875
474253.90625,172821.09375
322624.90625,46609.69921875
409827.59375,127261.5
464129.1875,219305.296875
314971.8125,22759.69921875
313105.3125,102344.3984375
320368.09375,71932.1015625
331866.8125,83959.8984375
512638.5,178925.0
510174.40625,160698.296875
373071.6875,143947.90625
318634.90625,40407.69921875
498684.09375,105265.8984375
280846.5,18642.0
576663.6875,79430.296875
424432.5,21730.80078125
407150.40625,196245.90625
310330.90625,32136.30078125
267135.1875,27855.0
571636.875,49898.6015625
342735.5,82974.8984375
393351.0,157014.796875
418468.59375,130860.1015625
277897.09375,34382.1015625
391311.3125,50800.69921875
356703.09375,99469.296875
349173.3125,122274.796875
324717.5,49145.30078125
325493.59375,42118.5
302996.8125,35970.69921875
344272.0,116316.3984375
458434.0,124502.703125
311989.5,52038.30078125
563737.375,85867.8984375
490191.40625,176794.296875
315725.09375,48161.0
474897.59375,214909.703125
317847.5,129266.203125
313424.90625,104161.6015625
493127.8125,143985.203125
378497.59375,111556.203125
289511.0,42717.19921875
347858.59375,117448.0
499883.90625,120403.296875
356098.0,121146.296875
320022.8125,64994.30078125
359888.3125,86984.296875
267127.40625,25880.900390625
338724.90625,28606.599609375
548826.625,160928.703125
382423.5,140281.203125
322690.0,101872.203125
387021.3125,130436.296875
587962.375,33295.0
531245.0,147096.09375
351617.6875,94343.5
466352.0,123746.296875
553897.0,150828.296875
307135.8125,38014.5
562436.8125,124388.703125
433249.59375,157448.796875
310026.6875,28204.30078125
326868.8125,111449.5
432992.09375,168889.703125
363729.6875,153237.5
488640.40625,175831.703125
530849.0,86434.203125
304329.90625,45568.1015625
342714.59375,103750.203125
467453.09375,39970.6015625
309511.6875,40666.0
504425.3125,108001.703125
287951.1875,111269.5
554645.5,178789.703125
568074.0,153829.40625
465457.0,161167.90625
333698.59375,95143.0
380943.8125,137235.40625
526790.375,135758.40625
451544.90625,179620.296875
294387.09375,17631.0
439648.90625,178564.59375
342950.09375,173642.09375
263022.90625,51593.6015625
521446.8125,210539.703125
315568.0,19059.19921875
446622.40625,197469.796875
423513.5,173362.703125
555061.3125,77287.796875
497077.0,152847.59375
528266.1875,142533.0
427479.0,117817.296875
520793.09375,158566.40625
416587.3125,175361.703125
332503.8125,101996.796875
356138.09375,59969.30078125
554846.875,47341.8984375
520903.5,147311.796875
535907.0,133250.296875
318919.09375,96710.703125
291509.40625,118059.6015625
581933.8125,65504.69921875
332355.59375,77809.796875
551270.125,31680.19921875
347795.0,110813.203125
374683.09375,139952.59375
508043.3125,78919.5
349565.1875,28999.5
545400.3125,153533.703125
422182.3125,215166.90625
427169.40625,132023.796875
379030.09375,135622.203125
500812.6875,144206.5
543471.875,108383.1015625
463633.09375,147905.296875
528945.875,51278.30078125
484921.0,145676.796875
477252.8125,173224.796875
482102.09375,264735.59375
521275.09375,109913.203125
488163.09375,154538.59375
297327.5,39905.80078125
359327.59375,19869.900390625
495716.3125,226505.90625
409245.90625,207654.296875
417067.90625,211551.703125
519644.5,158219.203125
539306.3125,69815.703125
577935.5,53629.3984375
412466.0,180724.90625
469924.40625,145234.0
604881.6875,56104.0
358425.6875,139999.59375
291712.5,81165.296875
452330.3125,211706.0
585369.125,49154.8984375
387181.59375,63848.30078125
294498.3125,49449.3984375
300608.90625,62759.3984375
411422.90625,133762.296875
442328.09375,94983.703125
332107.59375,77926.6015625
348448.09375,98514.203125
467314.5,195376.296875
364181.0,112758.703125
317264.90625,47679.5
443054.8125,181424.40625
584014.875,113909.203125
337113.0,96755.703125
509861.5,152094.40625
340537.59375,18916.5
350595.90625,73487.296875
467237.3125,154276.296875
511822.5,134218.09375
295966.09375,31056.69921875
321275.09375,54088.6015625
318246.3125,119923.203125
335753.59375,142375.296875
427779.59375,186350.796875
415891.3125,136743.703125
582903.875,120743.296875
365742.59375,92276.5
503300.59375,280692.59375
567930.875,105898.1015625
531517.3125,182248.703125
528968.125,197355.703125
450282.59375,192929.0
467695.3125,221054.296875
378892.09375,101863.6015625
492590.09375,217111.09375
571005.6875,132284.59375
365213.3125,117831.0
467578.3125,134523.203125
498375.8125,176616.90625
479765.59375,135997.203125
287799.90625,39928.19921875
356542.90625,69886.6015625
393048.40625,109249.6015625
523056.8125,141906.703125
356594.0,115036.3984375
340489.59375,106152.296875
503915.40625,153677.796875
519618.40625,29011.5
485204.09375,169341.09375
375378.0,103850.1015625
318867.59375,121461.703125
423893.1875,78130.296875
389485.8125,156050.5
563022.3125,64154.80078125
453367.3125,83642.8984375
548566.375,192031.796875
340296.5,95652.703125
531883.375,82237.1015625
269021.09375,63025.5
319802.40625,87835.796875
512283.3125,149483.796875
357433.40625,159433.5
323302.3125,51661.80078125
539954.0,60049.6015625
335973.09375,59864.1015625
569495.3125,52279.8984375
267340.5,44749.30078125
541384.625,171306.5
289736.09375,17855.19921875
496562.0,93569.8984375
409365.90625,134296.796875
333277.90625,85272.0
469951.5,130550.1015625
431467.6875,174804.0
471935.5,131769.796875
328703.40625,100840.6015625
330171.59375,33025.3984375
416310.5,169275.90625
526539.3125,183789.0
320613.1875,58008.1015625
505529.09375,69173.5
409266.8125,152648.09375
564208.0,46993.80078125
561498.5,156704.0
509817.59375,209211.296875
613625.0,64013.6015625
372385.09375,110040.3984375
376439.90625,121099.703125
373289.6875,90603.0
476635.3125,98726.1015625
563599.5,172733.203125
316458.59375,35246.80078125
495589.0,169703.5
303769.0,19214.19921875
511174.1875,183473.40625
408375.3125,144598.703125
290565.40625,66273.6015625
427223.59375,127971.3984375
528828.625,103551.8984375
383130.40625,97118.6015625
544409.0,160446.59375
322676.59375,82363.8984375
463458.59375,123932.703125
318259.0,30738.80078125
465150.6875,217804.703125
397705.40625,150053.296875
413615.5,130974.5
364580.59375,43257.3984375
478175.40625,161345.203125
413460.3125,200903.09375
543331.5,149975.703125
411001.09375,129263.0
458006.5,215631.40625
519435.5,185642.5
484000.6875,177605.09375
389591.09375,141635.40625
345531.0,49853.8984375
557700.0,80924.1015625
435378.0,113123.5
486236.59375,218337.203125
415910.6875,84186.203125
506529.5,187009.09375
605858.125,50609.3984375
346142.40625,66330.203125
290583.6875,55824.5
552397.625,105697.0
439505.5,150043.203125
473299.5,118890.0
451703.59375,152693.59375
571956.8125,100720.703125
382682.5,175759.40625
551155.375,148568.09375
301769.5,53404.6015625
536053.5,141951.40625
397489.1875,266245.59375
282513.59375,40188.69921875
523200.59375,158648.5
521092.0,121794.8984375
469075.0,127711.1015625
380432.0,114071.3984375
579403.6875,60526.6015625
441629.6875,134341.09375
568489.8125,46410.6015625
427437.8125,161284.796875
453659.6875,96319.203125
340451.3125,72386.1015625
310621.8125,55465.0
457099.09375,144561.5
417667.59375,85820.796875
363670.90625,148804.203125
324707.09375,99246.0
300065.0,28238.599609375
319676.5,97647.8984375
429439.5,141830.703125
320205.59375,45641.3984375
443341.5,184699.90625
314808.5,42478.8984375
444545.3125,80038.0
334855.1875,99753.6015625
508898.09375,189028.5
367016.8125,123493.6015625
321957.5,46653.0
440799.90625,201661.796875
509110.8125,202934.796875
372012.90625,129593.703125
412916.6875,163251.0
466712.5,224215.203125
561413.625,147710.90625
385526.09375,114898.8984375
592420.625,215276.90625
543279.5,170862.5
322348.3125,21797.0
491904.09375,118416.0
464038.59375,300539.3125
541917.5,150801.0
567512.1875,29281.69921875
348224.6875,82274.703125
317543.90625,53505.80078125
550205.375,44033.80078125
364777.09375,139474.5
410445.09375,193063.40625
529203.625,76764.3984375
435750.09375,167717.5
336121.0,36245.3984375
478991.90625,248189.59375
493400.0,98194.6015625
572595.125,51591.8984375
379710.09375,103352.8984375
411831.0,113732.8984375
286071.40625,19969.099609375
552997.0,60927.6015625
440128.8125,170122.0
450453.09375,233081.796875
512612.90625,184522.796875
318405.09375,108782.796875
400605.6875,170126.703125
272041.1875,71124.6015625
456487.8125,123290.796875
353164.40625,198162.796875
345019.0,92866.0
327706.5,37223.8984375
419402.1875,125125.6015625
473478.09375,245534.0
311090.59375,17819.80078125
336653.09375,97819.203125
309367.8125,52468.1015625
417150.90625,223677.796875
338365.5,136047.203125
458859.0,218250.90625
438336.59375,181578.40625
501963.0,219086.40625
532540.6875,97904.6015625
279221.09375,46626.19921875
310083.6875,19461.19921875
553709.125,176884.796875
429288.5,236843.59375
367175.3125,101584.296875
331940.40625,71711.296875
484739.90625,122866.703125
376015.1875,113732.296875
527305.6875,143657.796875
418958.3125,164532.90625
432619.09375,134617.59375
575592.125,134003.40625
574928.0,40759.69921875
366168.59375,159731.59375
486789.40625,129832.6015625
309237.90625,69434.1015625
400795.6875,182992.296875
409283.90625,162957.09375
297454.1875,39037.69921875
545952.3125,144106.40625
537277.625,147212.703125
287397.3125,132778.703125
302664.1875,23923.900390625
487594.40625,169994.0
324975.6875,56372.30078125
374519.3125,91335.6015625
394819.5,153557.0
322890.09375,115016.1015625
312712.59375,23296.400390625
283568.3125,36329.80078125
463953.5,246942.5
456719.5,174588.703125
312811.1875,153502.796875
395383.40625,124973.3984375
305204.40625,91834.1015625
568756.8125,84469.3984375
547296.875,169682.09375
344052.8125,149376.703125
459832.6875,183005.40625
441015.5,241554.703125
481294.59375,215941.203125
341579.6875,22461.900390625
535828.375,232985.5
298456.1875,115672.796875
356820.6875,34121.0
280876.59375,92148.203125
467740.3125,168076.703125
404814.40625,220365.5
453056.0,163819.203125
555143.3125,126803.703125
327580.8125,67930.703125
480390.0,162656.0
343181.8125,105716.3984375
348191.5,107538.796875
362334.90625,52351.1015625
374826.0,92846.3984375
528903.1875,239864.796875
376853.0,130298.8984375
522101.59375,206129.59375
545845.875,243036.0
346257.59375,65502.5
535728.1875,110748.5
524983.625,136949.09375
394360.90625,99730.3984375
434293.1875,168991.59375
317526.90625,36714.1015625
362085.0,107591.3984375
364190.09375,81283.3984375
337216.0,77718.703125
467737.40625,188967.40625
354322.40625,131236.09375
524585.875,181328.09375
313273.6875,112109.1015625
442931.59375,220700.703125
528860.5,162810.90625
276225.59375,46841.19921875
308645.3125,18693.19921875
409738.59375,147933.703125
417360.0,174231.5
405925.1875,175075.703125
346172.59375,44141.3984375
536522.6875,175224.90625
564415.3125,36166.80078125
383290.90625,155900.0
558680.875,169320.09375
562677.625,196947.796875
542977.6875,152036.703125
456521.40625,178923.59375
302748.0,26692.400390625
313430.59375,47653.69921875
558036.3125,120231.8984375
307470.6875,83775.796875
551955.3125,85280.703125
495389.3125,100128.203125
388052.5,124667.0
438265.8125,122333.3984375
394021.59375,161238.703125
399148.90625,118423.0
322515.1875,56241.80078125
382916.6875,116798.6015625
464119.5,272354.6875
315497.09375,55945.1015625
528973.375,178676.40625
542193.375,36279.1015625
380552.1875,79097.703125
284571.40625,52088.6015625
267661.6875,73328.8984375
295045.1875,36097.30078125
310599.6875,34406.0
367085.3125,96109.3984375
592573.875,40068.80078125
311141.90625,81699.6015625
301923.40625,24501.099609375
361166.40625,64300.6015625
305209.6875,38100.1015625
476740.40625,223747.09375
289513.8125,25691.69921875
443480.90625,158758.5
518853.1875,178934.796875
354615.3125,104286.1015625
542617.375,87144.5
313907.8125,54883.69921875
336193.0,126989.5
398928.8125,171707.703125
573764.0,110452.203125
341129.1875,93610.796875
454871.40625,225756.59375
400656.1875,160316.09375
337310.40625,102807.1015625
373129.59375,127077.203125
278393.8125,57069.8984375
463620.59375,152974.703125
325000.8125,116916.203125
287335.1875,68268.3984375
460505.8125,229431.40625
447710.0,90408.5
508486.59375,177746.40625
562516.8125,28609.400390625
385686.6875,135648.703125
300086.09375,50109.69921875
406843.8125,168307.703125
390952.0,59262.8984375
301637.90625,30218.0
343528.8125,134951.40625
327153.09375,62274.19921875
460104.8125,56341.1015625
568397.5,90933.5
344582.6875,187088.203125
426311.09375,135954.90625
518027.3125,34730.30078125
539274.8125,140526.703125
311469.5,41572.19921875
285791.6875,31174.400390625
482643.0,156594.0
326561.59375,59591.8984375
505579.3125,137839.90625
479189.90625,134491.09375
476143.40625,135313.09375
383607.6875,122871.6015625
474868.09375,187602.203125
369340.0,124789.8984375
505250.8125,118277.203125
406316.6875,107927.296875
303618.90625,58884.5
396262.8125,174939.90625
359461.0,146049.0
479642.09375,115430.1015625
321778.40625,82576.296875
453991.8125,149758.59375
311526.6875,46649.6015625
321937.5,65332.80078125
440724.6875,188277.5
294850.3125,17521.099609375
563723.0,87025.0
483626.5,182432.703125
402669.8125,155243.703125
560688.8125,131899.203125
410807.5,167453.296875
401628.5,203940.90625
381693.8125,137574.40625
496387.3125,267830.59375
349087.8125,100798.703125
464667.09375,181299.703125
509428.3125,208655.796875
292715.8125,116194.203125
344664.8125,106750.6015625
554923.625,207929.203125
579598.1875,67395.0
495736.5,160113.0
563902.0,69716.0
458332.3125,136871.796875
468166.90625,233511.296875
515596.3125,164883.203125
464443.5,194160.90625
262634.0,41934.30078125
337393.1875,20812.19921875
448551.0,155519.0
531979.5,38377.19921875
327347.8125,20766.099609375
375719.3125,80758.796875
484117.90625,165225.203125
314743.0,55305.5
509006.1875,162726.703125
298360.0,82993.3984375
540929.125,209772.203125
472549.90625,205387.796875
494567.8125,184337.59375
452904.3125,189352.203125
530864.3125,114846.1015625
514300.0,234830.796875
558152.375,118031.8984375
363111.5,138919.203125
309040.3125,28516.099609375
556814.0,178323.5
318944.8125,51132.30078125
403029.6875,172894.90625
479989.1875,26118.19921875
308556.0,50965.6015625
412414.3125,157564.703125
514198.8125,82901.6015625
447448.5,171712.90625
299283.1875,23808.19921875
328269.3125,65022.1015625
392366.0,159188.703125
403889.3125,27058.30078125
472903.1875,132552.703125
397614.3125,104978.296875
344825.09375,57780.69921875
554673.6875,171901.09375
374013.5,91697.296875
530586.3125,137519.203125
319157.8125,67837.8984375
431096.3125,47792.6015625
311975.90625,50136.69921875
305404.8125,27808.19921875
382847.59375,106777.203125
315629.5,22244.099609375
505655.3125,219308.703125
321059.5,59346.3984375
513797.59375,212888.203125
482406.0,206697.90625
326553.8125,52256.3984375
392629.6875,157558.296875
375436.90625,196895.90625
293034.1875,30976.400390625
485150.5,157795.59375
307651.40625,75645.6015625
514060.6875,139778.59375
320390.5,67403.296875
374748.3125,146170.203125
449711.3125,185396.90625
271501.90625,87763.3984375
404536.0,168696.0
336499.0,69897.203125
395383.3125,146052.59375
381471.6875,116915.5
316063.90625,57120.1015625
593866.0,55243.0
574849.1875,70567.703125
533431.0,160042.90625
455572.59375,155998.90625
337930.1875,93356.8984375
487876.6875,165521.59375
295584.09375,49358.19921875
528348.0,129628.296875
368839.3125,110730.1015625
376034.6875,139657.59375
561097.8125,85058.1015625
307414.1875,40889.5
316223.8125,44451.1015625
330354.3125,35768.8984375
548400.3125,138891.703125
521809.59375,105026.203125
505282.40625,241515.796875
346711.1875,45645.69921875
337301.0,71159.1015625
497902.3125,55391.1015625
376905.0,142206.296875
392152.8125,165680.90625
383724.6875,87058.296875
379853.1875,131544.5
528904.6875,162621.703125
597219.6875,40937.5
540779.8125,196350.296875
327952.6875,27455.19921875
259585.40625,72905.703125
412953.8125,153052.59375
479793.5,175822.0
416031.1875,188772.203125
413586.5,120835.5
427867.5,163722.296875
422030.1875,142307.703125
448430.8125,145198.203125
519541.1875,33025.1015625
269809.5,72531.796875
313082.0,50072.3984375
373726.3125,134544.40625
427995.90625,191429.40625
355236.6875,78286.0
317626.1875,105750.703125
469569.6875,175217.0
443586.5,218718.5
304078.8125,27791.900390625
520252.0,124045.796875
338997.40625,81763.796875
496407.6875,183925.703125
343325.8125,91455.1015625
459785.3125,146612.203125
467044.8125,185831.09375
542137.375,140052.09375
523089.0,38336.3984375
355724.40625,104367.8984375
305791.6875,40837.3984375
530795.375,126725.203125
464115.59375,118644.703125
403227.3125,107243.796875
447953.90625,202102.296875
591099.6875,76374.703125
489341.8125,155155.09375
286137.5,63708.8984375
549415.0,78368.8984375
504832.3125,166158.90625
403873.1875,184775.296875
323268.1875,60099.0
455344.6875,151271.703125
306219.0,38682.5
344890.1875,83368.3984375
360012.6875,93596.0
412126.3125,156622.203125
332047.09375,98371.203125
387800.5,42881.80078125
323588.40625,69348.6015625
486040.0,111130.8984375
304941.6875,50728.80078125
290281.5,79642.203125
320600.1875,45124.19921875
430389.1875,113347.5
355052.1875,73422.703125
325199.0,50719.3984375
345741.1875,122935.296875
337358.5,31158.900390625
371448.59375,86585.3984375
524723.5,161522.703125
523062.6875,131677.203125
415287.3125,188671.796875
412474.6875,168418.296875
297193.09375,41253.6015625
363204.59375,121497.3984375
542842.3125,155382.59375
399346.90625,127712.1015625
465990.1875,126660.6015625
417172.5,169473.0
477016.40625,103951.0
311008.5,39388.8984375
264011.6875,17261.69921875
284349.8125,39635.30078125
357640.6875,82895.796875
532306.0,184780.09375
467057.59375,190243.296875
366314.59375,116548.6015625
555636.8125,27637.69921875
471912.0,163323.203125
318264.3125,57544.6015625
472111.1875,181473.796875
492224.6875,189129.40625
315547.90625,35670.1015625
521779.8125,100639.6015625
303906.0,142054.203125
530717.5,161637.90625
401674.40625,148748.0
400771.40625,147273.59375
400595.5,132478.40625
350976.40625,106322.6015625
350398.3125,76298.296875
568152.375,130876.5
439019.0,217759.0
460557.5,127997.3984375
514686.90625,74942.6015625
590750.875,110257.1015625
498567.6875,153448.296875
485017.1875,128269.796875
376842.5,136736.59375
317331.40625,57532.5
519530.09375,214614.296875
478854.09375,140797.09375
349353.1875,25608.80078125
299071.5,116601.703125
488835.3125,214617.09375
283332.5,24507.69921875
346663.5,19303.0
513707.40625,123003.0
406509.40625,57248.6015625
312317.3125,20301.80078125
535837.1875,106474.296875
343169.1875,90548.796875
473983.5,175118.0
344845.40625,117543.0
305591.5,25473.900390625
530019.5,125422.1015625
311746.90625,24796.099609375
290737.5,22803.599609375
546957.875,149216.5
483641.59375,197173.90625
496400.8125,258602.703125
447472.5,103210.203125
319338.6875,79486.6015625
406985.3125,148020.09375
411222.6875,162205.40625
383824.90625,170563.09375
451929.0,176392.203125
560396.0,93159.203125
463712.0,168571.203125
558221.8125,161410.796875
357304.1875,95867.203125
471992.6875,159416.796875
315954.0,24307.19921875
365042.90625,89184.703125
518057.90625,71938.5
314875.90625,17780.599609375
375220.90625,182815.5
330878.5,22187.400390625
469116.40625,147921.09375
391710.0,144727.59375
407563.0,220598.40625
408974.8125,113599.296875
391904.6875,129548.296875
480705.5,156523.09375
374323.59375,22261.30078125
569843.875,36918.3984375
482684.09375,132108.40625
382151.8125,85037.203125
480416.5,220573.703125
482561.90625,193522.5
423401.0,153716.40625
343578.0,49620.3984375
580849.375,47580.1015625
308114.8125,54891.30078125
445371.90625,184063.40625
297542.3125,27411.69921875
301497.6875,83533.6015625
305106.1875,28348.400390625
314597.40625,27240.099609375
439734.5,22857.19921875
511646.3125,211668.09375
368479.6875,118633.1015625
527556.875,166423.703125
294285.5,51531.69921875
477401.5,180643.90625
462653.09375,170574.0
410600.5,75184.3984375
313782.5,86237.8984375
304133.1875,19565.80078125
481862.0,155734.59375
471785.09375,172651.296875
454806.90625,249283.09375
373107.59375,156140.09375
334589.0,92677.703125
378605.09375,92878.0
426874.6875,166292.703125
469193.90625,207305.59375
450962.90625,106582.296875
506297.5,180207.40625
483283.90625,180369.0
305416.90625,43192.8984375
513422.59375,130120.296875
481291.5,171445.5
322508.59375,155474.5
562388.0,115462.8984375
462937.40625,80276.6015625
307011.5,127951.8984375
423291.90625,101204.6015625
305989.3125,26366.80078125
490716.5,70714.1015625
322204.90625,37177.3984375
507275.40625,110935.3984375
413669.6875,127440.1015625
287103.8125,51916.6015625
545963.6875,124713.6015625
339720.3125,47373.80078125
486970.5,139733.59375
370500.40625,127694.1015625
551350.1875,47202.30078125
263667.09375,50401.80078125
489360.59375,155821.90625
320011.09375,113230.703125
424614.3125,157183.203125
554881.1875,112618.6015625
274351.3125,55200.80078125
509797.40625,185796.0
377101.0,48035.5
346560.6875,89919.703125
539830.5,148823.59375
369825.59375,110562.796875
504142.90625,167893.09375
444193.09375,198614.90625
557790.625,168104.703125
589483.8125,49123.69921875
590381.3125,57334.1015625
339117.40625,20699.599609375
338066.1875,145855.59375
346274.8125,106488.5
560959.375,132726.5
498975.09375,263551.5
483495.0,291905.90625
539429.375,217428.59375
353859.90625,143418.09375
358409.1875,172634.796875
406318.5,160245.09375
310494.40625,87617.8984375
407691.09375,87985.796875
330598.0,68154.703125
420376.6875,172379.09375
546918.875,89299.703125
305008.90625,30545.400390625
333906.0,20158.5
532652.0,43290.80078125
292501.90625,37242.5
590292.5,84487.6015625
269111.09375,35476.19921875
435915.1875,186739.796875
272604.90625,146380.203125
515496.6875,239877.0
520927.6875,251490.90625
541821.6875,67939.3984375
382976.1875,151764.0
305942.8125,53563.6015625
457790.3125,192223.796875
564812.3125,141593.0
522389.40625,132410.703125
344110.1875,89353.0
479282.09375,138481.203125
404680.0,161682.59375
331409.59375,67448.0
479313.59375,155138.0
354355.0,107681.796875
595711.0,177904.59375
486542.5,214410.90625
298604.6875,72804.6015625
470260.1875,25210.900390625
314683.8125,82750.203125
438217.09375,157601.90625
388671.40625,150081.203125
354133.59375,93867.5
349723.0,90542.5
472169.5,97273.296875
314173.8125,83619.0
452777.90625,167953.703125
411278.59375,135148.09375
316972.1875,24042.80078125
303051.40625,17460.19921875
479406.90625,140583.703125
413766.40625,107184.203125
270435.90625,20801.69921875
371383.90625,128064.0
533249.625,233842.203125
564660.125,121872.0
434301.40625,241573.90625
346266.0,81482.203125
443302.40625,185054.203125
507635.0,141593.09375
416439.6875,140256.0
364964.1875,62014.1015625
477363.59375,169546.203125
337374.5,71735.1015625
382164.09375,127257.6015625
412676.40625,130430.1015625
296405.59375,26461.0
554178.375,52996.19921875
415825.5,26756.099609375
330572.1875,79509.0
357884.1875,95162.8984375
470228.90625,215492.703125
520159.0,183702.296875
288885.40625,54969.5
342749.59375,59102.19921875
304684.6875,35806.30078125
313264.0,35061.1015625
451898.1875,159808.40625
330227.8125,21402.19921875
298112.09375,26173.099609375
437477.6875,141833.0
470330.8125,200324.5
279186.8125,44650.6015625
473292.5,232463.0
312679.0,25116.69921875
284204.59375,44962.69921875
362973.1875,163345.59375
415742.90625,160246.703125
543504.125,184893.0
325152.8125,47651.6015625
503889.6875,190441.296875
460984.40625,207594.203125
583488.1875,56954.19921875
542846.5,175220.796875
304358.5,49815.80078125
548364.6875,68014.5
439242.40625,120138.5
498283.5,175971.59375
338441.0,65693.6015625
500618.0,205953.796875
346664.3125,55984.0
509051.90625,187925.703125
333563.0,55468.1015625
423858.6875,138925.5
347856.6875,80476.1015625
306648.40625,107371.0
468379.09375,184433.703125
595387.875,103055.6015625
559287.625,97683.5
336164.40625,70744.703125
396497.09375,146858.90625
348568.5,90251.3984375
462231.6875,176675.59375
297720.6875,51954.1015625
422910.8125,170007.59375
472911.09375,165167.5
298509.1875,36851.30078125
358765.5,73032.5
320455.90625,102417.203125
381628.0,213877.296875
325305.40625,133195.703125
596911.625,116252.8984375
360211.5,94442.5
561928.0,156090.203125
358119.40625,97195.203125
542484.0,75521.6015625
393714.0,192471.59375
433993.59375,102146.6015625
271913.5,17943.400390625
323509.6875,125770.6015625
502506.59375,88085.6015625
362174.90625,94612.1015625
276079.3125,30684.5
328067.0,91395.5
570724.5,118075.203125
458258.1875,131243.59375
421518.40625,136205.203125
530797.875,260746.203125
497744.09375,148851.90625
322189.5,41497.0
384294.5,144215.796875
306175.6875,20701.0
399970.5,117878.1015625
395598.09375,180450.203125
408383.5,199632.09375
429150.5,124280.6015625
356249.40625,164057.09375
429044.09375,125443.0
297653.0,26162.80078125
440744.5,127236.1015625
420497.59375,180299.90625
525903.0,119769.796875
381428.90625,231941.203125
472598.5,170736.09375
570288.0,102813.6015625
333757.40625,21661.69921875
393047.5,156621.09375
600647.125,161417.40625
404046.6875,154651.59375
284190.6875,102166.3984375
554280.3125,100846.0
399645.1875,187725.09375
348886.59375,70979.0
300176.40625,44233.30078125
473882.1875,178450.203125
350785.6875,20020.900390625
396816.59375,154146.90625
302949.0,55819.0
422969.59375,199796.5
380641.6875,136841.09375
551316.8125,200224.203125
364688.1875,152642.796875
394996.0,126626.796875
273292.90625,87433.796875
404229.1875,170362.203125
280592.0,29718.900390625
583819.875,146144.40625
553495.625,72862.8984375
479377.3125,241691.5
452419.3125,204471.703125
464986.6875,174230.40625
495463.6875,239150.40625
416264.5,106343.5
342417.6875,112643.8984375
472463.8125,182633.40625
302526.0,19764.80078125
434782.0,201949.40625
309495.40625,53704.1015625
398736.09375,109667.703125
513677.09375,160119.59375
487404.59375,157086.40625
420818.8125,164577.0
310677.8125,27957.599609375
404122.6875,94287.703125
453339.5,197823.40625
324132.40625,86597.1015625
387284.3125,155365.0
446520.3125,185094.796875
312401.0,32610.099609375
576421.8125,133495.0
312233.90625,27469.099609375
434849.5,163435.09375
311122.59375,40473.0
468814.3125,215020.40625
389550.6875,152692.59375
554671.5,250951.90625
547434.0,209296.09375
450958.59375,183092.90625
520999.8125,154333.296875
329359.59375,63242.1015625
568963.5,66248.6015625
576825.6875,90642.8984375
338313.6875,93879.203125
323483.5,27882.0
361164.1875,79579.8984375
564897.375,187798.203125
511512.09375,199209.203125
379016.90625,162642.296875
376714.0,170478.09375
369156.40625,140075.5
366547.5,97652.0
503326.3125,204718.296875
453171.0,264998.40625
423160.8125,182772.203125
504317.1875,136850.40625
478291.1875,90102.3984375
499234.90625,161144.703125
476142.59375,171689.0
531134.375,216361.703125
305907.1875,39926.80078125
422829.3125,132041.40625
474310.5,161775.90625
305042.6875,29001.19921875
489652.09375,224613.40625
386792.09375,116688.203125
501338.5,229818.90625
544020.375,64193.5
589877.0,119215.5
373862.09375,120517.6015625
323615.0,55867.1015625
393248.1875,118099.3984375
384484.09375,122840.3984375
467752.6875,178419.203125
375610.8125,53229.6015625
533679.6875,163825.90625
326593.6875,28887.69921875
475182.09375,173417.203125
395146.1875,51169.6015625
571070.0,143525.203125
499986.5,231359.296875
436630.90625,177632.296875
493378.5,197489.90625
367061.5,20678.900390625
359220.3125,67941.703125
531131.8125,60664.1015625
566965.375,208136.09375
343418.1875,125667.8984375
475592.5,227099.09375
403023.09375,150138.0
426280.5,154728.0
444166.09375,104791.5
379657.8125,130251.3984375
366697.1875,107187.6015625
508179.1875,160099.09375
353406.0,114203.703125
346973.90625,103872.203125
315929.6875,79313.296875
320610.6875,47761.19921875
467285.09375,163409.90625
505992.5,176620.40625
577177.8125,70953.0
517970.90625,186676.5
354709.8125,126727.296875
356491.0,101854.3984375
277245.0,18094.599609375
408353.1875,206136.90625
318984.5,47002.5
391934.59375,190657.5
508764.3125,228348.90625
282997.59375,22969.30078125
455414.0,178009.90625
576170.875,74384.296875
299714.40625,36555.80078125
448202.6875,138103.703125
365289.0,150266.5
408361.59375,104330.3984375
305205.3125,19001.69921875
565194.0,173443.59375
341606.3125,71987.5
330616.6875,32473.19921875
310677.90625,22404.19921875
474328.09375,181848.203125
354103.3125,99935.3984375
394384.09375,132401.703125
292300.40625,25808.5
424056.8125,184119.796875
390256.6875,190277.40625
345118.09375,67340.8984375
454125.0,217260.40625
440151.3125,188979.59375
571109.1875,137516.90625
355167.0,67661.5
305290.1875,25369.900390625
406901.5,146669.5
351255.59375,88249.5
391758.3125,145497.40625
529279.375,180417.296875
485394.90625,131689.796875
338184.5,77683.8984375
518539.40625,234496.09375
331446.0,18545.599609375
294367.1875,19468.400390625
509167.1875,166725.203125
555170.3125,131477.59375
568908.1875,99011.3984375
510284.1875,205393.703125
379593.59375,82281.203125
571963.3125,88186.0
427181.90625,97145.0
384083.6875,155362.40625
402258.0,156344.40625
398383.59375,127238.203125
400454.8125,129403.6015625
434469.40625,32593.099609375
546020.6875,89672.703125
544352.0,206787.59375
412590.09375,152018.5
356717.0,32158.0
506488.59375,149584.5
413052.3125,169149.40625
500792.1875,173767.59375
363446.6875,143409.0
436740.3125,181370.5
318763.3125,68734.6015625
332959.0,48345.6015625
316262.3125,55658.80078125
476098.5,155660.796875
549981.5,57171.3984375
351361.90625,129157.6015625
408476.59375,177287.203125
314302.3125,26045.0
362057.0,151338.0
487605.8125,180642.796875
416871.59375,171925.296875
305189.1875,47739.1015625
477106.0,130260.296875
330079.8125,90740.796875
349688.6875,76589.3984375
527643.8125,153421.90625
312400.59375,37731.5
328203.0,32304.0
534969.875,149888.5
492407.0,143853.296875
482905.3125,194576.296875
292359.09375,51051.80078125
309844.1875,46032.6015625
393546.1875,173072.90625
564184.125,46635.1015625
272520.6875,126061.8984375
303068.59375,22671.5
385962.8125,86066.703125
308365.0,17933.599609375
341902.90625,107450.0
381557.09375,157203.296875
507998.40625,109583.703125
327805.0,44946.30078125
412297.8125,100075.296875
341175.6875,60204.69921875
538589.1875,167413.40625
414153.3125,166116.40625
473539.09375,173408.59375
446209.59375,183111.703125
413736.3125,165310.296875
405605.3125,154185.90625
488251.0,198080.90625
516804.6875,52014.6015625
333753.3125,87429.5
335752.3125,74019.8984375
395076.90625,137256.203125
328854.40625,66846.1015625
285424.59375,104892.0
320726.8125,62617.69921875
541546.0,31166.099609375
558473.125,74751.8984375
406727.90625,128124.0
566230.375,257966.5
426749.0,188416.296875
449503.8125,179334.796875
464907.40625,141017.90625
490588.59375,133637.796875
543934.875,163768.203125
258524.5,38092.80078125
521700.8125,256435.40625
561534.1875,92969.1015625
537227.8125,117661.5
457100.6875,125739.296875
536796.8125,64415.3984375
309471.90625,27365.599609375
329833.5,91646.6015625
325469.90625,69201.0
288174.3125,64090.30078125
492404.90625,223679.40625
386361.5,101958.796875
504131.3125,50673.80078125
506721.1875,177781.296875
347758.40625,100385.203125
567974.625,77742.1015625
567917.8125,84461.203125
539777.125,145628.5
535109.0,173697.59375
393916.3125,161574.40625
374522.1875,60240.19921875
503649.3125,164461.296875
357379.09375,135317.796875
301535.59375,41602.30078125
406154.5,22595.900390625
401893.1875,171830.203125
436716.6875,171321.40625
574877.6875,100412.296875
315683.1875,30266.400390625
328985.40625,41875.6015625
396479.1875,99210.296875
464328.90625,133122.5
573693.875,102728.1015625
351630.3125,129516.3984375
337794.5,80104.1015625
340049.8125,64744.19921875
478049.6875,181602.09375
499537.59375,94248.296875
495116.1875,157634.09375
438808.09375,162915.296875
466262.8125,201418.40625
513902.0,141587.0
462436.8125,196595.203125
374266.09375,147201.40625
349518.40625,90603.0
565638.6875,57771.1015625
316637.90625,59833.69921875
499296.6875,66336.3984375
536993.5,140472.59375
337276.6875,119420.8984375
351945.09375,126933.0
561794.5,129279.5
483809.6875,198371.796875
360790.59375,94673.8984375
337395.40625,65419.5
293983.3125,19711.900390625
462202.8125,157868.796875
368229.59375,119580.203125
422324.40625,201650.0
276725.8125,17982.0
421559.0,195511.796875
528602.6875,110878.6015625
475628.0,164229.296875
344342.59375,103087.296875
458635.8125,281533.3125
297686.1875,23040.599609375
571052.8125,32317.0
353041.59375,118340.203125
279795.09375,36210.19921875
350441.6875,90039.3984375
537722.875,108349.6015625
323452.59375,43449.5
510829.5,220108.59375
538147.375,220513.59375
517596.8125,186073.796875
411649.5,137434.59375
426084.3125,210441.796875
325160.8125,45712.5
558062.3125,183537.796875
568987.625,135060.296875
509843.59375,179646.796875
382459.0,160265.40625
485561.8125,93194.296875
286561.40625,31473.400390625
480720.09375,128171.796875
530273.375,198244.703125
529378.1875,96944.1015625
391262.3125,119130.8984375
332748.5,78605.1015625
363242.59375,122884.703125
315865.09375,45902.5
523837.8125,140357.203125
321652.0,54191.1015625
329043.40625,87506.0
313964.5,88343.296875
355677.40625,113745.3984375
417163.1875,120422.6015625
410791.59375,107810.296875
551490.5,214738.40625
325249.3125,89401.296875
432903.40625,171386.90625
436066.59375,122059.796875
473109.3125,190031.90625
414592.3125,135804.90625
428075.3125,115941.203125
402970.90625,144653.59375
291665.59375,28742.599609375
363891.09375,53147.3984375
481407.3125,190544.40625
387040.3125,135363.40625
585724.875,187207.59375
384660.90625,120262.703125
356585.1875,96817.6015625
424045.40625,116874.1015625
380585.90625,143268.59375
400591.40625,130028.296875
291108.40625,33560.30078125
338551.6875,76260.6015625
415404.09375,142407.40625
396479.1875,156058.5
526334.625,94494.8984375
427053.3125,161766.90625
478829.8125,142537.40625
519590.6875,189785.59375
320469.6875,27622.19921875
315871.0,27665.5
507735.09375,113142.5
590078.6875,34806.19921875
456906.1875,177151.09375
562559.125,76050.3984375
501258.8125,48441.69921875
436332.3125,168694.703125
546502.3125,168573.40625
573648.5,64744.19921875
366004.59375,128801.8984375
340599.90625,109766.796875
470411.6875,145142.59375
391700.6875,141818.59375
326794.09375,104576.0
430139.8125,183115.59375
343788.90625,95841.1015625
357194.59375,123438.8984375
416548.90625,159212.09375
563057.1875,233913.703125
332303.09375,49106.0
480459.59375,266359.90625
455110.1875,235407.5
532380.875,109087.6015625
584921.6875,48654.6015625
328516.3125,25584.900390625
405757.6875,64656.3984375
310003.8125,19999.69921875
360758.6875,120187.0
551937.625,87555.296875
471884.40625,87829.6015625
322966.90625,130721.796875
451810.90625,174183.203125
325392.59375,73099.3984375
460795.8125,141736.09375
410671.40625,96778.6015625
322332.09375,69394.8984375
579628.375,136850.40625
472864.40625,90675.6015625
275052.90625,93998.796875
442876.40625,131526.703125
603282.6875,30793.599609375
330142.1875,40653.0
361266.90625,26022.099609375
391525.6875,84913.1015625
490173.40625,37304.0
285450.5,76435.0
369628.09375,122040.3984375
470990.59375,116500.8984375
554807.375,76745.703125
560570.8125,100866.703125
300502.3125,25729.900390625
416263.3125,174244.90625
290622.6875,79422.0
493169.90625,155981.796875
451343.6875,149737.09375
462800.40625,196030.703125
498727.40625,227129.703125
432127.40625,115766.296875
425089.1875,174285.09375
381556.40625,209100.296875
472025.40625,229676.296875
312440.1875,41139.1015625
379455.90625,162370.90625
426983.40625,151186.09375
300514.40625,19497.30078125
541206.3125,138486.59375
309867.90625,28977.099609375
308882.6875,41035.1015625
507545.90625,179843.0
465949.90625,162293.09375
316704.90625,53679.80078125
531582.875,202598.703125
535044.1875,94325.1015625
379158.6875,105601.6015625
402910.40625,142452.5
343293.8125,69136.1015625
523284.59375,118772.6015625
341846.6875,112626.203125
275149.1875,73181.796875
368188.90625,77518.203125
509277.5,127269.703125
311132.8125,49617.19921875
406891.3125,100650.203125
519048.3125,172142.40625
415681.40625,241394.40625
390957.90625,125103.296875
405100.40625,251046.703125
429205.59375,148437.0
474090.0,192316.203125
383198.90625,98580.6015625
448863.09375,214131.90625
536464.625,55417.3984375
414102.90625,106990.203125
438682.40625,192231.796875
434602.09375,164989.90625
504296.0,168624.203125
544349.625,125828.8984375
285995.3125,36222.3984375
410439.3125,137501.40625
374992.09375,160883.5
329309.6875,67685.203125
312599.1875,50601.1015625
486205.8125,228874.203125
343721.6875,90014.296875
361350.40625,96216.203125
561244.3125,135841.203125
520888.1875,189342.5
526162.125,96128.796875
535701.375,88425.203125
271505.6875,38024.1015625
395536.09375,168221.90625
477361.3125,145180.09375
436551.40625,141145.09375
347125.59375,99552.5
514413.0,177072.90625
334351.90625,62435.6015625
542761.1875,107458.203125
370529.6875,124722.0
539416.875,128806.8984375
461670.09375,147256.09375
496513.3125,176670.703125
313800.09375,48553.8984375
381613.59375,171854.59375
320132.59375,105964.1015625
483133.1875,185640.40625
534732.375,155051.59375
435877.1875,121070.1015625
405615.3125,137419.703125
442808.1875,182087.40625
342849.6875,145004.703125
388214.5,152579.90625
527703.125,126480.1015625
435551.6875,128685.0
554512.0,86297.8984375
535265.125,96636.1015625
528572.125,192296.203125
350018.5,59258.8984375
494350.5,177042.40625
487108.0,197521.296875
312737.5,47136.1015625
263403.09375,34961.1015625
308322.5,24880.900390625
546343.3125,136264.703125
303095.6875,34994.80078125
371386.6875,115406.8984375
465411.1875,168098.203125
422078.90625,75556.8984375
471439.09375,207729.40625
471598.09375,201044.703125
435110.1875,173762.203125
314397.0,19773.900390625
367742.59375,22628.30078125
310089.3125,58132.0
325478.3125,46015.6015625
566986.5,53343.8984375
294442.3125,18377.69921875
304972.90625,37071.6015625
259375.203125,83965.796875
404946.1875,161775.40625
326421.90625,100844.8984375
480561.90625,161329.703125
560426.875,81276.8984375
527602.125,179227.203125
346741.5,107373.8984375
487028.3125,64674.69921875
322224.09375,45032.3984375
313323.59375,68368.6015625
303186.5,20108.900390625
495171.5,171724.40625
422677.40625,192812.59375
301225.1875,102457.796875
545946.6875,104649.203125
527467.625,173226.90625
345956.40625,123456.8984375
422176.40625,93036.6015625
466246.1875,140488.90625
428244.5,158559.59375
355529.5,144195.09375
434433.6875,145833.296875
620600.0,93629.3984375
470804.1875,138477.203125
526390.875,91779.3984375
507805.09375,95961.3984375
455607.59375,120546.703125
511261.59375,192074.09375
402098.09375,117883.703125
384822.5,149919.40625
419072.90625,135339.203125
532337.0,138903.90625
354122.0,102987.1015625
412590.5,158915.40625
525078.625,182155.09375
286801.0,27119.900390625
366589.1875,136366.796875
451718.6875,131368.90625
540820.0,268699.0
445065.6875,158443.0
396574.0,130182.3984375
466315.1875,193251.09375
309249.8125,36780.69921875
467540.90625,303147.6875
444072.59375,159190.59375
597127.6875,71228.703125
534113.6875,164169.59375
331138.09375,149144.90625
328827.0,62864.1015625
543469.3125,184715.0
284412.59375,53173.6015625
409821.90625,236660.203125
424116.5,118741.6015625
588911.625,119536.6015625
265300.3125,94039.796875
385391.90625,89661.6015625
321938.0,42609.8984375
418454.1875,138053.796875
483426.1875,99093.3984375
342387.59375,102717.703125
360102.09375,149423.203125
478576.0,134312.296875
395676.5,103062.6015625
451356.8125,165988.796875
333658.6875,103568.3984375
381743.40625,140073.09375
482047.5,134937.90625
416617.40625,73210.1015625
518101.59375,187505.203125
577467.6875,98951.203125
425038.59375,127778.3984375
345628.8125,111733.0
343411.90625,26985.19921875
549140.8125,139629.59375
418017.6875,146633.40625
332370.09375,54978.1015625
402883.6875,174824.40625
369100.90625,71087.796875
303559.1875,58007.5
312112.1875,124401.8984375
311894.6875,60629.69921875
574189.625,180457.40625
435236.09375,128359.703125
538086.875,163385.203125
524819.5,160368.40625
457024.0,245219.40625
273353.8125,46995.69921875
526004.3125,144589.5
426560.0,142102.703125
394633.0,157641.59375
418031.59375,172845.09375
332487.5,107967.3984375
320527.8125,62359.80078125
418769.1875,150484.296875
318352.8125,68465.703125
355621.0,130185.3984375
342965.6875,69126.203125
533217.375,256738.90625
299566.8125,68398.1015625
377309.8125,129028.3984375
454254.3125,138506.90625
385885.6875,127343.6015625
340303.5,70103.203125
497783.8125,180739.09375
317990.40625,49151.3984375
320679.0,22977.099609375
556898.125,161100.203125
407569.0,190734.40625
319636.40625,75456.6015625
371982.90625,74223.203125
418099.90625,160581.703125
496139.1875,153312.0
551472.0,187993.5
328908.59375,108722.796875
529796.5,137227.0
341341.90625,38080.8984375
317099.09375,18797.599609375
310355.8125,101353.1015625
362937.8125,160776.90625
553797.8125,111501.8984375
490989.5,217359.703125
518821.8125,202739.796875
533343.125,172855.703125
332937.1875,110595.0
342036.6875,115784.296875
522790.09375,114046.3984375
400627.5,151627.59375
359187.59375,111346.203125
353167.90625,89326.6015625
311350.90625,48911.30078125
367472.5,120654.8984375
339144.0,80716.703125
321296.1875,18739.599609375
479045.5,130298.703125
483492.6875,180508.0
510375.09375,192886.40625
360991.1875,94575.796875
303396.0,71445.6015625
367777.40625,74627.203125
358202.3125,67664.3984375
449917.59375,216553.203125
313106.1875,39785.5
526669.625,139502.40625
345003.5,138133.90625
496191.40625,157563.59375
421540.0,131845.5
519610.40625,141486.203125
365467.90625,128750.296875
305655.59375,21832.69921875
466658.5,67529.8984375
504654.0,127307.203125
369809.0,146012.90625
577445.0,37642.0
466040.6875,163945.09375
548767.3125,146986.59375
439963.3125,142391.90625
408114.59375,122455.203125
382599.6875,96430.0
395231.6875,116384.296875
617898.125,91081.703125
543376.625,101527.0
485357.0,140858.0
510325.40625,187379.703125
573681.0,93604.203125
538812.5,128687.8984375
294708.6875,39495.19921875
332928.0,47375.69921875
344603.5,110809.0
301915.8125,61566.6015625
482013.09375,237931.296875
492762.3125,139997.796875
310808.90625,61633.8984375
305474.1875,145233.5
336961.1875,66864.796875
395790.90625,103311.796875
347010.09375,122915.703125
350785.40625,96861.203125
405409.09375,70692.796875
341462.6875,111791.8984375
290767.3125,134749.90625
495047.6875,185145.09375
521600.3125,133656.296875
517473.6875,135474.296875
347099.90625,78526.796875
568902.0,105282.203125
535552.5,140097.703125
276617.40625,47281.19921875
501321.5,235131.0
362939.5,41566.5
432384.59375,143436.796875
307450.6875,38795.5
342393.0,131721.5
557042.625,33813.6015625
396992.8125,152462.09375
336303.1875,42813.1015625
529791.1875,142882.40625
289134.40625,18542.900390625
368927.59375,84300.3984375
510020.59375,173353.0
414300.90625,159066.09375
475612.40625,134355.296875
443918.0,318320.90625
383106.6875,23815.0
348348.6875,124822.203125
476469.0,160841.0
530984.6875,145815.0
579079.0,50895.0
333557.6875,100846.3984375
323697.8125,64202.8984375
502488.3125,132543.90625
519697.59375,204457.296875
357001.5,120375.703125
574930.8125,111035.3984375
511973.90625,185324.90625
323682.1875,116901.796875
552589.125,70313.8984375
364798.59375,66666.703125
472056.09375,277066.0
482617.90625,192667.296875
313930.59375,60307.69921875
333616.5,25436.400390625
555406.375,192352.703125
333385.1875,113403.203125
345118.59375,66670.796875
393621.1875,155963.0
394815.40625,96158.3984375
324057.8125,72614.8984375
327733.3125,20290.400390625
583328.125,151427.59375
457743.40625,203372.09375
338651.1875,78764.8984375
326014.09375,71267.296875
310321.40625,25781.80078125
318645.90625,62438.3984375
267452.59375,17396.69921875
333416.59375,46489.3984375
469333.09375,149072.5
320403.0,39485.69921875
431668.0,119868.8984375
463293.1875,175994.703125
535416.0,141915.0
523195.90625,178417.40625
431811.8125,148170.40625
378572.0,131262.703125
572465.875,194001.40625
385084.09375,110615.3984375
501997.1875,160798.796875
351654.09375,103339.6015625
371762.5,78577.5
478693.59375,155047.703125
524126.5,27027.900390625
408965.6875,79932.5
297751.0,25061.0
355971.09375,140261.203125
396995.09375,185092.703125
502226.09375,99060.5
339135.90625,83455.6015625
480600.0,226098.203125
508972.6875,113914.5
288849.0,83109.0
394659.09375,121887.296875
566577.8125,63688.3984375
389399.5,213727.703125
404274.8125,123492.8984375
295375.1875,44606.0
452497.1875,148220.796875
322060.09375,98333.203125
436998.0,99058.3984375
439988.09375,125181.5
373829.0,77900.703125
536539.0,122163.8984375
327835.8125,96154.203125
451371.8125,187750.703125
313217.40625,44886.6015625
590347.0,30071.5
447031.8125,236668.203125
309786.8125,51913.69921875
488532.09375,177445.59375
458675.1875,120159.5
367771.59375,97485.203125
534134.875,37882.19921875
616637.625,66182.203125
440115.6875,148156.5
403560.0,145101.5
411454.8125,151676.203125
317430.3125,40419.30078125
291866.6875,17498.599609375
565256.8125,205388.703125
400813.90625,203676.203125
309142.59375,74892.703125
320895.3125,58550.0
510235.59375,212770.90625
295718.40625,56303.19921875
295503.1875,20478.0
582079.125,47545.69921875
351799.0,73924.5
483474.09375,145597.90625
534236.5,145745.296875
491601.3125,117506.203125
489893.40625,143440.09375
490594.3125,158850.703125
488000.59375,180918.203125
438272.40625,194307.40625
418163.6875,128694.0
358982.8125,151708.796875
353405.40625,72888.1015625
311605.90625,34093.8984375
293410.90625,47407.69921875
537654.125,164333.59375
546803.8125,84372.203125
425061.8125,83272.703125
519881.90625,35791.8984375
431596.90625,185504.59375
414190.1875,122546.296875
558832.1875,161860.5
514184.5,235467.296875
323804.5,33629.30078125
440252.3125,239489.703125
605221.3125,60004.30078125
484861.8125,173809.203125
346203.6875,146408.0
492164.09375,156311.203125
325820.5,104994.796875
335676.8125,56014.19921875
333665.40625,40176.6015625
386602.8125,143373.203125
540209.8125,140921.40625
340026.40625,161906.703125
406119.6875,126632.796875
512566.0,104032.296875
397758.6875,142925.59375
406766.3125,140437.40625
395369.90625,94372.6015625
334831.8125,70327.203125
343567.09375,148501.09375
388245.1875,179139.5
547840.125,90508.703125
409875.90625,119015.3984375
452662.90625,216048.703125
524685.8125,142613.203125
431193.3125,188199.703125
462038.40625,168883.703125
485036.1875,218051.796875
476740.09375,172566.90625
343891.5,114879.5
366591.3125,23807.19921875
439655.59375,164865.40625
429485.3125,123258.203125
321886.3125,64857.69921875
381947.3125,118907.3984375
370494.6875,125234.296875
490691.90625,108335.203125
388742.5,138570.90625
275595.0,36614.80078125
400084.90625,120940.6015625
541963.3125,141532.90625
334631.6875,60494.0
394140.09375,99026.703125
582823.3125,98003.5
574855.875,65493.8984375
545679.1875,157897.0
565082.1875,60793.69921875
357828.0,35017.5
328571.1875,49089.5
286743.0,111546.5
491163.8125,231645.703125
496296.5,175184.296875
480399.40625,136437.09375
522875.3125,63455.8984375
481218.90625,153013.09375
298075.40625,40990.69921875
311697.6875,53199.80078125
401286.8125,173020.203125
538589.625,183481.09375
422181.6875,194077.0
383195.40625,108660.3984375
524763.0,29088.5
459443.59375,178303.796875
366583.8125,161893.0
427264.90625,215295.09375
357842.5,96518.5
571169.625,89689.203125
305533.3125,60537.5
384402.40625,158960.40625
563709.0,144739.5
598144.375,147068.203125
523881.5,41575.80078125
442080.3125,207642.703125
393163.90625,132692.90625
378532.6875,118913.296875
342319.0,57554.19921875
580622.375,73933.203125
325296.1875,21737.19921875
561483.5,87046.5
368915.59375,150469.203125
339986.59375,78108.5
308577.8125,55039.5
438804.6875,174059.703125
343736.09375,135072.5
380753.3125,131512.09375
366500.8125,109796.3984375
465802.90625,170052.703125
303098.0,58814.5
306124.6875,19364.30078125
321148.59375,105042.5
351855.09375,156512.0
338174.8125,63312.3984375
297519.40625,33546.1015625
486570.0,209058.703125
506450.59375,220873.40625
562553.3125,110555.796875
440822.59375,213095.5
514832.40625,182732.796875
371901.3125,126550.0
434476.6875,121393.203125
339728.59375,133999.0
536058.875,190353.0
467271.40625,151320.09375
443388.8125,218078.296875
484171.09375,149016.0
489897.90625,133759.796875
351685.59375,58291.5
319309.8125,62419.6015625
363011.6875,105072.296875
491716.8125,206207.90625
391059.90625,155807.59375
431045.0,177544.0
340490.1875,73289.0
318080.8125,43451.30078125
298095.6875,39362.30078125
370675.5,147176.703125
507666.40625,147503.59375
387900.3125,25280.0
436279.1875,180984.703125
348295.1875,54114.19921875
369679.40625,107843.6015625
435125.3125,160307.296875
557158.375,108399.5
542777.875,248086.203125
515839.0,148365.0
369898.5,119696.1015625
350504.3125,124075.796875
351346.5,81222.203125
465391.09375,139711.40625
488076.3125,310037.3125
476789.59375,196163.5
528877.875,95338.296875
358283.5,179340.703125
414297.3125,127239.0
462909.8125,128008.1015625
470181.6875,184275.703125
519170.6875,117948.296875
357313.90625,108946.703125
309100.0,58455.5
328922.1875,18479.5
539001.5,187606.796875
266003.1875,102714.0
415597.59375,178739.5
520602.40625,136247.90625
350448.0,115273.296875
494382.8125,178275.40625
450043.59375,127523.3984375
438751.59375,175758.5
531592.625,90167.203125
317583.90625,51913.30078125
549683.125,64214.0
532826.8125,142182.90625
320849.40625,47248.19921875
448252.0,117368.6015625
509955.90625,126997.5
287463.8125,17691.80078125
534924.375,77300.5
426639.3125,164716.59375
421814.40625,163662.90625
510728.6875,113674.1015625
302020.09375,130448.203125
507169.6875,174019.90625
456440.1875,151766.703125
576046.6875,35466.80078125
570770.875,28331.099609375
356854.8125,115708.1015625
529524.6875,208642.203125
284260.6875,35260.8984375
447041.09375,165250.0
438914.8125,108342.1015625
318847.40625,56136.0
287617.6875,20289.80078125
298149.59375,103544.0
391378.90625,155221.5
341390.59375,136869.5
309341.8125,56278.80078125
562328.875,78178.0
536514.6875,31809.0
316783.1875,22037.69921875
530054.6875,135223.59375
405468.0,148201.796875
406054.3125,178890.796875
534660.375,199210.0
560682.8125,146634.203125
526308.625,235280.0
536421.625,87101.3984375
410184.09375,148762.5
545767.8125,69747.0
505292.6875,138026.203125
425506.40625,161690.0
361558.59375,159792.203125
376735.8125,128879.0
363150.40625,127471.796875
501806.90625,152638.59375
314115.3125,61109.6015625
382564.1875,155870.40625
471389.40625,87713.5
486886.40625,96012.1015625
535376.0,170269.796875
452874.8125,192622.796875
478627.59375,195001.203125
472972.90625,109567.296875
382792.5,57588.5
596663.8125,64757.1015625
519069.3125,175811.09375
388940.8125,103008.796875
562420.5,121968.5
360910.0,82089.203125
411867.8125,177738.5
317908.6875,26169.19921875
451840.09375,157398.0
390554.90625,76987.6015625
453542.90625,179848.59375
390100.90625,184808.703125
370144.6875,134932.203125
364470.6875,117732.1015625
403979.40625,169395.0
346151.5,119230.203125
318352.3125,81835.703125
304838.09375,20025.0
334398.59375,61520.80078125
461346.09375,177292.203125
554446.125,177073.703125
550174.1875,81808.703125
536290.875,94409.0
461961.1875,254735.59375
316111.1875,18104.5
298258.8125,81274.1015625
311625.59375,41955.69921875
507621.5,198491.5
416351.5,186400.203125
508621.09375,75071.5
339359.40625,100577.1015625
308249.59375,140182.0
297942.1875,23942.69921875
522367.90625,140113.0
405178.5,71577.296875
466697.40625,49037.5
289678.09375,133134.5
519187.90625,40277.69921875
583270.375,96516.796875
486494.8125,84651.796875
490531.59375,155404.203125
573616.8125,82346.3984375
279445.1875,74317.203125
335390.40625,55601.5
498523.8125,137529.796875
305113.09375,48440.30078125
448192.09375,187920.90625
406477.8125,152176.203125
359850.6875,51837.19921875
315926.8125,25181.19921875
367498.90625,137408.90625
342233.90625,120830.796875
510968.5,61603.5
411367.6875,88000.0
322878.59375,63170.19921875
561116.375,62014.80078125
402471.8125,106140.8984375
386206.1875,186308.703125
372261.6875,100364.6015625
288735.40625,49759.6015625
589746.375,88119.703125
406358.90625,208742.796875
288203.40625,39064.8984375
554784.875,52008.8984375
328800.3125,54358.19921875
315500.40625,30281.0
430849.59375,81573.8984375
317298.8125,53736.69921875
424791.3125,166131.90625
510984.3125,165595.203125
319611.90625,24794.80078125
397592.6875,168417.5
324132.8125,74668.8984375
291690.1875,57070.30078125
470073.1875,172829.703125
568717.375,178952.0
442372.40625,132485.5
356362.3125,98050.6015625
543635.625,160727.40625
305899.8125,60604.3984375
509144.6875,172353.59375
455019.40625,229890.09375
312406.09375,53980.8984375
453161.90625,70822.703125
551055.375,78447.703125
476786.09375,55532.30078125
551154.3125,123105.796875
326287.6875,28027.0
331759.8125,112227.203125
536195.375,206198.0
473304.40625,218320.296875
416611.3125,151135.09375
470318.40625,185605.796875
288657.59375,30474.30078125
362633.8125,93927.296875
286952.09375,131946.09375
472554.59375,158704.703125
506674.3125,101156.8984375
313446.1875,19385.30078125
337984.90625,123870.0
502331.09375,116205.296875
295881.1875,120082.703125
364273.3125,150846.0
346764.8125,125193.8984375
492105.6875,95408.0
355232.6875,92251.6015625
331711.90625,89394.1015625
549833.1875,165385.0
345432.5,32392.099609375
311737.40625,29378.099609375
324886.40625,58642.69921875
580424.1875,35385.19921875
456462.3125,121760.8984375
458183.6875,192477.703125
359077.8125,59881.19921875
457905.6875,125196.203125
485046.1875,284829.59375
452625.5,184927.5
497487.59375,184771.203125
318340.09375,51548.30078125
448035.1875,131669.203125
497355.6875,130392.796875
542966.8125,150122.796875
451812.1875,203201.703125
304031.40625,19904.30078125
340197.8125,121006.203125
381686.6875,60767.0
516361.90625,74445.0
460360.90625,96331.8984375
491325.59375,200731.40625
344763.1875,31405.5
582277.8125,187789.703125
429335.90625,93460.6015625
342727.3125,24125.5
418978.0,21407.0
308817.8125,34375.30078125
494916.3125,103842.1015625
480457.59375,205153.703125
403817.5,157493.90625
545246.875,124190.296875
589416.0,38289.0
272230.09375,16852.69921875
532402.125,194802.796875
313673.3125,19996.30078125
467824.1875,148287.5
532900.125,78185.1015625
252721.296875,46403.19921875
497595.90625,114765.0
550998.625,118732.3984375
350301.3125,135550.703125
364134.1875,110818.5
398323.8125,39191.19921875
268447.90625,34453.0
311575.1875,73861.6015625
367239.1875,109954.796875
370383.40625,108452.1015625
530927.375,215000.40625
347170.90625,127316.703125
302651.0,43069.1015625
296797.09375,42613.80078125
512124.59375,29066.80078125
346381.8125,97860.0
334449.8125,74600.1015625
552799.625,141108.203125
309493.3125,58277.80078125
541217.875,34818.5
334250.59375,83314.796875
272874.90625,16742.80078125
441081.8125,200024.59375
292475.6875,80884.703125
563446.8125,146926.203125
320992.1875,113461.1015625
301012.6875,41344.80078125
473046.90625,143569.09375
298513.90625,45009.69921875
559329.0,147664.0
475435.59375,145394.796875
311636.1875,45459.5
525256.1875,146742.703125
592294.8125,96015.8984375
364292.09375,70462.703125
374030.3125,130152.296875
416125.3125,164267.09375
434465.59375,134291.40625
550975.1875,133194.5
433989.1875,167054.203125
508453.3125,178280.703125
272319.09375,96245.796875
347259.09375,48734.30078125
506145.59375,208314.09375
523563.59375,26390.69921875
270935.6875,99379.703125
365961.6875,96990.203125
363630.8125,128884.203125
278704.40625,69868.0
535402.8125,93716.1015625
315392.59375,49247.3984375
362726.3125,126631.703125
313860.8125,20456.900390625
335957.8125,130322.203125
322967.40625,75668.8984375
506788.90625,181048.203125
322623.8125,89481.8984375
296826.40625,20006.5
497313.8125,173880.296875
310567.1875,30359.69921875
535562.3125,101197.6015625
382270.3125,109500.0
320160.3125,53069.8984375
405211.1875,121483.0
314554.8125,81239.203125
541964.375,170979.0
556580.875,178583.703125
290534.90625,24398.30078125
545112.1875,83680.703125
401005.8125,160248.296875
299573.90625,33214.5
339666.6875,81318.703125
437096.40625,31623.80078125
392273.8125,130500.703125
416738.1875,44455.0
415252.1875,85949.703125
513122.6875,161463.0
304495.1875,59697.6015625
364500.09375,95476.203125
490397.3125,190571.0
408694.8125,116429.0
495132.8125,142077.0
317291.5,24863.400390625
326102.1875,97020.6015625
528156.125,152086.59375
291964.3125,97931.0
501506.90625,182881.90625
453254.09375,162569.5
554907.625,86211.0
329484.3125,81899.6015625
328069.59375,91464.796875
542310.8125,74360.203125
438950.90625,141991.703125
529594.5,118586.5
564864.625,108427.203125
407525.8125,107921.0
558153.5,72894.6015625
369821.5,154418.203125
349943.5,70661.6015625
429147.09375,143686.796875
532384.6875,188728.09375
475505.3125,103872.703125
353762.09375,89547.203125
444065.90625,183709.0
437032.6875,164366.203125
548202.625,32285.599609375
375977.3125,116526.5
555230.625,38097.0
289018.09375,33945.80078125
369898.59375,84509.0
556458.6875,112108.796875
376167.3125,155223.203125
350761.40625,141751.09375
334728.59375,80817.703125
399513.59375,111405.1015625
461648.0,190180.703125
527564.6875,131135.296875
542152.6875,130167.1015625
352328.8125,92863.203125
303104.90625,17834.69921875
313451.5,45820.8984375
489841.0,171058.59375
390638.09375,132535.296875
357174.1875,94034.3984375
570549.6875,94509.3984375
364256.0,117179.3984375
484768.0,192088.203125
465320.1875,210911.09375
364869.40625,137329.0
304459.3125,38769.80078125
303150.8125,60545.6015625
536203.8125,75165.1015625
497281.09375,115894.796875
309521.59375,22844.0
565804.0,33530.0
328777.59375,26291.19921875
294830.5,58627.8984375
312746.5,42553.6015625
390948.6875,24097.900390625
484234.0,156226.703125
544453.125,193092.796875
602714.0,64329.6015625
544242.5,156787.5
287397.1875,48553.1015625
382093.5,152277.40625
412201.09375,84807.703125
516280.59375,163120.796875
341603.59375,76193.5
516542.09375,169057.0
425237.5,90601.703125
371076.0,146625.59375
514207.59375,109464.296875
321115.8125,21469.19921875
505475.09375,156923.703125
314175.6875,17967.19921875
417067.5,129947.3984375
371064.5,91951.6015625
342263.8125,114975.796875
354886.0,26836.099609375
472096.09375,127571.0
472133.59375,156446.5
415831.0,127083.6015625
439586.09375,156225.5
367498.59375,64944.5
517016.1875,187117.796875
393295.8125,120747.6015625
518431.90625,156106.09375
483058.8125,188859.0
482572.0,75908.8984375
359449.0,31582.599609375
471701.59375,136224.796875
362790.09375,47875.6015625
469030.09375,244065.90625
305293.3125,22360.0
408416.40625,159173.90625
278788.1875,19449.900390625
434076.40625,142806.796875
338167.1875,60582.3984375
308693.0,40799.1015625
554560.625,113157.296875
338678.8125,20271.69921875
332953.0,29735.099609375
555540.8125,65340.6015625
497251.09375,142030.5
558588.1875,115434.296875
342999.8125,108260.703125
435420.90625,122915.6015625
338184.0,102453.5
415677.1875,164779.203125
341055.8125,76113.5
473551.0,168425.59375
545631.5,147900.09375
409939.09375,186273.203125
442719.09375,142442.40625
500899.59375,142513.796875
301570.8125,81726.5
325832.5,150768.203125
428358.09375,111626.703125
320494.40625,30799.30078125
462077.09375,179920.0
572510.375,177967.703125
436682.5,195130.203125
407084.0,136789.40625
412654.1875,67398.8984375
497076.8125,186653.296875
431366.8125,161540.90625
441777.1875,160442.703125
494082.8125,186991.296875
272045.5,64470.5
523965.8125,216650.296875
439682.5,118080.6015625
579316.3125,63743.8984375
314502.3125,35709.80078125
347234.8125,61122.19921875
310212.8125,23989.900390625
362296.09375,91110.0
413438.0,196125.5
616308.125,35561.5
514314.3125,153955.203125
334197.90625,65551.0
400502.5,91141.8984375
308322.8125,38312.5
556032.3125,53100.5
337436.09375,65584.203125
406597.0,106175.6015625
464203.6875,102440.1015625
325512.1875,50346.1015625
471406.40625,159688.203125
314707.6875,19166.5
361357.40625,66437.3984375
400242.90625,72639.5
303324.59375,18442.900390625
554665.6875,50022.1015625
345817.09375,128674.203125
501502.1875,191236.09375
478747.3125,169439.296875
299971.40625,29897.400390625
354792.5,20543.80078125
588320.875,48099.3984375
567600.8125,101164.296875
393784.40625,131626.296875
518687.8125,120756.796875
451118.0,173186.0
413278.3125,95567.796875
338824.40625,76203.296875
590564.625,69142.0
420731.0,107224.296875
562012.0,82774.5
534954.875,185039.296875
390738.6875,126734.6015625
325301.90625,71482.5
364289.40625,61172.19921875
415358.8125,133177.40625
344756.59375,35296.30078125
300751.3125,113640.0
371750.40625,63657.3984375
364708.0,48410.0
508652.3125,196459.90625
478372.90625,174464.796875
574999.625,92362.5
321182.1875,69824.0
492357.3125,141426.296875
462557.90625,212061.59375
416831.0,170587.296875
392666.5,166044.59375
429030.5,171334.0
304135.09375,23931.0
347249.6875,60525.5
552237.875,147392.296875
338667.3125,68296.703125
342125.8125,65659.0
381736.59375,129044.296875
376738.90625,187079.09375
305028.5,50532.6015625
333949.5,78492.703125
299954.8125,35701.69921875
395944.90625,123100.3984375
306939.0,21803.30078125
332977.5,62233.6015625
426213.8125,87012.3984375
561808.0,194694.5
338035.59375,97663.1015625
334961.8125,84879.296875
430663.5,204129.796875
448638.90625,116657.3984375
373165.0,135552.59375
327369.3125,57115.8984375
525071.0,112570.0
584918.625,125326.5
463572.3125,47118.3984375
307296.40625,22116.5
318803.3125,56771.3984375
358000.09375,69981.296875
536640.625,149988.796875
386055.1875,143172.703125
363944.3125,159899.703125
510519.40625,126219.8984375
498360.1875,135566.09375
502580.40625,157075.703125
577452.3125,29702.30078125
469712.40625,248118.90625
488459.5,107012.6015625
505910.3125,127517.296875
500579.59375,172481.5
542144.6875,120239.5
576111.8125,214076.90625
312329.40625,49834.69921875
568982.625,110496.296875
385085.09375,128502.796875
531337.125,171118.796875
387377.0,202778.203125
340360.3125,118244.296875
382962.0,118274.6015625
353408.8125,82313.703125
414106.59375,175759.5
426478.3125,156771.40625
404244.40625,126540.1015625
471472.0,201701.796875
550141.3125,184770.40625
406614.3125,187363.703125
509644.90625,201523.203125
299594.8125,65528.30078125
399606.5,174568.09375
343288.5,156131.0
294323.3125,75567.8984375
539623.5,201429.796875
512556.8125,191102.40625
495976.59375,142458.796875
541651.6875,102989.203125
459497.5,145104.59375
354427.0,129399.203125
402740.90625,143612.703125
556722.375,104107.8984375
399751.40625,167249.0
524978.875,177132.09375
354060.90625,122811.8984375
410432.5,155511.5
446080.8125,204337.796875
505980.3125,136154.703125
468742.90625,128604.796875
484881.8125,122462.3984375
421826.09375,189225.0
337543.59375,87124.5
397801.1875,156322.5
330046.90625,39133.30078125
540553.8125,40378.8984375
311002.40625,54014.5
459007.3125,166759.40625
382992.3125,67606.796875
423072.3125,160621.296875
307345.90625,35014.3984375
336338.90625,22938.400390625
355797.8125,131655.796875
498812.0,285964.5
440634.3125,170010.296875
540995.0,201445.296875
421079.09375,120135.0
557281.6875,193948.09375
319495.5,55899.8984375
512745.40625,219351.203125
325422.3125,58050.0
431324.90625,186483.59375
492480.6875,170558.59375
427688.1875,176996.59375
417675.40625,174641.40625
504123.6875,91419.6015625
430167.6875,200826.0
322268.90625,46053.19921875
521084.6875,191901.796875
561476.625,83475.3984375
308077.3125,24695.80078125
476299.8125,227189.40625
487944.40625,208557.296875
384748.3125,132973.90625
327118.40625,50084.30078125
309378.6875,51827.6015625
458819.40625,151108.0
356949.40625,163907.703125
270400.09375,23352.80078125
569549.3125,50677.0
432984.59375,126742.296875
320761.0,44559.69921875
332670.0,22980.599609375
582081.125,91736.8984375
515471.90625,207014.59375
520895.6875,201181.40625
463042.90625,214986.5
308597.09375,40671.5
354360.59375,151871.59375
319851.1875,47906.30078125
497427.0,178114.90625
508454.0,142401.90625
339254.0,48850.3984375
422563.59375,177216.703125
294009.1875,23302.099609375
397099.0,179769.0
591624.5,35509.80078125
373323.59375,118720.796875
301400.8125,34582.69921875
542367.6875,97888.3984375
468117.40625,140766.5
442391.8125,181509.40625
555137.125,187507.5
488813.1875,147623.296875
302431.3125,62769.8984375
395901.6875,81753.1015625
534085.1875,34595.80078125
353452.0,79356.203125
331231.8125,105560.5
416754.6875,193748.90625
320876.8125,61893.8984375
337081.09375,35305.80078125
417528.3125,179498.296875
537050.6875,197082.40625
551026.6875,143762.90625
337614.1875,60001.0
296944.40625,22067.5
458467.8125,224884.40625
310263.09375,20546.80078125
564419.625,167576.59375
452395.90625,38788.19921875
340459.1875,105494.203125
535462.0,131053.703125
486382.5,161803.90625
329065.09375,45092.8984375
292120.8125,70418.796875
536873.3125,169879.90625
309632.5,29098.30078125
376213.90625,45291.19921875
573020.125,117440.296875
324661.40625,52878.69921875
414328.3125,131534.703125
544866.625,40590.3984375
387793.6875,108317.3984375
310581.6875,51183.5
352291.1875,79050.0
250773.296875,42553.8984375
522487.59375,96680.0
373171.90625,152433.703125
593927.125,85205.796875
475486.59375,210669.09375
420517.90625,171336.203125
370475.5,38326.0
346627.1875,120722.3984375
599344.625,45735.30078125
300217.1875,29411.400390625
433014.1875,160646.0
468939.8125,152167.90625
337550.90625,45391.1015625
538489.8125,141367.703125
360198.90625,96167.0
539885.125,183914.796875
324342.09375,95011.1015625
555989.1875,119011.296875
425558.5,228284.5
295962.1875,44121.3984375
283131.0,89919.296875
316632.59375,58583.80078125
534142.125,172597.40625
432544.3125,139377.203125
472384.1875,135899.40625
530055.1875,42688.0
559727.875,186019.203125
312988.8125,41988.3984375
335707.5,66900.8984375
283380.3125,31583.19921875
282882.0,24339.19921875
338021.0,159459.0
520360.0,119315.1015625
320399.8125,63699.19921875
312350.90625,33093.1015625
470274.1875,179827.0
561139.875,93511.1015625
340139.90625,21414.19921875
529075.875,154206.703125
537158.6875,135234.296875
384587.3125,154276.40625
546723.3125,153351.09375
551515.125,143082.203125
303380.6875,89836.796875
459805.90625,176807.59375
344961.5,128275.5
528964.0,124016.796875
380186.8125,143426.40625
320308.3125,83620.296875
332007.5,20851.80078125
489451.59375,178035.796875
438040.0,174878.796875
461682.09375,260886.59375
519873.1875,201342.296875
342406.1875,51700.69921875
377775.1875,95676.6015625
493161.09375,179221.09375
449542.0,162012.90625
485877.6875,189922.59375
504354.90625,199878.40625
422134.6875,139362.0
324326.6875,105861.3984375
480752.6875,154254.0
425464.90625,186775.0
420142.59375,161158.5
481423.90625,188521.09375
410592.6875,141266.40625
475124.0,25145.30078125
478229.90625,130405.1015625
340681.09375,64616.5
348862.5,56095.30078125
475220.90625,155371.703125
335500.1875,80956.703125
526611.8125,160481.203125
351697.1875,82136.296875
387210.40625,92740.6015625
385844.0,111065.0
303269.5,25392.599609375
508663.5,235710.296875
426162.09375,156708.90625
444631.09375,166318.0
459736.8125,194747.203125
549532.625,88113.296875
360250.5,120742.296875
335938.5,77643.8984375
460916.59375,58213.80078125
525417.6875,111277.8984375
358838.90625,20826.0
546488.875,140579.203125
293074.5,40971.80078125
576218.625,156833.09375
574308.875,84267.203125
560124.1875,117250.296875
534707.1875,242357.703125
437525.8125,201091.40625
331831.0,56818.3984375
478151.6875,182267.796875
412162.8125,184491.203125
380019.40625,111004.6015625
377550.1875,153652.40625
338786.8125,85619.8984375
477878.09375,237978.796875
486788.3125,156006.296875
528371.1875,162409.0
336088.1875,57045.0
450274.8125,173025.40625
585235.625,32178.0
567072.0,126634.296875
322958.90625,74418.203125
534723.125,107283.6015625
552868.875,73968.203125
399129.1875,119405.203125
362075.1875,114702.3984375
417671.0,155810.59375
600625.8125,72954.8984375
325776.59375,37155.30078125
375518.09375,102276.8984375
533971.8125,137046.796875
321966.1875,18562.400390625
279281.6875,107203.0
412247.5,201247.296875
464904.3125,217268.203125
345621.5,117070.296875
313695.6875,18163.30078125
460955.5,157581.40625
346786.1875,32449.80078125
327252.3125,104380.6015625
287715.8125,32046.0
567487.5,99237.1015625
379035.59375,149181.203125
528943.5,187700.40625
488970.8125,132053.796875
458784.8125,222261.40625
361941.59375,119962.296875
551418.625,117372.796875
286872.6875,21295.599609375
402940.0,218819.59375
345680.6875,141033.09375
357470.0,138789.296875
558844.6875,48270.19921875
337228.59375,98537.0
457346.8125,125634.203125
464706.90625,146359.90625
308906.3125,118300.703125
561756.8125,43808.6015625
280803.90625,18274.0
520761.1875,179913.203125
361950.40625,113823.796875
403296.09375,126032.796875
461245.3125,154969.09375
553818.1875,100335.1015625
314644.8125,91532.1015625
568445.3125,93041.203125
502539.90625,159758.90625
400016.40625,115773.3984375
438523.3125,109377.703125
456038.8125,176643.796875
372496.3125,111539.3984375
315455.40625,19070.400390625
316845.6875,67239.296875
384767.3125,108308.203125
285564.0,82715.8984375
307077.90625,43202.8984375
304989.40625,45557.8984375
378990.59375,87805.203125
416620.40625,111474.6015625
331555.6875,131180.703125
390985.3125,125587.296875
604229.375,120340.296875
315136.59375,44774.8984375
502954.8125,167194.40625
432458.09375,152193.296875
517435.3125,153643.59375
281578.6875,112169.6015625
316150.3125,79898.8984375
593767.0,97259.1015625
556920.875,86281.5
557905.625,152166.0
397430.40625,110792.8984375
581010.8125,53868.69921875
281637.3125,52375.1015625
323188.90625,33912.1015625
506322.5,70423.6015625
327838.3125,57540.30078125
386848.09375,161921.90625
292084.90625,48093.3984375
549242.3125,85366.703125
423457.09375,113921.6015625
559688.1875,106395.0
390325.8125,118898.203125
422950.3125,159213.296875
427729.40625,137272.0
557387.375,111956.296875
500955.59375,154590.796875
290503.59375,45206.6015625
382682.90625,146059.90625
415583.5,113654.0
446101.8125,158214.59375
435130.90625,253755.40625
388638.0,184533.796875
478924.5,118090.3984375
575858.375,59329.3984375
418494.59375,155608.203125
530700.8125,212921.59375
557219.875,54692.30078125
409582.09375,113836.6015625
400455.90625,122792.8984375
499657.0,77943.5
396591.3125,163673.5
536224.125,97809.6015625
357123.90625,122076.8984375
526818.3125,129019.796875
457390.90625,71658.1015625
359303.5,81576.6015625
304370.6875,91319.203125
551066.125,88667.6015625
487337.90625,190371.40625
459155.5,150662.296875
445451.59375,208304.703125
542789.3125,99912.1015625
321697.8125,51510.80078125
533933.8125,54560.80078125
357530.59375,78759.796875
409253.6875,94074.796875
608692.875,64704.8984375
309239.5,40482.5
412039.5,156733.09375
424284.3125,163048.09375
330641.5,21786.0
482214.09375,203890.90625
484043.90625,131103.90625
533008.6875,170620.5
312473.09375,118595.5
416336.8125,166943.296875
469063.40625,111130.3984375
498155.09375,85857.703125
444478.8125,102175.796875
359018.90625,106524.296875
398245.0,119410.296875
410291.59375,134160.0
366013.8125,169410.703125
511509.0,153516.40625
568620.125,199832.203125
410453.8125,170419.09375
291287.90625,18216.400390625
530689.0,135286.796875
391447.5,139099.796875
339289.1875,63007.5
312550.8125,49989.19921875
517603.09375,143151.203125
394177.3125,148455.59375
363186.8125,147782.796875
411085.1875,174858.703125
521439.09375,189622.5
509814.3125,175868.203125
338498.3125,105586.1015625
478092.8125,130585.796875
374122.90625,119512.5
540658.375,170530.296875
392135.3125,80610.8984375
404756.5,192566.5
570521.6875,164926.09375
322896.6875,60998.19921875
510512.3125,136023.5
485933.90625,139204.703125
553132.625,27891.69921875
333336.6875,139745.796875
416685.5,120356.296875
490404.59375,113102.6015625
404052.3125,165419.703125
352715.3125,54773.69921875
379092.59375,23826.0
519237.1875,184347.90625
377864.3125,103221.203125
422116.5,148488.59375
318732.1875,99124.703125
428048.90625,95342.796875
373816.8125,132027.296875
392218.8125,161046.296875
319270.1875,86200.8984375
334971.1875,25998.30078125
406602.1875,150042.59375
328674.8125,22878.900390625
388012.1875,117192.5
487578.1875,188908.203125
293907.40625,21644.69921875
349085.1875,51483.30078125
530887.375,123214.3984375
292691.3125,29608.69921875
410685.40625,199744.296875
325554.40625,91717.203125
402271.6875,178217.09375
339589.3125,62955.80078125
431930.5,177264.203125
306970.8125,80885.796875
430649.0,225125.09375
321825.8125,49176.19921875
368571.5,97131.1015625
403732.59375,118201.6015625
442183.3125,126682.296875
405393.09375,164760.5
497583.09375,138455.0
566930.8125,152512.296875
419753.8125,231136.40625
485053.09375,187296.40625
445622.1875,127010.0
469561.8125,127205.203125
527639.5,130640.1015625
568935.3125,47033.69921875
337134.09375,114704.5
544390.0,167841.90625
538979.3125,136159.703125
488281.8125,245369.796875
450172.6875,86765.0
577096.6875,124711.296875
520946.3125,109770.203125
467661.8125,147957.40625
316803.40625,35648.19921875
328399.1875,31464.80078125
389936.1875,112593.203125
566298.875,31307.19921875
538716.6875,158513.09375
309339.5,48425.19921875
427315.8125,168412.703125
354946.09375,105289.0
392700.8125,146748.40625
308447.6875,41012.6015625
572119.6875,70511.8984375
460009.1875,133269.203125
326965.40625,145905.703125
452728.59375,152114.203125
461990.8125,151793.703125
308195.6875,30075.900390625
343329.8125,80557.3984375
571347.6875,111913.5
345072.40625,91221.1015625
342241.1875,104871.3984375
338107.8125,85807.0
472979.59375,249692.703125
501239.0,153999.09375
424388.5,130545.1015625
324684.59375,20227.099609375
314001.90625,36657.30078125
315028.40625,34285.19921875
495778.5,133190.703125
406773.8125,110062.296875
271479.6875,25339.099609375
332267.6875,20633.80078125
463709.6875,216194.09375
439608.8125,211453.40625
379755.6875,93204.8984375
410400.90625,130850.703125
522610.1875,119344.203125
310230.90625,57699.80078125
393608.3125,136329.296875
525472.0,58310.8984375
413424.3125,201282.796875
547440.8125,83900.8984375
333272.8125,114255.203125
399843.6875,171657.59375
401783.6875,157939.5
474288.5,167269.203125
550850.1875,96309.296875
307117.40625,36943.0
318527.1875,54169.19921875
315834.90625,44764.8984375
407184.5,189950.0
426143.8125,159396.40625
337658.6875,120716.796875
381350.5,133000.796875
311418.3125,32868.19921875
522522.6875,135575.703125
390796.6875,170381.09375
510848.1875,307020.3125
358463.59375,148007.5
322141.8125,20261.69921875
578616.0,126661.8984375
373943.6875,168920.90625
268753.8125,101284.5
412487.8125,164416.703125
403140.90625,163383.296875
497812.8125,183629.796875
519719.3125,163324.796875
337416.59375,109119.5
309552.3125,58111.69921875
485563.8125,201824.296875
303479.1875,65194.6015625
505919.3125,58546.3984375
532787.8125,160373.5
318514.3125,46354.19921875
469386.90625,139782.296875
346993.6875,110124.6015625
505864.5,190235.203125
344100.8125,19143.69921875
295216.5,108435.1015625
374518.1875,140945.40625
403107.3125,175022.796875
456486.1875,184242.59375
325117.3125,70388.3984375
502723.6875,144516.703125
535930.6875,211779.296875
301286.90625,32627.400390625
472425.5,73218.1015625
352208.09375,126203.6015625
285951.6875,86072.703125
496890.90625,144481.296875
580610.8125,58719.80078125
531425.5,157381.90625
498221.1875,199772.90625
483306.6875,140645.796875
495610.8125,175092.796875
328831.8125,67301.3984375
312036.40625,32574.400390625
353275.5,180804.59375
504879.5,121943.296875
528563.8125,178366.296875
480584.0,193048.203125
530776.8125,89536.796875
287227.59375,44392.5
398006.0,140003.90625
492266.1875,175081.0
438169.1875,197564.796875
480576.3125,118162.8984375
457280.5,215749.59375
290512.90625,25364.80078125
441903.09375,133137.09375
393389.40625,159934.703125
384597.3125,119351.703125
453684.8125,126397.296875
348301.8125,91509.296875
323345.5,40175.8984375
303162.8125,23789.19921875
500260.1875,285461.3125
424253.6875,127821.6015625
389143.1875,120444.0
358994.90625,149316.09375
479176.59375,156669.0
345763.5,93905.796875
512044.6875,143955.40625
311650.8125,59099.80078125
462816.1875,134523.296875
544146.5,84927.203125
513437.90625,81219.8984375
485360.1875,197370.90625
509766.3125,176471.796875
532671.3125,138588.90625
416158.90625,163747.90625
569388.625,47490.6015625
357757.59375,111888.3984375
345131.40625,124877.5
335555.5,111771.703125
296329.1875,53743.8984375
342438.3125,124106.8984375
570228.1875,91272.3984375
369291.40625,53000.8984375
544467.125,155945.0
462609.90625,237394.5
569011.125,95199.5
462968.09375,60299.3984375
362801.40625,122597.6015625
317036.5,27343.69921875
294538.8125,33899.19921875
509643.5,199225.09375
387421.09375,124462.3984375
472819.1875,111272.203125
353562.8125,29460.80078125
480097.5,254697.203125
440186.3125,162754.40625
378602.1875,107443.203125
346072.40625,40814.6015625
418819.59375,119919.1015625
369844.1875,27022.400390625
380043.40625,74351.5
506822.3125,160466.40625
321940.8125,75024.296875
455807.0,151118.203125
390505.40625,169504.09375
600583.125,31723.5
454000.1875,228538.796875
570991.125,56362.6015625
462825.6875,230620.40625
418064.8125,145057.40625
380181.59375,104427.296875
366135.5,100078.0
324909.0,122936.203125
353483.40625,111578.0
331683.0,49932.30078125
338402.09375,26598.900390625
482059.6875,241421.203125
333433.09375,22681.099609375
306666.8125,65991.796875
348316.59375,73330.796875
413543.6875,224642.0
315817.5,18890.099609375
483622.8125,75868.796875
317133.09375,67254.1015625
408494.0,181447.703125
307499.6875,84055.8984375
520569.40625,208230.0
519050.59375,168020.5
350151.09375,119471.8984375
584361.8125,50447.30078125
319748.6875,24164.0
534841.1875,29174.30078125
386194.5,254810.203125
476448.8125,177009.796875
426634.8125,147239.40625
422905.6875,182769.703125
297398.3125,60450.5
545538.125,128292.296875
300751.6875,32560.0
473258.5,181294.0
449078.0,181163.703125
362924.09375,150113.90625
399332.09375,185259.0
392481.0,174053.796875
401087.59375,163465.5
542640.8125,204567.796875
296351.1875,70525.0
377510.40625,98911.8984375
308572.59375,18472.30078125
325088.59375,72297.3984375
326852.0,137540.0
570116.625,36336.1015625
427226.5,216197.703125
543898.125,167493.09375
521345.6875,85886.8984375
420332.40625,169741.0
480849.6875,67936.3984375
320180.3125,117654.203125
367305.8125,89101.8984375
337195.09375,22005.900390625
291349.59375,102680.0
334785.6875,133322.90625
484900.8125,187733.90625
565213.6875,126610.203125
505647.8125,237608.0
563847.125,185261.40625
531947.375,123613.3984375
486391.59375,223647.09375
564891.0,118018.703125
388027.1875,148815.40625
296143.90625,21623.0
299248.0,124327.203125
572598.3125,30350.19921875
394266.09375,129077.5
310302.6875,35574.19921875
556077.1875,181666.0
272556.59375,17573.400390625
385732.5,136517.203125
528117.125,164935.90625
355943.59375,97701.1015625
332063.1875,89078.8984375
449165.1875,193397.40625
516009.3125,144216.40625
426986.3125,135647.203125
346197.5,84716.203125
522193.3125,86924.203125
442786.09375,159813.0
550989.6875,181630.40625
337369.6875,91539.0
298204.5,17925.80078125
457142.09375,136282.296875
540577.0,179787.5
386901.90625,105798.8984375
540940.8125,70808.203125
433365.5,174392.09375
484541.59375,237477.5
332333.6875,27624.19921875
494928.1875,161096.796875
584049.375,88478.3984375
389593.3125,141219.5
443582.5,178336.5
410436.59375,148639.59375
359125.09375,60182.6015625
330544.5,88395.203125
319687.5,18364.69921875
365937.90625,105759.1015625
550536.0,217571.59375
428326.0,166642.796875
403353.3125,116594.796875
344606.90625,96605.8984375
503887.59375,103412.796875
306037.90625,24471.099609375
420790.40625,135862.90625
324145.5,66582.1015625
345087.6875,91118.3984375
402131.6875,171733.0
307089.0,59087.19921875
535158.1875,118406.8984375
468957.6875,159511.703125
318609.09375,70375.3984375
291183.5,157605.09375
264021.8125,33685.80078125
383192.40625,67642.5
529506.1875,151302.40625
403119.59375,176957.5
523824.90625,190529.90625
541287.8125,185613.703125
397584.09375,127511.0
315008.09375,36459.30078125
398864.0,99075.796875
439782.40625,96830.1015625
320752.0,30799.30078125
309284.09375,73175.0
455231.1875,162486.703125
481362.09375,184322.59375
413701.8125,139582.40625
321238.09375,56876.80078125
340393.6875,19785.900390625
496852.6875,84925.203125
572987.6875,98881.8984375
457545.90625,223290.796875
395583.6875,83595.296875
314923.6875,49834.6015625
569674.3125,113033.3984375
366885.40625,108011.1015625
510637.3125,166240.703125
476246.8125,197666.90625
477089.6875,194857.09375
409732.90625,70988.3984375
364879.6875,164968.09375
382616.0,161571.90625
378195.3125,87351.203125
262173.59375,35129.80078125
375893.5,129465.5
421432.5,175394.296875
366257.90625,149858.0
337796.3125,84145.703125
426723.59375,205525.796875
419745.40625,189106.203125
299694.3125,24449.80078125
338894.6875,24781.19921875
303859.09375,47302.8984375
438694.59375,71960.203125
559331.3125,28183.19921875
358190.8125,107940.3984375
415005.6875,141436.59375
405640.0,152534.90625
343299.5,74245.5
551607.875,87080.3984375
458874.6875,179886.90625
359910.1875,140133.296875
582673.8125,143769.296875
519924.8125,210650.203125
315798.90625,47133.8984375
454449.3125,157573.296875
353504.90625,48362.80078125
317877.1875,38771.80078125
497624.6875,167547.59375
395933.40625,78117.1015625
410287.8125,125023.703125
303884.1875,50722.6015625
474602.90625,137857.703125
492160.8125,77938.796875
300279.6875,38185.0
499280.90625,111008.296875
448882.3125,192663.203125
323765.3125,69560.203125
312536.40625,38169.8984375
293009.6875,67012.6015625
403781.09375,156766.796875
352019.90625,81310.1015625
364338.0,115920.8984375
392749.5,154991.796875
519447.0,145411.0
534524.3125,149451.296875
532646.375,139217.296875
557182.1875,74389.0
377291.6875,142217.796875
303789.6875,68653.1015625
596537.125,38504.30078125
532011.375,161019.59375
526650.1875,127147.8984375
410602.59375,153858.40625
555401.1875,92162.796875
397801.8125,112813.296875
536623.875,248121.296875
306942.40625,38433.6015625
549970.6875,96863.296875
491876.09375,93981.796875
298635.0,26476.900390625
322768.40625,19828.80078125
347245.8125,126036.3984375
574296.125,143618.203125
495776.8125,49857.30078125
309983.8125,26365.19921875
369714.90625,85735.3984375
399821.6875,142044.59375
513519.1875,135230.59375
452582.40625,140915.703125
355876.3125,48224.80078125
470204.1875,171233.703125
392564.5,144983.296875
570759.8125,151976.203125
388046.59375,116786.1015625
397289.1875,132872.203125
379526.40625,155322.796875
294923.1875,64441.30078125
431457.40625,156414.796875
463798.59375,88302.203125
468374.1875,203956.0
311463.40625,79762.796875
383906.90625,146383.59375
295755.1875,48530.1015625
386234.1875,70014.796875
561086.6875,97381.6015625
505632.09375,214629.796875
389566.1875,112426.703125
407797.5,207170.796875
329210.0,19829.5
432546.3125,122036.203125
293767.8125,17245.80078125
370060.3125,66150.203125
549117.8125,59192.1015625
545735.5,118769.0
581664.375,52767.0
350252.3125,50135.69921875
442110.5,135065.09375
443763.6875,246464.90625
338391.40625,49207.80078125
550137.375,248710.296875
419667.8125,65274.3984375
448846.6875,51394.5
356485.1875,104818.6015625
322144.40625,58063.8984375
361213.09375,126754.296875
377712.1875,61794.1015625
500984.3125,167580.296875
341933.40625,88899.1015625
343783.1875,94145.1015625
563241.6875,82579.6015625
391627.09375,108381.796875
444193.59375,218376.09375
520805.09375,223613.40625
350118.6875,96512.296875
476785.09375,124870.203125
515727.8125,190922.203125
441342.6875,123204.6015625
338747.90625,61755.19921875
582290.1875,176812.296875
304248.6875,42147.0
367962.3125,128662.703125
473075.6875,246087.09375
575657.6875,182087.09375
385269.40625,129838.6015625
343215.1875,128554.703125
318787.0,119999.296875
390644.8125,225744.796875
316039.6875,51360.8984375
575878.125,107269.8984375
542987.875,85912.296875
351000.6875,106442.296875
434970.1875,150849.40625
438575.59375,74282.8984375
355607.90625,85496.796875
434181.3125,145286.0
505210.59375,167167.09375
464509.0,182924.5
529363.8125,141470.296875
557113.8125,141719.703125
520293.09375,56638.80078125
313088.3125,90846.703125
434960.8125,120121.0
367776.8125,87006.796875
490794.3125,121393.203125
383340.59375,138234.703125
563236.875,150177.0
314089.3125,71169.796875
587564.625,108287.6015625
515630.90625,70874.0
517741.90625,138810.796875
359693.8125,73091.0
303162.09375,38180.1015625
360313.8125,100703.1015625
547863.875,122338.796875
475409.6875,170494.5
513608.59375,109531.1015625
537339.375,186892.5
310379.90625,125442.296875
535171.8125,118559.1015625
394959.0,167101.40625
504742.3125,228420.5
313000.6875,80828.8984375
555303.875,166883.59375
457717.8125,163659.09375
365428.1875,105776.0
470571.09375,150165.796875
435441.3125,110175.3984375
438863.5,158168.90625
451762.5,209364.796875
416417.3125,172779.796875
341320.90625,133857.796875
323617.8125,57417.30078125
461477.40625,158733.09375
448199.09375,123992.1015625
584020.875,42454.3984375
267063.3125,36027.3984375
306573.59375,60286.6015625
310320.3125,68005.703125
457789.40625,139591.5
447913.40625,210419.0
464601.5,208220.90625
329841.3125,88905.1015625
540129.5,168599.90625
451472.59375,112963.3984375
405807.59375,155206.0
526736.5,177639.40625
364822.0,105845.8984375
365576.40625,164217.796875
309940.09375,37344.5
495619.1875,144875.0
343279.09375,77298.796875
399665.90625,173961.796875
323641.3125,55689.69921875
270783.5,64898.5
460050.09375,93403.5
277454.6875,120493.0
302142.40625,20921.0
485761.3125,206651.703125
277202.6875,17963.0
348512.3125,125274.0
481687.8125,146861.796875
451128.1875,128793.3984375
305212.3125,66279.296875
499976.5,157938.90625
462873.3125,72398.0
569894.125,156440.296875
355986.8125,88975.8984375
466891.3125,175246.90625
568701.8125,29780.69921875
554174.3125,133538.59375
525463.0,108868.296875
324646.3125,31181.80078125
496430.3125,107154.703125
296058.3125,74863.8984375
324244.0,68248.5
302708.8125,32723.099609375
481411.8125,191018.296875
363076.40625,125432.796875
610148.375,35309.0
374456.6875,107509.0
503763.90625,40628.6015625
583404.125,123455.1015625
373572.90625,122997.5
357178.3125,139909.59375
362167.5,67896.8984375
461523.8125,80165.203125
495302.6875,191449.0
353095.8125,77549.1015625
292094.09375,54279.3984375
385462.5,78776.3984375
327607.90625,59468.19921875
382086.40625,141138.59375
462027.09375,113161.1015625
345279.5,92957.296875
357906.3125,45254.80078125
542875.375,139100.796875
356456.09375,81324.5
332693.90625,64152.6015625
342446.3125,59424.69921875
510787.8125,144047.5
367060.0,136903.0
513061.0,173515.296875
556971.3125,161094.203125
335919.90625,82389.5
387463.90625,126877.0
593657.875,74011.796875
330188.8125,28147.599609375
540313.8125,165622.09375
541689.0,113113.1015625
490218.8125,178745.296875
598124.0,37579.8984375
349197.8125,94287.296875
305803.90625,18084.19921875
580487.3125,110927.3984375
354936.3125,80439.203125
314687.3125,83550.1015625
410913.3125,166332.296875
334251.90625,68151.796875
287426.3125,25335.19921875
338433.09375,142214.203125
462726.6875,75870.5
349982.5,132632.0
328185.09375,70076.796875
529066.8125,146713.59375
447083.5,225199.40625
488676.09375,151699.90625
583271.1875,126332.1015625
305892.3125,42176.19921875
330332.3125,50378.8984375
461418.0,152650.0
463111.3125,144685.59375
496993.09375,151470.203125
329209.6875,25590.5
598011.6875,31045.400390625
304537.59375,127978.796875
456660.0,157094.09375
548638.125,118654.1015625
387157.3125,116405.5
338458.3125,53159.80078125
498623.40625,189090.09375
453031.59375,224317.90625
351918.3125,142176.296875
320217.6875,51605.0
506316.59375,148662.796875
522278.3125,191292.90625
322054.09375,64621.6015625
309151.5,31019.80078125
418529.1875,125381.1015625
494417.40625,140559.0
357757.3125,152052.0
389998.5,128839.3984375
323526.0,62039.80078125
497596.09375,139065.203125
366584.59375,123094.703125
440361.6875,179942.90625
419618.6875,118536.5
355454.59375,141094.296875
360542.09375,63657.6015625
457002.5,110992.796875
282297.6875,28140.599609375
388841.6875,146196.90625
317678.3125,44409.8984375
410062.0,104806.8984375
472589.59375,173673.703125
399155.40625,133274.203125
427424.6875,159627.40625
293924.0,83030.3984375
480453.0,202591.0
511542.09375,198270.90625
410541.3125,28666.400390625
367275.0,185476.796875
344359.59375,137487.296875
353768.8125,123145.5
310323.3125,43623.8984375
416830.09375,212007.09375
402171.40625,116991.5
456256.09375,223321.40625
456913.0,192648.796875
374063.09375,146943.703125
372763.1875,125794.296875
329482.09375,131007.703125
506725.5,140276.90625
326583.0,73684.5
368061.59375,74175.203125
518678.09375,149318.5
473006.1875,156851.796875
348536.90625,152615.0
514102.8125,144418.40625
508836.09375,126266.5
315123.40625,54045.5
461839.0,158032.796875
439565.90625,171770.703125
301414.5,34443.19921875
430652.1875,197256.90625
362283.59375,65942.203125
487023.6875,162918.5
435623.90625,100790.0
490066.8125,203483.0
378377.59375,143269.5
523514.5,107748.3984375
296607.0,32406.80078125
346415.1875,116043.8984375
480783.3125,112877.5
445205.59375,103453.296875
374049.3125,125412.0
331173.3125,34355.19921875
536142.6875,139122.59375
427914.90625,205229.5
464735.90625,173479.40625
290098.8125,20360.400390625
302347.5,21088.30078125
532477.125,139086.203125
452785.6875,235119.90625
426536.8125,198048.90625
481202.5,78683.8984375
307159.8125,20337.0
523596.59375,93977.3984375
539935.5,136841.296875
372243.5,115760.6015625
331515.6875,83254.0
548821.125,122399.0
343275.1875,102299.796875
485082.59375,95476.5
379661.40625,135260.5
402138.59375,115692.3984375
454659.59375,137254.703125
362545.6875,113962.3984375
584216.0,81882.203125
319504.5,39792.5
480266.6875,190635.90625
320108.5,33202.80078125
497049.8125,174169.90625
345476.6875,51196.5
329889.8125,96585.703125
581902.625,73777.6015625
502174.40625,209431.5
526822.6875,164034.90625
385087.90625,151175.90625
306378.8125,28225.900390625
312866.59375,52515.1015625
450903.0,198392.90625
507610.0,158226.796875
359246.59375,68902.3984375
472735.5,135313.59375
454712.59375,154501.703125
373752.1875,68904.5
425362.09375,129248.6015625
576246.1875,69200.796875
334621.0,61020.80078125
405833.90625,117025.3984375
323080.3125,56185.0
336745.40625,87590.0
320280.0,70684.8984375
374781.59375,78755.703125
351668.40625,84602.203125
434038.1875,192767.296875
625795.0,76087.796875
526401.0,51785.1015625
505543.59375,112419.3984375
426804.40625,107761.8984375
394176.8125,102809.1015625
392455.6875,149941.40625
424206.5,126887.6015625
544226.875,139331.0
396655.8125,181901.703125
398685.09375,185829.59375
412588.6875,136839.59375
424302.1875,140425.40625
375353.40625,126311.5
513630.5,41708.8984375
284310.5,40522.30078125
567140.5,49859.8984375
322272.40625,43055.19921875
311242.0,28983.0
406920.1875,96800.6015625
513385.09375,184465.703125
451878.09375,159387.40625
551610.1875,94860.0
292236.1875,29458.30078125
427252.1875,70912.6015625
520544.40625,132360.0
352639.1875,120123.3984375
539236.875,104430.8984375
312825.59375,21340.599609375
407554.09375,165871.703125
480235.8125,98405.0
382321.6875,88263.796875
574232.5,29784.30078125
339786.3125,76288.5
536981.125,130385.6015625
463433.59375,76827.3984375
311879.09375,32555.19921875
354029.1875,100456.3984375
519245.6875,177422.5
350247.3125,159929.5
494553.1875,152213.90625
515228.40625,139584.90625
332639.59375,106865.5
581876.0,29731.900390625
558738.375,40963.69921875
545515.125,158380.703125
333649.1875,66590.0
336257.1875,70219.796875
314368.5,41534.80078125
564818.6875,132752.90625
312833.90625,45243.8984375
307546.3125,22015.900390625
493020.0,103700.8984375
447969.0,132828.5
428532.5,170195.796875
568580.1875,98436.5
367412.3125,109239.703125
313137.1875,55587.80078125
308108.1875,94023.6015625
267033.1875,30778.400390625
533398.125,112289.1015625
483665.5,168930.703125
493462.5,36896.3984375
298961.59375,55642.19921875
499230.09375,91194.203125
405965.90625,75182.1015625
380361.09375,95134.3984375
414078.3125,35663.80078125
369681.3125,74705.796875
457208.90625,174042.203125
387318.90625,123873.203125
502036.1875,141728.0
530243.625,175076.59375
383059.3125,99854.203125
399616.8125,220262.40625
418560.5,221891.40625
557293.3125,61581.8984375
485153.40625,239642.40625
375298.40625,136914.203125
581307.8125,39698.6015625
409816.3125,165063.296875
441177.5,182009.40625
505284.3125,162729.296875
320632.8125,66327.796875
534399.3125,72269.796875
346521.90625,65869.203125
480414.40625,107170.8984375
561387.625,114793.203125
595226.125,131183.203125
419709.1875,86011.5
456804.59375,131273.09375
319219.6875,67097.3984375
316530.6875,59692.0
443550.3125,234801.40625
371628.6875,52272.8984375
448804.3125,183880.40625
389175.09375,107488.0
370946.40625,64002.3984375
269435.1875,28368.900390625
570137.8125,86318.796875
487818.0,154930.40625
577373.375,90533.703125
315595.40625,32848.3984375
527636.625,46563.19921875
353224.90625,82609.203125
476716.90625,158024.203125
434255.40625,172867.203125
312025.0,39933.6015625
412179.6875,192682.0
534644.3125,54045.30078125
497781.6875,188806.703125
336330.3125,75675.8984375
322497.40625,36763.6015625
347418.8125,101468.296875
298076.5,36698.3984375
491150.40625,188369.703125
396979.59375,196088.203125
308551.90625,38305.19921875
412316.40625,123329.203125
443192.09375,159590.09375
395857.1875,211647.90625
315367.3125,49713.69921875
307575.6875,26237.0
444182.6875,197063.203125
293351.6875,65802.3984375
544581.5,153490.40625
270910.59375,37717.8984375
298117.3125,35523.30078125
330955.8125,69492.296875
530554.625,113349.203125
456924.40625,166166.203125
490351.0,198451.59375
357255.8125,147381.90625
536100.6875,66745.8984375
397937.3125,201292.703125
292389.6875,95343.0
542966.875,115506.6015625
324792.6875,39733.19921875
479636.3125,199125.296875
537606.375,135109.90625
285698.90625,43536.19921875
333791.8125,88137.3984375
388592.1875,196780.5
552205.6875,114048.0
412195.1875,176163.703125
316717.8125,68109.3984375
458334.8125,175254.796875
408193.5,153355.40625
475648.1875,90900.8984375
387420.90625,105203.703125
517158.0,201044.90625
450967.5,154037.796875
300660.3125,114461.296875
395250.1875,106279.203125
407290.40625,137079.703125
555726.125,128430.703125
312411.40625,33675.69921875
301516.09375,65424.6015625
471277.8125,157299.90625
402573.1875,174927.0
406073.0,124025.3984375
435057.90625,47717.1015625
521050.3125,169495.296875
473235.5,167301.90625
485680.90625,200325.703125
322449.09375,21475.69921875
308571.0,41761.6015625
555130.8125,63506.3984375
343064.6875,26325.0
521536.59375,125237.3984375
489320.3125,152475.296875
291088.1875,76299.203125
339142.90625,118475.203125
367714.40625,82477.3984375
353744.59375,93534.1015625
442785.3125,187830.90625
312179.8125,21649.19921875
341501.1875,105753.0
589278.3125,39186.8984375
426601.6875,128345.3984375
492867.1875,140864.0
480031.3125,246374.796875
394673.3125,170948.296875
532939.125,115431.703125
536467.625,125750.703125
496102.90625,210346.203125
529947.8125,172669.40625
497630.6875,255145.90625
342439.1875,122280.8984375
491948.3125,192642.40625
527466.875,63631.1015625
538815.625,97217.796875
577848.375,45326.80078125
490522.6875,125895.5
414627.90625,196069.09375
525227.125,106815.8984375
396883.1875,184069.703125
386192.90625,147200.203125
575836.5,87053.1015625
464633.6875,191024.40625
486943.8125,243807.203125
529904.3125,194260.90625
490542.09375,105153.703125
319564.1875,18287.5
345082.09375,100723.796875
405627.1875,130857.8984375
547781.875,119607.296875
406252.40625,104779.203125
481674.59375,139736.703125
360158.0,135638.703125
379430.1875,203404.796875
480084.40625,132636.703125
552106.5,43795.6015625
365040.0,117622.703125
482419.90625,156697.796875
431250.09375,156940.40625
305624.5,61394.5
408015.09375,139454.203125
395465.8125,219715.296875
573828.6875,173051.40625
429730.09375,142347.90625
373000.0,125286.296875
513691.8125,136260.59375
270351.40625,116884.703125
385196.59375,139678.59375
407192.0,181868.5
421242.40625,192198.203125
308357.1875,68245.203125
451947.1875,135399.0
530585.5,176977.5
511818.40625,181100.203125
538721.5,132987.0
523300.0,109482.0
395762.5,168227.5
330807.5,44169.5
548963.625,77231.703125
306269.1875,123056.5
389359.8125,98823.8984375
323631.1875,80014.8984375
519084.1875,168982.703125
478973.5,158674.296875
374938.59375,118813.0
328512.0,79365.796875
389842.0,149773.5
541959.5,175833.0
356771.59375,82064.703125
552310.625,225362.203125
365402.6875,128564.8984375
360977.8125,61253.0
429181.5,167679.0
352778.0,137768.296875
268829.09375,17201.69921875
521581.59375,151457.203125
299535.59375,23688.69921875
410795.6875,161025.203125
262753.6875,44191.3984375
494024.09375,242373.796875
446822.5,184831.40625
462782.3125,211581.09375
461653.59375,130830.1015625
317051.09375,42196.69921875
523455.5,104909.703125
295908.90625,24616.099609375
469009.90625,154899.703125
388485.0,142018.90625
460767.0,74525.203125
473608.40625,146125.296875
386337.3125,100181.296875
485702.0,146337.5
495274.1875,196179.203125
305915.40625,43879.5
319595.09375,67242.203125
522902.0,115327.3984375
343760.8125,79813.6015625
503891.1875,93548.296875
434782.90625,147613.203125
391117.0,182831.40625
387706.8125,169839.40625
487616.90625,118651.0
502422.09375,174357.703125
571689.3125,114584.3984375
323927.8125,62086.30078125
371328.59375,128750.796875
513626.90625,108176.1015625
418560.59375,59434.0
510441.3125,240002.296875
586724.625,88718.1015625
385546.5,159807.59375
325496.40625,94665.203125
482944.0,172362.0
572504.375,28473.69921875
295240.1875,48420.80078125
562702.625,199728.703125
326073.09375,68613.203125
501592.09375,131453.703125
353165.09375,114023.296875
474303.3125,165762.796875
435740.90625,147639.703125
565716.375,31537.69921875
516990.1875,125879.3984375
413334.5,190111.59375
421128.5,179199.703125
273643.5,28479.0
483110.0,144066.0
340807.6875,97565.296875
310422.09375,18949.69921875
543918.125,131171.703125
387149.8125,53872.30078125
317452.3125,104783.0
448854.0,149564.5
312586.09375,20971.900390625
577484.375,37088.19921875
377148.6875,130693.203125
483209.59375,232936.203125
513141.3125,186361.796875
353747.09375,97555.0
335917.59375,118582.796875
312444.6875,140816.703125
317813.90625,22239.599609375
383367.59375,142803.703125
534323.1875,199521.796875
344828.1875,67510.0
380617.59375,104261.5
583586.625,78018.296875
546289.125,59444.8984375
325896.40625,43056.0
295956.90625,83543.703125
538420.875,163754.203125
560128.3125,62123.8984375
494207.90625,149638.296875
341029.09375,83282.3984375
390223.5,122405.203125
374734.1875,142245.09375
431832.0,127402.3984375
287846.1875,26918.80078125
412560.90625,87277.203125
417484.5,122255.296875
311320.0,30923.30078125
289851.90625,28510.69921875
456393.8125,163935.5
466397.09375,189250.40625
492347.3125,39121.19921875
336524.3125,54769.1015625
500088.90625,170242.796875
302179.40625,94866.6015625
561295.3125,120201.0
316389.3125,58654.19921875
315513.1875,79741.3984375
308723.90625,54940.5
523657.40625,183115.203125
342945.8125,143397.90625
377823.3125,116340.0
542239.8125,202355.90625
461930.90625,125472.1015625
366651.90625,126763.3984375
332609.0,29233.400390625
308912.09375,140628.40625
428763.0,192211.296875
295523.59375,56741.1015625
487784.1875,203421.0
601377.5,147823.703125
399399.5,152736.09375
333645.3125,71836.0
522063.40625,180303.59375
356160.3125,161594.203125
502077.0,211845.203125
426776.90625,156773.5
544686.8125,30752.5
521026.09375,195332.203125
466319.0,180114.296875
474165.90625,221739.296875
336261.8125,62222.69921875
528740.0,206084.203125
378470.40625,65043.3984375
355395.5,144016.40625
335667.90625,120115.5
530658.875,202663.90625
448406.1875,82005.203125
518685.1875,122586.796875
304007.6875,48690.8984375
387754.90625,139153.703125
414657.59375,170549.09375
446142.6875,140770.0
430954.8125,127869.0
493702.5,190111.703125
410299.8125,144632.203125
393432.90625,133570.296875
354864.90625,145529.59375
341807.3125,86078.203125
470037.5,94226.203125
519864.90625,94182.8984375
417081.3125,145015.40625
382699.6875,186377.703125
371970.40625,86768.6015625
287516.90625,46636.0
305005.0,40348.0
343720.40625,84194.3984375
461382.3125,148931.90625
329639.59375,40086.19921875
448027.0,136745.703125
533654.3125,124105.203125
603068.3125,81351.1015625
331753.8125,22415.19921875
489596.40625,169144.5
380494.8125,154275.90625
353030.40625,66743.5
587870.875,82190.5
377338.1875,148767.203125
325375.59375,75658.3984375
295471.90625,101983.203125
313911.0,17830.80078125
483723.0,158167.703125
546557.8125,212670.40625
359830.0,128156.1015625
388698.8125,140638.703125
517768.59375,195472.59375
415544.40625,118577.0
380107.40625,63822.8984375
528277.875,263213.0
317834.8125,37223.80078125
473597.59375,68412.8984375
500449.90625,225906.703125
335769.0,79692.296875
409297.59375,113413.203125
426867.0,146273.703125
563827.1875,40354.6015625
449705.8125,234563.703125
386243.90625,186529.40625
314548.40625,74068.0
347897.09375,86997.703125
388620.90625,152902.5
324645.5,34087.1015625
433751.09375,140475.90625
450989.0,142760.296875
326565.3125,84653.5
519534.09375,176425.90625
316469.5,75703.6015625
288392.8125,130526.203125
529460.5,134729.90625
513428.5,165788.296875
366741.8125,83901.203125
601581.3125,67137.0
489133.8125,193650.203125
474221.90625,103125.8984375
537739.875,165262.5
351106.59375,76005.703125
364737.90625,110239.3984375
330436.59375,19291.19921875
394375.6875,195670.296875
567244.1875,79450.703125
554707.875,138191.0
580822.0,179567.296875
408341.5,98140.203125
537511.0,179251.796875
274079.90625,54441.80078125
336400.8125,63640.3984375
595480.125,40211.19921875
401190.5,146341.203125
396980.6875,187749.09375
299678.0,23013.80078125
499971.40625,151456.296875
598835.8125,57933.19921875
298273.8125,102842.203125
388075.40625,21696.0
366040.40625,140064.40625
531319.125,88990.8984375
536074.1875,167773.40625
566797.875,188934.203125
534325.0,179588.796875
470660.59375,162979.09375
497617.0,46766.19921875
363601.90625,177505.703125
565111.3125,140665.90625
516579.8125,71758.5
479085.8125,186564.90625
537362.125,127826.3984375
491376.09375,154314.703125
397652.5,176487.703125
385693.3125,166881.703125
395414.40625,143988.59375
305303.59375,46883.8984375
436976.90625,74748.5
483367.90625,122816.703125
367162.09375,56669.6015625
296154.6875,124697.0
416055.8125,23823.900390625
514491.90625,187054.296875
334175.0,23752.099609375
505295.59375,101849.3984375
491638.59375,117389.703125
304710.5,33353.1015625
557284.8125,154742.09375
313048.5,53780.3984375
518656.90625,182804.296875
302687.09375,20487.69921875
374620.40625,225253.90625
441786.90625,111870.796875
404108.3125,134459.203125
381467.09375,147043.5
437123.6875,96592.796875
442032.5,122667.8984375
503524.90625,188916.59375
532732.0,27150.69921875
498507.6875,140575.203125
338681.59375,90510.8984375
532152.875,129426.1015625
300760.90625,66694.8984375
466644.1875,216753.90625
501648.40625,161166.796875
426634.09375,149259.5
591557.1875,37234.19921875
489787.90625,128579.8984375
476008.1875,197730.09375
464177.90625,146584.0
435343.8125,171400.90625
330171.5,52867.30078125
345738.5,101911.3984375
457792.90625,144922.59375
570187.125,175768.203125
441901.90625,237255.40625
493336.1875,153646.796875
397525.6875,172870.203125
385930.0,144200.90625
268240.90625,25329.5
542003.375,168968.796875
563856.625,71796.1015625
488133.40625,109692.1015625
438421.90625,189765.40625
358122.6875,138684.796875
581519.125,32632.5
306561.90625,44783.3984375
527979.8125,119875.203125
499759.6875,221828.59375
503813.0,202526.703125
532865.625,187430.703125
564295.875,144949.09375
606649.0,40225.19921875
415463.3125,134493.90625
363952.0,101601.796875
488011.6875,92827.3984375
556717.6875,139415.203125
401075.59375,97066.1015625
526225.625,184597.5
413097.5,108916.3984375
555112.1875,195569.90625
506601.6875,148216.296875
357102.5,93248.703125
496134.59375,91247.703125
432894.40625,152809.0
369031.5,167179.203125
329597.6875,78089.8984375
475534.59375,85401.5
483386.90625,125726.1015625
506366.3125,110074.203125
363664.90625,138099.09375
321119.90625,56979.0
336119.0,42431.30078125
542690.125,95472.0
425483.40625,129559.1015625
451965.40625,139979.5
521809.1875,189794.296875
406622.40625,112139.203125
573377.875,68021.703125
546028.1875,149615.59375
534329.375,168826.09375
426201.40625,150253.796875
538814.1875,153069.296875
467948.1875,167990.703125
527625.375,115013.296875
404783.3125,121711.8984375
424076.09375,115357.703125
292325.1875,33844.3984375
321495.8125,100280.703125
551413.875,118805.296875
398597.09375,183316.703125
575263.875,97706.5
584492.3125,123578.8984375
516994.0,172592.796875
573536.375,52001.30078125
555859.1875,159922.703125
428072.6875,21982.69921875
338286.40625,94913.6015625
421899.09375,214316.90625
345848.09375,68869.796875
366552.59375,79451.8984375
288099.3125,56325.69921875
556699.1875,208105.703125
483294.09375,180874.0
491697.6875,104455.296875
326869.40625,119435.703125
351354.1875,138605.09375
441925.3125,135216.203125
392087.5,148765.59375
400942.40625,131362.90625
296712.1875,126487.796875
329538.6875,74140.703125
454874.40625,124438.796875
488621.40625,166726.09375
437060.0,230684.703125
434507.59375,110602.203125
427281.90625,131140.59375
469549.90625,171139.59375
464431.1875,123361.296875
545235.875,65924.796875
504419.1875,89245.703125
352541.5,76623.3984375
418436.09375,163654.203125
566383.875,144235.5
287718.40625,20387.099609375
511214.0,154146.90625
311841.1875,36919.3984375
364210.3125,74930.6015625
568940.3125,31884.0
439998.8125,211708.703125
342022.09375,110963.203125
518915.90625,157593.90625
485839.40625,243101.296875
363027.3125,104191.203125
351050.09375,165579.59375
468978.90625,106244.296875
409897.59375,38319.5
312191.6875,19654.69921875
329997.3125,88656.203125
506335.0,189905.90625
529962.875,82336.1015625
452403.8125,215735.90625
451478.40625,143439.90625
402832.6875,136042.296875
260528.703125,16244.2001953125
429723.5,90284.3984375
535310.8125,136578.203125
328069.1875,68434.6015625
280232.90625,45525.6015625
384462.3125,120294.5
534284.125,163210.0
473300.09375,266246.8125
471810.40625,151640.796875
485148.40625,142430.59375
508203.09375,144134.203125
411309.6875,155983.796875
438440.6875,119299.703125
363605.1875,114240.6015625
358409.59375,103350.703125
464929.3125,147613.40625
395027.5,142944.296875
344252.3125,101500.1015625
453547.6875,144697.703125
348244.8125,115933.296875
483422.59375,214487.09375
549293.125,92507.1015625
488484.0,144371.5
365862.5,48966.6015625
490883.40625,166766.5
572357.6875,179978.59375
507187.09375,197216.5
521330.59375,152940.90625
338161.8125,71360.3984375
568365.8125,50631.5
426173.5,173305.296875
347614.59375,62151.80078125
371664.8125,69961.6015625
369316.5,155943.59375
561548.3125,89396.703125
463433.90625,176608.5
484582.59375,191710.5
378238.1875,142214.90625
408569.3125,191342.5
483274.5,61329.80078125
367740.3125,125077.296875
367355.5,138913.203125
511337.0,164454.90625
317719.40625,39933.6015625
330189.5,58691.3984375
415323.1875,101897.703125
484780.0,150592.703125
566150.1875,85994.5
487557.0,181700.796875
460336.3125,126587.703125
494787.3125,99458.296875
291431.40625,26773.099609375
534887.625,69425.6015625
417402.40625,121834.0
544404.625,80237.8984375
390363.6875,145760.40625
495062.40625,158350.203125
414105.6875,156847.59375
484515.8125,49652.1015625
502476.5,213304.203125
566256.625,47991.5
332116.1875,81902.0
378203.8125,106606.203125
584749.8125,78339.796875
437956.0,183811.5
434848.40625,154562.0
566512.8125,40404.8984375
393098.1875,167948.90625
456533.6875,235533.796875
320818.40625,18696.5
421781.3125,123743.0
335741.90625,93001.1015625
510681.1875,100268.0
381536.09375,154893.296875
413261.1875,208275.0
500760.3125,108604.6015625
395700.8125,159387.203125
524799.625,195026.203125
306733.3125,67137.796875
471574.09375,162471.59375
260505.5,27535.5
355021.0,52271.6015625
439394.59375,161582.296875
406390.1875,139728.5
413133.09375,154519.296875
481815.0,101172.296875
533207.3125,160759.296875
352499.90625,92128.1015625
570136.625,63449.6015625
328120.0,47662.0
405236.90625,115242.203125
555445.3125,50089.19921875
583217.375,33555.69921875
331020.6875,111836.6015625
326908.3125,105223.6015625
524009.59375,153346.59375
413478.40625,179253.5
281237.59375,36228.5
499416.3125,224953.09375
436631.40625,192209.09375
347542.1875,52910.8984375
374313.6875,141945.5
372789.59375,126841.296875
315846.8125,56745.19921875
555115.3125,146504.203125
326236.59375,135796.0
496744.59375,194014.40625
307674.3125,17963.69921875
344003.8125,88595.1015625
424548.59375,167300.59375
580577.1875,47346.1015625
510796.09375,137280.203125
290524.3125,84002.796875
334333.90625,71865.703125
560191.3125,47267.69921875
527989.6875,129885.6015625
548967.6875,54787.3984375
388823.6875,134538.09375
473649.8125,117717.1015625
373949.90625,130421.6015625
573364.125,42245.0
476202.6875,202834.703125
445696.3125,114962.296875
362450.59375,71225.6015625
329425.0,73752.1015625
348175.40625,162884.0
511649.6875,175798.203125
339114.09375,113489.1015625
306217.90625,27700.19921875
326170.5,42285.6015625
400765.3125,158834.703125
305460.90625,58663.0
570366.625,125894.0
499861.8125,139851.203125
298416.5,35285.19921875
431757.0,153224.0
483121.3125,138786.09375
485306.1875,147987.703125
402277.59375,118925.6015625
462524.59375,76770.1015625
475981.40625,171304.796875
349049.0,60075.6015625
295647.09375,22687.0
580380.625,125132.5
332058.5,111867.6015625
420722.3125,77894.0
363594.0,66736.6015625
555032.125,111583.1015625
340326.40625,96706.5
269598.09375,32606.400390625
525273.6875,195695.796875
336577.90625,105464.296875
322790.3125,90437.3984375
337224.5,47096.3984375
320419.0,133824.5
388752.59375,167477.09375
373366.09375,127567.5
383776.6875,166398.59375
526225.875,151759.0
363765.3125,127854.5
498264.0,128311.1015625
461146.09375,182259.09375
530050.3125,208893.90625
437025.8125,191717.59375
550556.0,38292.80078125
370184.6875,101043.6015625
572032.5,87603.6015625
555012.125,164960.796875
362339.6875,89124.296875
537666.5,110707.0
348692.40625,90994.796875
310732.0,30034.80078125
334688.59375,69805.1015625
364118.59375,121332.796875
317392.6875,56035.69921875
468289.0,136959.0
312978.40625,32143.30078125
486938.3125,188843.5
348619.5,194114.09375
476078.8125,159107.0
314113.59375,21446.599609375
328307.09375,26874.900390625
417145.5,235241.0
405995.5,109806.1015625
267912.09375,111306.1015625
329953.90625,65096.5
507488.09375,181374.203125
556593.1875,89216.796875
519256.0,147583.5
375393.90625,125223.796875
314531.3125,54667.6015625
433682.5,118207.1015625
477979.59375,98901.0
455772.59375,238562.796875
432210.59375,165871.09375
338562.1875,112628.296875
358554.6875,143161.0
345698.8125,49752.5
329936.09375,49103.0
565663.3125,213318.0
467634.0,138623.296875
307555.59375,74580.796875
437096.59375,196407.203125
559532.125,215655.796875
375647.09375,133010.59375
522063.59375,175397.796875
266408.5,27119.5
455184.1875,171282.09375
296488.0,18817.80078125
432484.09375,195104.296875
297239.6875,38156.69921875
308745.5,28243.5
425023.09375,137946.0
361007.5,68524.6015625
564126.3125,144734.0
593132.0,29920.099609375
362359.09375,116741.1015625
424367.0,164555.0
306516.59375,29093.599609375
327181.40625,59125.30078125
467198.8125,65832.3984375
435128.6875,221819.90625
337426.6875,133383.796875
357419.59375,104136.0
572211.125,84717.0
