Propidium Iodide PE-A,Alexa-647 APC-A
281827.0,8361.400390625
305819.0,107543.296875
287558.6875,5719.7001953125
287421.8125,5451.7001953125
520479.3125,231896.90625
309502.1875,100131.796875
503966.0,121837.203125
330700.0,117564.6015625
304580.8125,10257.7001953125
292830.59375,6054.5
515950.09375,7731.7998046875
440094.1875,322441.0
344806.1875,127331.8984375
273595.0,19455.80078125
566163.8125,10962.400390625
487282.5,296086.40625
531100.6875,11471.7001953125
304358.5,15441.2998046875
289160.8125,4973.2001953125
532979.3125,9733.900390625
510642.6875,249783.796875
538941.5,315978.59375
298172.3125,31669.69921875
519105.90625,225321.203125
563357.125,8817.099609375
286039.59375,9448.5
293840.59375,67263.296875
273625.1875,4606.89990234375
278224.1875,5652.7001953125
294099.09375,6974.5
318580.5,94099.796875
337277.09375,120742.1015625
439733.1875,22928.099609375
567133.125,65732.703125
291653.8125,5984.60009765625
288642.5,5995.89990234375
554286.875,10922.400390625
273480.90625,7308.7998046875
278259.59375,4898.39990234375
499269.1875,10508.599609375
300458.59375,77563.6015625
297680.40625,5998.0
300719.3125,7734.39990234375
342649.1875,154111.203125
467219.8125,6925.2001953125
535720.375,266757.0
299774.3125,7281.39990234375
569345.0,14273.599609375
286137.40625,5273.7001953125
478198.09375,232490.5
331385.09375,152744.09375
345188.59375,13733.7998046875
323691.1875,104657.8984375
288292.1875,5394.2001953125
435654.09375,262463.5
286768.59375,7759.60009765625
363887.6875,200852.59375
564575.625,10906.2001953125
328606.8125,155973.90625
564665.5,11653.400390625
354837.6875,177166.703125
565789.0,20692.30078125
385826.6875,302066.6875
317631.3125,125531.203125
337714.8125,214705.40625
272836.3125,5017.2001953125
285278.5,3337.199951171875
531303.5,12326.2998046875
256992.5,4618.7001953125
293089.09375,19686.19921875
299467.0,15727.7998046875
282896.59375,5134.89990234375
363677.59375,207644.703125
259703.703125,4390.5
271963.0,6294.39990234375
441561.59375,251113.40625
344738.09375,104311.203125
517021.6875,222381.5
299140.5,6350.89990234375
289794.8125,5617.5
540949.1875,186614.09375
282588.5,4966.0
424605.8125,245333.796875
305389.09375,131865.703125
339923.5,89020.703125
404074.6875,6577.5
264249.3125,9128.5
512770.59375,276771.09375
316737.0,126221.5
476971.3125,8470.2998046875
493818.90625,108687.3984375
302768.09375,7210.2001953125
552289.8125,11486.7001953125
346143.3125,133124.703125
482840.09375,203322.40625
296259.1875,32220.69921875
518190.8125,12245.2001953125
279746.5,4941.89990234375
289647.1875,6350.60009765625
425060.6875,278086.5
275691.1875,6900.60009765625
561059.8125,12240.900390625
276984.09375,5608.2001953125
276334.0,28796.30078125
480187.59375,112071.8984375
293428.09375,57687.69921875
304710.6875,8003.0
293308.5,7013.89990234375
371781.09375,219476.09375
538677.0,198428.90625
569757.1875,12339.599609375
320082.8125,152399.796875
556140.375,11534.400390625
551742.625,9891.2001953125
280113.3125,4839.2001953125
431313.3125,287579.6875
556656.625,12578.400390625
386206.0,299914.3125
473589.1875,246424.5
367302.0,160258.40625
576047.8125,8241.0
396347.59375,275232.09375
349859.5,130585.3984375
342171.6875,161670.09375
566917.0,11530.0
258018.40625,62341.3984375
413201.59375,165530.203125
535391.3125,156522.203125
562054.125,9483.900390625
280148.90625,7510.7001953125
449159.09375,256578.296875
396390.6875,274108.5
521800.3125,318192.40625
543956.125,9742.2001953125
327504.5,94560.796875
544873.1875,11676.0
549715.625,75073.703125
277219.5,4336.39990234375
425407.8125,254706.0
290734.5,5185.89990234375
566500.6875,14456.099609375
416295.5,335381.0
268715.90625,6220.89990234375
403733.8125,243821.203125
279314.8125,59400.69921875
575765.625,72644.296875
275904.59375,5742.2001953125
302401.09375,66765.6015625
274610.1875,5806.2998046875
326814.90625,98635.5
538241.0,11406.2998046875
563406.625,12739.400390625
299570.0,6631.7998046875
436575.6875,216737.796875
289830.09375,7393.2998046875
588984.875,188364.296875
333780.8125,160393.40625
289402.5,5971.2998046875
283293.40625,92743.203125
528629.5,9511.2001953125
283954.3125,6824.89990234375
449309.90625,12746.599609375
269864.8125,6688.89990234375
285341.1875,5506.10009765625
281295.59375,5700.0
558758.125,12220.900390625
322192.40625,104899.203125
298157.1875,5670.2998046875
291482.1875,5815.2998046875
576798.5,11307.5
574736.375,9274.5
518162.40625,10335.400390625
382296.09375,245082.296875
503466.59375,196443.296875
292847.90625,5414.2001953125
581286.375,16654.80078125
287364.09375,6187.5
470446.90625,371512.6875
276934.0,61523.69921875
480556.90625,10137.599609375
286168.5,6135.60009765625
493678.6875,224478.296875
337386.5,138958.296875
359072.6875,156595.796875
499864.0,315931.0
554523.375,12096.5
274463.1875,5307.2998046875
267487.09375,4521.7998046875
256122.09375,4985.2998046875
550508.375,18501.19921875
302212.90625,77511.796875
532595.125,13767.5
480771.90625,308205.1875
399527.0,264057.6875
346754.09375,197866.203125
386896.3125,251236.40625
516408.90625,7772.60009765625
449432.5,236921.09375
321239.1875,133272.296875
397636.59375,146107.5
358274.09375,217076.90625
298305.40625,6322.7001953125
371303.90625,268654.0
366741.40625,206744.40625
324636.90625,100211.1015625
557875.1875,11813.7998046875
561757.625,11357.7998046875
423093.40625,8735.2998046875
264955.59375,24833.0
519779.5,252763.296875
566605.0,11496.2001953125
309055.59375,9567.7001953125
546431.875,24284.19921875
453061.0,190957.0
339044.40625,158385.40625
267832.40625,5984.7001953125
465069.90625,241986.796875
400919.59375,251226.0
268276.5,28850.30078125
555723.5,10893.2001953125
335887.09375,83189.203125
289764.3125,77949.8984375
551300.375,10737.099609375
560448.0,10073.099609375
489331.90625,274932.6875
420200.90625,229557.90625
430841.90625,269392.1875
520298.90625,235980.296875
566396.3125,13453.400390625
480742.09375,221271.5
291704.0,8538.2998046875
474824.90625,234591.203125
580516.5,15310.7001953125
272021.59375,7244.7001953125
551374.625,9615.900390625
545393.375,10784.7001953125
468285.0,249109.796875
487506.6875,244282.296875
298608.0,7139.5
413322.90625,223494.5
286634.90625,5289.89990234375
525669.6875,31367.80078125
375829.59375,233187.796875
301587.09375,96403.796875
511150.90625,301682.6875
287526.90625,5597.2998046875
570151.3125,10050.400390625
270143.09375,8097.5
384807.5,176712.203125
341573.3125,110010.8984375
490065.90625,247741.59375
413324.5,157570.09375
347030.09375,164493.0
284500.6875,6748.60009765625
253968.09375,4960.0
529954.8125,10382.5
279925.6875,97474.796875
481299.6875,226252.296875
320606.90625,101074.0
372670.90625,242511.90625
556139.875,11663.099609375
244133.203125,4879.7998046875
280563.40625,4966.7001953125
248794.796875,7511.39990234375
286650.59375,5790.0
567596.0,11474.2998046875
266815.3125,4819.89990234375
297947.40625,6234.60009765625
580426.3125,10860.400390625
304110.59375,38617.8984375
297116.0,191003.296875
569405.6875,10597.7998046875
560335.6875,11306.2998046875
564732.875,10481.400390625
364104.09375,193104.296875
283428.90625,117625.796875
348050.09375,152320.5
273319.90625,5727.7001953125
287543.0,6362.2001953125
350263.40625,188914.09375
536087.0,9217.599609375
563346.1875,10411.599609375
262128.5,4084.800048828125
495470.40625,276532.0
329437.1875,131672.296875
310775.59375,27179.80078125
503704.90625,233048.703125
549895.875,10681.2998046875
267896.09375,5076.5
370447.0,241127.796875
566802.875,11083.7001953125
288036.59375,5262.2001953125
321285.0,128480.1015625
292259.3125,8173.89990234375
274963.59375,83467.5
269946.09375,5691.0
333194.3125,131541.0
321151.5,68655.3984375
566717.875,12425.5
548190.6875,11158.400390625
286032.0,12626.599609375
257366.59375,6224.0
548947.6875,10632.7001953125
303543.3125,60058.5
559688.625,10112.400390625
557072.375,11361.7001953125
316199.5,86710.796875
281657.90625,4910.5
290669.90625,5849.10009765625
429488.6875,229155.296875
407309.09375,231457.796875
428293.40625,270551.8125
377298.8125,214481.90625
553023.0,10706.2001953125
467830.8125,209622.90625
303115.0,7479.60009765625
296609.6875,64200.30078125
333802.09375,219080.90625
472373.6875,282368.8125
485319.90625,238964.0
287260.90625,5931.60009765625
523226.1875,11847.2998046875
352261.09375,178032.296875
325942.09375,92302.296875
347902.90625,185983.203125
298262.40625,6928.2998046875
381766.3125,198813.40625
341303.5,151896.796875
282772.90625,4929.10009765625
302918.1875,96290.296875
455830.6875,313996.09375
570800.125,12777.400390625
272493.40625,5669.2001953125
564518.6875,9495.7998046875
557704.5,10505.5
299638.90625,57665.0
327248.40625,191433.40625
492076.90625,246723.09375
571887.625,13286.7998046875
321167.59375,104461.796875
451803.40625,279099.3125
324266.3125,85520.8984375
543459.125,10429.0
331210.0,87101.296875
292040.0,24053.69921875
545937.125,17605.19921875
364527.8125,177390.40625
255574.40625,6208.60009765625
318551.1875,65270.30078125
595864.8125,15464.900390625
566529.5,77193.296875
565872.1875,11696.7998046875
550387.0,10550.0
554175.875,10542.0
493566.40625,10766.599609375
287760.1875,5974.7998046875
264200.59375,4889.2998046875
337585.09375,163149.296875
301430.90625,9861.7001953125
303232.59375,49413.5
267072.5,5659.7001953125
263764.09375,4635.2001953125
283688.40625,5110.10009765625
466649.0,9817.599609375
417977.09375,256198.0
361185.0,159475.40625
392024.59375,291231.90625
576367.6875,11673.7998046875
454274.5,246799.0
467887.90625,9199.0
565261.375,17237.599609375
265731.6875,4871.2998046875
548346.875,12615.7998046875
285464.3125,6013.39990234375
466938.90625,289312.1875
442168.5,203546.703125
485824.40625,237604.59375
290375.5,4912.10009765625
362072.1875,195935.796875
344728.8125,156912.90625
541598.1875,10554.599609375
312203.59375,73396.5
294799.8125,5629.5
303609.5,33971.3984375
292830.1875,6433.89990234375
560299.1875,11603.599609375
301068.1875,34090.3984375
278814.0,8137.10009765625
387954.59375,228551.5
485826.6875,11167.7001953125
295833.09375,6701.60009765625
285853.3125,5065.2001953125
272390.3125,5126.0
319985.1875,8806.900390625
286624.6875,201847.703125
517308.90625,255302.5
564513.0,11480.5
430074.59375,268515.5
370578.90625,7479.0
398138.09375,252684.203125
339609.3125,144096.703125
435090.90625,244771.203125
543676.1875,9892.5
300575.3125,17061.0
540896.875,11428.0
292708.0,39822.0
574542.125,11994.0
376882.59375,265199.3125
425495.40625,245047.0
310801.3125,256155.0
387528.09375,257975.296875
576057.3125,12402.2998046875
517846.40625,216693.40625
566496.6875,13666.0
269095.5,134056.59375
288204.59375,9001.2998046875
516065.90625,10863.2998046875
569117.875,12928.0
317951.09375,8322.0
375741.3125,7759.60009765625
309590.59375,73687.703125
325483.90625,110150.296875
526565.3125,277279.1875
258586.296875,5402.2001953125
425628.90625,235126.703125
270710.3125,70404.5
309902.3125,11282.7998046875
559539.6875,95218.0
551155.6875,11219.900390625
401058.3125,164704.0
281464.1875,4735.2001953125
268409.5,107686.1015625
551401.875,11302.5
544172.0,11489.5
288639.09375,5688.0
290191.09375,6029.2998046875
552301.875,13110.5
522707.40625,10933.0
249871.796875,5220.5
278400.09375,5934.7998046875
411825.3125,239051.796875
300157.90625,80144.8984375
292039.3125,33793.19921875
460750.09375,257062.703125
555114.375,9394.7001953125
281286.3125,5439.5
298015.6875,5691.89990234375
568522.3125,11780.5
277304.1875,5204.2001953125
542563.5,11872.599609375
561458.0,11386.0
577063.125,10258.099609375
254195.40625,5885.5
387096.90625,261466.703125
529497.375,232407.0
508074.09375,307662.3125
544344.3125,154392.296875
380298.6875,202952.5
270308.0,4762.10009765625
321107.0,56243.6015625
273637.90625,5612.7998046875
288272.59375,8845.599609375
547673.125,10771.5
293483.3125,6203.2001953125
486069.59375,164439.203125
282685.8125,4341.2001953125
383563.90625,207534.703125
280343.3125,5167.5
535352.3125,249737.296875
403337.6875,11190.0
556381.6875,13941.400390625
564190.8125,9924.0
416376.5,10300.099609375
309755.09375,96199.0
295584.09375,93136.796875
540332.125,240003.09375
459115.40625,359295.0
278269.8125,85706.0
549132.125,8786.2998046875
469567.8125,260259.796875
420692.40625,296901.40625
311597.0,10730.599609375
279757.5,20609.599609375
434021.40625,297262.0
493275.8125,12249.7001953125
276660.3125,14185.2001953125
470661.40625,87604.703125
341620.8125,159693.5
545150.8125,9644.5
453632.1875,206745.703125
376621.0,231412.09375
356796.59375,193090.0
320526.09375,92592.296875
452979.09375,247014.09375
575730.375,13591.7001953125
340579.90625,190476.5
493158.3125,28182.5
492141.59375,243343.796875
392976.3125,236331.796875
481698.40625,199017.40625
295582.09375,8108.7998046875
293335.5,6921.60009765625
356904.40625,9595.2998046875
290706.40625,35291.5
267619.59375,4709.0
543273.6875,167869.796875
581831.8125,10670.2001953125
306550.09375,75094.703125
539754.8125,9643.2001953125
284464.6875,5694.39990234375
289330.3125,5415.5
522831.0,298790.0
254982.40625,6007.5
434912.40625,217650.203125
295138.59375,5324.7998046875
285649.3125,7122.7998046875
544995.875,177284.40625
293098.1875,5818.0
373164.5,232613.09375
292778.09375,6563.2998046875
299455.09375,7418.60009765625
295873.40625,9823.0
386342.09375,209553.5
531028.1875,10229.2998046875
580585.3125,12615.599609375
322937.6875,122149.796875
305336.09375,106897.5
411713.8125,20832.19921875
562155.625,10135.7001953125
334752.8125,8087.5
379529.1875,252435.0
338973.6875,230833.90625
398972.0,313333.59375
392600.90625,195722.0
280016.5,4313.5
285007.59375,8296.0
407951.09375,213062.796875
599904.875,14711.0
515597.90625,283642.0
401081.3125,226395.0
328309.1875,128682.0
533925.0,10858.599609375
271041.59375,5598.60009765625
417445.59375,241434.0
547801.1875,12763.2998046875
304556.3125,62217.1015625
576393.375,12544.900390625
284855.3125,8413.0
302769.59375,130106.5
340904.90625,197972.203125
565148.3125,11744.7001953125
472298.09375,223029.703125
317116.3125,107008.703125
300359.8125,6185.0
484572.8125,294287.8125
532869.6875,10071.400390625
514927.3125,58582.5
262020.703125,36374.19921875
424567.40625,280318.5
327843.5,201313.0
373540.59375,221901.5
343972.59375,192414.296875
452190.59375,302303.59375
295874.40625,5643.0
312698.40625,73069.5
277572.8125,5862.5
527890.5,191060.59375
267097.09375,6923.7998046875
557528.375,12175.2998046875
411115.90625,9073.0
298871.3125,58191.19921875
550274.375,10378.2001953125
301647.8125,32374.0
322304.6875,123544.5
362212.6875,8066.89990234375
555714.3125,11381.5
311025.1875,22434.19921875
334719.5,112805.1015625
279414.40625,5145.5
529496.625,8719.599609375
362129.40625,232631.203125
301039.40625,8213.0
304794.59375,12498.7998046875
296138.8125,6473.7998046875
450246.90625,177352.90625
259197.703125,4645.0
554982.0,249614.59375
573812.875,11747.7998046875
287602.90625,103546.0
265894.6875,7560.2998046875
370094.8125,169180.59375
544956.875,10652.900390625
446195.59375,217741.203125
562691.8125,15326.7001953125
563721.8125,197999.0
472922.3125,245592.296875
516717.1875,249298.5
262897.1875,70523.8984375
361239.6875,10066.7001953125
293932.0,50947.6015625
413443.90625,236379.0
291987.5,16976.5
269229.59375,16788.0
291830.59375,5290.60009765625
578365.375,12300.7001953125
496114.40625,10288.5
300525.59375,8291.7998046875
553202.3125,11647.2998046875
557885.375,13108.400390625
452442.1875,288250.5
503500.59375,238523.296875
314127.5,8527.599609375
300517.09375,104669.1015625
497079.90625,222453.5
440474.09375,312971.5
467044.6875,232778.796875
290206.3125,5993.10009765625
286581.8125,6328.2001953125
272964.09375,5074.2001953125
554730.8125,12553.2001953125
328499.90625,242495.703125
448459.3125,201001.5
307798.3125,11220.2998046875
316965.6875,18696.0
412491.6875,298321.40625
585056.8125,20228.5
342876.5,165057.59375
292746.59375,29026.0
437173.59375,85140.296875
300126.8125,35977.80078125
283286.40625,11031.900390625
293835.0,30567.599609375
284390.5,7463.10009765625
525737.8125,227213.703125
323829.3125,141090.203125
277904.90625,5983.7001953125
543833.8125,9974.5
361964.8125,164875.796875
350387.6875,180296.5
569130.1875,14000.2001953125
405802.5,8687.599609375
278500.90625,48417.5
261125.59375,6152.0
454493.90625,251402.0
576509.375,12153.5
396242.59375,215019.796875
261247.296875,6293.2998046875
247649.90625,5233.39990234375
537490.0,253611.59375
285512.09375,4434.2998046875
371520.5,200997.09375
273722.40625,4037.300048828125
546362.375,11297.0
520693.3125,247744.203125
240893.796875,36045.0
426924.3125,258117.796875
303390.1875,6525.0
303329.6875,7916.89990234375
572461.8125,12180.5
284502.1875,8068.2001953125
315535.0,199296.59375
290331.90625,7208.0
571890.0,16438.5
556142.125,11469.5
302244.09375,8359.599609375
248797.40625,19196.5
559128.8125,9455.0
558528.125,11522.2998046875
412408.1875,250049.5
570370.0,11667.099609375
358783.09375,237070.796875
285655.5,6574.10009765625
354921.90625,170112.296875
575310.125,11725.099609375
371046.1875,205751.796875
415696.90625,8558.900390625
266119.40625,5344.2998046875
356860.6875,142897.296875
291061.8125,36908.0
271154.59375,97206.0
365767.40625,143478.203125
552641.125,9599.7001953125
284356.40625,6164.2001953125
328483.8125,89915.5
486453.8125,233060.296875
282104.1875,4804.2001953125
537874.0,10352.099609375
346915.40625,181259.5
405078.0,238137.0
516701.40625,96533.0
498922.90625,247069.703125
501559.90625,218894.0
544158.125,15540.7998046875
353261.8125,204231.296875
541710.375,11262.900390625
286510.6875,7824.0
415003.59375,294632.8125
252671.0,5199.10009765625
370073.90625,238337.5
433588.09375,221830.0
275200.6875,177090.796875
396683.90625,220472.40625
279835.90625,6325.2998046875
500894.1875,223585.296875
484512.3125,13825.5
498115.40625,277880.6875
410055.09375,10493.5
348029.40625,198768.296875
431139.5,220160.796875
414857.5,265210.1875
293599.3125,52359.6015625
560426.625,11352.7998046875
479174.1875,313788.8125
497594.40625,251843.0
466142.6875,230730.09375
553726.8125,10871.2001953125
510763.1875,376932.40625
560502.5,11632.5
296317.90625,8177.7001953125
299528.59375,21723.900390625
393371.8125,78989.6015625
299455.09375,6739.5
268983.90625,38419.30078125
299773.40625,9964.599609375
570351.8125,13637.400390625
294810.0,5913.89990234375
296283.3125,5878.2001953125
562013.625,13259.900390625
310920.3125,40135.3984375
528619.1875,13352.599609375
550257.5,235499.90625
308716.8125,110053.5
292468.6875,7141.0
294049.5,22533.400390625
270456.5,4733.10009765625
295483.8125,12215.0
315909.40625,11130.599609375
554051.8125,22270.900390625
454637.40625,229323.0
273249.90625,5770.5
492128.6875,278928.09375
503889.5,155866.09375
487518.8125,305539.59375
426000.1875,297696.1875
368216.8125,200582.40625
282020.5,5723.0
345934.90625,186887.0
377274.40625,156019.703125
267631.59375,178873.703125
312608.40625,118267.296875
543074.875,31280.099609375
277705.5,4814.89990234375
549447.125,10921.400390625
541531.8125,9485.900390625
281360.09375,5066.89990234375
343881.0,115388.3984375
304801.8125,28763.0
355467.1875,184363.5
456945.0,308012.90625
299686.8125,84625.1015625
264021.90625,5693.7001953125
345708.40625,175414.0
336389.90625,102471.703125
262794.09375,5452.89990234375
295911.09375,36832.19921875
290799.3125,5866.10009765625
288631.59375,6474.0
517693.90625,11328.099609375
385139.3125,236069.90625
365243.09375,211963.90625
383836.59375,212397.90625
483678.6875,211721.09375
323725.5,120743.8984375
327905.6875,89449.5
570807.3125,11738.599609375
515021.90625,249105.203125
568676.5,11181.599609375
300766.40625,91851.6015625
345179.90625,164751.5
250617.90625,6647.0
490403.1875,13362.2001953125
248994.703125,7194.60009765625
392149.1875,211217.203125
274842.0,108158.1015625
309095.8125,90941.6015625
278654.3125,5132.89990234375
405116.40625,12754.5
285377.0,8603.2998046875
546381.1875,80508.6015625
335677.6875,91294.203125
424474.5,223439.703125
566011.0,12652.0
312380.59375,21815.599609375
266747.0,4744.2998046875
292110.5,5183.0
290441.09375,5879.0
391537.3125,235533.203125
438185.6875,251001.703125
291990.3125,8663.7001953125
288356.0,6518.0
288722.90625,73478.5
500546.09375,11008.900390625
251207.59375,5912.2001953125
395005.8125,144963.09375
557973.125,159551.0
548170.875,9877.599609375
295354.0,52988.8984375
294787.8125,5569.7001953125
274095.59375,3685.89990234375
296090.8125,7180.39990234375
404072.09375,217809.90625
303116.1875,151971.59375
318690.3125,150793.0
501337.90625,218807.0
304065.59375,45591.8984375
433418.8125,259287.09375
410275.40625,184296.296875
556755.875,12140.599609375
583236.5,41775.8984375
551364.8125,41178.3984375
311708.59375,102661.8984375
310837.1875,59634.6015625
568786.8125,264913.5
574735.6875,12656.0
288600.3125,5244.60009765625
512135.40625,7351.7001953125
308120.3125,87870.0
547534.0,12078.2998046875
560742.375,11540.599609375
283014.6875,5196.39990234375
355786.40625,191024.5
295073.40625,5777.5
558967.6875,9263.7001953125
332887.6875,103218.6015625
533280.1875,11303.7001953125
367005.5,14930.099609375
291988.59375,6291.7001953125
290931.8125,8280.400390625
572938.375,14373.0
545221.5,11683.7998046875
291819.8125,5045.39990234375
304778.1875,11161.099609375
342188.1875,204293.203125
293907.3125,7816.89990234375
427227.59375,231614.5
558262.0,10845.099609375
496730.8125,255218.0
578024.1875,19208.19921875
333077.0,122107.796875
280240.5,7350.5
290872.59375,5836.5
304322.59375,12129.900390625
520593.8125,147320.203125
548408.8125,10241.2001953125
576281.375,12120.2998046875
313173.59375,13474.7001953125
550796.3125,13737.0
562523.875,11596.400390625
389337.0,8826.900390625
418862.5,230272.0
277728.90625,5959.5
561002.375,12016.7001953125
582113.125,11942.2001953125
548318.3125,12035.099609375
405977.40625,239565.796875
344393.40625,193810.09375
563001.5,10708.900390625
441803.3125,232020.703125
561168.8125,10231.400390625
316624.5,53792.69921875
293728.59375,6307.89990234375
578725.5,11279.5
566194.875,13789.5
418569.90625,226541.203125
317521.59375,13311.900390625
497920.8125,297779.09375
588307.625,11090.5
526641.375,10347.7998046875
541293.875,9972.099609375
580947.5,9459.400390625
282004.59375,5513.39990234375
358895.3125,197203.40625
510109.09375,282536.40625
492755.6875,181953.09375
493652.8125,256283.09375
544910.5,13192.099609375
255260.296875,171328.0
426433.3125,254355.40625
303861.40625,50217.5
258523.90625,5562.5
458194.1875,248908.203125
560203.3125,11383.599609375
301389.59375,112152.703125
299266.59375,43218.80078125
459812.40625,230578.5
550538.8125,48790.8984375
290515.40625,5617.5
309855.5,11829.2998046875
520491.0,217120.796875
335134.6875,141502.203125
558326.3125,10959.900390625
383898.5,194204.09375
272659.5,161200.203125
564578.5,12674.5
299785.09375,65618.1015625
290625.1875,25204.19921875
259093.5,7886.7998046875
381549.6875,253729.40625
571442.5,11383.5
296362.8125,6347.10009765625
259202.0,3285.89990234375
566520.3125,22768.19921875
584089.625,11603.400390625
309847.3125,94520.8984375
505799.0,225053.703125
571958.625,12581.400390625
538255.8125,65749.0
337308.1875,8096.0
359715.90625,157980.703125
259164.5,5504.60009765625
426674.0,320880.8125
549221.375,12803.099609375
279899.1875,5579.89990234375
592256.875,14189.0
474704.90625,333144.0
284157.6875,3958.10009765625
312236.0,37832.1015625
304767.09375,55948.80078125
274591.40625,6739.5
529908.375,11174.0
282602.90625,5791.7001953125
288010.09375,10934.7001953125
366506.3125,142143.09375
479973.59375,319469.5
286990.90625,6648.2998046875
580729.375,13432.099609375
295630.8125,49297.3984375
289213.0,4593.39990234375
390982.3125,271759.90625
243437.59375,5200.39990234375
339729.0,125586.8984375
324235.3125,146477.0
428984.6875,195160.0
509056.8125,77574.6015625
384141.90625,208650.203125
543508.0,11710.099609375
348488.8125,101142.5
325614.0,97941.296875
559212.3125,55068.8984375
270134.90625,7134.0
551665.375,13962.0
287036.1875,27735.69921875
347009.1875,176572.09375
318479.5,7686.10009765625
555023.3125,11705.599609375
339226.59375,159114.703125
569922.625,12551.2998046875
558351.1875,12746.7001953125
311734.90625,102597.5
585254.0,13460.2998046875
263784.3125,4332.39990234375
457789.0,264079.3125
529346.1875,15708.599609375
297234.8125,14445.2001953125
512238.6875,279842.1875
283347.3125,165363.90625
572153.125,12070.5
519163.5,156436.09375
334151.0,120032.703125
355654.5,163956.0
348489.6875,197860.203125
569103.5,12388.2998046875
516445.6875,12285.900390625
309511.59375,40941.5
285018.09375,7455.89990234375
371710.8125,141379.5
319752.09375,37339.80078125
397130.3125,262565.1875
309411.90625,114631.703125
501148.3125,219021.59375
428327.59375,237393.0
279902.40625,5558.7998046875
307950.90625,45367.6015625
539684.875,10710.2001953125
254313.59375,4800.89990234375
272853.59375,26050.69921875
534399.375,307650.3125
526385.8125,10017.900390625
464256.3125,247889.203125
542896.625,21122.400390625
293051.3125,6884.39990234375
363905.6875,183035.09375
340518.3125,94622.5
473831.40625,10869.2001953125
542001.0,11709.099609375
468342.3125,305616.5
288060.5,13725.2998046875
287958.40625,6207.10009765625
576697.1875,16187.400390625
558612.8125,11562.900390625
419893.40625,304424.0
278166.90625,9517.5
521653.6875,172899.703125
295260.0,7265.10009765625
566380.3125,12368.099609375
449443.1875,239963.203125
375690.3125,206613.90625
390024.8125,289492.1875
455874.6875,9773.2001953125
505913.8125,239007.40625
413264.09375,231487.5
435590.5,12743.599609375
318497.0,122649.203125
295134.0,5756.5
322178.59375,66690.1015625
380601.6875,257995.203125
261687.5,6078.7998046875
272834.0,6951.0
576826.875,105223.203125
560121.625,11936.7001953125
303883.0,48670.5
513171.90625,220280.5
267316.59375,91779.3984375
283093.59375,6347.2001953125
585984.125,11913.0
455239.90625,255765.09375
246913.59375,150352.90625
246389.5,5081.2001953125
343443.59375,203589.90625
290573.5,6708.39990234375
307499.8125,79881.0
292862.1875,6231.5
517560.90625,9778.7001953125
243168.796875,8036.0
283158.5,5595.7998046875
539545.375,10599.599609375
558535.6875,12159.400390625
317903.3125,143792.90625
318221.40625,61137.0
354154.6875,260615.203125
397123.6875,254946.09375
496725.5,254617.09375
287406.3125,7624.10009765625
303089.40625,6544.5
275587.1875,6018.7001953125
390340.3125,190644.40625
277805.5,5272.7998046875
512478.8125,146598.40625
551509.1875,10451.599609375
294709.3125,11388.7001953125
290759.1875,6385.7001953125
267501.3125,5007.39990234375
562279.5,11803.599609375
286565.8125,8433.0
582173.125,12228.099609375
557837.6875,10146.2001953125
374741.0,231857.796875
288558.5,8390.5
480987.90625,281888.1875
561245.125,15049.900390625
405788.09375,274255.1875
560149.3125,11934.599609375
458689.40625,288780.3125
341483.40625,186100.59375
259951.796875,3970.89990234375
555370.0,12796.400390625
559290.8125,13203.7001953125
328127.8125,132259.40625
483126.0,311281.6875
311452.90625,67465.796875
355527.5,156970.5
276463.0,5424.10009765625
495826.09375,253637.203125
331834.3125,148960.90625
337007.59375,145773.59375
418052.8125,208777.796875
269549.90625,4697.89990234375
533623.1875,10564.599609375
282970.5,4914.60009765625
287910.8125,5177.2001953125
544180.125,10960.400390625
555412.6875,10295.7998046875
421136.6875,287007.0
474021.0,10201.0
285190.90625,5043.7998046875
559930.5,9948.099609375
561838.375,12470.400390625
463884.90625,188472.59375
308559.90625,47793.3984375
573795.8125,12324.7001953125
420527.3125,286484.09375
275659.0,5644.0
263744.0,106042.0
550341.625,16464.0
365485.59375,216146.09375
311086.3125,62878.6015625
580975.8125,12405.7998046875
580129.1875,14590.7998046875
300267.6875,5873.7998046875
304399.40625,48678.69921875
304357.8125,10904.400390625
505599.8125,345153.5
249907.09375,7032.0
571836.6875,11559.400390625
523482.0,10009.900390625
440972.59375,253642.09375
534842.5,277174.59375
534424.625,10362.2001953125
296068.8125,8053.89990234375
548204.625,241681.59375
534305.6875,11808.5
532751.875,10526.7998046875
338508.6875,155181.59375
444829.0,306808.09375
553406.0,206579.703125
523691.8125,177934.703125
546403.375,9462.2998046875
307589.59375,10265.7001953125
292423.3125,137112.90625
563270.125,211030.09375
257927.203125,111084.5
280206.90625,4800.39990234375
428539.90625,254082.796875
368561.5,235771.09375
547839.5,11349.2001953125
562648.3125,12852.2001953125
529411.875,241751.5
281288.40625,5615.2998046875
318592.59375,87518.3984375
383182.8125,138127.796875
281818.1875,5478.5
532012.375,11410.2998046875
481116.5,307803.59375
399210.40625,230022.59375
279424.8125,5605.10009765625
302647.5,61300.0
581855.6875,12154.400390625
530896.0,9904.0
371836.09375,221666.0
296659.09375,29386.099609375
508743.0,252993.5
304935.1875,25786.30078125
315113.1875,8143.7998046875
485636.40625,179221.703125
320052.09375,12342.0
279767.3125,7180.5
359687.59375,14451.5
516867.09375,10066.0
291394.40625,5368.0
289198.6875,4985.2998046875
536435.6875,11232.400390625
299904.0,7347.89990234375
398676.09375,91661.6015625
309695.5,103162.6015625
534979.625,12157.2001953125
280838.8125,140173.90625
572832.6875,11785.0
398349.90625,281231.8125
310661.59375,105500.703125
337259.8125,90496.8984375
286588.1875,5329.0
268357.40625,6148.39990234375
295115.90625,6286.2998046875
421884.3125,178398.703125
304992.09375,7645.39990234375
332809.6875,155585.796875
288648.59375,6003.0
392278.8125,196273.796875
458149.6875,10092.0
512739.40625,238806.796875
540952.875,9393.099609375
293512.90625,5528.89990234375
284040.3125,5737.2001953125
299543.3125,7518.60009765625
488959.6875,251269.40625
291428.6875,6738.60009765625
291885.5,42835.5
332640.09375,89320.1015625
400759.1875,236956.796875
292798.3125,6481.2998046875
266358.5,4156.0
254571.203125,9043.2998046875
389234.1875,240476.296875
557369.125,34361.5
368486.8125,115768.3984375
545650.6875,10479.400390625
549245.625,10329.0
356459.59375,149378.5
275968.40625,4707.5
249167.703125,6477.7998046875
435439.5,246062.90625
330375.59375,168366.09375
329532.90625,104014.296875
378623.5,222888.0
318039.09375,127613.703125
252816.796875,27045.400390625
441010.59375,210261.09375
595592.5,15079.099609375
518292.09375,9783.7001953125
286588.8125,26382.900390625
314696.09375,9216.099609375
566656.1875,11086.0
343867.3125,93463.296875
291005.5,9616.7998046875
255250.90625,10043.2998046875
385753.1875,212894.59375
537303.3125,9872.2001953125
502044.90625,311420.0
288243.09375,5196.39990234375
526150.6875,10991.2998046875
471087.59375,240083.0
487201.8125,223296.296875
275126.5,4263.5
573321.375,13243.2998046875
319724.5,13791.099609375
489956.90625,250332.90625
432136.90625,234775.40625
576093.8125,12330.599609375
422561.1875,275180.40625
267610.6875,5916.10009765625
566758.125,45534.5
321219.1875,15462.2998046875
277983.3125,8507.7998046875
275000.1875,4501.7998046875
565416.6875,11426.2998046875
283945.40625,4938.7998046875
289007.0,5773.10009765625
516709.3125,338853.40625
368191.59375,212532.59375
508468.8125,348926.8125
506222.5,11788.7998046875
286518.40625,7368.89990234375
416738.90625,171087.796875
493932.6875,157718.09375
375149.0,11721.099609375
286182.0,52911.19921875
579505.3125,12720.2001953125
457340.90625,265575.0
550007.125,11336.400390625
297113.6875,7544.2998046875
316158.59375,8391.5
548607.8125,10827.7998046875
289295.5,13531.7998046875
309408.40625,9417.400390625
497741.90625,279553.3125
522394.1875,266553.59375
253229.0,9564.599609375
547432.375,9907.0
401744.90625,288139.3125
549825.125,11597.400390625
561311.125,9770.5
274087.40625,5012.89990234375
274320.90625,5113.60009765625
499998.40625,282821.40625
297178.3125,24989.19921875
562725.8125,23618.099609375
554705.0,12176.5
404373.1875,246714.59375
473419.0,305818.0
317455.09375,13909.0
311393.09375,7372.60009765625
509926.8125,171715.59375
583075.3125,13932.2998046875
549778.0,11971.5
563620.6875,13226.2998046875
548207.375,14101.2001953125
295948.59375,56509.69921875
568225.8125,302166.90625
310099.1875,10649.900390625
359711.09375,209579.0
511250.09375,293507.0
532339.375,10435.0
325685.6875,116269.3984375
291715.59375,43788.1015625
311018.59375,33185.5
322747.1875,15558.0
561420.6875,11866.5
392541.3125,262482.5
552931.5,202653.09375
289771.3125,6161.89990234375
292497.59375,6737.60009765625
433209.1875,320195.5
558182.8125,12233.2998046875
244721.40625,5347.39990234375
542255.1875,291525.59375
324460.3125,103151.203125
503986.59375,252983.90625
267999.09375,5208.5
282385.5,10396.599609375
323148.90625,209327.90625
294340.40625,12688.2998046875
437048.5,256934.5
329380.5,26327.099609375
290593.59375,5441.7001953125
297963.8125,10457.400390625
543408.125,10452.099609375
556373.375,12186.900390625
505227.40625,11186.2998046875
254110.203125,159065.09375
251039.5,4231.10009765625
279048.0,12450.2001953125
267442.8125,4938.2001953125
259249.90625,8002.0
574420.625,12697.900390625
466591.1875,279217.3125
545780.125,200178.0
572983.8125,25558.80078125
429980.40625,266292.3125
516375.40625,253588.90625
473837.90625,227425.09375
297177.90625,68600.8984375
557480.3125,17849.19921875
320900.5,140791.5
305806.09375,15440.0
336447.59375,173707.59375
519542.1875,9279.2998046875
300600.8125,8687.099609375
562648.8125,10968.2998046875
533466.375,10228.7998046875
540587.5,182895.59375
362021.09375,201340.203125
518721.09375,229609.59375
373691.1875,154154.5
550596.8125,234871.796875
544491.0,11597.2998046875
294746.40625,6574.89990234375
328384.5,113466.6015625
284161.5,6534.2001953125
288020.3125,6577.7001953125
287153.40625,20586.0
542734.6875,10618.2998046875
530011.6875,10357.5
321785.0,97070.0
548826.875,19854.80078125
248624.0,150240.09375
315352.59375,9355.7001953125
295040.09375,12309.599609375
294887.1875,7480.5
248326.5,109941.296875
580173.375,13239.900390625
315360.40625,55195.80078125
266838.0,6664.7001953125
442999.8125,298727.1875
303445.90625,10633.0
538873.625,74558.8984375
355546.1875,217676.796875
480262.59375,268228.5
458808.8125,236703.796875
365481.1875,201010.0
564341.0,12764.0
297889.40625,5733.2998046875
555642.375,9039.2998046875
323427.5,115772.1015625
547965.8125,294466.40625
304380.09375,10505.099609375
562477.8125,13498.2998046875
279137.40625,5938.2998046875
283026.0,4765.60009765625
309415.0,95775.703125
552497.8125,247653.703125
297552.90625,6651.0
472645.90625,342140.3125
270058.59375,6384.39990234375
297019.1875,5963.2998046875
564965.8125,18592.30078125
305656.6875,6014.0
413569.5,266129.5
363334.90625,173474.90625
570690.5,12083.0
287977.0,4665.60009765625
586225.3125,12713.400390625
277512.09375,6151.60009765625
475881.3125,181773.796875
302606.1875,9199.099609375
301900.90625,6578.5
247324.59375,5342.89990234375
291635.6875,7795.2998046875
371532.8125,210430.796875
527483.6875,12228.5
312011.40625,52927.30078125
515651.90625,300484.90625
375030.90625,245688.59375
294013.40625,80046.8984375
551115.8125,9567.2001953125
468220.3125,326519.59375
527214.1875,302690.40625
505779.1875,197499.09375
546119.5,11399.0
557630.125,16711.099609375
289353.1875,5910.7998046875
377512.8125,233906.09375
360116.0,240387.5
334314.09375,159816.703125
281662.3125,6411.7998046875
416130.40625,250232.796875
454894.0,258442.59375
484704.5,297999.6875
297217.8125,7636.2001953125
397364.90625,321037.8125
319665.09375,112469.3984375
247429.09375,4141.5
293811.6875,7153.5
377010.5,227838.5
293621.90625,5753.7998046875
403699.90625,232949.40625
513669.90625,236579.09375
288158.8125,6518.60009765625
545727.0,10551.0
476074.1875,9607.900390625
541546.6875,198943.09375
274040.0,4940.5
286848.09375,53137.5
310430.6875,44826.80078125
339248.0,208480.5
489387.59375,286247.8125
293725.09375,30007.400390625
259084.59375,6074.5
494423.5,238428.296875
367057.5,170670.40625
559117.6875,12096.099609375
528148.3125,11642.2998046875
332693.8125,119308.8984375
282593.1875,5243.60009765625
548520.0,13305.2001953125
296520.8125,182188.203125
479677.6875,307110.3125
289898.40625,119257.3984375
283122.1875,5633.60009765625
337866.0,103007.0
334754.40625,119371.296875
290961.3125,5492.60009765625
382091.09375,213354.90625
525220.0,11600.2998046875
310718.0,26614.19921875
542582.125,124986.796875
521215.09375,9760.599609375
295418.5,5718.7998046875
570232.0,12962.900390625
556901.625,9447.099609375
546344.1875,214212.09375
290433.3125,6280.2998046875
314042.6875,11815.599609375
574188.0,13429.5
295663.40625,5370.0
361298.0,202751.0
340733.3125,135504.203125
366607.40625,176194.5
294906.1875,9223.599609375
528409.1875,188833.296875
306289.09375,73666.0
545703.1875,10397.7001953125
269520.6875,5717.7998046875
485282.0,273997.5
575250.875,13277.2998046875
280357.09375,5857.89990234375
381611.0,177068.296875
295055.59375,5285.2998046875
537715.625,61863.6015625
291587.59375,15233.599609375
490855.6875,230470.59375
270394.3125,5500.2998046875
564345.8125,10719.400390625
529401.6875,17990.099609375
288758.5,5987.5
270148.90625,5038.5
270463.40625,54969.8984375
323178.8125,11963.2998046875
555262.3125,10168.099609375
514836.59375,204622.796875
316605.59375,133052.90625
565221.625,11694.5
412361.09375,266839.8125
562790.125,11932.099609375
287225.0,54862.80078125
566086.625,14759.599609375
260372.203125,5330.60009765625
291577.3125,4811.7998046875
501421.8125,214664.40625
282868.90625,6141.0
457367.0,8932.5
552604.5,292212.6875
395645.3125,134637.203125
310114.40625,17148.5
378126.6875,190254.296875
538096.875,283613.90625
256078.203125,4737.2998046875
359452.09375,183249.0
582678.625,12852.7998046875
315803.90625,10147.2998046875
340907.3125,155842.59375
308345.59375,7903.7998046875
561759.5,11823.7998046875
288229.0,5704.7001953125
294394.09375,6426.2998046875
298968.5,8058.7998046875
385102.6875,216109.59375
336929.3125,162447.796875
526229.5,8518.0
506803.90625,11763.5
419645.5,353811.1875
490581.3125,275737.6875
570063.375,12849.5
292446.6875,5225.7998046875
276698.90625,7833.89990234375
338615.1875,174302.09375
326182.6875,126918.203125
439199.6875,197454.796875
288250.1875,6252.60009765625
574036.0,13029.900390625
292915.0,3901.300048828125
391072.59375,13903.7001953125
364342.5,5010.39990234375
399669.40625,283298.8125
585423.3125,14142.7998046875
477155.09375,237252.90625
524673.125,238766.0
544912.0,11802.2998046875
562904.5,16547.19921875
314947.59375,84087.796875
536774.125,11172.099609375
297355.5,32468.80078125
388344.3125,201713.296875
565518.8125,9866.900390625
571700.1875,15829.599609375
494868.5,294432.5
327367.90625,161617.5
286897.0,11652.7001953125
567999.375,11648.5
301577.6875,58107.80078125
515916.1875,11867.7998046875
324799.1875,152422.703125
501803.6875,67672.796875
287423.8125,6106.2998046875
566921.8125,7842.10009765625
315807.0,41558.69921875
294028.5,6119.7998046875
301451.0,32811.8984375
298708.1875,59780.6015625
287940.8125,11978.900390625
414210.0,281531.5
360933.90625,151839.5
361191.0,159462.703125
298690.90625,8602.5
289260.1875,81748.296875
364266.90625,227916.90625
275411.6875,4381.60009765625
307019.1875,21018.30078125
293910.09375,6555.5
285488.09375,7253.2001953125
505936.0,227339.90625
554956.5,11410.7998046875
528961.125,11086.7001953125
390745.0,254042.40625
296816.8125,6061.7001953125
265730.1875,5304.5
471770.59375,224111.703125
291052.3125,5797.89990234375
551675.375,12641.900390625
332357.09375,148180.09375
265925.90625,4753.2998046875
570923.0,13224.099609375
451448.5,323562.0
536461.3125,9762.2998046875
357954.09375,307225.40625
260390.59375,8015.5
366222.5,206791.796875
443623.5,255760.0
361611.3125,218826.796875
415727.59375,283931.0
310340.0,130612.796875
338097.5,11897.2001953125
388079.09375,239960.796875
281123.59375,5719.60009765625
527371.6875,241407.09375
360798.3125,165293.90625
557335.6875,246726.09375
462630.5,268779.5
519584.90625,223525.0
564351.5,12860.0
425275.5,302865.1875
571485.375,13253.0
431687.40625,293163.40625
303302.1875,43514.80078125
548998.125,9622.5
269816.59375,4510.2998046875
288917.1875,105781.203125
489628.6875,13885.2998046875
283468.59375,8576.7001953125
302730.1875,12946.599609375
292956.0,34429.30078125
301469.59375,7621.0
346394.3125,228752.40625
375904.3125,186307.703125
320200.59375,125388.703125
296835.40625,6328.0
352736.8125,189149.203125
527748.625,201392.796875
466657.8125,8908.900390625
422104.40625,284779.90625
292700.59375,6339.10009765625
245586.296875,27775.5
279742.90625,5477.7998046875
301526.59375,40459.19921875
434589.40625,262911.90625
411459.59375,15840.7998046875
274867.59375,4792.7998046875
359929.90625,51041.8984375
409768.40625,204372.796875
289317.6875,15649.2998046875
331598.90625,160383.296875
503223.0,207412.5
316642.40625,145592.796875
381719.3125,240128.59375
268419.09375,5475.7998046875
309724.09375,87935.5
287452.5,6382.2001953125
337398.09375,163766.296875
555643.625,10615.599609375
567173.0,11659.7998046875
547183.0,10941.900390625
485684.09375,209194.09375
328474.1875,143375.09375
535040.0,12579.5
286614.3125,4879.7998046875
533707.3125,11860.099609375
527825.125,10447.7998046875
374416.09375,218421.40625
327645.59375,131902.0
349925.5,170579.796875
336231.0,193073.203125
583025.125,13437.2998046875
518508.59375,266471.09375
420158.0,243523.296875
319139.0,93385.8984375
294951.6875,6485.10009765625
296690.8125,7320.39990234375
541588.0,12627.5
530288.875,289393.0
365985.0,12102.7001953125
562111.375,13019.5
443130.6875,175516.796875
292064.90625,6467.39990234375
323114.1875,9262.599609375
285984.1875,6782.7998046875
547846.625,10658.5
514070.09375,254483.796875
338145.6875,207442.703125
573074.125,12004.2001953125
517339.0,221857.40625
286231.09375,6382.2001953125
573265.8125,12873.900390625
286107.3125,45425.19921875
378583.40625,182294.0
397016.3125,196853.203125
550441.625,9436.7998046875
289385.6875,7729.2998046875
409614.8125,217044.90625
516422.0,191425.5
291823.59375,5212.10009765625
357461.59375,210916.5
437193.90625,10264.7998046875
367808.5,187112.59375
444287.09375,209337.203125
431685.59375,221066.90625
241913.09375,5094.5
260483.0,4604.2998046875
288633.0,5998.7001953125
598927.625,12112.7998046875
552969.125,12616.099609375
391733.3125,189944.296875
300405.3125,26889.900390625
271143.5,5827.5
460533.40625,285009.8125
501864.3125,217914.796875
408634.8125,233769.59375
339710.5,249425.796875
290650.09375,9638.2998046875
562352.125,10663.099609375
311210.0,11719.7998046875
329034.5,37537.8984375
360547.6875,198244.09375
388105.8125,206958.40625
457873.1875,226894.59375
302232.0,93876.5
269744.40625,34975.0
587912.5,15487.0
427259.0,114430.203125
521874.8125,228136.203125
554920.875,13635.0
411842.1875,244611.796875
574511.375,12539.400390625
251359.703125,17890.099609375
270624.59375,6503.7998046875
320276.6875,127757.203125
513848.59375,269004.1875
293255.5,43673.3984375
295048.09375,49637.5
556673.3125,9387.400390625
411624.8125,153011.703125
282121.6875,7503.5
291988.40625,11564.5
586405.5,14414.5
538736.875,12355.7998046875
257500.796875,3890.300048828125
292067.59375,7258.0
427263.0,233718.703125
378508.59375,258932.296875
536039.125,9683.599609375
311431.5,15349.5
574075.8125,10341.7998046875
367296.59375,182655.5
575150.0,129267.296875
380048.5,204288.203125
317393.59375,79051.296875
540858.1875,237592.09375
294035.8125,97196.3984375
516845.40625,10366.5
449378.0,299566.0
526041.5,11712.2001953125
514454.1875,12568.099609375
445128.09375,229637.796875
348561.1875,204059.203125
417683.09375,151268.203125
290643.6875,6272.60009765625
281077.5,38849.8984375
366582.09375,252834.203125
289099.0,5545.39990234375
279214.09375,5563.0
414316.3125,7751.39990234375
324700.1875,103719.0
289687.40625,6412.5
296271.3125,10127.7001953125
577441.5,11406.900390625
297388.40625,6598.7998046875
298809.5,6478.7998046875
467559.40625,283145.6875
433202.3125,266473.3125
489644.1875,320091.0
498346.5,232330.40625
279508.90625,150384.5
277800.8125,5212.89990234375
294347.3125,5734.10009765625
547677.3125,11004.099609375
281869.0,6149.39990234375
294225.8125,22365.400390625
567701.125,14192.599609375
291935.59375,4332.7001953125
296848.3125,6356.7001953125
266412.6875,22852.69921875
536664.625,118812.0
359693.1875,7150.89990234375
587636.3125,11489.7998046875
289950.6875,7515.7998046875
347029.0,152006.90625
317767.0,147605.296875
593415.6875,12629.5
474870.1875,271808.0
427242.8125,223103.796875
280228.09375,6369.2998046875
537125.875,186240.59375
485616.3125,254786.40625
270308.5,44468.3984375
289005.0,6147.0
297087.3125,11578.099609375
539527.5,240810.40625
327593.90625,126509.6015625
288688.40625,6737.0
510668.5,8788.900390625
286972.0,4256.7998046875
450573.3125,219296.09375
289645.3125,5248.7001953125
523733.6875,211972.703125
261327.09375,3845.0
539145.1875,57889.30078125
270197.0,94630.8984375
286734.40625,34197.30078125
280156.5,6467.7998046875
510671.1875,270105.5
371543.90625,165197.703125
374916.3125,236684.796875
282014.6875,21252.0
288802.5,23377.900390625
296489.40625,45515.5
522465.0,230062.90625
389872.8125,212387.90625
510502.5,333858.5
576233.3125,12375.099609375
258472.5,22985.400390625
295853.90625,6306.10009765625
585791.375,12998.5
543244.6875,15232.7998046875
551844.0,10831.400390625
290147.40625,6830.7998046875
349087.1875,184886.5
292863.40625,5357.2001953125
531654.6875,241621.0
503743.3125,324847.3125
465965.59375,241388.296875
313736.0,10829.400390625
353073.40625,221938.0
291314.90625,6881.60009765625
459663.3125,273059.90625
389123.0,154135.40625
297524.3125,5681.89990234375
338742.5,130495.0
292915.3125,6563.10009765625
316015.5,30376.900390625
308414.90625,72701.1015625
486165.40625,220871.703125
322146.8125,77235.8984375
538774.5,10630.7998046875
306798.59375,25638.19921875
535109.1875,11379.7001953125
466733.1875,317804.8125
408387.0,224868.40625
297960.0,17014.80078125
282709.6875,5535.5
388587.8125,254541.796875
298236.6875,40879.0
298911.40625,7013.5
281908.40625,6698.60009765625
574695.8125,13149.900390625
342329.8125,140362.59375
288202.59375,5483.5
374185.40625,217455.59375
577228.375,12328.5
561465.375,11586.7001953125
299080.6875,15246.2998046875
340129.5,145806.90625
375606.5,224441.296875
378604.40625,181044.203125
578787.1875,12017.0
543288.8125,10985.2998046875
538624.6875,11272.0
444126.5,359745.40625
283814.0,6050.39990234375
341290.3125,210565.90625
361413.5,151715.0
581319.8125,14007.599609375
275256.3125,4189.60009765625
284985.40625,5157.10009765625
547692.375,11759.0
400756.40625,279794.6875
572747.3125,12428.599609375
290844.09375,5665.2001953125
318347.1875,99887.203125
304039.3125,6725.2998046875
563100.0,10641.099609375
346404.5,188317.796875
298424.1875,35819.6015625
511804.6875,192419.703125
549659.5,14186.0
349131.6875,9174.2998046875
540100.0,10068.599609375
273633.6875,5009.10009765625
271721.5,5093.89990234375
536066.375,190491.796875
328100.5,128716.296875
284890.8125,8906.7998046875
567001.125,15532.2998046875
287759.40625,5750.60009765625
313238.3125,30825.400390625
397557.3125,296162.40625
529625.5,7744.0
551469.3125,10901.099609375
574023.625,13643.0
308819.3125,9648.599609375
258605.5,3642.89990234375
573889.875,77370.1015625
394704.90625,7747.5
552479.375,12223.2001953125
296828.0,6649.89990234375
300375.1875,111331.296875
592688.875,16208.2998046875
285201.1875,7399.0
523007.40625,315942.6875
576315.6875,11138.5
533297.8125,316952.3125
572704.625,10886.7998046875
535443.0,10754.900390625
258390.40625,5222.5
292913.3125,7991.39990234375
555529.0,12021.400390625
292206.3125,22239.900390625
252051.296875,6746.60009765625
313615.0,159832.40625
515123.90625,60514.1015625
303071.90625,80806.5
563375.375,12619.7001953125
485468.0,23869.400390625
321474.0,11738.900390625
275082.40625,4781.2998046875
443742.6875,260907.0
297871.90625,94191.203125
398560.3125,176437.796875
462271.09375,233004.296875
553751.6875,11757.5
293931.90625,186880.0
448722.3125,287778.90625
545362.0,11580.400390625
549118.5,12344.0
268417.59375,4931.5
572374.5,197190.90625
314636.40625,71113.203125
298086.5,23833.400390625
263003.3125,6508.39990234375
287192.09375,5386.60009765625
311633.1875,26218.19921875
346574.6875,107664.3984375
293908.8125,6012.7998046875
509478.5,10031.099609375
535811.5,8499.2998046875
342131.1875,139674.796875
365980.40625,204320.203125
257852.703125,5570.0
579037.3125,12801.2998046875
289543.1875,6312.5
294221.0,5930.89990234375
291354.90625,6930.60009765625
526971.3125,243153.40625
478239.5,270304.90625
285117.8125,5918.10009765625
270472.59375,5119.0
474453.0,205270.40625
316814.40625,10262.5
381699.40625,225026.203125
259216.0,5687.39990234375
413897.8125,251822.90625
297717.0,5020.89990234375
282127.90625,5761.2998046875
546839.0,11196.7998046875
519695.6875,9886.0
562114.375,12895.7001953125
293767.6875,7778.5
315542.0,41553.3984375
349521.5,177957.90625
298046.8125,7912.89990234375
506063.3125,256454.09375
369162.59375,160299.0
281429.8125,5680.10009765625
309523.90625,124080.0
305584.90625,5667.2001953125
343103.5,147730.90625
341533.8125,203457.90625
341652.59375,193400.09375
426516.0,168392.796875
280405.8125,4594.10009765625
474665.09375,261111.703125
559892.8125,11604.2001953125
455400.6875,263829.1875
306114.3125,88736.296875
296663.0,149271.59375
310667.0,8563.2998046875
378251.59375,201536.203125
259700.203125,9769.7001953125
354019.6875,160329.296875
534067.0,10356.099609375
426829.1875,231693.59375
571258.125,12507.7001953125
286821.5,4945.7998046875
317943.40625,232033.0
274207.1875,5566.2998046875
272185.1875,21861.5
259340.296875,6183.2998046875
257156.09375,6371.7998046875
275836.5,4796.89990234375
260328.40625,144344.0
288575.40625,5620.60009765625
297079.0,7401.0
302191.59375,10569.5
525678.5,290384.40625
437280.8125,266601.90625
537079.125,297546.59375
260391.5,4363.7998046875
576513.875,11920.2001953125
326098.1875,92311.0
332003.5,140672.90625
457707.90625,249555.59375
554683.0,8807.900390625
572629.0,11382.5
564016.375,11072.599609375
246933.0,5622.89990234375
264174.6875,6947.7998046875
534309.0,11493.900390625
316281.40625,59468.30078125
297958.1875,6974.0
317390.8125,93957.296875
584766.0,12422.400390625
395013.40625,226151.5
579604.875,10026.099609375
263669.0,21338.900390625
397078.3125,230963.90625
284083.0,6137.0
558600.8125,177521.59375
549336.0,33788.8984375
296094.40625,31115.599609375
558713.375,11375.5
538120.0,11876.400390625
296331.8125,5459.39990234375
287380.59375,26176.599609375
275873.5,32754.900390625
331596.40625,181086.796875
560548.0,11879.7998046875
503356.1875,243028.5
403670.90625,239753.703125
447864.6875,259441.5
461121.6875,317097.0
420927.5,258717.40625
289044.90625,5906.10009765625
491254.0,231565.0
577427.3125,12172.099609375
562524.8125,15258.099609375
553122.5,11643.400390625
253322.40625,21534.099609375
595136.375,10550.900390625
562317.8125,91349.703125
545159.1875,11613.7001953125
379876.5,223675.203125
294912.09375,11167.5
314353.1875,118761.0
413865.5,229923.90625
296886.5,8116.7998046875
312289.40625,9834.5
364210.40625,201651.203125
558227.3125,10924.5
474901.40625,142172.296875
270625.40625,9029.0
448627.1875,235301.40625
358961.0,213287.0
279555.5,75257.296875
322442.5,14277.2001953125
563222.0,11962.7001953125
322067.5,9491.7001953125
409025.40625,189258.203125
287924.59375,7820.0
335847.1875,131837.703125
612362.8125,15908.400390625
302591.0,6507.39990234375
290987.40625,5565.0
282926.40625,5839.2001953125
392856.0,228999.59375
260530.796875,5392.5
303177.90625,26398.30078125
586473.875,15054.5
320527.09375,11446.7998046875
289655.5,49061.69921875
541516.625,11176.099609375
400822.0,227033.296875
248846.203125,4892.0
284364.1875,6146.39990234375
316879.59375,40482.69921875
301668.59375,83986.203125
349029.1875,174251.5
277445.1875,8541.2001953125
556150.0,11323.7001953125
561370.5,13146.2001953125
558661.375,11602.7001953125
470481.8125,238644.40625
561681.875,9717.900390625
371674.8125,203622.703125
548245.0,217652.90625
418704.5,198515.796875
573847.875,13301.5
412515.8125,235040.203125
565345.375,12329.2001953125
487948.0,216461.796875
278332.8125,5166.5
291217.40625,5482.5
374824.40625,10235.900390625
346136.3125,153860.703125
415479.6875,225365.203125
382204.5,212121.203125
285370.40625,7440.7001953125
445413.59375,306076.0
265993.1875,5577.7001953125
483239.1875,191902.0
560223.375,12104.900390625
397213.3125,11420.2001953125
360260.5,151319.796875
539600.375,12121.5
527961.375,12378.7001953125
282643.5,4606.7998046875
425658.3125,273811.0
387896.90625,190444.5
366158.40625,168717.296875
263452.1875,26928.900390625
417399.09375,261263.296875
288481.5,148383.0
352068.5,210760.796875
318877.59375,117264.6015625
518014.40625,14259.400390625
525386.3125,293978.6875
285945.6875,6997.7001953125
408126.0,234068.203125
284195.5,5278.7001953125
477267.40625,11220.7001953125
260469.59375,171167.5
316986.6875,22466.0
288187.3125,6995.89990234375
336701.40625,116682.8984375
553538.0,203003.796875
420061.3125,197221.703125
428661.90625,254411.296875
314171.5,110855.1015625
338014.90625,142375.5
322757.1875,5131.39990234375
286751.09375,6636.7998046875
250226.296875,4408.89990234375
383011.0,223634.296875
315688.0,226692.703125
442960.59375,244908.09375
571320.0,12079.0
274415.1875,7078.5
282160.6875,5406.39990234375
446988.59375,261765.703125
302573.59375,10791.2001953125
347665.09375,140903.0
404977.0,174848.90625
558196.875,11266.5
271590.0,6116.2001953125
438015.5,271024.1875
286706.09375,5534.5
299002.6875,5966.7001953125
545967.8125,10081.900390625
309549.90625,4613.89990234375
514433.8125,10385.7001953125
268950.5,7368.7998046875
274840.3125,5391.7001953125
327824.0,117829.703125
404949.09375,242823.5
342846.1875,190709.203125
538540.6875,13890.0
515318.0,16451.80078125
291051.40625,5470.7001953125
288231.90625,8597.7998046875
295703.0,24628.30078125
434033.5,245275.59375
272193.40625,5405.0
321676.90625,92019.796875
279661.6875,6427.89990234375
574424.0,12577.2998046875
536495.125,9667.099609375
284853.0,6595.0
522284.3125,67860.703125
413207.6875,265833.6875
475298.0,262870.1875
495167.59375,289118.0
349861.6875,193020.703125
243101.203125,12364.5
550791.3125,236312.40625
293174.40625,6897.89990234375
267401.5,144414.796875
336031.90625,132881.5
279252.3125,5150.2001953125
299365.40625,33286.19921875
284041.40625,6457.2998046875
459718.3125,235681.0
553845.375,11125.2998046875
290975.90625,98584.796875
444489.90625,295253.0
432851.6875,232844.90625
283067.3125,6386.89990234375
583416.5,13015.5
320517.5,107145.296875
559393.1875,10357.5
305142.1875,8671.400390625
574205.125,10924.7001953125
272875.1875,15059.5
284100.90625,7117.2001953125
517617.59375,192293.0
271236.5,5870.39990234375
450897.40625,213163.0
581953.5,24812.099609375
518495.40625,315796.5
374509.40625,94217.8984375
547567.3125,9979.2001953125
329138.6875,165518.203125
322914.0,37040.69921875
405563.59375,136975.5
282718.1875,5942.2001953125
338509.8125,146083.40625
581479.375,12657.900390625
549815.8125,10784.2001953125
284925.5,6189.39990234375
558521.0,11164.7998046875
364650.8125,191352.203125
299813.90625,5927.7998046875
328255.0,48345.80078125
336084.5,91527.1015625
312114.90625,56018.0
303191.40625,53379.30078125
283363.90625,4610.2998046875
287902.40625,5123.5
295930.1875,76357.8984375
287988.09375,110946.296875
304545.90625,5809.39990234375
291525.3125,4983.2001953125
568423.6875,12956.7001953125
318908.5,32777.19921875
392507.5,189082.703125
536291.125,12381.0
307663.1875,54684.19921875
335235.1875,110337.0
258353.796875,4634.39990234375
283003.40625,5317.89990234375
549387.3125,10674.2001953125
267711.0,5172.39990234375
294100.90625,6897.0
456534.3125,177900.203125
537034.5,219152.296875
279068.5,5486.60009765625
566380.8125,11200.0
278619.90625,5473.5
519287.90625,293386.3125
377944.6875,234801.40625
560813.625,316845.8125
296016.8125,6573.89990234375
306209.5,61324.0
334665.09375,205990.59375
287712.5,147043.0
355591.5,211827.796875
376459.1875,207373.5
318999.40625,8848.900390625
313491.8125,155833.203125
352882.6875,181146.703125
297671.5,6261.7001953125
446763.0,264528.1875
550441.375,10707.7001953125
510627.09375,292785.5
447688.1875,210575.203125
589241.1875,11996.0
271001.90625,4808.39990234375
407881.8125,265920.1875
303684.5,6237.2998046875
496608.40625,290755.0
426019.3125,246295.703125
555054.375,11957.2001953125
307266.40625,9488.2998046875
557904.3125,10796.2001953125
294440.5,6266.2001953125
352301.6875,196644.203125
280592.6875,10672.5
343164.8125,158404.40625
548622.875,9630.400390625
299984.8125,39694.69921875
397474.5,242570.40625
299508.40625,7957.0
289867.3125,4849.7001953125
543792.375,10775.7998046875
296171.3125,6519.0
486007.90625,10568.7998046875
293691.40625,10674.7998046875
527395.375,259260.5
310399.1875,110960.3984375
547551.625,11630.2998046875
537788.8125,235006.90625
297699.5,107228.5
290745.5,5608.2001953125
487087.59375,227325.09375
402544.5,263765.0
531528.6875,10232.5
317501.1875,12623.400390625
560024.125,11363.2001953125
263172.59375,4180.7001953125
439389.6875,177210.5
400905.40625,225456.203125
387657.40625,11094.5
538583.6875,41399.19921875
267791.6875,4142.2001953125
451184.1875,186563.0
560507.8125,10303.900390625
525505.875,10137.400390625
293040.0,5548.2998046875
281666.90625,5756.0
323946.40625,97992.203125
318683.1875,58092.19921875
531050.0,29982.19921875
572967.5,11080.2001953125
323209.40625,56425.19921875
367214.09375,233988.0
557290.1875,11808.2001953125
470317.6875,237009.5
566380.3125,12206.900390625
580220.375,38075.8984375
275750.8125,7224.2001953125
554121.0,11288.7998046875
533027.375,164664.5
303310.3125,8025.2001953125
464142.90625,274362.1875
555002.5,11350.099609375
557747.875,62292.0
396077.90625,206241.296875
347850.3125,146360.203125
299723.0,11135.2001953125
283514.40625,4935.7001953125
293776.59375,16255.5
581579.6875,12126.7001953125
538369.6875,13081.0
296233.90625,9695.900390625
556684.8125,10800.2001953125
557631.375,10737.5
334727.8125,198079.203125
304078.5,37849.80078125
393506.3125,248941.5
372794.90625,184439.5
278225.90625,8081.2998046875
292874.40625,37793.80078125
469497.1875,207242.40625
346360.5,177328.703125
572761.5,11189.7001953125
325723.8125,61097.19921875
376073.6875,224164.5
540451.125,10899.5
364475.6875,213074.0
247272.90625,5673.7001953125
348440.8125,197771.09375
291489.90625,9895.099609375
297505.09375,7363.10009765625
556192.625,10034.2998046875
304936.09375,74025.1015625
586153.5,13864.900390625
298254.3125,6982.2998046875
512994.40625,11184.599609375
304456.90625,56133.30078125
561550.375,20841.400390625
544309.8125,10237.900390625
334609.40625,144201.5
481641.6875,9302.0
253411.59375,33720.3984375
322815.8125,89495.796875
343381.3125,167593.0
358969.8125,145470.703125
583399.6875,13648.0
291223.59375,7550.89990234375
291523.40625,6588.7001953125
299588.3125,6269.2998046875
296826.3125,21897.599609375
287457.59375,6181.2998046875
449335.59375,260285.09375
366602.59375,191923.296875
568501.375,10940.099609375
285552.90625,60470.30078125
286283.1875,19982.400390625
319523.3125,64204.3984375
318905.1875,11422.5
307796.1875,15192.900390625
447690.3125,179519.0
270113.59375,5028.0
454868.1875,224961.09375
275540.59375,5156.89990234375
417379.0,238687.296875
548073.0,10920.7001953125
363755.3125,166128.703125
296284.6875,5960.0
295297.1875,5449.5
404144.40625,180562.703125
495810.3125,290098.59375
300504.90625,6632.60009765625
328085.59375,11662.099609375
288262.8125,6684.2998046875
260880.59375,4892.7998046875
309377.5,147060.796875
247378.90625,5232.2998046875
428199.1875,246558.40625
518278.8125,287041.40625
275545.1875,5060.5
362925.6875,178821.90625
515160.0,269878.1875
488672.0,247956.703125
532064.8125,11138.7001953125
280228.59375,4724.39990234375
309727.6875,8222.5
547770.375,11340.2001953125
280518.3125,6221.2998046875
286527.8125,5514.60009765625
420186.90625,258219.09375
323802.59375,96606.6015625
305349.59375,86371.296875
273595.09375,6074.60009765625
281117.0,5324.89990234375
523555.8125,148697.296875
294401.09375,11485.7998046875
553509.875,10859.099609375
542658.375,236451.796875
544059.6875,9024.400390625
473250.90625,102671.8984375
346771.8125,155212.90625
500514.6875,277644.5
303910.0,9885.2001953125
418205.1875,210271.5
580224.625,11776.900390625
452118.09375,284159.5
547482.8125,13101.7998046875
300182.40625,7671.10009765625
543535.625,108477.1015625
296113.59375,7270.7998046875
543835.375,11260.099609375
586815.6875,12636.0
357314.09375,207149.90625
519623.59375,289038.5
360155.8125,182313.09375
542116.375,10560.099609375
295179.59375,83522.6015625
432973.59375,229901.09375
429230.5,211212.90625
309206.8125,30025.80078125
535034.5,9838.2998046875
394519.90625,242788.09375
303809.40625,10420.7998046875
467512.6875,244282.90625
319195.40625,88953.3984375
372193.3125,192443.40625
255057.203125,6880.0
245903.203125,5265.39990234375
447870.59375,229510.90625
283093.8125,6598.7998046875
539308.8125,189875.5
295457.5,6045.2001953125
296748.09375,5811.89990234375
311744.40625,8598.7001953125
549546.3125,13836.7998046875
579475.3125,12531.599609375
413349.59375,14856.7998046875
280519.09375,9081.2998046875
456007.0,321792.8125
295041.40625,15735.099609375
350009.1875,142293.90625
522755.90625,9814.900390625
568320.8125,10820.900390625
295271.40625,7393.5
272764.5,45225.69921875
430034.3125,233806.703125
414813.6875,212832.0
265544.59375,3946.0
501610.40625,13169.2001953125
549496.8125,12010.099609375
384011.59375,10674.7998046875
587492.0,15482.900390625
336741.8125,10114.2998046875
309129.09375,106081.796875
377639.0,198759.796875
535626.875,196703.09375
327184.6875,123996.3984375
285472.8125,4874.89990234375
568770.6875,12518.5
571415.125,12607.400390625
302701.8125,9427.0
313795.5,83401.703125
292986.3125,39682.69921875
504944.1875,305494.0
254250.09375,49774.8984375
426776.59375,294958.0
548722.6875,11018.0
320232.90625,109668.203125
308851.8125,41573.1015625
295239.40625,64945.1015625
264394.09375,5664.2998046875
298807.09375,11379.599609375
286320.59375,11165.7998046875
298745.0,77098.796875
299349.40625,7042.60009765625
415538.0,246276.203125
532963.0,219844.703125
278097.6875,7108.5
573540.125,11076.0
309442.6875,10396.5
299219.40625,28927.19921875
471376.3125,285618.09375
390053.90625,260180.59375
271582.59375,6276.10009765625
577609.125,11952.2998046875
440950.5,191618.90625
544854.8125,13127.2998046875
549233.375,11107.2998046875
572753.875,11843.400390625
397180.90625,259210.5
480347.1875,209206.90625
540535.875,10825.7998046875
294868.8125,41804.30078125
345885.09375,228465.59375
252183.09375,66149.5
569706.5,14305.0
435572.1875,282544.09375
291537.59375,34638.8984375
566714.5,10883.7001953125
549426.8125,10321.7001953125
314719.1875,100733.0
533450.625,10351.900390625
402286.3125,238016.59375
553538.375,13028.099609375
277214.59375,6789.7998046875
467742.5,10302.400390625
512162.5,264970.3125
319811.40625,48434.6015625
274359.8125,6285.89990234375
392224.40625,218948.0
305044.1875,9670.0
382516.59375,193508.90625
574381.1875,12757.0
305497.40625,11462.2001953125
558044.875,171168.09375
534246.125,9006.099609375
305572.09375,73178.296875
273708.0,5401.89990234375
325822.09375,8173.7998046875
289894.40625,5244.60009765625
301061.5,7580.7001953125
267009.8125,5147.7001953125
512487.09375,9216.900390625
279270.09375,6677.5
280327.6875,4535.0
510256.8125,115757.296875
496357.3125,229388.59375
564484.375,104894.1015625
564110.625,11506.099609375
305698.59375,141375.296875
580871.0,11159.7001953125
317009.0,68383.703125
253331.59375,4832.89990234375
295805.1875,5297.89990234375
306531.3125,159518.5
321158.3125,12978.5
308371.09375,35540.1015625
324606.59375,80620.1015625
286841.59375,5875.2001953125
309110.0,51196.3984375
407251.0,279387.8125
274486.1875,24731.400390625
471049.8125,239145.0
309540.59375,8400.599609375
376753.8125,210450.796875
488172.09375,225657.203125
325827.3125,118601.703125
561151.875,11453.0
504279.90625,268660.0
595843.5,13116.400390625
568136.5,179394.5
561459.3125,10474.0
461170.90625,329259.6875
305112.09375,20297.80078125
493433.3125,219020.90625
298196.0,13790.099609375
288350.3125,25277.80078125
391515.1875,8550.7001953125
285710.40625,6536.10009765625
536365.625,11351.400390625
561218.375,11803.2998046875
304950.3125,12190.900390625
461952.1875,82904.1015625
554818.5,147297.5
488190.0,292130.40625
544346.375,10401.5
537506.625,8388.2998046875
441390.40625,267260.5
291060.1875,126953.296875
302856.09375,5686.5
327302.3125,9789.099609375
459752.8125,260316.59375
541328.5,60801.0
554517.3125,10167.5
279368.59375,5937.60009765625
284749.1875,5349.2001953125
250992.59375,142639.0
326006.6875,67987.3984375
442938.59375,262351.59375
284330.59375,5052.2001953125
383726.09375,167895.5
287953.3125,5054.7001953125
268497.40625,4349.5
368408.0,166421.40625
264499.5,5240.5
519752.3125,9782.099609375
270538.3125,4551.7001953125
535188.125,12435.7998046875
576973.875,13151.7998046875
270786.0,7166.10009765625
574822.8125,14231.099609375
558289.8125,10725.2998046875
499680.1875,189265.203125
291385.90625,4619.10009765625
323000.09375,167728.90625
287712.8125,33532.30078125
355724.90625,202257.796875
308297.3125,6447.10009765625
490116.8125,312475.40625
285330.09375,5859.89990234375
353500.5,168801.0
277856.09375,6094.60009765625
298693.90625,10737.5
284370.6875,96177.296875
294928.8125,6802.2998046875
321927.09375,92099.296875
287585.59375,29953.0
285903.8125,5732.10009765625
530574.375,10552.2001953125
565841.875,13346.7998046875
394255.40625,244577.09375
360591.1875,182687.703125
256746.796875,114781.296875
567269.125,12846.2001953125
376775.09375,217635.0
343144.3125,198527.203125
361027.90625,192562.0
526599.875,8606.0
504796.0,176983.296875
499161.6875,267603.40625
551430.3125,48304.5
268534.6875,5481.2001953125
561170.8125,11852.7998046875
302865.09375,13131.5
329745.90625,76690.0
441402.0,283016.90625
284093.5,5815.2998046875
544933.5,11269.0
413458.8125,274941.5
298155.8125,7201.60009765625
559898.125,11618.2998046875
544335.3125,14468.400390625
303829.3125,65211.6015625
289941.3125,4688.7998046875
310330.59375,103380.8984375
472793.40625,173855.296875
573383.8125,11982.099609375
421019.1875,270212.59375
544063.625,10374.400390625
245213.5,25959.900390625
559970.625,28707.099609375
327166.40625,106843.0
322223.59375,79206.296875
577140.0,20199.900390625
558559.8125,13148.2998046875
442777.59375,241515.296875
305034.09375,8166.5
537529.3125,10710.099609375
312660.8125,79750.6015625
306828.6875,35340.8984375
308248.59375,23990.099609375
289493.59375,8030.2001953125
349556.59375,147436.5
500972.40625,10556.0
269780.90625,5429.5
460454.0,333900.90625
432067.0,288342.8125
275870.90625,5353.2001953125
370534.1875,236451.90625
542359.3125,11752.0
389133.59375,250993.703125
564967.375,12091.0
415395.90625,215567.0
288241.5,10600.400390625
513808.0,189818.5
289281.3125,7836.5
564069.3125,10911.099609375
387307.3125,195370.703125
290605.09375,5144.7998046875
571343.5,11497.099609375
559154.3125,11418.7998046875
422053.6875,21988.69921875
570979.375,11351.599609375
283048.59375,5941.89990234375
296854.8125,9057.099609375
338806.3125,90592.3984375
294898.1875,6576.10009765625
500926.59375,302484.90625
293280.0,5670.2998046875
585812.375,13503.5
453716.40625,248251.0
253380.703125,5568.39990234375
476661.6875,251472.203125
295751.59375,129558.0
352743.8125,134608.703125
293400.40625,17127.0
341027.40625,135951.5
334143.0,180874.0
326121.3125,22641.5
344147.3125,176414.59375
545340.8125,11726.7001953125
327279.8125,193684.40625
590335.375,14175.2998046875
289965.0,6480.60009765625
294441.3125,6348.0
396739.3125,161145.703125
359652.40625,156135.0
571550.375,16294.0
381111.0,263614.90625
429831.0,314779.5
267373.3125,3888.5
278236.90625,60865.19921875
282661.8125,6089.60009765625
539764.8125,247809.203125
503315.8125,263357.8125
547052.875,11397.599609375
563675.8125,12392.7998046875
590728.875,14008.2998046875
445871.3125,342187.09375
276210.6875,4840.60009765625
272619.5,5076.5
310727.5,79863.8984375
410312.90625,223886.5
560430.375,11680.5
572172.1875,12033.2998046875
294269.59375,60527.80078125
297934.59375,9583.0
299733.5,6243.5
559384.125,11282.400390625
262222.40625,5245.2001953125
569386.6875,9982.7998046875
550738.0,11246.599609375
539831.0,10780.7001953125
572341.5,11838.900390625
512056.09375,252612.796875
541675.6875,177655.796875
528955.6875,10782.2001953125
301598.90625,8434.2001953125
522366.40625,9298.0
553841.375,9448.5
560024.0,10184.599609375
536273.0,11900.2001953125
423449.5,11773.900390625
344488.90625,191737.0
287592.6875,7794.2001953125
443461.3125,198230.296875
405458.6875,192770.796875
526282.625,334737.8125
291806.8125,131882.5
382896.3125,141379.59375
284484.6875,6856.2001953125
293153.1875,6806.10009765625
313979.90625,43386.30078125
555275.875,12716.099609375
293095.8125,6399.5
318567.3125,14140.7001953125
553824.8125,10783.900390625
338880.90625,94852.0
281140.1875,72120.296875
291915.0,6704.60009765625
287659.09375,53775.0
356420.40625,121445.5
301596.90625,60951.0
298448.59375,6136.10009765625
552307.5,34827.6015625
571579.5,12060.900390625
544760.875,108573.5
344952.59375,168364.296875
333443.5,102658.296875
443512.40625,277630.5
448470.6875,295434.3125
329908.0,140363.59375
556892.375,10711.0
411245.90625,31072.0
290959.09375,6681.60009765625
265559.0,132120.09375
542265.5,10491.7001953125
596828.5,16145.900390625
286582.40625,5762.5
568415.625,11497.2998046875
283238.5,5944.7998046875
309968.1875,76306.796875
261207.703125,5627.2001953125
297639.6875,98468.5
288838.09375,6875.2998046875
390225.0,244254.5
376603.1875,198102.203125
376547.59375,223333.703125
382349.5,285327.90625
288636.59375,6517.7998046875
302911.09375,96497.296875
388814.3125,206338.5
270663.8125,4435.7001953125
285986.3125,4987.39990234375
292271.0,6035.7998046875
404593.3125,253057.09375
267095.8125,147977.796875
294052.8125,6384.2001953125
302517.5,117623.8984375
303118.0,30512.599609375
301073.90625,7311.2998046875
471784.40625,251276.203125
555971.875,10017.0
255966.5,4963.60009765625
573504.375,11025.5
431059.5,267611.1875
319783.5,116717.3984375
390505.90625,275002.5
294673.40625,13321.2001953125
555556.6875,10213.7998046875
295489.40625,6013.5
309235.59375,58361.6015625
560637.0,9668.099609375
288842.5,6197.2001953125
288784.90625,5329.5
390001.09375,258352.296875
294472.5,32419.80078125
344093.1875,10345.7001953125
286329.3125,23318.30078125
290065.1875,34510.5
286063.6875,5623.2998046875
251649.0,9041.5
293644.3125,5672.5
598445.3125,12205.599609375
294373.09375,7122.7001953125
565475.0,12058.400390625
339526.3125,235169.796875
299865.0,114781.703125
343642.1875,7967.10009765625
549699.875,247397.296875
309582.8125,91457.703125
270144.8125,5438.60009765625
402705.8125,261884.296875
423268.0,7904.10009765625
492277.40625,232326.703125
409143.40625,269137.0
553446.5,11588.599609375
292084.40625,6231.5
259739.40625,4532.5
498842.09375,290709.59375
570950.0,25052.400390625
299460.40625,8650.0
335313.6875,141064.703125
476810.3125,11467.2998046875
288746.90625,8818.2001953125
568113.6875,13056.2998046875
555530.5,11710.599609375
288633.59375,22462.5
292339.90625,5895.5
330046.40625,104975.0
335415.09375,143539.59375
560344.0,10093.099609375
558429.375,13919.0
528399.125,228856.296875
442621.0,278559.3125
563368.3125,12016.7998046875
557496.1875,11018.5
454503.5,121848.0
517694.3125,246405.0
308709.6875,24881.19921875
522646.5,11914.900390625
280323.09375,6321.2998046875
533698.0,14233.7001953125
449768.6875,150413.59375
302743.40625,77666.296875
567660.375,12958.099609375
294266.8125,5779.5
551954.8125,12198.2001953125
361743.8125,177024.09375
341313.3125,128096.796875
292444.8125,7270.2001953125
305158.90625,38303.19921875
509819.40625,9666.0
560206.1875,14902.2998046875
399619.5,193006.59375
277568.59375,5436.0
300671.40625,35986.5
285975.40625,25980.0
417969.0,10368.599609375
279118.5,6863.39990234375
298058.90625,10630.5
264604.09375,6239.7998046875
522368.90625,324491.6875
454057.90625,297660.5
299564.90625,7822.5
329846.59375,13838.099609375
381493.5,245734.703125
482216.59375,282527.8125
551573.6875,11798.2998046875
320856.1875,72242.203125
558241.1875,9354.5
283162.6875,5029.2998046875
559226.3125,10310.599609375
419980.09375,263698.1875
556485.5,27730.400390625
307756.3125,14587.2998046875
300281.1875,5657.10009765625
587611.375,12145.2998046875
301008.90625,6217.60009765625
530949.8125,10176.5
596838.3125,14069.2001953125
399520.90625,309378.6875
306782.90625,15458.0
459189.6875,379785.3125
507090.5,250958.59375
269426.40625,12016.5
595449.375,13678.5
422650.5,242909.90625
255355.90625,34096.5
287638.09375,5196.7998046875
309739.6875,110612.796875
505050.1875,231614.203125
307234.8125,17523.80078125
477129.59375,154334.796875
300969.5,60076.0
405677.40625,268397.5
554671.6875,11462.2998046875
566640.5,11718.099609375
303725.40625,7868.0
275383.09375,5107.60009765625
521052.0,230990.59375
407635.0,261690.40625
525277.375,15863.5
354808.09375,194098.796875
296164.5,6618.2998046875
522576.6875,75507.296875
287875.6875,35171.19921875
302210.1875,73244.0
299604.09375,6477.7998046875
530396.3125,222725.0
267746.8125,5256.60009765625
431342.6875,244798.703125
323154.09375,61571.69921875
512203.8125,276947.3125
327188.6875,117544.6015625
430329.40625,335865.8125
275572.3125,5282.7001953125
485546.8125,188662.296875
554137.875,12043.5
282991.1875,20316.30078125
446851.5,297539.09375
287670.5,61599.69921875
288477.5,5461.89990234375
585170.875,12182.0
305984.09375,56681.80078125
545025.5,11567.2998046875
459269.1875,241896.296875
308342.6875,31164.69921875
562678.125,9535.2998046875
296230.90625,7501.7001953125
299011.90625,7322.5
469754.1875,12291.2998046875
545609.0,158606.09375
315494.40625,14374.0
511897.90625,264172.0
321060.09375,94511.1015625
351731.5,147981.59375
311790.5,11507.400390625
402071.40625,325998.5
563770.125,12966.7998046875
422032.5,216543.296875
530415.6875,268279.6875
300702.3125,8027.0
275651.8125,4850.10009765625
473476.59375,10704.7001953125
297107.5,6336.39990234375
283518.8125,5481.7998046875
440476.09375,292692.3125
482369.6875,31235.099609375
290100.40625,12208.7998046875
294106.59375,6876.2998046875
349915.3125,250778.5
407009.8125,184777.90625
543008.375,159258.5
302433.0,134904.09375
300035.40625,57058.0
298753.59375,5423.60009765625
483525.0,282152.90625
575157.5,11120.2998046875
582744.6875,12777.7998046875
400347.1875,219119.703125
514933.6875,246787.5
295660.8125,8468.5
297182.09375,7195.7001953125
251223.59375,6633.5
547002.1875,11098.2998046875
553425.375,222954.5
542300.125,278454.5
270240.3125,157981.59375
301667.59375,32922.0
551219.1875,249908.203125
570672.125,12648.2001953125
417014.09375,227334.203125
293496.0,9305.5
567601.8125,15072.0
307406.5,9672.599609375
336709.5,59820.8984375
549904.1875,258497.203125
244646.203125,4118.39990234375
478187.90625,263992.40625
287154.0,16299.900390625
327881.8125,152727.0
519578.0,241521.203125
571035.625,12563.2001953125
252279.40625,4357.60009765625
542611.6875,265523.09375
527620.6875,363414.6875
543473.875,10343.0
552395.0,11534.900390625
273475.59375,36817.5
576531.6875,14367.2998046875
304314.59375,6726.5
561199.6875,11133.2001953125
286945.1875,7574.10009765625
272932.1875,7265.2998046875
285386.6875,4982.7001953125
283175.09375,4968.5
372126.5,259544.09375
328402.90625,56615.1015625
537168.1875,15466.2001953125
294084.0,130565.5
456179.09375,232880.203125
278451.09375,6326.2001953125
379066.5,243200.5
531941.5,11298.0
361559.0,10425.099609375
551672.5,10674.900390625
425716.6875,248510.40625
555800.1875,12000.2001953125
504317.6875,286964.90625
276685.59375,5174.5
284314.0,5347.2998046875
306719.1875,7236.7998046875
563905.6875,10971.2001953125
340085.8125,121079.1015625
309754.5,8550.0
455793.09375,263779.6875
415689.59375,220033.703125
561145.5,13240.0
582111.0,13147.5
532162.8125,10698.0
303034.0,7472.39990234375
586845.1875,14895.599609375
580249.6875,14550.7001953125
585217.0,13657.400390625
285605.90625,5601.7998046875
340078.3125,155719.5
516510.0,9939.7001953125
382358.5,221718.296875
542584.125,10887.7001953125
559419.875,15841.599609375
303611.0,20682.80078125
451328.8125,214423.296875
296542.0,56839.80078125
305113.1875,15384.7001953125
568265.875,11067.5
286345.59375,5753.0
262573.3125,5326.60009765625
340558.6875,138864.203125
342259.59375,130422.203125
507830.5,141168.0
300556.5,41320.1015625
290812.5,6428.89990234375
316232.1875,64731.3984375
293585.1875,6977.7001953125
306726.40625,112529.8984375
275437.0,5079.39990234375
369769.59375,217940.796875
480928.90625,270215.8125
294252.3125,6243.0
317679.0,182819.703125
448751.0,279266.3125
389695.40625,10585.099609375
338295.1875,129753.703125
351018.40625,8446.0
478446.09375,303910.0
297370.59375,18066.19921875
273851.09375,4793.0
291028.6875,11778.599609375
311806.09375,30474.5
296185.8125,6852.7998046875
563362.5,138018.796875
295818.6875,6008.7001953125
322419.8125,95617.1015625
344101.59375,182851.5
287291.90625,4873.60009765625
283810.1875,4747.2001953125
511141.0,263163.0
300279.59375,8965.2001953125
242505.5,4311.5
416186.5,11864.5
289480.3125,6211.0
468919.1875,171048.09375
249820.703125,5383.89990234375
344298.1875,6585.2001953125
302532.6875,6120.39990234375
274544.90625,5378.89990234375
312080.0,91863.796875
281458.6875,5372.7998046875
306584.1875,9974.7001953125
302349.09375,8117.5
566170.5,10961.099609375
348915.40625,157017.59375
531679.1875,224322.203125
526387.0,303228.0
567926.625,11364.2001953125
316428.09375,145742.703125
292483.0,9234.5
455561.0,276643.0
465609.8125,272987.5
552326.0,10758.900390625
428029.6875,261179.59375
505124.1875,135274.90625
279471.1875,5251.7001953125
554893.625,11495.0
399058.8125,195520.796875
543749.6875,220657.296875
468667.6875,344014.1875
278698.40625,5632.0
335312.59375,91889.5
363356.5,200509.09375
550627.875,11648.599609375
287115.1875,6008.7001953125
437959.09375,227978.203125
254694.59375,6067.2001953125
306889.8125,27177.0
560685.5,10004.900390625
498219.6875,375269.90625
443690.0,246705.40625
280781.09375,5491.7998046875
289184.40625,6037.2998046875
456740.8125,312525.5
456235.0,172405.703125
255017.59375,7227.0
398382.5,237074.296875
542918.6875,10907.7001953125
354505.40625,157615.0
301296.09375,8094.5
436022.3125,203351.09375
486562.90625,351526.09375
288937.6875,7216.7001953125
545463.5,11571.0
292074.09375,5589.2001953125
562514.625,12014.7001953125
295224.5,5458.5
547663.3125,292899.0
378187.5,111171.6015625
313026.6875,41971.3984375
470036.6875,247645.703125
419454.6875,8033.39990234375
280623.0,56338.3984375
438558.59375,286700.3125
370421.40625,163950.296875
298283.5,19788.19921875
286784.59375,28509.69921875
420558.40625,262333.09375
465852.0,11505.7998046875
283629.1875,6089.2001953125
390079.0,238802.90625
275085.09375,21607.0
320260.59375,76142.203125
316141.1875,104048.296875
317294.09375,113588.0
579005.6875,11032.2001953125
377014.6875,195956.59375
408734.0,244480.296875
455710.09375,228292.5
505674.8125,288885.40625
502472.8125,307061.90625
544905.5,12945.7998046875
556881.125,11104.0
585197.8125,13102.7998046875
272694.0,5383.2998046875
299904.6875,10433.7998046875
496842.1875,293428.6875
569314.5,11405.099609375
278169.40625,5866.60009765625
287336.1875,5797.2001953125
322322.59375,131162.0
292034.6875,6228.2001953125
292360.40625,6094.0
572016.8125,12516.099609375
573656.5,11895.099609375
273094.40625,8025.60009765625
433147.1875,198464.203125
277574.0,5553.0
421206.59375,192773.203125
365029.5,67728.5
294685.0,27748.5
283157.5,6213.60009765625
303363.0,8962.400390625
283461.1875,5012.60009765625
277950.6875,186158.703125
559041.6875,10956.900390625
240640.40625,3956.89990234375
319973.5,138487.90625
484892.3125,11746.0
547086.5,195599.203125
574496.125,13038.2001953125
461820.40625,212672.59375
292135.5,9620.7998046875
428880.59375,234453.0
564249.3125,11146.7998046875
289929.6875,11586.2998046875
283228.90625,4877.5
579686.625,13537.0
525995.125,206003.0
472312.6875,255014.203125
513440.0,262882.5
515083.59375,227239.703125
271776.09375,5684.0
571947.3125,12277.7998046875
544490.0,68566.296875
356940.6875,185178.796875
552994.6875,294909.1875
293012.90625,8102.5
388414.59375,221935.5
402390.3125,241292.59375
281069.09375,5493.5
545690.0,6325.10009765625
402313.40625,264895.09375
399107.1875,256770.203125
286393.59375,5896.7001953125
289683.09375,9355.7001953125
307465.0,48856.0
562556.0,11694.5
294651.8125,8370.5
298668.0,9304.599609375
282413.1875,4865.60009765625
411637.6875,329896.6875
561144.6875,8984.400390625
281398.0,5655.89990234375
281071.0,5532.2001953125
300197.1875,82286.6015625
496197.1875,12427.2001953125
524087.5,264247.40625
542867.125,13743.2001953125
302489.1875,50535.30078125
361099.59375,207601.5
303374.1875,11438.2001953125
291044.5,6202.2998046875
367615.3125,168374.5
334895.09375,78694.703125
283439.5,6149.2998046875
559095.6875,12846.7998046875
483789.6875,10604.2001953125
373213.40625,199605.0
271493.09375,5332.0
544844.125,69936.5
308222.0,54988.1015625
440726.09375,274959.1875
469118.5,270569.0
296267.8125,11843.5
506113.0,11765.099609375
545206.625,239055.0
301213.0,6541.2998046875
451616.6875,309392.6875
299538.8125,6099.10009765625
296154.09375,16023.5
298921.5,8078.10009765625
440215.90625,250981.09375
318965.1875,79022.703125
539109.5,144564.5
405074.59375,262601.6875
273595.8125,137527.5
506503.6875,271988.09375
247138.203125,5537.89990234375
296775.1875,6437.7001953125
263713.6875,5190.89990234375
438316.59375,249010.796875
269734.40625,98222.796875
304548.3125,87414.5
293502.5,7435.7998046875
298711.09375,61935.69921875
292480.90625,62609.6015625
504328.0,252820.796875
302256.6875,9269.099609375
416694.6875,278123.6875
563660.375,12278.0
289202.5,11305.900390625
333633.09375,76398.0
296515.59375,6474.7001953125
308191.6875,7884.2998046875
485463.59375,318204.0
539760.1875,21038.19921875
551195.3125,12192.5
292540.59375,5497.7001953125
556113.125,13062.0
346883.8125,144639.796875
557689.0,10832.2998046875
491590.09375,255267.5
302939.40625,17492.599609375
503137.1875,189978.203125
308456.0,9560.0
370069.59375,43731.19921875
284831.59375,6658.2001953125
273601.0,5666.0
558751.625,16871.5
534440.3125,9344.7998046875
284683.0,70301.796875
562157.1875,13162.7998046875
273632.6875,10000.2001953125
378962.90625,166849.5
316404.09375,43449.0
294401.59375,7653.0
550401.0,11692.099609375
521694.90625,11584.599609375
357271.0,185464.0
497545.59375,254459.703125
567985.625,12356.2001953125
279187.0,3340.5
295039.3125,6527.0
301148.5,53199.6015625
396616.1875,234063.09375
466946.1875,277783.1875
288117.5,7360.39990234375
299887.40625,7909.7998046875
555534.0,11267.7001953125
544774.125,11944.7001953125
510606.90625,10341.099609375
293688.0,7064.2998046875
546306.1875,9152.2001953125
304332.40625,6456.0
524698.5,188067.90625
363365.59375,208415.5
572284.625,27684.19921875
403126.6875,275999.8125
286190.09375,40820.0
317578.59375,84415.203125
273568.1875,4973.60009765625
389924.0,157149.09375
273279.1875,4128.7998046875
318932.0,11737.0
286664.6875,5646.60009765625
579287.8125,16354.400390625
303626.09375,64673.6015625
334056.59375,132409.796875
435623.3125,232613.0
333897.90625,165181.5
329238.1875,124097.1015625
267249.90625,5426.89990234375
451872.1875,280793.0
279250.6875,8441.2001953125
571643.875,12875.7998046875
551173.6875,13043.599609375
279161.1875,6139.10009765625
363442.1875,234613.703125
286958.09375,6054.2998046875
525705.8125,288007.40625
383131.8125,178658.0
546302.875,13046.0
290509.5,16929.099609375
383730.1875,209393.59375
543154.875,7288.39990234375
590156.6875,12911.5
570421.1875,14039.099609375
428167.09375,11868.0
546346.6875,11045.400390625
395380.3125,225353.203125
578560.3125,12458.599609375
418760.5,247987.59375
408065.09375,15089.0
407163.6875,189524.40625
290230.40625,5105.7998046875
327596.90625,93397.3984375
542386.125,97423.703125
306396.1875,6679.5
405958.59375,276597.90625
298545.8125,10001.7001953125
254038.703125,5757.0
388527.3125,149794.5
283080.90625,6267.5
290367.59375,18050.400390625
458434.40625,315276.1875
354187.1875,249519.703125
322119.6875,14571.099609375
433095.6875,247321.296875
467810.6875,204792.09375
295472.59375,5288.2998046875
333839.3125,142076.90625
402172.59375,251204.59375
389689.8125,56337.0
374810.5,190014.59375
276518.1875,4728.60009765625
282904.1875,5239.2001953125
296429.90625,7283.89990234375
289231.6875,5339.0
327898.1875,140916.59375
513994.6875,11586.7001953125
387357.6875,315572.40625
542335.0,16517.80078125
334268.8125,127210.203125
320006.59375,12036.7001953125
559784.1875,11642.599609375
280131.0,5037.10009765625
293553.6875,48895.30078125
454227.5,230821.5
558343.6875,10166.7001953125
276211.09375,5685.7998046875
367133.8125,202455.90625
575954.625,10482.599609375
556741.625,9703.7998046875
299427.8125,44566.5
306957.90625,99373.0
251766.703125,5962.10009765625
549780.375,10302.400390625
541594.1875,216623.5
387004.6875,226157.59375
564969.1875,10645.7001953125
292446.59375,6433.0
303800.6875,57668.3984375
500704.5,210841.296875
572610.3125,10854.2001953125
308742.6875,8371.2998046875
299654.3125,5774.10009765625
301920.59375,77513.0
284759.1875,8375.900390625
378355.0,109759.1015625
297170.09375,9525.2001953125
254118.59375,5517.2001953125
326412.6875,66501.5
263651.0,5663.89990234375
268382.59375,5977.89990234375
539774.8125,10557.7001953125
547995.1875,8906.0
287005.59375,20914.099609375
560604.625,109887.5
556292.875,10411.5
576344.6875,14093.599609375
561103.1875,259863.796875
349549.0,247724.5
279282.6875,5486.60009765625
288449.1875,5510.2001953125
249351.09375,6178.7998046875
571879.3125,10895.900390625
544345.625,163929.59375
535146.125,361595.3125
423980.90625,187434.5
303410.5,12361.099609375
297286.90625,8926.400390625
440600.90625,279077.90625
560847.1875,11958.5
292556.6875,6921.60009765625
259616.703125,8183.7001953125
527518.625,253557.203125
294011.1875,6192.10009765625
280824.0,6387.60009765625
545925.1875,12070.599609375
391606.1875,223833.703125
294010.59375,6851.2998046875
389251.59375,200706.796875
286882.8125,6120.0
275968.40625,4495.5
341141.5,153563.09375
352583.1875,164613.59375
587246.6875,15774.2001953125
323711.40625,11952.400390625
548881.875,11299.900390625
313788.1875,12346.099609375
420958.6875,262360.90625
289341.1875,16585.900390625
547519.5,94782.296875
359723.6875,188962.296875
517866.0,156401.59375
293890.40625,6611.2998046875
559934.1875,147950.296875
454757.0,9161.099609375
606309.125,14454.2001953125
316108.6875,96642.203125
434240.59375,212820.703125
367360.1875,235422.09375
337402.0,83584.1015625
554799.1875,13157.7998046875
278600.1875,5334.10009765625
549577.1875,104697.703125
436063.8125,223948.40625
300122.59375,50422.6015625
563130.625,11355.2998046875
335761.3125,157386.5
270995.40625,4386.0
349213.5,158438.09375
289137.6875,4954.2001953125
425209.90625,231989.90625
557323.1875,133958.59375
550107.6875,10995.099609375
298421.1875,6226.89990234375
551000.875,275849.6875
293790.1875,6366.89990234375
348188.0,162820.296875
314076.1875,111808.203125
296131.59375,5973.2001953125
341065.6875,143465.796875
354993.6875,232982.09375
277468.09375,5672.7998046875
572760.125,13185.099609375
390430.09375,234004.796875
573278.375,14564.5
547625.5,12552.599609375
288983.6875,5260.60009765625
580015.6875,14771.2001953125
348454.90625,168054.90625
404989.6875,298815.0
403765.1875,264685.59375
524971.1875,225192.59375
402482.1875,269695.6875
309284.90625,6290.7001953125
307274.5,37341.30078125
362318.8125,7556.2001953125
580045.6875,13126.7998046875
336699.3125,144080.59375
409433.0,222887.59375
530570.1875,28897.900390625
554309.875,13015.7998046875
583050.875,13555.400390625
443251.09375,257482.203125
431746.59375,10538.2001953125
276287.6875,6197.0
287958.5,15034.400390625
550871.3125,9364.2001953125
448410.6875,264445.0
397977.59375,205451.09375
456320.8125,157767.0
513979.1875,11070.7001953125
507680.09375,13987.7001953125
486311.5,327556.09375
332481.1875,116093.796875
445721.6875,113276.203125
545430.625,9734.7998046875
550414.625,12129.099609375
307002.59375,9085.7998046875
251963.5,5000.60009765625
559049.1875,11183.599609375
557066.875,12534.400390625
503870.6875,229754.09375
574539.1875,37175.19921875
389242.09375,294863.5
294634.1875,24714.400390625
310031.40625,5921.2998046875
381335.09375,190696.703125
484603.1875,277694.59375
533868.5,11432.599609375
469130.6875,197552.796875
309920.5,85310.0
301874.6875,24055.69921875
556565.625,11113.7998046875
573381.8125,12211.400390625
273819.09375,17664.599609375
354460.59375,202542.296875
327083.3125,156311.5
284521.90625,5009.5
297930.5,6553.10009765625
388287.6875,118153.6015625
431167.90625,269677.40625
430167.1875,221773.0
280829.1875,7854.60009765625
527672.1875,20194.19921875
279181.1875,9897.400390625
275980.5,6213.7998046875
305289.59375,11037.599609375
276801.59375,151415.5
390059.6875,167930.40625
572578.1875,11789.2998046875
289417.0,7651.60009765625
400607.90625,275846.40625
309327.59375,25428.69921875
302237.6875,35103.0
338639.0,137884.90625
291471.8125,6910.2001953125
372155.09375,193079.59375
273004.40625,5668.7998046875
307296.09375,12325.7001953125
277446.5,5616.10009765625
543519.1875,242141.796875
322078.1875,80410.203125
298428.59375,6101.7998046875
532190.625,188377.09375
549124.8125,10237.0
294862.90625,13549.0
402948.5,221731.09375
415995.1875,143541.203125
255858.203125,4060.0
261137.203125,5244.10009765625
575014.625,12154.0
392689.59375,219921.203125
253811.5,20668.599609375
571540.5,16101.0
362420.6875,128442.1015625
404107.59375,274452.3125
309985.8125,8889.5
577003.875,12652.0
292949.5,48778.6015625
525461.6875,228809.59375
300823.6875,14166.2001953125
402675.40625,247018.40625
336483.6875,227811.59375
293168.6875,28667.69921875
289131.90625,6254.2001953125
557445.0,13172.7998046875
394861.8125,215006.703125
289227.8125,8902.099609375
369136.0,208063.09375
470612.09375,312498.5
513923.1875,334986.40625
267913.40625,8252.7998046875
487160.6875,275930.3125
549825.375,10327.2998046875
285348.09375,4874.2001953125
566844.1875,201879.296875
304979.6875,12036.099609375
577172.125,11721.7998046875
285549.09375,6537.7998046875
304653.90625,13525.0
267965.0,6186.60009765625
282596.40625,6534.39990234375
403768.6875,250812.5
559857.6875,12060.099609375
557852.1875,9142.099609375
279908.1875,4762.7001953125
482351.90625,273153.3125
558808.625,12501.7001953125
293129.1875,10192.7998046875
341194.0,157247.5
288227.1875,5906.60009765625
567069.6875,10419.2001953125
558405.625,11139.2998046875
562367.8125,11451.900390625
568412.125,11670.599609375
371480.09375,190895.296875
335332.90625,136988.5
457336.1875,216699.203125
299347.90625,8180.89990234375
322672.6875,14128.5
346039.1875,158270.59375
556320.125,9909.0
276529.6875,5465.89990234375
299998.6875,6201.89990234375
270392.5,5823.7998046875
263870.8125,6922.10009765625
280335.09375,5791.0
285702.6875,5152.39990234375
258024.90625,33370.30078125
478022.0,231053.09375
413559.09375,252348.703125
574386.125,65356.3984375
310806.59375,117836.5
553999.375,12156.7001953125
558450.875,15022.5
376461.09375,223529.296875
354319.09375,180743.0
540174.5,12531.599609375
280639.40625,5580.7001953125
521494.5,9310.900390625
496376.40625,20223.80078125
410627.0,260451.5
273235.5,7244.39990234375
336976.3125,149760.09375
528435.625,9724.7998046875
343416.8125,187198.90625
450285.90625,224990.203125
294468.59375,6247.2001953125
354885.5,186449.203125
335595.0,119267.203125
514211.90625,250500.296875
554391.0,11160.2998046875
539570.625,9680.0
262043.59375,4506.39990234375
406330.5,200644.09375
382758.90625,184395.40625
278934.09375,5768.0
281638.3125,4246.7001953125
544613.3125,12904.5
303925.90625,6488.0
316653.6875,13866.599609375
546095.875,12465.5
259792.703125,7773.60009765625
329558.59375,161473.0
296174.0,171811.59375
447081.8125,236898.796875
462224.0,11868.400390625
302696.5,11791.0
307223.0,9535.400390625
581674.3125,12525.099609375
406585.5,264384.90625
348990.59375,244960.796875
417436.8125,193290.296875
304525.6875,136783.90625
369172.40625,219228.203125
434602.8125,288678.59375
293753.5,168507.703125
245356.203125,7253.89990234375
279252.40625,4983.7001953125
300030.59375,4656.7998046875
419399.1875,180679.59375
298698.8125,7964.2998046875
546267.875,10894.7001953125
295271.0,7463.89990234375
309217.3125,77277.1015625
348994.5,166693.40625
497911.1875,214074.40625
386308.90625,179138.203125
303913.59375,10039.5
536946.125,207658.703125
487753.59375,259498.703125
323596.5,6759.2001953125
460850.5,227218.296875
292157.09375,5875.5
316663.0,103424.203125
514565.09375,294598.40625
295850.1875,28437.400390625
427262.90625,225117.90625
551863.125,212685.0
538917.625,13077.5
319911.1875,140780.09375
570424.875,12695.2001953125
348474.40625,198933.5
308900.09375,65385.30078125
293090.1875,16725.099609375
493654.59375,280676.5
292395.0,7777.10009765625
590138.3125,13408.7998046875
284935.90625,6538.7001953125
274449.3125,5329.10009765625
422859.0,210777.40625
546144.625,195071.296875
464154.8125,320585.8125
543740.8125,183193.40625
457502.6875,185723.90625
308532.90625,37405.69921875
504791.09375,317943.5
379626.3125,241114.09375
292564.09375,5978.2001953125
550451.0,11133.7001953125
463612.6875,239479.90625
425040.40625,250179.796875
268029.6875,5726.60009765625
301555.40625,6156.5
581018.625,11901.2998046875
291935.6875,9674.599609375
267647.09375,189379.5
535551.0,13617.599609375
323725.3125,172630.796875
305957.90625,68177.703125
288615.5,6650.89990234375
528252.0,10676.5
460178.0,278331.40625
273564.5,8362.400390625
334146.59375,116682.296875
378631.3125,279677.90625
533533.1875,11009.400390625
325962.90625,158617.203125
481122.59375,9969.2001953125
274645.09375,5667.2001953125
546403.1875,36664.8984375
285457.0,5881.7998046875
280742.59375,5404.0
429632.3125,303471.40625
580000.5,12382.2001953125
546082.5,25893.099609375
323937.8125,179090.796875
308213.5,7737.10009765625
337096.40625,168569.40625
369423.1875,203883.09375
551998.875,166886.203125
343945.90625,124246.5
595768.625,16415.80078125
349133.1875,184023.59375
351749.09375,168817.0
285298.0,6735.10009765625
282217.3125,25096.30078125
592068.375,12173.7001953125
298416.5,57980.8984375
546457.0,202769.90625
525179.625,230037.796875
359184.8125,120922.296875
463192.3125,9140.900390625
525830.6875,10909.400390625
585691.375,13603.7001953125
286852.09375,5490.0
303641.8125,46094.8984375
370741.59375,162303.203125
547681.625,11921.0
317410.90625,8200.5
332376.09375,101530.5
371629.8125,234543.296875
368438.40625,188183.703125
308278.5,17945.400390625
558480.375,11531.7998046875
270710.3125,7509.10009765625
254888.5,66696.3984375
309518.8125,41753.80078125
422651.3125,274293.40625
319789.40625,19622.69921875
560108.625,109291.5
333934.59375,105569.203125
281249.6875,4727.60009765625
284029.0,4734.10009765625
348869.8125,241664.296875
355593.40625,217402.703125
487184.40625,180021.296875
252825.5,22789.0
537716.8125,46565.6015625
275732.5,5446.89990234375
375506.8125,210233.90625
560512.375,17273.69921875
309123.59375,69680.203125
572857.5,15511.7001953125
441624.1875,209919.90625
485519.40625,165191.296875
547772.5,12794.7998046875
471251.3125,319977.59375
550024.3125,91229.8984375
324662.5,99000.703125
278850.59375,4911.39990234375
303542.5,5322.10009765625
565631.125,12083.5
565548.6875,12045.099609375
562731.875,12120.2001953125
565040.125,12036.2998046875
389014.1875,199279.59375
483631.59375,290715.5
322462.90625,44365.69921875
465436.0,276692.40625
292205.90625,8453.7998046875
289919.5,12268.5
297567.5,7373.89990234375
263728.3125,81506.1015625
480209.59375,9542.7998046875
438733.3125,8902.7998046875
284301.90625,8839.7001953125
548342.625,17426.5
548574.375,10562.7001953125
291118.40625,4909.5
445870.59375,222509.796875
508271.09375,294334.5
518527.5,232091.59375
564502.3125,19605.80078125
499642.90625,310374.1875
567201.0,12298.900390625
253203.5,5385.39990234375
407536.3125,203526.09375
483182.59375,310430.8125
538358.8125,10341.7998046875
581246.3125,15905.400390625
316161.6875,12497.400390625
435062.40625,11263.7001953125
552444.3125,10566.900390625
393101.09375,260461.703125
319156.8125,9136.599609375
441596.09375,206821.703125
400402.0,9714.2001953125
289893.1875,10170.400390625
441869.90625,256315.296875
295321.59375,6381.5
364598.3125,169277.09375
553150.125,12055.900390625
312830.3125,7035.2998046875
555492.375,85265.3984375
283090.09375,6160.5
560831.875,11810.2001953125
511444.40625,183362.0
285012.09375,33997.80078125
553960.1875,11143.099609375
301570.09375,9681.5
275092.0,49683.6015625
433312.3125,292467.8125
563989.875,11829.2001953125
445671.5,259013.90625
411696.90625,255022.296875
302602.5,5883.39990234375
290355.8125,84217.1015625
530357.625,220649.0
305904.40625,76933.203125
292447.90625,7289.0
526685.5,316039.90625
280773.90625,6841.7998046875
411786.09375,251646.796875
558260.8125,145757.296875
312609.3125,91287.3984375
565031.625,10697.0
359168.3125,73686.3984375
288665.59375,6125.7001953125
312203.8125,9427.599609375
287534.09375,74650.203125
255854.5,6655.7001953125
314984.40625,94535.296875
331904.0,15401.7998046875
512326.09375,233330.5
555398.8125,10827.099609375
293379.59375,26091.400390625
464282.0,254746.09375
491255.3125,186782.296875
367606.6875,171689.40625
300829.0,36950.1015625
427974.40625,213699.90625
287672.09375,6123.0
474711.3125,363990.6875
263403.3125,4663.5
526931.875,301478.0
532842.6875,10433.099609375
404853.40625,193177.5
346599.59375,171826.796875
550927.3125,9353.2998046875
599943.0,18654.5
564986.5,11413.900390625
295213.8125,6177.60009765625
508973.5,261286.40625
464789.09375,10924.7998046875
267847.8125,5523.39990234375
280674.6875,6441.89990234375
297061.40625,23594.69921875
545488.3125,10905.400390625
361164.8125,194641.09375
370969.0,282169.1875
558442.0,12415.7001953125
566982.6875,11356.400390625
292571.40625,5723.7998046875
357878.09375,205511.0
278851.1875,6604.60009765625
536005.875,261521.203125
256483.40625,5747.0
587521.1875,12139.599609375
559545.0,11347.400390625
352784.8125,192768.09375
289526.59375,5103.7998046875
563007.3125,10972.400390625
352737.6875,178873.90625
554193.8125,153998.90625
553518.125,9114.2001953125
246257.296875,93443.1015625
325397.59375,102518.703125
462998.1875,158521.40625
318670.59375,102551.0
339089.8125,134678.59375
314350.5,53804.69921875
250064.59375,5752.39990234375
563727.0,12362.0
555699.0,20436.099609375
514826.59375,9871.5
399679.6875,298432.09375
580349.875,12639.2001953125
290536.6875,7182.60009765625
286987.8125,6694.7998046875
504833.90625,179518.796875
573300.5,13056.900390625
269192.8125,9765.2998046875
489402.3125,9506.400390625
528752.1875,11521.900390625
430870.09375,299546.0
549290.3125,165135.90625
271856.09375,10699.7001953125
320579.8125,8034.7998046875
267746.90625,4371.60009765625
345091.0,195761.796875
546106.0,10225.099609375
293869.90625,16695.69921875
554878.875,11422.099609375
276658.8125,4977.0
319129.09375,83798.3984375
568550.375,12186.7998046875
302915.40625,18221.099609375
341132.59375,186494.90625
286336.59375,6116.7001953125
484013.59375,310259.1875
325295.8125,221468.703125
556734.8125,11891.7998046875
337944.5,167154.203125
442423.09375,230077.5
553844.125,10209.400390625
266216.6875,4644.60009765625
306384.5,35516.19921875
520344.0,9788.099609375
536126.375,10993.7001953125
294797.1875,7259.89990234375
354642.6875,164626.09375
334930.09375,180280.5
550098.375,20493.599609375
352258.59375,10519.0
396581.0,10995.7001953125
345582.0,171685.5
369328.09375,209276.59375
261190.296875,142351.296875
541445.0,12352.900390625
334622.40625,17724.099609375
304124.0,59739.30078125
264143.90625,4732.7001953125
289470.3125,90388.5
385218.5,218529.09375
283222.0,10282.0
377803.40625,224267.203125
502599.8125,195548.296875
439785.5,287171.59375
424208.5,256452.5
583858.875,14484.7001953125
526608.875,232600.09375
569014.8125,10965.0
292931.09375,49502.3984375
326736.59375,169265.5
415527.5,7569.0
275725.8125,107236.3984375
383850.40625,232569.296875
548444.6875,11031.7001953125
398204.59375,239372.90625
414669.09375,278128.6875
539419.125,283379.90625
334270.09375,19871.19921875
535014.3125,10394.2998046875
279943.5,5455.2001953125
299402.09375,7982.0
299559.59375,7799.89990234375
391468.6875,257382.59375
533603.5,10574.7001953125
296574.0,7282.10009765625
285478.40625,6579.2001953125
290222.90625,4624.7998046875
276928.6875,4901.60009765625
332483.90625,177647.59375
459194.3125,159154.296875
450363.09375,242169.0
292568.0,7751.7001953125
298198.5,42823.5
364558.3125,258649.796875
327343.0,188257.703125
315706.40625,33277.8984375
319517.1875,77365.0
302135.90625,55490.1015625
550913.5,106874.6015625
298911.0,10360.5
261818.203125,6582.5
295334.40625,6352.60009765625
587760.3125,14376.7998046875
432572.90625,295682.09375
297212.0,17859.80078125
328962.40625,144730.703125
499988.0,272198.59375
285531.40625,5380.60009765625
299979.40625,20975.599609375
273907.8125,7572.5
302279.09375,9078.900390625
577007.6875,161246.09375
302563.59375,145540.0
372719.0,121495.0
273431.90625,6617.2998046875
567408.1875,105650.203125
286686.59375,5441.60009765625
295247.59375,26987.400390625
268903.8125,6928.60009765625
396468.09375,107771.203125
589621.3125,18062.69921875
440880.8125,215958.296875
371692.5,262371.6875
530810.1875,234948.90625
570447.625,11415.900390625
511882.0,14311.7001953125
539578.875,11608.2998046875
304979.6875,50221.8984375
255965.203125,4795.10009765625
415261.59375,303932.6875
302744.90625,9582.099609375
504237.8125,335394.3125
294451.59375,7104.0
388530.0,226822.703125
304285.6875,57963.19921875
311810.59375,109204.0
398981.3125,270635.8125
283533.0,6858.2998046875
289858.3125,6785.5
355041.0,141924.59375
391484.5,227886.5
319072.6875,63084.0
335010.59375,214376.90625
400254.3125,235113.796875
546921.375,9643.099609375
310076.5,100432.296875
311964.40625,163201.703125
271342.5,12362.5
450857.90625,266901.6875
544086.375,10213.599609375
301191.59375,10752.400390625
303536.09375,9970.0
294157.3125,83611.3984375
300491.40625,8992.2998046875
258865.703125,5004.7001953125
290446.59375,6651.10009765625
385111.40625,194675.09375
410198.59375,237067.90625
366661.09375,220150.90625
432275.09375,323652.6875
526287.3125,196122.203125
563842.0,144000.203125
264884.09375,134341.0
246240.59375,5376.39990234375
574089.0,13538.599609375
570235.3125,11579.2998046875
275524.90625,5433.60009765625
285746.5,5433.2998046875
319251.3125,158596.0
548469.0,10289.0
292429.6875,6019.0
527975.375,8920.2001953125
549329.375,12264.099609375
571028.875,12376.599609375
280311.8125,5970.0
536465.625,11618.400390625
556024.625,13914.0
302321.5,68785.5
293503.40625,14831.7998046875
383059.6875,245140.703125
353154.59375,213989.59375
370495.40625,137257.59375
259082.09375,4111.89990234375
348408.09375,132840.90625
558844.625,13987.7001953125
410071.59375,293819.90625
381307.8125,9031.2998046875
317352.0,70134.796875
383106.40625,209354.703125
558807.3125,262843.0
427315.5,269399.5
562444.6875,11091.0
595222.875,42506.19921875
309010.90625,9080.099609375
280274.59375,5837.39990234375
520683.09375,281110.5
584383.0,15327.5
284555.8125,6103.89990234375
557717.375,17127.80078125
340120.09375,141393.59375
309802.40625,6598.60009765625
279381.09375,5658.2001953125
309953.59375,140727.203125
441468.40625,268669.09375
564286.0,11070.7998046875
357446.90625,9506.2001953125
289508.8125,6784.0
243202.0,4518.0
570068.6875,15178.0
346886.90625,142428.59375
291983.8125,7059.5
524408.625,9801.900390625
586354.125,15979.0
522506.0,9150.0
347551.40625,207261.796875
260468.703125,5471.7001953125
553074.625,10395.099609375
571699.375,151254.59375
367116.59375,203605.40625
395008.59375,248045.703125
287600.09375,5431.2001953125
580333.3125,12284.2998046875
518876.0,248633.703125
560999.6875,12633.099609375
342830.5,158763.203125
534951.875,197432.09375
361767.5,259870.09375
514044.0,10748.0
539747.875,12477.099609375
531302.875,11844.099609375
560037.3125,12108.5
554705.125,10918.400390625
364006.1875,183446.59375
500163.59375,202604.0
292451.0,6031.0
445380.3125,264514.90625
348751.90625,138958.796875
522711.6875,13791.7001953125
288475.09375,6311.10009765625
405807.40625,174347.09375
585242.625,16706.400390625
576506.125,11701.2001953125
333105.8125,145754.296875
296404.09375,7267.0
360466.40625,206851.09375
427267.0,274933.3125
359864.8125,258594.5
342407.90625,9050.099609375
446115.90625,238368.59375
264512.59375,5558.39990234375
490281.0,293208.0
285669.40625,10212.2998046875
543431.625,11411.099609375
341719.59375,168604.40625
508616.09375,248507.203125
260165.59375,5703.89990234375
577479.8125,11463.599609375
295175.59375,6187.7001953125
377953.3125,263591.1875
345828.5,141986.203125
289821.6875,26655.400390625
271442.09375,5823.5
354825.1875,188055.59375
458579.5,256791.09375
557979.375,10762.2998046875
489481.6875,238461.40625
303994.1875,121784.1015625
308474.40625,103058.1015625
557677.3125,10455.0
541647.5,10411.599609375
553054.0,13895.0
287832.6875,28004.0
310255.40625,11359.599609375
561543.375,221359.09375
322321.8125,62357.0
399705.09375,257256.40625
308886.1875,15733.099609375
306127.5,10273.5
254873.40625,5197.2998046875
318715.59375,94097.1015625
310822.40625,131398.59375
297279.09375,48969.8984375
420702.09375,244909.90625
455235.8125,245978.796875
298704.0,13727.2998046875
544384.8125,72337.5
253164.703125,42571.0
566987.875,10948.2001953125
321128.90625,89309.1015625
264092.40625,5088.60009765625
537899.8125,11891.0
304677.09375,88455.3984375
564096.6875,11070.099609375
396128.09375,220000.0
332884.0,130014.0
387980.8125,272346.90625
293005.90625,7425.2998046875
502274.90625,261343.09375
468432.09375,14299.7001953125
298874.59375,34688.3984375
316798.40625,12151.599609375
395939.8125,147802.0
316765.0,95135.6015625
475232.5,291167.5
289473.6875,6071.0
294532.40625,10280.7001953125
565653.875,10892.599609375
566715.3125,11942.0
337229.59375,10545.0
339193.8125,8257.900390625
404007.1875,224825.703125
491693.59375,249702.40625
403836.59375,217476.90625
300440.8125,59676.1015625
288244.09375,7059.2001953125
306188.8125,70669.203125
553879.3125,81022.296875
316163.09375,15011.0
532205.1875,12203.099609375
316940.0,10966.2001953125
381161.40625,229893.296875
507219.6875,9637.599609375
284415.5,6705.10009765625
321275.6875,12774.900390625
331835.8125,189594.796875
285528.09375,5656.60009765625
521890.09375,253966.203125
292059.0,7580.39990234375
328211.59375,177764.5
290790.0,7846.2998046875
287855.1875,5951.7001953125
477052.6875,293600.1875
252297.796875,4914.10009765625
298295.0,9168.2998046875
389993.90625,243249.796875
534808.0,99042.5
413779.6875,322721.3125
287336.90625,5363.10009765625
257641.5,42037.19921875
392923.5,225506.203125
373625.59375,11030.7001953125
309302.5,9897.7998046875
554803.0,11092.5
512490.09375,250877.796875
299749.3125,8140.39990234375
560410.1875,11800.900390625
388651.8125,224410.796875
284531.09375,5244.10009765625
285699.59375,5664.7001953125
257851.5,4066.89990234375
267591.3125,6954.5
566581.625,11292.5
363535.0,201310.796875
282289.40625,5017.89990234375
271553.1875,6165.2001953125
283226.1875,5688.7001953125
528926.3125,10644.099609375
294854.0,9496.099609375
302396.0,10008.7001953125
567053.1875,19283.30078125
271562.90625,6247.60009765625
309800.6875,10286.900390625
517861.8125,317857.3125
252817.09375,5144.2001953125
289930.0,6077.39990234375
534385.8125,9523.0
573354.625,331013.5
298190.0,15779.2998046875
286548.5,8766.7998046875
247716.40625,7001.39990234375
376423.1875,199282.703125
321389.5,86594.796875
523541.0,374644.59375
311287.5,11595.0
279649.09375,5171.0
437552.5,260072.203125
543250.6875,11201.2998046875
413914.40625,185117.09375
565516.5,11139.2001953125
245271.0,8477.2001953125
325312.0,118509.296875
329367.5,227004.0
514440.8125,147771.0
439734.09375,290190.3125
307389.6875,183364.59375
577595.125,13142.099609375
383275.59375,232668.203125
290066.8125,5666.0
560287.625,10699.0
276394.5,78837.296875
325088.40625,118413.3984375
426892.1875,299505.6875
564911.6875,10128.2001953125
466965.3125,280608.09375
293745.0,48691.80078125
295866.59375,5328.5
556209.5,10539.2001953125
563057.5,64925.30078125
287514.1875,4828.7998046875
299909.0,14000.2001953125
349682.59375,132186.203125
538936.5,9852.5
506751.5,243801.09375
548239.1875,15896.400390625
352564.8125,131244.796875
538090.0,9772.400390625
325447.59375,57422.5
416172.0,245382.296875
310050.40625,161995.40625
348877.6875,9422.7001953125
580913.8125,13175.099609375
328059.5,171494.296875
327250.40625,139790.296875
563460.0,11218.099609375
325946.5,186012.796875
510070.1875,134772.296875
318365.0,15673.7001953125
400107.0,277929.6875
266406.0,6422.7998046875
559652.0,12044.5
290019.0,21997.599609375
558661.8125,12123.5
277909.09375,4573.7998046875
262291.1875,5789.60009765625
311169.40625,134112.5
340653.3125,135892.40625
509250.40625,11037.099609375
275553.1875,3633.39990234375
416496.09375,229996.09375
557537.125,11820.7001953125
294284.5,22305.900390625
383476.8125,248517.5
283247.0,41233.80078125
505716.6875,259463.703125
330563.3125,205295.59375
264168.40625,31998.80078125
554756.5,10626.599609375
326684.5,81370.5
275094.1875,44108.30078125
529710.5,235784.796875
409621.6875,211397.796875
333161.5,143763.703125
319889.5,155413.703125
567852.625,12874.2001953125
500222.0,115952.296875
416668.5,238836.0
405588.5,206540.09375
288046.3125,8099.0
322135.09375,13771.2998046875
298759.0,5548.10009765625
315382.6875,217326.40625
365324.8125,236842.296875
565482.125,133831.09375
300697.1875,49348.19921875
570710.8125,11769.099609375
448754.0,172593.296875
304331.1875,6999.7998046875
358584.5,13274.2998046875
277582.40625,5486.10009765625
274137.0,12225.7001953125
572645.5,12312.2001953125
467213.59375,306450.1875
556559.0,11772.2998046875
278959.5,6822.0
295002.5,6442.10009765625
548231.5,334067.09375
357602.6875,154008.40625
559771.3125,11585.7998046875
349077.09375,92159.1015625
488449.5,11496.400390625
275444.8125,58565.0
264082.0,77908.796875
535297.375,10118.400390625
294126.1875,5647.2001953125
522373.3125,262111.59375
291885.40625,47945.30078125
577437.0,11928.5
359548.59375,14796.0
287290.5,29024.19921875
341225.6875,136727.296875
574342.0,12946.2998046875
540361.6875,12699.2998046875
551183.375,10618.599609375
531416.5,296177.1875
265211.59375,4932.7001953125
372218.0,206409.796875
508795.0,248465.5
249451.296875,5471.5
581757.1875,12294.099609375
342354.5,182964.09375
420153.59375,262661.6875
463229.5,231408.90625
285263.3125,36447.5
579545.125,12487.5
303919.5,6931.7998046875
275525.90625,5517.89990234375
562131.3125,10614.099609375
264517.0,12978.2998046875
560709.5,12267.2001953125
413969.1875,13567.2998046875
293607.0,5216.60009765625
573739.125,11421.599609375
548013.8125,11578.0
509874.0,24011.30078125
526464.0,11555.7998046875
256758.40625,9525.900390625
443742.6875,259011.703125
293266.1875,41098.69921875
302971.90625,10379.7998046875
413967.5,9907.5
413589.09375,287734.0
542630.0,155436.703125
279984.1875,5379.2998046875
529261.375,11607.099609375
243510.0,6010.2001953125
558039.0,11340.2001953125
295691.59375,36927.19921875
354255.0,237940.296875
335244.0,152597.0
558968.5,11273.099609375
349838.59375,185962.796875
545502.1875,9886.099609375
290769.90625,7023.5
341447.3125,139346.40625
497110.3125,10791.5
519049.90625,199097.796875
290082.40625,15741.599609375
268082.0,5798.60009765625
446590.1875,203810.90625
307036.3125,11132.2998046875
270789.59375,6429.2001953125
341262.8125,159156.0
302974.0,24138.30078125
435510.5,213860.796875
271281.1875,6448.2001953125
282660.6875,9079.2001953125
565078.3125,11442.599609375
594162.875,14121.7998046875
322955.0,118296.5
565633.625,14806.5
541965.0,10855.2001953125
395915.1875,252315.796875
472673.5,268052.3125
315692.5,9000.599609375
277318.6875,5829.39990234375
566653.8125,12375.7998046875
370212.09375,7998.60009765625
574628.0,15068.900390625
290207.8125,5304.5
555159.125,10846.0
545071.0,291826.3125
339609.40625,81532.8984375
284897.6875,5062.7001953125
277930.8125,6208.10009765625
301471.0,6496.7998046875
262129.5,5052.0
550266.125,80182.0
518718.0,275097.1875
402122.1875,235782.796875
566507.5,11042.2998046875
388861.0,204955.203125
331779.0,74028.203125
304088.5,7204.5
267017.5,4927.10009765625
302395.59375,39234.30078125
407524.1875,261691.09375
553646.0,10959.099609375
288035.8125,6857.7998046875
486508.09375,237995.09375
563174.625,12583.7001953125
298126.3125,6993.0
459544.5,192612.796875
499798.6875,209441.203125
326782.3125,11952.099609375
493667.90625,244914.796875
525573.0,228003.09375
355327.0,240290.5
582466.5,14762.2001953125
299839.0,8925.7998046875
300960.1875,7088.7998046875
344750.90625,140217.09375
264359.1875,5844.39990234375
282170.3125,5530.2998046875
563991.625,11905.2001953125
554885.3125,113156.5
506099.09375,302404.5
343206.5,173915.796875
485327.1875,218357.703125
276025.3125,7546.60009765625
493558.5,290439.0
496591.59375,317463.5
270707.5,23404.69921875
565873.1875,10927.2998046875
277903.1875,22841.30078125
521004.40625,10530.599609375
429456.09375,230031.703125
321569.5,11785.2998046875
549699.5,11176.5
289820.5,6801.10009765625
599023.625,43404.80078125
582582.1875,14023.599609375
291944.3125,47118.80078125
481869.90625,297483.0
468198.8125,274427.5
293459.0,48244.6015625
296146.59375,39666.19921875
567569.0,11898.7998046875
469825.5,259215.296875
559015.375,12428.900390625
373244.1875,209247.703125
298359.1875,25093.69921875
567338.8125,317976.59375
313274.0,100342.296875
406986.0,169082.09375
278868.59375,6433.0
558884.5,12838.7001953125
291877.5,19061.599609375
280677.1875,6863.39990234375
572794.625,12591.599609375
447149.09375,340080.6875
263597.0,90947.3984375
354838.5,9021.2998046875
421227.40625,240598.40625
278219.6875,4874.7001953125
591246.875,15120.2998046875
338698.0,142220.0
354097.6875,143665.296875
565731.6875,11071.7998046875
513537.5,11298.2001953125
317011.5,7169.2998046875
346059.8125,163455.5
310044.59375,10182.2998046875
288153.1875,6808.60009765625
480959.09375,296165.8125
559201.8125,11185.900390625
327650.40625,96697.296875
295486.8125,7033.39990234375
319003.5,10192.099609375
282730.5,5748.5
502044.59375,246292.5
384315.59375,221999.203125
570161.8125,9994.400390625
292331.0,5987.39990234375
298571.59375,5822.89990234375
339718.5,97225.796875
567721.375,10977.7001953125
545284.625,8115.5
550507.625,10761.7998046875
547776.375,112900.796875
290413.3125,16855.400390625
555644.6875,9428.099609375
350069.8125,6716.89990234375
343871.5,212531.90625
432789.09375,250022.90625
490393.59375,224189.90625
444480.40625,246804.40625
257363.40625,4370.7001953125
555430.125,12977.5
532823.6875,238610.703125
556402.1875,11322.7001953125
262802.59375,8804.099609375
330037.5,247067.5
389061.0,219421.203125
374518.40625,216019.796875
352230.5,224374.203125
276454.6875,5304.39990234375
274510.59375,137427.5
479599.90625,173601.40625
368899.3125,5961.2001953125
303907.09375,63497.69921875
489814.5,287260.59375
334006.8125,114339.3984375
590533.1875,12711.2001953125
283257.90625,5636.2998046875
572981.125,11217.0
551306.875,12781.599609375
288517.40625,5342.7998046875
552841.1875,24865.0
544340.8125,13280.400390625
282708.40625,6497.2998046875
464781.8125,384084.90625
285243.0,5478.60009765625
285289.09375,15128.0
519618.09375,57823.69921875
474496.3125,281350.40625
383191.59375,232287.296875
524928.3125,75144.8984375
444762.40625,205321.296875
275495.3125,8719.900390625
535762.6875,327281.1875
367596.5,208588.59375
352609.09375,119329.703125
573762.3125,13307.400390625
558816.0,11631.400390625
564937.125,14732.900390625
291993.0,8051.7998046875
569138.875,12880.400390625
432903.59375,248062.5
523811.0,17757.69921875
342190.40625,204464.796875
267407.6875,5469.2998046875
293244.6875,39165.8984375
560128.6875,11359.900390625
498381.59375,226049.5
556451.8125,11523.2001953125
477210.0,121599.1015625
287013.8125,6135.39990234375
570819.875,16592.80078125
307747.90625,15052.7998046875
573785.1875,10898.0
358534.3125,167980.90625
282123.90625,5898.7998046875
491873.8125,236156.90625
386935.1875,256569.09375
331112.1875,127987.203125
291008.3125,5502.89990234375
316808.40625,198413.296875
462984.8125,7248.89990234375
563788.1875,12600.2001953125
592366.0,15468.0
341688.59375,136117.203125
287165.3125,6478.39990234375
271604.59375,4983.39990234375
570403.5,16906.30078125
251954.90625,5807.2001953125
546634.6875,10682.2001953125
580025.625,13794.599609375
511618.5,10468.5
286627.90625,14490.2998046875
262052.703125,4245.7998046875
281663.6875,5857.89990234375
332521.40625,131435.40625
565718.8125,22501.19921875
298993.8125,6316.39990234375
527628.125,316776.0
552226.875,12491.599609375
284752.6875,6224.39990234375
482474.90625,215802.796875
565501.6875,185636.5
485048.59375,204619.59375
505664.09375,11590.2998046875
507684.40625,243442.796875
330871.8125,185888.40625
503511.1875,179024.09375
375697.6875,213757.703125
361727.5,7076.60009765625
531873.0,27625.0
427786.59375,219242.5
381570.3125,247272.40625
567712.8125,13189.900390625
574880.1875,43478.1015625
444902.1875,286704.1875
586966.5,14887.099609375
582146.625,12866.7001953125
286652.8125,5522.39990234375
581341.125,11082.400390625
358279.90625,215948.90625
534930.375,10299.2001953125
401512.09375,285438.0
533372.6875,117776.203125
555301.125,10068.099609375
540200.0,10050.5
279296.5,4758.7001953125
579519.375,27331.30078125
275698.1875,4422.2998046875
294490.40625,6241.2001953125
372853.6875,184651.40625
584212.625,11489.5
248003.90625,4918.39990234375
590100.3125,13008.2001953125
437457.59375,175524.703125
557753.0,11077.599609375
592377.1875,12282.7001953125
599604.625,15976.7998046875
343268.40625,127784.796875
287629.8125,6376.39990234375
284558.6875,6101.7001953125
289375.0,5918.0
574531.125,11451.7998046875
562455.3125,13567.400390625
285406.1875,43456.6015625
439436.1875,245500.203125
453717.09375,203213.5
416252.5,168883.40625
483676.59375,11418.900390625
329584.59375,6605.89990234375
549054.625,10347.0
552732.1875,11122.7001953125
316715.6875,16998.69921875
471757.09375,246619.09375
566217.0,52990.0
306262.0,76828.703125
279252.90625,4849.2998046875
523205.6875,262993.8125
289363.90625,113771.203125
287964.0,67734.203125
282248.40625,8118.39990234375
561005.3125,11669.7001953125
573953.625,11558.2001953125
519020.0,12758.599609375
482772.8125,214854.40625
281736.90625,5724.7998046875
502243.90625,257920.59375
253253.703125,8001.0
586347.8125,14976.599609375
554776.125,11692.7998046875
519711.8125,220767.40625
266295.3125,5127.89990234375
254852.703125,5288.60009765625
478756.1875,313665.1875
563651.0,13818.5
271561.40625,4376.7998046875
427775.6875,260208.09375
301543.1875,46302.69921875
388726.0,279418.59375
494798.5,290419.0
324697.59375,93020.0
360761.09375,250694.203125
428661.8125,308808.40625
548926.0,12454.900390625
289515.59375,6047.39990234375
330477.5,107410.296875
288870.59375,16555.400390625
564747.875,23177.400390625
381023.1875,232560.203125
572687.1875,12194.2001953125
284530.09375,20308.599609375
546915.5,250170.203125
288165.90625,6369.7998046875
458045.1875,272653.8125
287641.1875,17854.900390625
299089.09375,6677.5
348151.5,219098.09375
554571.8125,9962.400390625
365251.6875,186504.203125
526905.375,9414.7998046875
387206.90625,204275.59375
423363.09375,251652.09375
537118.8125,9671.599609375
268699.40625,5684.7001953125
339443.09375,183540.90625
320266.3125,12390.2998046875
535283.0,10513.0
261252.0,5878.7001953125
429428.1875,10592.900390625
338290.1875,197642.796875
556948.125,9100.7998046875
554010.3125,11573.400390625
305363.40625,6863.7998046875
515287.8125,216449.90625
557331.1875,11850.599609375
543543.5,11509.599609375
289094.09375,9372.5
380511.8125,273309.90625
345103.5,202739.09375
291039.0,5685.0
306954.59375,97969.5
255582.296875,5385.89990234375
556657.5,13141.900390625
335612.5,128808.296875
266916.40625,5688.7001953125
515976.59375,11504.5
283223.6875,8509.7001953125
555128.125,10579.599609375
559400.0,27754.5
410253.90625,267677.3125
564364.5,11022.7001953125
255890.09375,25947.0
496768.8125,254530.703125
572752.125,10169.2001953125
367959.3125,231601.40625
517085.1875,12351.7001953125
292878.40625,6053.7998046875
427085.09375,297489.0
499732.90625,10447.599609375
541867.6875,10588.400390625
419105.90625,213874.796875
570684.6875,12916.5
265217.09375,98118.6015625
566559.375,11618.099609375
288550.3125,9167.599609375
412828.09375,246852.40625
572958.3125,11684.0
292476.8125,5845.10009765625
579322.1875,11751.5
295074.3125,5663.60009765625
570114.6875,11545.900390625
273985.59375,5864.7001953125
554239.6875,11025.7998046875
398540.40625,228625.203125
282433.6875,7621.2001953125
288422.59375,6592.7001953125
479225.40625,147876.40625
297324.3125,46008.1015625
369142.8125,189197.59375
418427.0,160153.296875
424482.6875,239541.0
292184.3125,8964.099609375
418153.6875,257512.40625
576255.625,12586.5
503583.5,294185.3125
354909.40625,146722.203125
426857.1875,13377.7998046875
320557.59375,8608.2001953125
267381.1875,4917.2998046875
284086.59375,7892.7001953125
355989.8125,7108.10009765625
570480.5,13480.2998046875
419800.09375,218938.0
305480.6875,46532.8984375
284214.59375,6653.0
280523.1875,6447.2001953125
283243.90625,5845.7998046875
418404.09375,201698.703125
326504.1875,86870.796875
291724.5,31182.80078125
345416.6875,192178.296875
569455.625,11959.7001953125
584825.625,11857.2001953125
554469.375,15657.2998046875
561830.625,12536.0
324970.90625,68501.3984375
500742.5,191175.40625
457656.40625,145164.703125
281324.3125,6068.60009765625
264444.0,5945.7998046875
538744.6875,9132.0
456887.3125,9566.599609375
291113.6875,6030.39990234375
304842.1875,138825.703125
291008.90625,6952.2998046875
565394.625,9601.2001953125
444733.40625,238040.203125
351579.8125,178464.59375
490977.6875,260418.796875
417128.0,225349.796875
307331.1875,55113.5
284963.3125,6053.10009765625
378963.59375,140697.5
439018.1875,212253.40625
279316.1875,5445.2001953125
496528.40625,332983.8125
406153.59375,277445.6875
296201.6875,6760.2998046875
513485.09375,143681.703125
569525.125,10938.2001953125
315942.90625,8814.7998046875
386108.90625,214077.40625
423584.09375,316448.5
259792.90625,6309.7001953125
479105.0,11847.900390625
533068.5,67976.296875
333547.6875,103505.5
540115.3125,9685.599609375
295167.6875,6961.39990234375
330592.09375,131453.0
272607.6875,6152.2001953125
562707.125,11560.7001953125
486591.1875,10317.7998046875
356542.5,131387.796875
352279.1875,201571.796875
285372.6875,25548.69921875
272536.09375,4732.2001953125
430015.40625,198543.40625
376717.59375,5547.0
298224.40625,6117.89990234375
575048.1875,14417.7998046875
339859.5,220913.796875
490257.09375,256202.0
535533.6875,12079.2001953125
463995.59375,276023.6875
293913.6875,7796.2998046875
567232.375,9789.7001953125
288917.6875,7106.7998046875
298527.6875,5931.2001953125
555560.625,12274.7001953125
555857.3125,118613.6015625
540840.3125,31905.599609375
566014.0,10981.2998046875
498495.1875,236460.0
286848.3125,27664.099609375
502441.59375,10264.0
302777.6875,76022.8984375
296717.09375,26337.0
290572.90625,6603.2998046875
565868.125,11399.7001953125
450999.8125,265862.09375
529222.6875,11391.7998046875
544364.625,245034.203125
437723.5,11220.2998046875
301390.8125,48078.1015625
318221.09375,10980.0
271493.6875,5590.89990234375
521133.59375,283730.5
392652.6875,189806.203125
353067.5,149171.796875
491512.1875,9207.7998046875
414677.1875,222050.203125
524987.625,11266.7001953125
528159.875,10005.400390625
562500.625,14166.0
279659.90625,5018.89990234375
336274.40625,160374.703125
508989.3125,333171.6875
472907.40625,269644.6875
457881.8125,288415.09375
462058.3125,84513.1015625
298041.5,5713.7998046875
388216.09375,253202.0
272514.09375,6211.5
565805.875,11944.2998046875
313945.3125,8605.099609375
456745.09375,269845.6875
489330.8125,308882.59375
283016.5,5064.2998046875
254435.703125,5858.39990234375
293250.09375,5207.7001953125
297720.1875,61633.30078125
498726.40625,178415.203125
292860.1875,6979.2998046875
548650.6875,12833.7001953125
294224.59375,6612.2001953125
350405.59375,7652.2001953125
287716.3125,6912.60009765625
316117.1875,52938.5
287819.8125,17592.599609375
498923.6875,288660.90625
353079.1875,153481.203125
521164.59375,199970.203125
285777.1875,29619.30078125
548457.625,11768.2001953125
294910.5,8997.7998046875
286365.1875,4670.0
287581.3125,4622.60009765625
558790.625,118760.0
558000.375,12881.7998046875
547835.125,14194.7001953125
289644.1875,6133.2998046875
323995.5,17622.30078125
382051.1875,251572.703125
381621.59375,220242.703125
485424.09375,269268.1875
559725.1875,11484.2998046875
343175.8125,193670.09375
557262.0,11538.7998046875
294954.1875,5500.5
601337.8125,17075.599609375
452454.09375,285520.0
274891.6875,5359.89990234375
394473.59375,210412.5
551245.1875,11875.7001953125
285369.90625,4594.2998046875
287643.8125,4996.60009765625
418317.09375,235315.203125
554251.0,10874.7998046875
565872.8125,157674.59375
433361.09375,304655.5
543340.6875,14945.900390625
552687.1875,12666.7001953125
314470.0,103529.796875
500752.6875,167114.296875
348906.09375,196092.203125
293687.40625,5936.39990234375
533923.125,239856.5
264464.1875,5553.7998046875
290972.09375,19466.69921875
575117.3125,11669.099609375
380644.8125,221433.09375
566302.125,13187.5
367703.6875,223626.40625
292353.6875,5068.2001953125
293060.1875,9255.2001953125
371015.5,170816.5
260510.59375,54241.0
371488.0,157872.0
587964.0,14077.099609375
264347.0,147756.90625
330197.09375,17245.5
316658.40625,11086.900390625
266182.3125,56718.0
482675.5,292094.90625
381304.8125,212066.5
558530.6875,12254.7998046875
329363.59375,106818.703125
459377.8125,279979.1875
465374.90625,311783.8125
284826.40625,5480.60009765625
393773.1875,154724.59375
280788.3125,51201.8984375
254261.09375,30943.80078125
466453.1875,236492.296875
342140.1875,144264.40625
296024.0,5410.2001953125
570032.8125,11935.7998046875
312272.6875,57273.19921875
320629.0,12504.0
255519.5,5032.0
378319.0,205937.59375
575889.125,14252.5
320957.6875,113433.3984375
287175.40625,5079.39990234375
569707.8125,58630.0
446919.8125,198730.5
290140.8125,5500.10009765625
525162.125,159221.703125
558921.3125,10853.2001953125
270956.90625,10991.2001953125
292212.0,5774.7001953125
417963.3125,175034.796875
562216.6875,11066.2001953125
444226.5,311775.5
446626.0,225274.59375
378757.0,236180.40625
302481.59375,7951.5
424927.1875,303704.40625
557471.875,13360.400390625
527900.3125,8761.0
547849.1875,41804.80078125
460550.09375,8839.2001953125
304283.3125,15960.2001953125
420014.40625,46151.0
426565.59375,258939.703125
547186.875,10822.2001953125
329459.6875,83072.6015625
404923.8125,12989.7001953125
271010.3125,5135.39990234375
294183.0,10549.2001953125
395493.8125,270927.3125
539602.5,65574.0
485072.59375,270854.5
294745.0,54425.0
282528.5,8084.39990234375
418696.09375,212054.5
515301.1875,156945.90625
446889.0,8703.2001953125
287664.8125,6952.7998046875
563080.0,9830.5
556489.0,141150.0
567135.5,10169.400390625
581107.1875,11484.900390625
353468.40625,8017.89990234375
372290.8125,195685.0
569726.0,13488.400390625
483643.3125,216979.5
333097.1875,154864.796875
536090.625,71732.703125
296262.8125,7827.2001953125
569950.875,13049.0
538245.125,200935.59375
547622.375,12018.099609375
540127.3125,11023.2001953125
323607.09375,139022.296875
564660.6875,11499.7998046875
544740.125,166630.703125
280493.3125,5200.2001953125
291109.40625,45885.8984375
312098.6875,95158.1015625
462684.8125,294421.8125
568568.5,10052.599609375
332996.8125,165420.09375
270122.90625,5622.7998046875
364197.6875,178952.703125
494468.0,11534.5
263117.5,176172.09375
373164.1875,203497.90625
498757.90625,367823.40625
283136.8125,5800.5
545807.0,11910.2001953125
311488.1875,80635.203125
358504.0,268773.0
281448.09375,5879.5
387351.0,277914.90625
277475.09375,12945.5
389789.6875,234293.90625
270680.40625,5016.89990234375
286163.8125,5160.5
302034.6875,8575.7998046875
310741.59375,6773.2001953125
310444.8125,76266.203125
341315.40625,185175.5
563497.875,11325.2001953125
292953.90625,24981.30078125
469398.3125,185315.703125
553602.3125,299179.40625
299553.59375,50223.80078125
472744.8125,197660.296875
246527.703125,4903.39990234375
355743.8125,200489.5
588836.125,14772.2001953125
323418.5,143270.703125
276997.40625,14970.900390625
288772.0,6731.2001953125
424352.8125,275435.3125
445033.6875,291002.6875
294671.59375,5356.5
341441.5,160234.0
508259.5,187455.59375
551490.5,12419.400390625
495763.59375,6894.0
287486.6875,30333.400390625
413552.8125,294103.5
263500.5,6581.39990234375
443307.8125,67570.0
468769.6875,337185.3125
500112.09375,254641.703125
572507.625,13515.2001953125
296276.40625,6454.60009765625
283334.3125,5221.7001953125
526213.3125,7766.89990234375
298945.59375,25129.30078125
315760.6875,9304.2001953125
484258.5,188978.0
371232.5,213435.703125
418255.8125,298352.8125
350834.6875,205365.40625
267413.59375,6224.2998046875
551202.0,9173.2998046875
302073.1875,50999.3984375
563626.5,10580.2001953125
417944.0,194036.296875
357613.1875,149068.90625
292299.1875,4847.89990234375
302031.5,6350.7998046875
527160.3125,11672.2998046875
272979.90625,4896.39990234375
575730.8125,10802.599609375
271149.8125,4744.89990234375
459607.59375,226000.703125
511865.59375,224761.796875
286186.8125,3969.300048828125
290928.3125,5134.2998046875
460209.1875,215110.40625
564243.125,11546.2998046875
543911.1875,10191.900390625
313824.5,71534.296875
477244.8125,306996.3125
431476.90625,285182.90625
279810.1875,26448.19921875
569242.8125,13279.599609375
382745.09375,186667.203125
302661.6875,15086.2001953125
289419.6875,8443.599609375
552869.375,13574.900390625
542848.1875,241016.90625
385574.09375,224484.796875
277699.5,4124.7998046875
555895.0,12752.2001953125
498974.0,259008.296875
515594.3125,287331.3125
405211.90625,128757.3984375
555654.6875,21492.19921875
259350.296875,4654.60009765625
448123.3125,207836.40625
288951.59375,6768.2001953125
551416.1875,10371.599609375
308771.90625,5934.89990234375
411293.3125,258972.796875
359192.3125,139900.703125
458133.09375,285612.90625
320978.59375,124528.3984375
414371.5,268621.40625
492121.90625,196566.296875
300512.90625,43650.0
295384.1875,52746.3984375
267391.40625,4242.60009765625
252154.796875,6177.7998046875
291081.90625,6140.60009765625
457663.8125,269427.40625
325072.0,123025.203125
321065.5,78840.296875
455240.1875,156552.40625
563312.0,14210.7001953125
278737.0,5892.7998046875
293912.90625,73259.8984375
385291.5,216557.296875
497132.1875,12229.900390625
286290.5,6020.2001953125
554319.875,10281.900390625
445210.6875,203497.703125
543885.3125,11562.400390625
551164.125,108645.296875
531738.0,10102.0
290106.6875,4657.10009765625
286432.90625,5940.39990234375
546366.3125,11566.7998046875
547878.3125,11893.7001953125
262477.09375,5125.39990234375
373946.5,230055.90625
569279.375,12625.2998046875
346417.90625,111386.5
317283.6875,93441.703125
577063.1875,215616.90625
492677.40625,264628.09375
304675.8125,172715.296875
306985.40625,7477.60009765625
575702.3125,12047.400390625
266426.0,4771.2001953125
409309.40625,230416.40625
566366.875,11385.2001953125
281820.3125,5059.0
389247.1875,269352.90625
481238.59375,197355.796875
254713.703125,5699.39990234375
476444.5,337723.6875
284608.0,6465.7998046875
356893.1875,218474.203125
521577.09375,288166.3125
520031.0,244819.0
249306.703125,4381.60009765625
570455.8125,12793.7998046875
321976.8125,152266.796875
279598.8125,5783.2001953125
524968.125,9854.7998046875
276170.6875,52099.3984375
403163.0,278973.8125
559581.3125,10813.7998046875
544234.875,10891.900390625
546546.6875,11664.7001953125
287780.3125,7028.10009765625
334585.8125,112489.3984375
360821.09375,176604.703125
445451.5,334483.5
567783.1875,73530.6015625
319787.3125,11507.7998046875
336066.90625,166778.90625
335524.5,7862.39990234375
322564.90625,109011.296875
572771.1875,15149.7001953125
328628.6875,125220.8984375
325309.90625,149627.296875
563660.375,10495.599609375
325466.8125,131616.296875
393814.90625,283888.59375
545286.8125,188185.90625
299312.5,6963.2001953125
276417.5,5127.5
298433.3125,34807.0
370511.6875,213950.40625
393646.0,238652.796875
549085.1875,10074.900390625
270707.5,5854.7001953125
308988.40625,9252.400390625
548896.6875,295051.1875
302126.8125,123799.1015625
564235.8125,10543.400390625
565111.0,12271.5
343417.6875,194050.703125
272575.1875,5709.10009765625
297036.8125,127842.796875
263695.90625,9351.900390625
579016.0,13131.7998046875
306499.0,32306.19921875
421360.8125,223737.796875
507605.1875,47942.19921875
492369.8125,212004.59375
330233.09375,133827.203125
420166.0,123899.5
512061.3125,220938.796875
558767.3125,208104.296875
262562.09375,62127.8984375
297214.09375,50533.8984375
563162.375,11294.2998046875
435523.6875,10231.2001953125
580386.6875,15342.400390625
295210.90625,3709.300048828125
486888.8125,319632.3125
482158.0,256935.203125
544351.1875,229315.90625
322474.5,14187.7998046875
392218.1875,166475.40625
581037.0,12054.2001953125
552083.1875,10799.7001953125
312669.8125,64540.6015625
305549.59375,10550.7998046875
576773.5,12840.0
261336.703125,5234.2001953125
269996.6875,4442.10009765625
407115.8125,262525.3125
285810.90625,7241.39990234375
267866.8125,5958.7998046875
494812.3125,175197.703125
526072.6875,9729.900390625
569627.125,12844.2998046875
305793.1875,7562.39990234375
359300.5,186707.796875
421234.3125,235309.296875
261396.90625,103514.8984375
424655.1875,227003.703125
555451.8125,10709.099609375
366042.59375,131935.203125
586509.125,11348.7998046875
362746.5,202428.0
259907.703125,4701.60009765625
266340.3125,6374.7998046875
305991.3125,37795.30078125
300171.3125,59090.19921875
420514.59375,176246.40625
280270.09375,6215.39990234375
588733.5,16010.400390625
550985.375,14474.5
280510.1875,6065.7001953125
292334.6875,30931.400390625
450363.40625,197392.296875
603159.875,39202.6015625
246906.40625,7017.60009765625
319406.3125,13411.900390625
318453.0,108755.703125
473957.5,197368.0
293804.40625,8603.7001953125
535623.3125,95110.5
306719.5,96571.6015625
296219.59375,149125.09375
467733.90625,261615.203125
310438.3125,12698.5
513960.6875,89236.1015625
267353.8125,5040.5
424515.90625,256193.40625
279514.0,6370.89990234375
309831.59375,43693.80078125
302125.5,40790.30078125
398629.6875,191918.40625
541863.8125,97963.796875
421782.5,282811.8125
302739.1875,37720.8984375
282992.0,22102.19921875
516957.40625,280449.40625
318420.1875,44047.19921875
289630.8125,4665.10009765625
260878.296875,4486.39990234375
271561.09375,5396.7001953125
340957.59375,144011.796875
273647.5,4338.0
556339.6875,10596.2001953125
523089.6875,340857.09375
293702.40625,53855.3984375
331815.09375,135173.90625
321830.59375,68523.3984375
622951.875,20249.0
572588.1875,11189.400390625
276214.40625,5990.7998046875
450428.90625,234170.59375
298225.90625,5966.60009765625
565500.0,10020.7001953125
509381.5,257651.0
471762.3125,195768.5
536133.5,9991.599609375
339714.09375,166015.59375
414974.3125,176955.703125
410999.5,254966.09375
345755.6875,174507.296875
334833.8125,101589.8984375
512959.59375,228696.40625
558962.875,10808.2001953125
580536.625,11056.2998046875
280227.6875,4955.5
569043.125,10140.900390625
286765.1875,5968.5
344852.3125,160287.5
445115.5,228727.40625
450501.5,130940.6015625
386022.1875,256832.90625
321759.5,116041.0
428391.1875,280470.09375
319006.5,87248.5
266441.5,5710.89990234375
268369.5,4427.7998046875
273634.90625,4757.2998046875
333444.6875,130198.703125
308312.1875,18343.900390625
338152.09375,146528.40625
579945.3125,13452.2001953125
482288.3125,42209.1015625
304404.1875,8985.0
311779.09375,31615.69921875
293314.3125,5867.10009765625
497495.8125,257293.5
344944.3125,193490.703125
296523.0,15846.599609375
279630.3125,6132.60009765625
297691.6875,7085.5
432262.09375,10162.2001953125
537474.3125,259324.09375
528469.125,11116.400390625
381469.3125,227268.5
483135.8125,36831.19921875
472660.0,196441.90625
322485.5,60061.6015625
294809.6875,7725.39990234375
573848.5,11426.5
345980.1875,154543.09375
516653.1875,281904.3125
313073.6875,6042.7998046875
547905.875,31387.19921875
250298.09375,5930.7998046875
561413.375,10195.7998046875
431408.1875,240283.203125
406055.6875,240947.40625
574871.0,12302.900390625
264242.59375,42828.3984375
519203.8125,11203.099609375
557699.3125,11154.599609375
296171.1875,13650.0
448591.8125,280444.59375
276789.09375,5569.89990234375
281098.1875,5573.0
296164.3125,7008.0
297640.3125,27185.69921875
281019.0,6184.39990234375
366925.5,218852.59375
292225.8125,8332.7001953125
288120.3125,7071.60009765625
326011.1875,109230.5
563092.625,10550.2001953125
319845.1875,16959.30078125
463266.09375,192760.90625
334112.1875,131089.0
281847.3125,5898.0
380275.0,238371.5
408006.6875,198331.59375
264445.5,5251.39990234375
545521.6875,12097.2998046875
554661.6875,10817.2998046875
291873.90625,6608.7001953125
445533.90625,267883.8125
380220.40625,189145.09375
498456.5,13757.400390625
498881.09375,329057.90625
292992.8125,7355.2001953125
518836.0,159595.203125
318570.8125,9139.599609375
570042.3125,11400.7001953125
311194.09375,8016.2998046875
424264.09375,201976.203125
267804.8125,7852.60009765625
310760.6875,8487.5
565027.3125,12690.7001953125
524521.0,294795.90625
455105.5,254107.0
286608.6875,4700.60009765625
415690.5,240283.0
336331.0,113932.8984375
273806.1875,5325.2998046875
550634.375,113966.203125
294186.59375,6915.2998046875
492157.3125,9865.2001953125
431914.59375,215578.796875
576835.6875,12142.0
501117.09375,92543.703125
288054.8125,6826.60009765625
534243.1875,181601.796875
276293.59375,28816.900390625
555986.6875,12359.0
305568.8125,10886.2001953125
567032.0,10897.400390625
293813.0,6073.10009765625
267733.1875,5812.39990234375
472409.1875,190037.59375
332333.0,13156.0
291463.5,4521.89990234375
285456.1875,4922.7998046875
556001.375,12036.7001953125
357532.09375,144266.296875
309550.0,67923.296875
289433.90625,6340.60009765625
497406.6875,256803.40625
388842.59375,107324.703125
283886.59375,5926.89990234375
294907.3125,5698.2001953125
583672.0,12153.7001953125
270917.8125,5494.10009765625
580964.8125,14774.2998046875
311545.6875,104967.1015625
359330.1875,197980.0
558459.0,11677.599609375
537024.8125,231543.703125
543556.625,11173.2998046875
319148.6875,63127.30078125
297025.59375,44466.3984375
468845.8125,10327.0
435733.5,254558.40625
249248.0,150980.09375
284519.1875,7770.89990234375
290171.1875,6617.10009765625
533860.5,10591.900390625
271411.6875,5008.2998046875
261975.703125,6038.2998046875
582577.375,11120.7001953125
295220.59375,4650.2998046875
303473.0,117928.296875
375006.40625,153990.296875
333062.3125,144174.703125
432034.1875,263063.0
434570.09375,194082.203125
317885.8125,103487.5
260128.796875,4232.7001953125
356571.5,171638.40625
454477.5,245482.59375
572852.1875,11524.400390625
406018.0,12734.5
282523.6875,5118.60009765625
564383.5,10575.0
302991.0,40478.3984375
536505.1875,240633.296875
269661.1875,5079.2998046875
311343.0,90638.296875
349382.1875,202611.703125
291946.59375,6207.39990234375
307107.8125,54938.19921875
511055.0,267540.1875
407156.1875,243837.90625
523293.1875,11470.0
288500.40625,5961.39990234375
538026.3125,11662.7001953125
280748.8125,47798.6015625
588959.6875,12895.7998046875
366421.3125,159647.0
505322.5,313019.40625
496683.0,207220.40625
259235.203125,5877.7998046875
311202.40625,9085.2001953125
301720.8125,27478.19921875
520142.3125,211631.09375
289367.6875,6235.7998046875
415578.59375,235407.90625
288215.5,5320.89990234375
297288.0,6562.10009765625
519900.1875,270646.59375
480732.0,252712.90625
280940.1875,105668.296875
292687.6875,7063.7998046875
285899.3125,10112.7001953125
324226.3125,104246.1015625
555326.625,10620.2998046875
501392.59375,293516.1875
285904.1875,8177.7998046875
446324.09375,284176.40625
293580.3125,183382.203125
476971.5,237519.0
248962.0,4714.0
424925.3125,260302.203125
279865.1875,5410.5
369860.59375,236017.703125
330689.6875,133967.796875
311430.59375,146693.90625
459121.5,258882.40625
570481.1875,13026.400390625
594915.6875,15329.2998046875
418588.6875,310631.3125
559842.375,12778.2001953125
533301.1875,285155.40625
267156.59375,5048.7001953125
282958.59375,5336.39990234375
328026.0,125925.1015625
557720.0,170591.703125
344673.09375,195831.0
560711.3125,11938.7001953125
309000.1875,11695.5
323832.8125,88602.1015625
332119.09375,8442.400390625
362619.1875,196543.5
270578.3125,5854.7001953125
553146.5,9434.900390625
371021.1875,231453.59375
487856.5,336783.0
301591.0,42074.3984375
378250.09375,184251.296875
288231.3125,10481.7001953125
274630.3125,38174.1015625
500255.59375,351638.1875
574595.8125,12171.599609375
528725.125,177672.90625
313831.6875,79983.5
523606.3125,246510.0
295194.3125,64623.19921875
386586.0,217238.40625
377603.6875,209810.40625
422171.1875,190779.09375
446626.5,259317.40625
292275.6875,7378.7998046875
282151.1875,7693.7998046875
275754.5,6329.7998046875
278988.40625,4689.60009765625
522642.1875,266916.1875
290773.1875,44770.8984375
555356.0,11805.900390625
296719.5,5779.60009765625
447011.8125,223390.703125
465375.8125,197297.59375
304562.1875,24467.0
291631.09375,13557.7001953125
579818.625,11070.900390625
552316.6875,10655.0
473781.3125,264888.6875
403222.0,211409.59375
570580.6875,11870.400390625
283722.0,51167.0
508212.1875,197902.09375
531908.0,257816.5
438375.1875,12082.7998046875
279873.6875,5316.2998046875
551265.1875,10898.0
287819.6875,6310.7998046875
557830.375,24955.900390625
318514.1875,183582.40625
591622.3125,11269.599609375
252486.796875,62362.80078125
371276.8125,219348.203125
502859.40625,244106.90625
525595.1875,190042.40625
455120.90625,310942.3125
312872.8125,12275.2001953125
262586.40625,5188.89990234375
372425.59375,13506.0
352273.40625,152576.09375
290590.09375,19560.400390625
411782.8125,241735.40625
453998.0,156526.203125
443375.0,252657.90625
296926.59375,6351.7998046875
549941.125,11725.2001953125
276420.0,4687.39990234375
496323.90625,346823.1875
536077.6875,10309.0
541345.0,10875.5
284009.09375,5427.10009765625
409986.6875,11129.7998046875
532179.875,212776.90625
534667.1875,11113.400390625
450530.8125,233238.59375
288629.8125,5251.2998046875
564355.375,11449.900390625
438888.8125,246751.203125
558755.1875,11044.900390625
303544.40625,6246.2998046875
576420.625,13738.099609375
530020.375,10661.5
521102.3125,304982.90625
322380.1875,67019.1015625
561492.0,220255.90625
579948.1875,11462.0
487031.6875,285439.40625
247752.796875,187377.09375
359700.8125,207765.203125
278781.40625,5255.7998046875
584583.625,12941.7998046875
249406.90625,15538.400390625
312410.59375,111843.0
370095.40625,240698.09375
492355.09375,14840.900390625
269093.59375,200454.09375
559832.3125,9105.900390625
551249.5,9389.2001953125
323262.0,12085.400390625
274521.1875,5998.10009765625
296018.59375,13711.2998046875
465368.0,321229.40625
293818.40625,31804.69921875
255629.703125,5223.0
572656.5,14276.5
594640.3125,13864.400390625
282518.40625,5431.7998046875
285409.1875,34281.5
306459.59375,7769.10009765625
510293.6875,302056.3125
429153.90625,270814.90625
330995.90625,11436.400390625
300077.40625,8801.400390625
548927.6875,12229.900390625
321474.90625,72773.796875
337107.3125,156813.703125
370119.59375,122064.5
503648.40625,328296.59375
326576.59375,147683.40625
414914.09375,8834.099609375
376826.40625,228069.5
274677.8125,5461.89990234375
442612.5,11386.2001953125
572511.5,11675.400390625
325294.09375,45367.80078125
406391.59375,230578.703125
516247.40625,119278.203125
397264.5,206037.0
344065.09375,244526.59375
274042.59375,6348.39990234375
504863.6875,260790.203125
307115.40625,8818.400390625
556628.3125,11221.2998046875
564788.3125,11418.7001953125
543231.375,11348.900390625
282334.3125,5098.7001953125
297122.90625,7200.89990234375
287929.09375,7607.0
574222.375,11857.099609375
536130.125,11217.400390625
577865.875,11945.5
393819.0,238821.90625
308747.6875,66850.1015625
518128.09375,192743.203125
257915.5,104317.8984375
336605.3125,128090.6015625
285643.3125,5143.2998046875
483822.40625,339752.40625
307902.8125,54782.69921875
300814.90625,31221.900390625
541077.6875,10459.900390625
475560.3125,6813.2001953125
292615.09375,5940.5
290355.09375,33201.8984375
339766.09375,156556.09375
293291.40625,46303.0
286261.8125,5428.39990234375
537095.125,11902.099609375
552558.1875,11136.7998046875
286091.1875,114039.8984375
303237.8125,47168.1015625
468836.90625,196015.40625
576166.3125,12857.7001953125
316903.1875,42353.8984375
540661.875,9723.7998046875
285757.09375,5923.7998046875
334867.8125,131992.203125
568508.875,12944.900390625
388431.59375,306304.5
261872.90625,5857.60009765625
436035.59375,266313.90625
356930.8125,202255.90625
308809.1875,205505.09375
552209.125,14588.7001953125
355370.5,8759.900390625
521473.6875,202338.0
542634.5,11444.5
447668.59375,209246.09375
491820.8125,7612.39990234375
370693.90625,109765.203125
271831.6875,6011.89990234375
273768.3125,8743.2998046875
539956.375,11158.7998046875
311593.40625,87115.8984375
294134.6875,6395.89990234375
429290.3125,243718.296875
551605.375,11955.400390625
337865.3125,74505.703125
305110.90625,19320.900390625
349485.1875,158135.40625
554338.875,11417.2998046875
548562.125,11053.7998046875
423533.3125,306791.6875
514966.09375,257868.09375
577902.375,13786.0
476817.5,259203.203125
296933.5,6423.39990234375
289430.1875,5635.60009765625
272127.59375,11202.7998046875
554687.125,10834.2001953125
490487.90625,10935.2001953125
385648.6875,9473.5
297553.5,5579.5
565118.125,11260.099609375
361409.3125,178707.90625
291350.09375,6315.10009765625
557807.1875,12792.2998046875
286612.40625,4678.39990234375
440802.3125,275675.3125
504637.8125,286211.1875
540392.875,9995.400390625
579968.375,13743.2998046875
540234.8125,9709.7001953125
316426.90625,61768.3984375
533235.875,164438.59375
408517.09375,248006.90625
490475.09375,234045.09375
312419.40625,7510.5
526398.3125,10358.400390625
309074.5,8650.400390625
266130.09375,6900.2998046875
533615.125,8862.2001953125
378791.1875,205837.796875
281422.8125,6941.60009765625
360102.8125,107407.296875
559235.875,11265.400390625
314891.90625,51139.8984375
494437.40625,165235.796875
290959.09375,10251.7998046875
310380.3125,7335.7001953125
506584.90625,396931.90625
273976.09375,5544.10009765625
285810.3125,5445.89990234375
291877.5,5627.7001953125
544448.5,10785.400390625
501811.1875,272492.59375
468218.09375,255168.796875
324516.59375,130233.1015625
433616.1875,133755.796875
280199.8125,4932.10009765625
293802.3125,4500.2998046875
252811.40625,8720.900390625
345531.40625,158493.40625
549490.875,11230.7998046875
575080.3125,12629.2001953125
505095.40625,329737.09375
313811.59375,104811.8984375
306103.40625,69004.5
541606.5,10597.900390625
556898.125,10249.2998046875
437204.5,231490.90625
297865.59375,7811.60009765625
563168.375,12860.400390625
292369.1875,26625.900390625
464725.90625,313282.90625
262622.3125,6148.2001953125
420229.40625,286859.90625
577990.1875,12388.400390625
313255.90625,10850.7998046875
368464.8125,231648.203125
297117.40625,8640.400390625
348290.09375,193861.0
572223.875,12098.099609375
286789.59375,4588.89990234375
298400.3125,5550.89990234375
305902.0,88611.203125
262534.5,4901.39990234375
567153.625,11235.7998046875
299300.09375,5675.7001953125
276073.6875,5301.5
571103.5,11493.5
303371.09375,187086.40625
457416.1875,11351.2001953125
290511.0,5720.7998046875
358278.09375,206400.0
339902.90625,145530.703125
426155.90625,230414.09375
274970.6875,5160.89990234375
565205.1875,8867.5
411826.09375,281125.09375
283513.90625,5554.39990234375
335270.1875,147073.90625
362333.8125,13458.599609375
380544.3125,209242.703125
256149.90625,4641.89990234375
291407.1875,19759.900390625
294563.90625,46510.80078125
262701.59375,6329.7998046875
532632.8125,200316.703125
421199.40625,9860.400390625
322598.40625,115750.1015625
311389.59375,42448.6015625
296892.6875,34371.30078125
385991.8125,190790.09375
307713.8125,7904.7998046875
575518.875,13204.400390625
407008.3125,12775.7001953125
406398.90625,187506.40625
379160.1875,200985.90625
277560.90625,4496.7998046875
289212.09375,6506.2998046875
248932.796875,68720.203125
409495.90625,213433.40625
397583.90625,16057.099609375
413783.59375,233776.40625
336880.59375,142085.59375
258448.0,78036.703125
272204.1875,6907.0
313911.09375,94255.6015625
293886.40625,17971.400390625
531083.6875,14408.900390625
342798.3125,142959.09375
557290.875,11464.900390625
564094.3125,12312.7001953125
268128.90625,8897.900390625
313541.40625,71613.796875
300384.8125,7504.2001953125
261288.40625,6121.10009765625
385253.09375,146258.90625
297566.5,6134.7001953125
274125.5,7648.89990234375
279620.1875,5650.60009765625
284154.40625,182012.203125
480799.6875,58838.8984375
560539.0,276360.1875
541915.5,11630.599609375
456170.40625,204695.40625
365184.6875,216398.09375
289353.1875,50166.0
493578.6875,353606.59375
269741.1875,125838.0
572141.125,12635.5
368736.59375,177910.796875
559981.1875,11105.099609375
460841.0,247453.296875
552585.375,10698.5
403279.09375,201866.796875
292853.0,7959.10009765625
311800.40625,10262.2001953125
315324.6875,112192.796875
296633.3125,42194.8984375
555168.5,145944.296875
540458.5,197415.59375
301715.40625,65801.796875
345355.0,6933.7001953125
580552.625,12903.7001953125
282227.6875,87998.6015625
322048.40625,77920.296875
506120.0,156767.09375
364886.5,198611.0
279399.6875,5580.60009765625
579621.0,13390.400390625
285697.90625,5970.2998046875
289977.3125,8552.5
466907.59375,245177.5
252991.203125,8320.2001953125
355504.40625,175479.90625
539631.875,184640.296875
481455.90625,251467.296875
390234.5,215104.59375
292321.59375,6530.89990234375
531431.6875,10477.7998046875
283505.1875,6937.10009765625
315381.8125,124684.3984375
546662.1875,10724.0
580481.5,11634.099609375
329321.6875,11586.900390625
497394.0,8677.2001953125
562394.875,183139.296875
257406.0,91346.6015625
559391.625,11114.900390625
308042.1875,88508.296875
278467.90625,108063.8984375
368686.3125,6331.39990234375
547065.5,12831.099609375
369700.1875,293367.0
304183.59375,9193.0
538012.0,174495.796875
372617.90625,191758.5
286037.1875,6275.7998046875
314137.8125,23158.900390625
281789.90625,6068.89990234375
542682.875,149381.296875
474574.0,304516.5
545775.0,150955.09375
316244.09375,129526.703125
419731.0,231307.5
365840.09375,169194.703125
348095.90625,8520.2998046875
559915.5,11756.900390625
285706.40625,5954.7998046875
508388.5,10992.599609375
500165.8125,225180.296875
364547.40625,192641.90625
368013.1875,185365.09375
534956.8125,192060.90625
529980.6875,222053.90625
542443.5,10958.2001953125
321448.3125,113168.796875
298344.90625,5933.89990234375
454251.1875,263126.09375
388446.3125,201771.90625
563715.1875,13477.599609375
537651.5,217830.59375
552598.6875,12142.5
309797.09375,18180.0
294982.09375,9971.7998046875
434780.0,253803.796875
265773.40625,4946.5
302959.09375,125502.296875
294421.90625,10753.900390625
542753.875,11942.2998046875
375025.90625,227801.796875
296417.59375,47777.19921875
538115.0,10050.0
569793.1875,11812.099609375
332133.59375,179035.703125
266194.5,5106.0
354104.3125,261999.59375
433277.6875,203276.59375
395188.0,221714.40625
406351.90625,271892.3125
338913.6875,120677.5
325802.09375,259743.203125
449769.1875,229155.90625
368030.5,12774.7001953125
275366.40625,5133.2998046875
282768.5,36745.6015625
294936.40625,6220.2998046875
365373.1875,213444.90625
269783.0,64802.69921875
534792.875,9511.7998046875
255668.0,33872.1015625
283859.1875,4618.2998046875
274718.8125,6427.7998046875
364214.90625,184238.40625
442172.1875,230980.5
562089.6875,11951.0
265796.59375,6029.7998046875
306728.0,107631.296875
291771.40625,6630.0
315134.09375,64663.80078125
489008.0,93872.1015625
296668.6875,6951.7998046875
316537.40625,166062.90625
444448.6875,289529.3125
311077.5,79272.6015625
589944.8125,13553.2998046875
296362.5,6004.7001953125
287572.5,27474.5
591170.6875,12138.599609375
240548.40625,4518.2998046875
324875.6875,81614.8984375
309202.5,65489.69921875
290343.09375,32783.8984375
326751.1875,139629.796875
545840.3125,11192.2998046875
411242.3125,282205.40625
290999.6875,5797.5
295051.1875,7722.10009765625
376437.5,230797.09375
575846.6875,12646.5
558136.625,143268.5
310408.1875,48541.8984375
544223.0,196491.703125
318804.40625,77892.296875
369544.5,232039.59375
269550.59375,4493.89990234375
380224.1875,165517.296875
569376.3125,11479.2998046875
586826.875,15355.400390625
559692.6875,8981.599609375
460407.5,324387.09375
281615.6875,4733.0
322674.59375,97015.5
577854.5,14433.2998046875
477345.40625,245789.5
300028.09375,47831.80078125
499931.40625,300100.1875
474136.6875,268704.3125
301793.3125,32246.400390625
283418.5,5175.2998046875
387810.40625,217600.90625
308811.40625,9823.2998046875
283324.90625,6549.2998046875
553451.6875,11009.900390625
336671.90625,156747.796875
465668.6875,384986.8125
512779.6875,302633.0
415094.6875,256268.09375
293034.59375,39976.30078125
450800.5,191955.796875
535164.125,11131.2998046875
314047.0,67511.1015625
389639.90625,149961.203125
550979.1875,10791.900390625
411919.90625,256729.796875
352937.0,171175.09375
284543.8125,11923.2998046875
282292.40625,5285.89990234375
388458.1875,263292.09375
398969.8125,243382.90625
384997.1875,325807.59375
509153.1875,231737.5
554186.125,11963.7998046875
530096.6875,90636.6015625
284832.5,16737.30078125
276552.90625,4502.2001953125
295674.8125,7101.39990234375
575214.0,11479.2998046875
360548.90625,206554.90625
402986.6875,235454.796875
360398.5,172045.0
545013.0,210627.09375
453736.3125,344445.3125
514875.0,239573.703125
423690.59375,181856.203125
301738.1875,19329.099609375
560097.875,111281.796875
560147.125,15100.5
310936.8125,85155.1015625
269892.1875,6340.10009765625
517963.5,279071.40625
335111.6875,129457.0
542539.875,193170.296875
289613.5,12871.7001953125
326651.90625,103389.296875
495457.5,255515.59375
284799.59375,10077.900390625
307672.40625,8781.900390625
298509.8125,8162.89990234375
309009.6875,198885.0
318720.6875,76333.1015625
550617.5,15949.599609375
555507.6875,323464.5
575313.375,204094.296875
377010.0,185603.703125
275821.90625,6128.7998046875
490301.5,187194.09375
582763.3125,13590.7998046875
406471.6875,166178.5
289977.6875,69512.6015625
527239.6875,13124.5
361404.09375,188150.0
433964.09375,218736.796875
588095.6875,13858.599609375
289159.59375,8875.2998046875
450013.0,224839.59375
553239.1875,11888.2998046875
287999.3125,6151.39990234375
289370.0,5374.2998046875
306423.1875,19858.30078125
561267.375,12517.7998046875
361010.0,193606.5
308054.0,104345.6015625
289115.90625,9417.7998046875
560475.5,10935.2001953125
288809.59375,5573.7001953125
293287.1875,47413.1015625
257828.09375,6240.7001953125
497649.40625,30322.80078125
279346.09375,6204.5
538449.875,233740.796875
269493.0,5902.7001953125
290950.90625,34237.80078125
588381.125,11837.900390625
312762.6875,212767.796875
295484.40625,6590.39990234375
288264.0,5331.10009765625
443669.1875,217948.90625
256518.40625,5157.2998046875
566883.0,12582.599609375
349464.09375,193969.90625
372928.3125,213704.796875
306815.90625,18114.400390625
552348.6875,9269.599609375
297486.5,8650.599609375
348117.6875,151882.5
294492.09375,36924.0
454237.09375,238441.296875
284869.09375,5237.7998046875
306327.5,7835.7998046875
306735.40625,112846.3984375
434897.0,288708.5
523252.0,282070.59375
306713.90625,7867.2998046875
289860.0,4969.0
346083.59375,135603.203125
558933.375,18646.80078125
353069.90625,190548.296875
321430.5,9446.599609375
562264.3125,11439.7998046875
275537.90625,5917.89990234375
307999.09375,14111.900390625
454656.59375,246898.5
597463.125,17897.5
344010.5,261696.796875
435204.09375,248285.296875
556034.625,11017.2998046875
335885.09375,192065.40625
552831.3125,11172.599609375
424756.40625,187673.296875
342544.5,19006.80078125
309837.90625,53900.0
279716.59375,5505.5
305890.0,7927.7998046875
381395.90625,174954.90625
374076.5,250344.59375
284935.6875,6631.10009765625
537440.8125,295236.09375
438882.09375,212587.0
322961.8125,118086.203125
557777.3125,11004.2998046875
547764.3125,225558.0
299591.40625,6399.10009765625
377305.40625,221210.5
356080.40625,243280.0
426644.09375,290815.6875
306364.5,8059.0
511303.5,8114.0
293950.59375,6828.2001953125
395924.09375,224891.0
254140.09375,6319.0
292077.0,7909.2998046875
294992.5,6657.2001953125
297549.3125,13947.2001953125
307247.09375,9327.7998046875
280174.6875,64007.30078125
553490.0,238146.0
518255.59375,265800.0
287104.59375,52323.0
294235.0,5729.7001953125
542701.875,11252.7998046875
449065.5,259164.796875
561187.1875,10766.0
294021.3125,9645.7001953125
510497.59375,295790.1875
244052.59375,9890.7998046875
288587.59375,49107.80078125
305186.59375,10069.900390625
390798.3125,11905.400390625
304258.8125,34571.6015625
429888.90625,81154.296875
375222.8125,185225.0
552570.125,10582.5
562536.0,10535.2998046875
545834.375,149137.0
360764.09375,199095.0
391288.09375,173836.0
563015.0,13083.2998046875
249580.40625,5507.39990234375
357543.0,178919.09375
272895.1875,4614.60009765625
443030.8125,204924.09375
293304.59375,8281.0
381314.8125,248297.203125
369906.8125,211997.5
287431.09375,5821.0
357653.90625,169135.0
564032.625,13314.2001953125
530447.5,10255.0
540885.5,11844.400390625
308372.6875,29553.400390625
512863.59375,9269.2001953125
477547.0,10572.5
293644.59375,7856.2001953125
549454.0,60156.19921875
466561.0,277266.8125
284922.6875,5678.5
434067.09375,218583.90625
543542.625,12797.7001953125
297620.09375,8338.0
436311.0,220574.703125
284099.90625,7144.7998046875
299666.1875,8475.5
371678.09375,231996.703125
311812.59375,50184.30078125
499282.1875,174827.796875
288091.09375,5849.7998046875
321526.3125,64143.3984375
296944.90625,5704.7998046875
315693.3125,12940.5
251462.09375,73683.5
560826.125,39347.5
543944.0,10238.7998046875
579133.5,12758.099609375
291520.6875,5947.10009765625
304817.59375,11480.5
341956.8125,156303.203125
316534.3125,82994.5
290551.40625,5470.10009765625
287539.90625,4974.5
255610.09375,14793.0
481274.90625,346281.90625
325018.0,116500.0
521779.59375,211534.0
356142.40625,13040.7998046875
294271.5,5273.2001953125
549598.6875,12782.0
492052.5,13328.0
279008.59375,7123.89990234375
529648.125,212649.703125
278792.09375,5915.0
352823.40625,155356.296875
313109.5,8210.2998046875
415576.5,254357.703125
294982.6875,5797.0
557891.8125,132975.203125
261291.09375,41050.19921875
349115.59375,212683.296875
381078.09375,266204.3125
404990.3125,232967.40625
565765.3125,294633.59375
551599.875,10854.7998046875
559944.8125,14153.0
288683.59375,7597.5
445942.90625,212210.0
501028.59375,11543.5
271714.90625,4326.89990234375
581832.8125,25966.599609375
520349.3125,11349.7001953125
346605.3125,124848.796875
550760.375,277161.09375
357788.40625,174524.0
309497.59375,7838.5
444463.59375,236317.09375
287315.59375,5371.7001953125
272845.0,4344.0
279001.0,5636.0
529268.125,11513.7001953125
293378.59375,6135.5
558405.0,10836.2001953125
297357.40625,7462.7998046875
400606.1875,226700.0
289104.09375,5603.7998046875
259688.0,33840.0
354688.59375,8887.900390625
575495.625,12065.7001953125
508925.09375,180446.0
554428.0,11898.7001953125
502581.90625,281134.3125
348948.5,9853.7998046875
565391.1875,32362.0
364192.8125,214471.703125
272095.09375,5501.7001953125
292766.59375,5943.2998046875
375600.09375,214494.796875
408231.59375,290620.40625
296944.8125,8374.099609375
314352.8125,150310.0
562527.375,15030.5
290321.09375,8443.0
455279.59375,248529.5
299673.5,11542.099609375
288588.3125,8156.60009765625
567348.625,11880.5
317410.8125,159972.203125
316087.3125,8428.5
304454.40625,42375.5
512318.09375,10260.5
300078.59375,5289.2001953125
354472.59375,183428.5
571332.0,155415.203125
571405.875,11882.2998046875
384789.5,228884.203125
320432.6875,124914.5
290363.1875,15449.7998046875
560157.0,9448.5
562900.125,43271.3984375
368717.59375,163796.703125
544439.125,10017.5
354016.59375,239756.5
288119.0,7035.7001953125
547503.875,10561.7998046875
547513.0,186859.796875
546494.5,11420.7001953125
505073.6875,207556.0
541934.8125,11397.7001953125
285821.59375,6156.7001953125
272504.59375,8042.7998046875
554917.1875,159407.296875
315795.09375,11257.400390625
477180.3125,254662.59375
295060.40625,9272.2998046875
292136.8125,5801.5
311321.09375,10615.5
469427.0,212486.296875
487730.90625,17313.0
556175.125,10825.0
557735.0,10195.7998046875
290308.90625,21544.400390625
318919.0,134555.59375
464340.59375,180460.0
564844.875,11856.099609375
289842.40625,5827.0
295898.59375,32940.6015625
376686.8125,203773.09375
306916.90625,9317.400390625
299528.09375,8279.7001953125
261558.0,4004.89990234375
529655.125,10891.599609375
315438.5,130480.1015625
251071.09375,9956.2001953125
289462.09375,49155.80078125
558309.0,11230.5
549379.125,10838.7001953125
360003.09375,195656.5
370856.09375,220535.5
332450.0,127254.703125
279768.09375,6283.89990234375
571685.625,12257.7001953125
295561.59375,47120.5
280347.90625,5599.7998046875
271384.0,5157.7001953125
443840.09375,216762.703125
568098.625,13660.7998046875
563388.6875,11644.2998046875
483868.09375,356451.3125
264563.09375,123774.8984375
324131.3125,140176.59375
501420.40625,194279.296875
281989.3125,7546.5
343390.59375,6946.5
276897.09375,4753.5
577364.625,123086.5
375229.0,13350.7998046875
384903.6875,23946.099609375
288673.3125,6000.10009765625
325648.59375,107803.0
269608.8125,4632.7001953125
251669.40625,7266.10009765625
276933.90625,5613.0
317456.40625,9952.5
275116.09375,4832.60009765625
315282.3125,11982.099609375
344875.90625,280940.40625
357970.0,158700.0
451382.1875,293618.40625
318429.09375,121638.203125
469658.09375,262170.40625
519897.5,249384.0
326006.09375,110788.3984375
295386.09375,26945.5
288089.09375,7349.5
287059.5,6293.7001953125
503980.90625,197977.296875
457417.5,10001.7998046875
547627.1875,13118.0
303164.09375,148825.40625
396028.09375,7804.0
452848.09375,272747.5
284042.5,5263.2001953125
305663.40625,7898.7998046875
331581.0,114396.296875
527888.0,10159.2001953125
568244.6875,10677.5
350369.3125,155887.203125
533634.625,11623.2001953125
298488.8125,31707.599609375
295599.90625,6837.2998046875
491999.8125,240853.5
528289.5,12415.2998046875
342927.90625,142984.5
349266.09375,232085.0
361117.59375,176687.5
297516.5,29715.80078125
285493.90625,6657.39990234375
297886.5,15863.599609375
465085.09375,326407.0
295467.8125,8612.7001953125
268992.8125,6024.2998046875
556321.3125,11805.0
495720.90625,290674.0
543791.125,10067.5
560271.625,168541.59375
574561.3125,12079.099609375
573718.875,14285.400390625
455975.09375,315717.6875
424464.0,255735.0
270374.6875,5502.2998046875
329081.90625,285905.8125
481411.3125,11184.2998046875
374136.1875,157680.796875
309609.59375,42774.3984375
562872.0,12707.400390625
337547.6875,124638.203125
279034.59375,5164.39990234375
401315.8125,219098.09375
488901.0,11301.099609375
245114.296875,29149.80078125
567380.375,12408.2001953125
362026.09375,225708.0
364168.8125,197362.59375
316551.90625,196145.796875
583812.8125,13882.2001953125
540033.3125,130910.1015625
423110.3125,281354.3125
546400.625,10604.7998046875
436482.6875,266614.3125
303125.0,8704.2001953125
383053.3125,192218.0
295730.40625,4751.7998046875
413366.09375,251309.90625
261221.09375,4168.39990234375
318363.3125,173762.09375
247172.796875,5746.60009765625
515269.3125,11487.7998046875
539814.5,9579.400390625
247573.59375,5730.0
298169.6875,118487.296875
299778.1875,6582.2001953125
561666.875,13081.2998046875
285930.8125,4714.7998046875
588163.375,13702.7998046875
457845.5,256623.90625
285893.1875,5200.0
271751.3125,4360.10009765625
469309.8125,348359.59375
298194.5,97408.6015625
459581.40625,242786.703125
314687.5,79738.8984375
289613.8125,32587.69921875
266156.40625,4525.10009765625
554269.875,10565.7998046875
273447.8125,4274.7001953125
553071.8125,12013.2998046875
332372.0,176726.296875
544264.0,12741.099609375
321474.09375,116824.703125
411992.59375,10776.400390625
559728.875,12661.5
343772.3125,233551.703125
311707.3125,143262.0
581403.625,16146.900390625
294538.59375,9437.2998046875
386742.09375,229329.90625
329834.1875,11897.7998046875
361350.40625,189176.0
556814.1875,13594.7998046875
316819.1875,145484.203125
316302.8125,65228.80078125
376055.3125,158680.0
321705.40625,80423.796875
300985.09375,23535.400390625
492796.8125,257642.203125
419788.6875,229407.203125
337580.1875,200045.5
515308.90625,176491.296875
487208.1875,244753.796875
285627.6875,17565.19921875
291860.1875,27257.80078125
279158.40625,7033.2998046875
296130.09375,36351.8984375
266418.8125,5369.7001953125
469262.6875,177543.203125
557832.0,11120.400390625
363671.40625,239382.796875
508329.3125,51917.1015625
312860.40625,12171.7998046875
403562.8125,19558.599609375
340897.0,11222.599609375
530169.375,287786.6875
288422.0,5873.39990234375
244985.59375,5906.5
279583.3125,5294.2001953125
506284.90625,10136.599609375
520921.3125,248315.09375
397673.90625,247962.296875
450310.8125,289002.1875
551366.8125,10504.2998046875
289597.09375,5450.7998046875
271160.1875,9529.2998046875
449231.0,218692.59375
284263.59375,5951.7001953125
536905.125,13772.2998046875
328118.6875,86756.796875
465087.90625,275387.8125
291084.8125,7107.7998046875
576713.5,37409.69921875
298645.3125,7807.5
304131.6875,39965.80078125
384418.90625,220293.796875
306651.59375,50735.3984375
393661.3125,10130.2001953125
509838.1875,282108.1875
292700.6875,6997.7998046875
275676.6875,6769.7001953125
277418.8125,38132.30078125
554548.3125,13040.0
370008.6875,192605.296875
561748.1875,10720.2001953125
415681.5,292745.40625
368686.1875,216632.5
557878.375,11055.2998046875
418963.6875,218268.703125
545042.125,10765.400390625
512114.0,324960.59375
289631.8125,6398.2998046875
295320.90625,9762.7001953125
557845.5,11667.400390625
321574.59375,126797.5
516764.3125,8593.2001953125
570328.1875,11437.2001953125
315470.90625,13666.7998046875
551059.8125,11210.5
548905.375,326609.3125
389882.3125,169032.203125
307373.6875,159338.703125
564765.6875,12797.5
328598.09375,173533.90625
289416.6875,24188.80078125
333525.1875,6264.7001953125
418749.8125,206524.796875
540606.6875,10430.7998046875
284809.09375,24010.400390625
451058.3125,238528.703125
357170.5,183428.90625
339888.1875,8692.2001953125
562141.625,11131.900390625
284165.90625,5537.2998046875
313829.0,58800.6015625
546232.3125,174915.796875
557209.375,10709.2001953125
467858.5,180596.40625
360243.3125,180589.703125
310998.40625,71006.6015625
545150.1875,258284.90625
248052.796875,5292.10009765625
563831.0,12947.2998046875
501451.1875,200047.796875
589290.0,13683.099609375
344256.59375,89187.796875
275729.09375,5177.39990234375
265985.3125,5377.7001953125
365817.3125,175797.0
272722.1875,15245.7998046875
335874.1875,130789.703125
359925.3125,227641.0
543435.6875,11502.2998046875
293804.90625,5785.7998046875
435362.09375,240016.40625
348807.8125,113448.203125
576810.6875,9984.2001953125
383456.0,196648.90625
556880.1875,12349.2998046875
312446.6875,10791.7001953125
347375.90625,223645.796875
456543.6875,34286.30078125
294422.8125,4472.7001953125
282423.6875,5372.7001953125
327449.1875,156510.5
410174.40625,228247.796875
293305.6875,6100.7001953125
362573.59375,175377.40625
424885.8125,227541.59375
314131.90625,10683.7998046875
513082.3125,11638.599609375
315241.3125,36259.30078125
317001.5,8769.900390625
398743.09375,8242.5
519796.8125,11813.7001953125
443754.6875,252512.40625
321604.8125,180554.59375
254249.203125,5528.7998046875
494993.3125,255119.09375
554721.125,12854.7998046875
296643.6875,7035.7998046875
571226.0,15623.099609375
502056.59375,266101.3125
475408.3125,260971.296875
546955.125,238173.40625
268136.90625,4730.0
309105.09375,79913.796875
288237.09375,6720.39990234375
261564.203125,24122.30078125
465853.40625,323542.8125
548611.8125,93172.5
342164.1875,249606.296875
381709.59375,144664.90625
301824.8125,8673.7001953125
298138.1875,5965.7001953125
253342.0,184395.40625
516248.1875,232131.5
291644.40625,5620.2998046875
563880.1875,11946.2001953125
276576.8125,4655.60009765625
502015.6875,10585.2001953125
542494.8125,11606.7998046875
250509.0,5276.7001953125
456938.40625,282975.3125
294368.3125,6168.2001953125
526001.6875,12090.7001953125
303239.0,69696.3984375
265157.1875,18317.0
590589.375,17084.30078125
405857.6875,201736.703125
291212.59375,7592.89990234375
552958.8125,11106.099609375
353604.40625,195383.296875
310009.3125,22799.099609375
285324.5,26854.900390625
594567.375,12972.599609375
291093.40625,102121.796875
312119.1875,67904.796875
432632.8125,249721.09375
301981.8125,86538.296875
318945.1875,122298.796875
271675.1875,9753.2001953125
497022.5,302948.6875
575376.3125,13576.0
468488.1875,172121.296875
339656.90625,159144.796875
305339.8125,28669.19921875
274842.90625,5721.2998046875
562573.6875,12125.7001953125
278644.90625,20223.80078125
464649.0,268058.09375
310853.3125,12202.7998046875
295337.90625,6329.2001953125
355238.0,181244.40625
390823.59375,162424.0
271706.8125,5660.2001953125
296822.90625,11138.599609375
354492.40625,162883.796875
550617.8125,12279.2001953125
408535.1875,275372.8125
581167.6875,125563.203125
305402.3125,7352.7998046875
286098.5,5267.2001953125
252462.90625,4325.2998046875
382493.09375,217856.90625
372106.0,274886.90625
288958.1875,71401.0
539185.625,12678.900390625
297071.90625,16884.80078125
340698.5,7995.10009765625
303440.3125,7653.7998046875
318110.90625,85020.703125
558551.8125,158653.203125
390829.6875,7038.7998046875
282662.8125,6000.7998046875
542834.625,10390.900390625
389261.3125,211256.203125
269029.6875,4325.7001953125
289625.90625,6515.7998046875
504571.1875,206781.703125
559830.3125,10410.099609375
380629.90625,200654.703125
420924.59375,201469.0
458499.1875,279245.90625
317863.90625,10321.7998046875
529403.8125,12204.2001953125
564553.3125,154369.796875
511108.09375,13166.7998046875
347852.5,207813.796875
592032.6875,13706.2998046875
613081.5,14074.599609375
462983.5,250985.703125
297672.0,7691.7998046875
574895.375,11021.5
255601.09375,158501.40625
511304.8125,11249.0
324695.1875,59094.30078125
257960.90625,5679.60009765625
566826.6875,12353.900390625
266772.8125,5033.2998046875
294365.09375,79001.0
272081.5,6454.5
285683.59375,6416.2998046875
538707.375,9407.7998046875
579265.0,12101.7001953125
285512.8125,6033.39990234375
292452.40625,5699.10009765625
305775.8125,78519.5
533189.0,14860.400390625
353588.40625,196295.59375
279919.0,7599.7001953125
353989.8125,163187.0
469235.40625,280567.09375
285722.0,7317.2001953125
544447.375,258032.5
338035.59375,175813.40625
397659.1875,268581.8125
509229.1875,225683.5
556638.375,12348.599609375
258613.703125,5677.89990234375
457785.3125,199781.796875
334540.09375,142607.0
475476.09375,11357.2998046875
552313.375,12484.7998046875
596296.5,13588.2001953125
552484.0,11704.2998046875
298687.8125,7234.89990234375
309615.40625,12205.599609375
306621.8125,52646.5
484345.5,225958.09375
415012.8125,241155.59375
559524.0,14066.7001953125
375233.90625,234644.09375
422617.5,253265.703125
398277.40625,249216.203125
262812.90625,7009.10009765625
442820.0,315390.6875
320051.90625,106499.0
513884.3125,11683.0
270998.6875,4912.2998046875
497600.40625,280138.09375
322989.3125,150890.296875
310586.5,6400.0
299112.59375,7113.7998046875
281932.90625,6275.7998046875
362228.5,234756.296875
262483.3125,6562.89990234375
309185.8125,67297.5
263015.40625,5271.60009765625
295704.3125,8168.0
541958.625,152721.703125
321720.0,148866.09375
405275.8125,166210.59375
340971.0,108929.3984375
533278.375,317349.09375
406099.40625,265647.59375
574891.5,56572.80078125
278808.09375,5903.89990234375
579151.375,12300.7998046875
300349.40625,6437.60009765625
550900.125,12567.5
307961.90625,67770.296875
394781.0,240510.796875
285948.8125,4583.39990234375
300583.40625,10241.099609375
279290.3125,6046.0
554753.8125,253517.59375
498670.90625,223923.59375
599650.0,13110.7001953125
273783.8125,29269.0
400013.1875,10462.7998046875
504238.90625,291237.59375
291370.59375,5673.0
547111.625,9589.2998046875
546612.0,223991.296875
551656.3125,11831.900390625
409195.90625,274203.09375
283452.3125,5551.5
483416.0,218615.703125
329262.40625,179596.5
300309.09375,44103.8984375
292496.8125,6491.0
307360.1875,19209.80078125
557540.6875,229038.40625
294398.8125,179377.296875
268040.59375,5316.5
390953.5,228699.5
528168.625,260333.796875
378854.90625,246323.796875
296784.5,47194.30078125
554007.875,11944.099609375
301935.09375,5443.2001953125
265590.5,7559.60009765625
512582.5,10981.400390625
292087.5,13403.2001953125
304436.40625,28383.19921875
291177.3125,8570.2998046875
487538.8125,275741.59375
488490.40625,206567.5
395342.09375,241947.40625
392294.90625,108848.296875
559398.6875,11235.0
538356.1875,72659.8984375
306067.8125,54075.80078125
339183.59375,189974.0
553760.625,10742.7998046875
517584.0,10132.2001953125
286702.90625,8807.599609375
564510.8125,17130.0
360664.0,234921.59375
308091.3125,60920.1015625
571964.5,12074.2998046875
274789.40625,7792.5
336690.09375,196189.40625
504014.8125,22362.0
402426.90625,12759.7998046875
353582.6875,195808.5
341857.90625,121909.6015625
371866.6875,208378.40625
313797.59375,10241.5
301656.0,7145.5
531476.5,10751.7001953125
536683.5,100294.796875
355407.8125,196808.40625
489044.3125,244223.0
368991.8125,221392.5
309315.09375,74690.703125
303298.5,8895.099609375
559128.8125,12342.099609375
384935.5,251877.703125
362606.8125,238625.296875
561402.3125,11480.599609375
590343.625,13557.0
530602.125,10561.0
318117.3125,91164.0
283676.09375,5548.39990234375
282854.40625,6052.2998046875
288050.6875,6279.5
534023.875,228033.09375
290303.8125,5488.2998046875
259117.09375,7282.2998046875
292212.5,7143.7001953125
290316.3125,29471.900390625
571881.875,10308.099609375
291653.40625,4962.10009765625
530803.375,260852.59375
325147.40625,84653.5
307911.59375,76747.3984375
287846.8125,11445.0
299554.90625,42273.30078125
286274.1875,6833.7998046875
442186.1875,246452.0
563347.875,11168.599609375
426522.3125,8189.7998046875
273815.09375,5719.2998046875
351146.5,159150.796875
320183.3125,107534.8984375
331912.90625,69457.6015625
342346.3125,158085.5
570581.5,13900.099609375
434396.5,237159.203125
486573.5,191088.203125
248141.796875,4525.5
581413.8125,10542.099609375
328941.40625,177785.203125
554985.375,94937.6015625
295600.5,7923.2001953125
303662.5,10975.7998046875
468585.8125,212153.5
407467.1875,283766.3125
344242.6875,151664.5
390073.1875,270182.40625
556177.8125,13162.7998046875
570210.125,14787.0
285777.5,6843.7001953125
356628.0,116492.796875
563822.3125,14769.400390625
575067.625,13163.900390625
356738.90625,215465.296875
323277.1875,145236.796875
296937.6875,6147.89990234375
550564.3125,12117.7998046875
283720.09375,7573.0
389465.09375,226445.796875
294044.90625,28141.80078125
306034.0,14711.2001953125
321987.5,120188.296875
447440.8125,252205.40625
537857.875,65312.6015625
327694.8125,11225.0
321094.90625,54498.1015625
513799.59375,332677.6875
592554.0,14717.599609375
289736.8125,5466.10009765625
540671.0,253371.90625
319276.90625,8053.10009765625
362338.90625,33784.6015625
450466.5,11021.7998046875
548771.375,41797.0
467156.59375,286435.40625
305426.8125,7084.0
496311.90625,221981.296875
460520.6875,375736.8125
326289.40625,127887.6015625
352526.5,175185.203125
308151.40625,89168.0
554605.625,10527.400390625
272363.1875,4691.5
407631.90625,197244.59375
538859.6875,13651.900390625
260000.796875,7692.7998046875
439590.09375,229509.0
242716.5,5625.0
494972.09375,12329.2998046875
537942.875,13633.7998046875
492417.0,175136.203125
561289.5,25526.30078125
299196.3125,55277.3984375
582224.875,12811.599609375
281643.90625,5905.60009765625
526182.8125,214416.5
349414.09375,189976.203125
286169.0,44368.69921875
355101.0,176817.296875
430645.8125,272818.0
344270.90625,13040.7998046875
345013.6875,145044.5
353401.90625,148083.09375
498418.5,264017.0
496353.09375,197896.796875
315796.90625,77163.296875
354547.09375,176645.40625
431599.3125,14314.2998046875
281058.09375,5047.89990234375
303452.1875,112196.6015625
631896.3125,14859.2998046875
301699.6875,7693.7998046875
277154.3125,11413.900390625
565080.8125,10638.7001953125
332116.1875,152184.0
329011.6875,192610.703125
288886.6875,6365.0
274461.40625,73902.6015625
582721.8125,13095.7998046875
509895.09375,186549.0
436761.1875,226225.203125
582457.3125,11147.599609375
572361.125,140046.40625
437308.8125,269543.8125
535424.375,200971.796875
547715.3125,13957.2001953125
329889.8125,135431.09375
320915.09375,90671.1015625
300527.8125,17210.19921875
289299.0,6390.2001953125
530414.3125,12409.2998046875
393662.09375,225841.90625
567170.6875,12313.099609375
413011.8125,236618.296875
296333.90625,140162.203125
539214.875,12300.7998046875
300725.6875,8102.0
491030.6875,260580.203125
269665.3125,4948.2998046875
315332.90625,23049.30078125
278675.3125,13276.099609375
464652.40625,223556.796875
488158.3125,217846.59375
558736.625,11058.900390625
564175.3125,10373.2998046875
298460.59375,9971.400390625
559654.1875,161529.59375
286612.3125,6084.7998046875
536888.1875,27131.30078125
507389.90625,194521.203125
292859.8125,57559.8984375
473289.1875,240694.0
380562.6875,11233.0
372207.40625,216741.09375
273881.8125,5158.2998046875
455401.6875,268913.59375
326621.3125,78680.796875
566757.875,11595.7998046875
528954.8125,189565.203125
317089.6875,99900.0
280847.59375,5637.0
533492.6875,10664.2001953125
321911.8125,50399.1015625
295387.09375,5401.89990234375
420339.8125,242184.296875
565830.875,12778.2998046875
312564.09375,10755.5
295937.59375,9308.900390625
502599.59375,302528.0
303525.59375,146494.90625
288675.1875,6492.60009765625
303046.6875,66248.796875
342576.90625,8740.7001953125
530990.875,10144.2998046875
471689.1875,60898.5
557011.1875,9869.7001953125
335323.1875,136569.0
368900.90625,170947.09375
558475.8125,202096.296875
301759.40625,36556.80078125
316398.09375,11795.400390625
263357.59375,10775.5
521786.3125,184762.796875
274967.8125,5138.39990234375
283361.90625,6180.2998046875
337505.1875,134439.5
465338.6875,239621.203125
268654.1875,101458.0
292431.40625,7613.60009765625
297539.8125,33359.30078125
290134.40625,5275.7998046875
310761.90625,19664.80078125
278663.59375,4705.0
266470.59375,6249.0
551857.3125,11211.2998046875
446748.59375,293102.90625
297089.3125,9923.2998046875
482182.1875,12794.2998046875
303413.90625,7649.7001953125
294166.8125,8934.400390625
432387.3125,248577.203125
563893.1875,12857.0
290161.3125,12758.7998046875
344056.59375,170913.40625
351535.59375,166977.90625
289352.6875,7736.10009765625
410203.3125,219852.296875
363943.6875,171516.296875
542079.3125,352669.90625
325112.40625,92797.296875
371869.6875,225612.203125
331181.6875,114634.0
306769.40625,75635.1015625
261423.203125,4921.2001953125
392576.3125,199555.09375
285303.59375,38193.8984375
554187.375,10071.7998046875
557301.625,9735.0
307616.59375,107932.8984375
309257.3125,12607.7998046875
366947.09375,212545.40625
320905.6875,90686.1015625
567621.1875,12047.7998046875
327309.40625,77504.203125
555838.8125,11188.2001953125
501657.6875,340301.5
287675.6875,6613.0
275904.90625,7488.10009765625
261672.296875,151409.296875
546426.875,10388.2998046875
566190.1875,12746.2001953125
303975.3125,9538.599609375
375892.59375,240815.90625
427097.3125,232203.203125
318628.8125,115726.1015625
278975.09375,5814.60009765625
546140.625,11855.400390625
291939.09375,8760.5
552716.3125,11402.7998046875
263945.3125,14552.7998046875
313839.40625,122497.203125
333834.8125,123812.8984375
377660.40625,219259.296875
438215.6875,215917.0
297330.40625,7792.60009765625
315019.3125,29076.30078125
602961.375,14076.7998046875
293906.09375,13959.900390625
367023.09375,253084.5
319916.3125,60814.80078125
263568.6875,6298.10009765625
315616.3125,8469.7998046875
503532.1875,326602.3125
282452.3125,7144.39990234375
279547.40625,4706.7998046875
299919.8125,17414.69921875
537147.6875,17266.0
305485.90625,21739.099609375
277813.09375,5162.5
342608.8125,177987.296875
286576.40625,129881.296875
291887.59375,5746.39990234375
283762.09375,17222.0
560795.625,190946.90625
442984.6875,218005.59375
262854.3125,5312.2998046875
243349.90625,5120.7998046875
273702.3125,9050.2001953125
390216.1875,179204.0
500072.6875,10638.2001953125
363653.6875,180326.5
299825.90625,15439.599609375
561461.875,13111.7998046875
280990.59375,8309.5
267213.8125,135934.59375
371211.59375,119426.3984375
477278.59375,308741.40625
572859.625,10764.5
320759.3125,163815.296875
539784.6875,9885.099609375
540136.875,10168.2001953125
535570.375,11220.2998046875
290002.6875,4577.0
281071.6875,4770.2001953125
257178.203125,4895.5
546634.375,54347.6015625
584510.875,10431.7998046875
538211.125,234526.5
469295.09375,272157.40625
378571.09375,227361.0
279465.8125,6035.7998046875
484556.59375,180009.90625
308533.1875,6493.10009765625
538214.8125,175341.796875
554625.1875,45303.80078125
438477.3125,331594.90625
295627.90625,25894.30078125
317661.3125,96768.703125
611178.1875,15607.5
583956.1875,16231.2001953125
313260.1875,27090.0
577199.3125,16454.80078125
268878.59375,4254.39990234375
289653.3125,5314.2998046875
304556.6875,70322.796875
559945.875,13439.2998046875
480384.1875,8286.5
584512.6875,62826.5
317919.8125,158687.796875
301072.6875,51525.19921875
286153.8125,5062.10009765625
475739.59375,285908.90625
377686.8125,183353.296875
557539.375,11672.7998046875
298464.59375,6564.0
266142.3125,6868.2001953125
561245.8125,14557.7998046875
307994.59375,9909.900390625
450900.90625,225124.703125
443102.3125,9615.7001953125
542412.6875,135434.0
592800.6875,14140.0
508242.90625,370350.59375
294411.90625,115907.796875
530765.6875,275938.1875
565369.625,11285.400390625
583541.3125,24470.30078125
258638.90625,6758.7998046875
339219.59375,64919.5
270982.8125,95416.703125
549437.8125,11269.599609375
378016.1875,231624.09375
325001.0,63558.5
293787.90625,10783.2001953125
302994.8125,6427.7998046875
507719.3125,9740.2001953125
521677.5,229909.203125
503008.1875,300163.1875
547116.625,11420.2001953125
280945.3125,7726.5
298366.8125,124876.703125
570450.625,11137.2001953125
371228.09375,215926.796875
332379.5,112771.6015625
526868.3125,8378.7001953125
494482.90625,267543.09375
488803.6875,220073.90625
426210.1875,179036.59375
508638.40625,291210.0
458003.09375,229305.59375
565870.375,11576.0
282807.5,6452.0
557242.375,13410.7001953125
294197.8125,8402.7998046875
549561.5,13526.0
557936.625,11474.599609375
359282.09375,198129.796875
577049.3125,14412.2001953125
434336.40625,21123.5
310394.5,9024.2001953125
292054.59375,7052.7001953125
297603.3125,23346.5
289310.3125,5624.7001953125
552249.625,10040.7001953125
449809.1875,16244.5
357514.09375,194345.09375
272183.1875,4574.60009765625
385559.0,257978.5
285693.90625,5025.7001953125
371554.8125,132791.296875
563865.0,13202.0
385911.59375,184099.09375
296413.3125,15554.2001953125
282070.90625,134782.0
348790.1875,124681.703125
521571.59375,279019.0
560799.375,10928.7001953125
322088.3125,47568.69921875
550034.6875,10137.5
266652.59375,8592.599609375
559313.8125,8181.7001953125
546945.875,10406.0
526798.6875,268777.40625
589161.1875,221291.09375
286062.90625,5663.0
292994.59375,5029.60009765625
446025.90625,247362.5
419653.0,13176.5
506082.40625,211931.703125
257049.296875,163648.796875
562730.0,11302.0
321859.09375,102006.6015625
286687.3125,6172.2001953125
461033.5,9044.7001953125
524259.1875,11329.7001953125
266004.3125,5431.0
296258.6875,6618.60009765625
365985.5,188882.5
561199.875,12875.2001953125
542123.0,11640.5
424322.59375,251745.59375
452606.59375,290785.8125
473726.8125,232403.703125
565710.875,12834.0
423402.40625,231442.203125
385969.3125,242015.0
263963.09375,6027.2001953125
313345.09375,90981.796875
406402.90625,233664.5
258178.203125,6672.89990234375
434666.1875,181213.703125
339225.59375,129418.5
570595.125,12181.0
566343.3125,11314.2998046875
308646.59375,54250.80078125
406960.6875,214860.796875
402453.0,7356.10009765625
554360.1875,11561.599609375
257879.5,3562.5
472562.40625,9964.2001953125
309812.5,187972.0
300283.09375,7200.10009765625
285111.59375,6471.7998046875
289392.5,17662.19921875
571611.1875,11888.7001953125
443840.09375,276774.5
382401.3125,222225.5
286292.59375,5991.2001953125
388512.09375,144918.296875
488104.5,339185.59375
375695.1875,220550.59375
561908.3125,10772.2998046875
370941.5,185632.0
267584.09375,5202.10009765625
260724.796875,4648.7001953125
283040.40625,5453.5
296498.0,7024.2001953125
571055.625,12022.7001953125
497408.59375,241767.5
556604.875,10492.2001953125
574999.3125,12059.7001953125
576966.125,13519.599609375
294851.3125,5717.7001953125
277296.40625,6622.60009765625
404007.40625,245142.5
284865.1875,8861.599609375
315607.5,56418.0
290076.3125,5536.2998046875
407386.5,288028.5
279157.3125,5304.2001953125
553229.875,10693.5
393700.0,256917.703125
454121.09375,263964.1875
313995.8125,98491.0
302180.8125,122610.203125
406332.09375,261251.703125
311303.09375,9878.099609375
422245.6875,235400.59375
290057.5,6929.5
322281.0,120446.5
297728.59375,8937.599609375
492503.09375,262859.3125
282754.8125,8141.2001953125
350761.90625,183587.5
336401.5,7220.2001953125
498804.6875,214026.203125
557493.125,127834.203125
323523.40625,91985.203125
553895.8125,12403.5
574716.8125,10788.2001953125
297726.1875,59933.5
326714.09375,184810.09375
501279.59375,233610.796875
395078.5,151718.59375
349868.90625,213958.09375
427351.90625,12244.5
257167.703125,47730.8984375
566913.6875,10486.599609375
341328.40625,138135.5
403315.90625,306584.1875
479246.6875,234132.59375
543013.5,10160.5
286078.40625,8674.7001953125
571516.8125,11655.2998046875
291700.5,5689.0
555911.875,35038.5
302188.5,7140.2001953125
300056.6875,22303.19921875
327676.0,15092.5
304317.3125,150508.796875
250954.5,131974.5
284373.09375,5255.60009765625
556742.125,12281.2998046875
413024.6875,21226.19921875
548989.125,11916.5
299655.3125,17607.5
299038.3125,48593.19921875
336905.59375,63057.19921875
521963.1875,8753.400390625
281965.59375,162709.09375
302751.40625,99409.5
279374.1875,4702.7001953125
300167.3125,10564.2998046875
563762.125,12437.5
546180.5,14022.5
379818.8125,155088.796875
294797.3125,6152.7001953125
529405.375,241264.0
538996.125,342262.6875
496208.90625,247346.203125
408490.8125,307590.1875
384858.6875,273304.59375
427323.5,244262.5
300174.90625,37547.69921875
294357.5,94221.0
299154.8125,38568.69921875
349314.0,244905.703125
436156.6875,287673.6875
518584.09375,18216.5
392182.40625,187888.203125
279393.8125,6417.7001953125
515697.59375,99769.703125
276719.6875,5059.5
410435.09375,247152.796875
333206.40625,16768.0
562870.1875,10703.099609375
373027.40625,158914.5
554658.625,11563.599609375
448062.1875,227596.09375
309678.40625,12043.2001953125
348723.3125,137837.796875
379028.09375,276501.09375
340948.09375,153923.796875
284291.90625,5162.7001953125
552885.5,10151.0
521625.59375,11785.599609375
578213.125,15103.2998046875
396453.8125,194092.703125
507942.90625,217901.0
318090.5,58957.69921875
326083.1875,120035.203125
274214.59375,5512.7001953125
321018.09375,12381.0
290284.8125,18151.5
277011.3125,3997.199951171875
292978.6875,5751.0
400095.09375,234991.09375
558789.375,9924.900390625
521846.1875,236143.40625
277593.90625,3450.89990234375
333224.09375,150655.90625
536160.1875,199072.40625
283512.8125,7961.89990234375
446564.1875,324933.1875
293573.59375,26375.099609375
254602.40625,85116.8984375
565519.125,10839.400390625
283422.6875,5239.89990234375
308129.6875,9644.7001953125
271143.09375,5762.60009765625
305582.3125,8887.900390625
381073.6875,245557.703125
548688.6875,9937.7998046875
309591.59375,7846.2001953125
380288.59375,213630.90625
301487.1875,174945.90625
560721.375,12740.400390625
365247.59375,214855.40625
316779.3125,8337.599609375
563141.5,10823.7998046875
289030.8125,6800.39990234375
367062.3125,216735.796875
310472.40625,170508.203125
510069.59375,322788.59375
557788.6875,9724.0
297086.40625,6387.60009765625
269616.09375,4886.7998046875
542714.6875,11644.400390625
507540.8125,204470.203125
314879.59375,12145.900390625
281291.3125,6232.7998046875
457730.5,260163.90625
536319.6875,275615.0
304007.1875,138534.09375
479305.90625,307125.8125
502083.59375,266873.90625
380613.8125,11486.900390625
560065.6875,64821.19921875
292585.59375,8543.599609375
437755.6875,259643.796875
531122.875,13858.400390625
408336.09375,19836.400390625
456426.6875,331010.90625
547118.3125,10180.900390625
392936.09375,237637.09375
363453.1875,234291.296875
367296.09375,222147.90625
281221.6875,6672.39990234375
278649.40625,5739.89990234375
347685.09375,142762.40625
567827.3125,12143.7001953125
477793.3125,232271.296875
290988.3125,5642.10009765625
551336.8125,10316.400390625
381440.1875,199016.59375
337429.3125,7209.7998046875
289807.40625,29282.19921875
291926.5,5548.0
500364.09375,210876.09375
314270.1875,11289.5
555447.375,166517.09375
412145.59375,237526.796875
428860.6875,8336.900390625
538500.8125,162556.203125
569159.125,11586.900390625
463183.3125,318613.3125
546685.5,11775.900390625
477510.5,262085.09375
571550.6875,11640.099609375
377467.90625,214265.09375
284065.1875,6385.2001953125
464774.40625,13539.900390625
294993.09375,5700.89990234375
291191.1875,6203.89990234375
482455.8125,11085.400390625
341255.09375,155760.09375
554279.6875,11653.7998046875
391017.09375,228384.203125
375676.0,96283.703125
298057.6875,6346.39990234375
279477.90625,5049.39990234375
569039.0,10607.2001953125
311294.59375,7045.39990234375
346876.8125,188703.203125
399563.8125,182410.796875
571052.5,11174.400390625
275015.3125,4970.39990234375
511662.59375,229933.59375
486758.6875,315616.0
489055.90625,336236.09375
288213.59375,6210.2998046875
297525.6875,47635.8984375
572857.8125,13112.2001953125
293549.8125,5385.2001953125
274798.5,7295.39990234375
404973.1875,229611.0
540074.375,12230.2998046875
347633.8125,250648.296875
262501.40625,8653.099609375
478398.6875,250496.703125
280974.90625,6382.89990234375
397699.59375,197765.90625
455123.1875,317398.90625
293857.90625,35188.3984375
335858.09375,140981.90625
517622.1875,268575.90625
267140.8125,7931.39990234375
555905.6875,12629.2001953125
562605.625,162247.09375
265607.59375,4921.7001953125
266228.5,9618.7001953125
301235.59375,6642.89990234375
277423.90625,5487.89990234375
291513.1875,6108.7001953125
553577.5,17568.900390625
461862.0,253975.796875
357496.59375,10425.599609375
311190.09375,9428.7998046875
310688.8125,9773.2001953125
375798.8125,224733.703125
564250.5,10539.400390625
322494.6875,150111.5
285056.0,4991.60009765625
463418.40625,10656.7998046875
291122.8125,48943.30078125
328894.40625,138446.59375
558794.6875,12028.7001953125
284023.40625,6029.60009765625
344214.8125,124686.203125
563272.875,11468.400390625
334265.09375,83387.3984375
290312.6875,5230.89990234375
567773.8125,11271.400390625
545703.6875,10397.2001953125
428367.1875,217668.296875
518689.09375,260049.703125
273090.59375,4706.89990234375
288191.40625,5855.39990234375
379060.0,13417.2001953125
363655.59375,208246.90625
461368.8125,350633.6875
251207.40625,6284.89990234375
394320.3125,239896.296875
568598.0,10929.7998046875
249387.90625,5918.89990234375
300399.09375,33373.30078125
553777.3125,12281.599609375
293229.59375,14328.099609375
394685.1875,261402.90625
311389.3125,99153.1015625
272601.90625,14846.2998046875
326652.40625,104774.3984375
308745.6875,66685.6015625
275746.6875,4323.0
284946.90625,5555.39990234375
510575.1875,16111.099609375
297852.6875,52412.19921875
476637.90625,316744.09375
292699.5,6400.39990234375
291344.8125,5995.10009765625
279987.59375,7519.89990234375
278412.3125,99354.0
556750.875,12203.900390625
442933.8125,274712.3125
388952.5,196304.296875
562799.5,10446.900390625
321364.8125,66994.1015625
394409.59375,147126.90625
272760.90625,4089.89990234375
543218.3125,209693.296875
370976.5,175389.40625
566991.375,12030.400390625
554735.3125,11923.099609375
573777.125,12330.599609375
309887.59375,132862.203125
411176.3125,273948.09375
545457.6875,181832.90625
440487.5,308093.90625
342284.3125,166967.09375
334119.6875,131332.5
313122.40625,184532.296875
560147.375,10934.2001953125
441058.6875,176863.09375
548273.1875,12340.5
446037.3125,309577.09375
339523.6875,8425.099609375
456819.0,294613.59375
311750.40625,95422.1015625
491398.3125,330383.09375
568615.5,136846.40625
398761.3125,268966.09375
286511.40625,6187.7998046875
292121.90625,19345.69921875
557822.8125,12622.5
532995.8125,13057.7998046875
299212.5,7973.2998046875
366208.5,160169.90625
299332.90625,37734.3984375
345198.59375,141728.296875
310160.09375,38259.6015625
296610.59375,4765.89990234375
271031.09375,7896.7001953125
334873.90625,121697.8984375
540727.0,11612.900390625
284435.90625,6155.39990234375
401157.09375,257094.796875
254429.796875,4427.60009765625
447154.09375,237375.09375
309650.59375,64325.3984375
509301.09375,224976.703125
460050.5,225203.90625
253072.796875,7525.60009765625
466904.1875,256937.0
377374.40625,199663.296875
298760.90625,61394.8984375
547000.6875,11552.099609375
264673.1875,22165.0
443430.40625,285988.40625
523858.1875,13926.599609375
293891.5,5607.10009765625
314486.6875,126227.203125
275038.40625,8743.099609375
377966.8125,241658.59375
549262.3125,9566.099609375
295068.59375,6500.10009765625
292289.1875,5476.7998046875
490507.09375,300968.3125
379551.90625,226554.40625
302178.8125,7153.7998046875
439710.0,215492.90625
325253.59375,63319.3984375
561331.125,10756.2001953125
332972.1875,126790.3984375
491169.5,264164.40625
423010.1875,296156.5
375227.3125,81185.796875
369058.5,9563.900390625
308427.90625,165790.90625
437716.8125,275912.59375
286263.09375,5456.10009765625
380967.1875,224157.90625
514798.1875,9709.400390625
397154.0,198107.90625
522885.3125,167142.59375
372762.40625,195986.796875
359280.90625,160736.203125
394657.90625,10128.400390625
593016.1875,20376.099609375
267606.1875,133187.5
500168.3125,11546.099609375
287432.40625,40064.1015625
345293.8125,202505.09375
553095.0,11122.400390625
390814.59375,230915.90625
432840.90625,250056.296875
285764.1875,6055.2998046875
400436.90625,197546.203125
314043.90625,93627.3984375
444221.09375,245455.09375
380263.8125,8576.5
454298.59375,331684.0
351043.8125,184268.0
434895.0,283740.40625
628007.375,14003.400390625
293390.09375,6737.39990234375
309078.59375,23488.69921875
437420.8125,284532.59375
433737.6875,275322.40625
559966.0,13050.400390625
296743.40625,9879.2998046875
267337.90625,5983.2001953125
273506.90625,5427.89990234375
336730.6875,93903.6015625
572037.6875,14566.0
394510.8125,183586.0
311853.40625,20490.900390625
344233.3125,118137.796875
404220.5,193020.796875
565726.5,11240.900390625
413419.40625,250772.40625
550115.3125,10768.099609375
328539.59375,76986.1015625
253487.59375,5864.2001953125
590983.1875,16667.900390625
581406.6875,12281.900390625
250159.796875,3433.10009765625
282567.1875,5121.5
375341.40625,193382.796875
544002.3125,11927.599609375
294003.6875,67616.6015625
574182.8125,10299.0
565044.1875,13135.7001953125
433869.90625,296989.40625
292268.5,52434.80078125
507494.0,11185.900390625
558441.875,69682.3984375
374510.59375,168734.796875
295345.09375,5565.60009765625
515058.09375,226391.40625
290273.3125,5913.60009765625
293412.0,89443.8984375
291323.8125,32217.0
451027.0,306265.8125
304926.90625,6359.39990234375
281850.09375,5789.2998046875
560610.8125,10449.599609375
315688.59375,45570.1015625
600329.125,15312.7001953125
265428.3125,5483.60009765625
548678.6875,10347.400390625
482365.6875,233770.90625
295255.0,59194.3984375
626553.3125,16188.099609375
561623.375,11590.2001953125
552181.375,11853.900390625
277395.1875,7395.0
302067.8125,60361.1015625
298828.90625,32000.400390625
310410.6875,38888.6015625
290530.5,6041.60009765625
549153.8125,11948.5
411614.6875,240052.703125
286135.90625,5526.60009765625
352055.5,122866.8984375
561939.125,217176.40625
282830.59375,5036.10009765625
563390.875,11842.2998046875
573126.375,13483.2001953125
274024.09375,6601.60009765625
297235.3125,5719.5
547315.375,11596.900390625
417542.5,271618.8125
349039.5,117837.3984375
304917.90625,6151.89990234375
326476.59375,116634.296875
323176.8125,114284.6015625
316328.3125,117466.1015625
336111.6875,141824.40625
266403.5,96539.8984375
265897.3125,4181.60009765625
532298.1875,210611.5
269370.90625,4521.89990234375
285376.5,49685.3984375
464462.40625,216226.90625
304454.09375,8843.2998046875
478231.8125,12142.599609375
337204.59375,173034.59375
499743.59375,223041.90625
294768.59375,5152.2001953125
579775.1875,11242.900390625
309514.5,67507.296875
330052.40625,8913.900390625
415982.59375,217278.296875
290423.8125,26694.599609375
335681.59375,176773.59375
283821.09375,6721.2001953125
289136.8125,5931.10009765625
506202.6875,310468.90625
256053.0,6148.39990234375
316083.8125,10808.599609375
474274.40625,10024.7998046875
325512.90625,127255.3984375
569430.6875,11056.5
563469.875,11189.900390625
324551.6875,15187.599609375
541543.0,62654.1015625
328731.40625,60971.3984375
545972.8125,141026.796875
323173.5,92146.296875
570990.0,11430.900390625
541497.375,37587.8984375
281683.09375,14430.2998046875
296743.59375,5456.89990234375
558938.625,11476.2001953125
324964.3125,156143.09375
316968.1875,10759.400390625
307127.6875,7011.39990234375
383572.8125,217643.59375
563688.6875,10991.5
421681.90625,284190.6875
562215.6875,10918.099609375
299608.6875,7883.0
520094.3125,324501.59375
439288.0,212196.59375
400405.0,177551.203125
467099.09375,180188.296875
576872.625,11915.2998046875
567286.375,10852.7001953125
279886.1875,21529.80078125
351265.1875,6601.10009765625
279353.09375,29908.19921875
455032.59375,12356.900390625
554102.8125,12345.2998046875
524313.375,36065.1015625
242234.09375,4285.89990234375
311320.5,10376.5
545586.1875,10358.900390625
279785.40625,4861.10009765625
494470.59375,10727.5
325434.5,93666.203125
293355.09375,4577.39990234375
334587.59375,95102.203125
286558.59375,6761.39990234375
292080.3125,33969.5
503482.0,329527.40625
281127.90625,204852.0
344477.3125,182281.0
562302.375,177623.09375
395368.59375,253222.203125
430816.5,199009.703125
304330.59375,14705.2001953125
248532.09375,4467.7998046875
469172.40625,236485.203125
323776.6875,132801.09375
273337.1875,6043.2001953125
327130.09375,132163.703125
608896.8125,13876.7998046875
297314.0,6596.2998046875
297853.3125,26202.69921875
292611.59375,5728.89990234375
301656.09375,37073.69921875
517362.6875,11162.900390625
293753.5,74891.703125
287845.59375,6892.2001953125
397554.59375,9998.2998046875
502087.90625,263646.1875
564653.6875,14118.7998046875
288918.1875,6100.7998046875
290150.59375,7087.7001953125
368121.09375,177305.5
549949.125,11464.900390625
272844.40625,5818.89990234375
277289.3125,6064.2998046875
258871.796875,3965.10009765625
289912.40625,5781.60009765625
551108.5,11483.7998046875
293985.8125,6097.7001953125
312847.09375,31912.400390625
401750.0,267023.0
545871.125,12018.7001953125
581001.875,10955.400390625
536443.5,234289.59375
272462.09375,96469.0
299233.0,47206.19921875
576463.625,11832.2001953125
339397.0,98245.203125
255251.09375,47106.19921875
377597.09375,196288.296875
309061.5,85236.703125
261111.09375,10257.7998046875
562904.375,13314.2001953125
534016.1875,9940.7998046875
563975.1875,11918.099609375
566780.1875,194117.203125
423898.6875,234300.296875
483301.59375,10686.7001953125
315678.59375,9689.5
272528.90625,7108.60009765625
570961.125,11902.900390625
326539.0,152253.0
563979.125,11767.7001953125
357858.40625,126674.6015625
308230.5,170619.09375
390899.09375,222247.5
262176.5,5956.7001953125
500300.09375,266152.90625
321300.09375,121231.203125
558967.625,133284.40625
272815.3125,4919.5
564682.125,123158.703125
273421.0,145798.203125
259613.59375,5949.7998046875
558127.875,12350.7001953125
289398.6875,6287.7998046875
301753.1875,8404.2001953125
264412.1875,9730.7998046875
279711.09375,123569.703125
296200.59375,7549.5
255752.09375,21275.900390625
246994.90625,3989.89990234375
283035.8125,38767.80078125
499400.5,250906.796875
463181.5,275091.0
553565.625,12693.7001953125
320598.90625,143508.90625
481392.40625,270096.09375
337400.5,164859.09375
251198.5,6898.7001953125
549735.625,9811.2001953125
346547.0,183027.703125
544161.375,14137.7001953125
553258.6875,13003.7998046875
268285.6875,24438.099609375
282299.1875,5600.2001953125
520616.09375,191720.703125
266015.09375,4886.0
276239.8125,7108.2998046875
556037.8125,11831.7001953125
302652.09375,32798.3984375
453159.0,227673.5
514427.6875,237670.40625
296511.90625,40587.6015625
568610.0,12553.7001953125
520771.59375,10831.400390625
566323.5,94488.703125
368364.09375,158088.296875
275794.1875,4410.60009765625
276952.6875,4537.7001953125
272541.1875,12824.2998046875
298686.09375,21798.5
303209.59375,186000.40625
379725.90625,202452.90625
318954.3125,61152.80078125
423347.40625,142953.09375
343191.0,116474.5
277635.09375,4899.7001953125
267017.1875,4752.89990234375
418952.40625,11298.900390625
276387.90625,5822.10009765625
436321.0,269687.59375
317424.09375,12237.5
530472.0,256907.203125
554929.625,11315.7001953125
565800.0,11629.7001953125
559334.625,10113.2001953125
253442.703125,5221.7998046875
527028.6875,245994.09375
511909.1875,11243.2001953125
280528.6875,4482.2998046875
278071.09375,13642.2001953125
568679.625,12017.5
286580.09375,5136.39990234375
564298.875,217035.90625
572452.8125,26290.80078125
403050.8125,284320.09375
391812.90625,225178.59375
568114.125,11978.900390625
301018.0,24872.5
287033.09375,75168.703125
564185.375,10669.900390625
347492.09375,133077.5
553341.5,10564.7001953125
506829.59375,10579.900390625
262832.09375,110249.8984375
294018.5,124827.3984375
336801.40625,161964.59375
290230.59375,5875.10009765625
313396.0,11672.099609375
576585.0,12202.099609375
287267.09375,6488.0
564151.625,13551.2998046875
568016.5,11632.7001953125
606331.125,17874.80078125
280347.1875,3898.300048828125
470154.6875,249995.703125
528203.625,256078.5
310721.40625,66549.8984375
287228.09375,5862.7001953125
284755.0,4838.2001953125
583826.625,10710.7998046875
269310.40625,96926.703125
381317.1875,188318.796875
536014.6875,298874.09375
537987.1875,142301.703125
324806.59375,106255.703125
583854.125,13169.900390625
381833.90625,7482.89990234375
458074.8125,226670.09375
291156.40625,8475.599609375
268918.5,6367.2998046875
463050.5,235641.5
331285.59375,111340.203125
549124.875,10611.400390625
457140.40625,181858.59375
572405.0,12608.099609375
391199.59375,161838.0
294114.09375,5058.89990234375
338907.59375,9126.7001953125
478833.59375,61715.3984375
374978.5,11729.900390625
286989.90625,6701.5
611376.625,24030.80078125
515150.09375,220648.796875
560963.1875,9635.7998046875
424715.1875,280424.09375
353540.1875,200743.203125
572009.0,11858.2001953125
473746.09375,239238.703125
382126.09375,157470.796875
551223.625,11466.7998046875
264132.90625,18964.69921875
304857.6875,8909.2998046875
548039.6875,17388.599609375
314545.1875,8819.2001953125
341786.59375,147602.40625
403320.90625,85170.8984375
501850.8125,259197.296875
280592.3125,5648.60009765625
538632.0,9348.5
491709.90625,233593.59375
293577.09375,5904.2001953125
270847.3125,5322.5
583005.3125,10510.0
550297.625,11628.2001953125
596022.125,13885.099609375
343846.5,224987.09375
314210.1875,177732.90625
277363.09375,28286.5
544101.625,128957.0
268991.59375,4913.7001953125
289084.90625,6732.7001953125
311504.3125,43994.3984375
245836.5,8786.0
556670.625,12885.7998046875
569008.0,13586.7001953125
309074.59375,99374.796875
448431.40625,225825.703125
350268.6875,159922.59375
298761.6875,9565.7001953125
538040.0,9953.7001953125
409734.09375,11632.2001953125
290547.59375,5887.2998046875
322549.5,108028.703125
282099.09375,5137.2998046875
299844.40625,16593.69921875
284624.6875,5337.7998046875
463038.6875,266193.09375
563029.6875,14191.2001953125
431763.1875,258378.796875
286929.59375,5815.2001953125
431462.59375,230698.0
280309.09375,5792.89990234375
301954.90625,26648.900390625
612695.3125,15325.599609375
322127.0,99905.796875
297366.3125,28126.19921875
410560.09375,225949.40625
261981.5,6715.5
556323.875,232473.90625
290349.0,4643.10009765625
420384.59375,211776.5
564259.5,12525.2001953125
562858.625,12205.7001953125
484638.8125,8953.5
552616.5,10341.900390625
371785.40625,135451.59375
544746.0,14049.099609375
428851.09375,255514.703125
294227.59375,23878.599609375
275578.5,9713.599609375
514894.6875,11342.400390625
449517.5,220842.203125
434913.59375,221920.703125
542797.125,300313.3125
326107.59375,58028.80078125
567225.1875,13738.2998046875
411455.6875,12545.099609375
415200.1875,249259.203125
548997.6875,12975.2998046875
272898.8125,3771.800048828125
275104.8125,6743.60009765625
296920.09375,6492.5
589349.875,18811.69921875
337034.40625,134536.5
405776.59375,318114.5
444997.59375,254056.59375
418421.3125,229126.90625
304908.1875,39655.19921875
506023.6875,322753.8125
549031.375,11860.5
511829.1875,122738.5
449450.59375,204528.90625
361520.59375,202496.09375
255099.40625,5753.2001953125
277229.6875,4817.10009765625
551391.875,10467.2998046875
319535.8125,40961.8984375
519406.09375,248208.09375
435799.3125,311548.40625
568277.375,9817.7001953125
572532.8125,12879.2001953125
542297.8125,43004.8984375
474776.8125,266142.5
471951.8125,289348.8125
586179.5,83625.796875
573697.0,17025.30078125
569484.875,10630.099609375
551742.625,66017.5
379882.59375,233154.203125
397399.90625,235312.59375
265219.59375,4658.60009765625
428463.0,280533.3125
554967.625,11257.2998046875
293203.09375,10565.0
310452.40625,9660.2001953125
282337.6875,9361.900390625
543576.375,247501.0
349330.09375,194140.5
563579.8125,13254.900390625
581624.0,12807.2001953125
370571.6875,324541.09375
550336.6875,235897.5
285760.1875,6428.2998046875
446627.40625,257586.0
557295.6875,11159.5
295738.59375,27075.5
368297.40625,236604.703125
308560.6875,196267.90625
288353.90625,5228.5
306651.09375,9579.5
301698.09375,19235.80078125
292795.59375,9053.099609375
275755.8125,5320.89990234375
537107.1875,12631.5
550386.6875,11142.099609375
466902.0,298382.09375
288624.1875,9046.7001953125
367634.1875,101540.296875
308769.6875,12005.5
566457.625,11885.900390625
266436.0,12074.7001953125
293595.1875,6654.5
399028.40625,210866.703125
462492.90625,298067.5
581838.1875,11887.599609375
325919.09375,7809.7001953125
507080.90625,220870.703125
288144.90625,8670.2998046875
452421.3125,139378.40625
315613.09375,92025.6015625
295121.59375,7955.39990234375
287869.8125,6883.39990234375
527559.375,184996.203125
433531.8125,235328.203125
291633.3125,5890.89990234375
322311.8125,81159.5
563069.8125,35624.80078125
259141.09375,36886.0
583074.625,11792.7001953125
349216.40625,176744.09375
397522.59375,117693.1015625
372051.59375,227549.0
365316.8125,124760.5
283183.09375,5715.10009765625
283823.90625,5112.2001953125
566392.6875,11337.400390625
280084.5,6373.5
301142.1875,47697.5
555438.0,10261.7001953125
294236.0,7201.10009765625
548246.6875,11943.2001953125
269030.59375,7466.0
543799.1875,10162.900390625
485949.40625,255359.5
254764.09375,5515.0
289992.09375,6362.7998046875
356332.8125,192233.40625
285695.5,16917.19921875
487077.0,263031.09375
340345.1875,95980.296875
283818.40625,6303.5
277052.1875,5601.0
394102.59375,224158.40625
407491.0,271019.1875
340166.59375,208207.59375
297137.90625,43101.19921875
263134.1875,4173.7001953125
275472.90625,4931.60009765625
420595.40625,173292.5
332788.1875,159814.59375
352275.09375,189373.703125
252587.90625,5772.7998046875
409469.3125,265104.40625
311934.5,45176.8984375
491834.3125,231032.0
295421.8125,5341.7998046875
508913.90625,55767.1015625
583243.6875,59926.0
244843.90625,6893.10009765625
311978.59375,9636.099609375
292126.59375,5848.5
290853.09375,5968.0
291756.90625,4943.7001953125
271795.09375,5894.0
304145.8125,49031.8984375
560633.6875,11071.5
557879.5,170672.703125
292665.5,6397.10009765625
390004.6875,161027.203125
272098.6875,3617.0
260258.703125,7421.2998046875
453836.6875,220077.796875
551911.6875,160050.40625
361903.59375,200664.0
343177.09375,155874.296875
540271.0,12247.0
304367.6875,51008.5
318375.5,10937.2001953125
397573.0,203394.59375
337766.1875,128006.203125
538885.375,223023.0
289868.1875,50590.5
347951.0,149511.703125
249411.09375,6671.10009765625
545101.875,11439.2001953125
254057.703125,5966.7001953125
535369.375,11048.0
293225.59375,59689.19921875
329284.59375,17560.400390625
551503.3125,10701.400390625
475453.40625,246084.203125
441250.3125,234570.703125
300185.8125,7070.0
294247.6875,14040.2998046875
557744.375,10599.5
553279.625,11354.7998046875
316651.59375,99041.6015625
275295.8125,32377.400390625
303474.0,10339.5
292681.1875,5714.0
308959.1875,8145.7998046875
447089.90625,295093.5
566752.125,11879.900390625
517514.90625,193166.203125
327550.6875,132301.203125
304063.90625,117685.1015625
549522.875,11202.7998046875
517059.5,246070.90625
273250.09375,3950.60009765625
278572.09375,97797.3984375
492270.90625,268284.1875
293747.90625,20597.69921875
285782.6875,7665.2998046875
295643.90625,6164.5
302979.09375,20548.80078125
508348.09375,234641.09375
513231.0,263206.0
469991.6875,302175.5
302434.1875,6814.10009765625
399815.6875,224210.0
368938.40625,145897.0
497417.90625,289146.6875
393722.1875,8548.2998046875
504287.6875,247858.40625
276469.09375,5997.5
370799.59375,15278.599609375
281387.6875,5243.5
335904.5,185039.203125
363771.1875,153830.09375
472602.1875,266434.0
548981.375,11904.0
513009.1875,320413.0
305111.59375,64837.8984375
590141.5,11638.7001953125
283146.09375,59692.6015625
312634.6875,41847.19921875
278200.40625,5166.60009765625
343658.09375,189746.0
555458.1875,10748.2998046875
313192.40625,52693.0
430365.09375,301500.8125
491835.3125,284309.90625
395270.5,265512.5
286518.6875,4973.2001953125
285230.1875,5590.0
312975.40625,92701.0
339867.6875,189898.0
385359.09375,209958.90625
523403.0,281823.1875
563763.875,12019.2001953125
290285.6875,6706.2001953125
541402.875,292555.09375
524428.875,12105.0
583279.625,13087.7001953125
337348.90625,88529.703125
286188.40625,5015.2998046875
565739.3125,13561.400390625
391204.59375,273048.5
292296.40625,6338.7001953125
300397.6875,62489.3984375
407117.09375,214331.0
511841.59375,210948.296875
302138.5,8877.5
505995.6875,246618.0
277916.1875,4834.60009765625
289803.0,5062.10009765625
330451.1875,98564.703125
259309.703125,5030.5
369365.6875,200388.796875
305303.90625,9693.5
564085.1875,12453.5
386913.59375,263954.40625
303593.5,56896.69921875
299359.6875,6713.0
394424.40625,257889.203125
368918.90625,207527.09375
274051.40625,43120.5
364876.59375,193925.203125
558191.375,90318.203125
264559.90625,7709.2998046875
299988.8125,7291.39990234375
573956.125,15483.599609375
269276.09375,6070.39990234375
296839.40625,5557.2001953125
564102.6875,11631.400390625
578874.375,13245.0
311496.09375,77351.0
289877.09375,6486.60009765625
479452.0,234354.5
281415.0,22382.19921875
314887.1875,192212.09375
589061.1875,14133.7001953125
321972.1875,63623.5
407902.09375,249379.40625
267721.0,5644.7001953125
338562.09375,156600.5
456396.90625,158832.5
562054.625,11225.0
296743.09375,6936.2998046875
541618.5,11654.5
555264.6875,18335.0
437968.1875,5505.60009765625
567232.5,15311.099609375
265219.1875,4554.2001953125
534608.1875,225939.796875
561754.875,14716.5
508294.0,10656.2001953125
269408.59375,4521.60009765625
325476.6875,79958.0
536416.375,224357.203125
560889.6875,11487.7001953125
559975.375,12416.599609375
421423.6875,233551.59375
504450.59375,188158.203125
551939.375,14229.7998046875
295873.8125,6347.39990234375
389911.6875,237538.296875
306899.1875,7746.89990234375
505836.90625,261157.5
277984.59375,3642.5
554920.125,12206.7998046875
518974.59375,275121.59375
293433.8125,5106.39990234375
295882.5,5713.2001953125
302153.6875,18288.599609375
562741.1875,12036.7001953125
302158.6875,17601.0
552101.1875,13836.7998046875
573319.875,12324.5
532097.1875,258491.0
286170.5,5343.2001953125
560510.125,11215.099609375
329188.40625,16373.099609375
288743.1875,9305.099609375
363451.90625,166939.703125
286560.8125,5710.89990234375
543939.0,53510.3984375
430009.59375,262118.09375
518642.09375,242932.40625
291999.90625,7383.7001953125
447855.3125,265494.6875
545649.3125,10791.2998046875
582293.0,11755.7001953125
251847.40625,6834.7001953125
369641.0,198911.703125
425480.59375,300398.5
296511.90625,126310.5
292198.0,5391.89990234375
287851.40625,5752.89990234375
266869.09375,4858.89990234375
493367.6875,264853.5
532266.8125,46587.30078125
320053.5,94429.0
260128.0,6945.2001953125
314907.5,76714.203125
308989.90625,50973.30078125
417463.0,269791.90625
536677.125,162752.703125
308949.90625,10247.900390625
557680.625,11009.400390625
291761.1875,5799.0
288698.59375,30856.900390625
291947.5,37174.80078125
499155.0,278368.40625
433392.6875,198821.5
555426.3125,11411.0
560824.1875,11291.400390625
567734.3125,12945.400390625
330590.40625,123425.796875
339712.3125,159877.09375
361643.0,168277.0
544350.5,12371.099609375
344283.5,190583.296875
293332.40625,20465.900390625
254736.09375,5443.39990234375
406333.0,224956.296875
596535.8125,18761.80078125
335272.0,119551.203125
543400.375,13821.7001953125
464751.5,242037.703125
530991.375,11029.7998046875
272415.1875,31625.599609375
508099.90625,277842.5
326884.5,10478.900390625
291020.09375,29483.19921875
291091.90625,6829.89990234375
410425.59375,266268.40625
303333.6875,8344.5
537273.3125,10945.7001953125
402794.6875,283625.0
359197.6875,12475.0
291253.1875,5456.89990234375
581143.375,12274.2998046875
313622.8125,10252.7998046875
371750.0,13414.0
290649.5,6804.2001953125
295418.09375,8404.0
264117.40625,6076.2998046875
429652.6875,281055.09375
552066.875,9558.0
264564.40625,8388.900390625
249540.296875,7501.7001953125
386572.59375,258379.40625
416329.5,224112.296875
435871.1875,271351.5
264038.1875,4172.89990234375
444283.90625,162078.796875
292724.0,5544.10009765625
301377.40625,5996.39990234375
261456.5,6053.2998046875
528218.3125,11993.2998046875
307508.59375,9918.900390625
518108.5,158155.0
556714.5,49266.19921875
268624.40625,10859.2001953125
456852.90625,236041.296875
495398.1875,229372.59375
554575.5,11676.900390625
316046.09375,92851.703125
352419.8125,157748.796875
433671.0,258697.0
283311.40625,6024.7001953125
555558.5,13477.2001953125
301374.40625,30757.5
293749.0,8270.900390625
325998.09375,104809.703125
504600.1875,172683.5
420176.3125,269681.6875
469075.6875,248178.5
299578.6875,48503.0
471325.8125,7799.39990234375
578066.875,15857.2998046875
439148.3125,295643.09375
288356.5,6672.0
280167.5,6129.10009765625
277208.40625,5146.39990234375
394884.90625,201508.40625
309894.09375,149562.90625
352197.5,200585.0
551870.0,20343.19921875
523165.40625,235278.703125
278886.0,5296.2001953125
351530.09375,129497.5
367317.40625,219525.296875
264221.5,5001.39990234375
287617.09375,5678.39990234375
310034.1875,8898.0
558157.8125,11153.7001953125
533200.8125,186909.796875
440092.0,249183.0
270422.90625,4791.7001953125
295229.59375,7605.5
326766.90625,50578.30078125
565110.375,14258.0
485518.5,318744.40625
507436.90625,11263.400390625
289746.6875,8741.5
247955.296875,8901.2001953125
395130.59375,192692.90625
331684.0,179689.90625
548924.1875,175179.0
545504.8125,305658.0
286587.8125,5002.39990234375
566862.8125,19724.099609375
281303.0,7829.60009765625
559566.375,11713.400390625
268067.59375,4428.2998046875
283519.40625,5464.39990234375
354320.09375,93421.3984375
295653.5,65296.30078125
515799.8125,258003.296875
258019.0,6776.0
301225.5,6495.7001953125
274600.40625,4608.2001953125
544830.125,10438.0
398753.90625,217438.796875
355614.1875,290495.59375
349624.3125,147951.296875
369586.5,199163.5
493161.59375,20136.5
330324.40625,9077.2998046875
287681.6875,6098.10009765625
315974.90625,107563.0
526824.625,87348.703125
268977.40625,6790.89990234375
556858.125,14193.900390625
549723.8125,11921.7001953125
294117.6875,7275.0
298520.59375,6019.39990234375
276814.0,5784.2998046875
340892.0,247651.40625
295048.1875,25032.900390625
288208.3125,5465.89990234375
560606.5,11583.099609375
549609.875,11518.400390625
486589.09375,9533.400390625
509288.5,7047.7998046875
505478.8125,260023.296875
304516.8125,195254.09375
535421.0,228502.5
287003.3125,6410.60009765625
433475.1875,187870.703125
377651.3125,212525.796875
444814.3125,253723.203125
547082.3125,11060.2998046875
483852.5,227835.703125
527731.375,119624.703125
285831.5,5313.7001953125
513441.59375,239677.5
282736.90625,7237.7998046875
553733.6875,10747.599609375
291782.90625,8732.0
412252.5,200893.0
285608.5,5361.2001953125
523534.5,189280.703125
287690.09375,6837.0
494106.90625,11372.0
317647.59375,41385.69921875
574409.375,12449.900390625
280317.09375,4539.89990234375
293411.3125,6484.7001953125
393665.09375,9909.900390625
308766.5,9138.5
439829.0,280918.8125
375523.6875,181940.5
565715.3125,13289.5
530213.875,247758.796875
586484.8125,13589.599609375
526631.0,205380.5
454993.40625,8580.900390625
564421.3125,13603.2998046875
386468.5,196825.0
573252.0,11965.7001953125
437352.40625,9516.7001953125
369121.5,10221.2001953125
437582.40625,209942.796875
465774.90625,261268.0
304753.5,71129.8984375
564036.625,12935.7001953125
314425.0,88959.0
597349.375,12883.2001953125
387228.5,277852.6875
439897.09375,212251.0
467091.6875,293056.59375
448574.5,249356.90625
470746.59375,238527.703125
566369.6875,14065.0
454550.59375,58349.3984375
409441.0,291737.8125
545007.0,10267.400390625
555561.8125,22022.5
567561.1875,15627.400390625
545977.8125,10571.400390625
306283.40625,42068.30078125
306320.8125,9907.599609375
542622.0,10573.5
567998.5,10909.099609375
295010.40625,4715.39990234375
371132.5,212593.296875
394581.8125,285072.3125
296247.5,142777.5
303676.0,7895.7001953125
310675.40625,24561.69921875
569732.0,12618.7001953125
290894.59375,5727.5
266945.1875,6489.60009765625
246537.40625,7549.0
528518.0,10456.900390625
295845.09375,5922.2001953125
550707.875,9815.400390625
401610.59375,13882.400390625
270661.6875,46995.0
345043.59375,182891.90625
537736.0,10478.5
391090.5,267558.40625
506190.6875,200561.5
280751.3125,6130.0
371727.0,195695.59375
318056.1875,20764.400390625
279148.40625,5302.2998046875
328769.09375,101787.6015625
304714.0,92340.1015625
315436.1875,53275.6015625
256906.90625,178699.796875
265983.6875,15728.599609375
503638.5,11822.400390625
285778.8125,6252.10009765625
291333.09375,38857.19921875
520054.90625,185055.5
283421.6875,4577.7001953125
287734.09375,5552.60009765625
353829.8125,274991.59375
280578.3125,8346.0
278890.09375,8421.7001953125
425300.8125,20838.400390625
444854.6875,282203.5
552385.8125,11353.7001953125
373630.90625,240208.203125
303775.40625,10570.7001953125
324568.90625,109975.203125
310597.6875,71651.296875
285544.0,6014.39990234375
421089.90625,220861.796875
307031.09375,10151.099609375
257850.09375,23830.599609375
443397.0,282539.6875
528093.375,9998.5
267477.0,4062.89990234375
257912.40625,106659.6015625
463001.6875,186710.40625
507906.59375,259830.296875
548619.8125,149742.90625
533773.5,11937.099609375
561443.875,10913.2998046875
503669.1875,11092.599609375
562138.5,10989.599609375
357100.40625,214160.09375
268199.59375,8279.0
372762.3125,185017.40625
301096.59375,7452.60009765625
278780.09375,5709.7001953125
542799.0,36360.1015625
560458.5,11371.400390625
538923.3125,12161.599609375
282038.1875,6470.2001953125
378268.59375,265824.6875
556479.125,12326.599609375
494612.8125,11709.599609375
285564.3125,15390.0
291792.59375,7294.7001953125
435464.8125,166742.40625
563403.875,12100.5
506001.90625,213153.703125
404262.0,275746.59375
540578.875,113703.203125
546748.1875,10614.2998046875
273021.90625,5088.7998046875
563048.625,10537.099609375
508436.3125,296486.0
434961.40625,204561.0
475429.5,204131.90625
286369.6875,52671.8984375
274354.40625,6313.2998046875
280658.09375,6141.2998046875
485747.5,307500.09375
547538.875,13507.099609375
303710.40625,21996.30078125
435675.09375,191637.0
538389.0,9370.599609375
563333.1875,11949.099609375
321758.90625,105327.296875
545883.6875,12160.099609375
496882.5,10889.400390625
370942.3125,228299.59375
426006.59375,222639.703125
276154.90625,6824.5
563377.6875,11797.2001953125
284799.3125,5626.7001953125
240023.59375,4843.10009765625
292520.09375,56080.0
535272.3125,72528.1015625
595012.8125,12219.0
353141.8125,105211.203125
538138.3125,11230.400390625
290611.90625,6407.7001953125
268372.40625,53710.69921875
313850.90625,135206.703125
324821.5,120898.8984375
300069.40625,6779.7998046875
312011.09375,29087.099609375
560439.3125,12640.0
556110.625,12178.599609375
515612.0,9003.599609375
537376.5,194242.90625
566584.875,20600.099609375
285420.6875,7626.89990234375
284736.40625,6613.7998046875
330166.59375,123972.0
563101.8125,12154.400390625
290044.0,5320.10009765625
461736.0,298139.40625
518353.40625,175867.796875
293046.09375,4834.7998046875
576423.625,185940.5
304495.09375,8935.2001953125
496345.0,289969.09375
318635.6875,100694.6015625
297122.90625,52284.30078125
292937.3125,7074.60009765625
500350.09375,223012.703125
405452.90625,272512.5
557067.6875,169880.09375
548410.1875,153332.703125
451767.3125,265117.1875
282501.09375,5205.10009765625
313586.3125,60972.0
456903.3125,265798.6875
310887.59375,49074.69921875
572342.8125,13688.900390625
552458.1875,11257.5
311574.40625,32422.5
360652.5,201031.59375
413886.90625,324742.6875
295684.5,48768.8984375
336288.90625,211034.296875
470161.3125,12074.0
593919.125,101739.6015625
328261.0,14721.7001953125
501727.0,201025.796875
492195.0,202774.296875
351140.6875,201772.40625
278777.0,7985.5
271278.1875,7339.2998046875
509910.5,6128.39990234375
461061.90625,226958.5
326794.5,140277.40625
289301.40625,11274.2998046875
572760.625,15584.0
248156.296875,9058.400390625
293720.09375,5952.10009765625
359615.1875,275150.59375
289946.40625,7822.7998046875
296876.1875,13839.099609375
292267.09375,5436.2001953125
548606.1875,13159.2001953125
468869.8125,262655.1875
292393.59375,7220.7001953125
556169.625,9861.0
405207.3125,281628.0
298994.59375,99625.703125
383092.8125,183577.703125
301455.40625,30442.0
277140.90625,5205.7001953125
569967.875,12328.2001953125
323801.5,77090.6015625
568969.5,12007.400390625
326988.90625,147107.09375
248754.203125,45485.8984375
271000.0,5232.10009765625
310813.90625,40606.5
473456.40625,279380.3125
279362.59375,4771.5
534923.0,9043.599609375
527071.6875,418896.09375
274750.90625,4661.2998046875
491249.5,12116.400390625
332608.1875,116271.1015625
304236.6875,30348.19921875
306468.3125,29729.19921875
265809.09375,5623.10009765625
304089.8125,31238.900390625
560487.3125,10008.2001953125
509159.0,270309.59375
269843.40625,48295.19921875
555312.1875,15571.7998046875
376530.59375,185799.09375
549620.3125,244390.5
300195.0,6342.2001953125
317072.90625,146606.5
291236.0,24860.400390625
288110.90625,5431.2998046875
282541.09375,5169.2998046875
407218.09375,131247.0
505431.5,8894.099609375
547642.6875,10744.900390625
568795.875,10605.7998046875
278209.59375,4667.5
282966.09375,5233.7001953125
428116.1875,240256.59375
362708.40625,152139.796875
288677.6875,13888.099609375
467369.0,10600.400390625
530474.3125,33641.6015625
351885.59375,173890.203125
333593.90625,143129.0
501655.6875,223900.09375
292338.1875,7043.7001953125
273324.3125,4583.2001953125
290292.59375,4459.7001953125
533995.125,7456.2001953125
338924.3125,178509.90625
422598.1875,10903.5
263850.3125,4316.2001953125
501966.40625,236371.5
292518.40625,14736.2001953125
260579.0,5207.10009765625
318097.90625,12849.7001953125
300651.1875,8882.2998046875
283212.0,5829.39990234375
326359.90625,112920.296875
288570.5,28012.400390625
458876.8125,8029.89990234375
375547.90625,238180.296875
368419.5,143436.90625
258840.296875,4172.60009765625
523062.40625,306735.5
284365.0,5644.89990234375
312963.90625,131550.59375
333107.6875,9642.400390625
317097.59375,111829.0
422806.09375,238275.59375
550446.625,11782.7001953125
535232.0,153192.09375
589608.375,16164.2998046875
540229.6875,43196.1015625
475161.0,188557.40625
293764.8125,7132.60009765625
552483.125,14116.7001953125
571691.1875,12474.099609375
305007.8125,12261.2001953125
485502.59375,11779.2001953125
405369.5,78372.296875
294728.8125,11273.7998046875
252367.09375,5655.2998046875
296572.5,8108.2998046875
291168.90625,5370.2998046875
535793.0,9063.0
295267.40625,6582.10009765625
522205.6875,269545.0
536941.0,291697.5
271592.59375,7414.2001953125
346231.0,152016.40625
392275.5,228045.203125
291347.0,12092.2001953125
447960.1875,8669.2001953125
572661.625,14333.2001953125
535950.0,10539.099609375
300785.6875,44309.6015625
280486.59375,5505.5
298282.09375,8241.099609375
514856.1875,277402.59375
579545.625,11030.0
490310.5,276542.3125
350272.8125,139399.796875
252769.59375,107048.796875
571979.375,14192.599609375
564803.6875,83228.5
308848.5,87492.5
243434.59375,35588.80078125
306883.0,64462.8984375
321590.0,75800.703125
417267.6875,235428.203125
555115.125,13302.2001953125
261694.59375,4164.2998046875
436120.5,228852.296875
546111.3125,184509.296875
518059.0,171715.296875
556003.375,11018.0
287799.40625,5473.2998046875
298952.5,10072.0
302731.40625,16649.0
456898.59375,287012.3125
335576.09375,148172.703125
275406.5,6519.89990234375
286826.5,5985.7001953125
443421.1875,263016.6875
413673.5,254511.0
548412.625,12440.7001953125
277470.1875,4841.10009765625
307088.09375,204044.5
564580.625,13505.099609375
253544.203125,72464.1015625
459232.59375,220683.0
320101.8125,8067.0
277585.59375,20016.900390625
400682.40625,243299.0
350651.59375,105866.0
552294.125,10548.2998046875
280764.0,6136.2998046875
569397.3125,12512.2998046875
359133.09375,172915.796875
504368.40625,228942.796875
541045.0,9588.5
257965.09375,6376.2998046875
303941.5,26193.80078125
344172.3125,155206.296875
287391.5,6523.2998046875
435147.90625,284921.5
409651.90625,281658.3125
276136.90625,6131.10009765625
517871.1875,254165.5
553479.0,10998.0
331482.59375,172994.703125
270428.1875,6559.7001953125
258633.0,4712.5
547207.625,82520.203125
298948.1875,71006.1015625
535688.625,52019.0
356153.59375,203120.59375
550971.1875,12999.599609375
285219.09375,5353.5
318685.59375,183338.796875
280842.5,7171.7998046875
277896.8125,7773.2998046875
347770.59375,170127.296875
478669.40625,10097.5
396277.0,178003.5
290805.40625,8469.099609375
257546.40625,5414.5
313835.09375,75034.796875
426475.5,293261.3125
255120.796875,9528.2998046875
304765.59375,9592.2998046875
530747.5,10429.7998046875
299917.90625,6459.0
355174.09375,167562.296875
419243.0,259903.90625
300515.0,75634.703125
336474.0,115998.0
325661.59375,39191.19921875
338825.09375,162380.0
281919.09375,15788.099609375
481699.59375,288180.5
469544.59375,280791.90625
300762.40625,8416.0
548441.0,155561.90625
338762.8125,162552.40625
302877.5,12059.599609375
293900.59375,39263.80078125
292468.5,10674.2998046875
399676.5,149475.296875
280487.40625,5817.0
532982.375,9279.2998046875
275273.0,6041.5
441700.40625,11354.099609375
285663.1875,52907.0
289532.5,5806.0
417983.90625,221981.0
374245.09375,250865.296875
543117.5,276742.90625
259017.09375,4335.2998046875
389002.5,229246.796875
386619.3125,199882.296875
285456.59375,5467.7998046875
566397.875,140550.5
321821.40625,92506.1015625
335633.1875,134245.5
415953.90625,295076.0
334517.5,165997.203125
541632.0,57733.19921875
327076.6875,12668.7001953125
287835.5,6103.0
347080.59375,177759.703125
450539.09375,175448.0
303461.59375,40471.6015625
550006.625,36701.0
534991.3125,12304.5
322343.59375,105836.3984375
399085.3125,182290.09375
378193.59375,262985.0
467545.8125,311178.40625
286049.5,5848.60009765625
535176.875,263961.59375
328820.1875,13721.099609375
309161.8125,49742.69921875
250030.0,5414.10009765625
452373.3125,272137.90625
457908.1875,331912.0
548483.6875,258974.0
530006.375,10662.5
537367.5,10491.2001953125
358578.5,239163.296875
566150.8125,12544.7998046875
388859.09375,207487.296875
565075.875,12615.5
292328.59375,6251.2998046875
311477.09375,5711.2998046875
445833.40625,176643.0
438502.0,184629.5
563066.6875,11546.0
305668.0,62113.0
482212.09375,237947.296875
311074.09375,49252.19921875
265520.0,6354.39990234375
316169.6875,113524.703125
372912.0,222464.0
529643.625,10908.2001953125
322514.1875,58122.1015625
330359.59375,163457.5
404261.90625,179286.0
299542.8125,28328.099609375
559785.5,10147.900390625
427187.40625,289919.59375
578697.3125,138008.203125
316723.09375,69460.703125
521608.8125,11989.400390625
503680.59375,256366.796875
349147.59375,140334.296875
309938.90625,83169.0
540107.375,226799.796875
519107.0,12576.0
373043.90625,219397.09375
386607.6875,171719.5
517280.5,206030.0
255175.0,33782.30078125
522116.3125,10293.7998046875
290763.09375,27465.30078125
540583.0,207604.796875
431366.40625,251410.5
277658.90625,4984.7998046875
275496.5,5711.0
554742.375,10405.099609375
566605.0,11562.5
547065.625,10533.7998046875
306379.0,58314.8984375
311073.0,6582.2001953125
542170.1875,210780.703125
283200.5,5932.5
353706.0,176114.09375
542404.625,10741.599609375
535738.125,194807.59375
287427.59375,4921.5
551935.125,8760.0
294322.8125,7197.0
311968.09375,50215.8984375
393385.40625,157136.5
502096.3125,78704.6015625
411001.0,11605.2998046875
303575.09375,7244.7998046875
391047.90625,219793.0
284664.90625,4488.7998046875
550421.5,10369.5
272138.0,6263.5
566004.375,14403.5
515611.3125,290876.3125
536466.125,11343.7998046875
591709.5,14413.2998046875
568048.375,11249.0
559325.375,11249.7998046875
435843.5,9529.5
568514.6875,265160.0
270547.5,5725.5
433209.90625,191032.5
288270.59375,4623.2998046875
388388.09375,7392.7001953125
301121.5,9501.400390625
455353.5,10044.7001953125
364264.5,204580.5
370611.59375,184146.203125
518491.59375,319778.09375
344812.1875,154983.59375
547170.125,11807.5
420065.8125,203939.0
294319.59375,6595.89990234375
313428.90625,8017.0
307205.40625,95660.5
532580.125,260946.5
317649.3125,98086.1015625
312684.0,35774.8984375
297778.5,7711.10009765625
355826.90625,207798.09375
267654.1875,5500.10009765625
411158.3125,235083.203125
548824.8125,340371.09375
530502.8125,230659.796875
550813.875,11944.7998046875
282566.8125,5766.7001953125
260521.59375,5693.5
283293.6875,8120.0
331616.1875,161438.0
437802.5,245228.703125
496865.1875,355736.6875
458047.6875,10178.7001953125
441622.6875,242948.796875
370949.40625,8984.5
554870.8125,9768.2001953125
287912.09375,6224.7001953125
260252.703125,5741.89990234375
545779.125,85593.3984375
297730.3125,5919.7001953125
287102.59375,5720.60009765625
278774.3125,5284.7998046875
524842.1875,310888.0
559025.125,10385.7998046875
476270.5,319880.6875
320668.1875,103765.203125
253923.203125,7303.2998046875
411924.40625,233018.0
382711.0,250120.296875
505714.90625,12375.400390625
555107.8125,11027.7998046875
565516.875,13599.2998046875
303983.8125,6539.2001953125
288360.59375,6192.0
537939.3125,53203.69921875
452001.1875,8809.7998046875
499810.6875,250000.0
257684.90625,5156.5
286403.5,4803.7998046875
300829.8125,29002.099609375
448826.3125,274885.3125
269503.3125,5719.7001953125
261199.203125,5474.0
304879.59375,10886.2998046875
561991.1875,11609.5
310426.0,30366.69921875
562945.6875,12156.7001953125
349771.3125,215944.203125
316018.1875,79272.796875
562151.375,13492.5
300311.0,8817.7998046875
292289.40625,6343.39990234375
299660.90625,16163.2998046875
294206.3125,32863.80078125
301493.3125,5114.7001953125
557842.125,11863.5
291312.6875,51912.5
571315.125,12055.2998046875
320491.1875,134317.203125
328930.8125,108238.703125
296622.1875,178970.796875
388123.6875,261841.5
305294.90625,7722.5
392237.40625,10857.400390625
290296.8125,6946.7001953125
430024.6875,199603.40625
459531.09375,206512.90625
280747.8125,5899.2001953125
282447.6875,5867.7001953125
297447.8125,15134.099609375
550643.3125,10488.2998046875
314120.40625,105793.796875
324424.09375,90789.0
420554.1875,244314.5
528404.125,10934.2998046875
296394.1875,5535.5
444812.5,250388.703125
276046.6875,4839.7001953125
437305.6875,265388.1875
325212.6875,175404.296875
326897.5,70545.796875
503023.8125,129766.703125
253366.203125,5611.7998046875
294993.8125,11503.2998046875
571483.3125,10884.2001953125
284667.59375,113011.0
284212.6875,12906.5
309770.6875,109298.0
339461.6875,181972.703125
562855.1875,9799.7001953125
436012.3125,280632.6875
418282.1875,274169.0
287945.0,122874.296875
479133.40625,12067.400390625
524205.3125,9621.7001953125
559926.375,15461.7998046875
501911.09375,266687.1875
315503.6875,72729.8984375
607679.3125,10716.099609375
286380.3125,6347.7998046875
430639.09375,213567.5
268208.1875,4117.5
578239.625,12359.2998046875
302669.6875,13152.5
319977.0,76937.703125
307848.8125,9268.2001953125
430499.1875,207273.796875
250087.90625,5192.5
432465.5,263376.8125
567260.8125,11682.2001953125
303719.90625,7302.2998046875
304366.59375,5900.2001953125
556820.6875,10129.2998046875
292370.1875,9424.900390625
270689.1875,72476.1015625
293077.3125,89755.203125
542989.6875,12561.2001953125
343347.59375,189724.59375
316322.5,8607.5
294956.3125,6769.60009765625
319067.8125,8730.2998046875
544992.125,11798.5
371896.6875,228342.5
447028.09375,165954.796875
296520.6875,6149.0
434801.3125,227699.59375
550442.6875,11866.5
558502.1875,10096.5
299952.1875,16512.19921875
439563.1875,301166.8125
379866.6875,197592.5
528838.375,9369.0
295833.0,6132.2998046875
389250.40625,230921.40625
562538.875,10099.7998046875
288579.09375,5581.2001953125
488214.6875,270937.40625
546389.3125,10635.099609375
491526.59375,361046.5
565982.6875,10919.5
501659.0,262464.1875
298507.1875,18179.19921875
299089.6875,29814.30078125
260088.703125,3747.5
565310.375,12584.0
553953.3125,12961.7998046875
428636.59375,263270.8125
379133.6875,170624.296875
558258.5,60740.80078125
555302.375,11973.7998046875
309927.09375,94555.5
339012.6875,171208.0
481097.3125,353272.59375
366471.40625,183387.296875
368456.3125,9975.7001953125
348790.6875,150921.0
271315.0,116048.703125
284717.8125,5823.2001953125
535466.1875,11871.5
384147.90625,196601.5
301882.40625,73999.296875
410557.3125,247726.203125
296038.09375,17593.0
292685.1875,5943.0
574778.625,12688.2998046875
615982.6875,15798.5
493116.0,252492.703125
537419.1875,11282.7001953125
281911.3125,5216.7001953125
450602.5,308870.40625
286565.1875,4682.2998046875
487677.3125,332471.0
566297.875,11432.2001953125
388980.8125,6708.10009765625
324717.09375,50408.19921875
537736.125,249911.40625
325211.3125,149271.0
581993.1875,14535.400390625
266268.5,10910.599609375
338925.59375,201139.703125
557267.1875,92432.796875
343631.40625,206519.203125
312972.6875,65647.296875
258704.5,4339.7998046875
558569.5,10687.5
363135.0,240988.59375
336384.3125,114958.6015625
510100.59375,249041.703125
296858.90625,30932.400390625
459530.0,252117.59375
537479.625,183623.703125
293927.3125,8312.099609375
286054.09375,35720.6015625
343413.5,6515.0
542949.125,10776.099609375
291610.6875,25040.30078125
403968.0,245691.5
514049.0,276380.59375
299425.3125,8783.599609375
537643.625,31945.900390625
312640.8125,112723.5
427046.40625,91406.8984375
531210.6875,10570.400390625
279283.90625,50470.3984375
528236.3125,258546.59375
295083.5,6135.7998046875
477841.3125,121994.0
414970.1875,232722.296875
498230.0,228380.796875
289424.0,12744.5
321771.8125,9744.599609375
296628.09375,111277.203125
566440.625,11436.400390625
404487.8125,232252.5
287188.0,5940.60009765625
535994.125,175505.203125
399609.0,232717.296875
372664.6875,186511.796875
251730.296875,8759.0
284122.5,5087.2998046875
291584.5,12458.5
261917.5,4785.60009765625
288543.8125,5756.60009765625
565850.625,11621.400390625
301148.8125,39507.5
299563.5,28168.099609375
292610.3125,6954.7001953125
532969.125,288810.59375
278022.5,6214.89990234375
242341.0,126926.796875
390419.6875,244677.296875
271794.8125,149186.0
440449.90625,223374.203125
553348.5,13212.2998046875
298321.0,13304.0
281217.5,7942.10009765625
579437.3125,13291.599609375
359184.59375,254174.203125
259527.40625,3911.39990234375
343760.0,177730.90625
529697.6875,10998.2998046875
448001.8125,10926.0
268282.40625,3792.199951171875
298629.1875,65970.796875
297188.5,8336.0
479893.0,309318.59375
266656.3125,5548.10009765625
251173.59375,4969.7001953125
368650.1875,172297.296875
567199.375,13583.7001953125
565389.0,12381.7998046875
450698.0,234234.5
321476.8125,82430.6015625
401831.59375,269781.6875
568085.6875,17041.400390625
286126.0,5297.39990234375
559207.5,12056.2998046875
571646.1875,10998.2998046875
378028.90625,186873.203125
471872.6875,11213.7998046875
272699.0,6119.7998046875
471115.0,243303.0
295959.8125,18364.099609375
533786.625,10655.900390625
419196.8125,261918.0
557807.375,11385.900390625
298597.5,7144.60009765625
560015.125,12032.2001953125
465982.40625,233934.40625
326181.0,64545.8984375
572201.5,12192.2998046875
292598.6875,6937.2998046875
477397.40625,250941.203125
317017.1875,11317.2998046875
288757.5,10845.7998046875
302663.0,7961.5
272283.8125,4971.60009765625
388209.59375,214454.40625
334760.3125,140381.0
545973.375,167846.40625
543656.0,10545.099609375
261674.0,8120.39990234375
434585.6875,262559.8125
295098.5,152212.796875
358426.5,189338.0
252787.796875,5803.10009765625
282878.59375,28680.900390625
551508.375,9347.400390625
555734.1875,10435.400390625
482128.0,180434.09375
473296.09375,275192.6875
330669.40625,78359.8984375
366521.8125,231794.59375
573542.5,35703.8984375
358531.3125,181430.5
273842.90625,7990.7001953125
343177.5,139290.296875
586400.0,13418.0
296256.59375,8049.7001953125
500406.8125,211047.5
527619.125,325431.6875
563043.1875,11434.7998046875
302038.3125,7480.5
294364.90625,10062.7001953125
469858.5,319998.8125
298779.5,45515.5
296970.5,11449.599609375
331922.09375,169436.203125
576785.125,12568.900390625
569888.8125,12541.5
579965.875,12527.900390625
472935.6875,278899.40625
507000.0,298121.09375
346519.59375,221685.203125
314976.40625,79103.8984375
566849.0,11691.400390625
574944.0,13730.2998046875
307036.6875,7895.2998046875
485186.0,270016.8125
473023.5,8736.0
258972.5,6004.60009765625
303621.59375,8802.2001953125
480637.59375,324987.40625
570615.3125,12948.0
292195.5,9600.400390625
352443.5,121917.796875
298366.8125,6883.5
411837.5,234349.5
352884.0,175862.09375
273358.8125,6816.60009765625
554452.625,12751.7001953125
433621.09375,245989.90625
559682.5,10903.099609375
362738.09375,196024.203125
247204.796875,4616.60009765625
300715.3125,5935.2001953125
272627.0,5319.2998046875
323023.6875,13267.7998046875
474194.8125,271402.5
280847.5,4713.2998046875
505056.0,298276.5
422977.0,13765.599609375
295697.09375,64386.69921875
560583.625,10798.400390625
423796.90625,272158.40625
322109.6875,8537.400390625
331355.0,179383.59375
549163.1875,10983.7001953125
549311.8125,11336.099609375
364285.5,161044.59375
275657.59375,5106.2998046875
561683.625,10816.2001953125
278037.8125,12488.2998046875
531150.1875,290897.8125
277863.59375,5280.7001953125
544216.1875,11762.7001953125
560045.5,12589.900390625
484856.5,6291.60009765625
570008.625,113137.296875
313873.40625,222150.40625
576240.125,11894.2001953125
410490.1875,8284.7001953125
274260.8125,202438.59375
295323.6875,6765.7001953125
349852.3125,6487.60009765625
285824.0,42346.19921875
277923.5,46115.8984375
584535.0,14307.599609375
374204.09375,222699.296875
403488.1875,106388.203125
520846.3125,205620.09375
450960.8125,247530.703125
245105.0,6364.10009765625
333821.40625,105227.8984375
286758.59375,6781.7001953125
517378.0,9590.599609375
288233.1875,5085.2998046875
287120.59375,5854.2001953125
295394.90625,6173.7001953125
398511.5,240481.796875
371228.1875,248581.203125
366938.8125,145530.59375
316032.5,9832.7001953125
359468.5,239549.90625
414511.8125,249560.296875
295191.5,8171.0
556041.6875,11051.2001953125
560758.8125,10252.099609375
279250.8125,4456.2001953125
354659.5,212481.59375
293765.09375,5992.2998046875
562002.625,8763.7001953125
377840.8125,216060.296875
289721.5,5388.0
388070.5,190304.59375
361525.0,123696.796875
410396.1875,243011.703125
567468.8125,95219.703125
453543.5,236451.40625
546886.875,10848.400390625
521289.09375,315273.6875
310919.8125,12776.7998046875
484768.5,274772.59375
497127.1875,197637.796875
566105.125,45351.69921875
565152.125,11846.7001953125
563993.5,13137.900390625
306440.6875,10968.099609375
570968.1875,10911.7001953125
524753.3125,285409.1875
317023.0,121972.203125
394819.5,244827.09375
346901.09375,115038.296875
330236.90625,104058.3984375
526128.125,291151.6875
567654.0,15093.0
298992.0,7253.60009765625
282283.09375,5560.7001953125
305395.09375,11638.7001953125
300744.40625,7759.2001953125
388901.1875,193398.09375
339687.6875,111697.203125
547576.3125,11592.099609375
276898.5,6114.2001953125
275575.0,5338.89990234375
314380.59375,165189.296875
316458.90625,224775.40625
272589.09375,4728.39990234375
276101.0,6857.60009765625
250284.203125,60788.30078125
273481.0,3778.300048828125
296971.09375,5915.89990234375
477757.40625,332916.6875
566273.6875,11642.099609375
366478.90625,186787.796875
279197.40625,5441.0
394057.3125,12184.0
522304.59375,251729.59375
569257.5,11927.400390625
404331.59375,301121.40625
330577.6875,207192.796875
336905.40625,163623.90625
336930.1875,116148.8984375
546787.875,204637.703125
574498.5,11475.7998046875
326871.90625,132590.5
543017.875,254369.796875
273281.40625,5065.0
320450.3125,7348.0
553487.0,14054.900390625
322033.09375,121289.1015625
421982.09375,9925.900390625
293913.5,33013.1015625
424160.40625,258704.90625
381718.5,216531.796875
495067.5,265458.3125
300841.40625,9219.0
450712.6875,303276.09375
463350.8125,244843.0
293266.09375,10134.599609375
285235.09375,149240.90625
291938.5,6938.10009765625
578486.0,12467.2998046875
313742.59375,113917.3984375
384671.1875,223219.40625
498090.5,216049.296875
321243.8125,9746.5
562855.6875,12240.599609375
296663.40625,6562.0
402043.8125,193120.5
310747.0,137537.90625
411920.09375,211695.59375
277138.0,5966.60009765625
407826.40625,235147.90625
504107.5,10646.7998046875
249946.09375,5253.89990234375
514502.0,189990.796875
460232.3125,256244.5
462998.6875,220844.59375
551637.0,9546.900390625
300742.59375,12404.099609375
487778.5,278180.59375
395926.40625,25595.900390625
400345.09375,10212.400390625
276908.1875,5824.39990234375
297076.90625,8745.7001953125
425917.3125,231004.5
513185.6875,11536.099609375
552150.0,10398.900390625
312870.09375,29691.599609375
314111.09375,108132.3984375
256899.0,6081.10009765625
360608.1875,183156.796875
561642.375,9900.900390625
570161.625,11581.900390625
551683.1875,10401.900390625
423024.40625,265655.1875
541377.375,172028.296875
448036.40625,240722.5
291709.8125,6963.5
271462.5,6714.89990234375
318765.0,122832.1015625
341812.6875,9465.2998046875
555330.1875,195828.90625
266530.40625,4980.7001953125
276453.0,5217.7998046875
586687.6875,14948.599609375
289122.90625,5092.2998046875
364828.40625,212076.0
458130.8125,297718.0
298712.0,9935.400390625
317495.40625,82709.203125
293982.5,15210.900390625
559014.0,10466.400390625
301362.09375,17899.099609375
279601.6875,5728.7998046875
306260.40625,9108.900390625
378383.5,292976.3125
564459.0,10391.900390625
503535.59375,243787.09375
358105.59375,187132.40625
288285.6875,27288.30078125
321701.59375,41046.8984375
561144.6875,12029.400390625
351777.90625,227967.703125
272436.3125,4430.5
311097.1875,9793.099609375
524009.0,10424.900390625
443706.59375,289083.3125
567046.625,12805.900390625
512963.90625,222551.40625
318902.0,94058.296875
331941.59375,154435.40625
306969.0,24967.80078125
272300.90625,5073.5
557754.3125,268345.5
567304.1875,15888.099609375
303561.90625,23998.80078125
293455.5,6284.39990234375
573290.125,14149.099609375
388144.1875,213406.296875
302062.40625,10874.900390625
314879.5,139808.296875
273703.59375,4409.39990234375
306057.1875,204201.40625
454800.90625,185894.203125
282682.5,19995.30078125
388832.40625,265515.5
559289.8125,138345.0
538952.875,11694.2998046875
575068.0,13008.900390625
363084.09375,218141.90625
286971.6875,6544.2998046875
363978.40625,157658.40625
411169.09375,218666.90625
248214.203125,5219.89990234375
298497.40625,6255.2001953125
311787.5,6822.7998046875
264383.90625,15285.5
319285.0,87790.8984375
394500.59375,203887.09375
315599.09375,81440.3984375
289454.6875,6274.2998046875
550398.0,11139.7998046875
253083.09375,6408.89990234375
511844.40625,11192.7001953125
556375.5,139773.296875
555120.875,10659.0
595752.3125,13608.0
326043.6875,140306.09375
306482.90625,6399.7998046875
592463.3125,12767.5
281750.0,7442.89990234375
579021.875,12258.7998046875
489396.5,310433.40625
280082.09375,5339.10009765625
272788.09375,4738.39990234375
302334.0,9311.099609375
565482.1875,64062.30078125
566376.625,81975.3984375
423602.8125,264877.0
426408.09375,229363.59375
435870.5,285843.59375
471811.6875,193837.296875
528920.125,12764.900390625
379197.40625,213574.203125
555187.3125,13078.0
309061.6875,118811.1015625
306364.40625,8071.2998046875
291067.90625,5380.0
472035.59375,182176.09375
315894.1875,47853.19921875
278102.6875,175990.0
528243.5,301505.0
502711.1875,9609.900390625
537302.8125,310296.8125
265997.40625,5643.39990234375
323070.6875,110155.296875
306784.5,49629.5
588945.8125,13235.2998046875
290515.3125,6166.2998046875
300379.0,17288.599609375
422644.09375,250158.203125
412139.6875,243497.703125
555790.375,11059.400390625
388972.90625,166891.59375
283740.5,5975.60009765625
279876.1875,7717.10009765625
554482.6875,11190.7998046875
303555.6875,66601.5
520828.0,318318.0
337192.8125,146348.296875
267748.40625,5678.89990234375
341921.3125,9067.2998046875
361900.09375,153308.203125
356886.6875,166558.703125
277842.90625,9418.599609375
525148.0,258148.09375
560207.1875,204361.09375
257661.203125,7369.7001953125
302359.3125,10048.0
387313.6875,120682.0
267471.3125,6023.2998046875
369200.6875,209583.703125
383336.1875,126346.203125
333597.90625,48379.3984375
323535.40625,111115.1015625
304011.0,6440.60009765625
472938.1875,254232.09375
379525.90625,209564.59375
449905.3125,242692.5
567625.0,12186.2998046875
549226.6875,11046.2001953125
541861.8125,7859.0
565660.1875,10775.5
309683.1875,110733.8984375
368090.3125,172738.796875
285229.90625,4881.89990234375
533601.8125,11396.2998046875
556011.0,11881.599609375
399123.09375,164361.703125
263937.1875,66817.5
286670.1875,5151.39990234375
255117.296875,8399.2998046875
412094.0,268022.09375
553164.1875,10493.2001953125
310144.90625,87297.1015625
288579.0,6495.60009765625
287827.90625,6557.10009765625
579310.5,11607.2998046875
282801.0,6053.7001953125
491975.40625,11957.0
341754.6875,168490.0
304415.6875,9091.7001953125
273447.1875,4668.2001953125
342311.8125,25120.5
331043.5,151555.0
456166.8125,232140.796875
455528.40625,237489.90625
287114.8125,6390.7998046875
546100.5,11113.099609375
302900.59375,100028.703125
575529.6875,11703.2001953125
296769.1875,11266.7001953125
562623.375,15092.599609375
452680.1875,268930.09375
297422.6875,7523.7001953125
492710.3125,300082.5
360640.3125,195902.796875
313964.59375,73927.703125
540858.1875,12575.2001953125
340528.40625,127955.3984375
244561.296875,6046.2001953125
427015.6875,254236.59375
394347.3125,11642.0
284736.1875,5750.5
326990.0,104748.5
278828.6875,5391.39990234375
291200.8125,4591.7998046875
304564.40625,7601.39990234375
293923.3125,7127.7998046875
318313.6875,128624.203125
427241.3125,258221.5
279270.1875,62602.30078125
285713.6875,5202.5
520888.8125,9642.2998046875
557746.0,11358.099609375
531492.625,278788.1875
290535.6875,6096.7001953125
536912.875,10243.900390625
543679.5,10701.599609375
296252.6875,5450.10009765625
527741.1875,180239.90625
517378.5,276021.3125
522283.40625,93727.5
339685.6875,222008.703125
276194.6875,6657.2998046875
551362.8125,13022.7998046875
290789.90625,7299.39990234375
565119.375,12615.900390625
501208.1875,12767.2001953125
317163.3125,90639.5
560296.1875,12929.2998046875
365218.1875,217660.0
429976.6875,221250.40625
290385.8125,12928.2998046875
265769.90625,7105.89990234375
343322.8125,136443.296875
297809.5,21764.599609375
591473.1875,13651.2001953125
278001.3125,6761.2001953125
417442.8125,243730.0
545417.1875,274044.90625
508303.6875,169863.703125
510705.3125,10618.0
417027.6875,275924.8125
373487.6875,204008.90625
368880.3125,10028.2998046875
336183.8125,157366.296875
293606.5,6527.60009765625
561079.625,125890.703125
568618.6875,13465.7001953125
383710.6875,203460.203125
287829.3125,11654.7001953125
388589.90625,224933.59375
320961.0,51604.1015625
566786.6875,10866.2001953125
355312.8125,181688.5
558481.6875,12027.5
287146.0,5890.0
281512.6875,4712.89990234375
427900.3125,252264.796875
304507.40625,47513.3984375
493360.8125,270449.8125
507922.5,10987.099609375
281437.1875,8320.7001953125
351726.6875,165656.203125
459551.3125,235344.703125
302352.40625,5730.60009765625
499286.0,257881.59375
292403.6875,31024.599609375
389018.90625,226107.59375
459999.1875,284188.6875
316062.5,15806.5
279827.1875,5020.89990234375
294366.5,7270.60009765625
539163.1875,11537.2001953125
438647.40625,274261.40625
278772.3125,5868.2001953125
280778.0,7420.60009765625
296478.8125,6628.0
538715.0,164758.203125
477576.6875,275336.0
326494.90625,93011.8984375
393437.8125,264933.8125
291308.90625,5501.60009765625
313165.09375,9501.7001953125
287708.6875,8298.2001953125
417519.3125,265965.90625
294660.90625,7074.89990234375
296352.1875,5553.2998046875
549849.5,231728.5
374884.8125,50223.5
502518.09375,320886.8125
488652.3125,244277.09375
410598.40625,268172.8125
551792.125,11313.0
282481.40625,5791.10009765625
527858.125,10878.2001953125
290656.1875,44641.19921875
457082.8125,259145.40625
560570.875,13153.400390625
585687.0,76451.5
293310.8125,37455.0
332391.90625,103555.5
374693.8125,192674.796875
270308.40625,5969.10009765625
304271.5,28556.30078125
266980.3125,21850.400390625
395032.1875,271799.3125
304780.0,8557.5
316894.3125,79068.5
300502.40625,10086.5
512811.3125,193252.59375
292778.3125,6506.0
278363.59375,6302.2001953125
469680.8125,233715.296875
267026.09375,4602.2001953125
567553.1875,215035.703125
555471.0,156439.796875
300510.90625,7547.39990234375
271464.1875,6359.2998046875
547325.5,13181.5
576077.625,12138.900390625
268883.8125,4915.0
260750.59375,4407.7998046875
479219.90625,9026.0
369473.8125,155869.296875
587349.875,12847.099609375
503720.5,11867.7998046875
470027.8125,372647.90625
412198.40625,308462.40625
394943.5,278974.0
576325.125,144754.90625
318812.3125,13339.0
414243.90625,252844.0
275760.1875,6067.89990234375
289221.3125,16438.099609375
565139.8125,11894.599609375
312445.8125,104839.0
387323.09375,206203.703125
285760.40625,5841.2998046875
564653.125,11484.0
578834.625,11430.2001953125
506611.3125,9937.400390625
517786.90625,285956.40625
448674.6875,276660.8125
331663.59375,143466.40625
559675.3125,10085.0
412488.1875,240593.90625
296350.3125,6351.2998046875
562136.875,13335.599609375
440423.5,321099.8125
343367.8125,139346.90625
301257.40625,56245.8984375
301337.1875,29699.30078125
542183.5,190480.5
293372.09375,5823.89990234375
265461.40625,6354.0
564858.6875,12915.900390625
278203.90625,6131.2998046875
453822.8125,284266.09375
516575.3125,126581.1015625
285659.09375,5842.7001953125
410972.5,209950.59375
251287.59375,7678.5
295226.3125,7377.7998046875
540887.375,186474.59375
264283.59375,4696.2001953125
436000.6875,246797.703125
343648.5,113687.796875
552094.3125,12283.900390625
515198.40625,9603.900390625
585233.1875,14762.7998046875
531461.5,9240.0
351521.09375,138872.40625
417203.8125,253418.0
298988.90625,94210.5
440484.8125,219357.09375
351863.3125,206395.59375
576273.3125,12690.0
283913.40625,10495.2998046875
554549.125,10568.2001953125
551296.6875,69746.796875
554977.5,14890.5
246194.296875,6166.0
296843.40625,7362.0
290819.1875,13299.400390625
254851.90625,4827.2998046875
496963.3125,278877.59375
345015.8125,129637.1015625
561631.0,12045.5
369800.5,219456.09375
272235.8125,5198.2998046875
305159.40625,22133.099609375
257971.59375,6093.7001953125
275764.3125,5722.39990234375
433066.90625,232743.40625
329054.6875,100712.796875
244507.0,6207.5
488893.09375,271628.90625
300002.8125,5502.0
441807.59375,297480.8125
281039.8125,5860.5
349130.59375,175801.703125
282096.5,7394.5
514429.59375,7868.7001953125
502494.1875,312244.1875
535435.5,69427.796875
532906.3125,13719.400390625
364635.90625,17389.900390625
297363.6875,32036.80078125
410714.59375,238489.40625
339135.59375,138658.796875
553904.375,10206.0
304658.6875,76617.8984375
322822.3125,14490.599609375
559457.125,10714.7001953125
289314.5,5886.0
547708.0,12521.7001953125
458393.09375,255508.0
294130.3125,7622.2998046875
308011.6875,24209.69921875
273692.0,4930.2998046875
351166.3125,128115.3984375
369258.90625,198121.90625
438726.0,221396.5
255020.09375,20958.400390625
412227.59375,286125.8125
305271.40625,8548.0
483458.6875,285321.40625
563208.875,14627.7998046875
276816.3125,4921.10009765625
360280.8125,95425.1015625
416607.3125,8915.5
453493.09375,244868.203125
292844.5,28339.5
542127.0,204757.203125
281303.3125,5587.5
368037.0,127031.703125
261746.90625,84658.796875
538805.625,204689.5
278483.3125,5035.7998046875
290349.5,6625.2998046875
292405.40625,6636.89990234375
440147.1875,256764.796875
560102.0,11398.0
290120.09375,5347.89990234375
554833.125,11490.7998046875
498589.40625,237877.0
257324.703125,6924.89990234375
441421.59375,30616.69921875
558940.5,12709.0
405372.0,228413.59375
375479.40625,218671.296875
306859.90625,13477.2998046875
298791.09375,9762.5
263566.3125,4449.7998046875
294267.40625,8408.099609375
446734.09375,262732.1875
292351.0,5889.2998046875
441688.3125,238230.40625
296128.90625,9696.900390625
284021.0,4779.0
303736.3125,7449.0
316483.09375,12940.2998046875
542912.875,10848.0
287088.1875,5330.39990234375
371609.40625,257295.296875
490722.40625,316121.3125
447741.6875,237264.203125
503579.3125,305437.40625
305423.40625,17407.900390625
291463.0,5824.5
346299.09375,172889.40625
525116.8125,138269.5
382655.09375,237649.296875
294920.6875,10593.400390625
478723.90625,217707.296875
465732.8125,180336.59375
442879.8125,203316.0
553805.5,9443.5
519746.0,14369.7001953125
337374.3125,105057.0
276533.5,5889.7001953125
298782.40625,63566.6015625
302140.59375,9043.599609375
377866.90625,199167.09375
414835.6875,260609.703125
289005.0,7600.5
542614.1875,12142.7998046875
301062.5,36399.5
296080.90625,10739.599609375
275923.0,143950.796875
295202.8125,10587.7001953125
318767.5,85518.1015625
568127.8125,12660.400390625
282807.6875,6397.60009765625
275164.6875,6255.39990234375
563381.625,203912.40625
469946.90625,324196.8125
290765.1875,4680.89990234375
264809.0,4488.5
278791.40625,173483.40625
273079.40625,5208.2001953125
541828.375,265078.8125
309859.09375,135691.5
521490.1875,231965.796875
279181.40625,6443.60009765625
289163.0,5533.7998046875
558837.0,12617.099609375
334005.8125,155669.203125
376730.3125,273034.90625
274798.1875,5975.60009765625
470593.59375,219298.796875
285715.0,57185.5
393120.5,242032.0
590375.3125,229245.796875
297270.5,157959.09375
328787.5,223916.796875
244612.0,5902.60009765625
279991.1875,6364.39990234375
340504.59375,10231.900390625
284223.59375,5333.0
300023.6875,21110.80078125
320656.09375,126084.796875
240752.0,8764.5
306243.90625,8988.099609375
569577.3125,13570.2998046875
408706.0,10636.099609375
374663.0,153150.296875
560987.0,12055.099609375
587037.8125,13277.400390625
279072.1875,5300.10009765625
562487.6875,13248.400390625
546139.625,228144.40625
267359.6875,7643.39990234375
357546.59375,174985.296875
507384.90625,9870.099609375
271692.5,5696.0
387979.3125,224575.296875
425711.0,190238.296875
351023.3125,156196.203125
434156.3125,255517.40625
568616.6875,12184.599609375
419121.6875,218881.90625
298133.59375,6771.89990234375
302806.1875,56803.3984375
426487.90625,208285.90625
353172.90625,165091.796875
410646.59375,200893.796875
299729.3125,7171.7998046875
544910.0,11512.2998046875
510495.0,297515.59375
472120.3125,307402.6875
301291.5,6090.7998046875
252278.59375,16765.0
538346.5,11272.5
369943.5,288333.5
555813.3125,12721.7998046875
354231.0,232687.09375
541572.5,279463.8125
302344.5,7523.10009765625
276934.8125,5993.39990234375
508399.3125,312993.09375
540974.0,13032.5
272920.40625,4721.60009765625
250975.0,5641.5
367056.8125,152062.796875
508916.5,53871.1015625
572267.0,11295.7998046875
287486.0,5844.60009765625
559693.8125,13115.099609375
460485.6875,277151.40625
352618.1875,193281.40625
554523.875,11287.400390625
570630.375,11424.900390625
279131.90625,5458.2998046875
553552.375,74745.1015625
276474.1875,34690.5
298676.8125,6745.2001953125
461337.8125,211215.296875
310313.09375,82807.5
529232.1875,369713.3125
395660.09375,243077.796875
383333.0,220098.0
543080.0,23616.5
321800.8125,122151.296875
323997.5,153010.796875
509508.0,343958.3125
303922.5,74846.6015625
278250.1875,5348.60009765625
284851.8125,12047.599609375
313153.90625,133576.296875
319416.1875,100688.8984375
247714.5,6020.5
559761.375,19037.69921875
291198.59375,133854.0
578175.125,12830.2998046875
294411.0,6368.0
380734.3125,220751.796875
328835.0,122830.796875
309726.3125,73958.3984375
297885.8125,7813.10009765625
562486.1875,10939.400390625
554740.125,11245.900390625
393840.40625,236020.796875
558552.1875,194095.40625
314854.5,18622.5
313609.90625,112410.3984375
253167.09375,3911.0
300993.1875,31232.80078125
571288.125,11915.2998046875
343457.90625,149171.09375
428347.0,264750.59375
285631.09375,5504.7998046875
559001.0,11172.0
327266.40625,103698.6015625
285891.0,7766.0
330744.3125,169687.796875
307456.5,9146.7998046875
292664.3125,7745.7001953125
566690.0,12448.7998046875
396115.5,278699.09375
515580.1875,261801.90625
340988.90625,164566.296875
298497.59375,23243.5
417241.59375,232273.296875
414349.5,228968.5
336894.5,175971.5
278713.5,4883.7998046875
294501.0,6942.60009765625
421518.3125,283744.6875
275863.8125,5197.89990234375
574132.1875,12493.599609375
436246.1875,268321.90625
567069.375,12260.2998046875
294194.1875,36906.8984375
266007.5,4904.5
291092.90625,7214.89990234375
297931.40625,13725.400390625
287450.90625,5865.2998046875
464189.40625,178714.59375
481606.59375,244961.296875
570078.5,12641.0
502205.5,296490.8125
415881.0,249228.59375
294909.3125,12964.7001953125
499879.0,277451.09375
372974.3125,225184.40625
358829.8125,181437.09375
275884.6875,5738.39990234375
318632.09375,64829.80078125
559843.6875,10678.2001953125
262233.0,90737.796875
282828.90625,5168.5
294501.3125,6354.7001953125
323476.6875,57458.1015625
297066.59375,6963.2998046875
507952.0,335695.8125
289018.09375,14730.7001953125
566480.875,105777.5
277338.40625,5282.60009765625
341252.90625,5671.2998046875
553837.8125,17663.5
311095.09375,15591.2001953125
449213.5,257702.0
390719.6875,224401.90625
410030.1875,223023.703125
326919.5,158492.296875
465340.5,72332.0
278787.40625,5564.0
299810.90625,8088.7001953125
559044.3125,13459.7001953125
501769.90625,11470.5
491278.09375,205550.296875
295930.8125,9169.599609375
550649.0,11429.2998046875
552714.125,11504.7001953125
562429.6875,13427.7998046875
420603.59375,274432.3125
266454.1875,5791.89990234375
576666.1875,13074.7001953125
482633.5,301003.3125
569121.0,236168.5
492145.0,310476.8125
540675.375,11397.0
532891.625,10588.900390625
247676.40625,4127.0
285669.3125,5323.2001953125
286533.6875,5436.60009765625
539152.625,11694.0
279162.09375,6500.7998046875
559083.3125,13868.599609375
284958.0,6164.7998046875
294884.09375,6565.7001953125
350331.40625,200529.5
554427.375,11318.2998046875
541787.875,12709.5
323405.8125,123704.5
301855.09375,19687.19921875
288704.6875,4518.0
319918.40625,85011.6015625
453541.5,197223.09375
526957.625,76129.0
298558.6875,21433.400390625
282499.1875,7101.7001953125
413286.0,255199.296875
571897.0,14172.0
549979.0,270114.3125
271696.09375,5296.39990234375
428757.90625,253153.5
300563.6875,6753.10009765625
280240.90625,6004.0
288615.09375,5217.2998046875
303997.8125,6841.10009765625
540825.375,12371.0
546945.375,12043.099609375
434813.90625,239720.296875
300012.90625,5804.5
541246.375,10141.7001953125
326994.1875,74122.796875
337753.59375,115725.796875
299424.1875,67306.8984375
295342.6875,18542.19921875
333072.0,129637.296875
567209.875,31521.5
521308.40625,255646.703125
327418.3125,15348.2001953125
280999.6875,7183.10009765625
275942.90625,13792.0
299654.09375,29927.0
273508.59375,4931.7998046875
508855.3125,153086.09375
505877.5,166912.296875
306876.09375,11225.7001953125
378614.40625,259300.59375
286273.40625,10787.7998046875
553431.875,234420.0
561330.8125,12343.0
298213.09375,6220.7998046875
300940.6875,37568.3984375
459917.1875,263888.6875
329239.0,114941.296875
536729.0,12124.5
324990.0,147717.296875
508283.40625,244689.5
533554.3125,202102.703125
534707.375,299422.0
561683.125,12125.0
565834.625,11667.2998046875
572615.3125,224848.09375
275481.0,5182.2998046875
278365.90625,6257.0
446580.40625,8034.10009765625
293251.40625,6546.5
379906.09375,181449.703125
563290.1875,15013.5
350910.0,121725.0
275512.6875,5962.2998046875
569476.6875,11832.7001953125
526465.0,208538.5
552001.5,10750.7998046875
318653.40625,175858.0
560898.625,13369.900390625
317801.90625,6079.0
283527.90625,4380.7001953125
510565.1875,321708.59375
282999.59375,5864.5
398177.09375,244639.796875
351202.8125,169431.09375
572701.5,13917.2998046875
302415.40625,10039.5
348962.90625,85506.296875
295066.59375,19124.30078125
313417.6875,213174.703125
300532.0,6838.2998046875
310154.40625,10347.0
312680.09375,8006.39990234375
553372.875,11133.2001953125
491041.3125,308063.1875
298590.6875,8351.099609375
315229.59375,73978.0
347059.59375,164585.796875
556108.8125,10494.099609375
505942.09375,213297.203125
537813.875,109360.0
566553.375,97722.6015625
332618.40625,96407.296875
490202.40625,252191.203125
317931.5,12019.0
514536.8125,230260.59375
269339.6875,98843.796875
300630.59375,105018.296875
327405.6875,92741.8984375
330544.1875,189213.296875
349972.1875,171021.40625
433015.6875,183195.703125
330730.0,125391.796875
423926.0,26813.5
326166.09375,10047.900390625
561618.875,12252.5
536861.3125,10614.2001953125
370816.6875,187955.09375
542479.375,12640.0
564904.625,12450.2998046875
333157.8125,150909.09375
552079.625,11077.2001953125
313120.90625,64885.6015625
343372.40625,134660.5
318395.8125,10807.0
287077.59375,8280.2001953125
380161.1875,160685.5
324833.0,113083.5
441133.3125,307360.59375
299033.40625,7512.60009765625
541622.6875,238743.59375
495684.0,230739.0
552759.5,13133.099609375
298287.0,24735.5
256790.703125,4964.89990234375
541697.125,10942.5
315166.3125,170633.5
568399.3125,13396.599609375
287811.1875,5522.2998046875
293986.59375,45076.80078125
391495.5,13647.7998046875
327078.0,172066.0
281504.5,5571.7998046875
294669.90625,6477.5
330545.59375,139195.40625
570797.875,13134.5
389261.1875,9692.2998046875
271788.59375,6744.2998046875
505555.1875,312417.40625
583157.1875,13745.7001953125
562989.0,12504.2998046875
579557.625,13344.400390625
529763.875,12761.0
555170.3125,12001.2001953125
360534.1875,237471.59375
546235.625,14009.5
294765.8125,5974.10009765625
388302.09375,36052.69921875
303758.90625,20859.5
369107.90625,135284.09375
295872.40625,84553.796875
555004.875,11095.5
313637.1875,68704.5
466925.90625,8435.2001953125
300094.40625,92261.6015625
298527.1875,9325.099609375
480543.5,90273.0
570314.0,11242.0
286443.6875,6368.2998046875
593792.625,19142.80078125
304076.6875,38481.8984375
406597.5,237683.796875
270579.5,4621.5
302891.40625,60182.0
317648.90625,18859.19921875
570262.8125,13315.7001953125
525757.875,220280.5
437981.09375,243786.0
318491.09375,10568.2998046875
299221.6875,7846.89990234375
386008.1875,192578.703125
365169.5,144085.796875
290794.8125,5948.2001953125
352407.40625,181329.5
303351.59375,8386.0
540133.125,10064.7998046875
328862.0,43646.30078125
301757.40625,6366.0
291176.90625,5730.60009765625
437728.40625,282178.8125
303226.8125,71027.5
564954.125,12093.7001953125
521414.90625,11107.2001953125
299662.0,62451.0
275954.09375,6207.7998046875
414532.0,252585.796875
305726.0,10109.5
296965.90625,24651.0
432273.90625,219016.5
330435.40625,146776.203125
580865.1875,13235.099609375
295433.90625,6310.10009765625
557302.1875,11530.099609375
557986.375,11556.0
270228.8125,5194.2998046875
380989.1875,11478.5
562940.6875,11549.599609375
287278.09375,9538.7001953125
251613.5,7634.2998046875
342739.0,146627.0
548555.8125,12063.099609375
324361.3125,96823.203125
292289.40625,6873.39990234375
528475.6875,11154.099609375
401605.3125,12341.5
533714.3125,11601.7998046875
312701.0,62539.8984375
416392.90625,231028.796875
284733.90625,5475.39990234375
336736.3125,180760.703125
308666.59375,53723.0
291849.59375,8842.099609375
239084.40625,4423.2001953125
301505.40625,12063.5
272203.90625,4966.10009765625
344395.5,125944.3984375
287144.90625,75757.5
381829.3125,193179.296875
311072.8125,10640.2998046875
519918.6875,10902.0
268378.6875,5761.10009765625
435469.09375,232191.0
383035.3125,231735.40625
537296.625,11688.7001953125
283394.90625,38402.0
502389.90625,13642.5
329882.8125,149606.296875
296361.8125,5769.7998046875
557398.6875,13119.0
566279.1875,14807.599609375
305093.1875,9368.599609375
393647.59375,240049.203125
344217.5,163955.296875
495915.59375,271493.3125
264471.1875,5513.2001953125
546897.0,291100.5
327359.8125,159904.09375
430054.09375,250888.5
457159.3125,224806.0
326965.90625,108260.296875
293104.3125,7832.7001953125
284262.90625,45823.8984375
564832.8125,16720.30078125
260526.796875,5839.2998046875
409020.5,260472.40625
550162.0,9964.599609375
280391.90625,6814.2998046875
319861.1875,10704.099609375
537483.875,14111.0
338751.8125,163439.296875
504612.1875,237384.0
544605.375,18701.400390625
540484.125,17442.0
485435.3125,238474.90625
514905.09375,255577.703125
536974.5,9605.7998046875
325440.1875,11538.7001953125
384741.09375,246307.09375
326192.0,11221.5
429983.3125,232012.59375
283829.90625,6800.10009765625
283246.1875,6342.60009765625
244876.90625,7100.0
298554.1875,27436.5
548718.1875,11025.599609375
518566.90625,328740.90625
300338.6875,100473.6015625
540444.3125,10496.900390625
549607.125,11430.7001953125
291889.0,13623.2998046875
283536.1875,29098.19921875
285907.59375,10454.599609375
570927.8125,13565.099609375
320699.59375,114654.5
288912.3125,6612.5
329158.8125,140649.203125
289471.40625,6356.39990234375
306156.09375,64161.5
280118.40625,5007.60009765625
579581.6875,11162.099609375
574875.5,11722.400390625
298545.40625,27367.0
286625.90625,166076.0
561751.3125,12209.7998046875
507646.1875,265694.0
348536.1875,160220.09375
330411.90625,5536.89990234375
359016.09375,209725.5
378489.8125,209492.40625
442000.09375,276140.6875
509019.59375,9741.2998046875
559103.875,11742.599609375
267823.1875,4715.60009765625
292468.90625,25483.5
423372.3125,9570.2998046875
291033.6875,6361.5
304200.1875,65134.6015625
312835.90625,99913.3984375
282574.59375,5393.5
283491.0,5761.7998046875
531981.125,280809.8125
362068.1875,151159.703125
285901.09375,11457.099609375
348947.90625,120348.6015625
536888.1875,11577.099609375
532686.5,188337.90625
260290.703125,93357.0
285491.6875,46582.6015625
454848.8125,11768.400390625
304822.59375,8948.2001953125
327254.5,7897.2998046875
390506.1875,10567.7001953125
359334.59375,64136.1015625
326009.0,59305.5
543688.8125,12282.099609375
489571.59375,309342.0
356988.40625,162228.59375
562757.1875,10702.099609375
547426.375,12493.5
338429.90625,16177.0
554328.3125,12857.2998046875
270744.6875,5109.0
563052.6875,16755.099609375
361582.90625,211120.90625
487772.59375,371617.0
321172.90625,105443.1015625
312830.6875,76307.1015625
296341.0,21443.900390625
549152.875,192651.0
303789.90625,88727.0
287430.1875,6283.0
298467.6875,9394.599609375
554275.375,12475.900390625
592742.625,14881.5
301442.1875,9630.599609375
486914.3125,198577.40625
382088.59375,159007.796875
278301.1875,79940.203125
326872.09375,127497.6015625
292788.0,7033.0
442521.3125,11901.5
585423.375,16826.80078125
553929.3125,12491.2001953125
579021.875,13629.900390625
526407.625,9854.0
463977.1875,197894.09375
551430.0,11327.7001953125
539575.3125,244136.796875
509069.0,215755.90625
269655.90625,5648.60009765625
393151.1875,242417.59375
295140.5,6290.89990234375
284006.90625,5090.5
548746.375,33959.5
564151.1875,15342.5
278361.6875,5824.60009765625
487554.59375,14851.0
255416.796875,5597.89990234375
329557.09375,61195.19921875
306284.5,7619.2998046875
501770.09375,11057.7998046875
396642.1875,243967.703125
452412.3125,209294.796875
560731.6875,12270.599609375
284839.90625,21429.400390625
338841.59375,11435.5
502795.1875,231184.59375
299002.3125,60870.3984375
566994.625,11770.7001953125
564874.125,12917.7998046875
301202.1875,61317.69921875
569667.625,13445.099609375
286895.8125,6280.10009765625
288834.59375,6228.0
264675.3125,31316.5
263678.90625,6984.7998046875
366009.90625,209889.40625
538711.125,10636.5
334846.1875,146416.59375
268399.3125,5227.2998046875
450912.90625,243537.796875
287341.90625,7487.39990234375
573941.3125,12630.2001953125
541483.625,17459.0
285403.09375,5868.60009765625
497146.90625,264297.09375
311629.1875,86790.6015625
265302.0,5155.39990234375
488145.90625,62400.5
577524.8125,13090.2998046875
524971.1875,205434.0
291703.09375,6956.0
342253.6875,161076.59375
401672.8125,234619.40625
561448.0,18984.80078125
327675.59375,60796.1015625
509406.3125,229231.09375
341144.3125,213328.0
570749.375,11217.7998046875
282438.3125,6813.2001953125
369117.90625,162646.90625
305344.09375,6817.0
310833.40625,49702.6015625
389498.1875,240678.59375
290596.1875,8320.0
264718.90625,8424.900390625
358147.59375,230480.5
462505.5,11097.7998046875
297842.40625,7057.60009765625
407770.1875,243045.09375
292831.8125,6443.7998046875
575966.375,14082.900390625
526222.125,332093.5
273544.8125,4998.39990234375
296767.0,31708.80078125
520648.09375,257398.296875
554204.6875,11795.7001953125
255756.59375,4549.10009765625
309290.0,20521.5
286287.3125,5147.10009765625
546197.125,72901.0
295890.90625,8617.7998046875
444983.8125,227455.203125
579336.875,100511.8984375
554418.625,11052.0
539334.8125,12182.0
449022.5,245504.703125
291469.59375,6969.39990234375
286367.59375,6654.2998046875
294077.90625,5938.39990234375
311492.3125,11765.599609375
346789.6875,194642.296875
325658.40625,74315.5
280838.8125,5918.7001953125
370941.0,266550.09375
283110.6875,6430.60009765625
524439.8125,15112.2001953125
563281.8125,93366.8984375
550471.1875,14674.599609375
454496.59375,222519.09375
338121.09375,181684.796875
335832.90625,176451.90625
374368.0,237919.703125
269073.1875,5391.7998046875
355642.0,116651.6015625
444203.1875,312008.09375
349254.3125,118710.703125
578164.3125,11534.400390625
553414.125,99440.203125
299846.09375,83333.8984375
306006.0,49312.6015625
566707.625,10438.2998046875
453290.40625,290905.40625
555097.8125,12141.099609375
571431.1875,12217.7998046875
569669.5,11017.2998046875
283102.1875,4785.60009765625
327368.8125,66130.203125
411872.09375,6335.2001953125
254409.0,130313.6015625
299926.09375,9997.7998046875
545671.5,276817.6875
374424.3125,145361.09375
601566.6875,12588.7998046875
285911.3125,6371.7001953125
547028.5,10519.099609375
376654.09375,211153.296875
420282.3125,223329.203125
325319.59375,41008.19921875
573713.1875,14247.099609375
560243.125,17613.400390625
499295.09375,14235.599609375
301861.3125,162416.40625
282935.3125,10643.5
305371.3125,19218.30078125
261260.59375,4984.0
386278.09375,201018.59375
581874.125,12078.7998046875
301700.40625,7548.89990234375
269182.8125,8632.599609375
300585.1875,22471.30078125
284857.40625,5740.0
475268.8125,302108.6875
535697.0,34025.6015625
554264.625,12088.7998046875
289714.09375,5346.89990234375
288908.59375,7747.2998046875
554061.375,12527.400390625
574590.0,11664.2001953125
325065.8125,108239.6015625
498613.6875,10997.7998046875
333776.40625,173393.0
411488.8125,224133.703125
308200.5,9230.099609375
342057.5,122298.796875
573222.625,12842.2998046875
328229.3125,106719.203125
425292.3125,8898.900390625
474283.59375,251603.40625
430630.40625,118379.8984375
270124.6875,5496.7998046875
298318.40625,11994.5
302030.3125,19708.69921875
285823.5,4779.60009765625
551034.125,15574.7998046875
381386.6875,267211.09375
569077.6875,10244.599609375
515041.59375,13083.400390625
576383.625,13795.7001953125
306901.3125,18754.0
551183.8125,188461.296875
428946.09375,272572.59375
539813.125,240338.703125
347255.5,121058.296875
317868.59375,9518.900390625
535006.5,15337.7001953125
556851.8125,12108.099609375
296796.5,34381.1015625
310843.09375,14211.2998046875
368464.8125,165770.09375
310357.8125,50542.69921875
363657.0,173324.59375
600385.5,14387.7998046875
331072.09375,102235.796875
537140.1875,10192.599609375
264109.6875,5436.10009765625
302634.09375,6042.60009765625
270654.8125,7763.89990234375
578552.3125,13034.0
320658.8125,53319.80078125
456824.59375,267522.0
398367.5,221787.0
255208.5,3997.800048828125
572920.8125,13624.0
376543.5,227149.296875
565695.5,10458.2998046875
476859.90625,331262.1875
300596.6875,18097.80078125
281877.5,5039.39990234375
570042.8125,11256.400390625
538356.125,11729.900390625
420448.0,227294.09375
288271.59375,6290.7998046875
333308.90625,98949.3984375
288668.5,7721.7001953125
561378.375,11451.0
307187.3125,84643.703125
468483.5,12425.599609375
352237.09375,179747.40625
262013.0,4818.10009765625
601109.125,16914.80078125
296039.90625,12312.400390625
529819.3125,290284.09375
294547.6875,7786.7998046875
306593.3125,106741.703125
304502.59375,41630.30078125
292379.1875,7674.60009765625
255881.796875,6122.7001953125
315608.8125,33861.3984375
435768.40625,263326.40625
516514.09375,253165.90625
290311.59375,7327.10009765625
294312.8125,7007.89990234375
303853.3125,9136.0
438201.3125,332232.3125
392895.59375,112686.6015625
317385.3125,54796.5
532858.625,312612.1875
344845.0,195908.796875
287398.40625,5615.2001953125
398194.1875,163496.09375
437715.1875,260207.5
326140.0,200403.90625
282463.1875,5833.2001953125
292801.40625,93898.8984375
555546.8125,11650.099609375
489212.0,10542.599609375
365991.09375,252052.90625
265946.0,4594.60009765625
441641.5,229214.703125
266490.1875,4992.2998046875
386914.40625,252633.0
529541.3125,252491.203125
287518.0,5688.10009765625
406402.59375,263125.8125
304871.90625,16099.400390625
588203.3125,14101.599609375
253822.203125,4978.2998046875
569656.0,10490.099609375
604298.0,15554.7998046875
571199.125,178703.296875
306676.8125,58411.69921875
307115.3125,9043.400390625
303118.09375,6591.2001953125
299925.59375,7043.89990234375
427763.59375,163934.09375
296526.09375,7987.7001953125
493940.09375,240775.09375
415778.8125,187069.5
294233.59375,14629.7998046875
292106.40625,10008.400390625
565739.0,13491.2001953125
554377.6875,10938.2998046875
489723.90625,292309.0
560537.8125,11566.2001953125
280702.0,21951.30078125
418037.09375,296317.8125
264268.1875,6880.39990234375
583231.375,13622.2998046875
495174.59375,297879.09375
322415.59375,159792.5
288512.90625,8743.7998046875
551506.375,13298.5
520017.3125,9185.400390625
303894.40625,12163.400390625
539291.375,11302.7001953125
306379.3125,10743.2998046875
322632.5,107408.796875
541777.3125,12089.2998046875
272372.3125,7818.10009765625
299295.90625,6339.89990234375
293568.5,96548.796875
487539.90625,293097.90625
425015.40625,301135.1875
410646.40625,274986.40625
533015.8125,269150.1875
286397.3125,5956.60009765625
326462.1875,95730.8984375
292216.09375,6255.10009765625
452481.59375,236030.59375
268114.59375,5374.89990234375
276909.8125,43238.3984375
549852.8125,11390.099609375
566647.6875,9924.400390625
488157.59375,279018.09375
355747.59375,198605.40625
316265.8125,74624.296875
295702.8125,6919.39990234375
508576.90625,9168.099609375
564683.375,13099.0
512016.1875,13018.7998046875
273043.90625,5563.2001953125
302331.8125,9038.2998046875
285441.40625,5249.2001953125
354393.0,144036.296875
320883.3125,91912.5
401048.5,294157.8125
410992.8125,280918.3125
297835.5,6147.5
586894.625,12271.7998046875
282177.90625,7391.39990234375
464646.09375,167091.796875
274231.40625,5516.7001953125
347225.8125,204517.203125
302692.1875,8693.7001953125
533918.625,10504.2001953125
263769.5,4806.7001953125
279037.59375,5837.89990234375
329438.90625,117210.1015625
468249.3125,275437.09375
565651.6875,20685.900390625
297911.40625,58945.80078125
335686.09375,111057.1015625
286450.59375,5963.60009765625
309227.8125,61004.30078125
442871.8125,345740.90625
358872.90625,206904.59375
498097.6875,338532.40625
392227.59375,204241.59375
286517.3125,6495.2998046875
253909.796875,13800.400390625
397474.40625,228844.09375
276918.59375,5617.0
381212.90625,178306.296875
282572.40625,6185.0
273266.3125,49488.3984375
482284.6875,10845.2998046875
274528.09375,5186.2001953125
384686.90625,247878.703125
312809.8125,57186.80078125
288097.8125,5019.7998046875
532850.625,195343.0
424706.8125,187277.59375
285500.0,6139.5
317213.90625,73115.8984375
335062.0,127941.296875
516462.90625,9327.900390625
445266.59375,179378.796875
459141.90625,298097.6875
524404.875,10608.400390625
335042.3125,136215.703125
532809.1875,226417.40625
419436.90625,210845.796875
273610.59375,6160.60009765625
311518.59375,83637.3984375
371042.8125,184029.796875
550944.125,15611.0
578266.8125,12548.900390625
554546.3125,12420.099609375
326057.59375,102666.6015625
297302.09375,6743.39990234375
483586.8125,243696.296875
442685.8125,13491.400390625
367095.40625,167510.59375
548352.375,12201.2998046875
295679.90625,7423.0
286085.90625,4849.39990234375
565672.625,11986.2001953125
546932.875,12617.7001953125
369888.8125,203812.796875
261995.296875,4322.60009765625
611608.6875,167909.40625
303283.40625,12426.7998046875
519796.09375,15441.099609375
290697.3125,7825.2998046875
287473.3125,27323.400390625
459092.40625,6758.10009765625
459788.09375,7688.5
263832.40625,6646.7998046875
276897.40625,5567.5
306688.40625,9125.900390625
462803.6875,251697.796875
556087.8125,12198.599609375
321637.6875,105259.8984375
563260.375,12619.7998046875
330930.59375,188106.59375
304657.59375,6560.60009765625
350771.09375,10837.900390625
559407.8125,240785.90625
283907.90625,4631.10009765625
294152.09375,17409.5
315527.90625,78144.0
560259.8125,12955.900390625
495329.40625,184466.296875
414734.59375,221277.59375
264659.59375,6995.60009765625
513678.09375,11116.400390625
470206.3125,175504.296875
421621.1875,273765.90625
421943.40625,222226.296875
563245.125,12629.599609375
310637.09375,8965.900390625
571160.3125,11155.2998046875
295162.09375,7703.0
303440.90625,7878.5
304714.3125,27402.900390625
476803.6875,232447.90625
541478.375,177529.296875
287627.09375,5208.60009765625
306682.09375,51769.6015625
291567.59375,5376.89990234375
301285.8125,7991.7998046875
292715.3125,6567.60009765625
294489.1875,9269.900390625
349519.40625,182246.296875
542359.625,12667.099609375
460430.59375,7894.39990234375
540562.3125,270911.8125
288982.90625,5056.7998046875
572923.125,11323.099609375
294136.8125,6599.2998046875
251680.296875,7013.89990234375
441671.40625,329722.8125
575365.375,242371.5
346350.1875,73074.796875
550454.625,11545.2001953125
446268.40625,221357.203125
283403.90625,5772.7998046875
282227.8125,5967.7998046875
255387.40625,4619.60009765625
552102.875,257809.296875
505213.6875,257340.0
310108.1875,6724.89990234375
386588.59375,231805.203125
566629.375,149663.0
442211.6875,255449.296875
553366.0,9978.599609375
494803.59375,212070.90625
475097.59375,222373.40625
336317.0,205323.90625
297832.0,6683.2998046875
360497.40625,219855.796875
309799.0,51076.8984375
469526.1875,10394.5
296410.40625,59584.5
382145.8125,208920.203125
374685.6875,233158.296875
512997.5,177330.09375
304800.09375,9333.599609375
562813.5,11089.900390625
280407.09375,5200.0
444416.90625,10408.2998046875
295617.5,6840.39990234375
542963.1875,8338.5
342849.1875,142152.40625
570646.0,12276.2998046875
488285.40625,226482.5
290415.1875,5692.7998046875
280956.09375,4970.89990234375
567529.0,18800.80078125
305025.5,6843.39990234375
300705.6875,50925.0
496799.6875,204723.90625
565771.0,11155.7998046875
287103.40625,6115.5
352160.8125,214889.203125
577429.6875,12619.2998046875
285264.09375,6575.89990234375
533263.5,10603.099609375
437578.09375,283062.59375
344132.09375,16610.400390625
529565.875,21810.80078125
331867.3125,49720.0
281303.09375,17482.400390625
293009.5,8429.7998046875
568772.875,13470.7998046875
355511.6875,186148.5
564354.625,10820.2001953125
417556.90625,217818.0
406062.3125,280259.1875
360490.0,173453.09375
570235.125,13045.599609375
577488.5,13258.7998046875
576664.5,13545.400390625
448092.0,207566.296875
526721.8125,158491.703125
276777.1875,5573.2998046875
389689.09375,234612.40625
562555.125,12637.099609375
382117.5,167490.796875
278242.59375,40515.5
300053.6875,6266.0
540259.1875,13199.400390625
285413.0,5861.7998046875
549739.875,91513.5
415828.6875,227138.796875
272491.59375,13420.900390625
406206.59375,244096.90625
442372.5,314172.3125
486566.09375,194402.5
523045.1875,10718.5
281259.6875,5795.89990234375
288991.09375,8339.2001953125
468469.90625,257300.5
393863.0,256098.90625
302886.0,9867.7998046875
382429.59375,188286.5
283845.5,16336.400390625
276518.5,5614.39990234375
302812.0,44085.30078125
279943.09375,5134.5
570208.875,10156.2998046875
289430.1875,16060.5
382398.1875,160282.40625
419977.5,290872.8125
418580.09375,222608.40625
286253.3125,10878.7001953125
353144.59375,151320.203125
305030.3125,189588.40625
311080.3125,109385.796875
322831.59375,47437.69921875
362638.8125,191568.40625
569897.0,23603.5
297434.90625,18854.5
369726.8125,246520.40625
400966.59375,188087.90625
422770.8125,250014.296875
248699.203125,3996.60009765625
583586.375,12444.7001953125
376197.8125,211042.5
381719.5,247523.296875
352225.1875,130129.5
295533.59375,51396.69921875
401866.8125,194621.40625
272112.8125,5866.7001953125
296212.3125,8239.900390625
290395.09375,131535.90625
287957.6875,4324.60009765625
321797.3125,130919.296875
270583.6875,5449.60009765625
555502.8125,11677.0
287354.5,129285.796875
379532.09375,197957.40625
599172.3125,16697.19921875
388078.3125,162749.796875
397590.0,225529.5
379121.8125,177385.703125
275313.3125,5248.39990234375
370342.09375,201059.90625
278317.59375,6107.2001953125
305817.8125,182414.90625
318222.3125,117707.296875
383500.0,203380.0
315976.8125,83719.203125
283267.40625,5758.5
403191.8125,238778.90625
595559.625,14402.400390625
558097.6875,13548.599609375
276968.3125,6117.60009765625
310042.90625,5225.7001953125
251116.296875,6250.5
286554.5,5675.7998046875
286140.8125,4816.2001953125
265137.90625,4887.0
521636.8125,10401.900390625
557279.1875,12091.099609375
559362.3125,10999.2001953125
585907.3125,12080.7998046875
517108.5,11904.0
305482.90625,10851.5
558927.8125,9775.900390625
297424.6875,33400.6015625
576315.6875,13955.599609375
569016.8125,239388.5
564084.3125,12450.099609375
531611.875,11105.2001953125
335514.09375,159163.703125
331812.3125,141210.90625
316450.3125,80012.296875
291805.5,5790.5
421248.3125,286330.1875
293212.90625,8350.5
583344.125,13720.900390625
485751.8125,257874.796875
575580.1875,13428.099609375
539031.3125,221044.0
283028.59375,5118.2001953125
276279.8125,5078.89990234375
501414.3125,388266.8125
302919.8125,12774.2001953125
276653.90625,5553.5
571136.8125,13787.400390625
337625.1875,125790.1015625
568967.8125,12205.7998046875
366089.1875,178386.59375
588018.3125,97549.0
295851.8125,6300.10009765625
306662.09375,8288.2001953125
326590.3125,116332.3984375
277561.3125,56150.69921875
309719.40625,49212.0
498513.3125,219899.40625
283856.59375,6714.89990234375
301078.8125,7817.7001953125
293075.59375,6468.7001953125
565496.8125,13697.400390625
350324.8125,149788.796875
317695.5,91316.0
391560.40625,229505.5
502329.8125,239800.40625
549847.6875,341192.09375
348890.3125,202417.796875
397471.1875,255104.09375
294694.3125,6690.60009765625
302411.90625,6200.7001953125
559149.8125,10988.599609375
293863.8125,6540.0
440846.0,238744.796875
313285.8125,7899.2001953125
360132.59375,271416.6875
308960.8125,5378.89990234375
294599.8125,56376.80078125
420978.0,281420.5
557093.3125,12563.7001953125
302309.3125,10115.900390625
324074.1875,141495.59375
276402.8125,156938.296875
561445.6875,23714.099609375
407997.3125,261104.0
448190.8125,132011.09375
311801.90625,127870.203125
560770.8125,11342.599609375
494693.59375,166503.203125
449584.3125,254693.40625
403123.3125,228123.296875
302539.5,7664.5
417242.8125,202977.203125
475193.3125,163757.90625
301921.59375,9124.900390625
476612.8125,283263.8125
270602.3125,5663.60009765625
255769.90625,9616.2001953125
535365.5,337337.8125
336861.40625,155943.40625
264407.3125,6421.2001953125
563759.625,171733.203125
291178.3125,69856.3984375
372460.3125,202047.796875
373833.5,254415.0
290388.8125,7159.2001953125
292779.90625,6242.0
288146.8125,6243.39990234375
520989.09375,235337.40625
539499.3125,221672.703125
302440.40625,12871.5
371548.3125,198607.40625
514942.09375,207825.90625
295680.1875,91980.1015625
375559.6875,242096.09375
437882.8125,207261.59375
456666.90625,230970.703125
318877.3125,12201.599609375
293200.0,5959.7998046875
497566.5,197452.203125
523890.90625,10334.900390625
474149.3125,9866.5
282562.6875,6066.2998046875
405886.8125,21508.5
317102.5,8060.7998046875
304700.40625,67537.296875
292623.1875,7357.60009765625
280025.5,4935.5
317097.59375,19054.80078125
449397.09375,293174.40625
326267.5,92817.296875
548359.375,11302.2998046875
579192.3125,12702.099609375
533261.625,62937.3984375
291326.3125,6810.7998046875
570684.8125,14224.7998046875
400092.1875,213259.0
514498.09375,217625.59375
257012.5,5376.89990234375
417870.0,203324.0
272055.90625,8226.400390625
453577.0,301181.5
309822.1875,93350.3984375
311931.3125,53638.5
305283.8125,62442.0
400232.1875,224315.40625
304668.8125,19389.0
349145.0,145416.796875
289764.40625,8067.2998046875
271916.0,6607.0
312843.1875,11776.099609375
516485.09375,8624.0
351688.59375,169831.296875
285051.09375,8876.900390625
545043.875,22621.80078125
532518.5,271769.5
282259.5,5070.2001953125
367716.0,182021.0
298722.0,5458.5
292917.5,5967.2001953125
437290.40625,181405.40625
281063.0,6769.0
396120.3125,144113.5
389089.6875,164798.40625
251580.703125,4772.7998046875
551802.3125,99129.0
280690.0,5122.2998046875
566294.375,13595.2998046875
421519.6875,232707.09375
495284.5,10268.5
378895.8125,241917.5
295683.59375,8821.7998046875
294205.5,54641.30078125
378335.90625,227773.796875
456516.0,12380.5
295428.0,9201.2001953125
545721.0,13317.5
308580.40625,50804.19921875
554580.3125,14176.0
509032.1875,201675.5
293046.6875,6399.89990234375
420841.6875,163895.796875
276944.8125,10476.0
495382.5,292370.3125
357187.5,182798.5
573217.375,15074.900390625
354781.5,189343.5
348030.90625,160251.703125
283355.8125,7584.5
399533.1875,9603.400390625
280835.6875,5998.2998046875
291392.3125,5783.0
303200.5,93219.296875
282734.0,5436.5
376914.3125,211396.5
549154.6875,12529.099609375
411811.09375,207186.296875
540674.625,11237.400390625
330155.0,117740.796875
549507.375,10735.2998046875
453050.8125,224108.796875
374238.3125,236036.796875
563780.3125,12589.2998046875
507169.0,297636.1875
461615.40625,215324.203125
284928.8125,6381.5
552955.875,10580.400390625
284077.5,6049.5
261744.90625,6054.2001953125
274410.3125,5653.5
327401.6875,99017.0
441881.1875,162914.796875
504379.0,13765.2998046875
295707.5,6163.0
373784.90625,217787.90625
592163.375,16642.69921875
511374.8125,228648.5
490467.40625,266714.90625
294848.5,39146.0
269830.90625,74071.203125
278634.3125,6331.0
310581.6875,37723.80078125
314958.40625,103967.296875
290038.6875,5166.60009765625
326890.1875,12016.599609375
568979.625,12504.5
564514.625,12986.7998046875
280304.90625,39295.30078125
571524.8125,12521.7998046875
297531.3125,44205.30078125
367697.1875,164170.0
315272.0,5474.60009765625
424551.0,222435.90625
555576.1875,11237.5
291998.90625,14979.599609375
372279.0,198405.0
563423.375,73681.3984375
501305.5,188870.0
282454.40625,7170.2001953125
420704.1875,307392.0
289338.5,58252.5
274168.5,5747.7001953125
280904.8125,5723.0
314417.6875,11091.5
501269.6875,251150.90625
560815.6875,11672.2998046875
564032.0,11857.7998046875
401457.5,264405.3125
397425.90625,267009.8125
402410.1875,233695.09375
277346.5,5188.0
558643.3125,11766.0
517026.59375,253719.5
587624.125,17759.80078125
558047.8125,12045.599609375
575297.125,12456.900390625
384885.3125,7416.2998046875
387725.3125,246830.296875
402760.6875,270320.0
248704.0,8910.5
308048.5,106630.203125
540014.875,10270.7001953125
264185.3125,5273.0
294247.6875,4773.0
298796.6875,99313.3984375
458942.40625,269352.3125
457880.0,235683.5
554052.1875,10636.599609375
349669.09375,10874.5
365123.59375,212012.296875
332663.59375,161146.90625
321234.5,208659.796875
275698.3125,5544.2998046875
270134.8125,4939.7998046875
298804.3125,7614.7998046875
363312.1875,198411.5
320649.0,108800.1015625
477257.59375,205494.59375
558568.625,14098.2001953125
304966.59375,7699.0
289029.59375,10646.2998046875
322077.0,72075.3984375
426593.0,297547.59375
400107.09375,252790.5
288605.59375,5895.2998046875
258481.59375,21700.400390625
312823.0,98142.203125
568467.375,246217.0
347816.90625,176997.5
345049.90625,163589.40625
347690.6875,198021.0
292435.5,45097.8984375
351651.3125,162551.203125
297681.09375,6891.5
287674.59375,6260.7998046875
288060.0,9571.900390625
451086.5,271893.59375
297910.09375,18310.0
273480.09375,50165.0
257932.59375,5835.2998046875
246062.40625,102383.0
333790.59375,247728.703125
299749.09375,6527.5
475016.09375,169140.796875
294343.5,5836.89990234375
530257.125,11697.5
291205.59375,5346.89990234375
567779.5,11977.7001953125
309298.90625,34808.0
517862.40625,275901.5
450969.3125,253095.0
315642.40625,62228.30078125
292388.8125,9156.5
302366.40625,38692.80078125
289565.8125,18104.099609375
536688.3125,183842.203125
359854.3125,45170.8984375
548801.6875,12589.2998046875
307234.59375,41708.80078125
553665.0,11859.900390625
407313.1875,220689.90625
566925.6875,10984.7001953125
580580.6875,13234.400390625
409572.59375,11364.2998046875
358782.5,270682.09375
583501.125,14849.7998046875
288186.59375,10174.2001953125
317007.09375,10891.0
362009.59375,213315.796875
335824.5,121993.6015625
479941.59375,13437.0
557981.625,10505.7998046875
574808.3125,14195.5
571843.875,12348.2998046875
399058.90625,236661.90625
280867.8125,5813.5
330329.40625,146263.296875
297026.3125,218268.59375
313135.3125,10817.2001953125
526260.8125,9902.900390625
560542.0,11986.400390625
587305.6875,286117.90625
493250.6875,226795.703125
280916.1875,4829.39990234375
567465.5,12605.7998046875
296043.1875,7357.0
520330.59375,341939.6875
296181.59375,43579.5
548494.625,12173.7998046875
434953.0,266453.40625
305122.0,40496.6015625
308541.59375,91062.5
496138.09375,294329.3125
276231.59375,5826.0
292903.59375,6410.7998046875
547050.5,11470.400390625
289183.0,10129.599609375
419510.09375,296780.8125
280431.59375,165830.40625
465069.0,299762.6875
303886.40625,11151.5
467452.90625,307106.0
422662.40625,214186.296875
464896.90625,329401.40625
572613.3125,13720.5
293202.40625,13442.2998046875
295580.6875,12117.5
322883.5,46453.8984375
561831.8125,280699.59375
561657.8125,14869.7001953125
415604.59375,93116.203125
450270.0,160148.0
308090.6875,7926.7998046875
384352.59375,12505.7998046875
371991.5,193420.40625
360082.6875,9021.2001953125
557356.6875,12744.900390625
350269.0,10739.2998046875
287694.6875,6029.89990234375
297491.3125,9175.099609375
572941.6875,68180.0
290492.40625,6846.39990234375
277174.3125,6220.10009765625
403560.40625,280424.3125
301909.09375,6802.5
383394.59375,241992.296875
542629.5,229558.59375
452968.09375,271921.0
301338.59375,88020.8984375
506348.40625,252338.5
494971.40625,224838.5
288289.90625,6411.89990234375
377468.0,196899.90625
322734.8125,83508.1015625
451254.3125,190181.703125
567066.625,14754.2001953125
501181.6875,201201.296875
351199.09375,134062.296875
253912.203125,6963.2001953125
305513.0,7911.7998046875
594194.125,402420.1875
534504.625,17959.30078125
307676.0,12337.099609375
558215.125,79718.0
250705.09375,57048.30078125
264919.40625,6250.5
373382.40625,13424.0
506623.3125,272423.5
547960.3125,121100.0
383829.6875,221932.5
552943.0,13872.900390625
391118.8125,256156.703125
314007.5,231474.0
278612.1875,6323.7998046875
288680.09375,8021.7998046875
343758.0,202452.90625
535757.6875,13368.900390625
564373.6875,13461.5
248196.703125,40363.8984375
269631.8125,7292.60009765625
278595.1875,53780.5
295064.90625,7844.5
296793.8125,7576.7001953125
562960.3125,14864.099609375
539689.875,10946.7998046875
314521.59375,9981.7998046875
368998.09375,195881.5
266071.59375,6116.39990234375
535833.875,233536.5
554693.125,13678.099609375
420689.6875,226555.59375
269052.5,6491.7001953125
476837.59375,10640.7998046875
550178.625,11934.599609375
292678.3125,6213.2998046875
290630.8125,52376.80078125
559012.3125,14650.7001953125
284962.59375,6679.0
299625.5,7494.7001953125
310825.59375,52273.19921875
530816.625,139944.0
520163.5,298875.40625
297232.09375,17384.0
495290.59375,247881.296875
294551.5,7655.7001953125
307701.40625,36394.5
551261.375,13289.5
470075.3125,253346.0
378969.40625,232016.296875
405451.40625,235296.40625
302032.8125,7882.5
547737.6875,106516.0
378560.3125,214338.59375
279597.3125,5340.39990234375
289845.09375,6820.2001953125
285556.0,6090.0
302312.6875,30381.30078125
297793.1875,7717.39990234375
433161.6875,287970.1875
256131.203125,4316.0
396175.40625,241197.0
483108.8125,212247.703125
440654.40625,314834.1875
468944.8125,310399.09375
323988.90625,77650.703125
536140.125,10809.5
490462.59375,280869.3125
267741.0,6452.89990234375
287670.09375,6103.5
325278.09375,12784.0
336153.5,96357.703125
322206.40625,14001.0
294056.40625,6370.5
552890.3125,12046.0
320104.40625,153873.796875
274278.0,6205.10009765625
540698.5,268082.90625
289713.8125,7698.39990234375
284781.5,7454.0
291524.09375,53228.30078125
503954.0,269095.40625
274729.6875,5659.39990234375
460751.1875,10053.5
335117.3125,141022.09375
579560.375,14855.900390625
551642.3125,10540.2001953125
289043.3125,7041.60009765625
283713.90625,6708.7998046875
302695.40625,6513.2001953125
540671.6875,12866.900390625
288709.09375,130686.296875
576337.625,13175.900390625
286316.90625,7205.0
345641.59375,85268.6015625
556932.6875,13702.599609375
562348.0,14174.7001953125
298563.1875,79575.703125
330472.8125,109518.796875
286870.59375,13334.599609375
300543.0,8309.5
320393.0,121484.203125
356379.40625,170651.796875
559047.8125,11538.2998046875
571651.375,13718.2001953125
288744.5,12178.5
349187.59375,168929.796875
289316.40625,6777.2998046875
280142.09375,5464.2001953125
309750.09375,79332.0
305787.59375,112255.296875
573208.0,17085.400390625
429299.5,320031.59375
355965.09375,185175.0
455591.59375,267507.3125
556464.625,247371.40625
373285.0,276950.6875
491131.90625,263038.5
360793.40625,200951.0
383394.0,240926.40625
338151.3125,139800.09375
406435.3125,294772.90625
580359.5,20248.0
286432.1875,6898.39990234375
292577.6875,26817.900390625
325786.5,74624.296875
551505.6875,11681.5
265734.6875,6345.89990234375
318148.6875,191832.0
427203.1875,203406.5
308837.59375,96387.296875
298591.5,7575.89990234375
554960.5,12346.099609375
264808.59375,4928.7998046875
550141.875,14322.5
322832.40625,90189.5
547354.3125,11467.0
560375.875,15036.900390625
550436.1875,95213.5
389317.0,243346.40625
430802.3125,269784.59375
288908.3125,9105.7001953125
364170.3125,167270.90625
536148.125,8888.2001953125
356224.5,155360.0
280209.0,110305.3984375
372513.6875,221281.90625
265384.5,7059.2998046875
516365.1875,9990.900390625
519517.8125,243031.59375
426835.90625,309698.0
545558.6875,12506.0
600554.875,34288.8984375
268203.3125,5014.2001953125
292475.40625,7207.7998046875
257219.40625,5712.7001953125
457964.6875,228110.90625
381286.09375,206082.0
297646.40625,9867.0
258811.59375,5946.10009765625
562956.625,11965.099609375
453617.1875,220683.59375
400566.5,242867.703125
268591.3125,5721.60009765625
554158.1875,11726.7001953125
303665.8125,7659.7998046875
524480.875,227800.296875
403972.09375,199677.09375
249186.5,5101.0
296097.3125,7364.7998046875
259280.5,13034.7001953125
475530.3125,223099.796875
389279.40625,221695.203125
270824.59375,4938.2001953125
317341.0,132682.90625
306893.09375,22019.69921875
277477.09375,6774.5
510519.59375,251102.296875
254541.5,21008.599609375
426699.59375,320816.0
304666.59375,6969.0
540693.125,281110.3125
355436.59375,211109.90625
411303.90625,11334.0
373265.90625,212355.0
406691.3125,75630.5
377928.90625,257436.296875
298283.90625,38671.8984375
509702.3125,233380.5
288043.40625,6445.7998046875
562807.6875,12813.5
387971.5,235703.09375
554463.625,15029.2001953125
283993.1875,7245.7998046875
356303.59375,161152.296875
294042.5,23403.400390625
375910.1875,11673.7001953125
318148.1875,60118.8984375
453916.5,205812.796875
305489.1875,80279.0
298062.59375,136121.703125
401916.59375,197828.296875
301331.5,11803.900390625
430651.09375,300543.5
480222.09375,199302.90625
280779.40625,6431.0
568496.875,14308.5
532524.8125,11711.5
541969.875,12421.7998046875
286114.90625,9130.900390625
455619.8125,331932.0
475462.5,12846.099609375
498454.0,242688.90625
263629.3125,5616.10009765625
496340.8125,258211.40625
261858.0,5619.0
507247.09375,12382.7998046875
496402.5,275891.90625
329861.6875,74320.8984375
270904.1875,7472.7001953125
297175.0,6341.7998046875
270998.6875,6752.0
289417.1875,5839.39990234375
297311.3125,96947.6015625
331150.1875,118900.0
345573.40625,153341.40625
540043.8125,16109.2001953125
285149.90625,39655.19921875
551126.375,13696.7998046875
558584.875,11834.2001953125
437938.1875,131429.40625
291034.59375,5409.2998046875
259455.59375,6096.0
299567.59375,75418.3984375
318543.90625,13870.0
272054.59375,34041.6015625
396670.6875,175102.09375
294094.5,86691.703125
544705.3125,9041.099609375
322940.6875,62930.69921875
312315.09375,88713.296875
289441.8125,83138.796875
555824.5,12340.7001953125
283472.40625,6740.2998046875
535099.375,244276.703125
460531.59375,272666.1875
329228.0,141128.40625
281572.8125,6718.89990234375
448679.5,217563.5
330039.09375,94988.796875
271018.40625,5902.7998046875
563024.125,11676.0
277196.5,5082.7001953125
498007.90625,310866.09375
245647.296875,5533.2001953125
401347.6875,300484.90625
315977.59375,95765.6015625
270462.3125,6584.0
498618.40625,23862.099609375
381606.6875,174847.296875
552461.6875,11432.7998046875
279094.59375,6093.2998046875
572486.625,11969.599609375
264244.8125,7141.2998046875
507887.09375,327481.3125
353803.3125,155355.90625
320075.09375,75419.3984375
257090.59375,6179.2001953125
545485.6875,13059.400390625
354593.0,140295.796875
275574.6875,6379.7001953125
257580.59375,4678.89990234375
365550.1875,218594.09375
295854.09375,6971.7998046875
263245.5,9592.7001953125
509592.5,12148.900390625
334216.0,175411.703125
287458.59375,5516.10009765625
263159.1875,4450.0
290405.5,6938.2998046875
396882.40625,230604.5
395640.09375,250104.09375
518103.59375,242974.296875
329059.59375,73786.1015625
566725.1875,14350.400390625
536722.3125,13024.5
327142.90625,131375.09375
308254.6875,45075.30078125
490314.59375,271113.8125
353538.59375,214912.09375
400774.40625,243991.796875
574377.1875,72644.0
567451.125,14726.400390625
296730.59375,8069.2001953125
278948.90625,5817.7998046875
560134.6875,12573.400390625
560494.0,14767.7998046875
290105.3125,6967.89990234375
536890.125,239559.90625
540229.3125,118586.8984375
308919.0,25341.19921875
359257.0,241833.90625
295766.5,85920.203125
559972.625,14775.099609375
577458.0,14369.7001953125
515007.1875,98027.0
377019.0,231050.796875
329158.8125,84025.203125
398672.59375,239980.0
341859.59375,137463.09375
348936.09375,224754.09375
333918.6875,97091.8984375
308094.0,11253.2001953125
265786.59375,6029.2998046875
303865.6875,16109.400390625
390920.0,266115.09375
571467.3125,14833.7998046875
278855.5,33411.69921875
426116.09375,241715.90625
559842.375,12346.099609375
427322.1875,208156.296875
548527.0,19427.400390625
315521.59375,85240.796875
534872.375,11933.400390625
259837.40625,57159.19921875
381411.59375,214291.703125
265256.59375,7205.5
342950.8125,109545.3984375
624033.1875,128573.296875
309992.6875,167389.90625
315665.3125,82699.703125
542841.625,13583.0
370273.40625,185425.5
386520.8125,145059.203125
302465.09375,108518.0
466341.09375,285386.5
284667.90625,6641.7001953125
403587.0,239574.0
556263.3125,11284.400390625
533428.6875,11194.7998046875
287246.1875,8456.5
273182.3125,5953.2998046875
403643.1875,222282.59375
308908.8125,4624.2998046875
283337.40625,6646.2998046875
307501.59375,10219.7998046875
548725.6875,12461.0
268828.8125,18995.900390625
288158.59375,9032.7001953125
257142.90625,5200.2998046875
304116.5,28384.30078125
259054.703125,5834.7001953125
552375.6875,13398.599609375
559970.625,12113.7998046875
295480.90625,10322.2998046875
334509.8125,163342.40625
300639.5,8558.7001953125
262942.0,7305.89990234375
288621.0,9649.7001953125
581665.125,17563.099609375
560534.0,12163.7998046875
312782.8125,60345.3984375
329340.90625,100978.5
546393.375,105017.1015625
305890.59375,104749.796875
532254.625,13110.2998046875
282770.6875,10034.5
315011.8125,10443.7998046875
318301.6875,165991.09375
424290.09375,249377.796875
561009.1875,11355.5
487861.3125,207404.40625
443427.09375,210151.703125
292338.90625,10615.7998046875
308028.1875,110505.3984375
295634.0,6009.2998046875
276685.3125,5325.39990234375
264184.6875,8243.2001953125
305953.6875,116047.1015625
534545.625,11787.2998046875
526626.875,16408.80078125
371717.3125,213344.40625
548397.5,22463.5
263288.5,6377.2001953125
581458.0,13752.400390625
562124.5,300098.1875
333196.5,194556.203125
542957.6875,155418.0
445857.8125,309476.40625
309534.40625,107934.0
418823.8125,202462.703125
394514.59375,211247.296875
306723.6875,10629.900390625
506947.0,329009.6875
300397.1875,64975.8984375
596053.0,15422.599609375
316471.0,61451.69921875
287767.09375,6191.39990234375
494178.8125,332045.1875
528064.6875,13916.2998046875
529367.125,171905.296875
298726.6875,7228.7001953125
318468.90625,16977.900390625
419227.90625,265774.6875
300792.59375,6666.7001953125
555902.875,157842.90625
530284.6875,12541.7001953125
330971.8125,151481.40625
251873.703125,15032.7998046875
283544.40625,4071.199951171875
456345.6875,12703.900390625
301750.8125,65971.203125
510490.09375,300423.5
560370.5,12869.599609375
523464.90625,8757.900390625
273496.3125,8050.7001953125
520798.90625,248047.59375
259442.09375,145793.5
552937.125,13053.5
493408.59375,306198.59375
471651.5,227381.5
288899.40625,36941.1015625
308355.6875,57599.19921875
319709.59375,63410.8984375
316417.90625,104901.8984375
281175.40625,6951.7998046875
290122.8125,6014.7001953125
293307.90625,6504.10009765625
440273.6875,244625.796875
504691.1875,113291.796875
284389.59375,6634.2998046875
290539.09375,6279.2998046875
433728.6875,222674.09375
408055.59375,300139.59375
335635.8125,182200.296875
422175.59375,231364.796875
309120.8125,12126.900390625
290441.40625,7737.7998046875
544265.8125,233960.90625
344112.6875,163219.703125
438173.6875,262506.09375
359809.09375,205247.296875
299251.8125,8554.0
290483.40625,7251.10009765625
448832.1875,274555.3125
296708.59375,6686.2998046875
422545.6875,155629.0
441491.3125,220085.796875
315940.09375,11346.599609375
387559.3125,228341.796875
328129.90625,10227.2998046875
524821.1875,232294.0
296276.8125,6210.39990234375
520835.40625,346954.3125
326500.6875,72445.703125
378621.09375,247778.90625
560473.1875,29931.099609375
447193.40625,244030.296875
367967.0,184948.203125
420114.0,249355.40625
368928.0,234421.703125
296703.59375,11497.599609375
567002.0,12835.2001953125
583254.1875,13768.5
273847.5,6284.2998046875
547419.8125,72669.3984375
449916.8125,262479.6875
311792.59375,77729.0
292533.09375,8206.7998046875
565747.125,12456.599609375
327738.09375,119628.1015625
267534.0,17687.19921875
279790.09375,5661.2998046875
344673.0,161084.59375
575853.3125,12817.2998046875
404838.5,10494.2001953125
294943.09375,30983.900390625
468210.90625,12126.599609375
365100.1875,14570.2998046875
291764.0,10306.900390625
484261.09375,281145.8125
286078.6875,6180.2001953125
416747.40625,288265.40625
325621.40625,222206.703125
254717.59375,9864.7001953125
262106.703125,4746.2001953125
328429.09375,101259.5
302229.0,27459.30078125
507501.8125,217718.203125
440901.59375,178425.0
327586.90625,159108.5
526364.3125,189559.203125
299516.90625,7623.60009765625
280556.09375,10910.099609375
400781.40625,207731.09375
496033.6875,289833.8125
284482.6875,15457.7998046875
426791.09375,253091.796875
563274.625,140934.796875
256045.703125,14939.5
315194.3125,14251.2998046875
538283.8125,13691.2998046875
269192.40625,25643.30078125
342772.59375,173077.296875
573346.6875,15769.0
416595.8125,16737.400390625
413701.09375,134984.703125
292565.40625,9284.7998046875
564617.3125,11735.900390625
314503.6875,37133.1015625
362843.09375,205841.296875
443517.90625,242071.296875
307127.3125,40726.8984375
288568.8125,5614.5
345878.6875,180654.296875
277687.6875,7221.7998046875
517317.09375,154627.296875
281989.09375,6798.7998046875
257538.703125,4948.5
336580.3125,104479.296875
286043.6875,5220.60009765625
309642.1875,9570.7001953125
320886.90625,99746.296875
561234.1875,159613.5
526444.3125,237351.40625
435140.59375,280823.90625
315697.40625,67875.796875
550489.6875,12238.900390625
313575.0,95485.296875
294524.8125,106426.3984375
279815.1875,4370.2001953125
570026.125,12290.400390625
278531.90625,7722.2998046875
310036.0,11136.7001953125
558719.5,12608.2001953125
528823.5,9740.7001953125
253260.203125,7390.5
275052.5,6289.2998046875
287535.8125,85876.8984375
266534.8125,6062.2001953125
470346.59375,205809.0
294411.09375,9222.099609375
283713.1875,6184.39990234375
273062.09375,7495.10009765625
292135.6875,119703.703125
335043.0,155012.703125
325426.5,121926.1015625
301500.8125,8892.7998046875
284383.0,8423.7001953125
415524.90625,253968.59375
388979.6875,176488.703125
342301.90625,152408.703125
558290.125,82991.703125
310098.40625,69492.3984375
469255.6875,264829.6875
282649.1875,6255.2998046875
287143.6875,69415.8984375
499364.3125,12288.7001953125
307394.59375,11383.0
286630.09375,6694.7001953125
284468.59375,5926.60009765625
300367.0,62285.6015625
273220.90625,91119.3984375
305483.3125,11995.7001953125
279778.90625,176519.59375
318756.59375,109255.0
543193.125,12844.0
560989.625,17666.599609375
290089.40625,171374.203125
304906.09375,8502.900390625
553295.5,11303.0
393537.8125,241032.40625
328119.40625,124933.1015625
257759.203125,45079.19921875
557016.625,15146.400390625
287151.90625,9078.900390625
557714.375,11170.7998046875
296138.3125,7018.2001953125
419544.0,275397.40625
250260.90625,5867.7998046875
552740.8125,13430.0
288605.40625,5749.10009765625
514501.6875,12691.7998046875
284920.59375,9666.2998046875
512800.3125,25504.30078125
574557.6875,11363.099609375
290456.09375,59868.1015625
444740.90625,165632.296875
456297.09375,360746.8125
330790.6875,65059.0
484953.3125,295621.40625
507483.6875,335790.40625
284128.0,5944.2998046875
555153.3125,12057.400390625
269357.6875,42915.19921875
575819.6875,16752.099609375
286950.40625,11054.7998046875
560689.8125,13080.900390625
268212.0,5979.7001953125
330888.3125,111486.5
280617.6875,5128.7998046875
331336.6875,109959.5
311008.1875,130116.703125
352552.90625,235887.296875
574252.625,14084.7998046875
299836.1875,9292.5
368095.09375,198707.703125
380174.90625,217831.796875
261270.0,5580.7998046875
283938.1875,6417.10009765625
429393.59375,203126.796875
560039.375,11313.7998046875
344204.8125,214353.40625
551515.5,13463.400390625
525741.0,304177.6875
375480.09375,172708.59375
539554.0,11753.7998046875
549380.3125,23066.900390625
292530.40625,7044.0
508794.3125,14612.2001953125
556419.125,12174.2998046875
323914.09375,144261.59375
287729.09375,5630.10009765625
292575.6875,194234.203125
398856.5,320094.1875
299218.8125,6741.7998046875
287619.5,5924.2001953125
520063.6875,291492.3125
449074.0,238560.40625
285424.40625,6083.89990234375
322040.40625,159516.703125
451929.59375,337563.6875
371481.40625,199855.90625
558847.125,10838.5
608434.3125,19274.900390625
562096.375,13581.2001953125
397315.6875,264696.59375
470578.59375,282470.1875
264408.59375,5750.60009765625
268827.0,6146.60009765625
303900.90625,86708.0
555552.375,12378.900390625
548399.625,12382.5
294931.59375,8262.599609375
280749.90625,15247.7001953125
291083.59375,7167.89990234375
470119.5,266522.5
546152.8125,12522.400390625
539251.875,10758.599609375
341800.09375,154181.90625
572402.6875,15590.5
307101.3125,41897.5
566775.8125,13535.7001953125
513265.90625,230723.0
277934.40625,5549.0
299822.40625,109007.3984375
306109.40625,102715.6015625
280170.3125,6142.0
277368.1875,6293.2998046875
565177.6875,11200.2998046875
294302.59375,6578.2998046875
418799.09375,188478.296875
464317.1875,276887.0
348417.3125,176383.296875
250647.59375,169465.59375
478439.8125,11640.7998046875
316770.6875,31447.69921875
292672.90625,24750.80078125
320316.09375,237916.796875
592184.1875,14235.0
493656.8125,209902.90625
298139.40625,7279.2998046875
294979.0,7767.2998046875
526526.3125,11813.900390625
291050.1875,5465.60009765625
242977.09375,5870.2998046875
492196.8125,262784.90625
319414.6875,70986.796875
437546.09375,254984.296875
299372.6875,15638.5
293591.1875,8823.599609375
283080.59375,7059.60009765625
296864.8125,6553.7998046875
564686.6875,12708.7001953125
291348.59375,7405.7998046875
350816.6875,9309.5
314834.3125,114390.3984375
351239.59375,9825.900390625
536458.125,226961.703125
316430.90625,222049.296875
319902.1875,84352.203125
262616.59375,8245.400390625
270073.1875,5682.60009765625
323669.5,189928.703125
304883.5,69773.8984375
550063.625,12468.599609375
297785.5,114252.703125
291967.6875,6948.0
289385.3125,7699.39990234375
524705.3125,205276.203125
259050.09375,6222.0
329596.09375,177621.59375
284283.09375,6206.7998046875
552669.625,11425.599609375
406416.09375,263610.8125
283857.1875,6445.89990234375
382822.0,224495.09375
291537.8125,10703.7998046875
563410.3125,10867.2001953125
424987.90625,245391.90625
322613.59375,94796.203125
342342.0,195593.296875
354662.3125,162313.40625
524622.6875,13315.2998046875
544258.625,217051.5
273269.1875,7906.10009765625
571468.125,14392.2001953125
471747.5,15969.599609375
415061.40625,197874.40625
556722.3125,12143.2001953125
565606.375,13528.099609375
557741.625,13446.5
564753.8125,10402.0
398895.90625,204793.09375
284793.1875,19403.30078125
289305.6875,8443.5
537243.125,267029.09375
357634.8125,188772.796875
538795.6875,11655.7001953125
260361.59375,14820.7998046875
325827.1875,128087.0
423231.09375,205533.203125
362811.8125,217641.40625
298099.1875,11413.2001953125
365346.59375,185409.296875
271360.3125,6124.89990234375
315309.0,151639.5
256887.296875,6403.39990234375
335280.90625,134073.0
525527.625,9732.5
303038.59375,84761.6015625
304951.09375,30467.80078125
444284.59375,252608.59375
563422.6875,13164.2001953125
555915.3125,12943.5
490713.1875,297900.8125
308545.09375,99437.796875
373185.1875,263417.5
370571.59375,173068.09375
306418.8125,11796.7998046875
480441.90625,233384.296875
286998.1875,6716.5
556218.625,125877.8984375
483042.09375,277720.6875
565118.6875,13003.7001953125
314779.59375,13516.900390625
445892.1875,217128.59375
279151.90625,5111.7998046875
282607.3125,6322.39990234375
544746.5,11594.0
562627.5,13243.7001953125
305132.0,73496.203125
309900.59375,88085.1015625
384110.5,179143.203125
331231.6875,70810.5
290640.5,7419.2998046875
302303.09375,51890.1015625
274196.09375,5827.7998046875
304630.59375,157541.59375
434992.1875,285473.90625
531188.125,70263.6015625
573630.5,14311.2001953125
298130.59375,9295.7998046875
525058.0,9447.099609375
454340.8125,334742.3125
304106.0,51923.19921875
291440.59375,142180.90625
295322.40625,8978.599609375
470481.8125,114977.703125
544042.1875,12425.2998046875
421561.5,248994.40625
485268.90625,242491.703125
380185.59375,237317.203125
323273.40625,106107.3984375
329421.0,134793.796875
303334.3125,18036.900390625
568143.6875,12471.7998046875
282219.40625,6265.7001953125
303480.6875,51251.3984375
426369.59375,185701.5
318196.6875,12933.599609375
584247.625,12003.2001953125
309571.59375,33822.1015625
309189.0,153636.59375
304489.90625,15535.5
273421.90625,6822.89990234375
291059.90625,28365.599609375
295325.1875,7015.2998046875
379478.59375,230877.796875
284444.6875,40009.5
561401.8125,171865.796875
390056.09375,220529.59375
568941.3125,14325.7998046875
458231.90625,237725.796875
432851.59375,284250.8125
281435.1875,18332.0
552055.125,190693.40625
494488.59375,243592.203125
556878.6875,12068.400390625
562788.8125,13196.900390625
300274.59375,40935.8984375
572318.1875,13923.099609375
577923.625,14549.2998046875
565942.375,13238.7998046875
306076.5,54548.0
270382.0,4737.7001953125
560575.5,12387.900390625
343891.0,237794.203125
296598.0,8505.7001953125
562825.6875,13992.5
262691.5,47987.80078125
321010.3125,73513.3984375
560306.875,13133.5
301568.59375,6408.5
544648.625,87016.296875
460228.6875,354411.90625
302694.09375,115345.6015625
290537.1875,6642.2001953125
310498.0,10585.7001953125
285979.09375,14147.7998046875
284028.5,6785.10009765625
546817.8125,225086.296875
507549.5,231903.703125
296006.8125,13100.2001953125
300792.1875,128968.796875
558602.5,17347.099609375
568072.625,10086.900390625
333771.6875,112816.3984375
564027.875,11651.5
558060.375,174578.59375
281395.59375,4983.10009765625
432427.09375,278631.3125
560049.8125,15471.5
315857.3125,151431.796875
322937.59375,162388.59375
279985.1875,6154.0
300231.59375,42640.30078125
281733.8125,5481.89990234375
289654.6875,10459.2001953125
289563.3125,8244.7998046875
287442.1875,5971.7998046875
542330.5,12649.2998046875
456009.1875,298599.3125
271654.90625,73588.796875
383098.6875,185675.40625
479064.5,11007.099609375
259159.703125,5513.5
339863.59375,162883.40625
515614.40625,258406.5
283145.09375,9503.7998046875
298951.40625,29558.900390625
305263.5,8691.5
293441.09375,26825.5
317495.0,66145.1015625
465411.0,12663.7001953125
308211.59375,64031.3984375
268165.0,10053.2998046875
287243.1875,6791.89990234375
474446.90625,220169.5
405884.90625,295643.09375
340164.09375,133286.59375
559840.125,11864.7998046875
554757.6875,15354.2998046875
285960.8125,6167.2998046875
458062.8125,220649.0
325651.09375,144290.296875
402185.3125,237275.90625
440311.5,187940.09375
312600.8125,61840.30078125
374811.09375,218280.40625
301079.6875,8313.7001953125
313240.1875,16149.7998046875
289881.90625,5430.39990234375
337354.59375,223698.796875
498272.5,298728.8125
301435.6875,6982.2998046875
487062.40625,243923.796875
473053.1875,241326.90625
361422.0,190066.09375
545193.125,12277.599609375
460500.6875,285699.5
251194.59375,6431.89990234375
564267.875,18065.69921875
302668.40625,7480.5
356716.09375,203598.296875
297163.40625,7073.89990234375
296371.5,11615.099609375
328887.0,118670.203125
405056.5,288570.5
305675.0,204160.296875
338156.3125,136639.5
563270.8125,15270.5
423668.1875,310809.59375
348198.09375,258580.90625
309338.0,8444.7998046875
459635.6875,322648.40625
317645.40625,201772.0
261656.40625,5937.10009765625
307472.59375,19081.599609375
311343.3125,12575.5
292443.1875,8806.7998046875
264876.09375,35071.6015625
276128.3125,5351.0
297399.1875,6912.5
427571.09375,182375.796875
329007.3125,99503.3984375
525779.0,258583.09375
384599.1875,14400.2001953125
273408.8125,4849.2998046875
336496.0,152416.703125
337768.1875,161105.703125
308971.1875,10181.2998046875
268985.90625,5728.89990234375
297935.0,10216.2001953125
407784.09375,315736.3125
322988.5,129892.796875
285970.59375,6167.5
259769.59375,147805.09375
263198.59375,8715.900390625
289434.90625,168874.5
560449.625,14252.2998046875
520100.09375,188626.90625
293558.90625,6787.39990234375
292310.3125,8544.7998046875
256720.0,35627.0
359533.09375,10603.599609375
435293.5,279412.8125
300690.0,88110.6015625
344299.1875,135794.0
275635.09375,7209.39990234375
556688.8125,185749.0
340278.1875,154950.09375
298666.09375,8704.2998046875
462052.8125,319235.59375
283024.09375,83918.703125
457979.8125,249826.0
291872.6875,5961.39990234375
296522.59375,5913.7001953125
477828.0,14321.0
560278.625,12211.599609375
516311.5,213215.09375
279208.59375,5961.39990234375
263122.5,136118.296875
612148.1875,17873.400390625
395099.40625,11623.099609375
290117.59375,54161.6015625
470154.09375,256510.296875
564759.6875,11447.7998046875
569283.3125,12662.7998046875
283098.8125,10568.0
553695.625,13730.2998046875
571525.8125,12771.400390625
378725.5,218353.59375
286560.1875,6994.2001953125
275983.3125,14299.7998046875
369919.5,225680.703125
332741.6875,147100.703125
270882.1875,6653.2998046875
447626.0,237888.703125
569717.5,11397.599609375
315341.09375,85821.3984375
567945.6875,12666.900390625
366524.90625,163544.5
332522.90625,130667.6015625
399236.09375,243036.296875
271184.3125,6154.0
314442.3125,78728.296875
556651.625,14308.599609375
558916.3125,12028.5
311890.09375,13209.7998046875
252400.796875,4600.89990234375
367136.0,249108.59375
512829.3125,13235.2998046875
247081.09375,5915.39990234375
302222.5,72895.703125
548119.1875,12324.2001953125
422583.09375,232824.796875
281578.09375,7135.5
288782.1875,6414.89990234375
598698.125,17023.099609375
319162.1875,103127.0
527073.625,13158.400390625
323732.90625,36326.19921875
579677.625,13108.7998046875
389485.09375,215825.40625
297558.90625,7169.89990234375
334913.09375,8699.5
302366.0,9230.7001953125
287700.3125,6426.7998046875
501719.5,274591.0
610977.125,113376.1015625
292426.0,10085.099609375
557779.6875,10435.0
266183.59375,5266.89990234375
457402.3125,274584.0
439716.8125,298372.5
265469.59375,8513.099609375
349098.1875,216435.203125
319446.6875,92657.296875
571565.625,65502.30078125
475898.5,239374.5
312075.1875,115742.3984375
539565.625,13152.2001953125
315632.40625,66389.796875
381802.0,262992.09375
261712.796875,7123.5
575160.0,95407.6015625
318500.0,72433.296875
349118.40625,164173.5
300756.8125,9066.0
255534.203125,5361.2998046875
415636.3125,9170.7998046875
297148.3125,9671.5
342309.1875,196939.0
259952.5,110213.1015625
550935.125,12288.900390625
420891.6875,270507.6875
483131.6875,264664.8125
297252.40625,34557.8984375
280059.5,5320.7001953125
517477.59375,289796.3125
456038.59375,232617.0
552007.5,11755.2998046875
496738.90625,289292.5
527192.125,11658.099609375
257163.796875,5195.0
562483.3125,13731.7998046875
447728.59375,300547.09375
540145.3125,128766.5
245897.0,5000.10009765625
291523.6875,53576.19921875
576362.8125,16167.2998046875
540228.1875,276471.1875
290596.1875,10793.2998046875
382310.40625,245665.40625
314890.09375,69136.296875
314800.09375,11989.5
515712.1875,16596.400390625
549247.0,11878.599609375
548251.125,125119.1015625
308504.1875,19995.0
255267.90625,5031.0
340606.59375,150263.296875
312906.40625,50028.8984375
534485.5,8017.10009765625
261784.5,8709.2001953125
336111.0,159690.5
517152.5,73075.1015625
318520.5,123030.6015625
346058.1875,96790.0
422546.59375,202630.40625
566460.3125,14410.0
559010.6875,12314.599609375
407749.09375,246001.59375
356764.6875,170876.796875
282218.3125,5588.60009765625
479566.1875,272412.40625
518778.3125,11944.400390625
311782.09375,78097.703125
558359.375,12147.7998046875
524767.8125,7803.0
349655.6875,174118.90625
294925.8125,39821.5
584257.5,10858.5
431392.59375,211623.703125
549732.0,12999.2001953125
558579.0,12151.0
548353.375,11571.2001953125
546296.3125,12690.7998046875
384622.59375,208177.796875
300288.0,9655.7998046875
270411.59375,6092.60009765625
522094.40625,9848.2998046875
345312.59375,223538.09375
267829.5,5965.10009765625
298982.40625,7760.5
609749.375,220550.09375
549360.625,12572.599609375
564081.8125,30254.0
484605.3125,218903.296875
388897.09375,7034.10009765625
244458.796875,31316.5
294962.1875,42937.0
304875.59375,12243.2998046875
260445.796875,5845.39990234375
497518.0,11348.099609375
292678.6875,5876.2001953125
534405.625,121326.8984375
534685.6875,12728.900390625
453092.59375,288833.09375
421757.59375,263460.8125
559650.1875,190596.796875
291417.09375,7922.10009765625
340857.8125,57442.5
544864.625,10666.2998046875
576151.3125,30797.400390625
285056.0,143129.59375
313302.3125,104334.296875
488551.0,280029.1875
296429.1875,8524.7001953125
274980.1875,5515.7998046875
464800.40625,9994.400390625
571407.625,13666.0
287847.0,7269.60009765625
313178.59375,142918.09375
310732.1875,7862.0
570118.125,13728.400390625
377706.90625,183534.703125
269364.90625,140326.5
524963.625,330981.40625
283809.59375,10939.5
279858.0,8405.2001953125
561474.1875,13456.0
283904.59375,7162.39990234375
278467.8125,5659.5
384986.8125,37578.0
339934.1875,6760.7001953125
292501.1875,6119.7998046875
319919.09375,110779.296875
280574.8125,5402.10009765625
326242.6875,86693.8984375
451805.8125,255428.40625
310672.09375,58194.19921875
429978.3125,215191.5
553280.1875,10613.900390625
285369.0,7319.5
457425.40625,258513.203125
255099.296875,5886.7998046875
341344.59375,112855.796875
541925.0,305115.8125
294760.09375,7054.60009765625
546609.375,11649.2998046875
245426.09375,48175.1015625
463246.3125,236803.296875
564082.3125,18374.400390625
524030.0,321386.59375
346192.09375,176414.90625
434781.1875,249254.40625
507928.90625,209313.5
449144.90625,255655.09375
287777.8125,5596.0
304029.6875,91867.296875
350878.59375,146248.09375
548034.1875,14918.5
565258.8125,12268.900390625
510856.5,263584.09375
332084.1875,146824.703125
583731.8125,16475.30078125
291156.59375,7624.39990234375
557973.1875,12727.2001953125
321335.6875,105072.796875
552570.5,12627.599609375
507582.0,166965.796875
298870.90625,7115.5
302330.90625,75252.1015625
287806.8125,6747.2998046875
285390.6875,6171.0
304020.8125,56513.3984375
303596.5,8570.099609375
507956.6875,14247.2001953125
440770.3125,193434.796875
538029.625,11798.900390625
293774.1875,5967.2998046875
574924.6875,12600.2998046875
343958.1875,147581.90625
550683.0,42708.6015625
443468.59375,245377.09375
346589.6875,199198.5
524745.375,12543.2001953125
306859.09375,188712.796875
391535.09375,249058.5
569823.0,12791.599609375
492642.5,12284.7001953125
307770.8125,84284.796875
586122.0,14551.0
251278.5,6893.60009765625
476850.5,319968.09375
580467.375,98828.5
301720.90625,7956.60009765625
436487.09375,211500.09375
319779.09375,11325.900390625
301617.0,17063.80078125
262342.1875,55002.3984375
510898.90625,10965.5
531647.875,13669.599609375
550881.125,10195.400390625
492709.5,12385.7998046875
491974.6875,293677.90625
296161.90625,8256.099609375
271634.09375,6628.10009765625
547437.625,216342.40625
342136.6875,234299.40625
328533.90625,80488.0
310120.90625,104938.6015625
425176.09375,11605.099609375
288280.09375,7630.7998046875
514499.8125,207020.5
564764.1875,11903.2998046875
310213.8125,63568.30078125
294543.6875,10309.0
537834.125,13300.7998046875
290368.8125,8535.900390625
317285.5,80102.6015625
279421.8125,5528.7998046875
432526.09375,297234.40625
281571.0,50397.69921875
335476.1875,182459.203125
304109.1875,64070.30078125
296700.90625,20391.900390625
376475.0,207744.703125
536847.625,259747.796875
340831.0,94896.296875
327616.1875,124349.296875
542697.375,13103.7998046875
289041.5,7845.10009765625
587250.125,15692.599609375
549165.125,16553.30078125
348469.59375,148248.0
330592.0,122546.203125
280913.3125,6047.7998046875
337071.0,187420.59375
438797.1875,216185.0
295300.8125,6788.0
420993.6875,268010.59375
435421.59375,130554.6015625
392346.1875,12287.7998046875
387083.59375,11404.7998046875
552455.3125,17293.900390625
396540.09375,213555.703125
539708.875,11547.7998046875
280683.5,7482.0
484272.5,340756.6875
331631.0,175687.0
309434.59375,7340.60009765625
270956.6875,164906.296875
455879.90625,193347.40625
341911.40625,84729.296875
285116.40625,6863.39990234375
514103.6875,11881.599609375
546972.5,12024.7001953125
253271.203125,4819.2001953125
289767.5,91276.296875
258960.40625,6845.39990234375
260282.90625,4993.2001953125
306273.3125,47450.80078125
308811.8125,145166.703125
537010.3125,14474.2001953125
349550.1875,34486.1015625
486843.8125,237112.09375
283556.6875,28035.80078125
343777.40625,54386.3984375
295378.59375,8021.0
284315.40625,8302.400390625
555411.6875,12063.099609375
563920.3125,12577.099609375
277773.40625,8614.5
279657.5,5664.2998046875
334621.90625,223657.40625
289145.3125,5419.2998046875
292929.3125,8692.2001953125
287758.3125,6520.89990234375
547432.625,110328.6015625
287828.8125,5464.7001953125
294245.6875,6215.60009765625
306635.8125,8425.7001953125
244371.296875,5098.60009765625
390104.6875,11016.2001953125
301405.3125,9564.7998046875
441302.3125,197897.90625
421980.40625,289976.0
301076.90625,24960.0
295053.8125,7433.2001953125
445251.1875,11355.7001953125
421116.3125,275107.90625
296408.90625,124454.703125
340400.59375,196765.09375
303765.3125,9845.5
313850.59375,181564.5
540607.875,246207.59375
274849.40625,5644.60009765625
483607.0,354633.0
287053.40625,6705.89990234375
411400.09375,103286.6015625
532218.0,321227.59375
518430.90625,325718.59375
286602.90625,33080.30078125
383606.8125,219566.203125
427538.59375,203130.703125
381535.40625,283706.0
580657.1875,14089.099609375
292875.3125,8626.099609375
308507.0,17530.900390625
318801.59375,12257.7998046875
533993.375,10817.0
369932.0,258666.59375
272118.40625,5982.0
342068.59375,81887.8984375
242113.5,50521.19921875
394828.90625,229423.90625
291245.09375,13188.099609375
555836.625,12674.7998046875
554584.875,13636.5
414165.59375,281796.40625
513914.40625,253367.203125
318770.3125,14838.7001953125
262524.1875,4587.5
321017.59375,161295.5
509015.90625,379958.0
567336.1875,14200.2998046875
270843.90625,5558.89990234375
552026.625,13194.400390625
313187.90625,55209.30078125
560398.625,12414.5
350312.90625,239160.90625
555143.0,12987.7998046875
292929.40625,9451.900390625
308991.90625,155492.703125
400689.8125,277738.8125
553380.3125,12483.2001953125
291378.8125,8819.400390625
270247.3125,5497.2001953125
271253.3125,6200.39990234375
301649.3125,72306.703125
252930.796875,6540.60009765625
579853.1875,16198.2001953125
397140.8125,214424.796875
499099.3125,307701.5
375275.6875,204699.09375
285175.8125,7335.89990234375
550341.375,13300.5
511553.09375,11323.099609375
286564.1875,189438.796875
302489.09375,101223.8984375
496089.40625,182882.296875
254935.796875,7494.60009765625
296517.90625,10571.0
283326.0,13587.7998046875
504584.90625,224816.203125
549794.3125,14847.7998046875
327006.8125,129273.703125
528851.3125,10669.400390625
303367.59375,70609.1015625
596309.8125,102564.203125
304196.3125,10062.900390625
526777.6875,311871.59375
291743.8125,18100.19921875
290587.8125,6868.10009765625
281870.6875,7865.7001953125
309387.8125,13119.7998046875
562251.3125,124428.0
260047.703125,10996.599609375
372203.8125,184631.40625
297347.90625,6716.0
518667.09375,11361.099609375
511979.0,251701.203125
246908.0,5217.7998046875
573987.375,16146.0
466833.3125,308569.59375
467061.5,256216.703125
387394.90625,249027.203125
397900.5,257972.5
536042.375,15214.0
292693.59375,87605.5
272514.90625,8300.599609375
537391.875,266718.90625
484272.59375,250891.59375
488852.0,10200.599609375
464260.90625,271602.59375
304277.40625,8004.2998046875
283550.5,6706.0
359842.3125,188212.703125
378054.1875,212704.59375
276121.0,160570.40625
441357.6875,209635.90625
573352.8125,12931.599609375
523470.59375,12989.7998046875
582846.875,14375.0
296755.1875,8745.7998046875
289928.40625,14227.400390625
332461.90625,148097.296875
401348.90625,188485.90625
386682.1875,246297.09375
302006.5,18410.19921875
303205.8125,48905.6015625
321252.1875,109306.703125
270659.40625,5608.0
301239.0,10386.7998046875
461765.40625,291630.6875
385811.8125,255365.203125
557174.125,20352.599609375
275897.8125,6810.2001953125
574418.8125,14245.900390625
304866.6875,53100.1015625
405631.8125,246261.203125
276436.0,5519.7998046875
330630.3125,10874.2998046875
290784.3125,7025.0
304308.6875,103904.6015625
290670.8125,43659.3984375
398002.6875,251437.796875
271581.40625,5645.89990234375
525156.625,209800.40625
505174.90625,14040.7998046875
546715.1875,12155.599609375
284788.5,30652.69921875
338955.8125,154944.09375
578864.5,15877.7998046875
432389.40625,243495.40625
559275.3125,13109.7001953125
433665.8125,235554.703125
437824.1875,338871.59375
499967.8125,378040.6875
435841.1875,294761.1875
404686.0,249340.796875
408354.3125,273390.8125
395875.3125,234901.0
448020.1875,231730.09375
566585.375,12570.5
401635.3125,179771.90625
560790.5,12073.2998046875
292461.8125,51470.19921875
545283.8125,11494.099609375
310912.6875,111665.703125
433173.3125,226334.90625
495780.3125,214677.296875
527589.625,205042.09375
292738.40625,22960.0
375227.3125,10022.0
569294.875,13679.900390625
502848.5,193901.59375
320892.90625,172277.59375
571879.875,16694.30078125
588148.0,15569.5
288595.3125,7176.2001953125
449969.3125,169044.203125
381494.90625,9139.5
274741.6875,6360.10009765625
575586.0,11684.400390625
557737.5,12708.2001953125
441465.0,182942.203125
316300.0,32246.19921875
491243.90625,8092.89990234375
290832.09375,9363.599609375
559050.125,14814.099609375
297176.3125,8587.900390625
278657.59375,160733.296875
543724.6875,12224.7998046875
499814.09375,211742.40625
556970.875,10482.2998046875
276146.90625,8480.900390625
259909.203125,9062.099609375
565046.0,13374.2001953125
301802.8125,8249.099609375
350809.0,245978.296875
294928.40625,10998.900390625
487274.40625,256678.40625
427604.90625,313354.1875
560881.8125,9526.2998046875
263931.3125,11234.2001953125
383201.8125,241305.40625
302413.59375,6874.60009765625
277339.8125,6606.7001953125
459170.1875,9620.2001953125
247932.203125,4125.2998046875
510600.40625,11284.900390625
244138.09375,8032.39990234375
321362.90625,12868.2998046875
384173.59375,242590.5
311745.90625,104371.8984375
566668.1875,14080.099609375
458596.0,253707.203125
274889.3125,6371.10009765625
456449.1875,295068.6875
334264.40625,136239.0
313929.0,103865.796875
266900.40625,7600.7001953125
351907.3125,139447.296875
515389.3125,203769.703125
281858.8125,53629.8984375
457374.59375,13242.099609375
350486.8125,174835.203125
340319.3125,18338.400390625
552516.3125,47982.6015625
504874.6875,266509.1875
282365.3125,4843.2998046875
267605.8125,3975.0
291892.40625,7734.0
447065.5,174684.703125
285554.5,14255.7998046875
426956.3125,171331.59375
417431.6875,294739.1875
528544.8125,191128.90625
300246.90625,46299.8984375
403474.3125,199682.5
288402.90625,10860.599609375
301848.40625,10394.099609375
401686.5,261961.0
552803.875,11192.400390625
304724.59375,11280.099609375
301961.5,49606.1015625
537372.875,284683.09375
560415.375,14513.7998046875
344819.3125,135415.703125
564773.6875,13719.099609375
286969.8125,167235.09375
260103.5,6494.89990234375
255521.703125,22138.900390625
274061.8125,7325.10009765625
345661.59375,235623.296875
345556.0,201730.09375
434993.90625,270461.5
305378.5,79813.203125
439334.59375,51470.3984375
298066.40625,10817.900390625
429791.09375,226019.796875
551337.375,11593.0
424455.6875,274451.8125
431207.40625,11765.400390625
466007.09375,248850.0
408293.0,247869.703125
325833.3125,143497.09375
370442.1875,6394.2001953125
532943.5,10013.2998046875
319575.90625,114706.3984375
284427.90625,6356.89990234375
501346.40625,15058.2001953125
296836.3125,40463.8984375
300205.09375,9968.599609375
277129.8125,8037.2001953125
277048.1875,6695.10009765625
364778.3125,209538.703125
318115.8125,9129.099609375
490384.6875,279745.6875
289953.5,6445.7998046875
242997.796875,9049.2998046875
265365.40625,4693.89990234375
404252.09375,226468.90625
293527.09375,28974.5
548043.6875,138097.59375
507628.5,11518.2001953125
304448.6875,9865.2001953125
556404.375,12919.5
328176.5,84189.296875
535055.375,284937.40625
420278.90625,296897.1875
304147.8125,46966.80078125
318104.8125,154264.40625
329225.09375,235071.59375
558659.8125,13829.400390625
565209.1875,14638.099609375
276880.3125,7209.2001953125
316905.3125,106710.1015625
279810.1875,121514.203125
315534.0,10591.7998046875
498091.3125,12404.0
576570.1875,13093.099609375
530762.375,11796.5
263884.09375,5506.60009765625
300918.5,29361.80078125
545299.375,10830.5
535383.8125,11691.2001953125
339156.3125,208490.59375
569051.1875,14067.7001953125
411914.3125,228929.40625
573438.875,12380.2001953125
288585.3125,6560.7998046875
554759.625,12529.599609375
539316.3125,11517.5
273805.59375,5636.5
444955.90625,245632.59375
289628.40625,7922.10009765625
568835.875,14307.400390625
292764.0,58669.6015625
302423.90625,7433.2998046875
257382.796875,6810.2001953125
511500.09375,64419.69921875
338336.90625,180324.5
473915.1875,258433.09375
292983.3125,5888.60009765625
375173.8125,162579.59375
501318.40625,272593.5
532188.5,11113.7001953125
458556.8125,242850.09375
530168.5,265667.59375
342771.90625,248750.5
519935.5,288537.1875
331855.09375,52308.8984375
432758.90625,244406.40625
558930.125,14231.599609375
280973.09375,6287.60009765625
386026.3125,289674.40625
559911.375,12754.5
505949.09375,292465.40625
382355.90625,205497.703125
461961.1875,11115.5
531971.125,10970.0
457844.8125,319556.8125
500620.0,192525.59375
560817.375,11333.400390625
271945.90625,6330.7998046875
564421.6875,13051.099609375
378475.0,298301.1875
304742.8125,107824.6015625
509923.40625,59398.0
311673.90625,46107.69921875
253578.296875,5129.2001953125
545903.8125,202113.40625
393467.3125,7899.7001953125
546789.8125,10097.900390625
363582.6875,237818.59375
473896.8125,284049.59375
285872.5,9079.7998046875
259300.296875,4962.2998046875
270114.6875,6607.10009765625
275361.40625,6814.5
490558.8125,223891.40625
364558.09375,213959.59375
557650.0,12812.7001953125
319763.5,23192.80078125
285986.40625,48040.5
363973.8125,175529.59375
339361.1875,187464.703125
277242.8125,5507.89990234375
568056.375,13254.900390625
282692.09375,5738.10009765625
564890.8125,16542.0
550229.375,11009.099609375
565243.125,13993.599609375
567426.5,13424.599609375
293762.5,5606.0
511402.90625,18990.900390625
278460.59375,5649.5
289739.1875,7408.10009765625
290411.0,6712.2001953125
418911.3125,162441.09375
338800.5,153180.796875
558918.375,16285.7001953125
276500.8125,5818.2998046875
471704.3125,291329.1875
551702.3125,70514.3984375
260788.59375,7912.10009765625
295095.8125,7812.7001953125
288565.8125,9436.900390625
331108.3125,156218.203125
500287.8125,275851.59375
524690.3125,292616.8125
309793.8125,91494.8984375
553836.375,208563.0
252307.09375,27097.099609375
305159.0,11844.2998046875
293394.3125,85599.703125
492070.0,13147.2001953125
539844.1875,13609.7001953125
362881.40625,208462.90625
287469.90625,6378.5
297694.90625,54665.1015625
568733.5,14054.0
300436.90625,10267.400390625
411902.90625,11912.400390625
356025.40625,190586.59375
480359.5,316349.5
264051.3125,6517.2001953125
431067.09375,264564.6875
389616.1875,187821.09375
303381.3125,46764.1015625
321220.3125,11576.099609375
332446.40625,153952.5
438343.0,12666.599609375
297598.40625,8872.5
279896.5,27736.19921875
348498.5,145521.203125
577881.875,16399.900390625
497638.59375,237498.59375
296429.09375,34399.6015625
295099.59375,6777.2998046875
614739.375,282287.0
567559.1875,12597.400390625
329566.40625,71582.203125
270408.8125,76749.203125
354910.1875,190568.5
407734.1875,240323.09375
320864.3125,134827.5
334518.59375,94785.5
586248.875,13152.5
439547.40625,264409.40625
425166.40625,268696.8125
305753.59375,16746.0
547402.875,12367.900390625
269687.1875,5369.10009765625
551298.5,16003.7001953125
297615.8125,9076.099609375
278432.1875,7537.2001953125
566389.375,12590.0
580895.5,15509.2998046875
549133.375,13875.400390625
512219.40625,324271.6875
283392.8125,6404.7998046875
452895.09375,9512.599609375
561748.3125,11712.900390625
274274.6875,5749.10009765625
382007.8125,234674.203125
525421.5,200912.796875
481894.8125,290825.8125
546175.8125,14353.5
492545.40625,251888.0
311956.8125,121639.3984375
447809.5,13378.7001953125
295111.40625,7725.0
260648.90625,5800.2998046875
291463.59375,6727.0
485107.90625,261703.40625
303137.5,8647.7001953125
302210.8125,7989.60009765625
503759.40625,234994.5
271758.90625,5212.89990234375
291563.40625,7767.2001953125
575110.3125,13907.2001953125
306242.8125,9252.400390625
324160.1875,95841.1015625
552768.8125,13133.7001953125
387064.3125,249277.09375
300674.5,15416.7998046875
407066.3125,284523.3125
309757.6875,12677.599609375
278698.40625,28274.0
289284.3125,6162.89990234375
547476.875,14199.0
542231.625,13169.599609375
362236.5,221592.203125
282182.3125,7006.7001953125
491019.3125,216635.09375
565953.5,13906.2001953125
465005.6875,11547.2001953125
551437.5,10133.0
329860.59375,7106.0
357587.40625,180340.59375
282391.40625,5737.39990234375
269414.90625,7149.39990234375
534557.375,258552.09375
279035.90625,8320.7998046875
290131.5,12172.5
276668.3125,4832.2001953125
532345.8125,16019.2001953125
411431.59375,176404.203125
319796.1875,9818.599609375
569307.3125,14826.099609375
372430.09375,199845.796875
285194.90625,16426.0
355697.5,217250.09375
541404.875,268722.0
361648.0,198991.703125
305409.40625,101350.3984375
280866.40625,9210.7998046875
284632.09375,6004.5
424748.6875,266256.09375
325120.3125,113255.1015625
298501.1875,60343.19921875
444907.90625,289812.5
265945.5,4964.2998046875
302325.40625,58452.3984375
410893.90625,272157.6875
274966.8125,5526.39990234375
270019.8125,5814.2001953125
497276.3125,180919.90625
299576.1875,20115.599609375
331662.3125,105101.703125
518873.6875,221008.203125
548154.8125,11427.2998046875
252229.296875,27485.0
541644.6875,13845.599609375
264205.40625,10784.0
296158.3125,7500.39990234375
494599.40625,350552.0
290180.09375,11937.599609375
287986.1875,6289.7998046875
317295.40625,135595.90625
326543.59375,8175.89990234375
518313.40625,118099.296875
312137.09375,120585.5
273988.90625,6698.89990234375
484900.6875,254234.59375
578648.8125,13004.599609375
550808.875,12540.0
329322.0,215609.796875
555771.375,13371.900390625
275544.40625,6356.89990234375
273252.90625,7168.2001953125
298809.8125,11020.7998046875
577289.3125,15486.2001953125
320572.09375,6849.60009765625
284188.8125,100977.8984375
560975.6875,14670.099609375
294716.3125,28852.599609375
532545.5,14332.2998046875
297586.3125,10346.5
314798.1875,129492.1015625
530144.875,8622.5
573126.875,12451.5
283239.59375,11935.099609375
288654.0,6578.7001953125
286335.5,6266.7998046875
539321.875,9772.0
300072.3125,10584.7001953125
381643.8125,99949.1015625
471471.5,305444.1875
567000.3125,15027.900390625
290645.90625,7244.7001953125
299587.90625,11078.900390625
568356.8125,13890.2998046875
520747.09375,14236.599609375
352888.90625,163986.0
313415.8125,94395.0
290489.90625,7653.60009765625
566340.0,12132.099609375
320908.40625,138164.59375
326003.5,107622.0
253818.09375,5901.2001953125
404102.40625,186330.0
282478.6875,9400.599609375
302809.8125,32992.6015625
297324.5,8594.900390625
455997.3125,277365.59375
276258.59375,7718.2998046875
329901.90625,58003.5
458197.5,287001.1875
553834.5,204715.09375
576045.875,40614.5
393804.0,269432.1875
522212.59375,12386.900390625
284637.5,5903.2001953125
268132.59375,6839.60009765625
561390.8125,14300.900390625
381863.90625,285036.0
342486.09375,19710.400390625
571903.375,14110.2001953125
302553.6875,7487.5
483411.59375,10950.900390625
510189.6875,290118.59375
267286.5,85903.3984375
561999.875,12763.2001953125
534898.125,12119.400390625
554632.625,12968.099609375
386736.90625,155159.296875
333600.3125,124280.8984375
389775.90625,155448.796875
560855.625,13667.7001953125
353021.8125,187369.796875
533398.1875,21655.80078125
547393.0,10971.400390625
550958.1875,11309.900390625
591548.8125,15210.2001953125
555280.625,14514.5
242491.59375,26369.0
565303.875,11592.2998046875
339143.90625,148382.796875
282636.09375,5859.89990234375
568562.5,15059.900390625
394898.1875,170464.40625
346167.0,185995.59375
263959.40625,14127.900390625
281418.0,163825.59375
301868.8125,8284.0
294369.09375,8011.7998046875
369279.90625,243673.0
444645.0,234436.90625
284712.5,5845.7998046875
351505.1875,182665.0
518267.09375,9301.599609375
516311.3125,10791.599609375
481861.90625,234774.40625
299465.90625,17648.69921875
284517.59375,5621.89990234375
567825.625,12926.599609375
540289.1875,88251.203125
402122.40625,11212.2998046875
541277.875,218669.796875
527569.8125,12520.5
282848.59375,102495.203125
559055.8125,14052.7998046875
377818.1875,172720.796875
391485.90625,182213.90625
295441.3125,101780.703125
365545.6875,207954.703125
325892.09375,7367.0
278294.3125,10000.2998046875
538866.875,14498.7998046875
560663.625,13339.900390625
293696.1875,7436.39990234375
302719.5,8619.099609375
268868.90625,5084.39990234375
311833.0,9935.599609375
539357.5,14151.0
287978.40625,6617.0
302026.1875,21594.400390625
295414.0,9062.7001953125
282577.0,6029.2998046875
548192.875,223632.40625
274224.1875,6472.10009765625
490666.0,302169.40625
549840.375,12892.0
267112.90625,10534.900390625
351012.0,100306.203125
270816.3125,6873.10009765625
283641.8125,84872.296875
447811.09375,259106.09375
558895.8125,16298.7998046875
575933.375,14462.599609375
547149.1875,147779.90625
263409.40625,7738.7998046875
269290.6875,6360.89990234375
528208.375,11426.7001953125
405593.1875,227451.203125
300741.5,62142.3984375
365706.90625,194549.90625
282926.90625,7197.2001953125
324570.09375,83099.3984375
310486.6875,11526.2001953125
548903.375,11603.7998046875
351595.90625,10184.2998046875
542309.6875,284843.1875
392642.3125,284038.8125
560655.1875,11695.7998046875
340952.90625,99974.3984375
390372.1875,11736.900390625
539827.3125,11677.7001953125
565644.625,12127.5
514205.59375,284866.0
257355.40625,3397.800048828125
287739.40625,40391.30078125
539637.125,11996.2998046875
278724.59375,5768.89990234375
513139.5,238185.40625
280957.1875,6456.39990234375
483657.5,294677.59375
377534.40625,180632.90625
292489.0,6717.10009765625
305749.59375,15110.2998046875
262596.40625,5186.5
294561.6875,83465.8984375
557152.5,14201.7998046875
322237.90625,182440.40625
550734.625,14885.599609375
566420.1875,17657.099609375
285485.1875,11616.400390625
294937.0,8488.900390625
366703.09375,208904.90625
521817.1875,171304.703125
519649.90625,286352.3125
289903.5,6038.39990234375
310822.90625,9167.400390625
570115.6875,12817.400390625
285465.3125,152344.703125
255545.703125,16409.69921875
438289.90625,256969.796875
396369.90625,236586.796875
271341.59375,5796.2998046875
305583.0,53113.3984375
297163.5,7549.60009765625
315270.0,75894.1015625
329533.3125,142684.0
405652.90625,13688.5
400652.0,224852.90625
556406.1875,13440.900390625
375618.90625,305239.40625
374912.1875,228359.0
287905.59375,117106.6015625
551996.6875,11997.099609375
307179.1875,51274.3984375
424595.5,219193.90625
301559.40625,119265.5
330432.40625,141357.90625
546443.5,9300.900390625
502419.40625,309242.90625
532146.125,189385.40625
567724.625,12785.099609375
551634.1875,12194.2001953125
362974.90625,160072.296875
473839.3125,16412.900390625
510032.90625,203480.296875
263545.8125,177604.0
522698.6875,277380.6875
279187.59375,5965.7001953125
551297.3125,11806.7998046875
335546.0,165413.40625
547350.1875,12503.900390625
272858.3125,6781.2001953125
494043.1875,11730.7001953125
262978.90625,39855.80078125
454678.09375,88739.296875
317211.59375,194006.40625
387739.0,241373.90625
439018.1875,15445.400390625
312351.5,12375.599609375
299108.90625,6932.39990234375
545700.0,164956.09375
424704.3125,278203.5
551517.125,12566.2998046875
520694.90625,12070.5
489584.0,144408.40625
550778.1875,11220.400390625
533030.5,252237.703125
320233.0,60691.80078125
366745.90625,299656.40625
380259.1875,255843.5
355512.3125,215806.09375
576995.0,14546.900390625
277135.90625,6358.39990234375
537563.875,9861.2001953125
290608.09375,5943.60009765625
285624.6875,6083.7001953125
553801.875,148572.796875
540504.3125,13401.900390625
401052.90625,10415.7998046875
313156.8125,6804.0
516124.6875,227116.703125
282618.5,6654.39990234375
314145.90625,87579.3984375
248307.203125,5342.39990234375
295789.59375,7558.0
275129.59375,19466.0
549226.625,180045.296875
480407.09375,178775.40625
315615.5,24598.400390625
345245.1875,165283.90625
333744.5,130799.1015625
556802.375,11347.900390625
310016.8125,128187.0
277123.09375,5566.7998046875
337674.90625,192261.5
432298.0,260441.90625
438765.0,289292.1875
520691.6875,14754.5
555264.625,161413.09375
367282.1875,143979.40625
258859.0,7284.39990234375
504748.40625,304183.5
465538.40625,274744.40625
353388.3125,189938.59375
432133.8125,272339.09375
256344.09375,5694.0
306437.59375,9711.099609375
306554.8125,96971.296875
286530.90625,6975.60009765625
322235.8125,179738.40625
487822.59375,11686.0
429346.59375,239651.90625
288830.40625,6770.7998046875
556865.6875,11577.900390625
280535.0,9627.0
566231.8125,12243.2001953125
331375.1875,92621.796875
309849.8125,66380.0
291039.40625,14773.900390625
565447.8125,14125.0
454231.0,222467.703125
286193.40625,5816.7998046875
314317.6875,12501.2998046875
419518.40625,298492.6875
306822.40625,88581.703125
400940.09375,253583.0
262275.3125,5764.60009765625
463891.40625,292579.40625
291535.59375,25094.900390625
379260.09375,191239.09375
304106.1875,28231.69921875
366016.90625,193916.296875
312851.40625,88840.796875
289499.8125,8124.5
268181.1875,6298.7001953125
556103.6875,12991.2998046875
530300.0,233799.40625
297774.40625,9786.900390625
404901.1875,240459.40625
274577.6875,5516.7001953125
280632.09375,6440.5
292132.59375,8318.0
306867.3125,58793.80078125
250479.203125,9248.900390625
578257.5,14782.099609375
561548.375,11700.400390625
543413.5,10685.599609375
351676.5,189055.0
307311.8125,67864.5
287731.09375,7320.7998046875
371978.5,175640.90625
415155.6875,164893.90625
564069.0,162959.296875
342425.1875,126683.0
339816.6875,130209.1015625
562513.3125,13242.599609375
469981.59375,281926.1875
275548.40625,8800.7001953125
521684.1875,230969.703125
452691.40625,238596.796875
324056.8125,129643.5
381223.8125,167477.796875
268826.6875,5580.2998046875
247699.5,4447.39990234375
487751.40625,9714.400390625
541154.1875,62213.8984375
262199.6875,11907.2001953125
243913.59375,79336.5
330448.8125,124489.796875
311807.40625,90550.296875
580054.875,34189.30078125
538919.125,196096.796875
300955.0,8466.900390625
488654.6875,144826.40625
292715.0,6999.60009765625
289045.0,6327.0
550016.625,12373.7998046875
562129.875,13197.0
514900.5,10662.2998046875
319081.09375,13017.599609375
539764.1875,160283.09375
285185.0,5933.89990234375
564001.375,13816.5
261129.40625,7267.89990234375
487642.0,236498.203125
436311.8125,171064.59375
583838.625,14150.0
561805.8125,15717.2998046875
301646.40625,235208.296875
572899.375,14180.599609375
280361.09375,6360.0
322580.59375,10843.900390625
471025.6875,16388.400390625
539839.375,12027.900390625
509771.40625,11388.7998046875
492768.1875,235334.90625
482473.0,240249.0
285484.90625,9908.2001953125
458012.6875,257786.203125
556452.8125,13187.2001953125
425055.8125,335733.5
513769.5,215838.703125
302371.09375,86213.203125
264043.09375,6462.7001953125
266050.90625,4781.2998046875
552522.375,16715.900390625
353043.09375,210639.203125
291862.59375,7390.39990234375
322067.40625,160902.296875
481940.40625,349187.3125
316488.3125,71383.0
519360.1875,11937.2001953125
264445.09375,6305.2001953125
267736.3125,4744.2998046875
518235.5,12595.900390625
306518.1875,86589.3984375
284344.1875,8054.7001953125
323053.59375,130867.0
267954.3125,8084.2998046875
474378.40625,13120.7998046875
298622.40625,7646.7998046875
490582.09375,258069.296875
515787.59375,15622.900390625
479154.5,10482.900390625
470379.1875,271430.90625
316064.90625,39355.8984375
530644.0,24654.099609375
419462.0,250292.5
505841.59375,252239.296875
319430.8125,144583.59375
492266.59375,230369.203125
388541.90625,288964.6875
456978.09375,349955.40625
287759.59375,8678.099609375
552675.875,12563.2998046875
393848.40625,9341.7998046875
395824.40625,161602.40625
549808.6875,13114.7001953125
421165.59375,298231.0
498728.3125,264080.8125
286802.90625,40239.30078125
438325.40625,247999.296875
506456.09375,9999.7998046875
572391.125,22177.400390625
540224.0,12689.400390625
349280.0,169587.09375
285389.5,7212.60009765625
464946.09375,249981.796875
362154.5,226436.90625
248612.703125,90409.8984375
375172.0,12185.7001953125
345954.40625,194755.90625
447394.59375,278201.59375
506025.1875,180790.09375
288392.6875,19680.900390625
554293.0,253949.40625
291330.40625,8110.89990234375
553940.8125,227165.59375
267316.3125,23728.80078125
329214.09375,268153.09375
515600.90625,172451.296875
368306.3125,206932.296875
549829.375,11101.599609375
569735.3125,13151.900390625
444945.09375,13305.400390625
522588.6875,13970.400390625
337097.90625,119498.8984375
496157.6875,283217.90625
459741.0,290996.0
507034.90625,13427.2001953125
302877.1875,13337.2001953125
357216.8125,192081.0
271797.5,6401.89990234375
282049.40625,5739.39990234375
389902.09375,219918.703125
276914.59375,6235.89990234375
430504.59375,207851.59375
525804.1875,15095.7001953125
287366.40625,6171.7998046875
284203.1875,6079.7001953125
305422.09375,73556.703125
299809.3125,8164.7998046875
507094.5,270200.40625
287387.6875,6211.39990234375
557388.8125,11563.2001953125
264228.1875,5851.2001953125
273481.09375,5243.5
468696.8125,274619.3125
541660.875,12464.2998046875
562580.625,26590.30078125
387454.09375,301403.90625
559321.1875,12466.900390625
558978.5,11243.599609375
562034.875,12466.400390625
379405.0,10386.0
292430.3125,52610.0
286092.90625,6418.5
528596.0,249301.40625
285680.5,7081.2998046875
356924.90625,217909.40625
543007.1875,13398.400390625
394704.3125,240104.09375
566310.3125,12676.599609375
538755.125,45530.5
281858.3125,16092.599609375
507154.5,12253.400390625
317999.59375,76414.203125
281274.90625,6199.7001953125
310969.09375,30723.400390625
291255.09375,12194.599609375
540101.1875,13218.7001953125
295061.40625,6848.7998046875
426091.3125,179185.5
282143.1875,5434.7001953125
423889.3125,220679.296875
327273.1875,162944.296875
545240.875,128830.8984375
329271.1875,77014.203125
277298.59375,5754.5
346933.09375,105833.0
485257.90625,284598.3125
290385.09375,7731.2998046875
421881.09375,272770.40625
487118.0,231119.09375
281017.0,5876.10009765625
267670.3125,7028.0
334288.09375,127180.296875
287813.40625,52012.5
299919.5,8054.89990234375
320186.1875,74385.8984375
275760.0,6099.7998046875
431809.90625,262780.40625
270849.1875,8377.5
358367.09375,116625.1015625
527549.6875,271665.40625
308374.5,14374.400390625
412191.40625,254578.5
534508.875,10689.400390625
483580.3125,240538.09375
529276.3125,11651.599609375
300681.09375,9911.599609375
556437.375,148711.59375
529133.875,157278.59375
552306.125,13528.5
310710.59375,90993.8984375
466763.5,274285.5
428786.5,241192.90625
328708.6875,122674.703125
336225.1875,145973.796875
278498.40625,5945.39990234375
293525.8125,9767.0
279041.09375,7283.2001953125
282941.09375,6755.7001953125
497567.40625,266181.90625
294908.59375,7386.7001953125
302878.40625,70732.203125
314938.59375,6670.89990234375
245526.203125,163625.203125
571216.375,19929.30078125
258377.90625,5221.7998046875
545510.3125,12643.0
436173.6875,256678.703125
476850.6875,272677.8125
545789.0,19969.400390625
282827.8125,6833.7001953125
558102.125,13614.5
328816.59375,140828.0
357460.8125,222134.796875
370642.40625,275198.3125
324102.90625,102279.296875
381243.09375,240141.296875
288193.09375,8991.900390625
535884.8125,10308.5
273971.40625,62808.5
573497.5,14114.900390625
531649.5,13404.2001953125
451722.6875,7462.0
303804.09375,33749.1015625
433402.6875,160897.09375
391530.8125,248788.09375
563307.0,13184.900390625
559577.375,12466.400390625
559651.1875,17084.69921875
557762.875,12997.2998046875
577374.3125,14729.900390625
293013.40625,10694.7998046875
303719.3125,44094.0
556011.875,14993.900390625
312702.3125,9260.2001953125
266103.1875,6039.2001953125
297467.09375,10361.0
254710.09375,7272.5
579804.3125,14958.2998046875
334013.40625,159746.296875
505332.0,11732.599609375
292143.40625,7144.39990234375
472757.0,338172.59375
301729.5,8296.0
287390.59375,61010.80078125
561259.5,14049.400390625
588187.5,15508.7001953125
561735.0,13423.7998046875
394157.90625,82035.3984375
558543.6875,14084.5
263921.59375,6912.10009765625
395076.6875,252992.59375
331058.6875,96221.8984375
432758.5,71588.3984375
423998.40625,213625.40625
561666.8125,14786.7998046875
328731.90625,11245.2998046875
336788.3125,145422.796875
339319.90625,126335.1015625
417385.8125,248900.90625
434153.09375,232613.90625
291348.1875,7590.89990234375
426013.40625,11994.400390625
496526.90625,202230.296875
272450.1875,4956.89990234375
304354.0,9949.900390625
338517.3125,162577.703125
551869.3125,15443.5
419435.0,175182.5
355248.59375,193777.703125
293642.90625,158600.296875
388581.5,226409.90625
464442.90625,269786.40625
455966.09375,322428.6875
300761.09375,37261.3984375
282252.59375,5349.10009765625
558058.875,13838.2998046875
437545.8125,276715.90625
547619.375,12585.2998046875
427983.3125,288478.5
456042.1875,124193.703125
373005.59375,225001.703125
345867.1875,202409.796875
543010.5,12800.900390625
300191.90625,11242.900390625
296365.59375,8223.0
358728.09375,234892.5
466164.8125,219564.796875
508503.90625,211441.296875
300247.59375,6629.2998046875
556351.625,14032.400390625
513902.5,279474.90625
521960.6875,314329.40625
529253.5,268407.09375
273535.90625,5607.89990234375
399973.0,287018.59375
404806.3125,230102.0
287296.0,7313.2001953125
295718.5,41914.30078125
342219.1875,253168.5
276339.59375,7902.60009765625
267357.6875,6205.39990234375
556407.5,15945.2998046875
302828.5,9719.900390625
538211.1875,215938.59375
546328.0,16829.69921875
327287.5,141429.59375
275972.90625,6359.2998046875
547458.8125,12615.2998046875
291406.6875,29705.19921875
295657.09375,7951.10009765625
272956.5,5905.39990234375
290653.09375,9993.900390625
578766.1875,14907.2001953125
358857.5,173643.40625
278887.8125,7383.39990234375
259240.90625,5733.39990234375
286938.40625,6577.7998046875
252256.09375,23720.5
411340.59375,229664.40625
364544.6875,242770.0
567421.125,15163.0
410091.09375,282949.0
511613.5,244629.09375
527223.1875,236025.296875
285730.8125,5993.7001953125
519547.8125,209613.703125
324518.3125,74869.3984375
559732.6875,13157.400390625
279863.59375,5768.39990234375
288876.3125,6654.5
525627.5,232858.203125
462889.90625,311027.1875
294630.59375,64974.30078125
307328.3125,84970.1015625
292265.0,6935.2001953125
311232.6875,86713.796875
588618.1875,15589.099609375
360800.0,207763.09375
286909.40625,117293.0
391728.5,197103.59375
507848.3125,241527.0
525065.6875,175839.203125
527588.8125,10215.400390625
355062.5,230275.90625
575485.125,12729.400390625
327171.59375,121883.3984375
567251.875,13024.7001953125
338429.40625,88941.0
421108.8125,295714.3125
531612.5,183019.296875
314354.5,90160.6015625
262999.3125,5264.7001953125
553011.6875,30301.0
355027.5,10982.2001953125
267242.5,28407.599609375
374747.0,10807.7001953125
296331.6875,26805.5
315488.3125,10283.7001953125
565292.0,13881.099609375
251464.296875,5348.60009765625
567195.625,11675.2001953125
507194.3125,14641.2998046875
282230.5,6218.2998046875
405970.1875,267188.90625
415266.09375,222206.90625
266214.0,10591.400390625
296699.1875,7205.10009765625
267141.0,5133.7001953125
297178.0,10245.099609375
299765.6875,49171.19921875
582359.8125,11993.400390625
397994.8125,259069.09375
410554.59375,260851.59375
516186.5,10223.7001953125
303021.90625,133032.203125
277520.59375,5380.89990234375
556464.6875,12835.7001953125
272825.0,7422.39990234375
469302.59375,205034.203125
284585.3125,42703.3984375
523893.90625,12086.900390625
497032.40625,14342.7998046875
272041.59375,6279.5
284768.6875,7569.39990234375
586816.5,12962.7001953125
316883.90625,15615.7998046875
306648.8125,7490.7998046875
298211.1875,34887.19921875
576673.8125,13754.400390625
277954.8125,5510.10009765625
313005.5,63112.69921875
475481.09375,133908.90625
301551.1875,10298.7001953125
569324.5,14088.900390625
557287.125,12717.7001953125
557948.1875,15941.599609375
273018.8125,7455.89990234375
473721.90625,308362.8125
300430.59375,13078.400390625
503250.09375,301371.5
523767.09375,259424.0
429703.90625,283861.8125
554667.5,12547.599609375
559891.1875,11347.2998046875
291192.1875,5729.89990234375
285701.5,14927.099609375
560856.3125,123806.8984375
546500.1875,14736.400390625
272403.09375,102542.296875
283140.59375,5608.89990234375
499714.3125,166818.5
298161.8125,27238.19921875
261823.09375,27142.30078125
550291.1875,235105.90625
556925.0,14997.7001953125
377096.1875,245357.296875
550299.1875,12679.599609375
461957.5,316654.09375
447690.90625,234625.5
479355.0,232556.09375
280472.3125,8863.099609375
455465.6875,276685.6875
308156.6875,52358.8984375
248283.203125,5452.2001953125
535436.125,15246.400390625
277127.90625,6970.2001953125
548185.1875,11470.7001953125
265472.59375,6485.89990234375
565897.375,13032.7001953125
320487.90625,12136.0
273282.40625,8204.0
280554.3125,16448.30078125
331163.5,114287.296875
306934.5,48192.6015625
538746.8125,11595.7001953125
322511.0,94285.703125
566803.0,14852.2001953125
340955.6875,191739.09375
286149.5,57406.1015625
566091.875,14297.2001953125
520808.59375,169702.40625
550013.0,12891.400390625
312443.59375,101540.203125
566149.1875,11653.599609375
268645.3125,52834.30078125
554779.6875,12108.7001953125
544249.8125,10313.599609375
346311.90625,149252.703125
528618.5,277340.90625
289564.09375,7715.39990234375
309391.5,8040.39990234375
317619.09375,82210.703125
491002.6875,340134.40625
271271.90625,6255.2001953125
285268.5,7326.2998046875
285101.0,6585.39990234375
268473.59375,5980.2001953125
527221.1875,162437.09375
376852.5,259316.703125
291773.3125,6943.2998046875
536159.8125,12472.900390625
392597.3125,117728.6015625
255419.59375,134502.09375
288958.5,6694.7001953125
573363.375,11651.7001953125
414571.0,267613.40625
405528.6875,216798.203125
290828.59375,20980.19921875
477198.8125,13433.900390625
578287.875,17089.80078125
374739.59375,158164.5
289839.59375,9074.900390625
561373.125,12893.0
276679.1875,6619.7998046875
278869.6875,5525.89990234375
276676.3125,7245.39990234375
349272.1875,178968.90625
374157.59375,236130.296875
391274.09375,254650.40625
312276.3125,71995.5
559361.8125,13082.7001953125
287534.90625,9217.2001953125
574041.125,12665.2998046875
561322.8125,12395.099609375
436269.5,253009.703125
363789.5,261953.09375
533305.875,279956.0
270280.5,6031.2001953125
274584.3125,5246.60009765625
421893.59375,301597.1875
464331.6875,228140.203125
343901.3125,162242.40625
522746.0,9456.900390625
372104.6875,128615.8984375
326805.59375,128972.8984375
299241.40625,34262.69921875
317728.1875,100785.703125
553177.125,11883.900390625
507328.40625,284378.6875
241914.59375,23380.099609375
281381.90625,6315.7998046875
436906.40625,246837.0
486324.3125,18718.80078125
303686.5,23242.80078125
273172.59375,6097.0
557729.625,16927.099609375
347702.0,9608.2998046875
553206.5,12475.2001953125
539704.0,11091.099609375
298796.5,26074.69921875
566101.8125,13364.2998046875
433967.3125,294543.6875
346373.1875,162295.40625
578878.0,150143.296875
382418.59375,234498.40625
538854.5,230658.203125
284788.1875,5116.7001953125
457338.3125,276373.90625
537959.125,10817.099609375
305834.59375,14393.900390625
288484.1875,7034.7001953125
339828.5,114776.3984375
316932.1875,85534.6015625
367876.3125,189200.40625
296410.90625,10632.900390625
413016.90625,268781.8125
419496.09375,308599.0
558339.625,12772.900390625
386927.1875,234804.0
283832.59375,6153.5
286435.09375,7040.0
339656.90625,152177.796875
529365.1875,11813.400390625
552872.375,11702.7001953125
563316.5,72000.296875
286550.6875,6083.60009765625
543093.0,12084.7001953125
442078.0,203485.09375
290226.40625,5917.7998046875
287359.3125,35368.30078125
294978.1875,16114.2001953125
252547.796875,7501.39990234375
240522.796875,5081.60009765625
545499.125,11634.599609375
293779.5,7228.7001953125
362736.40625,113705.703125
283729.0,5924.39990234375
324929.09375,161647.203125
291798.6875,5959.60009765625
403274.8125,252990.90625
299421.59375,33508.8984375
300737.6875,23321.0
281303.59375,58587.5
416298.1875,251200.90625
447382.6875,259282.203125
544622.8125,19452.900390625
293507.09375,17328.80078125
454365.8125,260553.5
303262.0,108845.203125
254803.90625,5761.2001953125
290185.8125,5555.10009765625
280542.1875,5530.39990234375
313630.5,105602.203125
531009.6875,74809.1015625
398245.0,151200.09375
372117.3125,216120.59375
456206.1875,11303.2001953125
547085.8125,11001.400390625
413392.0,239920.90625
300415.1875,58481.3984375
306034.90625,103202.703125
278843.1875,7187.39990234375
389481.09375,228525.90625
278290.5,6788.89990234375
502178.59375,10543.2001953125
346586.1875,202026.59375
550149.0,12164.099609375
302191.90625,91239.796875
482131.6875,227532.203125
320841.3125,146003.09375
357273.5,209371.203125
497027.5,239162.90625
274359.59375,9540.400390625
279543.1875,6125.2001953125
505526.0,203211.40625
304297.09375,8919.7001953125
284776.1875,8288.599609375
593670.875,21650.80078125
317221.09375,61205.3984375
553998.625,12946.5
340635.40625,137877.296875
305519.3125,8098.7001953125
324762.8125,160141.203125
581828.1875,15348.2001953125
550606.375,190502.203125
547970.1875,14398.900390625
285366.09375,6068.39990234375
310802.3125,14359.5
402531.8125,204054.203125
543040.375,26409.19921875
523346.09375,16512.30078125
554075.5,44412.19921875
455247.6875,234962.796875
287469.1875,7374.60009765625
426375.40625,212294.0
425969.5,218453.09375
284757.8125,5977.60009765625
277170.3125,5974.5
359979.1875,212719.703125
292730.5,10309.900390625
517164.59375,257587.90625
526792.125,254272.90625
329271.40625,156535.203125
325333.40625,127027.5
516730.09375,10481.099609375
567158.375,12796.2001953125
305871.59375,85378.8984375
301572.5,30469.400390625
557838.125,12484.7001953125
286206.0,6931.2001953125
251741.5,4623.60009765625
411660.40625,250771.796875
565851.1875,13680.2001953125
301792.8125,9116.900390625
304974.90625,149268.703125
297207.0,24472.900390625
374047.59375,204916.40625
361530.6875,201043.203125
277723.6875,5000.60009765625
306483.8125,27613.400390625
294921.40625,6544.89990234375
284928.40625,4340.2998046875
305928.59375,134239.5
291368.1875,10497.0
378626.59375,215552.5
348369.90625,205278.296875
343096.6875,159225.796875
409866.1875,179750.40625
353518.5,202946.09375
474974.8125,231767.203125
396715.8125,174105.703125
506777.6875,228750.203125
498143.8125,229420.40625
557456.375,9988.2001953125
591889.125,15547.900390625
299159.3125,8645.5
351820.0,112332.703125
274163.40625,5443.2001953125
538845.125,10882.2998046875
289530.3125,42611.6015625
555771.0,14829.7998046875
276333.59375,5847.89990234375
395281.5,194368.203125
313134.5,14717.099609375
380031.1875,230162.703125
385046.8125,183120.40625
273312.8125,4353.60009765625
412135.59375,172377.59375
334098.40625,18902.69921875
483858.5,253720.90625
455243.09375,279735.40625
304795.09375,8264.2001953125
428409.6875,177859.09375
365060.3125,218329.90625
547103.375,189261.90625
343434.90625,96379.796875
318232.59375,122523.0
298589.09375,38029.8984375
291077.6875,17264.0
512614.59375,210703.5
310153.59375,9514.5
288871.90625,20128.80078125
291574.0,47387.6015625
256158.0,5828.10009765625
388171.8125,13601.7001953125
243783.296875,4510.7001953125
452620.6875,298492.1875
300887.8125,124601.3984375
260169.40625,53120.19921875
268147.1875,5148.89990234375
448180.59375,191510.796875
279641.40625,7793.2001953125
306458.59375,10023.7998046875
286645.8125,6820.10009765625
435988.1875,302921.90625
559237.0,13032.7001953125
524506.5,13746.099609375
529773.5,10896.7001953125
300697.0,127161.6015625
410490.3125,234298.5
253877.59375,6318.2001953125
305446.1875,147623.703125
452992.8125,366715.90625
324794.5,94356.8984375
534463.6875,237597.90625
517269.1875,264556.1875
330503.09375,82020.3984375
302025.90625,13486.7001953125
432283.1875,254209.40625
372139.59375,266141.40625
292761.0,8236.900390625
270227.59375,6823.7001953125
326928.90625,149555.296875
245641.296875,5967.7998046875
319491.3125,16501.900390625
572687.3125,15747.099609375
543643.125,11741.099609375
264968.0,6719.7001953125
489479.90625,219205.703125
295482.0,10050.900390625
513470.09375,10186.400390625
533683.1875,23560.099609375
286839.8125,15031.400390625
552669.625,300150.0
335334.6875,104234.5
256094.90625,5165.7998046875
436311.1875,230004.796875
533093.1875,230386.40625
269099.8125,6415.7001953125
523598.8125,10872.7001953125
278159.3125,6526.39990234375
560067.625,13561.900390625
549336.3125,13778.7001953125
292017.90625,6942.2001953125
551311.0,12338.2001953125
264567.6875,5339.10009765625
273267.0,7165.10009765625
483257.90625,267760.5
463130.0,222438.796875
447293.0,176716.40625
521126.6875,237351.59375
499732.5,270747.09375
364249.40625,185415.296875
304180.6875,8797.7001953125
512066.8125,234817.40625
291033.0,26270.69921875
323598.09375,129710.8984375
297025.09375,8118.7001953125
370732.6875,225600.59375
342256.8125,142073.90625
542521.375,12246.400390625
578379.875,13936.7998046875
319470.09375,116973.8984375
400569.6875,191957.5
360125.40625,109738.796875
564242.0,14051.599609375
349716.6875,179262.796875
403222.0,203358.09375
590517.3125,12752.7001953125
264544.8125,4910.2001953125
398407.6875,282266.6875
552248.8125,13774.400390625
550782.375,12301.7001953125
485408.1875,11648.400390625
285437.59375,10789.2998046875
500340.59375,207677.90625
301890.8125,9574.0
311506.3125,66363.203125
274066.0,5511.2001953125
316381.0,32483.69921875
396269.1875,228653.796875
308344.6875,8468.099609375
532466.0,11902.099609375
295178.90625,7636.0
544396.8125,12016.099609375
246965.09375,6351.2001953125
247390.703125,6925.2001953125
289215.3125,6015.89990234375
280495.5,5424.39990234375
379823.1875,240939.203125
349943.40625,176183.203125
528214.6875,14482.2001953125
341898.59375,212306.90625
283200.40625,39331.0
265724.09375,17648.099609375
468512.90625,10830.7998046875
391431.40625,160990.5
447109.3125,217258.296875
520249.8125,100048.703125
269849.09375,7227.0
278415.6875,5711.39990234375
281682.40625,5476.2001953125
541593.125,12399.900390625
301449.09375,7830.7001953125
341344.0,182138.703125
386661.8125,199039.296875
492836.0,16305.2001953125
278058.5,6390.39990234375
339641.09375,210725.90625
289407.1875,7315.7001953125
302971.5,10584.400390625
561999.625,15020.7001953125
347283.1875,202921.59375
370557.8125,268404.40625
310117.40625,125101.796875
456416.59375,283452.5
553765.125,18182.0
462690.0,265719.09375
357759.6875,199845.90625
537395.5,14059.099609375
296652.8125,8615.2001953125
292129.90625,8251.2001953125
580569.6875,12301.400390625
305059.09375,10175.900390625
283760.3125,13273.5
547243.8125,243917.203125
441708.0,221973.203125
534115.375,11098.7001953125
545597.3125,206664.09375
562758.1875,12583.400390625
345741.0,135155.703125
293565.6875,8708.7998046875
274934.5,5510.60009765625
349900.90625,186517.0
259900.0,7917.2998046875
511588.59375,11011.400390625
291688.5,6114.89990234375
323238.09375,126246.703125
430432.6875,206659.09375
285204.5,7288.2001953125
332322.0,178473.59375
272566.1875,5913.2001953125
276882.8125,7579.39990234375
543909.3125,12998.099609375
294561.09375,7367.10009765625
274322.90625,6062.2001953125
325315.0,138749.90625
545146.5,12669.400390625
445695.59375,289281.6875
433646.1875,268634.09375
300331.3125,10892.900390625
303015.40625,9976.400390625
564810.375,11253.7998046875
471717.59375,9858.0
462455.59375,237148.40625
284307.1875,6453.5
457758.59375,142484.5
496522.0,229939.59375
285795.6875,7672.7998046875
525388.1875,149370.90625
551447.0,60590.6015625
579024.3125,13023.2001953125
316824.90625,90409.703125
592373.6875,16146.400390625
437402.09375,273968.8125
355683.09375,152010.90625
453127.8125,246943.0
561058.3125,13837.7001953125
471540.5,329203.1875
419759.40625,254085.703125
526766.8125,12670.599609375
317705.0,57315.69921875
307013.1875,38991.1015625
581562.0,17350.599609375
299148.0,7916.7001953125
297251.3125,12236.5
281585.3125,6115.39990234375
261364.5,5584.89990234375
543713.6875,11494.900390625
390060.90625,202313.203125
501153.0,271210.3125
583974.125,14337.2001953125
558382.0,13947.7001953125
557683.0,11846.599609375
375323.90625,179554.296875
291391.8125,9568.900390625
511446.3125,160309.59375
503565.09375,278187.59375
569511.5,13649.2001953125
554705.375,12884.2001953125
291832.5,14168.900390625
563541.625,18227.900390625
249852.5,4064.39990234375
354804.59375,177060.703125
262823.1875,6824.10009765625
574630.3125,12193.900390625
533228.625,220237.0
360598.6875,152769.5
360096.59375,177415.5
552066.375,11494.2001953125
264548.0,27481.19921875
367093.3125,182327.296875
314610.40625,101069.203125
259177.40625,25838.69921875
299099.0,33222.69921875
402565.3125,182970.703125
540403.3125,258872.59375
535839.375,251663.5
539096.125,10935.099609375
310845.90625,160666.703125
318672.90625,167604.296875
310451.1875,46428.1015625
370159.59375,221590.90625
367444.40625,224595.203125
314485.90625,77271.3984375
402893.5,223381.0
540167.5,11733.7001953125
277493.09375,7361.10009765625
298083.0,45156.19921875
328268.5,92623.796875
395219.0,264349.90625
410558.8125,224717.09375
296593.3125,7281.7998046875
355735.0,235035.0
285081.40625,7502.7998046875
509521.90625,200196.203125
561494.1875,13177.0
285502.90625,5150.7001953125
273070.90625,4762.7001953125
441407.5,241506.59375
562163.1875,43377.0
317994.0,125090.203125
293860.40625,6975.89990234375
570547.3125,12959.599609375
368128.1875,288935.09375
282812.90625,65663.203125
336627.3125,72079.703125
287782.59375,5445.10009765625
539710.375,309913.09375
278028.40625,6040.2001953125
324218.3125,179814.296875
285151.40625,6560.7998046875
303910.90625,43186.69921875
543436.8125,34866.1015625
574595.125,14183.099609375
275541.59375,6406.2998046875
566102.375,14222.7001953125
548483.375,12703.400390625
388514.0,234889.0
294503.0,7105.2001953125
291997.59375,36298.6015625
552140.0,12521.2001953125
297127.90625,9999.2001953125
556887.5,12912.900390625
300907.09375,92637.5
258510.796875,5006.7998046875
542182.0,14180.0
517020.40625,346747.0
521569.40625,9191.2001953125
543229.1875,11083.0
299722.40625,20497.69921875
415640.0,199171.59375
290197.5,5213.2998046875
285002.6875,47771.0
267462.0,94167.203125
464699.90625,283515.90625
343315.8125,167249.296875
560309.8125,13735.2001953125
582334.875,13865.5
510660.09375,323520.59375
263831.40625,6851.7001953125
332946.1875,237584.09375
543988.125,12840.400390625
283708.90625,7063.7001953125
576646.875,14314.900390625
444466.59375,230258.90625
284100.5,6074.7001953125
531601.875,15529.2001953125
464383.0,312551.8125
300629.59375,33396.1015625
447200.0,183808.40625
520695.3125,221207.59375
568397.625,12820.5
291291.8125,140598.296875
392308.0,250058.5
285945.40625,5954.7998046875
296631.90625,10051.2001953125
291547.40625,6132.7001953125
559120.375,17730.69921875
292611.0,26080.69921875
332600.0,110605.796875
328653.90625,103361.703125
269486.3125,28009.19921875
561188.125,13437.099609375
304518.90625,9340.099609375
565970.375,11798.2001953125
535802.375,46104.19921875
338505.59375,209882.0
285004.09375,7535.0
262078.90625,12972.2998046875
544278.6875,13075.2998046875
295123.6875,53040.1015625
299339.8125,10445.7001953125
284183.8125,8186.89990234375
544412.125,12188.900390625
292148.6875,6879.0
489872.0,11521.0
358549.6875,207271.90625
471875.40625,257498.40625
326548.90625,100308.203125
545623.0,11348.2001953125
567499.125,9341.599609375
529688.875,13447.2001953125
397043.90625,264464.3125
419005.1875,236386.09375
278333.40625,18962.19921875
353134.40625,115062.8984375
260446.0,8113.2001953125
296096.09375,17100.400390625
497024.59375,206277.09375
298707.0,11288.7001953125
288696.0,7487.39990234375
473401.8125,10472.099609375
333611.59375,208181.0
533604.5,11622.2001953125
442777.3125,176240.296875
297870.8125,70786.703125
313756.3125,73405.1015625
535019.875,10363.0
537265.625,12242.599609375
306106.59375,97563.796875
541946.375,161078.796875
558666.1875,13873.599609375
544232.125,12543.900390625
554130.375,192995.703125
526091.875,226103.40625
285895.0,5802.0
527350.0,37516.69921875
336873.09375,193725.90625
334767.90625,215556.203125
502976.0,247673.296875
447245.59375,225991.09375
304853.0,48105.8984375
438486.90625,258852.796875
254565.703125,5893.0
334281.90625,116832.203125
269446.40625,7599.7001953125
531280.3125,12074.7998046875
369794.1875,169335.5
365914.5,175284.203125
446400.90625,268588.90625
299658.59375,41394.3984375
288256.1875,22310.099609375
248064.0,6856.2998046875
285907.59375,5753.10009765625
476734.40625,294475.1875
281662.6875,135645.59375
300460.8125,60368.30078125
310117.59375,48325.5
521955.3125,169481.0
518998.1875,242462.796875
280608.6875,157764.09375
259650.203125,7148.2001953125
529210.6875,214987.5
292679.59375,37387.19921875
242259.0,33062.0
263155.5,5329.2998046875
268578.1875,113554.3984375
565508.6875,121194.703125
538961.375,17040.400390625
526542.3125,268853.0
304950.40625,10282.7001953125
373338.40625,187495.703125
562897.125,12715.900390625
348938.8125,176393.09375
279664.6875,6640.7998046875
493725.6875,321485.1875
358627.90625,89354.1015625
269679.90625,6366.2998046875
277806.8125,205833.296875
326646.3125,163068.296875
307210.09375,14361.7998046875
512560.6875,249170.90625
576755.1875,13483.7001953125
292287.0,7269.10009765625
290446.3125,43103.6015625
382904.3125,200364.0
329376.3125,148600.0
291571.40625,8946.099609375
300182.09375,9366.400390625
303601.6875,19978.80078125
416618.59375,262048.40625
310814.40625,71829.796875
288308.40625,74526.703125
288237.6875,6016.5
513024.3125,235550.796875
547706.1875,136494.09375
317457.0,64695.80078125
288796.90625,7546.60009765625
284549.8125,5086.5
412456.0,275411.8125
286027.8125,40634.5
275558.6875,5966.2998046875
519075.09375,268851.5
455049.5,244839.703125
559526.8125,13007.2001953125
262844.8125,4778.60009765625
572710.625,13883.099609375
285289.40625,6429.2001953125
500183.40625,248806.796875
292248.09375,26436.900390625
269547.90625,5373.7001953125
272108.5,7473.0
295575.59375,10820.400390625
297232.59375,27630.599609375
479688.40625,310593.1875
313692.09375,63496.6015625
581106.3125,18117.599609375
298869.59375,9770.5
281673.5,6822.7001953125
264779.90625,52046.69921875
274860.09375,7409.7998046875
289313.90625,98419.296875
286931.59375,35610.8984375
288193.90625,9474.900390625
550936.5,13066.0
440409.0,282659.1875
361192.09375,203755.40625
357351.59375,19924.099609375
392110.0,271336.8125
519254.0,176359.5
291432.40625,6732.2998046875
472656.6875,271870.5
491262.40625,308430.6875
285999.0,5558.10009765625
441843.5,236099.296875
420150.1875,303486.5
549406.0,11745.2001953125
579836.875,13030.900390625
560105.125,17264.900390625
292546.3125,13405.099609375
292371.0,10608.2998046875
289158.59375,8888.599609375
573611.375,15154.099609375
459753.90625,220708.703125
466888.6875,233780.09375
538969.125,13505.5
332163.8125,172819.796875
550166.375,12121.900390625
524113.09375,329526.5
316021.3125,180385.0
549923.6875,11735.7998046875
551965.6875,13714.7001953125
330768.3125,197159.203125
286837.40625,6405.5
288544.8125,9790.900390625
432506.6875,219229.0
276632.59375,6087.7001953125
286031.1875,7099.0
487424.5,11334.5
292928.5,8722.2998046875
528893.1875,195699.40625
307163.6875,90168.703125
299328.40625,9325.400390625
269438.3125,9052.5
279087.5,6745.60009765625
387961.09375,223614.59375
455643.40625,251985.703125
546024.625,12749.400390625
286008.8125,6711.60009765625
297409.40625,7418.0
532822.1875,218311.796875
549741.875,13149.2001953125
457998.5,289246.1875
292496.3125,9558.7998046875
290299.3125,43872.19921875
494496.3125,252169.59375
561151.625,12918.099609375
295503.90625,8852.2001953125
283958.09375,7003.7998046875
554145.375,12702.7998046875
306534.40625,81205.703125
516023.40625,8808.400390625
430625.5,296341.0
478992.0,249292.703125
311077.59375,87023.8984375
507805.59375,11721.599609375
419489.0,227869.703125
380130.90625,205651.703125
285389.09375,6766.60009765625
583839.5,14140.400390625
443297.59375,235249.5
357170.8125,185200.296875
574126.5,12819.0
332864.90625,117719.296875
405246.40625,202065.203125
272775.6875,5039.0
551600.875,12402.7001953125
533771.5,14029.2001953125
554372.3125,12460.7998046875
288855.8125,7783.7001953125
302715.59375,9967.599609375
276624.90625,5827.2001953125
582129.625,15902.7998046875
566646.375,270632.8125
562338.5,54232.0
277245.5,9341.2001953125
286021.5,6091.2001953125
483306.40625,225587.703125
509797.09375,10300.599609375
528619.3125,202763.59375
256655.59375,6408.5
468224.0,276965.5
374584.40625,10700.0
361783.40625,243089.796875
292101.40625,56609.19921875
561314.875,13049.7001953125
285108.90625,12387.2001953125
292060.5,7423.60009765625
507701.8125,12597.7998046875
337739.5,153162.796875
561400.125,131760.90625
426058.0,277894.3125
374844.90625,225313.203125
336174.3125,125916.703125
385073.90625,189582.203125
573114.875,14167.2001953125
287956.59375,6460.5
290700.3125,8197.2998046875
291935.40625,7187.39990234375
400617.09375,243287.0
461513.40625,179500.296875
398054.3125,8372.5
290505.1875,7118.7998046875
439772.6875,98729.6015625
283086.8125,8421.7001953125
366084.90625,250835.0
556393.6875,11011.0
328903.59375,129514.8984375
547923.1875,69575.5
473537.5,162140.5
358268.0,217865.796875
463613.09375,9073.5
450761.90625,13634.2001953125
298253.0,16861.099609375
310637.59375,83239.1015625
288861.90625,6584.7001953125
338525.8125,129196.6015625
520047.40625,310530.5
311187.6875,130796.796875
330013.3125,60240.30078125
300025.3125,25908.80078125
396116.40625,245364.703125
286157.0,5788.7001953125
543516.3125,16237.2001953125
452583.59375,231770.09375
282858.40625,7468.7998046875
482149.40625,251725.703125
555212.5,14428.5
349092.5,147620.703125
534102.625,253010.40625
283102.09375,5342.60009765625
382451.3125,218908.09375
319545.40625,155757.296875
533264.6875,256320.5
461424.0,245306.203125
335157.8125,130584.796875
558816.375,18226.0
506259.59375,12612.599609375
289188.90625,11572.7001953125
572940.125,14415.2998046875
272196.90625,6047.7998046875
404742.09375,172026.90625
518911.90625,299403.6875
292808.40625,7852.39990234375
528001.0,219877.203125
477740.59375,207939.90625
254757.90625,4589.2001953125
291829.0,7848.7998046875
551628.625,13306.599609375
291691.0,6722.0
283821.90625,5711.5
548712.375,10796.7001953125
549279.0,11855.099609375
491252.3125,338845.3125
366518.0,166851.796875
271508.6875,151278.5
284993.40625,6332.89990234375
324099.59375,117223.8984375
292547.3125,11568.099609375
548155.1875,10498.099609375
519170.90625,9554.2001953125
303502.59375,61657.6015625
304392.90625,133830.09375
291097.40625,6578.7001953125
285278.09375,7590.0
286761.90625,5928.7998046875
325089.6875,101835.6015625
312106.1875,97228.203125
550440.3125,16088.900390625
291959.1875,6543.5
538557.625,13625.900390625
336021.6875,157349.5
479068.0,250925.0
340197.0,131296.796875
456667.1875,290491.1875
515492.90625,302318.40625
264220.90625,29172.19921875
506518.0,64967.1015625
287538.09375,7482.60009765625
460720.8125,301327.59375
341905.40625,173043.5
283027.1875,7652.2001953125
381382.90625,260964.09375
457327.8125,14458.7998046875
318817.6875,90180.5
331464.6875,237448.40625
287004.8125,7962.5
304881.90625,9141.400390625
365059.3125,181050.5
288001.90625,7099.60009765625
514044.59375,11347.900390625
536737.6875,178337.296875
384515.90625,234414.203125
545719.0,12165.7001953125
509483.3125,19088.30078125
259717.796875,41762.69921875
553059.875,12761.5
592729.125,14790.599609375
292253.90625,33850.19921875
439508.09375,246825.796875
550698.875,24272.30078125
367121.1875,10374.599609375
557161.625,11692.400390625
549628.375,13137.7001953125
544134.875,10172.400390625
279160.5,5178.5
571844.0,13456.2001953125
329552.59375,150512.90625
294715.40625,7015.2001953125
522268.59375,14545.099609375
371445.3125,260360.09375
272908.59375,37639.3984375
553017.625,81342.8984375
562508.375,11878.599609375
285759.5,6228.5
365200.90625,257772.296875
377866.3125,236279.40625
283381.59375,5975.7998046875
285871.09375,6235.10009765625
458304.0,278962.59375
514107.5,246851.5
414222.6875,269491.09375
285711.40625,5245.89990234375
320883.8125,80425.296875
323060.8125,109510.296875
572047.8125,29137.19921875
538726.6875,22256.30078125
566030.1875,23149.80078125
567352.875,12671.099609375
310728.90625,87453.5
284012.09375,15398.599609375
545487.3125,14038.900390625
251793.203125,10487.2001953125
283834.3125,7107.2001953125
291133.6875,6690.5
294384.90625,50274.19921875
461669.90625,11377.5
543651.6875,11074.099609375
430638.1875,309136.0
506348.5,345945.40625
306831.1875,52562.8984375
535656.875,13627.599609375
274211.1875,5617.2998046875
282652.5,6187.2998046875
536088.5,15929.099609375
496585.3125,103459.296875
550092.1875,11908.099609375
354660.1875,10056.2998046875
293582.1875,5677.5
284384.0,20713.900390625
242847.703125,4386.39990234375
353666.90625,156332.296875
522187.8125,232695.90625
280764.59375,5962.10009765625
296740.90625,8512.099609375
306597.5,127982.796875
541299.3125,12855.7001953125
543698.5,13354.400390625
277939.59375,6548.7001953125
264303.8125,7968.2001953125
312851.0,12867.099609375
311480.3125,34636.3984375
342957.6875,157290.0
301727.40625,8522.400390625
536741.125,15406.5
297136.8125,7321.39990234375
290470.40625,7452.7998046875
545315.5,201083.59375
332800.1875,173376.5
335194.09375,12694.7998046875
295106.90625,24899.0
507768.3125,253914.5
256694.296875,4630.39990234375
540305.1875,216875.40625
562703.3125,11476.400390625
250985.09375,5743.89990234375
264267.40625,17684.0
377166.90625,231943.5
288383.40625,7618.60009765625
279861.59375,4754.10009765625
545605.875,12370.7998046875
299506.40625,7747.2998046875
377467.8125,196633.90625
300141.09375,63234.80078125
283834.59375,28158.599609375
562052.0,12958.599609375
518575.59375,338822.40625
385828.90625,197769.5
448874.90625,12353.0
514343.40625,247846.09375
567858.625,16851.599609375
543404.6875,10707.0
449826.0,215039.0
299889.90625,73257.296875
314640.90625,12382.7998046875
287690.8125,52533.3984375
543493.625,16397.80078125
391071.09375,264199.59375
254708.703125,5673.10009765625
319245.90625,138057.40625
278447.1875,6580.0
286589.5,8320.5
288576.5,131998.296875
494366.8125,6792.7001953125
455777.6875,228629.796875
314119.8125,114070.0
554194.1875,13494.7998046875
381121.90625,205901.09375
554284.875,11968.0
511138.90625,12862.7001953125
275234.6875,26164.69921875
342895.40625,205139.296875
500592.1875,193213.5
538991.3125,13064.7001953125
314952.40625,85156.203125
546725.1875,12704.2998046875
433333.6875,259215.0
536583.3125,12183.5
274503.40625,12260.599609375
260982.203125,4957.5
273506.1875,5701.2998046875
473940.5,239600.90625
548606.5,12725.599609375
314041.5,9158.2001953125
445633.1875,219170.796875
291274.09375,5675.5
268388.59375,7079.60009765625
409762.0,171944.90625
293791.3125,9900.400390625
373171.09375,224661.09375
300881.0,5699.89990234375
307786.09375,55296.6015625
563993.375,13986.099609375
548557.0,14206.2998046875
287339.8125,7307.2001953125
582771.0,16598.900390625
440157.3125,245301.203125
283557.40625,8929.599609375
282547.0,12198.099609375
397562.1875,267269.3125
267748.3125,5548.10009765625
433242.90625,301938.40625
300408.09375,84747.0
261628.09375,10831.7001953125
501415.0,271699.59375
338608.5,202874.203125
544579.5,103010.8984375
248252.296875,4744.0
293448.1875,82333.5
292897.8125,6109.5
265620.8125,5268.39990234375
422695.3125,211464.5
280120.40625,7923.5
438994.09375,31382.400390625
549588.375,158220.09375
289652.59375,7057.60009765625
277105.6875,6042.5
270521.0,6522.0
303546.40625,8157.7998046875
333803.3125,124965.8984375
351626.59375,122786.296875
307810.09375,11110.599609375
491561.0,267564.09375
291518.6875,21521.599609375
571530.375,16795.400390625
306108.3125,11099.7998046875
283497.6875,6785.0
307947.0,34701.0
504355.3125,285607.8125
347838.8125,174242.703125
524279.1875,185842.09375
272011.40625,50759.0
397513.09375,229902.90625
553244.8125,13469.5
282022.90625,31880.0
279760.09375,5778.39990234375
572745.375,13375.099609375
378353.09375,198766.59375
287699.5,7119.5
556666.875,13173.7998046875
249576.90625,5888.7998046875
268784.8125,6839.39990234375
543589.125,12588.2998046875
303745.59375,36913.1015625
315148.1875,97937.1015625
355307.40625,201373.40625
468914.8125,286736.8125
253323.203125,6592.0
473960.3125,283735.8125
376187.8125,194852.203125
288839.1875,52458.80078125
320833.6875,117137.1015625
304982.40625,193813.09375
474772.90625,13045.2001953125
271370.1875,9069.7001953125
574899.3125,18874.19921875
286957.6875,7360.0
317997.90625,11340.5
293178.1875,14759.599609375
550627.5,12993.400390625
285057.1875,7220.39990234375
304193.3125,7442.0
323775.6875,115594.0
476006.5,55206.3984375
280353.8125,6711.2998046875
418990.0,285898.1875
546079.6875,13720.2998046875
287765.09375,6589.0
498969.6875,211763.5
399695.59375,202506.09375
290155.8125,6254.39990234375
274710.1875,179959.90625
532424.875,8582.2998046875
376572.3125,234544.90625
339547.0,207915.90625
462519.59375,13164.599609375
310194.40625,29764.599609375
304463.0,10432.7998046875
286987.3125,17230.69921875
581051.625,13476.5
290574.59375,11426.2001953125
520689.3125,237456.09375
322804.8125,78537.703125
270089.40625,6861.10009765625
428395.5,198130.09375
469571.6875,290153.0
560156.6875,12546.7998046875
483298.3125,232569.09375
544491.875,15309.400390625
290170.59375,6484.0
560287.125,12630.7001953125
299224.3125,8311.5
373633.90625,203428.296875
481230.0,258722.59375
550106.5,33953.69921875
423110.5,262204.90625
291415.8125,27058.5
299995.1875,7568.5
314990.3125,83648.5
430786.1875,155901.203125
508626.1875,337815.40625
314049.09375,104414.8984375
555528.125,15244.900390625
339786.40625,190070.5
278724.90625,10041.0
353336.90625,171899.0
279298.90625,5174.10009765625
536237.1875,13295.5
499320.0,225565.5
554803.875,195517.296875
545754.375,213411.796875
273680.3125,5086.89990234375
290316.5,8423.599609375
470611.6875,354053.09375
288609.40625,13367.400390625
262844.3125,5003.5
300360.09375,17832.900390625
289280.40625,9999.5
305428.40625,115322.1015625
304452.59375,100949.6015625
448488.90625,228472.796875
263403.59375,6153.2998046875
378294.09375,232038.59375
340720.5,94092.1015625
512495.0,299191.5
478626.40625,254068.90625
471098.6875,230464.5
474653.0,298278.0
271918.5,8052.2998046875
362225.8125,9173.2998046875
548471.6875,12225.2998046875
312590.3125,129199.5
346180.1875,224015.796875
420037.6875,242028.09375
320175.40625,118581.6015625
272238.40625,7073.0
508659.09375,213657.09375
288571.3125,6444.39990234375
392169.6875,258493.203125
273752.40625,6493.7998046875
296042.8125,6871.7001953125
290116.3125,48333.69921875
561048.875,12321.0
257782.703125,5507.10009765625
394494.1875,265463.5
514790.0,312563.90625
320282.1875,127596.8984375
560730.3125,16352.0
572270.875,14832.599609375
289008.1875,7983.0
291135.09375,19698.099609375
271580.1875,5914.2998046875
431815.5,266624.8125
515723.0,14293.599609375
512171.5,53368.19921875
348247.0,200798.203125
565961.6875,14708.099609375
312863.1875,123430.296875
405464.59375,274071.5
367115.59375,181617.59375
560096.5,127611.8984375
373499.3125,194733.90625
471070.1875,207380.90625
289511.90625,6526.7998046875
309768.0,7055.39990234375
571988.3125,15551.900390625
258860.5,7973.7998046875
554164.625,11654.099609375
535983.0,11923.900390625
546789.3125,63347.19921875
253683.59375,16101.400390625
315887.3125,145071.0
270785.40625,10550.0
395224.09375,216604.90625
558880.375,12680.0
513711.40625,229996.5
475617.40625,245251.09375
460005.09375,296114.09375
292782.6875,6488.5
513930.3125,12760.400390625
440666.09375,263400.3125
546867.625,22934.099609375
535874.0,250287.5
276977.1875,6010.10009765625
291565.8125,54857.30078125
521731.1875,11390.5
336546.5,143677.0
543357.5,11679.2998046875
567363.3125,14163.7998046875
298388.1875,30835.80078125
497751.40625,11414.099609375
285119.90625,6886.5
293581.90625,6420.7001953125
276199.8125,6728.89990234375
363736.90625,195393.296875
592458.8125,16352.7001953125
319531.1875,12269.5
575493.3125,14312.7001953125
269606.40625,5210.7001953125
296416.90625,5946.5
393149.6875,257819.796875
298250.1875,61272.0
543654.3125,193090.0
473716.40625,262588.09375
292697.09375,7138.10009765625
277275.6875,202541.796875
450428.0,332255.40625
367666.5,193081.796875
289841.0,7417.10009765625
327284.0,156563.203125
309921.5,29561.19921875
284925.1875,7180.10009765625
303059.6875,161465.5
263965.59375,15525.099609375
544581.5,221099.40625
291163.1875,6818.39990234375
522068.90625,13991.2998046875
522593.5,12288.400390625
285502.8125,10303.900390625
568394.5,12602.7998046875
470205.0,312544.40625
300260.5,59263.30078125
482360.3125,211458.0
366456.40625,205518.5
425650.59375,225432.40625
300293.40625,46875.1015625
298919.09375,20307.599609375
415575.6875,26115.5
344629.40625,139628.796875
443864.90625,271352.8125
311287.0,133837.09375
278821.1875,5247.10009765625
293569.3125,14022.7998046875
420969.6875,210390.5
558118.8125,12740.7998046875
319547.3125,44459.19921875
452834.6875,241337.796875
311046.3125,130006.0
376901.40625,205029.09375
278048.40625,7406.0
556769.625,13207.599609375
453214.40625,229984.703125
460183.8125,166845.90625
302640.6875,57443.19921875
560102.3125,12528.2001953125
327538.8125,142258.0
279123.09375,118597.3984375
463447.40625,244652.0
263643.09375,8387.099609375
409249.1875,244627.0
294401.5,28592.5
358752.09375,219242.796875
548555.0,12395.599609375
290833.5,6772.0
360408.6875,298119.59375
294366.3125,35106.30078125
266714.1875,5798.5
527451.0,183549.796875
276257.6875,44883.80078125
445506.3125,345866.5
275565.1875,5626.7998046875
499419.90625,237722.59375
298104.09375,77592.1015625
565828.3125,14360.400390625
437253.6875,245725.703125
399863.3125,259340.703125
298087.40625,13295.7001953125
556718.1875,16610.80078125
293959.1875,13963.599609375
295282.6875,7141.5
467332.5,225926.90625
391383.1875,277216.90625
313544.3125,228432.5
357838.90625,252051.09375
275643.59375,4740.60009765625
565357.5,10166.2998046875
466845.5,305677.09375
510817.3125,10726.7998046875
532758.5,9713.7001953125
287439.1875,6687.10009765625
544870.1875,13343.2998046875
279201.59375,5531.5
550809.1875,11421.5
480323.59375,10962.099609375
278838.3125,5860.89990234375
272381.90625,5319.2998046875
253026.0,5918.39990234375
427322.3125,227936.40625
323337.5,120767.296875
265414.09375,6564.60009765625
312951.09375,9604.900390625
283818.8125,6583.5
484410.40625,226367.0
541528.625,13197.900390625
333932.40625,8523.5
280880.40625,6394.5
341909.40625,182583.59375
571221.125,14913.099609375
390054.90625,239428.296875
324843.90625,71381.296875
276467.3125,5418.89990234375
265273.59375,137668.296875
300801.90625,11000.400390625
265889.6875,35352.0
278701.0,10737.5
561297.0,11929.7998046875
461430.6875,329309.8125
277578.6875,8072.2998046875
297112.1875,9967.599609375
547220.875,174316.09375
501284.90625,287741.6875
291644.8125,7679.89990234375
281791.1875,6752.2001953125
312494.3125,118700.203125
321673.1875,76039.0
288446.8125,8026.7001953125
278809.90625,6725.0
389820.6875,228226.796875
278805.1875,40101.1015625
557518.3125,13802.5
336689.90625,147064.0
253771.59375,116259.8984375
273484.90625,5477.0
265360.90625,6368.5
399993.59375,231776.09375
354387.1875,163582.5
311347.40625,75364.796875
269667.3125,6416.89990234375
301622.0,8077.60009765625
475890.90625,270644.90625
311492.6875,82562.5
540951.5,11355.0
278297.8125,7211.7001953125
506032.1875,10936.7998046875
272446.8125,5709.5
346763.1875,219688.296875
336500.6875,166493.59375
300611.40625,8784.599609375
291644.59375,6894.10009765625
269566.90625,6571.2998046875
542662.6875,12062.0
364168.8125,240799.703125
446795.40625,10821.5
579605.1875,19611.599609375
480236.1875,284249.5
550039.0,14151.900390625
314291.6875,80417.796875
313832.5,13668.400390625
286877.5,5125.2998046875
479427.8125,243697.296875
558605.5,201777.203125
342591.5,69495.703125
292916.6875,6510.60009765625
359155.1875,256192.796875
305430.59375,8174.5
262296.1875,16950.0
557076.5,17458.400390625
340381.59375,5742.39990234375
305851.8125,46613.0
348996.40625,235402.0
489023.90625,21314.0
556234.875,15072.0
371689.59375,239720.59375
412691.90625,218506.796875
592400.125,17416.80078125
453449.09375,280824.09375
521888.5,211132.59375
400913.1875,205454.09375
293758.40625,7978.39990234375
281986.8125,7652.7998046875
262326.6875,6368.5
296940.5,11040.5
565760.0,15559.2998046875
297234.8125,8253.2998046875
450359.8125,223559.203125
288621.3125,14199.5
296891.1875,8085.2998046875
356470.1875,173276.09375
275058.90625,5385.60009765625
451192.90625,11022.5
476005.40625,225960.203125
282403.1875,10124.2001953125
309514.8125,139832.203125
306303.1875,124424.5
354826.59375,155026.90625
436108.8125,350662.5
402003.90625,208189.5
286999.40625,7418.10009765625
344062.09375,147277.09375
538940.5,11649.0
574961.875,14600.2998046875
286395.8125,6567.39990234375
500909.09375,11197.2998046875
287364.5,42091.6015625
556983.0,268524.5
290606.6875,10928.599609375
524355.1875,268972.5
316747.5,56201.0
331506.5,127573.796875
252125.203125,5345.7998046875
581938.3125,14055.5
442839.6875,324874.3125
246524.203125,56559.6015625
274032.90625,6379.60009765625
557682.375,12607.0
351309.59375,11945.099609375
467324.40625,224955.203125
284668.90625,7782.2998046875
304187.3125,199674.703125
577399.3125,15535.2001953125
325942.90625,140809.0
263342.6875,5237.2998046875
564416.1875,12503.099609375
559168.1875,12710.5
400587.0,213216.40625
280402.3125,9203.0
388215.40625,232139.09375
272211.1875,6275.0
560598.625,20515.099609375
533547.0,11943.7998046875
340191.5,104618.1015625
291937.3125,21691.30078125
290664.1875,9080.599609375
432602.1875,269993.8125
307695.09375,9828.5
274944.1875,58063.5
355421.59375,201753.09375
531948.3125,14180.900390625
436547.90625,14399.7998046875
319160.0,123365.3984375
352748.0,186185.796875
274708.5,7502.39990234375
446915.09375,173862.09375
275222.40625,6770.10009765625
307598.5,112610.296875
263414.8125,7807.7001953125
303950.5,66375.8984375
393016.09375,217723.0
530845.8125,12227.099609375
297181.3125,10114.5
264733.40625,7058.0
538510.375,13765.0
426710.90625,216214.5
563399.125,14900.099609375
283029.1875,5828.5
362181.5,212684.5
385227.90625,206418.796875
574107.875,13906.2998046875
270637.8125,5817.39990234375
320160.09375,82773.796875
444306.0,322435.59375
285059.90625,50045.8984375
292321.5,28163.5
399759.5,199310.296875
498987.6875,231068.296875
281107.8125,72504.0
391726.1875,272085.3125
284396.1875,6432.10009765625
282733.90625,8526.599609375
297279.90625,9052.5
282206.09375,4679.10009765625
327344.3125,85947.8984375
544996.1875,214282.703125
287258.40625,158693.296875
512178.3125,236504.203125
323561.3125,186565.703125
537765.875,12146.2001953125
317561.1875,85334.796875
289853.6875,20836.099609375
323971.6875,166226.5
289882.0,42278.3984375
533728.1875,13031.900390625
303744.6875,13651.0
411888.09375,20543.599609375
376435.0,219283.90625
527920.5,10090.2998046875
253712.5,7475.10009765625
278482.59375,6299.89990234375
314034.40625,11445.0
265433.59375,5229.89990234375
544904.375,28836.0
264871.90625,36691.0
528714.5,16392.0
272313.40625,5048.7998046875
545132.3125,16771.400390625
297540.09375,8433.2998046875
278635.09375,5645.10009765625
392945.5,269551.09375
471350.6875,9883.099609375
475998.40625,252210.40625
295417.8125,6295.7998046875
297542.1875,47004.5
420398.0,237688.0
300491.0,77958.796875
337847.1875,141627.296875
372540.8125,255827.0
470284.6875,279624.3125
320927.90625,7765.10009765625
421289.09375,259969.59375
258075.90625,5812.7001953125
551446.3125,51529.8984375
294825.1875,7033.2001953125
277751.3125,56866.69921875
334445.1875,102041.0
570191.8125,16167.2001953125
415271.6875,229805.5
311542.0,7700.39990234375
377994.40625,215830.09375
273794.59375,5573.60009765625
383399.0,226798.40625
557253.3125,12715.7998046875
288777.5,27759.19921875
572042.625,13867.099609375
299755.5,9937.400390625
288565.8125,6596.39990234375
461025.1875,202854.90625
533647.875,18462.80078125
601173.8125,21115.900390625
301044.0,9587.2998046875
552015.125,11656.099609375
270217.5,6324.39990234375
337002.5,165289.796875
536740.5,11650.900390625
507842.09375,10314.7001953125
282312.8125,7101.10009765625
304107.90625,66603.6015625
287951.8125,35254.8984375
258694.0,5059.7001953125
289167.6875,10112.2998046875
277402.8125,5976.60009765625
545979.3125,12162.599609375
356738.0,155481.90625
324654.59375,69857.296875
439790.09375,265627.6875
264091.6875,5968.7998046875
431765.09375,222039.59375
302711.5,9602.099609375
301115.3125,12363.2998046875
523027.8125,11737.099609375
282508.5,5971.89990234375
571876.1875,17726.599609375
426761.3125,285684.40625
545834.8125,18035.80078125
531463.125,11024.099609375
460754.59375,223179.5
310736.6875,166956.796875
357330.8125,206873.0
355224.5,194589.703125
288077.59375,5782.2998046875
557205.1875,14088.599609375
409519.6875,300729.0
349876.90625,95090.796875
417035.09375,260822.90625
467963.1875,255603.59375
339061.8125,149415.59375
280719.5,7205.5
502932.0,127945.796875
285087.1875,5589.10009765625
369956.3125,212156.796875
282068.3125,7096.39990234375
448172.8125,258805.203125
292899.09375,6330.10009765625
290633.40625,14509.900390625
554991.3125,154109.296875
300604.3125,10684.099609375
262789.09375,178595.5
526520.625,11371.099609375
408255.1875,240452.90625
341439.59375,203325.40625
386489.90625,187272.5
289107.40625,8606.900390625
306087.90625,8654.2998046875
297260.1875,8377.2001953125
290446.5,7331.5
342263.59375,144759.296875
563620.125,12329.099609375
351580.5,137767.59375
291431.3125,7228.7998046875
547908.375,91190.796875
276714.5,6668.60009765625
485175.6875,319380.09375
509904.8125,12601.7998046875
470214.8125,246402.40625
408076.0,280535.6875
302698.09375,79056.0
584436.8125,92493.0
275791.90625,5657.7998046875
302720.0,58229.69921875
311796.8125,10579.7001953125
289228.5,7903.0
374138.5,184872.09375
562994.1875,11558.0
483598.40625,230283.796875
573461.125,14616.400390625
338175.1875,146109.59375
417590.8125,9775.099609375
292744.0,6446.2998046875
540525.3125,10741.2998046875
283800.40625,6319.7998046875
326685.59375,189827.09375
244329.40625,4615.89990234375
575765.375,12831.599609375
288869.09375,7716.89990234375
278108.3125,24766.30078125
540007.875,236826.0
463492.90625,194857.90625
262482.09375,5676.0
484905.59375,228070.09375
270211.6875,6417.2998046875
573243.375,11127.400390625
405222.5,215649.703125
345035.40625,8779.2998046875
275093.90625,5611.0
312858.40625,76576.3984375
560780.375,12251.0
259042.40625,4511.2998046875
289055.59375,12247.2998046875
295274.59375,9055.5
303598.0,93844.5
297867.0,7768.39990234375
542246.125,9723.7001953125
287920.09375,5907.60009765625
395610.0,267159.59375
249472.296875,5210.2998046875
276485.3125,4874.89990234375
280527.8125,8567.5
408957.90625,202891.796875
465206.5,246032.90625
393033.0,170114.09375
355645.1875,158774.59375
392587.3125,228487.296875
442886.8125,285549.40625
300802.6875,8194.7998046875
299610.5,6577.7001953125
270075.09375,6060.60009765625
418651.59375,265762.0
302095.59375,54620.6015625
312689.1875,98712.296875
458309.3125,327392.0
252445.90625,5338.89990234375
531594.375,46493.80078125
525890.3125,233879.796875
296121.59375,6888.2998046875
574603.3125,12812.7001953125
462201.5,283797.59375
560790.6875,43349.1015625
279798.1875,5608.10009765625
381056.3125,325829.90625
278551.59375,6100.10009765625
257694.40625,5133.89990234375
556840.375,13398.099609375
556966.875,95253.0
499722.3125,282644.3125
264989.90625,178278.0
554203.375,21371.400390625
516932.3125,11680.099609375
541708.625,185586.5
301792.09375,7419.60009765625
295143.6875,8860.2998046875
308215.1875,55129.3984375
332411.59375,49950.8984375
533608.375,13926.900390625
297123.5,7937.2001953125
495858.90625,10156.5
285642.40625,5446.0
404480.40625,262826.8125
303112.90625,8330.900390625
299108.59375,37432.0
554598.5,11378.7001953125
603785.875,116068.8984375
380246.5,255336.796875
285862.0,8478.5
537458.5,9955.900390625
530408.125,11619.2998046875
286310.09375,32343.69921875
535108.625,11182.099609375
280670.5,5986.60009765625
275486.8125,6377.2998046875
283510.8125,9103.400390625
557141.3125,96234.796875
570287.3125,174149.0
334642.0,149094.40625
559387.0,11120.099609375
283422.6875,5785.10009765625
305894.8125,101435.296875
308353.0,108294.703125
544511.125,11468.099609375
270113.09375,57961.5
288692.09375,22564.099609375
499686.3125,280311.0
407311.40625,9925.400390625
556821.125,12023.7998046875
439752.5,220073.59375
284973.1875,8704.0
564376.875,13689.7998046875
279076.59375,102829.3984375
279255.3125,7557.10009765625
251420.203125,127927.6015625
295595.3125,9712.7998046875
554049.8125,12462.400390625
313814.40625,61252.30078125
488934.8125,201526.203125
269880.40625,7148.89990234375
556799.875,10759.599609375
275570.59375,9370.400390625
348590.90625,215384.5
417613.90625,230019.5
573042.875,13511.900390625
282364.09375,44893.5
499520.09375,10153.599609375
475177.1875,301029.90625
267770.59375,8364.900390625
570655.375,16408.900390625
280292.0,103846.203125
554684.875,10535.7998046875
525881.875,349970.5
295341.90625,9795.400390625
541668.0,10403.0
269843.0,5986.89990234375
513100.09375,152832.796875
332429.59375,79793.203125
293861.1875,19040.30078125
565282.625,12209.099609375
328201.0,137736.09375
284869.3125,7470.7998046875
466951.8125,8974.400390625
270141.90625,4656.7998046875
286662.0,6763.60009765625
473330.1875,251858.09375
572139.3125,12141.2998046875
539135.3125,12787.2998046875
303028.6875,5503.7998046875
288692.5,58915.69921875
268686.09375,5340.5
464272.6875,309463.3125
427482.90625,249710.796875
258711.59375,6327.2998046875
340472.8125,176239.203125
381356.5,204274.59375
517637.6875,255593.09375
355893.1875,200214.0
327816.09375,166243.90625
388229.6875,247987.59375
352146.3125,113648.6015625
300312.0,8774.5
382417.5,219282.796875
405947.8125,264687.8125
297891.90625,10144.7998046875
414668.3125,169022.203125
309298.40625,100290.3984375
418432.90625,258670.0
286288.8125,7064.2998046875
372370.40625,237158.5
585074.875,18554.900390625
451339.3125,326982.09375
315470.09375,50540.5
371042.59375,223463.09375
322596.6875,130784.296875
453859.5,256811.0
275923.5,8026.89990234375
295144.1875,6852.2998046875
271163.0,11289.099609375
561469.8125,12155.2998046875
318054.8125,129580.0
552450.8125,12437.599609375
498112.3125,11217.7998046875
303258.3125,154254.90625
289449.8125,5744.2998046875
513437.59375,10623.599609375
540393.125,214950.0
491495.8125,196553.0
561473.875,13136.400390625
455510.90625,294811.3125
464159.59375,12246.7998046875
320223.3125,60826.19921875
487757.0,290912.5
459327.1875,262634.59375
285522.40625,7132.7998046875
384323.59375,170906.40625
373233.1875,191610.09375
276925.3125,23109.599609375
425101.1875,308936.09375
275225.8125,5526.7998046875
288244.8125,16785.900390625
271346.90625,5755.2998046875
416830.3125,320899.6875
457774.09375,14481.599609375
295062.40625,5813.10009765625
278446.59375,6583.39990234375
527834.3125,13845.7998046875
496878.40625,342703.0
558057.875,56878.3984375
488695.8125,312390.09375
279614.59375,5841.5
300090.59375,76565.1015625
379799.6875,296328.3125
312248.09375,120359.3984375
313515.0,9953.7001953125
264950.6875,9963.7001953125
309968.09375,63775.80078125
312562.59375,14531.2001953125
255305.09375,7062.60009765625
275390.0,7516.10009765625
278281.8125,7938.7998046875
379119.3125,215993.40625
280134.40625,5274.2998046875
344847.0,208663.09375
290250.6875,7583.60009765625
364186.8125,185694.90625
480311.3125,125465.296875
385633.1875,210176.796875
484463.0,13782.2001953125
286943.09375,61115.0
451141.09375,299183.09375
268654.40625,4706.2998046875
515879.5,322470.1875
468187.59375,237498.796875
277466.5,5724.5
288879.1875,7163.60009765625
406011.6875,223594.09375
259813.796875,6237.60009765625
532923.5,10175.0
265072.6875,75164.1015625
282138.3125,6542.7998046875
564139.3125,16824.400390625
309993.40625,94745.796875
540069.125,11641.599609375
285532.90625,5435.60009765625
373405.09375,272476.90625
546654.375,15009.5
571674.8125,13754.2998046875
551446.375,11637.5
446911.40625,291892.90625
283621.8125,6882.60009765625
343817.59375,74425.0
307344.59375,238945.09375
393789.6875,236628.296875
309636.6875,103409.8984375
258054.5,4468.7001953125
524122.40625,10240.5
439032.40625,267246.3125
301800.59375,8237.2998046875
273588.90625,5352.89990234375
290837.0,6023.5
500905.5,212073.59375
398120.09375,226041.0
270861.90625,4853.2001953125
548668.1875,12729.900390625
509185.0,11574.0
551925.375,11890.5
559024.375,14509.2998046875
330881.90625,129778.3984375
288839.09375,7523.2001953125
413440.3125,244574.5
482170.8125,281029.5
279590.8125,7354.5
276380.09375,55643.5
521597.5,14582.7998046875
486859.09375,264768.09375
302627.59375,33056.80078125
356947.1875,230134.203125
288630.0,6489.5
299607.5,20368.900390625
392195.09375,285894.6875
298874.1875,10067.2998046875
298159.59375,68890.1015625
402723.5,238141.09375
313123.8125,13228.599609375
275405.0,5545.89990234375
270050.5,6876.60009765625
438149.5,230738.703125
535153.125,13506.099609375
267062.1875,10307.7998046875
468226.40625,218803.796875
484919.3125,343516.3125
288052.59375,16348.7998046875
371144.5,214848.5
278984.0,6214.39990234375
276156.59375,13606.2998046875
543976.125,182550.703125
493372.1875,215788.296875
540536.125,11542.599609375
317957.3125,38408.80078125
306611.3125,8285.2998046875
477612.8125,344479.0
282558.40625,91185.796875
274926.5,8921.900390625
283988.0,6473.10009765625
288535.6875,6081.60009765625
479907.8125,234270.90625
269256.8125,76261.296875
543885.6875,13943.2998046875
570804.0,13743.7001953125
280496.09375,5806.10009765625
572416.125,14669.0
290967.1875,10412.7998046875
549235.8125,10015.5
550984.3125,14418.7998046875
417567.09375,255109.796875
288182.3125,5678.7001953125
310824.5,29197.0
309620.0,68661.1015625
549194.1875,11451.599609375
412533.1875,281246.5
283615.40625,6772.2998046875
304572.59375,8333.400390625
292879.1875,32517.099609375
514807.3125,291902.59375
470323.5,263968.0
302562.6875,21013.599609375
378295.5,192545.296875
292652.1875,7731.60009765625
410190.8125,16676.30078125
270478.40625,6245.7998046875
298784.8125,9068.7001953125
353014.40625,147222.09375
448518.09375,225410.90625
292997.3125,5711.2998046875
286680.90625,200090.0
287606.40625,7428.89990234375
539644.3125,13453.099609375
245592.09375,6174.5
308718.09375,12171.099609375
561781.1875,10803.900390625
383927.40625,231472.40625
555205.0,10511.2001953125
369736.40625,253127.40625
585538.1875,16162.7001953125
488466.5,226936.40625
556782.125,13332.7998046875
561931.125,98340.703125
475617.1875,340617.3125
537128.125,53585.1015625
507549.0,135541.59375
524392.8125,10677.2998046875
330020.8125,8170.89990234375
274562.3125,5831.2998046875
380856.3125,231393.0
277575.90625,7600.2998046875
372266.3125,228186.09375
561662.5,13265.400390625
541807.5,13043.099609375
279846.3125,5485.2998046875
395821.8125,317727.8125
271995.59375,153659.59375
291236.1875,11662.7001953125
288613.0,6971.0
267024.0,5741.39990234375
298400.59375,7623.2998046875
530905.3125,13148.2998046875
338324.8125,113233.8984375
252991.296875,131435.5
551883.375,15346.7998046875
346920.0,178700.09375
330967.3125,153153.90625
250192.296875,41103.30078125
256599.203125,62301.30078125
245682.59375,47735.5
314506.59375,14270.099609375
288972.6875,6811.7998046875
555021.375,14002.900390625
306679.40625,113033.796875
478482.8125,292849.8125
272861.5,6219.7001953125
406862.09375,284289.3125
396351.3125,235875.203125
266914.0,8402.5
282853.1875,5446.10009765625
287453.1875,6448.0
525714.375,7918.7998046875
521483.59375,10597.900390625
311772.1875,151594.59375
505146.3125,11075.599609375
291240.0,27947.0
294341.5,12384.2998046875
261453.703125,7813.60009765625
291440.8125,7972.2998046875
294740.8125,11427.400390625
554939.375,10911.7998046875
419614.59375,252975.09375
549262.875,11074.400390625
549506.375,13022.099609375
274316.09375,134614.40625
334644.40625,134400.5
526806.375,201570.5
529731.875,229130.90625
339513.3125,213847.59375
278149.09375,6697.0
386904.6875,258042.40625
293206.59375,171763.90625
304989.90625,70654.8984375
531925.375,13423.5
367444.90625,183853.40625
432806.09375,207281.796875
428916.0,270683.6875
262593.40625,58955.3984375
545317.5,11327.099609375
249604.09375,18325.0
388622.90625,194809.203125
269547.1875,10502.400390625
318250.0,75215.5
322456.40625,12624.5
275989.90625,6804.7998046875
500619.40625,9843.900390625
258027.59375,8409.2001953125
325638.6875,96627.703125
421106.8125,215680.0
274351.1875,5882.2001953125
311389.5,139148.90625
320076.59375,77333.296875
513107.0,216079.09375
288010.3125,7018.2998046875
340817.40625,147071.796875
282445.8125,27384.599609375
526409.5,296539.40625
264617.5,5289.60009765625
311778.1875,125643.6015625
358014.3125,133665.90625
332579.3125,124901.296875
313399.5,7846.2001953125
285111.59375,31762.599609375
458155.09375,174329.0
512733.6875,16635.80078125
563178.3125,12633.7998046875
574236.5,14527.2001953125
449039.6875,193450.703125
287192.0,14938.400390625
454620.09375,319809.8125
294638.09375,11327.7001953125
503938.1875,12806.7998046875
287422.59375,5849.10009765625
407102.0,235965.09375
285708.3125,6126.7998046875
424834.3125,242783.40625
293948.3125,7540.7998046875
281732.90625,155374.296875
536771.5,233226.09375
290842.1875,6151.10009765625
387322.3125,260373.296875
561673.3125,91969.3984375
397928.5,248322.703125
347243.09375,153599.59375
278057.59375,18054.0
465049.59375,264018.59375
384452.1875,213915.796875
304617.3125,79407.5
295091.90625,34329.80078125
385892.3125,249119.796875
542781.8125,15120.2001953125
322430.0,127917.5
358377.40625,204581.296875
260682.703125,5185.60009765625
492094.5,260298.0
287668.5,38669.80078125
511104.1875,296239.59375
331638.8125,131656.796875
288947.3125,6854.89990234375
553507.875,91210.296875
262398.3125,11315.2001953125
389745.09375,256497.59375
345622.40625,197860.40625
322315.40625,11635.099609375
354918.40625,173741.5
263590.3125,5531.7998046875
353727.40625,221976.0
272809.8125,5449.60009765625
338123.6875,18761.400390625
378086.90625,285384.90625
293380.0,6579.0
271823.5,24520.900390625
329296.09375,12466.7001953125
296004.6875,10112.7998046875
340228.5,127355.1015625
371829.3125,205427.40625
356205.8125,166839.796875
251661.5,6103.39990234375
312174.5,109188.1015625
290243.3125,7002.2998046875
534064.3125,10957.900390625
485681.1875,249453.296875
323495.5,83404.703125
285365.59375,6846.5
529745.625,12486.099609375
300661.6875,8150.2998046875
465148.3125,6533.5
545748.3125,12657.2998046875
319761.5,114142.203125
479274.59375,250366.796875
580538.3125,42800.19921875
303053.5,56582.5
287601.5,6574.60009765625
390790.6875,253284.203125
366788.09375,185841.203125
385654.09375,249165.09375
290136.5,8317.599609375
291493.3125,9054.2998046875
457507.8125,251729.90625
313154.8125,9335.2998046875
540748.8125,63781.0
382184.8125,216460.09375
285568.0,5468.60009765625
290684.6875,7299.10009765625
344174.8125,174229.296875
290620.09375,5656.10009765625
414175.59375,272136.59375
438625.1875,207632.296875
294062.3125,8154.5
309042.8125,50889.30078125
330966.0,18219.19921875
266970.59375,10513.7998046875
496778.5,235480.0
253334.0,4202.60009765625
275775.1875,5919.60009765625
290512.6875,8764.0
299471.40625,40797.30078125
343295.59375,160661.40625
362283.1875,180357.09375
515635.8125,319372.09375
533518.5,10781.0
548665.1875,149647.59375
360480.0,206370.796875
253617.796875,6073.7998046875
278145.3125,6318.39990234375
401322.40625,165854.296875
287412.90625,6904.39990234375
279632.90625,17876.599609375
334304.59375,119317.8984375
550555.875,14337.5
415654.3125,209965.296875
490731.90625,241549.90625
316555.3125,49549.6015625
261937.09375,11441.0
306622.59375,8007.10009765625
284749.6875,170223.296875
531860.1875,198380.90625
552576.875,13908.400390625
408455.0,294701.6875
418913.40625,264621.0
345180.90625,92285.8984375
288968.40625,6032.0
366238.40625,10024.7998046875
543808.125,125325.296875
457135.5,16272.7001953125
335336.90625,149392.0
284037.8125,7277.7998046875
297577.3125,7904.2001953125
335622.90625,68955.5
289236.3125,5994.10009765625
443413.3125,215031.59375
261660.203125,6005.7001953125
306282.8125,110671.296875
308789.90625,49181.5
518057.90625,283732.40625
548615.375,17181.599609375
285269.90625,5319.2001953125
412419.3125,257800.703125
322488.09375,101780.703125
428631.1875,253882.0
545579.375,44912.6015625
338558.59375,195881.40625
484890.1875,297415.1875
442701.09375,232314.703125
565076.8125,14732.7001953125
502661.0,199647.296875
287691.90625,6500.2998046875
322365.8125,165541.796875
477930.3125,284228.90625
510797.3125,211026.703125
350682.90625,141386.90625
495993.6875,273712.09375
271312.90625,5855.0
498020.3125,11687.099609375
286627.6875,6381.2001953125
299586.40625,6942.5
473445.8125,282667.3125
270031.90625,5968.0
561009.375,105205.3984375
424689.6875,224529.203125
459730.5,211361.0
269550.90625,5441.60009765625
316818.09375,87198.6015625
320437.3125,8131.7001953125
302221.09375,26348.69921875
294380.6875,8400.5
343180.6875,146260.90625
274310.59375,8070.89990234375
296114.6875,64315.19921875
512372.59375,13283.7001953125
532833.5,341485.8125
388748.90625,204163.296875
553418.3125,10846.2998046875
398651.3125,169630.296875
298108.8125,8917.400390625
295666.90625,6724.0
276716.3125,5920.2998046875
518351.3125,263216.90625
562832.8125,12920.2001953125
502649.40625,226490.90625
317681.6875,62410.1015625
349951.3125,171315.59375
348966.40625,205648.0
280493.8125,6656.10009765625
552652.1875,18576.19921875
549198.875,10835.0
294488.8125,6818.7998046875
469918.90625,228496.5
475118.3125,7015.39990234375
339409.8125,151722.703125
291590.40625,29291.099609375
319051.90625,74962.0
564962.3125,13100.099609375
312629.6875,11694.2001953125
537846.3125,10048.099609375
452104.40625,271901.0
283919.90625,5913.39990234375
518037.6875,216140.703125
375107.0,186557.5
267770.90625,6433.10009765625
407893.90625,257076.203125
295215.09375,8579.099609375
297581.09375,28258.69921875
330097.6875,114647.0
292425.1875,30935.400390625
537614.125,11830.400390625
320866.40625,138639.796875
348161.59375,171485.296875
464913.0,229329.90625
309795.6875,121672.0
368602.0,217950.703125
520008.3125,196331.59375
292860.09375,8531.599609375
299792.1875,9338.7998046875
296602.09375,87697.6015625
529668.0,244078.09375
253239.59375,6938.10009765625
426286.1875,229268.40625
288081.09375,6106.5
447051.09375,305179.90625
288919.1875,44596.69921875
297386.5,9283.099609375
514432.5,210302.59375
269388.5,5111.39990234375
273313.40625,6168.5
407465.3125,323028.8125
544692.8125,11376.7001953125
320942.40625,134935.59375
272905.90625,70583.0
314148.3125,130476.1015625
297123.8125,41129.6015625
296789.6875,7165.2001953125
351126.40625,207637.5
263201.5,10433.0
310020.90625,12871.0
544741.875,15016.099609375
289587.90625,6783.7001953125
298220.59375,124793.1015625
288325.3125,31634.19921875
598192.875,18205.099609375
404016.59375,230050.40625
254923.703125,5190.2001953125
290976.09375,25463.19921875
457330.3125,280995.6875
267320.0,8108.7998046875
550918.125,11304.2001953125
376803.0,191312.0
542043.5,13022.400390625
370417.6875,223298.5
306794.0,118087.703125
301352.09375,50166.8984375
293661.3125,19787.099609375
274636.40625,164540.5
505479.8125,245375.296875
335812.3125,187448.40625
408929.3125,183864.703125
431751.40625,286780.90625
428179.1875,216906.09375
551867.375,12408.099609375
349536.40625,183267.0
247363.296875,8412.599609375
531269.8125,10600.099609375
355769.40625,208318.0
339160.40625,143420.296875
528649.375,308042.40625
252527.203125,111766.203125
429804.5,10761.5
496713.40625,286240.5
315007.90625,101465.6015625
288090.3125,7279.7001953125
449915.09375,319270.6875
535845.1875,200614.0
299870.40625,36060.1015625
254214.59375,7527.39990234375
293027.6875,119048.703125
271839.59375,5751.7001953125
433278.3125,196445.203125
288765.0,6482.2998046875
326053.90625,137270.796875
298659.09375,8396.5
320182.5,15422.5
300375.6875,93082.0
279394.5,5788.7001953125
308164.09375,102995.8984375
291946.8125,6080.10009765625
324176.6875,18102.80078125
360018.90625,203413.296875
298280.59375,9053.099609375
295107.1875,76296.203125
449381.40625,223135.703125
287097.59375,6115.2998046875
291687.5,8453.099609375
549475.1875,300412.3125
394997.90625,229479.5
267528.3125,5416.2998046875
293511.3125,23585.400390625
571898.3125,38342.69921875
520483.90625,150599.40625
489384.8125,303880.59375
288044.8125,7186.60009765625
357178.6875,207747.203125
399890.40625,12048.5
276847.8125,5842.7998046875
337330.40625,172607.40625
267529.6875,6791.2001953125
309824.0,118522.5
376092.40625,157643.59375
366940.09375,9734.599609375
301939.6875,11810.5
429951.40625,190336.09375
261472.59375,7176.39990234375
267254.6875,7208.7001953125
268530.5,5528.2998046875
294168.90625,6948.2998046875
310775.09375,62605.80078125
297229.59375,35505.0
278422.5,4948.0
291883.5,7326.89990234375
278523.59375,9579.900390625
264397.8125,9312.7998046875
438456.59375,199775.59375
458186.1875,254509.296875
327261.40625,101613.296875
526206.125,11217.099609375
560064.125,252432.09375
530455.1875,13356.400390625
283020.90625,5536.0
506379.8125,94515.796875
310824.3125,144487.40625
346046.40625,166576.90625
273535.1875,46521.6015625
275424.40625,5302.60009765625
447970.8125,237355.59375
292175.40625,7976.5
422408.3125,28578.099609375
307093.90625,46422.0
292498.90625,7711.2998046875
568055.375,99538.3984375
281106.5,6410.5
411076.59375,227480.59375
452805.3125,262068.203125
279205.1875,6951.0
567681.375,12135.099609375
355414.59375,243448.90625
545738.6875,10937.2001953125
312457.09375,246881.203125
291767.8125,102074.203125
528365.5,11981.2998046875
269202.59375,4819.7998046875
402194.59375,285445.1875
547041.0,11786.5
344488.6875,162908.5
527918.625,11526.400390625
283934.8125,114390.796875
307217.09375,102071.6015625
297895.6875,47892.30078125
366649.90625,195013.796875
272258.5,24504.099609375
521177.59375,219000.0
524743.625,239015.90625
261651.203125,6642.2001953125
248588.90625,6172.2001953125
333841.0,167643.59375
525820.625,13004.099609375
550609.8125,11187.599609375
545949.5,10487.900390625
565140.1875,12460.400390625
319228.90625,130228.5
313154.8125,68450.203125
554016.1875,12720.099609375
317047.40625,80757.5
560368.3125,64371.1015625
371347.8125,95212.1015625
291659.40625,6668.5
566101.8125,14119.2998046875
402035.90625,261434.5
416138.90625,77188.296875
277684.40625,6699.39990234375
248164.703125,5944.7001953125
282040.0,7260.5
372274.40625,10271.099609375
564233.375,13386.7001953125
292701.59375,7623.10009765625
299377.09375,20197.19921875
522378.1875,12800.0
503583.1875,68028.8984375
292817.59375,200333.40625
305249.09375,54445.19921875
298970.3125,8500.2001953125
289799.40625,6500.7998046875
551827.625,15213.7998046875
527239.625,80307.703125
285969.5,7105.0
569932.5,12336.400390625
534143.1875,8014.0
318681.0,128572.703125
311364.3125,10106.599609375
403180.3125,229160.796875
536140.125,114970.1015625
540307.375,11590.2998046875
585750.5,12892.099609375
338100.59375,136556.09375
288229.6875,5762.39990234375
320040.59375,160203.0
296702.59375,150618.296875
288805.0,8632.099609375
310352.5,58027.6015625
312245.1875,37828.80078125
399512.3125,113496.6015625
452657.40625,11838.5
294441.6875,9315.400390625
552210.875,10677.099609375
558807.875,12667.2001953125
429537.8125,237692.59375
512891.8125,214515.703125
486163.8125,252629.703125
510678.8125,350797.8125
344665.90625,165632.90625
372088.1875,175147.59375
336373.3125,166863.09375
270097.3125,79756.1015625
334214.6875,132963.703125
561539.3125,12894.599609375
311071.40625,10310.5
472731.3125,296279.8125
369082.40625,175445.796875
345352.40625,219094.40625
291130.0,85418.0
399799.59375,235270.703125
557375.6875,48276.0
417014.1875,269106.90625
290169.40625,6218.10009765625
297869.59375,6271.39990234375
561467.6875,12719.7001953125
281525.09375,7257.7001953125
469109.0,289039.8125
545528.625,18044.19921875
566209.0,14628.400390625
250185.09375,6141.39990234375
463216.59375,120451.6015625
286713.6875,8302.2998046875
561116.375,13675.7998046875
272723.09375,6226.60009765625
286181.0,6540.10009765625
404238.59375,307788.09375
540997.6875,294046.90625
546932.625,288659.0
403043.59375,11096.900390625
549658.1875,14069.7001953125
295119.90625,7356.2001953125
309167.0,12158.599609375
422842.5,240262.59375
400102.09375,198706.59375
262916.40625,5287.0
552166.5,10680.900390625
304961.40625,12193.599609375
279019.6875,6558.89990234375
552802.875,14423.7001953125
468699.40625,268701.0
315549.8125,88125.796875
377975.3125,256577.90625
412734.8125,203782.203125
348608.90625,203501.59375
323486.8125,14161.099609375
382356.40625,239699.0
295097.3125,10197.099609375
288062.8125,5714.60009765625
508205.1875,243258.703125
321562.3125,110468.1015625
470009.90625,295794.5
427407.40625,255525.40625
246839.703125,7845.2001953125
455260.0,11595.0
271961.40625,4730.5
269580.40625,10419.2001953125
406532.09375,225653.59375
302080.59375,122030.703125
387355.1875,13656.900390625
385956.40625,236731.09375
284543.09375,7341.39990234375
507387.6875,135230.703125
434383.59375,298259.1875
289470.59375,73436.703125
274108.09375,8199.0
301797.5,49391.5
262636.5,5636.89990234375
301678.5,11824.7001953125
511554.59375,266138.40625
295992.3125,119137.296875
368723.6875,223917.296875
595853.875,15109.7998046875
278531.59375,6822.60009765625
505281.5,10882.599609375
547168.125,11747.099609375
368041.09375,7914.5
449153.59375,16594.900390625
281237.1875,6113.7001953125
334079.09375,158219.296875
359144.5,175790.09375
281530.5,7713.10009765625
325927.6875,143109.296875
346785.09375,180960.09375
306748.3125,118633.6015625
288796.40625,16600.0
302013.8125,88890.703125
403756.6875,265546.40625
575863.375,12012.099609375
272983.5,6163.60009765625
274984.1875,10553.0
545492.3125,13893.7998046875
375742.8125,206103.796875
370464.8125,214254.40625
288572.40625,7110.39990234375
561621.6875,12684.599609375
417707.90625,9511.0
569415.3125,12992.099609375
493293.1875,195121.203125
288302.40625,44014.5
499545.3125,12639.2998046875
322271.90625,108408.5
394246.40625,261236.296875
291461.40625,12103.400390625
297026.0,223707.5
284978.90625,6785.7001953125
294701.09375,11401.7001953125
295961.6875,51319.0
355965.1875,144463.90625
461267.90625,279763.8125
329301.09375,163457.703125
562214.5,15146.7001953125
300414.3125,8923.099609375
384351.8125,226654.296875
300594.09375,112062.1015625
527907.375,209513.796875
268430.5,5081.60009765625
542566.1875,12095.400390625
325909.09375,152339.0
585791.1875,17298.19921875
389967.40625,173450.203125
279905.5,6034.10009765625
278468.1875,6416.7998046875
548878.625,11936.599609375
586178.3125,14288.599609375
551376.875,11285.5
310575.90625,80774.1015625
328338.90625,119887.203125
524391.3125,11875.099609375
543836.8125,14161.7001953125
355898.3125,200034.203125
561352.8125,22821.30078125
364025.3125,249743.40625
409428.90625,287743.90625
290341.1875,8053.60009765625
301630.40625,9937.099609375
286702.90625,10908.5
411806.8125,128973.6015625
570574.8125,15327.599609375
441038.1875,9752.7001953125
268656.3125,8598.099609375
582971.875,13405.5
509260.40625,10703.400390625
374659.1875,250308.203125
561193.875,15402.099609375
313235.90625,208243.703125
428395.40625,300486.09375
468825.1875,242578.703125
318200.09375,81666.703125
544471.8125,12503.7001953125
521939.40625,160695.796875
376432.09375,180357.5
523548.0,13362.5
556079.0,11325.400390625
298169.1875,94268.5
306972.5,77935.703125
561141.8125,13094.099609375
476508.8125,10515.2998046875
472973.09375,289439.59375
326125.1875,136023.296875
283119.90625,9534.2998046875
293390.09375,11697.599609375
557782.6875,13882.900390625
306863.09375,27852.900390625
285201.6875,6987.7001953125
286656.40625,7746.7001953125
564891.125,11535.7998046875
342905.0,122511.1015625
539832.5,9991.599609375
489283.6875,207661.296875
516295.09375,10795.599609375
339483.3125,111841.1015625
289503.1875,7324.39990234375
495984.90625,292161.09375
450601.6875,338122.90625
539907.8125,67328.6015625
505770.09375,240729.703125
524952.375,12082.2998046875
559747.875,13718.2998046875
533915.8125,15749.7998046875
284707.0,7069.2998046875
285398.5,19947.80078125
279447.59375,6766.10009765625
267550.5,7430.10009765625
526657.875,351874.0
297191.6875,7231.2998046875
398728.59375,227591.796875
304000.0,7924.5
497889.40625,11499.5
396204.40625,266520.90625
354811.59375,160273.296875
347652.0,8228.0
571324.125,47468.8984375
456928.59375,288413.59375
544332.1875,12771.2001953125
579974.3125,16599.19921875
372941.5,264754.59375
317320.6875,112122.796875
298310.90625,9128.2998046875
323847.3125,100058.203125
481460.3125,80612.3984375
284056.09375,6134.39990234375
302433.0,8697.400390625
518682.40625,88825.203125
569139.125,13466.7001953125
576376.5,100175.796875
391228.5,199659.296875
439893.09375,286654.59375
298984.5,10419.599609375
420889.0,15086.099609375
499787.90625,14288.0
277402.6875,5519.2998046875
340989.0,155098.40625
440804.59375,303840.3125
289434.1875,5886.7001953125
287330.5,8965.0
475661.6875,269829.5
274329.5,5294.60009765625
290010.09375,14678.2998046875
543828.0,33267.3984375
585367.0,11489.2001953125
279372.0,8551.900390625
552414.1875,13849.900390625
511744.59375,13132.099609375
268670.1875,6437.7001953125
285561.3125,7017.10009765625
565332.6875,15295.7998046875
554739.3125,15447.2001953125
285273.90625,7451.39990234375
305034.8125,10697.900390625
285672.59375,8045.89990234375
366284.5,212541.90625
542470.6875,202425.90625
559309.625,11068.5
546394.875,12824.7001953125
560074.875,11236.599609375
440038.40625,271847.1875
243401.40625,4687.5
279013.6875,6988.2998046875
473270.09375,316500.1875
542096.375,14680.599609375
571696.1875,10569.900390625
523874.40625,251801.296875
295541.3125,10146.7998046875
446509.59375,277660.40625
368111.59375,220350.90625
299633.59375,13134.900390625
478380.1875,313572.3125
541641.125,250572.0
298938.8125,9367.099609375
504873.1875,264540.90625
303445.59375,13707.5
291629.09375,7100.7001953125
290354.09375,36823.8984375
367844.5,260739.40625
323583.8125,14993.2001953125
305788.59375,19400.099609375
268307.09375,5181.5
310761.40625,48478.69921875
291094.1875,7199.7998046875
271507.59375,4962.0
529801.625,10804.400390625
516948.0,266838.6875
278235.6875,6431.0
595027.5,20042.69921875
285004.59375,8759.2001953125
323807.90625,58237.30078125
298227.8125,10200.7998046875
316992.5,66424.796875
508020.0,13249.7998046875
495235.59375,284311.09375
508059.5,238714.59375
339900.5,12686.099609375
521227.40625,11393.5
349143.1875,233789.796875
294577.90625,7107.2998046875
414792.09375,245014.796875
565698.6875,12736.2001953125
310546.90625,68313.5
519476.90625,12500.400390625
494019.90625,230505.40625
561142.6875,12832.5
277058.0,6094.39990234375
351035.0,134450.203125
322996.90625,21619.80078125
309579.90625,137965.296875
322783.8125,103968.296875
298628.5,47191.80078125
352382.59375,217711.09375
549461.0,223249.09375
494418.5,252512.59375
289284.6875,8406.7998046875
347576.0,175744.90625
562572.375,11097.2998046875
274582.6875,6672.2001953125
403944.40625,16644.5
289399.5,8916.0
497133.90625,246547.40625
272476.5,5892.10009765625
283311.0,5977.7001953125
545986.0,10690.400390625
568327.5,11213.0
448101.6875,282926.90625
295582.6875,86933.203125
456098.8125,332080.6875
291525.0,7768.60009765625
514546.8125,123788.3984375
471560.8125,11138.5
490057.59375,296794.90625
340839.0,158709.40625
418775.09375,176613.5
264497.40625,100881.203125
259296.90625,5862.5
279073.40625,5501.60009765625
519267.40625,254714.0
395781.6875,276144.3125
548997.0,13104.2998046875
280671.59375,13318.2001953125
277799.8125,11940.400390625
284694.1875,110579.3984375
425395.90625,95874.796875
253439.59375,27364.400390625
477419.09375,13763.900390625
376324.5,254335.203125
279567.5,63784.30078125
543978.125,12313.900390625
314647.0,100359.3984375
390376.1875,324926.40625
507997.09375,150850.0
294060.8125,57597.1015625
584396.6875,15017.400390625
269395.90625,9739.0
383616.09375,236686.5
354265.59375,156644.40625
509372.0,245146.90625
415779.3125,255732.203125
558033.625,12493.099609375
290892.09375,13538.5
290113.90625,7874.89990234375
253867.40625,6349.2001953125
467241.5,241666.296875
278791.09375,6973.0
297050.59375,8507.400390625
549124.6875,12196.400390625
284868.0,6714.7001953125
535399.6875,13443.2998046875
306767.0,102669.203125
287244.0,12219.2998046875
283489.5,6735.7001953125
392344.5,13370.0
571930.6875,11707.7001953125
551863.125,12718.599609375
291450.40625,51125.69921875
419544.5,201978.40625
325865.6875,145300.5
551237.125,14526.400390625
301157.59375,6834.7001953125
539443.375,249811.296875
565766.375,13434.2998046875
377240.3125,9144.7998046875
506361.0,10664.7998046875
535001.875,268849.0
280154.6875,58289.80078125
560053.5,258917.90625
271535.09375,6952.7998046875
290084.5,9747.099609375
356283.0,143461.0
292076.40625,24370.5
520953.0,217124.703125
479259.5,247744.40625
362288.59375,177028.703125
294892.40625,41469.80078125
356748.59375,167255.59375
536819.0,103315.1015625
329524.40625,13294.0
515961.1875,316428.3125
462057.40625,139822.296875
561286.1875,11227.7001953125
565883.375,12573.400390625
396396.0,163208.5
288470.40625,7090.5
470118.90625,7769.89990234375
253161.703125,5315.0
458164.59375,328646.8125
550756.0,12270.400390625
404936.5,21453.19921875
353469.5,102599.0
275252.6875,6613.89990234375
274069.09375,6025.89990234375
441031.5,107734.203125
540249.1875,154372.203125
322432.3125,40381.1015625
544879.8125,11592.2001953125
557828.0,13130.599609375
481927.3125,283418.40625
503292.59375,264592.90625
396616.0,259835.40625
294864.6875,7199.39990234375
254307.09375,6857.5
320801.90625,70657.5
439423.90625,208945.59375
304779.40625,10222.0
406666.6875,87299.296875
292011.09375,26455.69921875
282392.8125,6555.89990234375
277464.0,5599.10009765625
291230.1875,6192.39990234375
350697.8125,107892.296875
493816.59375,9857.400390625
357444.59375,99834.3984375
408950.5,226778.203125
276436.3125,6213.0
296400.0,8600.900390625
344827.6875,218832.40625
440779.6875,10488.2998046875
267481.8125,7989.60009765625
303073.1875,61186.3984375
538618.875,207126.5
575067.625,11878.400390625
514619.0,351363.40625
307123.3125,60138.19921875
500408.09375,302958.59375
293995.90625,6561.89990234375
482290.8125,263152.0
339767.90625,115147.703125
545476.6875,16278.7998046875
304464.0,121128.296875
485955.09375,386997.0
558268.6875,12595.7998046875
552081.5,13402.7001953125
536263.0,197630.796875
531737.0,231622.703125
275917.5,5055.0
373178.6875,246544.203125
360257.5,195741.796875
307393.1875,54154.5
306403.59375,55116.8984375
491176.09375,301886.1875
582220.375,13984.7998046875
285165.0,46958.6015625
470610.90625,262988.0
488583.1875,17215.80078125
294766.5,7409.39990234375
246550.40625,6928.7998046875
590599.125,13134.2998046875
299079.6875,8547.7001953125
555195.875,13462.900390625
498262.5,264213.09375
552386.0,15073.5
274819.90625,10063.0
386050.40625,228704.40625
561739.1875,15970.5
480230.59375,309298.3125
554252.5,12802.900390625
569961.125,14465.900390625
317160.0,19243.19921875
479552.59375,345036.09375
308615.6875,12886.7001953125
303813.8125,8425.099609375
304783.6875,33554.30078125
351826.90625,195713.90625
540775.3125,13018.400390625
581018.625,15770.900390625
542855.6875,75988.3984375
321983.8125,127049.296875
556482.0,13913.2998046875
548875.5,12183.7998046875
286347.5,22153.099609375
511296.5,10283.599609375
285394.6875,7899.7998046875
252907.5,5635.89990234375
330396.90625,112545.796875
562849.125,12654.2998046875
291113.40625,23660.5
305704.40625,10897.900390625
278461.0,5019.60009765625
452498.5,214165.5
288636.90625,5401.0
259696.90625,5268.89990234375
573923.1875,14019.0
386429.0,190936.09375
288673.6875,7062.39990234375
329738.09375,116571.3984375
419525.0,259605.203125
396471.09375,185516.09375
289323.6875,8210.7001953125
411103.3125,216484.59375
338521.5,139111.59375
301198.3125,8311.2001953125
292396.3125,13226.900390625
276905.40625,7775.89990234375
564744.8125,15916.900390625
279236.09375,7413.0
274687.40625,6028.7001953125
295880.90625,7458.10009765625
499230.90625,12534.7001953125
271865.90625,4871.5
286219.6875,7472.2998046875
323961.0,14472.2998046875
312532.59375,83338.203125
299688.3125,7736.2001953125
282182.8125,6802.89990234375
286318.5,7637.10009765625
514667.90625,172170.59375
449432.6875,192944.90625
324774.59375,124209.3984375
289836.59375,60168.3984375
302720.09375,28706.400390625
442542.3125,254192.0
282582.09375,7176.39990234375
295584.0,55092.8984375
292689.1875,7098.89990234375
292059.1875,54418.80078125
282615.59375,7822.0
279956.90625,6591.5
496712.59375,211147.0
569749.625,12007.2001953125
543707.625,12905.400390625
566303.125,13351.099609375
482950.59375,304732.5
279424.90625,6632.89990234375
547769.8125,11374.5
407955.90625,251182.703125
308046.1875,53912.30078125
342245.5,118810.296875
564830.1875,14694.900390625
497461.0,211190.203125
476469.1875,199262.296875
383624.0,224974.203125
516186.0,11745.7001953125
366833.5,197613.0
545601.6875,39669.19921875
544275.375,10579.2001953125
526852.3125,11078.900390625
252575.0,9608.900390625
533515.125,11606.400390625
273777.09375,6392.2001953125
354406.90625,174713.796875
319711.0,92937.796875
275309.0,6132.2998046875
437488.59375,213767.09375
556234.0,147678.09375
571478.6875,12084.7998046875
550647.0,10508.400390625
315356.59375,11934.7998046875
572957.0,15480.099609375
471328.90625,321519.5
474894.90625,273564.40625
296497.6875,8497.5
404185.5,242034.09375
553391.5,15387.400390625
302107.0,6900.7001953125
388980.5,14220.900390625
361109.6875,173862.90625
565750.625,14865.099609375
383054.1875,276395.6875
559955.8125,13006.099609375
287099.09375,5533.7001953125
577695.375,13790.7998046875
545114.875,13579.7998046875
540880.3125,219173.296875
272659.0,5690.10009765625
269981.5,5462.60009765625
345797.6875,177026.296875
307111.5,11961.900390625
282016.90625,6668.2998046875
270945.59375,6141.2998046875
410642.40625,305505.90625
255764.90625,8335.5
490332.6875,24566.5
282372.09375,6836.7998046875
280180.5,70682.8984375
273575.5,7514.5
307094.09375,10953.400390625
296827.0,51505.19921875
601016.3125,15131.599609375
333960.8125,192061.703125
559760.0,12276.099609375
420958.1875,300806.8125
477763.8125,132020.703125
283825.8125,6058.39990234375
297537.3125,85964.8984375
473016.3125,247976.0
535778.625,8139.39990234375
447203.0,257685.40625
542901.1875,90555.3984375
282894.40625,10020.2001953125
529797.375,10360.5
434385.90625,286376.09375
248442.40625,110990.0
568378.1875,17911.80078125
292479.5,102235.796875
293877.09375,11489.7001953125
508507.3125,18465.400390625
560576.0,13623.099609375
454351.40625,278704.59375
340665.59375,202218.40625
294843.5,21860.19921875
402950.09375,230640.40625
474036.3125,184199.5
550231.125,12319.900390625
550197.5,13076.400390625
267772.09375,5749.7001953125
299129.40625,68478.796875
380434.40625,202625.796875
539723.8125,12392.2998046875
311469.5,92536.796875
380838.09375,239671.09375
320678.0,15407.099609375
565258.375,12382.0
579427.0,189430.40625
530446.375,240717.796875
361851.59375,199837.796875
295404.40625,86099.0
495279.40625,264870.40625
272484.0,6170.60009765625
310641.90625,68926.3984375
367493.1875,198383.5
508863.5,265047.09375
274807.59375,6436.2998046875
427247.5,235852.703125
269706.0,6400.89990234375
550812.1875,10551.400390625
278241.09375,8095.89990234375
435398.09375,255814.59375
308665.3125,50376.1015625
469594.8125,313045.1875
316740.5,132703.09375
345852.40625,177155.796875
308456.8125,9381.7001953125
314382.59375,97201.203125
332199.40625,143384.796875
401837.8125,227325.796875
281798.5,8172.2998046875
287699.5,25745.80078125
301116.5,7828.60009765625
500811.90625,214760.0
243911.90625,8913.7998046875
347438.59375,189912.796875
401954.6875,248944.703125
527808.375,9256.5
554073.0,12464.599609375
317115.0,141507.5
350217.40625,175889.5
554968.875,19012.400390625
525047.1875,241297.5
306832.59375,10550.7998046875
290845.5,7812.2001953125
549916.5,13094.900390625
556692.1875,14500.900390625
271761.5,5706.2001953125
253523.59375,136440.59375
526050.6875,12558.2001953125
314101.3125,100708.703125
265311.6875,8631.7998046875
318677.90625,157163.796875
296255.3125,52684.69921875
587439.875,15436.900390625
414620.3125,292395.90625
425229.59375,13267.400390625
425661.1875,334426.40625
537780.625,12665.0
279110.90625,5518.2001953125
562990.375,18010.099609375
286344.40625,37714.5
449778.1875,285564.3125
461224.5,10106.2998046875
603944.625,17082.19921875
435911.3125,194043.703125
326043.0,162301.09375
450948.40625,239915.59375
281259.09375,5562.39990234375
466941.0,163801.203125
436386.09375,245599.90625
302436.8125,73020.296875
280398.0,163479.796875
307519.0,44649.80078125
286836.09375,6299.60009765625
492319.0,251826.59375
454373.40625,263645.8125
402786.90625,292196.40625
419326.5,249214.59375
301253.40625,45873.5
284831.6875,5885.5
283050.5,23210.099609375
573579.125,18674.80078125
282461.5,12249.900390625
318931.5,221898.0
549192.1875,14192.900390625
498584.09375,157642.40625
277165.5,5416.2001953125
291314.59375,5703.60009765625
458417.6875,260790.203125
290581.0,6092.10009765625
307183.1875,20470.80078125
356146.40625,213663.796875
293876.40625,49765.8984375
550281.8125,13460.900390625
272821.3125,15790.0
277091.09375,6454.89990234375
436371.1875,270066.40625
274038.59375,5241.0
325519.40625,142214.203125
366104.90625,255291.703125
254096.203125,4578.7998046875
248081.40625,5046.60009765625
450333.8125,190318.796875
281776.09375,8856.900390625
545279.625,81600.8984375
557202.125,11810.7001953125
303429.40625,11237.7998046875
524987.0,242205.796875
520874.59375,11315.599609375
282050.0,7316.10009765625
506891.59375,180832.296875
370276.6875,225082.703125
282653.40625,8471.400390625
382098.0,196515.09375
290802.5,7764.0
559487.375,11736.0
265984.90625,5621.89990234375
313277.0,83286.203125
344422.5,147330.5
371196.1875,166647.40625
342043.0,254244.703125
473343.09375,270883.59375
352240.3125,251075.59375
276944.3125,6685.2001953125
291418.0,14122.099609375
562711.375,10665.7998046875
523255.3125,12531.900390625
398637.8125,247839.40625
439771.3125,215283.0
425413.09375,284857.40625
530817.6875,11744.400390625
361105.40625,13766.7001953125
465268.90625,299240.0
571472.375,15604.7001953125
269091.0,25461.30078125
298791.6875,7623.39990234375
307202.8125,130333.296875
302861.09375,10002.900390625
525758.5,254389.203125
543772.8125,9785.0
558065.5,256772.796875
561963.625,13888.400390625
352653.09375,7335.39990234375
293437.1875,7585.89990234375
373092.6875,11852.7998046875
393471.6875,259084.0
597574.5,14288.2001953125
291786.40625,10568.5
558237.625,13088.5
519870.59375,11056.2998046875
439312.90625,212976.296875
571996.0,15551.2001953125
330290.59375,71136.6015625
561746.8125,12375.5
436231.59375,299935.90625
295201.0,9555.900390625
346123.09375,158268.0
492815.3125,203698.0
284194.5,7290.89990234375
294882.90625,8367.7001953125
492861.09375,244056.703125
290013.09375,7378.5
566027.0,12557.900390625
397872.1875,237008.59375
535374.8125,12988.400390625
344326.8125,96268.296875
353356.59375,195446.09375
289181.3125,8413.2998046875
353655.3125,216946.09375
290397.6875,27176.80078125
354078.3125,158591.796875
412233.09375,220989.90625
410830.6875,265186.5
275281.1875,23777.400390625
483470.09375,265508.8125
567814.875,12697.400390625
293075.8125,45938.19921875
477333.09375,232769.703125
315621.6875,108409.3984375
299161.0,7775.7998046875
341311.59375,108944.8984375
258530.0,4969.2001953125
387010.6875,240609.59375
437448.40625,286999.59375
395892.6875,180012.59375
486599.40625,274088.5
532127.125,10372.900390625
317905.59375,94272.296875
254484.5,8862.7001953125
278026.5,109951.6015625
332533.8125,159824.40625
568662.0,13187.599609375
487693.59375,224219.90625
404029.90625,263457.8125
310994.59375,103498.296875
470195.1875,227863.90625
527520.0,9864.0
563616.0,12414.599609375
318315.59375,9784.900390625
510907.3125,211962.5
571166.375,13163.5
465963.6875,285061.59375
418764.1875,214935.59375
379251.5,210162.09375
389058.1875,234893.5
564270.3125,12549.599609375
363611.6875,240128.296875
385860.5,219037.703125
468820.3125,194005.5
558990.5,14636.2998046875
348990.5,192136.59375
292105.90625,8496.5
304844.5,12001.2001953125
571400.125,12397.2998046875
392322.3125,12704.099609375
307224.3125,6579.2001953125
545898.0,11165.7001953125
283459.90625,5844.89990234375
256093.09375,6036.10009765625
285834.59375,5306.10009765625
290334.40625,6384.7998046875
290517.3125,8465.0
277591.1875,5536.10009765625
396646.09375,255370.90625
518603.59375,57900.0
425068.3125,12647.0
250848.90625,7494.7001953125
316604.90625,94001.203125
597168.0,19152.0
250764.09375,5633.0
419866.0,303909.90625
285622.8125,5870.39990234375
289025.09375,6695.2001953125
517900.6875,10450.0
280184.09375,8018.10009765625
289702.3125,14485.2998046875
554726.8125,14213.599609375
527711.6875,10743.2998046875
293208.90625,8742.7001953125
557852.5,14815.2998046875
490328.3125,12551.2998046875
310408.09375,75222.3984375
318479.1875,98918.0
280601.1875,6047.89990234375
313039.09375,140455.296875
479644.6875,292962.59375
410247.40625,295984.90625
271466.09375,8934.2001953125
497343.0,288102.3125
375474.59375,257788.90625
286088.0,9460.2001953125
278175.6875,5131.60009765625
501868.40625,15407.900390625
416570.8125,187784.09375
270309.0,7137.2001953125
283254.3125,11421.0
297144.5,19570.599609375
269000.40625,63200.0
321026.09375,126052.5
301383.59375,16221.7998046875
320151.40625,79397.796875
498977.3125,12399.599609375
285121.8125,6031.7001953125
413957.0,215413.203125
556389.875,12446.900390625
346831.09375,153422.09375
517863.90625,125152.296875
358489.6875,11565.099609375
562674.5,14013.400390625
548799.8125,205351.5
534737.0,46974.3984375
308449.90625,12922.2001953125
533382.0,11377.5
298256.59375,34723.19921875
498436.09375,266396.0
560265.1875,13543.7001953125
252762.203125,6265.60009765625
481101.8125,9897.900390625
496895.09375,252812.703125
547161.8125,15082.7998046875
343317.1875,126378.5
364883.8125,229144.296875
334974.6875,186512.296875
276751.3125,4828.7998046875
523246.59375,11043.400390625
290998.1875,10589.900390625
448496.40625,217755.09375
274299.6875,89296.1015625
542136.375,11737.900390625
564469.8125,15027.2001953125
325476.5,173475.296875
294015.1875,8031.60009765625
558337.375,13235.599609375
270257.40625,15721.900390625
259205.59375,7248.89990234375
555778.625,11370.7998046875
493184.5,331401.1875
315165.0,30172.099609375
303939.3125,54409.3984375
270989.0,4728.60009765625
576693.1875,17240.599609375
283863.09375,5645.89990234375
504732.40625,160474.796875
281043.0,6486.10009765625
566902.625,178969.796875
286430.3125,28089.599609375
278169.6875,10080.2998046875
455036.0,11339.7001953125
328611.8125,151941.5
503910.5,228750.796875
338686.5,160756.59375
463810.90625,316718.5
335487.59375,103362.5
532567.5,10513.2001953125
262270.09375,5228.7998046875
297304.40625,39547.30078125
544551.125,12342.099609375
561554.125,12988.900390625
285600.5,7301.89990234375
335198.5,153656.90625
298664.8125,170109.796875
409803.40625,281284.1875
296703.0,6692.5
287261.1875,8738.2001953125
279496.0,5898.39990234375
283099.6875,6094.10009765625
409933.09375,238388.203125
366049.3125,250729.796875
562737.6875,13510.2998046875
547781.875,11912.7001953125
542488.0,12474.7998046875
305329.1875,10074.5
541804.6875,13429.400390625
545659.875,13542.599609375
545591.6875,11397.599609375
274870.09375,5572.2001953125
326711.6875,95623.3984375
499949.0,252599.796875
328301.1875,148740.09375
494132.40625,277072.09375
270577.90625,6330.0
506601.59375,10549.900390625
378264.09375,239428.90625
395121.59375,275817.8125
333333.5,136316.09375
276482.3125,6897.89990234375
271831.5,6717.2001953125
305956.5,32019.599609375
528792.375,188834.0
297787.5,30009.69921875
268762.40625,6187.7998046875
420525.3125,280827.1875
273294.5,5397.2001953125
443737.40625,17652.400390625
508784.59375,194131.59375
328714.59375,172961.90625
292807.5,7282.39990234375
441496.40625,250132.703125
370998.8125,8427.7998046875
341150.0,155628.5
320121.09375,129767.5
537734.6875,190433.203125
582904.0,15482.400390625
261279.203125,6486.60009765625
482494.3125,13323.400390625
538105.625,13287.7001953125
558490.6875,17570.0
384314.59375,11992.099609375
513196.3125,248296.296875
554923.8125,12609.099609375
299508.6875,63473.30078125
287995.5,10621.2998046875
268559.6875,90813.8984375
388020.90625,228821.59375
256282.59375,4035.300048828125
553778.1875,14981.599609375
343656.90625,120012.3984375
533012.8125,269752.1875
436156.59375,12801.7001953125
285182.6875,5424.89990234375
451358.09375,173544.90625
479213.90625,284976.09375
277693.6875,6033.7998046875
569331.3125,13854.0
299627.40625,66509.0
555376.625,74135.0
307387.0,6175.2001953125
304319.59375,39583.30078125
383072.3125,193322.09375
333375.3125,116464.703125
267039.0,8375.7001953125
304799.40625,95856.8984375
296571.09375,8047.60009765625
326293.09375,8781.599609375
526996.3125,226717.0
399616.59375,11917.400390625
564979.3125,13219.5
285975.40625,6964.7001953125
295168.0,21632.400390625
538313.8125,11515.2998046875
554115.875,11113.7001953125
551788.125,11878.2001953125
269764.09375,4823.0
494408.6875,263459.6875
313293.3125,117781.8984375
562273.125,106726.703125
319491.6875,70357.5
532864.125,8493.599609375
357767.3125,233136.796875
287899.1875,127505.296875
292054.90625,6728.2001953125
493911.8125,270188.3125
307418.1875,60645.0
408833.1875,272929.40625
261449.09375,5887.7998046875
327285.40625,77660.8984375
546480.8125,11636.7001953125
312052.59375,182149.203125
268206.6875,5679.0
247821.796875,21594.099609375
276432.8125,5124.5
283850.5,49522.1015625
575466.625,13934.5
380307.3125,10710.599609375
333129.59375,173351.09375
584542.625,13064.099609375
473214.6875,181971.09375
551016.125,13142.400390625
554938.5,11097.400390625
504092.90625,212636.703125
564448.0,23702.900390625
311727.8125,234032.796875
271667.5,6596.5
372854.59375,204664.203125
475896.59375,245440.0
422378.1875,191478.703125
523887.0,11458.900390625
313678.8125,49273.3984375
280576.8125,112090.796875
396788.09375,285142.09375
274683.8125,8137.2998046875
496557.8125,368381.59375
542057.1875,13576.7998046875
278987.5,5825.2998046875
305283.1875,10896.0
319811.6875,144163.40625
305702.90625,13165.599609375
485105.6875,109729.6015625
549440.875,157702.40625
249252.796875,15418.7001953125
545469.625,71188.703125
267117.1875,6147.39990234375
286568.0,7921.2998046875
309534.59375,11378.900390625
378220.0,246566.203125
558147.6875,14281.099609375
287237.90625,7681.60009765625
548079.6875,13936.0
464562.3125,234995.09375
550030.6875,13315.2998046875
278312.3125,5228.0
429160.5,346528.59375
352527.09375,213384.0
284043.09375,94704.796875
270179.90625,19281.30078125
304225.8125,63653.6015625
279243.3125,5328.7001953125
522014.5,250647.703125
271522.90625,8609.900390625
271208.09375,7227.10009765625
550943.125,13407.599609375
403471.90625,228488.296875
285163.3125,6241.0
581489.1875,14150.099609375
427178.09375,98871.3984375
310757.09375,119539.5
540183.3125,122808.0
356118.90625,207349.703125
269444.0,6239.89990234375
264761.3125,3610.800048828125
357783.90625,208414.203125
535582.5,12293.0
294581.59375,7472.5
288020.6875,6287.7001953125
545536.5,12834.900390625
285105.8125,7363.39990234375
258687.09375,7712.7001953125
366673.8125,146971.796875
307235.59375,9167.099609375
564693.8125,12349.2998046875
295788.59375,26434.400390625
275662.1875,6419.0
542783.6875,13020.400390625
555979.875,12593.099609375
555705.625,15009.7998046875
359906.6875,187714.09375
294774.40625,7760.39990234375
349931.1875,139621.40625
251432.09375,5082.89990234375
294052.6875,5845.10009765625
299321.40625,11283.599609375
505463.6875,206806.59375
399137.8125,239411.90625
563209.625,11246.400390625
433243.09375,270309.3125
364381.5,12223.099609375
294671.3125,5194.89990234375
472475.0,331654.09375
429290.6875,272281.59375
306405.09375,25898.400390625
347879.40625,11364.2998046875
306373.09375,15837.7998046875
276990.1875,6900.39990234375
514502.8125,12341.599609375
536380.5,10871.599609375
484295.40625,352303.3125
518072.8125,285676.09375
392119.0,231286.203125
550704.0,11957.2998046875
348092.90625,160195.5
265612.59375,6691.0
282721.5,15099.2001953125
297737.59375,7401.2998046875
288998.40625,9891.2998046875
288601.8125,7695.10009765625
453701.0,278454.1875
558819.375,11787.900390625
432160.09375,258684.09375
562796.125,16182.599609375
551926.875,14749.2998046875
511096.8125,193956.5
340441.1875,155849.59375
271827.0,29596.400390625
540545.125,187322.5
371448.8125,185636.0
285578.90625,6446.2001953125
285332.0,6678.89990234375
539279.8125,11836.7998046875
512288.40625,240803.203125
503097.0,320348.5
552959.125,14776.7001953125
270446.6875,5122.7001953125
303854.5,9530.400390625
314838.1875,131976.59375
548268.8125,11475.7998046875
283077.59375,51099.1015625
547716.8125,12100.7998046875
347865.6875,161589.296875
288814.40625,53679.69921875
454544.0,267215.3125
269377.3125,5522.7998046875
292386.1875,9454.0
269944.8125,63354.6015625
570550.1875,13168.7998046875
550701.0,18853.69921875
486241.3125,233469.5
579430.5,12851.7001953125
255962.09375,6145.7998046875
487071.8125,221560.203125
299979.0,8381.7001953125
299277.90625,6362.39990234375
245614.09375,64864.6015625
308298.09375,10851.099609375
295543.90625,26326.30078125
428579.8125,242483.0
525564.1875,13368.099609375
290310.90625,11438.7001953125
413781.5,206448.90625
371657.3125,215340.796875
444826.5,290552.5
281565.09375,5839.7001953125
289234.1875,7091.2001953125
290960.6875,7745.60009765625
379609.09375,236540.703125
439560.6875,214814.0
347627.3125,218766.796875
251023.796875,11056.599609375
268222.40625,4741.7001953125
582653.5,15500.7998046875
494984.59375,353281.90625
525536.6875,10926.900390625
446617.90625,233235.09375
279734.09375,4835.2998046875
306317.8125,40214.19921875
278330.6875,5429.2998046875
270837.5,6265.7001953125
254772.296875,23875.0
312466.0,59406.30078125
306724.0,81211.6015625
303955.09375,89072.796875
555895.375,12121.7998046875
498844.3125,11665.599609375
346012.3125,146782.703125
265044.0,153464.703125
310267.40625,92802.3984375
392951.09375,250996.09375
396445.8125,11852.5
310023.1875,63166.1015625
537259.5,13444.900390625
280585.8125,5263.5
409192.59375,230417.203125
370960.6875,216770.203125
344732.5,167628.40625
295576.8125,7160.39990234375
472104.3125,245124.296875
298858.09375,57806.1015625
491115.6875,238910.0
334672.8125,221799.59375
531824.1875,244222.296875
540287.5,267392.1875
300953.8125,9388.0
300529.0,68944.296875
288789.40625,12432.5
301869.5,10170.2001953125
574898.875,14084.7998046875
303096.8125,9219.599609375
421247.3125,188244.703125
552091.5,79064.203125
288992.40625,6239.89990234375
331472.59375,146570.59375
471934.59375,250715.59375
339765.40625,203204.796875
470207.6875,13451.599609375
528905.625,261014.40625
443972.0,262246.40625
531117.125,11358.5
541018.3125,12716.5
314933.90625,35474.69921875
285526.8125,10380.7998046875
324348.40625,101092.703125
283241.09375,77318.203125
509860.59375,246625.5
320046.6875,128638.1015625
304037.3125,63837.30078125
419898.6875,246989.0
315672.8125,8950.7998046875
324715.3125,146793.59375
500348.40625,293025.6875
441119.0,203605.796875
559044.8125,215490.296875
284630.59375,52368.8984375
265296.6875,96539.5
256591.203125,39642.8984375
388593.40625,260849.59375
570853.625,17741.30078125
417542.6875,258841.59375
574687.375,13853.400390625
483999.3125,319769.1875
296515.6875,7089.89990234375
573384.5,12663.2998046875
331845.59375,169231.40625
483943.6875,8653.099609375
490376.90625,267245.90625
365348.3125,213651.40625
498791.40625,253267.0
283405.09375,42005.3984375
374984.09375,263878.8125
313849.0,58331.19921875
278350.5,6447.10009765625
301274.3125,16340.400390625
407758.0,306373.09375
269428.0,6448.60009765625
271834.59375,7868.2998046875
548970.6875,59294.8984375
271349.3125,5831.10009765625
389452.0,199593.796875
260643.59375,6440.5
532006.5,13105.2001953125
549118.125,190468.796875
264601.8125,47062.6015625
426822.8125,183023.203125
530405.5,352548.1875
302832.40625,77887.8984375
336180.59375,195599.59375
288508.40625,7968.7998046875
319414.3125,131992.5
440992.1875,264428.59375
270486.09375,5999.89990234375
333556.0,181951.90625
562899.625,14627.0
339453.90625,173348.703125
283485.0,46705.3984375
537702.875,189121.203125
433985.5,204201.0
304110.59375,14785.2001953125
277246.59375,6697.5
283941.0,5143.39990234375
517480.1875,225756.09375
407366.3125,13051.900390625
490377.59375,235500.703125
265866.8125,10004.2998046875
542509.1875,15242.5
315892.6875,199737.0
296546.8125,36258.1015625
551587.1875,15456.7998046875
533889.5,12522.2001953125
306624.0,81129.796875
289236.0,10684.599609375
284271.40625,6827.0
322184.09375,69112.0
312703.59375,11488.7998046875
420449.8125,273214.6875
302314.90625,30669.400390625
576595.125,13425.599609375
291170.59375,9982.099609375
541778.875,11613.2998046875
297211.6875,5936.10009765625
289707.09375,8970.900390625
495532.0,15065.400390625
574533.8125,13057.5
579432.375,15395.7001953125
449766.5,277022.40625
285374.3125,7132.7998046875
367067.59375,158535.703125
566129.625,22395.5
281069.0,6568.39990234375
543097.8125,14351.900390625
303782.09375,52366.69921875
569414.8125,13768.7998046875
335098.6875,8908.5
254379.59375,24524.099609375
240873.796875,5955.7998046875
525885.875,12678.2001953125
412628.0,230084.796875
565829.625,14838.900390625
275618.1875,8500.5
450669.90625,258247.09375
562342.6875,11984.099609375
310058.3125,136160.203125
264505.09375,9566.2001953125
378109.5,214117.796875
338717.5,193610.203125
317412.1875,108884.6015625
282210.90625,6438.10009765625
363460.1875,13574.2998046875
532603.5,28015.69921875
589510.3125,12511.0
306059.5,13102.7998046875
340197.40625,159147.5
405052.59375,201261.5
313178.0,113700.203125
339002.09375,144410.296875
446193.90625,342429.8125
354401.3125,248254.703125
580727.0,15393.7001953125
436658.40625,271246.90625
278516.59375,8803.599609375
250814.90625,6259.7998046875
545253.6875,98043.1015625
379200.59375,262618.40625
316870.0,154122.40625
343564.3125,151842.5
505461.90625,9900.7001953125
566805.5,12613.400390625
292945.5,11348.5
543273.125,11814.2001953125
275103.59375,111966.5
312998.6875,79358.203125
580764.375,15440.7001953125
366975.3125,227629.0
542925.6875,11148.599609375
444786.90625,66071.6015625
311118.8125,94436.0
417049.1875,230903.59375
335149.0,130130.6015625
304992.8125,7156.10009765625
358780.40625,139846.796875
287359.90625,6506.60009765625
320514.90625,119850.8984375
288525.8125,10020.2001953125
542642.6875,11841.099609375
559461.3125,23131.19921875
291943.59375,7247.39990234375
267452.09375,4866.60009765625
366125.5,223760.0
289662.6875,6036.10009765625
568117.375,13639.2001953125
566401.875,13304.400390625
515386.09375,231000.796875
502224.09375,196897.796875
407709.8125,272301.59375
405631.8125,273761.1875
555604.6875,13044.2998046875
473054.8125,253632.203125
543222.1875,12777.7998046875
299578.0,5449.2998046875
274048.5,4968.60009765625
345842.40625,150566.703125
297192.59375,32425.19921875
346206.59375,151300.796875
278509.6875,6862.5
551929.6875,203973.0
315842.40625,66707.1015625
341466.5,129131.796875
540736.6875,221098.90625
541711.5,12186.7998046875
448026.3125,226726.90625
553550.875,12996.7001953125
319371.5,173664.296875
561402.1875,12985.599609375
311388.59375,102010.1015625
526828.875,11636.2998046875
561237.375,13166.7001953125
289665.3125,35629.0
362545.40625,203674.203125
418796.90625,202962.59375
524045.3125,240502.09375
275317.3125,5820.5
485156.5,12103.599609375
370017.8125,213446.09375
293000.8125,43855.0
294967.40625,9346.7998046875
339815.90625,132678.90625
540482.875,12399.099609375
383507.40625,204506.90625
537236.6875,12755.099609375
343348.3125,126803.203125
547716.125,12223.099609375
555333.625,15123.400390625
474674.40625,277120.0
480064.5,385089.0
281220.1875,5174.10009765625
299155.90625,10256.2001953125
576329.875,14829.400390625
253052.09375,4945.2998046875
466350.8125,269506.59375
564063.3125,14600.7001953125
576167.625,13566.900390625
301840.6875,8899.7998046875
548297.8125,12594.2001953125
519318.0,11682.0
246898.703125,21634.80078125
548955.5,12410.2998046875
495263.40625,310247.6875
408926.90625,272655.59375
297013.09375,69126.203125
333585.09375,236378.296875
511885.59375,142121.296875
477914.40625,12481.099609375
305143.0,50347.80078125
431184.1875,296517.90625
301895.3125,18661.099609375
330463.90625,134184.296875
539396.375,10203.7001953125
372128.1875,255831.09375
542164.875,12921.7001953125
568388.875,14251.099609375
250789.796875,9425.5
313959.1875,154440.59375
309422.0,56412.1015625
282945.3125,22383.099609375
240483.296875,5302.0
525771.875,14507.400390625
357112.90625,219304.40625
286714.8125,6333.7001953125
374637.6875,227248.09375
523612.3125,207698.703125
338601.09375,186202.09375
294079.59375,10628.900390625
325520.6875,96524.6015625
315033.90625,84388.703125
338469.40625,49951.8984375
470860.59375,200657.296875
246355.796875,50162.6015625
389781.3125,251022.703125
508163.09375,13907.400390625
434732.6875,213401.796875
296553.6875,17276.80078125
505479.5,11555.2998046875
292202.5,8136.10009765625
288858.90625,7958.7001953125
419633.90625,219873.09375
625088.625,16669.69921875
288879.09375,6160.2998046875
427326.09375,195959.796875
270890.1875,5508.5
546938.375,27929.599609375
260494.703125,6649.39990234375
296096.0,7892.2998046875
553997.8125,11038.599609375
558571.875,20328.19921875
252584.5,5130.2998046875
564807.0,17007.599609375
299847.09375,52830.1015625
556006.3125,12266.7001953125
300070.6875,73021.703125
547261.0,10885.0
397980.40625,284101.40625
249056.5,6158.7001953125
254746.09375,6281.7001953125
344818.1875,188098.0
241482.59375,6465.89990234375
297271.3125,8474.099609375
262924.09375,23388.400390625
268726.90625,5571.0
315499.5,111911.296875
396231.59375,237920.796875
289134.1875,41651.3984375
433413.6875,226982.203125
507569.3125,280418.8125
421203.3125,273211.5
316364.90625,36362.6015625
447826.3125,12866.900390625
286619.0,4842.39990234375
581477.625,13005.0
260890.40625,5143.0
572362.1875,13157.2001953125
420313.0,292507.0
295258.5,157179.90625
288199.90625,6727.7998046875
543451.875,12313.7001953125
261895.40625,88464.203125
300818.40625,9725.599609375
486676.3125,248087.0
495477.6875,261083.59375
513686.5,272483.09375
395882.3125,275163.5
288174.40625,6514.2998046875
436916.90625,287476.90625
285742.90625,7607.89990234375
289668.1875,6391.10009765625
572866.3125,104060.703125
295327.09375,6729.10009765625
304746.59375,9355.099609375
436574.90625,232258.0
291210.90625,78997.203125
282020.40625,6900.39990234375
437478.3125,244508.203125
378480.59375,224704.90625
290079.6875,7344.7998046875
527554.8125,13839.7001953125
320674.0,139140.0
377545.5,223972.09375
419370.40625,246486.203125
364501.59375,112077.203125
273403.6875,7573.0
268574.6875,5817.0
326633.0,113014.296875
297702.5,8083.2998046875
267131.3125,6486.60009765625
295227.40625,37102.19921875
297614.90625,7420.2998046875
485033.8125,234966.0
458096.6875,257651.59375
297569.90625,116582.703125
569964.375,14491.099609375
372259.3125,212393.5
281910.6875,6239.60009765625
291063.3125,61586.6015625
434139.8125,11490.0
294259.90625,159241.296875
286440.90625,30828.099609375
292636.3125,27313.69921875
442093.90625,55505.0
285403.6875,112459.6015625
469642.40625,225120.203125
288723.40625,6070.89990234375
525743.3125,288795.1875
355116.09375,159440.40625
290422.1875,5451.2998046875
532707.375,9518.7998046875
545554.375,343126.6875
580616.3125,16290.0
474624.90625,222650.203125
471248.40625,237094.59375
560579.8125,11752.099609375
296855.1875,5276.10009765625
482429.5,203319.09375
358371.3125,179667.59375
499907.8125,10480.5
389252.40625,247030.40625
356043.90625,194359.09375
530067.375,60032.3984375
256029.296875,6139.2001953125
563354.1875,15847.099609375
417302.8125,197664.703125
540014.625,14988.599609375
289853.09375,5668.89990234375
405233.59375,260617.09375
256499.40625,10504.0
531342.375,11387.7001953125
308504.90625,41428.8984375
274569.59375,6001.2998046875
429943.3125,65439.6015625
538632.375,10662.7998046875
281491.90625,7063.7001953125
474677.3125,237872.5
284068.1875,5306.60009765625
275172.90625,7035.7001953125
307468.0,102358.1015625
327490.3125,141276.09375
320540.90625,167449.40625
292328.8125,33675.19921875
551119.125,10641.900390625
555434.625,182550.09375
535563.5,200902.5
313291.1875,12634.099609375
558660.875,12960.7001953125
293095.40625,5720.89990234375
275768.09375,5876.2998046875
303491.59375,95411.296875
412656.8125,248098.203125
344960.6875,135521.796875
281673.6875,49903.30078125
542063.0,13869.2998046875
564235.5,13259.099609375
371787.40625,207588.703125
369357.90625,206109.59375
400026.09375,141899.203125
558253.625,12787.7998046875
381499.59375,9697.7998046875
340071.5,109614.796875
558912.3125,21150.599609375
436095.8125,60356.3984375
573363.5,12668.7998046875
300186.8125,7969.39990234375
387957.90625,259031.796875
361510.6875,132434.09375
432586.8125,131800.796875
323327.5,68977.5
317767.5,46861.19921875
563942.625,13810.7001953125
287137.40625,7348.7998046875
432379.8125,295942.0
426984.40625,266860.1875
448450.8125,241276.0
291326.3125,87268.1015625
326747.8125,105885.5
426060.90625,266186.40625
305118.40625,86701.6015625
409818.90625,177804.40625
286242.8125,6933.7001953125
369527.6875,192495.09375
264344.09375,6020.39990234375
308527.09375,77326.1015625
414757.90625,138463.0
539804.0,17269.5
391562.90625,261722.203125
484080.90625,233674.90625
394214.8125,14570.099609375
273184.3125,5816.2001953125
321338.59375,16472.900390625
554457.1875,137289.296875
316399.3125,18389.19921875
288238.0,6072.5
277295.6875,5542.2998046875
288639.5,8188.60009765625
307146.40625,122345.6015625
391777.09375,285770.1875
361873.59375,203127.296875
275883.09375,5410.2998046875
311945.1875,12243.0
492664.40625,237746.09375
515972.0,210793.296875
531308.0,140970.796875
334505.3125,93071.8984375
299734.90625,121803.203125
287185.5,6877.2998046875
272462.1875,38960.6015625
265925.3125,36022.8984375
286218.90625,6407.7998046875
539798.1875,9769.2001953125
513074.40625,11437.400390625
536430.875,148994.296875
512840.90625,11848.7001953125
256820.796875,6650.0
258164.703125,6362.10009765625
284416.90625,6193.7001953125
538079.3125,12208.599609375
570359.1875,13831.099609375
352939.8125,200457.59375
252156.796875,7113.0
287512.40625,33939.8984375
287951.90625,62893.6015625
292128.90625,6991.39990234375
282037.1875,6935.60009765625
434659.3125,259943.203125
553997.125,13001.599609375
543785.125,11293.900390625
587807.375,18153.19921875
539274.125,12361.7998046875
249251.296875,5421.2001953125
289864.09375,10977.900390625
538274.6875,12313.7998046875
490449.8125,12181.7001953125
298130.6875,9696.2998046875
554639.5,12941.7998046875
312987.90625,13963.599609375
316965.09375,10716.7001953125
388974.1875,195475.0
552220.1875,11749.5
270212.90625,8138.60009765625
306964.0,12131.7998046875
505717.5,14296.2998046875
345801.3125,148284.09375
516345.40625,87320.703125
562485.5,19360.80078125
558792.5,12107.099609375
289309.8125,7909.39990234375
297962.40625,7381.2998046875
484261.1875,254436.09375
310847.5,55498.0
551305.875,11649.900390625
280708.59375,6928.7001953125
295752.1875,19839.0
318677.90625,15695.2998046875
371972.3125,103780.5
575250.875,35284.6015625
277047.3125,7348.10009765625
400566.3125,10340.5
461384.5,205360.59375
367549.3125,228277.09375
256661.40625,16832.80078125
564152.3125,11706.7001953125
277940.59375,5290.39990234375
288305.59375,8306.599609375
