Propidium Iodide PE-A,Alexa-647 APC-A
305819.0,107543.296875
520479.3125,231896.90625
309502.1875,100131.796875
503966.0,121837.203125
330700.0,117564.6015625
440094.1875,322441.0
344806.1875,127331.8984375
273595.0,19455.80078125
487282.5,296086.40625
304358.5,15441.2998046875
510642.6875,249783.796875
538941.5,315978.59375
298172.3125,31669.69921875
519105.90625,225321.203125
293840.59375,67263.296875
318580.5,94099.796875
337277.09375,120742.1015625
439733.1875,22928.099609375
567133.125,65732.703125
300458.59375,77563.6015625
342649.1875,154111.203125
535720.375,266757.0
478198.09375,232490.5
331385.09375,152744.09375
323691.1875,104657.8984375
435654.09375,262463.5
363887.6875,200852.59375
328606.8125,155973.90625
354837.6875,177166.703125
565789.0,20692.30078125
385826.6875,302066.6875
317631.3125,125531.203125
337714.8125,214705.40625
293089.09375,19686.19921875
299467.0,15727.7998046875
363677.59375,207644.703125
441561.59375,251113.40625
344738.09375,104311.203125
517021.6875,222381.5
540949.1875,186614.09375
424605.8125,245333.796875
305389.09375,131865.703125
339923.5,89020.703125
512770.59375,276771.09375
316737.0,126221.5
493818.90625,108687.3984375
346143.3125,133124.703125
482840.09375,203322.40625
296259.1875,32220.69921875
425060.6875,278086.5
276334.0,28796.30078125
480187.59375,112071.8984375
293428.09375,57687.69921875
371781.09375,219476.09375
538677.0,198428.90625
320082.8125,152399.796875
431313.3125,287579.6875
386206.0,299914.3125
473589.1875,246424.5
367302.0,160258.40625
396347.59375,275232.09375
349859.5,130585.3984375
342171.6875,161670.09375
258018.40625,62341.3984375
413201.59375,165530.203125
535391.3125,156522.203125
449159.09375,256578.296875
396390.6875,274108.5
521800.3125,318192.40625
327504.5,94560.796875
549715.625,75073.703125
425407.8125,254706.0
416295.5,335381.0
403733.8125,243821.203125
279314.8125,59400.69921875
575765.625,72644.296875
302401.09375,66765.6015625
326814.90625,98635.5
436575.6875,216737.796875
588984.875,188364.296875
333780.8125,160393.40625
283293.40625,92743.203125
322192.40625,104899.203125
382296.09375,245082.296875
503466.59375,196443.296875
470446.90625,371512.6875
276934.0,61523.69921875
493678.6875,224478.296875
337386.5,138958.296875
359072.6875,156595.796875
499864.0,315931.0
302212.90625,77511.796875
480771.90625,308205.1875
399527.0,264057.6875
346754.09375,197866.203125
386896.3125,251236.40625
449432.5,236921.09375
321239.1875,133272.296875
397636.59375,146107.5
358274.09375,217076.90625
371303.90625,268654.0
366741.40625,206744.40625
324636.90625,100211.1015625
264955.59375,24833.0
519779.5,252763.296875
546431.875,24284.19921875
453061.0,190957.0
339044.40625,158385.40625
465069.90625,241986.796875
400919.59375,251226.0
268276.5,28850.30078125
335887.09375,83189.203125
289764.3125,77949.8984375
489331.90625,274932.6875
420200.90625,229557.90625
430841.90625,269392.1875
520298.90625,235980.296875
480742.09375,221271.5
474824.90625,234591.203125
468285.0,249109.796875
487506.6875,244282.296875
413322.90625,223494.5
525669.6875,31367.80078125
375829.59375,233187.796875
301587.09375,96403.796875
511150.90625,301682.6875
384807.5,176712.203125
341573.3125,110010.8984375
490065.90625,247741.59375
413324.5,157570.09375
347030.09375,164493.0
279925.6875,97474.796875
481299.6875,226252.296875
320606.90625,101074.0
372670.90625,242511.90625
304110.59375,38617.8984375
297116.0,191003.296875
364104.09375,193104.296875
283428.90625,117625.796875
348050.09375,152320.5
350263.40625,188914.09375
495470.40625,276532.0
329437.1875,131672.296875
310775.59375,27179.80078125
503704.90625,233048.703125
370447.0,241127.796875
321285.0,128480.1015625
274963.59375,83467.5
333194.3125,131541.0
321151.5,68655.3984375
286032.0,12626.599609375
303543.3125,60058.5
316199.5,86710.796875
429488.6875,229155.296875
407309.09375,231457.796875
428293.40625,270551.8125
377298.8125,214481.90625
467830.8125,209622.90625
296609.6875,64200.30078125
333802.09375,219080.90625
472373.6875,282368.8125
485319.90625,238964.0
352261.09375,178032.296875
325942.09375,92302.296875
347902.90625,185983.203125
381766.3125,198813.40625
341303.5,151896.796875
302918.1875,96290.296875
455830.6875,313996.09375
299638.90625,57665.0
327248.40625,191433.40625
492076.90625,246723.09375
321167.59375,104461.796875
451803.40625,279099.3125
324266.3125,85520.8984375
331210.0,87101.296875
292040.0,24053.69921875
364527.8125,177390.40625
318551.1875,65270.30078125
566529.5,77193.296875
337585.09375,163149.296875
303232.59375,49413.5
417977.09375,256198.0
361185.0,159475.40625
392024.59375,291231.90625
454274.5,246799.0
466938.90625,289312.1875
442168.5,203546.703125
485824.40625,237604.59375
362072.1875,195935.796875
344728.8125,156912.90625
312203.59375,73396.5
303609.5,33971.3984375
301068.1875,34090.3984375
387954.59375,228551.5
286624.6875,201847.703125
517308.90625,255302.5
430074.59375,268515.5
398138.09375,252684.203125
339609.3125,144096.703125
435090.90625,244771.203125
300575.3125,17061.0
292708.0,39822.0
376882.59375,265199.3125
425495.40625,245047.0
310801.3125,256155.0
387528.09375,257975.296875
517846.40625,216693.40625
269095.5,134056.59375
309590.59375,73687.703125
325483.90625,110150.296875
526565.3125,277279.1875
425628.90625,235126.703125
270710.3125,70404.5
559539.6875,95218.0
401058.3125,164704.0
268409.5,107686.1015625
411825.3125,239051.796875
300157.90625,80144.8984375
292039.3125,33793.19921875
460750.09375,257062.703125
387096.90625,261466.703125
529497.375,232407.0
508074.09375,307662.3125
544344.3125,154392.296875
380298.6875,202952.5
321107.0,56243.6015625
486069.59375,164439.203125
383563.90625,207534.703125
535352.3125,249737.296875
309755.09375,96199.0
295584.09375,93136.796875
540332.125,240003.09375
459115.40625,359295.0
278269.8125,85706.0
469567.8125,260259.796875
420692.40625,296901.40625
279757.5,20609.599609375
434021.40625,297262.0
276660.3125,14185.2001953125
470661.40625,87604.703125
341620.8125,159693.5
453632.1875,206745.703125
376621.0,231412.09375
356796.59375,193090.0
320526.09375,92592.296875
452979.09375,247014.09375
340579.90625,190476.5
493158.3125,28182.5
492141.59375,243343.796875
392976.3125,236331.796875
481698.40625,199017.40625
290706.40625,35291.5
543273.6875,167869.796875
306550.09375,75094.703125
522831.0,298790.0
434912.40625,217650.203125
544995.875,177284.40625
373164.5,232613.09375
386342.09375,209553.5
322937.6875,122149.796875
305336.09375,106897.5
411713.8125,20832.19921875
379529.1875,252435.0
338973.6875,230833.90625
398972.0,313333.59375
392600.90625,195722.0
407951.09375,213062.796875
515597.90625,283642.0
401081.3125,226395.0
328309.1875,128682.0
417445.59375,241434.0
304556.3125,62217.1015625
302769.59375,130106.5
340904.90625,197972.203125
472298.09375,223029.703125
317116.3125,107008.703125
484572.8125,294287.8125
514927.3125,58582.5
262020.703125,36374.19921875
424567.40625,280318.5
327843.5,201313.0
373540.59375,221901.5
343972.59375,192414.296875
452190.59375,302303.59375
312698.40625,73069.5
527890.5,191060.59375
298871.3125,58191.19921875
301647.8125,32374.0
322304.6875,123544.5
311025.1875,22434.19921875
334719.5,112805.1015625
362129.40625,232631.203125
450246.90625,177352.90625
554982.0,249614.59375
287602.90625,103546.0
370094.8125,169180.59375
446195.59375,217741.203125
563721.8125,197999.0
472922.3125,245592.296875
516717.1875,249298.5
262897.1875,70523.8984375
293932.0,50947.6015625
413443.90625,236379.0
291987.5,16976.5
269229.59375,16788.0
452442.1875,288250.5
503500.59375,238523.296875
300517.09375,104669.1015625
497079.90625,222453.5
440474.09375,312971.5
467044.6875,232778.796875
328499.90625,242495.703125
448459.3125,201001.5
316965.6875,18696.0
412491.6875,298321.40625
342876.5,165057.59375
292746.59375,29026.0
437173.59375,85140.296875
300126.8125,35977.80078125
293835.0,30567.599609375
525737.8125,227213.703125
323829.3125,141090.203125
361964.8125,164875.796875
350387.6875,180296.5
278500.90625,48417.5
454493.90625,251402.0
396242.59375,215019.796875
537490.0,253611.59375
371520.5,200997.09375
520693.3125,247744.203125
240893.796875,36045.0
426924.3125,258117.796875
315535.0,199296.59375
248797.40625,19196.5
412408.1875,250049.5
358783.09375,237070.796875
354921.90625,170112.296875
371046.1875,205751.796875
356860.6875,142897.296875
291061.8125,36908.0
271154.59375,97206.0
365767.40625,143478.203125
328483.8125,89915.5
486453.8125,233060.296875
346915.40625,181259.5
405078.0,238137.0
516701.40625,96533.0
498922.90625,247069.703125
501559.90625,218894.0
353261.8125,204231.296875
415003.59375,294632.8125
370073.90625,238337.5
433588.09375,221830.0
275200.6875,177090.796875
396683.90625,220472.40625
500894.1875,223585.296875
498115.40625,277880.6875
348029.40625,198768.296875
431139.5,220160.796875
414857.5,265210.1875
293599.3125,52359.6015625
479174.1875,313788.8125
497594.40625,251843.0
466142.6875,230730.09375
510763.1875,376932.40625
299528.59375,21723.900390625
393371.8125,78989.6015625
268983.90625,38419.30078125
310920.3125,40135.3984375
550257.5,235499.90625
308716.8125,110053.5
294049.5,22533.400390625
554051.8125,22270.900390625
454637.40625,229323.0
492128.6875,278928.09375
503889.5,155866.09375
487518.8125,305539.59375
426000.1875,297696.1875
368216.8125,200582.40625
345934.90625,186887.0
377274.40625,156019.703125
267631.59375,178873.703125
312608.40625,118267.296875
543074.875,31280.099609375
343881.0,115388.3984375
304801.8125,28763.0
355467.1875,184363.5
456945.0,308012.90625
299686.8125,84625.1015625
345708.40625,175414.0
336389.90625,102471.703125
295911.09375,36832.19921875
385139.3125,236069.90625
365243.09375,211963.90625
383836.59375,212397.90625
483678.6875,211721.09375
323725.5,120743.8984375
327905.6875,89449.5
515021.90625,249105.203125
300766.40625,91851.6015625
345179.90625,164751.5
392149.1875,211217.203125
274842.0,108158.1015625
309095.8125,90941.6015625
546381.1875,80508.6015625
335677.6875,91294.203125
424474.5,223439.703125
312380.59375,21815.599609375
391537.3125,235533.203125
438185.6875,251001.703125
288722.90625,73478.5
395005.8125,144963.09375
557973.125,159551.0
295354.0,52988.8984375
404072.09375,217809.90625
303116.1875,151971.59375
318690.3125,150793.0
501337.90625,218807.0
304065.59375,45591.8984375
433418.8125,259287.09375
410275.40625,184296.296875
583236.5,41775.8984375
551364.8125,41178.3984375
311708.59375,102661.8984375
310837.1875,59634.6015625
568786.8125,264913.5
308120.3125,87870.0
355786.40625,191024.5
332887.6875,103218.6015625
367005.5,14930.099609375
342188.1875,204293.203125
427227.59375,231614.5
496730.8125,255218.0
333077.0,122107.796875
520593.8125,147320.203125
313173.59375,13474.7001953125
418862.5,230272.0
405977.40625,239565.796875
344393.40625,193810.09375
441803.3125,232020.703125
316624.5,53792.69921875
418569.90625,226541.203125
317521.59375,13311.900390625
497920.8125,297779.09375
358895.3125,197203.40625
510109.09375,282536.40625
492755.6875,181953.09375
493652.8125,256283.09375
255260.296875,171328.0
426433.3125,254355.40625
303861.40625,50217.5
458194.1875,248908.203125
301389.59375,112152.703125
299266.59375,43218.80078125
459812.40625,230578.5
550538.8125,48790.8984375
520491.0,217120.796875
335134.6875,141502.203125
383898.5,194204.09375
272659.5,161200.203125
299785.09375,65618.1015625
290625.1875,25204.19921875
381549.6875,253729.40625
566520.3125,22768.19921875
309847.3125,94520.8984375
505799.0,225053.703125
538255.8125,65749.0
359715.90625,157980.703125
426674.0,320880.8125
474704.90625,333144.0
312236.0,37832.1015625
304767.09375,55948.80078125
366506.3125,142143.09375
479973.59375,319469.5
295630.8125,49297.3984375
390982.3125,271759.90625
339729.0,125586.8984375
324235.3125,146477.0
428984.6875,195160.0
509056.8125,77574.6015625
384141.90625,208650.203125
348488.8125,101142.5
325614.0,97941.296875
559212.3125,55068.8984375
287036.1875,27735.69921875
347009.1875,176572.09375
339226.59375,159114.703125
311734.90625,102597.5
457789.0,264079.3125
297234.8125,14445.2001953125
512238.6875,279842.1875
283347.3125,165363.90625
519163.5,156436.09375
334151.0,120032.703125
355654.5,163956.0
348489.6875,197860.203125
309511.59375,40941.5
371710.8125,141379.5
319752.09375,37339.80078125
397130.3125,262565.1875
309411.90625,114631.703125
501148.3125,219021.59375
428327.59375,237393.0
307950.90625,45367.6015625
272853.59375,26050.69921875
534399.375,307650.3125
464256.3125,247889.203125
542896.625,21122.400390625
363905.6875,183035.09375
340518.3125,94622.5
468342.3125,305616.5
288060.5,13725.2998046875
419893.40625,304424.0
521653.6875,172899.703125
449443.1875,239963.203125
375690.3125,206613.90625
390024.8125,289492.1875
505913.8125,239007.40625
413264.09375,231487.5
318497.0,122649.203125
322178.59375,66690.1015625
380601.6875,257995.203125
576826.875,105223.203125
303883.0,48670.5
513171.90625,220280.5
267316.59375,91779.3984375
455239.90625,255765.09375
246913.59375,150352.90625
343443.59375,203589.90625
307499.8125,79881.0
317903.3125,143792.90625
318221.40625,61137.0
354154.6875,260615.203125
397123.6875,254946.09375
496725.5,254617.09375
390340.3125,190644.40625
512478.8125,146598.40625
374741.0,231857.796875
480987.90625,281888.1875
405788.09375,274255.1875
458689.40625,288780.3125
341483.40625,186100.59375
328127.8125,132259.40625
483126.0,311281.6875
311452.90625,67465.796875
355527.5,156970.5
495826.09375,253637.203125
331834.3125,148960.90625
337007.59375,145773.59375
418052.8125,208777.796875
421136.6875,287007.0
463884.90625,188472.59375
308559.90625,47793.3984375
420527.3125,286484.09375
263744.0,106042.0
365485.59375,216146.09375
311086.3125,62878.6015625
304399.40625,48678.69921875
505599.8125,345153.5
440972.59375,253642.09375
534842.5,277174.59375
548204.625,241681.59375
338508.6875,155181.59375
444829.0,306808.09375
553406.0,206579.703125
523691.8125,177934.703125
292423.3125,137112.90625
563270.125,211030.09375
257927.203125,111084.5
428539.90625,254082.796875
368561.5,235771.09375
529411.875,241751.5
318592.59375,87518.3984375
383182.8125,138127.796875
481116.5,307803.59375
399210.40625,230022.59375
302647.5,61300.0
371836.09375,221666.0
296659.09375,29386.099609375
508743.0,252993.5
304935.1875,25786.30078125
485636.40625,179221.703125
359687.59375,14451.5
398676.09375,91661.6015625
309695.5,103162.6015625
280838.8125,140173.90625
398349.90625,281231.8125
310661.59375,105500.703125
337259.8125,90496.8984375
421884.3125,178398.703125
332809.6875,155585.796875
392278.8125,196273.796875
512739.40625,238806.796875
488959.6875,251269.40625
291885.5,42835.5
332640.09375,89320.1015625
400759.1875,236956.796875
389234.1875,240476.296875
557369.125,34361.5
368486.8125,115768.3984375
356459.59375,149378.5
435439.5,246062.90625
330375.59375,168366.09375
329532.90625,104014.296875
378623.5,222888.0
318039.09375,127613.703125
252816.796875,27045.400390625
441010.59375,210261.09375
286588.8125,26382.900390625
343867.3125,93463.296875
385753.1875,212894.59375
502044.90625,311420.0
471087.59375,240083.0
487201.8125,223296.296875
319724.5,13791.099609375
489956.90625,250332.90625
432136.90625,234775.40625
422561.1875,275180.40625
566758.125,45534.5
321219.1875,15462.2998046875
516709.3125,338853.40625
368191.59375,212532.59375
508468.8125,348926.8125
416738.90625,171087.796875
493932.6875,157718.09375
286182.0,52911.19921875
457340.90625,265575.0
289295.5,13531.7998046875
497741.90625,279553.3125
522394.1875,266553.59375
401744.90625,288139.3125
499998.40625,282821.40625
297178.3125,24989.19921875
562725.8125,23618.099609375
404373.1875,246714.59375
473419.0,305818.0
317455.09375,13909.0
509926.8125,171715.59375
295948.59375,56509.69921875
568225.8125,302166.90625
359711.09375,209579.0
511250.09375,293507.0
325685.6875,116269.3984375
291715.59375,43788.1015625
311018.59375,33185.5
322747.1875,15558.0
392541.3125,262482.5
552931.5,202653.09375
433209.1875,320195.5
542255.1875,291525.59375
324460.3125,103151.203125
503986.59375,252983.90625
323148.90625,209327.90625
294340.40625,12688.2998046875
437048.5,256934.5
329380.5,26327.099609375
254110.203125,159065.09375
279048.0,12450.2001953125
466591.1875,279217.3125
545780.125,200178.0
572983.8125,25558.80078125
429980.40625,266292.3125
516375.40625,253588.90625
473837.90625,227425.09375
297177.90625,68600.8984375
320900.5,140791.5
305806.09375,15440.0
336447.59375,173707.59375
540587.5,182895.59375
362021.09375,201340.203125
518721.09375,229609.59375
373691.1875,154154.5
550596.8125,234871.796875
328384.5,113466.6015625
287153.40625,20586.0
321785.0,97070.0
248624.0,150240.09375
248326.5,109941.296875
315360.40625,55195.80078125
442999.8125,298727.1875
538873.625,74558.8984375
355546.1875,217676.796875
480262.59375,268228.5
458808.8125,236703.796875
365481.1875,201010.0
323427.5,115772.1015625
547965.8125,294466.40625
309415.0,95775.703125
552497.8125,247653.703125
472645.90625,342140.3125
413569.5,266129.5
363334.90625,173474.90625
475881.3125,181773.796875
371532.8125,210430.796875
312011.40625,52927.30078125
515651.90625,300484.90625
375030.90625,245688.59375
294013.40625,80046.8984375
468220.3125,326519.59375
527214.1875,302690.40625
505779.1875,197499.09375
377512.8125,233906.09375
360116.0,240387.5
334314.09375,159816.703125
416130.40625,250232.796875
454894.0,258442.59375
484704.5,297999.6875
397364.90625,321037.8125
319665.09375,112469.3984375
377010.5,227838.5
403699.90625,232949.40625
513669.90625,236579.09375
541546.6875,198943.09375
286848.09375,53137.5
310430.6875,44826.80078125
339248.0,208480.5
489387.59375,286247.8125
293725.09375,30007.400390625
494423.5,238428.296875
367057.5,170670.40625
332693.8125,119308.8984375
296520.8125,182188.203125
479677.6875,307110.3125
289898.40625,119257.3984375
337866.0,103007.0
334754.40625,119371.296875
382091.09375,213354.90625
310718.0,26614.19921875
542582.125,124986.796875
546344.1875,214212.09375
361298.0,202751.0
340733.3125,135504.203125
366607.40625,176194.5
528409.1875,188833.296875
306289.09375,73666.0
485282.0,273997.5
381611.0,177068.296875
537715.625,61863.6015625
291587.59375,15233.599609375
490855.6875,230470.59375
270463.40625,54969.8984375
514836.59375,204622.796875
316605.59375,133052.90625
412361.09375,266839.8125
287225.0,54862.80078125
501421.8125,214664.40625
552604.5,292212.6875
395645.3125,134637.203125
310114.40625,17148.5
378126.6875,190254.296875
538096.875,283613.90625
359452.09375,183249.0
340907.3125,155842.59375
385102.6875,216109.59375
336929.3125,162447.796875
419645.5,353811.1875
490581.3125,275737.6875
338615.1875,174302.09375
326182.6875,126918.203125
439199.6875,197454.796875
399669.40625,283298.8125
477155.09375,237252.90625
524673.125,238766.0
314947.59375,84087.796875
297355.5,32468.80078125
388344.3125,201713.296875
494868.5,294432.5
327367.90625,161617.5
301577.6875,58107.80078125
324799.1875,152422.703125
501803.6875,67672.796875
315807.0,41558.69921875
301451.0,32811.8984375
298708.1875,59780.6015625
414210.0,281531.5
360933.90625,151839.5
361191.0,159462.703125
289260.1875,81748.296875
364266.90625,227916.90625
307019.1875,21018.30078125
505936.0,227339.90625
390745.0,254042.40625
471770.59375,224111.703125
332357.09375,148180.09375
451448.5,323562.0
357954.09375,307225.40625
366222.5,206791.796875
443623.5,255760.0
361611.3125,218826.796875
415727.59375,283931.0
310340.0,130612.796875
388079.09375,239960.796875
527371.6875,241407.09375
360798.3125,165293.90625
557335.6875,246726.09375
462630.5,268779.5
519584.90625,223525.0
425275.5,302865.1875
431687.40625,293163.40625
303302.1875,43514.80078125
288917.1875,105781.203125
302730.1875,12946.599609375
292956.0,34429.30078125
346394.3125,228752.40625
375904.3125,186307.703125
320200.59375,125388.703125
352736.8125,189149.203125
527748.625,201392.796875
422104.40625,284779.90625
245586.296875,27775.5
301526.59375,40459.19921875
434589.40625,262911.90625
411459.59375,15840.7998046875
359929.90625,51041.8984375
409768.40625,204372.796875
289317.6875,15649.2998046875
331598.90625,160383.296875
503223.0,207412.5
316642.40625,145592.796875
381719.3125,240128.59375
309724.09375,87935.5
337398.09375,163766.296875
485684.09375,209194.09375
328474.1875,143375.09375
374416.09375,218421.40625
327645.59375,131902.0
349925.5,170579.796875
336231.0,193073.203125
518508.59375,266471.09375
420158.0,243523.296875
319139.0,93385.8984375
530288.875,289393.0
443130.6875,175516.796875
514070.09375,254483.796875
338145.6875,207442.703125
517339.0,221857.40625
286107.3125,45425.19921875
378583.40625,182294.0
397016.3125,196853.203125
409614.8125,217044.90625
516422.0,191425.5
357461.59375,210916.5
367808.5,187112.59375
444287.09375,209337.203125
431685.59375,221066.90625
391733.3125,189944.296875
300405.3125,26889.900390625
460533.40625,285009.8125
501864.3125,217914.796875
408634.8125,233769.59375
339710.5,249425.796875
329034.5,37537.8984375
360547.6875,198244.09375
388105.8125,206958.40625
457873.1875,226894.59375
302232.0,93876.5
269744.40625,34975.0
427259.0,114430.203125
521874.8125,228136.203125
411842.1875,244611.796875
251359.703125,17890.099609375
320276.6875,127757.203125
513848.59375,269004.1875
293255.5,43673.3984375
295048.09375,49637.5
411624.8125,153011.703125
427263.0,233718.703125
378508.59375,258932.296875
311431.5,15349.5
367296.59375,182655.5
575150.0,129267.296875
380048.5,204288.203125
317393.59375,79051.296875
540858.1875,237592.09375
294035.8125,97196.3984375
449378.0,299566.0
445128.09375,229637.796875
348561.1875,204059.203125
417683.09375,151268.203125
281077.5,38849.8984375
366582.09375,252834.203125
324700.1875,103719.0
467559.40625,283145.6875
433202.3125,266473.3125
489644.1875,320091.0
498346.5,232330.40625
279508.90625,150384.5
294225.8125,22365.400390625
266412.6875,22852.69921875
536664.625,118812.0
347029.0,152006.90625
317767.0,147605.296875
474870.1875,271808.0
427242.8125,223103.796875
537125.875,186240.59375
485616.3125,254786.40625
270308.5,44468.3984375
539527.5,240810.40625
327593.90625,126509.6015625
450573.3125,219296.09375
523733.6875,211972.703125
539145.1875,57889.30078125
270197.0,94630.8984375
286734.40625,34197.30078125
510671.1875,270105.5
371543.90625,165197.703125
374916.3125,236684.796875
282014.6875,21252.0
288802.5,23377.900390625
296489.40625,45515.5
522465.0,230062.90625
389872.8125,212387.90625
510502.5,333858.5
258472.5,22985.400390625
349087.1875,184886.5
531654.6875,241621.0
503743.3125,324847.3125
465965.59375,241388.296875
353073.40625,221938.0
459663.3125,273059.90625
389123.0,154135.40625
338742.5,130495.0
316015.5,30376.900390625
308414.90625,72701.1015625
486165.40625,220871.703125
322146.8125,77235.8984375
306798.59375,25638.19921875
466733.1875,317804.8125
408387.0,224868.40625
297960.0,17014.80078125
388587.8125,254541.796875
298236.6875,40879.0
342329.8125,140362.59375
374185.40625,217455.59375
299080.6875,15246.2998046875
340129.5,145806.90625
375606.5,224441.296875
378604.40625,181044.203125
444126.5,359745.40625
341290.3125,210565.90625
361413.5,151715.0
400756.40625,279794.6875
318347.1875,99887.203125
346404.5,188317.796875
298424.1875,35819.6015625
511804.6875,192419.703125
536066.375,190491.796875
328100.5,128716.296875
313238.3125,30825.400390625
397557.3125,296162.40625
573889.875,77370.1015625
300375.1875,111331.296875
523007.40625,315942.6875
533297.8125,316952.3125
292206.3125,22239.900390625
313615.0,159832.40625
515123.90625,60514.1015625
303071.90625,80806.5
485468.0,23869.400390625
443742.6875,260907.0
297871.90625,94191.203125
398560.3125,176437.796875
462271.09375,233004.296875
293931.90625,186880.0
448722.3125,287778.90625
572374.5,197190.90625
314636.40625,71113.203125
298086.5,23833.400390625
311633.1875,26218.19921875
346574.6875,107664.3984375
342131.1875,139674.796875
365980.40625,204320.203125
526971.3125,243153.40625
478239.5,270304.90625
474453.0,205270.40625
381699.40625,225026.203125
413897.8125,251822.90625
315542.0,41553.3984375
349521.5,177957.90625
506063.3125,256454.09375
369162.59375,160299.0
309523.90625,124080.0
343103.5,147730.90625
341533.8125,203457.90625
341652.59375,193400.09375
426516.0,168392.796875
474665.09375,261111.703125
455400.6875,263829.1875
306114.3125,88736.296875
296663.0,149271.59375
378251.59375,201536.203125
354019.6875,160329.296875
426829.1875,231693.59375
317943.40625,232033.0
272185.1875,21861.5
260328.40625,144344.0
525678.5,290384.40625
437280.8125,266601.90625
537079.125,297546.59375
326098.1875,92311.0
332003.5,140672.90625
457707.90625,249555.59375
316281.40625,59468.30078125
317390.8125,93957.296875
395013.40625,226151.5
263669.0,21338.900390625
397078.3125,230963.90625
558600.8125,177521.59375
549336.0,33788.8984375
296094.40625,31115.599609375
287380.59375,26176.599609375
275873.5,32754.900390625
331596.40625,181086.796875
503356.1875,243028.5
403670.90625,239753.703125
447864.6875,259441.5
461121.6875,317097.0
420927.5,258717.40625
491254.0,231565.0
253322.40625,21534.099609375
562317.8125,91349.703125
379876.5,223675.203125
314353.1875,118761.0
413865.5,229923.90625
364210.40625,201651.203125
474901.40625,142172.296875
448627.1875,235301.40625
358961.0,213287.0
279555.5,75257.296875
322442.5,14277.2001953125
409025.40625,189258.203125
335847.1875,131837.703125
392856.0,228999.59375
303177.90625,26398.30078125
289655.5,49061.69921875
400822.0,227033.296875
316879.59375,40482.69921875
301668.59375,83986.203125
349029.1875,174251.5
470481.8125,238644.40625
371674.8125,203622.703125
548245.0,217652.90625
418704.5,198515.796875
412515.8125,235040.203125
487948.0,216461.796875
346136.3125,153860.703125
415479.6875,225365.203125
382204.5,212121.203125
445413.59375,306076.0
483239.1875,191902.0
360260.5,151319.796875
425658.3125,273811.0
387896.90625,190444.5
366158.40625,168717.296875
263452.1875,26928.900390625
417399.09375,261263.296875
288481.5,148383.0
352068.5,210760.796875
318877.59375,117264.6015625
525386.3125,293978.6875
408126.0,234068.203125
260469.59375,171167.5
316986.6875,22466.0
336701.40625,116682.8984375
553538.0,203003.796875
420061.3125,197221.703125
428661.90625,254411.296875
314171.5,110855.1015625
338014.90625,142375.5
383011.0,223634.296875
315688.0,226692.703125
442960.59375,244908.09375
446988.59375,261765.703125
347665.09375,140903.0
404977.0,174848.90625
438015.5,271024.1875
327824.0,117829.703125
404949.09375,242823.5
342846.1875,190709.203125
295703.0,24628.30078125
434033.5,245275.59375
321676.90625,92019.796875
522284.3125,67860.703125
413207.6875,265833.6875
475298.0,262870.1875
495167.59375,289118.0
349861.6875,193020.703125
243101.203125,12364.5
550791.3125,236312.40625
267401.5,144414.796875
336031.90625,132881.5
299365.40625,33286.19921875
459718.3125,235681.0
290975.90625,98584.796875
444489.90625,295253.0
432851.6875,232844.90625
320517.5,107145.296875
272875.1875,15059.5
517617.59375,192293.0
450897.40625,213163.0
581953.5,24812.099609375
518495.40625,315796.5
374509.40625,94217.8984375
329138.6875,165518.203125
322914.0,37040.69921875
405563.59375,136975.5
338509.8125,146083.40625
364650.8125,191352.203125
328255.0,48345.80078125
336084.5,91527.1015625
312114.90625,56018.0
303191.40625,53379.30078125
295930.1875,76357.8984375
287988.09375,110946.296875
318908.5,32777.19921875
392507.5,189082.703125
307663.1875,54684.19921875
335235.1875,110337.0
456534.3125,177900.203125
537034.5,219152.296875
519287.90625,293386.3125
377944.6875,234801.40625
560813.625,316845.8125
306209.5,61324.0
334665.09375,205990.59375
287712.5,147043.0
355591.5,211827.796875
376459.1875,207373.5
313491.8125,155833.203125
352882.6875,181146.703125
446763.0,264528.1875
510627.09375,292785.5
447688.1875,210575.203125
407881.8125,265920.1875
496608.40625,290755.0
426019.3125,246295.703125
352301.6875,196644.203125
343164.8125,158404.40625
299984.8125,39694.69921875
397474.5,242570.40625
527395.375,259260.5
310399.1875,110960.3984375
537788.8125,235006.90625
297699.5,107228.5
487087.59375,227325.09375
402544.5,263765.0
439389.6875,177210.5
400905.40625,225456.203125
538583.6875,41399.19921875
451184.1875,186563.0
323946.40625,97992.203125
318683.1875,58092.19921875
531050.0,29982.19921875
323209.40625,56425.19921875
367214.09375,233988.0
470317.6875,237009.5
580220.375,38075.8984375
533027.375,164664.5
464142.90625,274362.1875
557747.875,62292.0
396077.90625,206241.296875
347850.3125,146360.203125
293776.59375,16255.5
334727.8125,198079.203125
304078.5,37849.80078125
393506.3125,248941.5
372794.90625,184439.5
292874.40625,37793.80078125
469497.1875,207242.40625
346360.5,177328.703125
325723.8125,61097.19921875
376073.6875,224164.5
364475.6875,213074.0
348440.8125,197771.09375
304936.09375,74025.1015625
304456.90625,56133.30078125
561550.375,20841.400390625
334609.40625,144201.5
253411.59375,33720.3984375
322815.8125,89495.796875
343381.3125,167593.0
358969.8125,145470.703125
296826.3125,21897.599609375
449335.59375,260285.09375
366602.59375,191923.296875
285552.90625,60470.30078125
286283.1875,19982.400390625
319523.3125,64204.3984375
307796.1875,15192.900390625
447690.3125,179519.0
454868.1875,224961.09375
417379.0,238687.296875
363755.3125,166128.703125
404144.40625,180562.703125
495810.3125,290098.59375
309377.5,147060.796875
428199.1875,246558.40625
518278.8125,287041.40625
362925.6875,178821.90625
515160.0,269878.1875
488672.0,247956.703125
420186.90625,258219.09375
323802.59375,96606.6015625
305349.59375,86371.296875
523555.8125,148697.296875
542658.375,236451.796875
473250.90625,102671.8984375
346771.8125,155212.90625
500514.6875,277644.5
418205.1875,210271.5
452118.09375,284159.5
543535.625,108477.1015625
357314.09375,207149.90625
519623.59375,289038.5
360155.8125,182313.09375
295179.59375,83522.6015625
432973.59375,229901.09375
429230.5,211212.90625
309206.8125,30025.80078125
394519.90625,242788.09375
467512.6875,244282.90625
319195.40625,88953.3984375
372193.3125,192443.40625
447870.59375,229510.90625
539308.8125,189875.5
456007.0,321792.8125
295041.40625,15735.099609375
350009.1875,142293.90625
272764.5,45225.69921875
430034.3125,233806.703125
414813.6875,212832.0
309129.09375,106081.796875
377639.0,198759.796875
535626.875,196703.09375
327184.6875,123996.3984375
313795.5,83401.703125
292986.3125,39682.69921875
504944.1875,305494.0
254250.09375,49774.8984375
426776.59375,294958.0
320232.90625,109668.203125
308851.8125,41573.1015625
295239.40625,64945.1015625
298745.0,77098.796875
415538.0,246276.203125
532963.0,219844.703125
299219.40625,28927.19921875
471376.3125,285618.09375
390053.90625,260180.59375
440950.5,191618.90625
397180.90625,259210.5
480347.1875,209206.90625
294868.8125,41804.30078125
345885.09375,228465.59375
252183.09375,66149.5
435572.1875,282544.09375
291537.59375,34638.8984375
314719.1875,100733.0
402286.3125,238016.59375
512162.5,264970.3125
319811.40625,48434.6015625
392224.40625,218948.0
382516.59375,193508.90625
558044.875,171168.09375
305572.09375,73178.296875
510256.8125,115757.296875
496357.3125,229388.59375
564484.375,104894.1015625
305698.59375,141375.296875
317009.0,68383.703125
306531.3125,159518.5
308371.09375,35540.1015625
324606.59375,80620.1015625
309110.0,51196.3984375
407251.0,279387.8125
274486.1875,24731.400390625
471049.8125,239145.0
376753.8125,210450.796875
488172.09375,225657.203125
325827.3125,118601.703125
504279.90625,268660.0
568136.5,179394.5
461170.90625,329259.6875
305112.09375,20297.80078125
493433.3125,219020.90625
298196.0,13790.099609375
288350.3125,25277.80078125
461952.1875,82904.1015625
554818.5,147297.5
488190.0,292130.40625
441390.40625,267260.5
291060.1875,126953.296875
459752.8125,260316.59375
541328.5,60801.0
250992.59375,142639.0
326006.6875,67987.3984375
442938.59375,262351.59375
383726.09375,167895.5
368408.0,166421.40625
499680.1875,189265.203125
323000.09375,167728.90625
287712.8125,33532.30078125
355724.90625,202257.796875
490116.8125,312475.40625
353500.5,168801.0
284370.6875,96177.296875
321927.09375,92099.296875
287585.59375,29953.0
394255.40625,244577.09375
360591.1875,182687.703125
256746.796875,114781.296875
376775.09375,217635.0
343144.3125,198527.203125
361027.90625,192562.0
504796.0,176983.296875
499161.6875,267603.40625
551430.3125,48304.5
302865.09375,13131.5
329745.90625,76690.0
441402.0,283016.90625
413458.8125,274941.5
303829.3125,65211.6015625
310330.59375,103380.8984375
472793.40625,173855.296875
421019.1875,270212.59375
245213.5,25959.900390625
559970.625,28707.099609375
327166.40625,106843.0
322223.59375,79206.296875
442777.59375,241515.296875
312660.8125,79750.6015625
306828.6875,35340.8984375
308248.59375,23990.099609375
349556.59375,147436.5
460454.0,333900.90625
432067.0,288342.8125
370534.1875,236451.90625
389133.59375,250993.703125
415395.90625,215567.0
513808.0,189818.5
387307.3125,195370.703125
422053.6875,21988.69921875
338806.3125,90592.3984375
500926.59375,302484.90625
453716.40625,248251.0
476661.6875,251472.203125
295751.59375,129558.0
352743.8125,134608.703125
293400.40625,17127.0
341027.40625,135951.5
334143.0,180874.0
326121.3125,22641.5
344147.3125,176414.59375
327279.8125,193684.40625
396739.3125,161145.703125
359652.40625,156135.0
381111.0,263614.90625
429831.0,314779.5
278236.90625,60865.19921875
539764.8125,247809.203125
503315.8125,263357.8125
445871.3125,342187.09375
310727.5,79863.8984375
410312.90625,223886.5
294269.59375,60527.80078125
512056.09375,252612.796875
541675.6875,177655.796875
344488.90625,191737.0
443461.3125,198230.296875
405458.6875,192770.796875
526282.625,334737.8125
291806.8125,131882.5
382896.3125,141379.59375
313979.90625,43386.30078125
318567.3125,14140.7001953125
338880.90625,94852.0
281140.1875,72120.296875
287659.09375,53775.0
356420.40625,121445.5
301596.90625,60951.0
552307.5,34827.6015625
544760.875,108573.5
344952.59375,168364.296875
333443.5,102658.296875
443512.40625,277630.5
448470.6875,295434.3125
329908.0,140363.59375
411245.90625,31072.0
265559.0,132120.09375
309968.1875,76306.796875
297639.6875,98468.5
390225.0,244254.5
376603.1875,198102.203125
376547.59375,223333.703125
382349.5,285327.90625
302911.09375,96497.296875
388814.3125,206338.5
404593.3125,253057.09375
267095.8125,147977.796875
302517.5,117623.8984375
303118.0,30512.599609375
471784.40625,251276.203125
431059.5,267611.1875
319783.5,116717.3984375
390505.90625,275002.5
294673.40625,13321.2001953125
309235.59375,58361.6015625
390001.09375,258352.296875
294472.5,32419.80078125
286329.3125,23318.30078125
290065.1875,34510.5
339526.3125,235169.796875
299865.0,114781.703125
549699.875,247397.296875
309582.8125,91457.703125
402705.8125,261884.296875
492277.40625,232326.703125
409143.40625,269137.0
498842.09375,290709.59375
570950.0,25052.400390625
335313.6875,141064.703125
288633.59375,22462.5
330046.40625,104975.0
335415.09375,143539.59375
528399.125,228856.296875
442621.0,278559.3125
454503.5,121848.0
517694.3125,246405.0
308709.6875,24881.19921875
449768.6875,150413.59375
302743.40625,77666.296875
361743.8125,177024.09375
341313.3125,128096.796875
305158.90625,38303.19921875
399619.5,193006.59375
300671.40625,35986.5
285975.40625,25980.0
522368.90625,324491.6875
454057.90625,297660.5
329846.59375,13838.099609375
381493.5,245734.703125
482216.59375,282527.8125
320856.1875,72242.203125
419980.09375,263698.1875
556485.5,27730.400390625
307756.3125,14587.2998046875
399520.90625,309378.6875
306782.90625,15458.0
459189.6875,379785.3125
507090.5,250958.59375
422650.5,242909.90625
255355.90625,34096.5
309739.6875,110612.796875
505050.1875,231614.203125
307234.8125,17523.80078125
477129.59375,154334.796875
300969.5,60076.0
405677.40625,268397.5
521052.0,230990.59375
407635.0,261690.40625
354808.09375,194098.796875
522576.6875,75507.296875
287875.6875,35171.19921875
302210.1875,73244.0
530396.3125,222725.0
431342.6875,244798.703125
323154.09375,61571.69921875
512203.8125,276947.3125
327188.6875,117544.6015625
430329.40625,335865.8125
485546.8125,188662.296875
282991.1875,20316.30078125
446851.5,297539.09375
287670.5,61599.69921875
305984.09375,56681.80078125
459269.1875,241896.296875
308342.6875,31164.69921875
545609.0,158606.09375
315494.40625,14374.0
511897.90625,264172.0
321060.09375,94511.1015625
351731.5,147981.59375
402071.40625,325998.5
422032.5,216543.296875
530415.6875,268279.6875
440476.09375,292692.3125
482369.6875,31235.099609375
349915.3125,250778.5
407009.8125,184777.90625
543008.375,159258.5
302433.0,134904.09375
300035.40625,57058.0
483525.0,282152.90625
400347.1875,219119.703125
514933.6875,246787.5
553425.375,222954.5
542300.125,278454.5
270240.3125,157981.59375
301667.59375,32922.0
551219.1875,249908.203125
417014.09375,227334.203125
336709.5,59820.8984375
549904.1875,258497.203125
478187.90625,263992.40625
287154.0,16299.900390625
327881.8125,152727.0
519578.0,241521.203125
542611.6875,265523.09375
527620.6875,363414.6875
273475.59375,36817.5
372126.5,259544.09375
328402.90625,56615.1015625
294084.0,130565.5
456179.09375,232880.203125
379066.5,243200.5
425716.6875,248510.40625
504317.6875,286964.90625
340085.8125,121079.1015625
455793.09375,263779.6875
415689.59375,220033.703125
340078.3125,155719.5
382358.5,221718.296875
303611.0,20682.80078125
451328.8125,214423.296875
296542.0,56839.80078125
305113.1875,15384.7001953125
340558.6875,138864.203125
342259.59375,130422.203125
507830.5,141168.0
300556.5,41320.1015625
316232.1875,64731.3984375
306726.40625,112529.8984375
369769.59375,217940.796875
480928.90625,270215.8125
317679.0,182819.703125
448751.0,279266.3125
338295.1875,129753.703125
478446.09375,303910.0
297370.59375,18066.19921875
311806.09375,30474.5
563362.5,138018.796875
322419.8125,95617.1015625
344101.59375,182851.5
511141.0,263163.0
468919.1875,171048.09375
312080.0,91863.796875
348915.40625,157017.59375
531679.1875,224322.203125
526387.0,303228.0
316428.09375,145742.703125
455561.0,276643.0
465609.8125,272987.5
428029.6875,261179.59375
505124.1875,135274.90625
399058.8125,195520.796875
543749.6875,220657.296875
468667.6875,344014.1875
335312.59375,91889.5
363356.5,200509.09375
437959.09375,227978.203125
306889.8125,27177.0
498219.6875,375269.90625
443690.0,246705.40625
456740.8125,312525.5
456235.0,172405.703125
398382.5,237074.296875
354505.40625,157615.0
436022.3125,203351.09375
486562.90625,351526.09375
547663.3125,292899.0
378187.5,111171.6015625
313026.6875,41971.3984375
470036.6875,247645.703125
280623.0,56338.3984375
438558.59375,286700.3125
370421.40625,163950.296875
298283.5,19788.19921875
286784.59375,28509.69921875
420558.40625,262333.09375
390079.0,238802.90625
275085.09375,21607.0
320260.59375,76142.203125
316141.1875,104048.296875
317294.09375,113588.0
377014.6875,195956.59375
408734.0,244480.296875
455710.09375,228292.5
505674.8125,288885.40625
502472.8125,307061.90625
496842.1875,293428.6875
322322.59375,131162.0
433147.1875,198464.203125
421206.59375,192773.203125
365029.5,67728.5
294685.0,27748.5
277950.6875,186158.703125
319973.5,138487.90625
547086.5,195599.203125
461820.40625,212672.59375
428880.59375,234453.0
525995.125,206003.0
472312.6875,255014.203125
513440.0,262882.5
515083.59375,227239.703125
544490.0,68566.296875
356940.6875,185178.796875
552994.6875,294909.1875
388414.59375,221935.5
402390.3125,241292.59375
402313.40625,264895.09375
399107.1875,256770.203125
307465.0,48856.0
411637.6875,329896.6875
300197.1875,82286.6015625
524087.5,264247.40625
302489.1875,50535.30078125
361099.59375,207601.5
367615.3125,168374.5
334895.09375,78694.703125
373213.40625,199605.0
544844.125,69936.5
308222.0,54988.1015625
440726.09375,274959.1875
469118.5,270569.0
545206.625,239055.0
451616.6875,309392.6875
296154.09375,16023.5
440215.90625,250981.09375
318965.1875,79022.703125
539109.5,144564.5
405074.59375,262601.6875
273595.8125,137527.5
506503.6875,271988.09375
438316.59375,249010.796875
269734.40625,98222.796875
304548.3125,87414.5
298711.09375,61935.69921875
292480.90625,62609.6015625
504328.0,252820.796875
416694.6875,278123.6875
333633.09375,76398.0
485463.59375,318204.0
539760.1875,21038.19921875
346883.8125,144639.796875
491590.09375,255267.5
302939.40625,17492.599609375
503137.1875,189978.203125
370069.59375,43731.19921875
284683.0,70301.796875
378962.90625,166849.5
316404.09375,43449.0
357271.0,185464.0
497545.59375,254459.703125
301148.5,53199.6015625
396616.1875,234063.09375
466946.1875,277783.1875
524698.5,188067.90625
363365.59375,208415.5
572284.625,27684.19921875
403126.6875,275999.8125
286190.09375,40820.0
317578.59375,84415.203125
389924.0,157149.09375
303626.09375,64673.6015625
334056.59375,132409.796875
435623.3125,232613.0
333897.90625,165181.5
329238.1875,124097.1015625
451872.1875,280793.0
363442.1875,234613.703125
525705.8125,288007.40625
383131.8125,178658.0
290509.5,16929.099609375
383730.1875,209393.59375
395380.3125,225353.203125
418760.5,247987.59375
407163.6875,189524.40625
327596.90625,93397.3984375
542386.125,97423.703125
405958.59375,276597.90625
388527.3125,149794.5
290367.59375,18050.400390625
458434.40625,315276.1875
354187.1875,249519.703125
322119.6875,14571.099609375
433095.6875,247321.296875
467810.6875,204792.09375
333839.3125,142076.90625
402172.59375,251204.59375
389689.8125,56337.0
374810.5,190014.59375
327898.1875,140916.59375
387357.6875,315572.40625
334268.8125,127210.203125
293553.6875,48895.30078125
454227.5,230821.5
367133.8125,202455.90625
299427.8125,44566.5
306957.90625,99373.0
541594.1875,216623.5
387004.6875,226157.59375
303800.6875,57668.3984375
500704.5,210841.296875
301920.59375,77513.0
378355.0,109759.1015625
326412.6875,66501.5
287005.59375,20914.099609375
560604.625,109887.5
561103.1875,259863.796875
349549.0,247724.5
544345.625,163929.59375
535146.125,361595.3125
423980.90625,187434.5
440600.90625,279077.90625
527518.625,253557.203125
391606.1875,223833.703125
389251.59375,200706.796875
341141.5,153563.09375
352583.1875,164613.59375
420958.6875,262360.90625
289341.1875,16585.900390625
547519.5,94782.296875
359723.6875,188962.296875
517866.0,156401.59375
559934.1875,147950.296875
316108.6875,96642.203125
434240.59375,212820.703125
367360.1875,235422.09375
337402.0,83584.1015625
549577.1875,104697.703125
436063.8125,223948.40625
300122.59375,50422.6015625
335761.3125,157386.5
349213.5,158438.09375
425209.90625,231989.90625
557323.1875,133958.59375
551000.875,275849.6875
348188.0,162820.296875
314076.1875,111808.203125
341065.6875,143465.796875
354993.6875,232982.09375
390430.09375,234004.796875
348454.90625,168054.90625
404989.6875,298815.0
403765.1875,264685.59375
524971.1875,225192.59375
402482.1875,269695.6875
307274.5,37341.30078125
336699.3125,144080.59375
409433.0,222887.59375
530570.1875,28897.900390625
443251.09375,257482.203125
287958.5,15034.400390625
448410.6875,264445.0
397977.59375,205451.09375
456320.8125,157767.0
486311.5,327556.09375
332481.1875,116093.796875
445721.6875,113276.203125
503870.6875,229754.09375
574539.1875,37175.19921875
389242.09375,294863.5
294634.1875,24714.400390625
381335.09375,190696.703125
484603.1875,277694.59375
469130.6875,197552.796875
309920.5,85310.0
301874.6875,24055.69921875
273819.09375,17664.599609375
354460.59375,202542.296875
327083.3125,156311.5
388287.6875,118153.6015625
431167.90625,269677.40625
430167.1875,221773.0
527672.1875,20194.19921875
276801.59375,151415.5
390059.6875,167930.40625
400607.90625,275846.40625
309327.59375,25428.69921875
302237.6875,35103.0
338639.0,137884.90625
372155.09375,193079.59375
543519.1875,242141.796875
322078.1875,80410.203125
532190.625,188377.09375
294862.90625,13549.0
402948.5,221731.09375
415995.1875,143541.203125
392689.59375,219921.203125
253811.5,20668.599609375
362420.6875,128442.1015625
404107.59375,274452.3125
292949.5,48778.6015625
525461.6875,228809.59375
300823.6875,14166.2001953125
402675.40625,247018.40625
336483.6875,227811.59375
293168.6875,28667.69921875
394861.8125,215006.703125
369136.0,208063.09375
470612.09375,312498.5
513923.1875,334986.40625
487160.6875,275930.3125
566844.1875,201879.296875
304653.90625,13525.0
403768.6875,250812.5
482351.90625,273153.3125
341194.0,157247.5
371480.09375,190895.296875
335332.90625,136988.5
457336.1875,216699.203125
322672.6875,14128.5
346039.1875,158270.59375
258024.90625,33370.30078125
478022.0,231053.09375
413559.09375,252348.703125
574386.125,65356.3984375
310806.59375,117836.5
376461.09375,223529.296875
354319.09375,180743.0
496376.40625,20223.80078125
410627.0,260451.5
336976.3125,149760.09375
343416.8125,187198.90625
450285.90625,224990.203125
354885.5,186449.203125
335595.0,119267.203125
514211.90625,250500.296875
406330.5,200644.09375
382758.90625,184395.40625
316653.6875,13866.599609375
329558.59375,161473.0
296174.0,171811.59375
447081.8125,236898.796875
406585.5,264384.90625
348990.59375,244960.796875
417436.8125,193290.296875
304525.6875,136783.90625
369172.40625,219228.203125
434602.8125,288678.59375
293753.5,168507.703125
419399.1875,180679.59375
309217.3125,77277.1015625
348994.5,166693.40625
497911.1875,214074.40625
386308.90625,179138.203125
536946.125,207658.703125
487753.59375,259498.703125
460850.5,227218.296875
316663.0,103424.203125
514565.09375,294598.40625
295850.1875,28437.400390625
427262.90625,225117.90625
551863.125,212685.0
319911.1875,140780.09375
348474.40625,198933.5
308900.09375,65385.30078125
293090.1875,16725.099609375
493654.59375,280676.5
422859.0,210777.40625
546144.625,195071.296875
464154.8125,320585.8125
543740.8125,183193.40625
457502.6875,185723.90625
308532.90625,37405.69921875
504791.09375,317943.5
379626.3125,241114.09375
463612.6875,239479.90625
425040.40625,250179.796875
267647.09375,189379.5
323725.3125,172630.796875
305957.90625,68177.703125
460178.0,278331.40625
334146.59375,116682.296875
378631.3125,279677.90625
325962.90625,158617.203125
546403.1875,36664.8984375
429632.3125,303471.40625
546082.5,25893.099609375
323937.8125,179090.796875
337096.40625,168569.40625
369423.1875,203883.09375
551998.875,166886.203125
343945.90625,124246.5
349133.1875,184023.59375
351749.09375,168817.0
282217.3125,25096.30078125
298416.5,57980.8984375
546457.0,202769.90625
525179.625,230037.796875
359184.8125,120922.296875
303641.8125,46094.8984375
370741.59375,162303.203125
332376.09375,101530.5
371629.8125,234543.296875
368438.40625,188183.703125
308278.5,17945.400390625
254888.5,66696.3984375
309518.8125,41753.80078125
422651.3125,274293.40625
319789.40625,19622.69921875
560108.625,109291.5
333934.59375,105569.203125
348869.8125,241664.296875
355593.40625,217402.703125
487184.40625,180021.296875
252825.5,22789.0
537716.8125,46565.6015625
375506.8125,210233.90625
309123.59375,69680.203125
441624.1875,209919.90625
485519.40625,165191.296875
471251.3125,319977.59375
550024.3125,91229.8984375
324662.5,99000.703125
389014.1875,199279.59375
483631.59375,290715.5
322462.90625,44365.69921875
465436.0,276692.40625
263728.3125,81506.1015625
445870.59375,222509.796875
508271.09375,294334.5
518527.5,232091.59375
499642.90625,310374.1875
407536.3125,203526.09375
483182.59375,310430.8125
393101.09375,260461.703125
441596.09375,206821.703125
441869.90625,256315.296875
364598.3125,169277.09375
555492.375,85265.3984375
511444.40625,183362.0
285012.09375,33997.80078125
275092.0,49683.6015625
433312.3125,292467.8125
445671.5,259013.90625
411696.90625,255022.296875
290355.8125,84217.1015625
530357.625,220649.0
305904.40625,76933.203125
526685.5,316039.90625
411786.09375,251646.796875
558260.8125,145757.296875
312609.3125,91287.3984375
359168.3125,73686.3984375
287534.09375,74650.203125
314984.40625,94535.296875
331904.0,15401.7998046875
512326.09375,233330.5
293379.59375,26091.400390625
464282.0,254746.09375
491255.3125,186782.296875
367606.6875,171689.40625
300829.0,36950.1015625
427974.40625,213699.90625
474711.3125,363990.6875
526931.875,301478.0
404853.40625,193177.5
346599.59375,171826.796875
508973.5,261286.40625
297061.40625,23594.69921875
361164.8125,194641.09375
370969.0,282169.1875
357878.09375,205511.0
536005.875,261521.203125
352784.8125,192768.09375
352737.6875,178873.90625
554193.8125,153998.90625
246257.296875,93443.1015625
325397.59375,102518.703125
462998.1875,158521.40625
318670.59375,102551.0
339089.8125,134678.59375
314350.5,53804.69921875
555699.0,20436.099609375
399679.6875,298432.09375
504833.90625,179518.796875
430870.09375,299546.0
549290.3125,165135.90625
345091.0,195761.796875
293869.90625,16695.69921875
319129.09375,83798.3984375
302915.40625,18221.099609375
341132.59375,186494.90625
484013.59375,310259.1875
325295.8125,221468.703125
337944.5,167154.203125
442423.09375,230077.5
306384.5,35516.19921875
354642.6875,164626.09375
334930.09375,180280.5
550098.375,20493.599609375
345582.0,171685.5
369328.09375,209276.59375
261190.296875,142351.296875
334622.40625,17724.099609375
304124.0,59739.30078125
289470.3125,90388.5
385218.5,218529.09375
377803.40625,224267.203125
502599.8125,195548.296875
439785.5,287171.59375
424208.5,256452.5
526608.875,232600.09375
292931.09375,49502.3984375
326736.59375,169265.5
275725.8125,107236.3984375
383850.40625,232569.296875
398204.59375,239372.90625
414669.09375,278128.6875
539419.125,283379.90625
334270.09375,19871.19921875
391468.6875,257382.59375
332483.90625,177647.59375
459194.3125,159154.296875
450363.09375,242169.0
298198.5,42823.5
364558.3125,258649.796875
327343.0,188257.703125
315706.40625,33277.8984375
319517.1875,77365.0
302135.90625,55490.1015625
550913.5,106874.6015625
432572.90625,295682.09375
297212.0,17859.80078125
328962.40625,144730.703125
499988.0,272198.59375
299979.40625,20975.599609375
577007.6875,161246.09375
302563.59375,145540.0
372719.0,121495.0
567408.1875,105650.203125
295247.59375,26987.400390625
396468.09375,107771.203125
440880.8125,215958.296875
371692.5,262371.6875
530810.1875,234948.90625
304979.6875,50221.8984375
415261.59375,303932.6875
504237.8125,335394.3125
388530.0,226822.703125
304285.6875,57963.19921875
311810.59375,109204.0
398981.3125,270635.8125
355041.0,141924.59375
391484.5,227886.5
319072.6875,63084.0
335010.59375,214376.90625
400254.3125,235113.796875
310076.5,100432.296875
311964.40625,163201.703125
271342.5,12362.5
450857.90625,266901.6875
294157.3125,83611.3984375
385111.40625,194675.09375
410198.59375,237067.90625
366661.09375,220150.90625
432275.09375,323652.6875
526287.3125,196122.203125
563842.0,144000.203125
264884.09375,134341.0
319251.3125,158596.0
302321.5,68785.5
293503.40625,14831.7998046875
383059.6875,245140.703125
353154.59375,213989.59375
370495.40625,137257.59375
348408.09375,132840.90625
410071.59375,293819.90625
317352.0,70134.796875
383106.40625,209354.703125
558807.3125,262843.0
427315.5,269399.5
595222.875,42506.19921875
520683.09375,281110.5
340120.09375,141393.59375
309953.59375,140727.203125
441468.40625,268669.09375
346886.90625,142428.59375
347551.40625,207261.796875
571699.375,151254.59375
367116.59375,203605.40625
395008.59375,248045.703125
518876.0,248633.703125
342830.5,158763.203125
534951.875,197432.09375
361767.5,259870.09375
364006.1875,183446.59375
500163.59375,202604.0
445380.3125,264514.90625
348751.90625,138958.796875
405807.40625,174347.09375
333105.8125,145754.296875
360466.40625,206851.09375
427267.0,274933.3125
359864.8125,258594.5
446115.90625,238368.59375
490281.0,293208.0
341719.59375,168604.40625
508616.09375,248507.203125
377953.3125,263591.1875
345828.5,141986.203125
289821.6875,26655.400390625
354825.1875,188055.59375
458579.5,256791.09375
489481.6875,238461.40625
303994.1875,121784.1015625
308474.40625,103058.1015625
287832.6875,28004.0
561543.375,221359.09375
322321.8125,62357.0
399705.09375,257256.40625
308886.1875,15733.099609375
318715.59375,94097.1015625
310822.40625,131398.59375
297279.09375,48969.8984375
420702.09375,244909.90625
455235.8125,245978.796875
298704.0,13727.2998046875
544384.8125,72337.5
253164.703125,42571.0
321128.90625,89309.1015625
304677.09375,88455.3984375
396128.09375,220000.0
332884.0,130014.0
387980.8125,272346.90625
502274.90625,261343.09375
298874.59375,34688.3984375
395939.8125,147802.0
316765.0,95135.6015625
475232.5,291167.5
404007.1875,224825.703125
491693.59375,249702.40625
403836.59375,217476.90625
300440.8125,59676.1015625
306188.8125,70669.203125
553879.3125,81022.296875
316163.09375,15011.0
381161.40625,229893.296875
331835.8125,189594.796875
521890.09375,253966.203125
328211.59375,177764.5
477052.6875,293600.1875
389993.90625,243249.796875
534808.0,99042.5
413779.6875,322721.3125
257641.5,42037.19921875
392923.5,225506.203125
512490.09375,250877.796875
388651.8125,224410.796875
363535.0,201310.796875
517861.8125,317857.3125
573354.625,331013.5
298190.0,15779.2998046875
376423.1875,199282.703125
321389.5,86594.796875
523541.0,374644.59375
437552.5,260072.203125
413914.40625,185117.09375
325312.0,118509.296875
329367.5,227004.0
514440.8125,147771.0
439734.09375,290190.3125
307389.6875,183364.59375
383275.59375,232668.203125
276394.5,78837.296875
325088.40625,118413.3984375
426892.1875,299505.6875
466965.3125,280608.09375
293745.0,48691.80078125
563057.5,64925.30078125
299909.0,14000.2001953125
349682.59375,132186.203125
506751.5,243801.09375
352564.8125,131244.796875
325447.59375,57422.5
416172.0,245382.296875
310050.40625,161995.40625
328059.5,171494.296875
327250.40625,139790.296875
325946.5,186012.796875
510070.1875,134772.296875
318365.0,15673.7001953125
400107.0,277929.6875
290019.0,21997.599609375
311169.40625,134112.5
340653.3125,135892.40625
416496.09375,229996.09375
294284.5,22305.900390625
383476.8125,248517.5
283247.0,41233.80078125
505716.6875,259463.703125
330563.3125,205295.59375
264168.40625,31998.80078125
326684.5,81370.5
275094.1875,44108.30078125
529710.5,235784.796875
409621.6875,211397.796875
333161.5,143763.703125
319889.5,155413.703125
500222.0,115952.296875
416668.5,238836.0
405588.5,206540.09375
322135.09375,13771.2998046875
315382.6875,217326.40625
365324.8125,236842.296875
565482.125,133831.09375
300697.1875,49348.19921875
448754.0,172593.296875
274137.0,12225.7001953125
467213.59375,306450.1875
548231.5,334067.09375
357602.6875,154008.40625
349077.09375,92159.1015625
275444.8125,58565.0
264082.0,77908.796875
522373.3125,262111.59375
291885.40625,47945.30078125
359548.59375,14796.0
287290.5,29024.19921875
341225.6875,136727.296875
531416.5,296177.1875
372218.0,206409.796875
508795.0,248465.5
342354.5,182964.09375
420153.59375,262661.6875
463229.5,231408.90625
285263.3125,36447.5
264517.0,12978.2998046875
509874.0,24011.30078125
443742.6875,259011.703125
293266.1875,41098.69921875
413589.09375,287734.0
542630.0,155436.703125
295691.59375,36927.19921875
354255.0,237940.296875
335244.0,152597.0
349838.59375,185962.796875
341447.3125,139346.40625
519049.90625,199097.796875
290082.40625,15741.599609375
446590.1875,203810.90625
341262.8125,159156.0
302974.0,24138.30078125
435510.5,213860.796875
322955.0,118296.5
395915.1875,252315.796875
472673.5,268052.3125
545071.0,291826.3125
339609.40625,81532.8984375
550266.125,80182.0
518718.0,275097.1875
402122.1875,235782.796875
388861.0,204955.203125
331779.0,74028.203125
302395.59375,39234.30078125
407524.1875,261691.09375
486508.09375,237995.09375
459544.5,192612.796875
499798.6875,209441.203125
493667.90625,244914.796875
525573.0,228003.09375
355327.0,240290.5
344750.90625,140217.09375
554885.3125,113156.5
506099.09375,302404.5
343206.5,173915.796875
485327.1875,218357.703125
493558.5,290439.0
496591.59375,317463.5
270707.5,23404.69921875
277903.1875,22841.30078125
429456.09375,230031.703125
599023.625,43404.80078125
291944.3125,47118.80078125
481869.90625,297483.0
468198.8125,274427.5
293459.0,48244.6015625
296146.59375,39666.19921875
469825.5,259215.296875
373244.1875,209247.703125
298359.1875,25093.69921875
567338.8125,317976.59375
313274.0,100342.296875
406986.0,169082.09375
291877.5,19061.599609375
447149.09375,340080.6875
263597.0,90947.3984375
421227.40625,240598.40625
338698.0,142220.0
354097.6875,143665.296875
346059.8125,163455.5
480959.09375,296165.8125
327650.40625,96697.296875
502044.59375,246292.5
384315.59375,221999.203125
339718.5,97225.796875
547776.375,112900.796875
290413.3125,16855.400390625
343871.5,212531.90625
432789.09375,250022.90625
490393.59375,224189.90625
444480.40625,246804.40625
532823.6875,238610.703125
330037.5,247067.5
389061.0,219421.203125
374518.40625,216019.796875
352230.5,224374.203125
274510.59375,137427.5
479599.90625,173601.40625
303907.09375,63497.69921875
489814.5,287260.59375
334006.8125,114339.3984375
552841.1875,24865.0
464781.8125,384084.90625
285289.09375,15128.0
519618.09375,57823.69921875
474496.3125,281350.40625
383191.59375,232287.296875
524928.3125,75144.8984375
444762.40625,205321.296875
535762.6875,327281.1875
367596.5,208588.59375
352609.09375,119329.703125
432903.59375,248062.5
342190.40625,204464.796875
293244.6875,39165.8984375
498381.59375,226049.5
477210.0,121599.1015625
307747.90625,15052.7998046875
358534.3125,167980.90625
491873.8125,236156.90625
386935.1875,256569.09375
331112.1875,127987.203125
316808.40625,198413.296875
341688.59375,136117.203125
286627.90625,14490.2998046875
332521.40625,131435.40625
565718.8125,22501.19921875
527628.125,316776.0
482474.90625,215802.796875
565501.6875,185636.5
485048.59375,204619.59375
507684.40625,243442.796875
330871.8125,185888.40625
503511.1875,179024.09375
375697.6875,213757.703125
531873.0,27625.0
427786.59375,219242.5
381570.3125,247272.40625
574880.1875,43478.1015625
444902.1875,286704.1875
358279.90625,215948.90625
401512.09375,285438.0
533372.6875,117776.203125
579519.375,27331.30078125
372853.6875,184651.40625
437457.59375,175524.703125
343268.40625,127784.796875
285406.1875,43456.6015625
439436.1875,245500.203125
453717.09375,203213.5
416252.5,168883.40625
316715.6875,16998.69921875
471757.09375,246619.09375
566217.0,52990.0
306262.0,76828.703125
523205.6875,262993.8125
289363.90625,113771.203125
287964.0,67734.203125
482772.8125,214854.40625
502243.90625,257920.59375
519711.8125,220767.40625
478756.1875,313665.1875
427775.6875,260208.09375
301543.1875,46302.69921875
388726.0,279418.59375
494798.5,290419.0
324697.59375,93020.0
360761.09375,250694.203125
428661.8125,308808.40625
330477.5,107410.296875
288870.59375,16555.400390625
564747.875,23177.400390625
381023.1875,232560.203125
284530.09375,20308.599609375
546915.5,250170.203125
458045.1875,272653.8125
287641.1875,17854.900390625
348151.5,219098.09375
365251.6875,186504.203125
387206.90625,204275.59375
423363.09375,251652.09375
339443.09375,183540.90625
338290.1875,197642.796875
515287.8125,216449.90625
380511.8125,273309.90625
345103.5,202739.09375
306954.59375,97969.5
335612.5,128808.296875
559400.0,27754.5
410253.90625,267677.3125
255890.09375,25947.0
496768.8125,254530.703125
367959.3125,231601.40625
427085.09375,297489.0
419105.90625,213874.796875
265217.09375,98118.6015625
412828.09375,246852.40625
398540.40625,228625.203125
479225.40625,147876.40625
297324.3125,46008.1015625
369142.8125,189197.59375
418427.0,160153.296875
424482.6875,239541.0
418153.6875,257512.40625
503583.5,294185.3125
354909.40625,146722.203125
419800.09375,218938.0
305480.6875,46532.8984375
418404.09375,201698.703125
326504.1875,86870.796875
291724.5,31182.80078125
345416.6875,192178.296875
324970.90625,68501.3984375
500742.5,191175.40625
457656.40625,145164.703125
304842.1875,138825.703125
444733.40625,238040.203125
351579.8125,178464.59375
490977.6875,260418.796875
417128.0,225349.796875
307331.1875,55113.5
378963.59375,140697.5
439018.1875,212253.40625
496528.40625,332983.8125
406153.59375,277445.6875
513485.09375,143681.703125
386108.90625,214077.40625
423584.09375,316448.5
533068.5,67976.296875
333547.6875,103505.5
330592.09375,131453.0
356542.5,131387.796875
352279.1875,201571.796875
285372.6875,25548.69921875
430015.40625,198543.40625
339859.5,220913.796875
490257.09375,256202.0
463995.59375,276023.6875
555857.3125,118613.6015625
540840.3125,31905.599609375
498495.1875,236460.0
286848.3125,27664.099609375
302777.6875,76022.8984375
296717.09375,26337.0
450999.8125,265862.09375
544364.625,245034.203125
301390.8125,48078.1015625
521133.59375,283730.5
392652.6875,189806.203125
353067.5,149171.796875
414677.1875,222050.203125
336274.40625,160374.703125
508989.3125,333171.6875
472907.40625,269644.6875
457881.8125,288415.09375
462058.3125,84513.1015625
388216.09375,253202.0
456745.09375,269845.6875
489330.8125,308882.59375
297720.1875,61633.30078125
498726.40625,178415.203125
316117.1875,52938.5
287819.8125,17592.599609375
498923.6875,288660.90625
353079.1875,153481.203125
521164.59375,199970.203125
285777.1875,29619.30078125
558790.625,118760.0
323995.5,17622.30078125
382051.1875,251572.703125
381621.59375,220242.703125
485424.09375,269268.1875
343175.8125,193670.09375
452454.09375,285520.0
394473.59375,210412.5
418317.09375,235315.203125
565872.8125,157674.59375
433361.09375,304655.5
314470.0,103529.796875
500752.6875,167114.296875
348906.09375,196092.203125
533923.125,239856.5
290972.09375,19466.69921875
380644.8125,221433.09375
367703.6875,223626.40625
371015.5,170816.5
260510.59375,54241.0
371488.0,157872.0
264347.0,147756.90625
330197.09375,17245.5
266182.3125,56718.0
482675.5,292094.90625
381304.8125,212066.5
329363.59375,106818.703125
459377.8125,279979.1875
465374.90625,311783.8125
393773.1875,154724.59375
280788.3125,51201.8984375
254261.09375,30943.80078125
466453.1875,236492.296875
342140.1875,144264.40625
312272.6875,57273.19921875
378319.0,205937.59375
320957.6875,113433.3984375
569707.8125,58630.0
446919.8125,198730.5
525162.125,159221.703125
417963.3125,175034.796875
444226.5,311775.5
446626.0,225274.59375
378757.0,236180.40625
424927.1875,303704.40625
547849.1875,41804.80078125
304283.3125,15960.2001953125
420014.40625,46151.0
426565.59375,258939.703125
329459.6875,83072.6015625
395493.8125,270927.3125
539602.5,65574.0
485072.59375,270854.5
294745.0,54425.0
418696.09375,212054.5
515301.1875,156945.90625
556489.0,141150.0
372290.8125,195685.0
483643.3125,216979.5
333097.1875,154864.796875
536090.625,71732.703125
538245.125,200935.59375
323607.09375,139022.296875
544740.125,166630.703125
291109.40625,45885.8984375
312098.6875,95158.1015625
462684.8125,294421.8125
332996.8125,165420.09375
364197.6875,178952.703125
263117.5,176172.09375
373164.1875,203497.90625
498757.90625,367823.40625
311488.1875,80635.203125
358504.0,268773.0
387351.0,277914.90625
277475.09375,12945.5
389789.6875,234293.90625
310444.8125,76266.203125
341315.40625,185175.5
292953.90625,24981.30078125
469398.3125,185315.703125
553602.3125,299179.40625
299553.59375,50223.80078125
472744.8125,197660.296875
355743.8125,200489.5
323418.5,143270.703125
276997.40625,14970.900390625
424352.8125,275435.3125
445033.6875,291002.6875
341441.5,160234.0
508259.5,187455.59375
287486.6875,30333.400390625
413552.8125,294103.5
443307.8125,67570.0
468769.6875,337185.3125
500112.09375,254641.703125
298945.59375,25129.30078125
484258.5,188978.0
371232.5,213435.703125
418255.8125,298352.8125
350834.6875,205365.40625
302073.1875,50999.3984375
417944.0,194036.296875
357613.1875,149068.90625
459607.59375,226000.703125
511865.59375,224761.796875
460209.1875,215110.40625
313824.5,71534.296875
477244.8125,306996.3125
431476.90625,285182.90625
279810.1875,26448.19921875
382745.09375,186667.203125
302661.6875,15086.2001953125
542848.1875,241016.90625
385574.09375,224484.796875
498974.0,259008.296875
515594.3125,287331.3125
405211.90625,128757.3984375
555654.6875,21492.19921875
448123.3125,207836.40625
411293.3125,258972.796875
359192.3125,139900.703125
458133.09375,285612.90625
320978.59375,124528.3984375
414371.5,268621.40625
492121.90625,196566.296875
300512.90625,43650.0
295384.1875,52746.3984375
457663.8125,269427.40625
325072.0,123025.203125
321065.5,78840.296875
455240.1875,156552.40625
293912.90625,73259.8984375
385291.5,216557.296875
445210.6875,203497.703125
551164.125,108645.296875
373946.5,230055.90625
346417.90625,111386.5
317283.6875,93441.703125
577063.1875,215616.90625
492677.40625,264628.09375
304675.8125,172715.296875
409309.40625,230416.40625
389247.1875,269352.90625
481238.59375,197355.796875
476444.5,337723.6875
356893.1875,218474.203125
521577.09375,288166.3125
520031.0,244819.0
321976.8125,152266.796875
276170.6875,52099.3984375
403163.0,278973.8125
334585.8125,112489.3984375
360821.09375,176604.703125
445451.5,334483.5
567783.1875,73530.6015625
336066.90625,166778.90625
322564.90625,109011.296875
328628.6875,125220.8984375
325309.90625,149627.296875
325466.8125,131616.296875
393814.90625,283888.59375
545286.8125,188185.90625
298433.3125,34807.0
370511.6875,213950.40625
393646.0,238652.796875
548896.6875,295051.1875
302126.8125,123799.1015625
343417.6875,194050.703125
297036.8125,127842.796875
306499.0,32306.19921875
421360.8125,223737.796875
507605.1875,47942.19921875
492369.8125,212004.59375
330233.09375,133827.203125
420166.0,123899.5
512061.3125,220938.796875
558767.3125,208104.296875
262562.09375,62127.8984375
297214.09375,50533.8984375
486888.8125,319632.3125
482158.0,256935.203125
544351.1875,229315.90625
322474.5,14187.7998046875
392218.1875,166475.40625
312669.8125,64540.6015625
407115.8125,262525.3125
494812.3125,175197.703125
359300.5,186707.796875
421234.3125,235309.296875
261396.90625,103514.8984375
424655.1875,227003.703125
366042.59375,131935.203125
362746.5,202428.0
305991.3125,37795.30078125
300171.3125,59090.19921875
420514.59375,176246.40625
292334.6875,30931.400390625
450363.40625,197392.296875
603159.875,39202.6015625
319406.3125,13411.900390625
318453.0,108755.703125
473957.5,197368.0
535623.3125,95110.5
306719.5,96571.6015625
296219.59375,149125.09375
467733.90625,261615.203125
513960.6875,89236.1015625
424515.90625,256193.40625
309831.59375,43693.80078125
302125.5,40790.30078125
398629.6875,191918.40625
541863.8125,97963.796875
421782.5,282811.8125
302739.1875,37720.8984375
282992.0,22102.19921875
516957.40625,280449.40625
318420.1875,44047.19921875
340957.59375,144011.796875
523089.6875,340857.09375
293702.40625,53855.3984375
331815.09375,135173.90625
321830.59375,68523.3984375
450428.90625,234170.59375
509381.5,257651.0
471762.3125,195768.5
339714.09375,166015.59375
414974.3125,176955.703125
410999.5,254966.09375
345755.6875,174507.296875
334833.8125,101589.8984375
512959.59375,228696.40625
344852.3125,160287.5
445115.5,228727.40625
450501.5,130940.6015625
386022.1875,256832.90625
321759.5,116041.0
428391.1875,280470.09375
319006.5,87248.5
333444.6875,130198.703125
308312.1875,18343.900390625
338152.09375,146528.40625
482288.3125,42209.1015625
311779.09375,31615.69921875
497495.8125,257293.5
344944.3125,193490.703125
296523.0,15846.599609375
537474.3125,259324.09375
381469.3125,227268.5
483135.8125,36831.19921875
472660.0,196441.90625
322485.5,60061.6015625
345980.1875,154543.09375
516653.1875,281904.3125
547905.875,31387.19921875
431408.1875,240283.203125
406055.6875,240947.40625
264242.59375,42828.3984375
296171.1875,13650.0
448591.8125,280444.59375
297640.3125,27185.69921875
366925.5,218852.59375
326011.1875,109230.5
319845.1875,16959.30078125
463266.09375,192760.90625
334112.1875,131089.0
380275.0,238371.5
408006.6875,198331.59375
445533.90625,267883.8125
380220.40625,189145.09375
498881.09375,329057.90625
518836.0,159595.203125
424264.09375,201976.203125
524521.0,294795.90625
455105.5,254107.0
415690.5,240283.0
336331.0,113932.8984375
550634.375,113966.203125
431914.59375,215578.796875
501117.09375,92543.703125
534243.1875,181601.796875
276293.59375,28816.900390625
472409.1875,190037.59375
357532.09375,144266.296875
309550.0,67923.296875
497406.6875,256803.40625
388842.59375,107324.703125
311545.6875,104967.1015625
359330.1875,197980.0
537024.8125,231543.703125
319148.6875,63127.30078125
297025.59375,44466.3984375
435733.5,254558.40625
249248.0,150980.09375
303473.0,117928.296875
375006.40625,153990.296875
333062.3125,144174.703125
432034.1875,263063.0
434570.09375,194082.203125
317885.8125,103487.5
356571.5,171638.40625
454477.5,245482.59375
302991.0,40478.3984375
536505.1875,240633.296875
311343.0,90638.296875
349382.1875,202611.703125
307107.8125,54938.19921875
511055.0,267540.1875
407156.1875,243837.90625
280748.8125,47798.6015625
366421.3125,159647.0
505322.5,313019.40625
496683.0,207220.40625
301720.8125,27478.19921875
520142.3125,211631.09375
415578.59375,235407.90625
519900.1875,270646.59375
480732.0,252712.90625
280940.1875,105668.296875
324226.3125,104246.1015625
501392.59375,293516.1875
446324.09375,284176.40625
293580.3125,183382.203125
476971.5,237519.0
424925.3125,260302.203125
369860.59375,236017.703125
330689.6875,133967.796875
311430.59375,146693.90625
459121.5,258882.40625
418588.6875,310631.3125
533301.1875,285155.40625
328026.0,125925.1015625
557720.0,170591.703125
344673.09375,195831.0
323832.8125,88602.1015625
362619.1875,196543.5
371021.1875,231453.59375
487856.5,336783.0
301591.0,42074.3984375
378250.09375,184251.296875
274630.3125,38174.1015625
500255.59375,351638.1875
528725.125,177672.90625
313831.6875,79983.5
523606.3125,246510.0
295194.3125,64623.19921875
386586.0,217238.40625
377603.6875,209810.40625
422171.1875,190779.09375
446626.5,259317.40625
522642.1875,266916.1875
290773.1875,44770.8984375
447011.8125,223390.703125
465375.8125,197297.59375
304562.1875,24467.0
291631.09375,13557.7001953125
473781.3125,264888.6875
403222.0,211409.59375
283722.0,51167.0
508212.1875,197902.09375
531908.0,257816.5
557830.375,24955.900390625
318514.1875,183582.40625
252486.796875,62362.80078125
371276.8125,219348.203125
502859.40625,244106.90625
525595.1875,190042.40625
455120.90625,310942.3125
352273.40625,152576.09375
290590.09375,19560.400390625
411782.8125,241735.40625
453998.0,156526.203125
443375.0,252657.90625
496323.90625,346823.1875
532179.875,212776.90625
450530.8125,233238.59375
438888.8125,246751.203125
521102.3125,304982.90625
322380.1875,67019.1015625
561492.0,220255.90625
487031.6875,285439.40625
247752.796875,187377.09375
359700.8125,207765.203125
249406.90625,15538.400390625
312410.59375,111843.0
370095.40625,240698.09375
269093.59375,200454.09375
296018.59375,13711.2998046875
465368.0,321229.40625
293818.40625,31804.69921875
285409.1875,34281.5
510293.6875,302056.3125
429153.90625,270814.90625
321474.90625,72773.796875
337107.3125,156813.703125
370119.59375,122064.5
503648.40625,328296.59375
326576.59375,147683.40625
376826.40625,228069.5
325294.09375,45367.80078125
406391.59375,230578.703125
516247.40625,119278.203125
397264.5,206037.0
344065.09375,244526.59375
504863.6875,260790.203125
393819.0,238821.90625
308747.6875,66850.1015625
518128.09375,192743.203125
257915.5,104317.8984375
336605.3125,128090.6015625
483822.40625,339752.40625
307902.8125,54782.69921875
300814.90625,31221.900390625
290355.09375,33201.8984375
339766.09375,156556.09375
293291.40625,46303.0
286091.1875,114039.8984375
303237.8125,47168.1015625
468836.90625,196015.40625
316903.1875,42353.8984375
334867.8125,131992.203125
388431.59375,306304.5
436035.59375,266313.90625
356930.8125,202255.90625
308809.1875,205505.09375
521473.6875,202338.0
447668.59375,209246.09375
370693.90625,109765.203125
311593.40625,87115.8984375
429290.3125,243718.296875
337865.3125,74505.703125
305110.90625,19320.900390625
349485.1875,158135.40625
423533.3125,306791.6875
514966.09375,257868.09375
476817.5,259203.203125
361409.3125,178707.90625
440802.3125,275675.3125
504637.8125,286211.1875
316426.90625,61768.3984375
533235.875,164438.59375
408517.09375,248006.90625
490475.09375,234045.09375
378791.1875,205837.796875
360102.8125,107407.296875
314891.90625,51139.8984375
494437.40625,165235.796875
506584.90625,396931.90625
501811.1875,272492.59375
468218.09375,255168.796875
324516.59375,130233.1015625
433616.1875,133755.796875
345531.40625,158493.40625
505095.40625,329737.09375
313811.59375,104811.8984375
306103.40625,69004.5
437204.5,231490.90625
292369.1875,26625.900390625
464725.90625,313282.90625
420229.40625,286859.90625
368464.8125,231648.203125
348290.09375,193861.0
305902.0,88611.203125
303371.09375,187086.40625
358278.09375,206400.0
339902.90625,145530.703125
426155.90625,230414.09375
411826.09375,281125.09375
335270.1875,147073.90625
380544.3125,209242.703125
291407.1875,19759.900390625
294563.90625,46510.80078125
532632.8125,200316.703125
322598.40625,115750.1015625
311389.59375,42448.6015625
296892.6875,34371.30078125
385991.8125,190790.09375
406398.90625,187506.40625
379160.1875,200985.90625
248932.796875,68720.203125
409495.90625,213433.40625
397583.90625,16057.099609375
413783.59375,233776.40625
336880.59375,142085.59375
258448.0,78036.703125
313911.09375,94255.6015625
293886.40625,17971.400390625
342798.3125,142959.09375
313541.40625,71613.796875
385253.09375,146258.90625
284154.40625,182012.203125
480799.6875,58838.8984375
560539.0,276360.1875
456170.40625,204695.40625
365184.6875,216398.09375
289353.1875,50166.0
493578.6875,353606.59375
269741.1875,125838.0
368736.59375,177910.796875
460841.0,247453.296875
403279.09375,201866.796875
315324.6875,112192.796875
296633.3125,42194.8984375
555168.5,145944.296875
540458.5,197415.59375
301715.40625,65801.796875
282227.6875,87998.6015625
322048.40625,77920.296875
506120.0,156767.09375
364886.5,198611.0
466907.59375,245177.5
355504.40625,175479.90625
539631.875,184640.296875
481455.90625,251467.296875
390234.5,215104.59375
315381.8125,124684.3984375
562394.875,183139.296875
257406.0,91346.6015625
308042.1875,88508.296875
278467.90625,108063.8984375
369700.1875,293367.0
538012.0,174495.796875
372617.90625,191758.5
314137.8125,23158.900390625
542682.875,149381.296875
474574.0,304516.5
545775.0,150955.09375
316244.09375,129526.703125
419731.0,231307.5
365840.09375,169194.703125
500165.8125,225180.296875
364547.40625,192641.90625
368013.1875,185365.09375
534956.8125,192060.90625
529980.6875,222053.90625
321448.3125,113168.796875
454251.1875,263126.09375
388446.3125,201771.90625
537651.5,217830.59375
309797.09375,18180.0
434780.0,253803.796875
302959.09375,125502.296875
375025.90625,227801.796875
296417.59375,47777.19921875
332133.59375,179035.703125
354104.3125,261999.59375
433277.6875,203276.59375
395188.0,221714.40625
406351.90625,271892.3125
338913.6875,120677.5
325802.09375,259743.203125
449769.1875,229155.90625
282768.5,36745.6015625
365373.1875,213444.90625
269783.0,64802.69921875
255668.0,33872.1015625
364214.90625,184238.40625
442172.1875,230980.5
306728.0,107631.296875
315134.09375,64663.80078125
489008.0,93872.1015625
316537.40625,166062.90625
444448.6875,289529.3125
311077.5,79272.6015625
287572.5,27474.5
324875.6875,81614.8984375
309202.5,65489.69921875
290343.09375,32783.8984375
326751.1875,139629.796875
411242.3125,282205.40625
376437.5,230797.09375
558136.625,143268.5
310408.1875,48541.8984375
544223.0,196491.703125
318804.40625,77892.296875
369544.5,232039.59375
380224.1875,165517.296875
460407.5,324387.09375
322674.59375,97015.5
477345.40625,245789.5
300028.09375,47831.80078125
499931.40625,300100.1875
474136.6875,268704.3125
301793.3125,32246.400390625
387810.40625,217600.90625
336671.90625,156747.796875
465668.6875,384986.8125
512779.6875,302633.0
415094.6875,256268.09375
293034.59375,39976.30078125
450800.5,191955.796875
314047.0,67511.1015625
389639.90625,149961.203125
411919.90625,256729.796875
352937.0,171175.09375
388458.1875,263292.09375
398969.8125,243382.90625
384997.1875,325807.59375
509153.1875,231737.5
530096.6875,90636.6015625
284832.5,16737.30078125
360548.90625,206554.90625
402986.6875,235454.796875
360398.5,172045.0
545013.0,210627.09375
453736.3125,344445.3125
514875.0,239573.703125
423690.59375,181856.203125
301738.1875,19329.099609375
560097.875,111281.796875
310936.8125,85155.1015625
517963.5,279071.40625
335111.6875,129457.0
542539.875,193170.296875
289613.5,12871.7001953125
326651.90625,103389.296875
495457.5,255515.59375
309009.6875,198885.0
318720.6875,76333.1015625
555507.6875,323464.5
575313.375,204094.296875
377010.0,185603.703125
490301.5,187194.09375
406471.6875,166178.5
289977.6875,69512.6015625
361404.09375,188150.0
433964.09375,218736.796875
450013.0,224839.59375
306423.1875,19858.30078125
361010.0,193606.5
308054.0,104345.6015625
293287.1875,47413.1015625
497649.40625,30322.80078125
538449.875,233740.796875
290950.90625,34237.80078125
312762.6875,212767.796875
443669.1875,217948.90625
349464.09375,193969.90625
372928.3125,213704.796875
306815.90625,18114.400390625
348117.6875,151882.5
294492.09375,36924.0
454237.09375,238441.296875
306735.40625,112846.3984375
434897.0,288708.5
523252.0,282070.59375
346083.59375,135603.203125
353069.90625,190548.296875
307999.09375,14111.900390625
454656.59375,246898.5
344010.5,261696.796875
435204.09375,248285.296875
335885.09375,192065.40625
424756.40625,187673.296875
342544.5,19006.80078125
309837.90625,53900.0
381395.90625,174954.90625
374076.5,250344.59375
537440.8125,295236.09375
438882.09375,212587.0
322961.8125,118086.203125
547764.3125,225558.0
377305.40625,221210.5
356080.40625,243280.0
426644.09375,290815.6875
395924.09375,224891.0
297549.3125,13947.2001953125
280174.6875,64007.30078125
553490.0,238146.0
518255.59375,265800.0
287104.59375,52323.0
449065.5,259164.796875
510497.59375,295790.1875
288587.59375,49107.80078125
304258.8125,34571.6015625
429888.90625,81154.296875
375222.8125,185225.0
545834.375,149137.0
360764.09375,199095.0
391288.09375,173836.0
357543.0,178919.09375
443030.8125,204924.09375
381314.8125,248297.203125
369906.8125,211997.5
357653.90625,169135.0
308372.6875,29553.400390625
549454.0,60156.19921875
466561.0,277266.8125
434067.09375,218583.90625
436311.0,220574.703125
371678.09375,231996.703125
311812.59375,50184.30078125
499282.1875,174827.796875
321526.3125,64143.3984375
251462.09375,73683.5
560826.125,39347.5
341956.8125,156303.203125
316534.3125,82994.5
255610.09375,14793.0
481274.90625,346281.90625
325018.0,116500.0
521779.59375,211534.0
529648.125,212649.703125
352823.40625,155356.296875
415576.5,254357.703125
557891.8125,132975.203125
261291.09375,41050.19921875
349115.59375,212683.296875
381078.09375,266204.3125
404990.3125,232967.40625
565765.3125,294633.59375
445942.90625,212210.0
581832.8125,25966.599609375
346605.3125,124848.796875
550760.375,277161.09375
357788.40625,174524.0
444463.59375,236317.09375
400606.1875,226700.0
259688.0,33840.0
508925.09375,180446.0
502581.90625,281134.3125
565391.1875,32362.0
364192.8125,214471.703125
375600.09375,214494.796875
408231.59375,290620.40625
314352.8125,150310.0
455279.59375,248529.5
317410.8125,159972.203125
304454.40625,42375.5
354472.59375,183428.5
571332.0,155415.203125
384789.5,228884.203125
320432.6875,124914.5
290363.1875,15449.7998046875
562900.125,43271.3984375
368717.59375,163796.703125
354016.59375,239756.5
547513.0,186859.796875
505073.6875,207556.0
554917.1875,159407.296875
477180.3125,254662.59375
469427.0,212486.296875
290308.90625,21544.400390625
318919.0,134555.59375
464340.59375,180460.0
295898.59375,32940.6015625
376686.8125,203773.09375
315438.5,130480.1015625
289462.09375,49155.80078125
360003.09375,195656.5
370856.09375,220535.5
332450.0,127254.703125
295561.59375,47120.5
443840.09375,216762.703125
483868.09375,356451.3125
264563.09375,123774.8984375
324131.3125,140176.59375
501420.40625,194279.296875
577364.625,123086.5
384903.6875,23946.099609375
325648.59375,107803.0
344875.90625,280940.40625
357970.0,158700.0
451382.1875,293618.40625
318429.09375,121638.203125
469658.09375,262170.40625
519897.5,249384.0
326006.09375,110788.3984375
295386.09375,26945.5
503980.90625,197977.296875
303164.09375,148825.40625
452848.09375,272747.5
331581.0,114396.296875
350369.3125,155887.203125
298488.8125,31707.599609375
491999.8125,240853.5
342927.90625,142984.5
349266.09375,232085.0
361117.59375,176687.5
297516.5,29715.80078125
297886.5,15863.599609375
465085.09375,326407.0
495720.90625,290674.0
560271.625,168541.59375
455975.09375,315717.6875
424464.0,255735.0
329081.90625,285905.8125
374136.1875,157680.796875
309609.59375,42774.3984375
337547.6875,124638.203125
401315.8125,219098.09375
245114.296875,29149.80078125
362026.09375,225708.0
364168.8125,197362.59375
316551.90625,196145.796875
540033.3125,130910.1015625
423110.3125,281354.3125
436482.6875,266614.3125
383053.3125,192218.0
413366.09375,251309.90625
318363.3125,173762.09375
298169.6875,118487.296875
457845.5,256623.90625
469309.8125,348359.59375
298194.5,97408.6015625
459581.40625,242786.703125
314687.5,79738.8984375
289613.8125,32587.69921875
332372.0,176726.296875
321474.09375,116824.703125
343772.3125,233551.703125
311707.3125,143262.0
386742.09375,229329.90625
361350.40625,189176.0
316819.1875,145484.203125
316302.8125,65228.80078125
376055.3125,158680.0
321705.40625,80423.796875
300985.09375,23535.400390625
492796.8125,257642.203125
419788.6875,229407.203125
337580.1875,200045.5
515308.90625,176491.296875
487208.1875,244753.796875
285627.6875,17565.19921875
291860.1875,27257.80078125
296130.09375,36351.8984375
469262.6875,177543.203125
363671.40625,239382.796875
508329.3125,51917.1015625
403562.8125,19558.599609375
530169.375,287786.6875
520921.3125,248315.09375
397673.90625,247962.296875
450310.8125,289002.1875
449231.0,218692.59375
328118.6875,86756.796875
465087.90625,275387.8125
576713.5,37409.69921875
304131.6875,39965.80078125
384418.90625,220293.796875
306651.59375,50735.3984375
509838.1875,282108.1875
277418.8125,38132.30078125
370008.6875,192605.296875
415681.5,292745.40625
368686.1875,216632.5
418963.6875,218268.703125
512114.0,324960.59375
321574.59375,126797.5
315470.90625,13666.7998046875
548905.375,326609.3125
389882.3125,169032.203125
307373.6875,159338.703125
328598.09375,173533.90625
289416.6875,24188.80078125
418749.8125,206524.796875
284809.09375,24010.400390625
451058.3125,238528.703125
357170.5,183428.90625
313829.0,58800.6015625
546232.3125,174915.796875
467858.5,180596.40625
360243.3125,180589.703125
310998.40625,71006.6015625
545150.1875,258284.90625
501451.1875,200047.796875
344256.59375,89187.796875
365817.3125,175797.0
272722.1875,15245.7998046875
335874.1875,130789.703125
359925.3125,227641.0
435362.09375,240016.40625
348807.8125,113448.203125
383456.0,196648.90625
347375.90625,223645.796875
456543.6875,34286.30078125
327449.1875,156510.5
410174.40625,228247.796875
362573.59375,175377.40625
424885.8125,227541.59375
315241.3125,36259.30078125
443754.6875,252512.40625
321604.8125,180554.59375
494993.3125,255119.09375
502056.59375,266101.3125
475408.3125,260971.296875
546955.125,238173.40625
309105.09375,79913.796875
261564.203125,24122.30078125
465853.40625,323542.8125
548611.8125,93172.5
342164.1875,249606.296875
381709.59375,144664.90625
253342.0,184395.40625
516248.1875,232131.5
456938.40625,282975.3125
303239.0,69696.3984375
265157.1875,18317.0
405857.6875,201736.703125
353604.40625,195383.296875
310009.3125,22799.099609375
285324.5,26854.900390625
291093.40625,102121.796875
312119.1875,67904.796875
432632.8125,249721.09375
301981.8125,86538.296875
318945.1875,122298.796875
497022.5,302948.6875
468488.1875,172121.296875
339656.90625,159144.796875
305339.8125,28669.19921875
278644.90625,20223.80078125
464649.0,268058.09375
355238.0,181244.40625
390823.59375,162424.0
354492.40625,162883.796875
408535.1875,275372.8125
581167.6875,125563.203125
382493.09375,217856.90625
372106.0,274886.90625
288958.1875,71401.0
297071.90625,16884.80078125
318110.90625,85020.703125
558551.8125,158653.203125
389261.3125,211256.203125
504571.1875,206781.703125
380629.90625,200654.703125
420924.59375,201469.0
458499.1875,279245.90625
564553.3125,154369.796875
347852.5,207813.796875
462983.5,250985.703125
255601.09375,158501.40625
324695.1875,59094.30078125
294365.09375,79001.0
305775.8125,78519.5
353588.40625,196295.59375
353989.8125,163187.0
469235.40625,280567.09375
544447.375,258032.5
338035.59375,175813.40625
397659.1875,268581.8125
509229.1875,225683.5
457785.3125,199781.796875
334540.09375,142607.0
306621.8125,52646.5
484345.5,225958.09375
415012.8125,241155.59375
375233.90625,234644.09375
422617.5,253265.703125
398277.40625,249216.203125
442820.0,315390.6875
320051.90625,106499.0
497600.40625,280138.09375
322989.3125,150890.296875
362228.5,234756.296875
309185.8125,67297.5
541958.625,152721.703125
321720.0,148866.09375
405275.8125,166210.59375
340971.0,108929.3984375
533278.375,317349.09375
406099.40625,265647.59375
574891.5,56572.80078125
307961.90625,67770.296875
394781.0,240510.796875
554753.8125,253517.59375
498670.90625,223923.59375
273783.8125,29269.0
504238.90625,291237.59375
546612.0,223991.296875
409195.90625,274203.09375
483416.0,218615.703125
329262.40625,179596.5
300309.09375,44103.8984375
307360.1875,19209.80078125
557540.6875,229038.40625
294398.8125,179377.296875
390953.5,228699.5
528168.625,260333.796875
378854.90625,246323.796875
296784.5,47194.30078125
292087.5,13403.2001953125
304436.40625,28383.19921875
487538.8125,275741.59375
488490.40625,206567.5
395342.09375,241947.40625
392294.90625,108848.296875
538356.1875,72659.8984375
306067.8125,54075.80078125
339183.59375,189974.0
360664.0,234921.59375
308091.3125,60920.1015625
336690.09375,196189.40625
504014.8125,22362.0
353582.6875,195808.5
341857.90625,121909.6015625
371866.6875,208378.40625
536683.5,100294.796875
355407.8125,196808.40625
489044.3125,244223.0
368991.8125,221392.5
309315.09375,74690.703125
384935.5,251877.703125
362606.8125,238625.296875
318117.3125,91164.0
534023.875,228033.09375
290316.3125,29471.900390625
530803.375,260852.59375
325147.40625,84653.5
307911.59375,76747.3984375
299554.90625,42273.30078125
442186.1875,246452.0
351146.5,159150.796875
320183.3125,107534.8984375
331912.90625,69457.6015625
342346.3125,158085.5
434396.5,237159.203125
486573.5,191088.203125
328941.40625,177785.203125
554985.375,94937.6015625
468585.8125,212153.5
407467.1875,283766.3125
344242.6875,151664.5
390073.1875,270182.40625
356628.0,116492.796875
356738.90625,215465.296875
323277.1875,145236.796875
389465.09375,226445.796875
294044.90625,28141.80078125
306034.0,14711.2001953125
321987.5,120188.296875
447440.8125,252205.40625
537857.875,65312.6015625
321094.90625,54498.1015625
513799.59375,332677.6875
540671.0,253371.90625
362338.90625,33784.6015625
548771.375,41797.0
467156.59375,286435.40625
496311.90625,221981.296875
460520.6875,375736.8125
326289.40625,127887.6015625
352526.5,175185.203125
308151.40625,89168.0
407631.90625,197244.59375
439590.09375,229509.0
492417.0,175136.203125
561289.5,25526.30078125
299196.3125,55277.3984375
526182.8125,214416.5
349414.09375,189976.203125
286169.0,44368.69921875
355101.0,176817.296875
430645.8125,272818.0
345013.6875,145044.5
353401.90625,148083.09375
498418.5,264017.0
496353.09375,197896.796875
315796.90625,77163.296875
354547.09375,176645.40625
303452.1875,112196.6015625
332116.1875,152184.0
329011.6875,192610.703125
274461.40625,73902.6015625
509895.09375,186549.0
436761.1875,226225.203125
572361.125,140046.40625
437308.8125,269543.8125
535424.375,200971.796875
329889.8125,135431.09375
320915.09375,90671.1015625
300527.8125,17210.19921875
393662.09375,225841.90625
413011.8125,236618.296875
296333.90625,140162.203125
491030.6875,260580.203125
315332.90625,23049.30078125
278675.3125,13276.099609375
464652.40625,223556.796875
488158.3125,217846.59375
559654.1875,161529.59375
536888.1875,27131.30078125
507389.90625,194521.203125
292859.8125,57559.8984375
473289.1875,240694.0
372207.40625,216741.09375
455401.6875,268913.59375
326621.3125,78680.796875
528954.8125,189565.203125
317089.6875,99900.0
321911.8125,50399.1015625
420339.8125,242184.296875
502599.59375,302528.0
303525.59375,146494.90625
303046.6875,66248.796875
471689.1875,60898.5
335323.1875,136569.0
368900.90625,170947.09375
558475.8125,202096.296875
301759.40625,36556.80078125
521786.3125,184762.796875
337505.1875,134439.5
465338.6875,239621.203125
268654.1875,101458.0
297539.8125,33359.30078125
310761.90625,19664.80078125
446748.59375,293102.90625
432387.3125,248577.203125
290161.3125,12758.7998046875
344056.59375,170913.40625
351535.59375,166977.90625
410203.3125,219852.296875
363943.6875,171516.296875
542079.3125,352669.90625
325112.40625,92797.296875
371869.6875,225612.203125
331181.6875,114634.0
306769.40625,75635.1015625
392576.3125,199555.09375
285303.59375,38193.8984375
307616.59375,107932.8984375
366947.09375,212545.40625
320905.6875,90686.1015625
327309.40625,77504.203125
501657.6875,340301.5
261672.296875,151409.296875
375892.59375,240815.90625
427097.3125,232203.203125
318628.8125,115726.1015625
263945.3125,14552.7998046875
313839.40625,122497.203125
333834.8125,123812.8984375
377660.40625,219259.296875
438215.6875,215917.0
315019.3125,29076.30078125
293906.09375,13959.900390625
367023.09375,253084.5
319916.3125,60814.80078125
503532.1875,326602.3125
299919.8125,17414.69921875
305485.90625,21739.099609375
342608.8125,177987.296875
286576.40625,129881.296875
283762.09375,17222.0
560795.625,190946.90625
442984.6875,218005.59375
390216.1875,179204.0
363653.6875,180326.5
299825.90625,15439.599609375
267213.8125,135934.59375
371211.59375,119426.3984375
477278.59375,308741.40625
320759.3125,163815.296875
546634.375,54347.6015625
538211.125,234526.5
469295.09375,272157.40625
378571.09375,227361.0
484556.59375,180009.90625
538214.8125,175341.796875
554625.1875,45303.80078125
438477.3125,331594.90625
295627.90625,25894.30078125
317661.3125,96768.703125
313260.1875,27090.0
304556.6875,70322.796875
584512.6875,62826.5
317919.8125,158687.796875
301072.6875,51525.19921875
475739.59375,285908.90625
377686.8125,183353.296875
450900.90625,225124.703125
542412.6875,135434.0
508242.90625,370350.59375
294411.90625,115907.796875
530765.6875,275938.1875
583541.3125,24470.30078125
339219.59375,64919.5
270982.8125,95416.703125
378016.1875,231624.09375
325001.0,63558.5
521677.5,229909.203125
503008.1875,300163.1875
298366.8125,124876.703125
371228.09375,215926.796875
332379.5,112771.6015625
494482.90625,267543.09375
488803.6875,220073.90625
426210.1875,179036.59375
508638.40625,291210.0
458003.09375,229305.59375
359282.09375,198129.796875
434336.40625,21123.5
297603.3125,23346.5
357514.09375,194345.09375
385559.0,257978.5
371554.8125,132791.296875
385911.59375,184099.09375
296413.3125,15554.2001953125
282070.90625,134782.0
348790.1875,124681.703125
521571.59375,279019.0
322088.3125,47568.69921875
526798.6875,268777.40625
589161.1875,221291.09375
446025.90625,247362.5
506082.40625,211931.703125
257049.296875,163648.796875
321859.09375,102006.6015625
365985.5,188882.5
424322.59375,251745.59375
452606.59375,290785.8125
473726.8125,232403.703125
423402.40625,231442.203125
385969.3125,242015.0
313345.09375,90981.796875
406402.90625,233664.5
434666.1875,181213.703125
339225.59375,129418.5
308646.59375,54250.80078125
406960.6875,214860.796875
309812.5,187972.0
289392.5,17662.19921875
443840.09375,276774.5
382401.3125,222225.5
388512.09375,144918.296875
488104.5,339185.59375
375695.1875,220550.59375
370941.5,185632.0
497408.59375,241767.5
404007.40625,245142.5
315607.5,56418.0
407386.5,288028.5
393700.0,256917.703125
454121.09375,263964.1875
313995.8125,98491.0
302180.8125,122610.203125
406332.09375,261251.703125
422245.6875,235400.59375
322281.0,120446.5
492503.09375,262859.3125
350761.90625,183587.5
498804.6875,214026.203125
557493.125,127834.203125
323523.40625,91985.203125
297726.1875,59933.5
326714.09375,184810.09375
501279.59375,233610.796875
395078.5,151718.59375
349868.90625,213958.09375
257167.703125,47730.8984375
341328.40625,138135.5
403315.90625,306584.1875
479246.6875,234132.59375
555911.875,35038.5
300056.6875,22303.19921875
327676.0,15092.5
304317.3125,150508.796875
250954.5,131974.5
413024.6875,21226.19921875
299655.3125,17607.5
299038.3125,48593.19921875
336905.59375,63057.19921875
281965.59375,162709.09375
302751.40625,99409.5
379818.8125,155088.796875
529405.375,241264.0
538996.125,342262.6875
496208.90625,247346.203125
408490.8125,307590.1875
384858.6875,273304.59375
427323.5,244262.5
300174.90625,37547.69921875
294357.5,94221.0
299154.8125,38568.69921875
349314.0,244905.703125
436156.6875,287673.6875
392182.40625,187888.203125
515697.59375,99769.703125
410435.09375,247152.796875
333206.40625,16768.0
373027.40625,158914.5
448062.1875,227596.09375
348723.3125,137837.796875
379028.09375,276501.09375
340948.09375,153923.796875
396453.8125,194092.703125
507942.90625,217901.0
318090.5,58957.69921875
326083.1875,120035.203125
290284.8125,18151.5
400095.09375,234991.09375
521846.1875,236143.40625
333224.09375,150655.90625
536160.1875,199072.40625
446564.1875,324933.1875
293573.59375,26375.099609375
254602.40625,85116.8984375
381073.6875,245557.703125
380288.59375,213630.90625
301487.1875,174945.90625
365247.59375,214855.40625
367062.3125,216735.796875
310472.40625,170508.203125
510069.59375,322788.59375
507540.8125,204470.203125
457730.5,260163.90625
536319.6875,275615.0
304007.1875,138534.09375
479305.90625,307125.8125
502083.59375,266873.90625
560065.6875,64821.19921875
437755.6875,259643.796875
408336.09375,19836.400390625
456426.6875,331010.90625
392936.09375,237637.09375
363453.1875,234291.296875
367296.09375,222147.90625
347685.09375,142762.40625
477793.3125,232271.296875
381440.1875,199016.59375
289807.40625,29282.19921875
500364.09375,210876.09375
555447.375,166517.09375
412145.59375,237526.796875
538500.8125,162556.203125
463183.3125,318613.3125
477510.5,262085.09375
377467.90625,214265.09375
341255.09375,155760.09375
391017.09375,228384.203125
375676.0,96283.703125
346876.8125,188703.203125
399563.8125,182410.796875
511662.59375,229933.59375
486758.6875,315616.0
489055.90625,336236.09375
297525.6875,47635.8984375
404973.1875,229611.0
347633.8125,250648.296875
478398.6875,250496.703125
397699.59375,197765.90625
455123.1875,317398.90625
293857.90625,35188.3984375
335858.09375,140981.90625
517622.1875,268575.90625
562605.625,162247.09375
461862.0,253975.796875
375798.8125,224733.703125
322494.6875,150111.5
291122.8125,48943.30078125
328894.40625,138446.59375
344214.8125,124686.203125
334265.09375,83387.3984375
428367.1875,217668.296875
518689.09375,260049.703125
363655.59375,208246.90625
461368.8125,350633.6875
394320.3125,239896.296875
300399.09375,33373.30078125
293229.59375,14328.099609375
394685.1875,261402.90625
311389.3125,99153.1015625
272601.90625,14846.2998046875
326652.40625,104774.3984375
308745.6875,66685.6015625
297852.6875,52412.19921875
476637.90625,316744.09375
278412.3125,99354.0
442933.8125,274712.3125
388952.5,196304.296875
321364.8125,66994.1015625
394409.59375,147126.90625
543218.3125,209693.296875
370976.5,175389.40625
309887.59375,132862.203125
411176.3125,273948.09375
545457.6875,181832.90625
440487.5,308093.90625
342284.3125,166967.09375
334119.6875,131332.5
313122.40625,184532.296875
441058.6875,176863.09375
446037.3125,309577.09375
456819.0,294613.59375
311750.40625,95422.1015625
491398.3125,330383.09375
568615.5,136846.40625
398761.3125,268966.09375
292121.90625,19345.69921875
366208.5,160169.90625
299332.90625,37734.3984375
345198.59375,141728.296875
310160.09375,38259.6015625
334873.90625,121697.8984375
401157.09375,257094.796875
447154.09375,237375.09375
309650.59375,64325.3984375
509301.09375,224976.703125
460050.5,225203.90625
466904.1875,256937.0
377374.40625,199663.296875
298760.90625,61394.8984375
264673.1875,22165.0
443430.40625,285988.40625
314486.6875,126227.203125
377966.8125,241658.59375
490507.09375,300968.3125
379551.90625,226554.40625
439710.0,215492.90625
325253.59375,63319.3984375
332972.1875,126790.3984375
491169.5,264164.40625
423010.1875,296156.5
375227.3125,81185.796875
308427.90625,165790.90625
437716.8125,275912.59375
380967.1875,224157.90625
397154.0,198107.90625
522885.3125,167142.59375
372762.40625,195986.796875
359280.90625,160736.203125
267606.1875,133187.5
287432.40625,40064.1015625
345293.8125,202505.09375
390814.59375,230915.90625
432840.90625,250056.296875
400436.90625,197546.203125
314043.90625,93627.3984375
444221.09375,245455.09375
454298.59375,331684.0
351043.8125,184268.0
434895.0,283740.40625
309078.59375,23488.69921875
437420.8125,284532.59375
433737.6875,275322.40625
336730.6875,93903.6015625
394510.8125,183586.0
311853.40625,20490.900390625
344233.3125,118137.796875
404220.5,193020.796875
413419.40625,250772.40625
328539.59375,76986.1015625
375341.40625,193382.796875
294003.6875,67616.6015625
433869.90625,296989.40625
292268.5,52434.80078125
558441.875,69682.3984375
374510.59375,168734.796875
515058.09375,226391.40625
293412.0,89443.8984375
291323.8125,32217.0
451027.0,306265.8125
315688.59375,45570.1015625
482365.6875,233770.90625
295255.0,59194.3984375
302067.8125,60361.1015625
298828.90625,32000.400390625
310410.6875,38888.6015625
411614.6875,240052.703125
352055.5,122866.8984375
561939.125,217176.40625
417542.5,271618.8125
349039.5,117837.3984375
326476.59375,116634.296875
323176.8125,114284.6015625
316328.3125,117466.1015625
336111.6875,141824.40625
266403.5,96539.8984375
532298.1875,210611.5
285376.5,49685.3984375
464462.40625,216226.90625
337204.59375,173034.59375
499743.59375,223041.90625
309514.5,67507.296875
415982.59375,217278.296875
290423.8125,26694.599609375
335681.59375,176773.59375
506202.6875,310468.90625
325512.90625,127255.3984375
324551.6875,15187.599609375
541543.0,62654.1015625
328731.40625,60971.3984375
545972.8125,141026.796875
323173.5,92146.296875
541497.375,37587.8984375
281683.09375,14430.2998046875
324964.3125,156143.09375
383572.8125,217643.59375
421681.90625,284190.6875
520094.3125,324501.59375
439288.0,212196.59375
400405.0,177551.203125
467099.09375,180188.296875
279886.1875,21529.80078125
279353.09375,29908.19921875
524313.375,36065.1015625
325434.5,93666.203125
334587.59375,95102.203125
292080.3125,33969.5
503482.0,329527.40625
281127.90625,204852.0
344477.3125,182281.0
562302.375,177623.09375
395368.59375,253222.203125
430816.5,199009.703125
304330.59375,14705.2001953125
469172.40625,236485.203125
323776.6875,132801.09375
327130.09375,132163.703125
297853.3125,26202.69921875
301656.09375,37073.69921875
293753.5,74891.703125
502087.90625,263646.1875
368121.09375,177305.5
312847.09375,31912.400390625
401750.0,267023.0
536443.5,234289.59375
272462.09375,96469.0
299233.0,47206.19921875
339397.0,98245.203125
255251.09375,47106.19921875
377597.09375,196288.296875
309061.5,85236.703125
566780.1875,194117.203125
423898.6875,234300.296875
326539.0,152253.0
357858.40625,126674.6015625
308230.5,170619.09375
390899.09375,222247.5
500300.09375,266152.90625
321300.09375,121231.203125
558967.625,133284.40625
564682.125,123158.703125
273421.0,145798.203125
279711.09375,123569.703125
255752.09375,21275.900390625
283035.8125,38767.80078125
499400.5,250906.796875
463181.5,275091.0
320598.90625,143508.90625
481392.40625,270096.09375
337400.5,164859.09375
346547.0,183027.703125
268285.6875,24438.099609375
520616.09375,191720.703125
302652.09375,32798.3984375
453159.0,227673.5
514427.6875,237670.40625
296511.90625,40587.6015625
566323.5,94488.703125
368364.09375,158088.296875
272541.1875,12824.2998046875
298686.09375,21798.5
303209.59375,186000.40625
379725.90625,202452.90625
318954.3125,61152.80078125
423347.40625,142953.09375
343191.0,116474.5
436321.0,269687.59375
530472.0,256907.203125
527028.6875,245994.09375
278071.09375,13642.2001953125
564298.875,217035.90625
572452.8125,26290.80078125
403050.8125,284320.09375
391812.90625,225178.59375
301018.0,24872.5
287033.09375,75168.703125
347492.09375,133077.5
262832.09375,110249.8984375
294018.5,124827.3984375
336801.40625,161964.59375
470154.6875,249995.703125
528203.625,256078.5
310721.40625,66549.8984375
269310.40625,96926.703125
381317.1875,188318.796875
536014.6875,298874.09375
537987.1875,142301.703125
324806.59375,106255.703125
458074.8125,226670.09375
463050.5,235641.5
331285.59375,111340.203125
457140.40625,181858.59375
391199.59375,161838.0
478833.59375,61715.3984375
611376.625,24030.80078125
515150.09375,220648.796875
424715.1875,280424.09375
353540.1875,200743.203125
473746.09375,239238.703125
382126.09375,157470.796875
264132.90625,18964.69921875
341786.59375,147602.40625
403320.90625,85170.8984375
501850.8125,259197.296875
491709.90625,233593.59375
343846.5,224987.09375
314210.1875,177732.90625
277363.09375,28286.5
544101.625,128957.0
311504.3125,43994.3984375
309074.59375,99374.796875
448431.40625,225825.703125
350268.6875,159922.59375
322549.5,108028.703125
299844.40625,16593.69921875
463038.6875,266193.09375
431763.1875,258378.796875
431462.59375,230698.0
301954.90625,26648.900390625
322127.0,99905.796875
297366.3125,28126.19921875
410560.09375,225949.40625
556323.875,232473.90625
420384.59375,211776.5
371785.40625,135451.59375
428851.09375,255514.703125
294227.59375,23878.599609375
449517.5,220842.203125
434913.59375,221920.703125
542797.125,300313.3125
326107.59375,58028.80078125
415200.1875,249259.203125
337034.40625,134536.5
405776.59375,318114.5
444997.59375,254056.59375
418421.3125,229126.90625
304908.1875,39655.19921875
506023.6875,322753.8125
511829.1875,122738.5
449450.59375,204528.90625
361520.59375,202496.09375
319535.8125,40961.8984375
519406.09375,248208.09375
435799.3125,311548.40625
542297.8125,43004.8984375
474776.8125,266142.5
471951.8125,289348.8125
586179.5,83625.796875
551742.625,66017.5
379882.59375,233154.203125
397399.90625,235312.59375
428463.0,280533.3125
543576.375,247501.0
349330.09375,194140.5
370571.6875,324541.09375
550336.6875,235897.5
446627.40625,257586.0
295738.59375,27075.5
368297.40625,236604.703125
308560.6875,196267.90625
301698.09375,19235.80078125
466902.0,298382.09375
367634.1875,101540.296875
266436.0,12074.7001953125
399028.40625,210866.703125
462492.90625,298067.5
507080.90625,220870.703125
452421.3125,139378.40625
315613.09375,92025.6015625
527559.375,184996.203125
433531.8125,235328.203125
322311.8125,81159.5
563069.8125,35624.80078125
259141.09375,36886.0
349216.40625,176744.09375
397522.59375,117693.1015625
372051.59375,227549.0
365316.8125,124760.5
301142.1875,47697.5
485949.40625,255359.5
356332.8125,192233.40625
285695.5,16917.19921875
487077.0,263031.09375
340345.1875,95980.296875
394102.59375,224158.40625
407491.0,271019.1875
340166.59375,208207.59375
297137.90625,43101.19921875
420595.40625,173292.5
332788.1875,159814.59375
352275.09375,189373.703125
409469.3125,265104.40625
311934.5,45176.8984375
491834.3125,231032.0
508913.90625,55767.1015625
583243.6875,59926.0
304145.8125,49031.8984375
557879.5,170672.703125
390004.6875,161027.203125
453836.6875,220077.796875
551911.6875,160050.40625
361903.59375,200664.0
343177.09375,155874.296875
304367.6875,51008.5
397573.0,203394.59375
337766.1875,128006.203125
538885.375,223023.0
289868.1875,50590.5
347951.0,149511.703125
293225.59375,59689.19921875
329284.59375,17560.400390625
475453.40625,246084.203125
441250.3125,234570.703125
294247.6875,14040.2998046875
316651.59375,99041.6015625
275295.8125,32377.400390625
447089.90625,295093.5
517514.90625,193166.203125
327550.6875,132301.203125
304063.90625,117685.1015625
517059.5,246070.90625
278572.09375,97797.3984375
492270.90625,268284.1875
293747.90625,20597.69921875
302979.09375,20548.80078125
508348.09375,234641.09375
513231.0,263206.0
469991.6875,302175.5
399815.6875,224210.0
368938.40625,145897.0
497417.90625,289146.6875
504287.6875,247858.40625
370799.59375,15278.599609375
335904.5,185039.203125
363771.1875,153830.09375
472602.1875,266434.0
513009.1875,320413.0
305111.59375,64837.8984375
283146.09375,59692.6015625
312634.6875,41847.19921875
343658.09375,189746.0
313192.40625,52693.0
430365.09375,301500.8125
491835.3125,284309.90625
395270.5,265512.5
312975.40625,92701.0
339867.6875,189898.0
385359.09375,209958.90625
523403.0,281823.1875
541402.875,292555.09375
337348.90625,88529.703125
391204.59375,273048.5
300397.6875,62489.3984375
407117.09375,214331.0
511841.59375,210948.296875
505995.6875,246618.0
330451.1875,98564.703125
369365.6875,200388.796875
386913.59375,263954.40625
303593.5,56896.69921875
394424.40625,257889.203125
368918.90625,207527.09375
274051.40625,43120.5
364876.59375,193925.203125
558191.375,90318.203125
311496.09375,77351.0
479452.0,234354.5
281415.0,22382.19921875
314887.1875,192212.09375
321972.1875,63623.5
407902.09375,249379.40625
338562.09375,156600.5
456396.90625,158832.5
534608.1875,225939.796875
325476.6875,79958.0
536416.375,224357.203125
421423.6875,233551.59375
504450.59375,188158.203125
389911.6875,237538.296875
505836.90625,261157.5
518974.59375,275121.59375
302153.6875,18288.599609375
302158.6875,17601.0
532097.1875,258491.0
329188.40625,16373.099609375
363451.90625,166939.703125
543939.0,53510.3984375
430009.59375,262118.09375
518642.09375,242932.40625
447855.3125,265494.6875
369641.0,198911.703125
425480.59375,300398.5
296511.90625,126310.5
493367.6875,264853.5
532266.8125,46587.30078125
320053.5,94429.0
314907.5,76714.203125
308989.90625,50973.30078125
417463.0,269791.90625
536677.125,162752.703125
288698.59375,30856.900390625
291947.5,37174.80078125
499155.0,278368.40625
433392.6875,198821.5
330590.40625,123425.796875
339712.3125,159877.09375
361643.0,168277.0
344283.5,190583.296875
293332.40625,20465.900390625
406333.0,224956.296875
335272.0,119551.203125
464751.5,242037.703125
272415.1875,31625.599609375
508099.90625,277842.5
291020.09375,29483.19921875
410425.59375,266268.40625
402794.6875,283625.0
429652.6875,281055.09375
386572.59375,258379.40625
416329.5,224112.296875
435871.1875,271351.5
444283.90625,162078.796875
518108.5,158155.0
556714.5,49266.19921875
456852.90625,236041.296875
495398.1875,229372.59375
316046.09375,92851.703125
352419.8125,157748.796875
433671.0,258697.0
301374.40625,30757.5
325998.09375,104809.703125
504600.1875,172683.5
420176.3125,269681.6875
469075.6875,248178.5
299578.6875,48503.0
439148.3125,295643.09375
394884.90625,201508.40625
309894.09375,149562.90625
352197.5,200585.0
551870.0,20343.19921875
523165.40625,235278.703125
351530.09375,129497.5
367317.40625,219525.296875
533200.8125,186909.796875
440092.0,249183.0
326766.90625,50578.30078125
485518.5,318744.40625
395130.59375,192692.90625
331684.0,179689.90625
548924.1875,175179.0
545504.8125,305658.0
354320.09375,93421.3984375
295653.5,65296.30078125
515799.8125,258003.296875
398753.90625,217438.796875
355614.1875,290495.59375
349624.3125,147951.296875
369586.5,199163.5
493161.59375,20136.5
315974.90625,107563.0
526824.625,87348.703125
340892.0,247651.40625
295048.1875,25032.900390625
505478.8125,260023.296875
304516.8125,195254.09375
535421.0,228502.5
433475.1875,187870.703125
377651.3125,212525.796875
444814.3125,253723.203125
483852.5,227835.703125
527731.375,119624.703125
513441.59375,239677.5
412252.5,200893.0
523534.5,189280.703125
317647.59375,41385.69921875
439829.0,280918.8125
375523.6875,181940.5
530213.875,247758.796875
526631.0,205380.5
386468.5,196825.0
437582.40625,209942.796875
465774.90625,261268.0
304753.5,71129.8984375
314425.0,88959.0
387228.5,277852.6875
439897.09375,212251.0
467091.6875,293056.59375
448574.5,249356.90625
470746.59375,238527.703125
454550.59375,58349.3984375
409441.0,291737.8125
555561.8125,22022.5
306283.40625,42068.30078125
371132.5,212593.296875
394581.8125,285072.3125
296247.5,142777.5
310675.40625,24561.69921875
270661.6875,46995.0
345043.59375,182891.90625
391090.5,267558.40625
506190.6875,200561.5
371727.0,195695.59375
318056.1875,20764.400390625
328769.09375,101787.6015625
304714.0,92340.1015625
315436.1875,53275.6015625
256906.90625,178699.796875
265983.6875,15728.599609375
291333.09375,38857.19921875
520054.90625,185055.5
353829.8125,274991.59375
425300.8125,20838.400390625
444854.6875,282203.5
373630.90625,240208.203125
324568.90625,109975.203125
310597.6875,71651.296875
421089.90625,220861.796875
257850.09375,23830.599609375
443397.0,282539.6875
257912.40625,106659.6015625
463001.6875,186710.40625
507906.59375,259830.296875
548619.8125,149742.90625
357100.40625,214160.09375
372762.3125,185017.40625
542799.0,36360.1015625
378268.59375,265824.6875
285564.3125,15390.0
435464.8125,166742.40625
506001.90625,213153.703125
404262.0,275746.59375
540578.875,113703.203125
508436.3125,296486.0
434961.40625,204561.0
475429.5,204131.90625
286369.6875,52671.8984375
485747.5,307500.09375
303710.40625,21996.30078125
435675.09375,191637.0
321758.90625,105327.296875
370942.3125,228299.59375
426006.59375,222639.703125
292520.09375,56080.0
535272.3125,72528.1015625
353141.8125,105211.203125
268372.40625,53710.69921875
313850.90625,135206.703125
324821.5,120898.8984375
312011.09375,29087.099609375
537376.5,194242.90625
330166.59375,123972.0
461736.0,298139.40625
518353.40625,175867.796875
576423.625,185940.5
496345.0,289969.09375
318635.6875,100694.6015625
297122.90625,52284.30078125
500350.09375,223012.703125
405452.90625,272512.5
557067.6875,169880.09375
548410.1875,153332.703125
451767.3125,265117.1875
313586.3125,60972.0
456903.3125,265798.6875
310887.59375,49074.69921875
311574.40625,32422.5
360652.5,201031.59375
413886.90625,324742.6875
295684.5,48768.8984375
336288.90625,211034.296875
593919.125,101739.6015625
328261.0,14721.7001953125
501727.0,201025.796875
492195.0,202774.296875
351140.6875,201772.40625
461061.90625,226958.5
326794.5,140277.40625
359615.1875,275150.59375
296876.1875,13839.099609375
468869.8125,262655.1875
405207.3125,281628.0
298994.59375,99625.703125
383092.8125,183577.703125
301455.40625,30442.0
323801.5,77090.6015625
326988.90625,147107.09375
248754.203125,45485.8984375
310813.90625,40606.5
473456.40625,279380.3125
527071.6875,418896.09375
332608.1875,116271.1015625
304236.6875,30348.19921875
306468.3125,29729.19921875
304089.8125,31238.900390625
509159.0,270309.59375
269843.40625,48295.19921875
376530.59375,185799.09375
549620.3125,244390.5
317072.90625,146606.5
291236.0,24860.400390625
407218.09375,131247.0
428116.1875,240256.59375
362708.40625,152139.796875
288677.6875,13888.099609375
530474.3125,33641.6015625
351885.59375,173890.203125
333593.90625,143129.0
501655.6875,223900.09375
338924.3125,178509.90625
501966.40625,236371.5
292518.40625,14736.2001953125
326359.90625,112920.296875
288570.5,28012.400390625
375547.90625,238180.296875
368419.5,143436.90625
523062.40625,306735.5
312963.90625,131550.59375
317097.59375,111829.0
422806.09375,238275.59375
535232.0,153192.09375
540229.6875,43196.1015625
475161.0,188557.40625
405369.5,78372.296875
522205.6875,269545.0
536941.0,291697.5
346231.0,152016.40625
392275.5,228045.203125
300785.6875,44309.6015625
514856.1875,277402.59375
490310.5,276542.3125
350272.8125,139399.796875
252769.59375,107048.796875
564803.6875,83228.5
308848.5,87492.5
243434.59375,35588.80078125
306883.0,64462.8984375
321590.0,75800.703125
417267.6875,235428.203125
436120.5,228852.296875
546111.3125,184509.296875
518059.0,171715.296875
302731.40625,16649.0
456898.59375,287012.3125
335576.09375,148172.703125
443421.1875,263016.6875
413673.5,254511.0
307088.09375,204044.5
253544.203125,72464.1015625
459232.59375,220683.0
277585.59375,20016.900390625
400682.40625,243299.0
350651.59375,105866.0
359133.09375,172915.796875
504368.40625,228942.796875
303941.5,26193.80078125
344172.3125,155206.296875
435147.90625,284921.5
409651.90625,281658.3125
517871.1875,254165.5
331482.59375,172994.703125
547207.625,82520.203125
298948.1875,71006.1015625
535688.625,52019.0
356153.59375,203120.59375
318685.59375,183338.796875
347770.59375,170127.296875
396277.0,178003.5
313835.09375,75034.796875
426475.5,293261.3125
355174.09375,167562.296875
419243.0,259903.90625
300515.0,75634.703125
336474.0,115998.0
325661.59375,39191.19921875
338825.09375,162380.0
281919.09375,15788.099609375
481699.59375,288180.5
469544.59375,280791.90625
548441.0,155561.90625
338762.8125,162552.40625
293900.59375,39263.80078125
399676.5,149475.296875
285663.1875,52907.0
417983.90625,221981.0
374245.09375,250865.296875
543117.5,276742.90625
389002.5,229246.796875
386619.3125,199882.296875
566397.875,140550.5
321821.40625,92506.1015625
335633.1875,134245.5
415953.90625,295076.0
334517.5,165997.203125
541632.0,57733.19921875
347080.59375,177759.703125
450539.09375,175448.0
303461.59375,40471.6015625
550006.625,36701.0
322343.59375,105836.3984375
399085.3125,182290.09375
378193.59375,262985.0
467545.8125,311178.40625
535176.875,263961.59375
328820.1875,13721.099609375
309161.8125,49742.69921875
452373.3125,272137.90625
457908.1875,331912.0
548483.6875,258974.0
358578.5,239163.296875
388859.09375,207487.296875
445833.40625,176643.0
438502.0,184629.5
305668.0,62113.0
482212.09375,237947.296875
311074.09375,49252.19921875
316169.6875,113524.703125
372912.0,222464.0
322514.1875,58122.1015625
330359.59375,163457.5
404261.90625,179286.0
299542.8125,28328.099609375
427187.40625,289919.59375
578697.3125,138008.203125
316723.09375,69460.703125
503680.59375,256366.796875
349147.59375,140334.296875
309938.90625,83169.0
540107.375,226799.796875
373043.90625,219397.09375
386607.6875,171719.5
517280.5,206030.0
255175.0,33782.30078125
290763.09375,27465.30078125
540583.0,207604.796875
431366.40625,251410.5
306379.0,58314.8984375
542170.1875,210780.703125
353706.0,176114.09375
535738.125,194807.59375
311968.09375,50215.8984375
393385.40625,157136.5
502096.3125,78704.6015625
391047.90625,219793.0
515611.3125,290876.3125
568514.6875,265160.0
433209.90625,191032.5
364264.5,204580.5
370611.59375,184146.203125
518491.59375,319778.09375
344812.1875,154983.59375
420065.8125,203939.0
307205.40625,95660.5
532580.125,260946.5
317649.3125,98086.1015625
312684.0,35774.8984375
355826.90625,207798.09375
411158.3125,235083.203125
548824.8125,340371.09375
530502.8125,230659.796875
331616.1875,161438.0
437802.5,245228.703125
496865.1875,355736.6875
441622.6875,242948.796875
545779.125,85593.3984375
524842.1875,310888.0
476270.5,319880.6875
320668.1875,103765.203125
411924.40625,233018.0
382711.0,250120.296875
537939.3125,53203.69921875
499810.6875,250000.0
300829.8125,29002.099609375
448826.3125,274885.3125
310426.0,30366.69921875
349771.3125,215944.203125
316018.1875,79272.796875
299660.90625,16163.2998046875
294206.3125,32863.80078125
291312.6875,51912.5
320491.1875,134317.203125
328930.8125,108238.703125
296622.1875,178970.796875
388123.6875,261841.5
430024.6875,199603.40625
459531.09375,206512.90625
297447.8125,15134.099609375
314120.40625,105793.796875
324424.09375,90789.0
420554.1875,244314.5
444812.5,250388.703125
437305.6875,265388.1875
325212.6875,175404.296875
326897.5,70545.796875
503023.8125,129766.703125
284667.59375,113011.0
284212.6875,12906.5
309770.6875,109298.0
339461.6875,181972.703125
436012.3125,280632.6875
418282.1875,274169.0
287945.0,122874.296875
501911.09375,266687.1875
315503.6875,72729.8984375
430639.09375,213567.5
302669.6875,13152.5
319977.0,76937.703125
430499.1875,207273.796875
432465.5,263376.8125
270689.1875,72476.1015625
293077.3125,89755.203125
343347.59375,189724.59375
371896.6875,228342.5
447028.09375,165954.796875
434801.3125,227699.59375
299952.1875,16512.19921875
439563.1875,301166.8125
379866.6875,197592.5
389250.40625,230921.40625
488214.6875,270937.40625
491526.59375,361046.5
501659.0,262464.1875
298507.1875,18179.19921875
299089.6875,29814.30078125
428636.59375,263270.8125
379133.6875,170624.296875
558258.5,60740.80078125
309927.09375,94555.5
339012.6875,171208.0
481097.3125,353272.59375
366471.40625,183387.296875
348790.6875,150921.0
271315.0,116048.703125
384147.90625,196601.5
301882.40625,73999.296875
410557.3125,247726.203125
296038.09375,17593.0
493116.0,252492.703125
450602.5,308870.40625
487677.3125,332471.0
324717.09375,50408.19921875
537736.125,249911.40625
325211.3125,149271.0
338925.59375,201139.703125
557267.1875,92432.796875
343631.40625,206519.203125
312972.6875,65647.296875
363135.0,240988.59375
336384.3125,114958.6015625
510100.59375,249041.703125
296858.90625,30932.400390625
459530.0,252117.59375
537479.625,183623.703125
286054.09375,35720.6015625
291610.6875,25040.30078125
403968.0,245691.5
514049.0,276380.59375
537643.625,31945.900390625
312640.8125,112723.5
427046.40625,91406.8984375
279283.90625,50470.3984375
528236.3125,258546.59375
477841.3125,121994.0
414970.1875,232722.296875
498230.0,228380.796875
289424.0,12744.5
296628.09375,111277.203125
404487.8125,232252.5
535994.125,175505.203125
399609.0,232717.296875
372664.6875,186511.796875
301148.8125,39507.5
299563.5,28168.099609375
532969.125,288810.59375
242341.0,126926.796875
390419.6875,244677.296875
271794.8125,149186.0
440449.90625,223374.203125
298321.0,13304.0
359184.59375,254174.203125
343760.0,177730.90625
298629.1875,65970.796875
479893.0,309318.59375
368650.1875,172297.296875
450698.0,234234.5
321476.8125,82430.6015625
401831.59375,269781.6875
378028.90625,186873.203125
471115.0,243303.0
295959.8125,18364.099609375
419196.8125,261918.0
465982.40625,233934.40625
326181.0,64545.8984375
477397.40625,250941.203125
388209.59375,214454.40625
334760.3125,140381.0
545973.375,167846.40625
434585.6875,262559.8125
295098.5,152212.796875
358426.5,189338.0
282878.59375,28680.900390625
482128.0,180434.09375
473296.09375,275192.6875
330669.40625,78359.8984375
366521.8125,231794.59375
573542.5,35703.8984375
358531.3125,181430.5
343177.5,139290.296875
500406.8125,211047.5
527619.125,325431.6875
469858.5,319998.8125
298779.5,45515.5
331922.09375,169436.203125
472935.6875,278899.40625
507000.0,298121.09375
346519.59375,221685.203125
314976.40625,79103.8984375
485186.0,270016.8125
480637.59375,324987.40625
352443.5,121917.796875
411837.5,234349.5
352884.0,175862.09375
433621.09375,245989.90625
362738.09375,196024.203125
474194.8125,271402.5
505056.0,298276.5
295697.09375,64386.69921875
423796.90625,272158.40625
331355.0,179383.59375
364285.5,161044.59375
278037.8125,12488.2998046875
531150.1875,290897.8125
570008.625,113137.296875
313873.40625,222150.40625
274260.8125,202438.59375
285824.0,42346.19921875
277923.5,46115.8984375
374204.09375,222699.296875
403488.1875,106388.203125
520846.3125,205620.09375
450960.8125,247530.703125
333821.40625,105227.8984375
398511.5,240481.796875
371228.1875,248581.203125
366938.8125,145530.59375
359468.5,239549.90625
414511.8125,249560.296875
354659.5,212481.59375
377840.8125,216060.296875
388070.5,190304.59375
361525.0,123696.796875
410396.1875,243011.703125
567468.8125,95219.703125
453543.5,236451.40625
521289.09375,315273.6875
484768.5,274772.59375
497127.1875,197637.796875
566105.125,45351.69921875
524753.3125,285409.1875
317023.0,121972.203125
394819.5,244827.09375
346901.09375,115038.296875
330236.90625,104058.3984375
526128.125,291151.6875
388901.1875,193398.09375
339687.6875,111697.203125
314380.59375,165189.296875
316458.90625,224775.40625
250284.203125,60788.30078125
477757.40625,332916.6875
366478.90625,186787.796875
522304.59375,251729.59375
404331.59375,301121.40625
330577.6875,207192.796875
336905.40625,163623.90625
336930.1875,116148.8984375
546787.875,204637.703125
326871.90625,132590.5
543017.875,254369.796875
322033.09375,121289.1015625
293913.5,33013.1015625
424160.40625,258704.90625
381718.5,216531.796875
495067.5,265458.3125
450712.6875,303276.09375
463350.8125,244843.0
285235.09375,149240.90625
313742.59375,113917.3984375
384671.1875,223219.40625
498090.5,216049.296875
402043.8125,193120.5
310747.0,137537.90625
411920.09375,211695.59375
407826.40625,235147.90625
514502.0,189990.796875
460232.3125,256244.5
462998.6875,220844.59375
487778.5,278180.59375
395926.40625,25595.900390625
425917.3125,231004.5
312870.09375,29691.599609375
314111.09375,108132.3984375
360608.1875,183156.796875
423024.40625,265655.1875
541377.375,172028.296875
448036.40625,240722.5
318765.0,122832.1015625
555330.1875,195828.90625
364828.40625,212076.0
458130.8125,297718.0
317495.40625,82709.203125
293982.5,15210.900390625
301362.09375,17899.099609375
378383.5,292976.3125
503535.59375,243787.09375
358105.59375,187132.40625
288285.6875,27288.30078125
321701.59375,41046.8984375
351777.90625,227967.703125
443706.59375,289083.3125
512963.90625,222551.40625
318902.0,94058.296875
331941.59375,154435.40625
306969.0,24967.80078125
557754.3125,268345.5
303561.90625,23998.80078125
388144.1875,213406.296875
314879.5,139808.296875
306057.1875,204201.40625
454800.90625,185894.203125
282682.5,19995.30078125
388832.40625,265515.5
559289.8125,138345.0
363084.09375,218141.90625
363978.40625,157658.40625
411169.09375,218666.90625
264383.90625,15285.5
319285.0,87790.8984375
394500.59375,203887.09375
315599.09375,81440.3984375
556375.5,139773.296875
326043.6875,140306.09375
489396.5,310433.40625
565482.1875,64062.30078125
566376.625,81975.3984375
423602.8125,264877.0
426408.09375,229363.59375
435870.5,285843.59375
471811.6875,193837.296875
379197.40625,213574.203125
309061.6875,118811.1015625
472035.59375,182176.09375
315894.1875,47853.19921875
278102.6875,175990.0
528243.5,301505.0
537302.8125,310296.8125
323070.6875,110155.296875
306784.5,49629.5
300379.0,17288.599609375
422644.09375,250158.203125
412139.6875,243497.703125
388972.90625,166891.59375
303555.6875,66601.5
520828.0,318318.0
337192.8125,146348.296875
361900.09375,153308.203125
356886.6875,166558.703125
525148.0,258148.09375
560207.1875,204361.09375
387313.6875,120682.0
369200.6875,209583.703125
383336.1875,126346.203125
333597.90625,48379.3984375
323535.40625,111115.1015625
472938.1875,254232.09375
379525.90625,209564.59375
449905.3125,242692.5
309683.1875,110733.8984375
368090.3125,172738.796875
399123.09375,164361.703125
263937.1875,66817.5
412094.0,268022.09375
310144.90625,87297.1015625
341754.6875,168490.0
342311.8125,25120.5
331043.5,151555.0
456166.8125,232140.796875
455528.40625,237489.90625
302900.59375,100028.703125
452680.1875,268930.09375
492710.3125,300082.5
360640.3125,195902.796875
313964.59375,73927.703125
340528.40625,127955.3984375
427015.6875,254236.59375
326990.0,104748.5
318313.6875,128624.203125
427241.3125,258221.5
279270.1875,62602.30078125
531492.625,278788.1875
527741.1875,180239.90625
517378.5,276021.3125
522283.40625,93727.5
339685.6875,222008.703125
317163.3125,90639.5
365218.1875,217660.0
429976.6875,221250.40625
290385.8125,12928.2998046875
343322.8125,136443.296875
297809.5,21764.599609375
417442.8125,243730.0
545417.1875,274044.90625
508303.6875,169863.703125
417027.6875,275924.8125
373487.6875,204008.90625
336183.8125,157366.296875
561079.625,125890.703125
383710.6875,203460.203125
388589.90625,224933.59375
320961.0,51604.1015625
355312.8125,181688.5
427900.3125,252264.796875
304507.40625,47513.3984375
493360.8125,270449.8125
351726.6875,165656.203125
459551.3125,235344.703125
499286.0,257881.59375
292403.6875,31024.599609375
389018.90625,226107.59375
459999.1875,284188.6875
316062.5,15806.5
438647.40625,274261.40625
538715.0,164758.203125
477576.6875,275336.0
326494.90625,93011.8984375
393437.8125,264933.8125
417519.3125,265965.90625
549849.5,231728.5
374884.8125,50223.5
502518.09375,320886.8125
488652.3125,244277.09375
410598.40625,268172.8125
290656.1875,44641.19921875
457082.8125,259145.40625
585687.0,76451.5
293310.8125,37455.0
332391.90625,103555.5
374693.8125,192674.796875
304271.5,28556.30078125
266980.3125,21850.400390625
395032.1875,271799.3125
316894.3125,79068.5
512811.3125,193252.59375
469680.8125,233715.296875
567553.1875,215035.703125
555471.0,156439.796875
369473.8125,155869.296875
470027.8125,372647.90625
412198.40625,308462.40625
394943.5,278974.0
576325.125,144754.90625
318812.3125,13339.0
414243.90625,252844.0
289221.3125,16438.099609375
312445.8125,104839.0
387323.09375,206203.703125
517786.90625,285956.40625
448674.6875,276660.8125
331663.59375,143466.40625
412488.1875,240593.90625
440423.5,321099.8125
343367.8125,139346.90625
301257.40625,56245.8984375
301337.1875,29699.30078125
542183.5,190480.5
453822.8125,284266.09375
516575.3125,126581.1015625
410972.5,209950.59375
540887.375,186474.59375
436000.6875,246797.703125
343648.5,113687.796875
351521.09375,138872.40625
417203.8125,253418.0
298988.90625,94210.5
440484.8125,219357.09375
351863.3125,206395.59375
551296.6875,69746.796875
290819.1875,13299.400390625
496963.3125,278877.59375
345015.8125,129637.1015625
369800.5,219456.09375
305159.40625,22133.099609375
433066.90625,232743.40625
329054.6875,100712.796875
488893.09375,271628.90625
441807.59375,297480.8125
349130.59375,175801.703125
502494.1875,312244.1875
535435.5,69427.796875
364635.90625,17389.900390625
297363.6875,32036.80078125
410714.59375,238489.40625
339135.59375,138658.796875
304658.6875,76617.8984375
322822.3125,14490.599609375
458393.09375,255508.0
308011.6875,24209.69921875
351166.3125,128115.3984375
369258.90625,198121.90625
438726.0,221396.5
255020.09375,20958.400390625
412227.59375,286125.8125
483458.6875,285321.40625
360280.8125,95425.1015625
453493.09375,244868.203125
292844.5,28339.5
542127.0,204757.203125
368037.0,127031.703125
261746.90625,84658.796875
538805.625,204689.5
440147.1875,256764.796875
498589.40625,237877.0
441421.59375,30616.69921875
405372.0,228413.59375
375479.40625,218671.296875
306859.90625,13477.2998046875
446734.09375,262732.1875
441688.3125,238230.40625
371609.40625,257295.296875
490722.40625,316121.3125
447741.6875,237264.203125
503579.3125,305437.40625
305423.40625,17407.900390625
346299.09375,172889.40625
525116.8125,138269.5
382655.09375,237649.296875
478723.90625,217707.296875
465732.8125,180336.59375
442879.8125,203316.0
337374.3125,105057.0
298782.40625,63566.6015625
377866.90625,199167.09375
414835.6875,260609.703125
301062.5,36399.5
275923.0,143950.796875
318767.5,85518.1015625
563381.625,203912.40625
469946.90625,324196.8125
278791.40625,173483.40625
541828.375,265078.8125
309859.09375,135691.5
521490.1875,231965.796875
334005.8125,155669.203125
376730.3125,273034.90625
470593.59375,219298.796875
285715.0,57185.5
393120.5,242032.0
590375.3125,229245.796875
297270.5,157959.09375
328787.5,223916.796875
300023.6875,21110.80078125
320656.09375,126084.796875
374663.0,153150.296875
546139.625,228144.40625
357546.59375,174985.296875
387979.3125,224575.296875
425711.0,190238.296875
351023.3125,156196.203125
434156.3125,255517.40625
419121.6875,218881.90625
302806.1875,56803.3984375
426487.90625,208285.90625
353172.90625,165091.796875
410646.59375,200893.796875
510495.0,297515.59375
472120.3125,307402.6875
252278.59375,16765.0
369943.5,288333.5
354231.0,232687.09375
541572.5,279463.8125
508399.3125,312993.09375
367056.8125,152062.796875
508916.5,53871.1015625
460485.6875,277151.40625
352618.1875,193281.40625
553552.375,74745.1015625
276474.1875,34690.5
461337.8125,211215.296875
310313.09375,82807.5
529232.1875,369713.3125
395660.09375,243077.796875
383333.0,220098.0
543080.0,23616.5
321800.8125,122151.296875
323997.5,153010.796875
509508.0,343958.3125
303922.5,74846.6015625
313153.90625,133576.296875
319416.1875,100688.8984375
291198.59375,133854.0
380734.3125,220751.796875
328835.0,122830.796875
309726.3125,73958.3984375
393840.40625,236020.796875
558552.1875,194095.40625
314854.5,18622.5
313609.90625,112410.3984375
300993.1875,31232.80078125
343457.90625,149171.09375
428347.0,264750.59375
327266.40625,103698.6015625
330744.3125,169687.796875
396115.5,278699.09375
515580.1875,261801.90625
340988.90625,164566.296875
298497.59375,23243.5
417241.59375,232273.296875
414349.5,228968.5
336894.5,175971.5
421518.3125,283744.6875
436246.1875,268321.90625
294194.1875,36906.8984375
297931.40625,13725.400390625
464189.40625,178714.59375
481606.59375,244961.296875
502205.5,296490.8125
415881.0,249228.59375
294909.3125,12964.7001953125
499879.0,277451.09375
372974.3125,225184.40625
358829.8125,181437.09375
318632.09375,64829.80078125
262233.0,90737.796875
323476.6875,57458.1015625
507952.0,335695.8125
289018.09375,14730.7001953125
566480.875,105777.5
311095.09375,15591.2001953125
449213.5,257702.0
390719.6875,224401.90625
410030.1875,223023.703125
326919.5,158492.296875
465340.5,72332.0
491278.09375,205550.296875
420603.59375,274432.3125
482633.5,301003.3125
569121.0,236168.5
492145.0,310476.8125
350331.40625,200529.5
323405.8125,123704.5
301855.09375,19687.19921875
319918.40625,85011.6015625
453541.5,197223.09375
526957.625,76129.0
298558.6875,21433.400390625
413286.0,255199.296875
549979.0,270114.3125
428757.90625,253153.5
434813.90625,239720.296875
326994.1875,74122.796875
337753.59375,115725.796875
299424.1875,67306.8984375
295342.6875,18542.19921875
333072.0,129637.296875
567209.875,31521.5
521308.40625,255646.703125
327418.3125,15348.2001953125
275942.90625,13792.0
299654.09375,29927.0
508855.3125,153086.09375
505877.5,166912.296875
378614.40625,259300.59375
553431.875,234420.0
300940.6875,37568.3984375
459917.1875,263888.6875
329239.0,114941.296875
324990.0,147717.296875
508283.40625,244689.5
533554.3125,202102.703125
534707.375,299422.0
572615.3125,224848.09375
379906.09375,181449.703125
350910.0,121725.0
526465.0,208538.5
318653.40625,175858.0
510565.1875,321708.59375
398177.09375,244639.796875
351202.8125,169431.09375
348962.90625,85506.296875
295066.59375,19124.30078125
313417.6875,213174.703125
491041.3125,308063.1875
315229.59375,73978.0
347059.59375,164585.796875
505942.09375,213297.203125
537813.875,109360.0
566553.375,97722.6015625
332618.40625,96407.296875
490202.40625,252191.203125
514536.8125,230260.59375
269339.6875,98843.796875
300630.59375,105018.296875
327405.6875,92741.8984375
330544.1875,189213.296875
349972.1875,171021.40625
433015.6875,183195.703125
330730.0,125391.796875
423926.0,26813.5
370816.6875,187955.09375
333157.8125,150909.09375
313120.90625,64885.6015625
343372.40625,134660.5
380161.1875,160685.5
324833.0,113083.5
441133.3125,307360.59375
541622.6875,238743.59375
495684.0,230739.0
298287.0,24735.5
315166.3125,170633.5
293986.59375,45076.80078125
327078.0,172066.0
330545.59375,139195.40625
505555.1875,312417.40625
360534.1875,237471.59375
388302.09375,36052.69921875
303758.90625,20859.5
369107.90625,135284.09375
295872.40625,84553.796875
313637.1875,68704.5
300094.40625,92261.6015625
480543.5,90273.0
304076.6875,38481.8984375
406597.5,237683.796875
302891.40625,60182.0
317648.90625,18859.19921875
525757.875,220280.5
437981.09375,243786.0
386008.1875,192578.703125
365169.5,144085.796875
352407.40625,181329.5
328862.0,43646.30078125
437728.40625,282178.8125
303226.8125,71027.5
299662.0,62451.0
414532.0,252585.796875
296965.90625,24651.0
432273.90625,219016.5
330435.40625,146776.203125
342739.0,146627.0
324361.3125,96823.203125
312701.0,62539.8984375
416392.90625,231028.796875
336736.3125,180760.703125
308666.59375,53723.0
344395.5,125944.3984375
287144.90625,75757.5
381829.3125,193179.296875
435469.09375,232191.0
383035.3125,231735.40625
283394.90625,38402.0
329882.8125,149606.296875
393647.59375,240049.203125
344217.5,163955.296875
495915.59375,271493.3125
546897.0,291100.5
327359.8125,159904.09375
430054.09375,250888.5
457159.3125,224806.0
326965.90625,108260.296875
284262.90625,45823.8984375
409020.5,260472.40625
338751.8125,163439.296875
504612.1875,237384.0
485435.3125,238474.90625
514905.09375,255577.703125
384741.09375,246307.09375
429983.3125,232012.59375
298554.1875,27436.5
518566.90625,328740.90625
300338.6875,100473.6015625
291889.0,13623.2998046875
283536.1875,29098.19921875
320699.59375,114654.5
329158.8125,140649.203125
306156.09375,64161.5
298545.40625,27367.0
286625.90625,166076.0
507646.1875,265694.0
348536.1875,160220.09375
359016.09375,209725.5
378489.8125,209492.40625
442000.09375,276140.6875
292468.90625,25483.5
304200.1875,65134.6015625
312835.90625,99913.3984375
531981.125,280809.8125
362068.1875,151159.703125
348947.90625,120348.6015625
532686.5,188337.90625
260290.703125,93357.0
285491.6875,46582.6015625
359334.59375,64136.1015625
326009.0,59305.5
489571.59375,309342.0
356988.40625,162228.59375
338429.90625,16177.0
361582.90625,211120.90625
487772.59375,371617.0
321172.90625,105443.1015625
312830.6875,76307.1015625
296341.0,21443.900390625
549152.875,192651.0
303789.90625,88727.0
486914.3125,198577.40625
382088.59375,159007.796875
278301.1875,79940.203125
326872.09375,127497.6015625
463977.1875,197894.09375
539575.3125,244136.796875
509069.0,215755.90625
393151.1875,242417.59375
548746.375,33959.5
329557.09375,61195.19921875
396642.1875,243967.703125
452412.3125,209294.796875
284839.90625,21429.400390625
502795.1875,231184.59375
299002.3125,60870.3984375
301202.1875,61317.69921875
264675.3125,31316.5
366009.90625,209889.40625
334846.1875,146416.59375
450912.90625,243537.796875
497146.90625,264297.09375
311629.1875,86790.6015625
488145.90625,62400.5
524971.1875,205434.0
342253.6875,161076.59375
401672.8125,234619.40625
327675.59375,60796.1015625
509406.3125,229231.09375
341144.3125,213328.0
369117.90625,162646.90625
310833.40625,49702.6015625
389498.1875,240678.59375
358147.59375,230480.5
407770.1875,243045.09375
526222.125,332093.5
296767.0,31708.80078125
520648.09375,257398.296875
309290.0,20521.5
546197.125,72901.0
444983.8125,227455.203125
579336.875,100511.8984375
449022.5,245504.703125
346789.6875,194642.296875
325658.40625,74315.5
370941.0,266550.09375
563281.8125,93366.8984375
454496.59375,222519.09375
338121.09375,181684.796875
335832.90625,176451.90625
374368.0,237919.703125
355642.0,116651.6015625
444203.1875,312008.09375
349254.3125,118710.703125
553414.125,99440.203125
299846.09375,83333.8984375
306006.0,49312.6015625
453290.40625,290905.40625
327368.8125,66130.203125
254409.0,130313.6015625
545671.5,276817.6875
374424.3125,145361.09375
376654.09375,211153.296875
420282.3125,223329.203125
325319.59375,41008.19921875
301861.3125,162416.40625
305371.3125,19218.30078125
386278.09375,201018.59375
300585.1875,22471.30078125
475268.8125,302108.6875
535697.0,34025.6015625
325065.8125,108239.6015625
333776.40625,173393.0
411488.8125,224133.703125
342057.5,122298.796875
328229.3125,106719.203125
474283.59375,251603.40625
430630.40625,118379.8984375
302030.3125,19708.69921875
381386.6875,267211.09375
306901.3125,18754.0
551183.8125,188461.296875
428946.09375,272572.59375
539813.125,240338.703125
347255.5,121058.296875
296796.5,34381.1015625
310843.09375,14211.2998046875
368464.8125,165770.09375
310357.8125,50542.69921875
363657.0,173324.59375
331072.09375,102235.796875
320658.8125,53319.80078125
456824.59375,267522.0
398367.5,221787.0
376543.5,227149.296875
476859.90625,331262.1875
300596.6875,18097.80078125
420448.0,227294.09375
333308.90625,98949.3984375
307187.3125,84643.703125
352237.09375,179747.40625
529819.3125,290284.09375
306593.3125,106741.703125
304502.59375,41630.30078125
315608.8125,33861.3984375
435768.40625,263326.40625
516514.09375,253165.90625
438201.3125,332232.3125
392895.59375,112686.6015625
317385.3125,54796.5
532858.625,312612.1875
344845.0,195908.796875
398194.1875,163496.09375
437715.1875,260207.5
326140.0,200403.90625
292801.40625,93898.8984375
365991.09375,252052.90625
441641.5,229214.703125
386914.40625,252633.0
529541.3125,252491.203125
406402.59375,263125.8125
304871.90625,16099.400390625
571199.125,178703.296875
306676.8125,58411.69921875
427763.59375,163934.09375
493940.09375,240775.09375
415778.8125,187069.5
294233.59375,14629.7998046875
489723.90625,292309.0
280702.0,21951.30078125
418037.09375,296317.8125
495174.59375,297879.09375
322415.59375,159792.5
322632.5,107408.796875
293568.5,96548.796875
487539.90625,293097.90625
425015.40625,301135.1875
410646.40625,274986.40625
533015.8125,269150.1875
326462.1875,95730.8984375
452481.59375,236030.59375
276909.8125,43238.3984375
488157.59375,279018.09375
355747.59375,198605.40625
316265.8125,74624.296875
354393.0,144036.296875
320883.3125,91912.5
401048.5,294157.8125
410992.8125,280918.3125
464646.09375,167091.796875
347225.8125,204517.203125
329438.90625,117210.1015625
468249.3125,275437.09375
565651.6875,20685.900390625
297911.40625,58945.80078125
335686.09375,111057.1015625
309227.8125,61004.30078125
442871.8125,345740.90625
358872.90625,206904.59375
498097.6875,338532.40625
392227.59375,204241.59375
253909.796875,13800.400390625
397474.40625,228844.09375
381212.90625,178306.296875
273266.3125,49488.3984375
384686.90625,247878.703125
312809.8125,57186.80078125
532850.625,195343.0
424706.8125,187277.59375
317213.90625,73115.8984375
335062.0,127941.296875
445266.59375,179378.796875
459141.90625,298097.6875
335042.3125,136215.703125
532809.1875,226417.40625
419436.90625,210845.796875
311518.59375,83637.3984375
371042.8125,184029.796875
326057.59375,102666.6015625
483586.8125,243696.296875
367095.40625,167510.59375
369888.8125,203812.796875
611608.6875,167909.40625
287473.3125,27323.400390625
462803.6875,251697.796875
321637.6875,105259.8984375
330930.59375,188106.59375
559407.8125,240785.90625
294152.09375,17409.5
315527.90625,78144.0
495329.40625,184466.296875
414734.59375,221277.59375
470206.3125,175504.296875
421621.1875,273765.90625
421943.40625,222226.296875
304714.3125,27402.900390625
476803.6875,232447.90625
541478.375,177529.296875
306682.09375,51769.6015625
349519.40625,182246.296875
540562.3125,270911.8125
441671.40625,329722.8125
575365.375,242371.5
346350.1875,73074.796875
446268.40625,221357.203125
552102.875,257809.296875
505213.6875,257340.0
386588.59375,231805.203125
566629.375,149663.0
442211.6875,255449.296875
494803.59375,212070.90625
475097.59375,222373.40625
336317.0,205323.90625
360497.40625,219855.796875
309799.0,51076.8984375
296410.40625,59584.5
382145.8125,208920.203125
374685.6875,233158.296875
512997.5,177330.09375
342849.1875,142152.40625
488285.40625,226482.5
300705.6875,50925.0
496799.6875,204723.90625
352160.8125,214889.203125
437578.09375,283062.59375
344132.09375,16610.400390625
529565.875,21810.80078125
331867.3125,49720.0
281303.09375,17482.400390625
355511.6875,186148.5
417556.90625,217818.0
406062.3125,280259.1875
360490.0,173453.09375
448092.0,207566.296875
526721.8125,158491.703125
389689.09375,234612.40625
382117.5,167490.796875
278242.59375,40515.5
549739.875,91513.5
415828.6875,227138.796875
272491.59375,13420.900390625
406206.59375,244096.90625
442372.5,314172.3125
486566.09375,194402.5
468469.90625,257300.5
393863.0,256098.90625
382429.59375,188286.5
283845.5,16336.400390625
302812.0,44085.30078125
289430.1875,16060.5
382398.1875,160282.40625
419977.5,290872.8125
418580.09375,222608.40625
353144.59375,151320.203125
305030.3125,189588.40625
311080.3125,109385.796875
322831.59375,47437.69921875
362638.8125,191568.40625
569897.0,23603.5
297434.90625,18854.5
369726.8125,246520.40625
400966.59375,188087.90625
422770.8125,250014.296875
376197.8125,211042.5
381719.5,247523.296875
352225.1875,130129.5
295533.59375,51396.69921875
401866.8125,194621.40625
290395.09375,131535.90625
321797.3125,130919.296875
287354.5,129285.796875
379532.09375,197957.40625
388078.3125,162749.796875
397590.0,225529.5
379121.8125,177385.703125
370342.09375,201059.90625
305817.8125,182414.90625
318222.3125,117707.296875
383500.0,203380.0
315976.8125,83719.203125
403191.8125,238778.90625
297424.6875,33400.6015625
569016.8125,239388.5
335514.09375,159163.703125
331812.3125,141210.90625
316450.3125,80012.296875
421248.3125,286330.1875
485751.8125,257874.796875
539031.3125,221044.0
501414.3125,388266.8125
337625.1875,125790.1015625
366089.1875,178386.59375
588018.3125,97549.0
326590.3125,116332.3984375
277561.3125,56150.69921875
309719.40625,49212.0
498513.3125,219899.40625
350324.8125,149788.796875
317695.5,91316.0
391560.40625,229505.5
502329.8125,239800.40625
549847.6875,341192.09375
348890.3125,202417.796875
397471.1875,255104.09375
440846.0,238744.796875
360132.59375,271416.6875
294599.8125,56376.80078125
420978.0,281420.5
324074.1875,141495.59375
276402.8125,156938.296875
561445.6875,23714.099609375
407997.3125,261104.0
448190.8125,132011.09375
311801.90625,127870.203125
494693.59375,166503.203125
449584.3125,254693.40625
403123.3125,228123.296875
417242.8125,202977.203125
475193.3125,163757.90625
476612.8125,283263.8125
535365.5,337337.8125
336861.40625,155943.40625
563759.625,171733.203125
291178.3125,69856.3984375
372460.3125,202047.796875
373833.5,254415.0
520989.09375,235337.40625
539499.3125,221672.703125
302440.40625,12871.5
371548.3125,198607.40625
514942.09375,207825.90625
295680.1875,91980.1015625
375559.6875,242096.09375
437882.8125,207261.59375
456666.90625,230970.703125
497566.5,197452.203125
405886.8125,21508.5
304700.40625,67537.296875
317097.59375,19054.80078125
449397.09375,293174.40625
326267.5,92817.296875
533261.625,62937.3984375
400092.1875,213259.0
514498.09375,217625.59375
417870.0,203324.0
453577.0,301181.5
309822.1875,93350.3984375
311931.3125,53638.5
305283.8125,62442.0
400232.1875,224315.40625
304668.8125,19389.0
349145.0,145416.796875
351688.59375,169831.296875
545043.875,22621.80078125
532518.5,271769.5
367716.0,182021.0
437290.40625,181405.40625
396120.3125,144113.5
389089.6875,164798.40625
551802.3125,99129.0
421519.6875,232707.09375
378895.8125,241917.5
294205.5,54641.30078125
378335.90625,227773.796875
308580.40625,50804.19921875
509032.1875,201675.5
420841.6875,163895.796875
495382.5,292370.3125
357187.5,182798.5
354781.5,189343.5
348030.90625,160251.703125
303200.5,93219.296875
376914.3125,211396.5
411811.09375,207186.296875
330155.0,117740.796875
453050.8125,224108.796875
374238.3125,236036.796875
507169.0,297636.1875
461615.40625,215324.203125
327401.6875,99017.0
441881.1875,162914.796875
373784.90625,217787.90625
511374.8125,228648.5
490467.40625,266714.90625
294848.5,39146.0
269830.90625,74071.203125
310581.6875,37723.80078125
314958.40625,103967.296875
280304.90625,39295.30078125
297531.3125,44205.30078125
367697.1875,164170.0
424551.0,222435.90625
291998.90625,14979.599609375
372279.0,198405.0
563423.375,73681.3984375
501305.5,188870.0
420704.1875,307392.0
289338.5,58252.5
501269.6875,251150.90625
401457.5,264405.3125
397425.90625,267009.8125
402410.1875,233695.09375
517026.59375,253719.5
387725.3125,246830.296875
402760.6875,270320.0
308048.5,106630.203125
298796.6875,99313.3984375
458942.40625,269352.3125
457880.0,235683.5
365123.59375,212012.296875
332663.59375,161146.90625
321234.5,208659.796875
363312.1875,198411.5
320649.0,108800.1015625
477257.59375,205494.59375
322077.0,72075.3984375
426593.0,297547.59375
400107.09375,252790.5
258481.59375,21700.400390625
312823.0,98142.203125
568467.375,246217.0
347816.90625,176997.5
345049.90625,163589.40625
347690.6875,198021.0
292435.5,45097.8984375
351651.3125,162551.203125
451086.5,271893.59375
297910.09375,18310.0
273480.09375,50165.0
246062.40625,102383.0
333790.59375,247728.703125
475016.09375,169140.796875
309298.90625,34808.0
517862.40625,275901.5
450969.3125,253095.0
315642.40625,62228.30078125
302366.40625,38692.80078125
289565.8125,18104.099609375
536688.3125,183842.203125
359854.3125,45170.8984375
307234.59375,41708.80078125
407313.1875,220689.90625
358782.5,270682.09375
362009.59375,213315.796875
335824.5,121993.6015625
399058.90625,236661.90625
330329.40625,146263.296875
297026.3125,218268.59375
587305.6875,286117.90625
493250.6875,226795.703125
520330.59375,341939.6875
296181.59375,43579.5
434953.0,266453.40625
305122.0,40496.6015625
308541.59375,91062.5
496138.09375,294329.3125
419510.09375,296780.8125
280431.59375,165830.40625
465069.0,299762.6875
467452.90625,307106.0
422662.40625,214186.296875
464896.90625,329401.40625
293202.40625,13442.2998046875
322883.5,46453.8984375
561831.8125,280699.59375
415604.59375,93116.203125
450270.0,160148.0
371991.5,193420.40625
572941.6875,68180.0
403560.40625,280424.3125
383394.59375,241992.296875
542629.5,229558.59375
452968.09375,271921.0
301338.59375,88020.8984375
506348.40625,252338.5
494971.40625,224838.5
377468.0,196899.90625
322734.8125,83508.1015625
451254.3125,190181.703125
501181.6875,201201.296875
351199.09375,134062.296875
594194.125,402420.1875
558215.125,79718.0
250705.09375,57048.30078125
506623.3125,272423.5
547960.3125,121100.0
383829.6875,221932.5
391118.8125,256156.703125
314007.5,231474.0
343758.0,202452.90625
248196.703125,40363.8984375
278595.1875,53780.5
368998.09375,195881.5
535833.875,233536.5
420689.6875,226555.59375
290630.8125,52376.80078125
310825.59375,52273.19921875
530816.625,139944.0
520163.5,298875.40625
297232.09375,17384.0
495290.59375,247881.296875
307701.40625,36394.5
470075.3125,253346.0
378969.40625,232016.296875
405451.40625,235296.40625
547737.6875,106516.0
378560.3125,214338.59375
302312.6875,30381.30078125
433161.6875,287970.1875
396175.40625,241197.0
483108.8125,212247.703125
440654.40625,314834.1875
468944.8125,310399.09375
323988.90625,77650.703125
490462.59375,280869.3125
336153.5,96357.703125
322206.40625,14001.0
320104.40625,153873.796875
540698.5,268082.90625
291524.09375,53228.30078125
503954.0,269095.40625
335117.3125,141022.09375
288709.09375,130686.296875
345641.59375,85268.6015625
298563.1875,79575.703125
330472.8125,109518.796875
286870.59375,13334.599609375
320393.0,121484.203125
356379.40625,170651.796875
349187.59375,168929.796875
309750.09375,79332.0
305787.59375,112255.296875
429299.5,320031.59375
355965.09375,185175.0
455591.59375,267507.3125
556464.625,247371.40625
373285.0,276950.6875
491131.90625,263038.5
360793.40625,200951.0
383394.0,240926.40625
338151.3125,139800.09375
406435.3125,294772.90625
292577.6875,26817.900390625
325786.5,74624.296875
318148.6875,191832.0
427203.1875,203406.5
308837.59375,96387.296875
322832.40625,90189.5
550436.1875,95213.5
389317.0,243346.40625
430802.3125,269784.59375
364170.3125,167270.90625
356224.5,155360.0
280209.0,110305.3984375
372513.6875,221281.90625
519517.8125,243031.59375
426835.90625,309698.0
600554.875,34288.8984375
457964.6875,228110.90625
381286.09375,206082.0
453617.1875,220683.59375
400566.5,242867.703125
524480.875,227800.296875
403972.09375,199677.09375
259280.5,13034.7001953125
475530.3125,223099.796875
389279.40625,221695.203125
317341.0,132682.90625
306893.09375,22019.69921875
510519.59375,251102.296875
254541.5,21008.599609375
426699.59375,320816.0
540693.125,281110.3125
355436.59375,211109.90625
373265.90625,212355.0
406691.3125,75630.5
377928.90625,257436.296875
298283.90625,38671.8984375
509702.3125,233380.5
387971.5,235703.09375
356303.59375,161152.296875
294042.5,23403.400390625
318148.1875,60118.8984375
453916.5,205812.796875
305489.1875,80279.0
298062.59375,136121.703125
401916.59375,197828.296875
430651.09375,300543.5
480222.09375,199302.90625
455619.8125,331932.0
498454.0,242688.90625
496340.8125,258211.40625
496402.5,275891.90625
329861.6875,74320.8984375
297311.3125,96947.6015625
331150.1875,118900.0
345573.40625,153341.40625
285149.90625,39655.19921875
437938.1875,131429.40625
299567.59375,75418.3984375
318543.90625,13870.0
272054.59375,34041.6015625
396670.6875,175102.09375
294094.5,86691.703125
322940.6875,62930.69921875
312315.09375,88713.296875
289441.8125,83138.796875
535099.375,244276.703125
460531.59375,272666.1875
329228.0,141128.40625
448679.5,217563.5
330039.09375,94988.796875
498007.90625,310866.09375
401347.6875,300484.90625
315977.59375,95765.6015625
498618.40625,23862.099609375
381606.6875,174847.296875
507887.09375,327481.3125
353803.3125,155355.90625
320075.09375,75419.3984375
354593.0,140295.796875
365550.1875,218594.09375
334216.0,175411.703125
396882.40625,230604.5
395640.09375,250104.09375
518103.59375,242974.296875
329059.59375,73786.1015625
327142.90625,131375.09375
308254.6875,45075.30078125
490314.59375,271113.8125
353538.59375,214912.09375
400774.40625,243991.796875
574377.1875,72644.0
536890.125,239559.90625
540229.3125,118586.8984375
308919.0,25341.19921875
359257.0,241833.90625
295766.5,85920.203125
515007.1875,98027.0
377019.0,231050.796875
329158.8125,84025.203125
398672.59375,239980.0
341859.59375,137463.09375
348936.09375,224754.09375
333918.6875,97091.8984375
303865.6875,16109.400390625
390920.0,266115.09375
278855.5,33411.69921875
426116.09375,241715.90625
427322.1875,208156.296875
315521.59375,85240.796875
259837.40625,57159.19921875
381411.59375,214291.703125
342950.8125,109545.3984375
624033.1875,128573.296875
309992.6875,167389.90625
315665.3125,82699.703125
370273.40625,185425.5
386520.8125,145059.203125
302465.09375,108518.0
466341.09375,285386.5
403587.0,239574.0
403643.1875,222282.59375
268828.8125,18995.900390625
304116.5,28384.30078125
334509.8125,163342.40625
312782.8125,60345.3984375
329340.90625,100978.5
546393.375,105017.1015625
305890.59375,104749.796875
318301.6875,165991.09375
424290.09375,249377.796875
487861.3125,207404.40625
443427.09375,210151.703125
308028.1875,110505.3984375
305953.6875,116047.1015625
371717.3125,213344.40625
548397.5,22463.5
562124.5,300098.1875
333196.5,194556.203125
542957.6875,155418.0
445857.8125,309476.40625
309534.40625,107934.0
418823.8125,202462.703125
394514.59375,211247.296875
506947.0,329009.6875
300397.1875,64975.8984375
316471.0,61451.69921875
494178.8125,332045.1875
529367.125,171905.296875
318468.90625,16977.900390625
419227.90625,265774.6875
555902.875,157842.90625
330971.8125,151481.40625
251873.703125,15032.7998046875
301750.8125,65971.203125
510490.09375,300423.5
520798.90625,248047.59375
259442.09375,145793.5
493408.59375,306198.59375
471651.5,227381.5
288899.40625,36941.1015625
308355.6875,57599.19921875
319709.59375,63410.8984375
316417.90625,104901.8984375
440273.6875,244625.796875
504691.1875,113291.796875
433728.6875,222674.09375
408055.59375,300139.59375
335635.8125,182200.296875
422175.59375,231364.796875
544265.8125,233960.90625
344112.6875,163219.703125
438173.6875,262506.09375
359809.09375,205247.296875
448832.1875,274555.3125
422545.6875,155629.0
441491.3125,220085.796875
387559.3125,228341.796875
524821.1875,232294.0
520835.40625,346954.3125
326500.6875,72445.703125
378621.09375,247778.90625
560473.1875,29931.099609375
447193.40625,244030.296875
367967.0,184948.203125
420114.0,249355.40625
368928.0,234421.703125
547419.8125,72669.3984375
449916.8125,262479.6875
311792.59375,77729.0
327738.09375,119628.1015625
267534.0,17687.19921875
344673.0,161084.59375
294943.09375,30983.900390625
365100.1875,14570.2998046875
484261.09375,281145.8125
416747.40625,288265.40625
325621.40625,222206.703125
328429.09375,101259.5
302229.0,27459.30078125
507501.8125,217718.203125
440901.59375,178425.0
327586.90625,159108.5
526364.3125,189559.203125
400781.40625,207731.09375
496033.6875,289833.8125
284482.6875,15457.7998046875
426791.09375,253091.796875
563274.625,140934.796875
256045.703125,14939.5
315194.3125,14251.2998046875
269192.40625,25643.30078125
342772.59375,173077.296875
416595.8125,16737.400390625
413701.09375,134984.703125
314503.6875,37133.1015625
362843.09375,205841.296875
443517.90625,242071.296875
307127.3125,40726.8984375
345878.6875,180654.296875
517317.09375,154627.296875
336580.3125,104479.296875
320886.90625,99746.296875
561234.1875,159613.5
526444.3125,237351.40625
435140.59375,280823.90625
315697.40625,67875.796875
313575.0,95485.296875
294524.8125,106426.3984375
287535.8125,85876.8984375
470346.59375,205809.0
292135.6875,119703.703125
335043.0,155012.703125
325426.5,121926.1015625
415524.90625,253968.59375
388979.6875,176488.703125
342301.90625,152408.703125
558290.125,82991.703125
310098.40625,69492.3984375
469255.6875,264829.6875
287143.6875,69415.8984375
300367.0,62285.6015625
273220.90625,91119.3984375
279778.90625,176519.59375
318756.59375,109255.0
290089.40625,171374.203125
393537.8125,241032.40625
328119.40625,124933.1015625
257759.203125,45079.19921875
419544.0,275397.40625
512800.3125,25504.30078125
290456.09375,59868.1015625
444740.90625,165632.296875
456297.09375,360746.8125
330790.6875,65059.0
484953.3125,295621.40625
507483.6875,335790.40625
269357.6875,42915.19921875
330888.3125,111486.5
331336.6875,109959.5
311008.1875,130116.703125
352552.90625,235887.296875
368095.09375,198707.703125
380174.90625,217831.796875
429393.59375,203126.796875
344204.8125,214353.40625
525741.0,304177.6875
375480.09375,172708.59375
549380.3125,23066.900390625
323914.09375,144261.59375
292575.6875,194234.203125
398856.5,320094.1875
520063.6875,291492.3125
449074.0,238560.40625
322040.40625,159516.703125
451929.59375,337563.6875
371481.40625,199855.90625
397315.6875,264696.59375
470578.59375,282470.1875
303900.90625,86708.0
280749.90625,15247.7001953125
470119.5,266522.5
341800.09375,154181.90625
307101.3125,41897.5
513265.90625,230723.0
299822.40625,109007.3984375
306109.40625,102715.6015625
418799.09375,188478.296875
464317.1875,276887.0
348417.3125,176383.296875
250647.59375,169465.59375
316770.6875,31447.69921875
292672.90625,24750.80078125
320316.09375,237916.796875
493656.8125,209902.90625
492196.8125,262784.90625
319414.6875,70986.796875
437546.09375,254984.296875
299372.6875,15638.5
314834.3125,114390.3984375
536458.125,226961.703125
316430.90625,222049.296875
319902.1875,84352.203125
323669.5,189928.703125
304883.5,69773.8984375
297785.5,114252.703125
524705.3125,205276.203125
329596.09375,177621.59375
406416.09375,263610.8125
382822.0,224495.09375
424987.90625,245391.90625
322613.59375,94796.203125
342342.0,195593.296875
354662.3125,162313.40625
544258.625,217051.5
415061.40625,197874.40625
398895.90625,204793.09375
284793.1875,19403.30078125
537243.125,267029.09375
357634.8125,188772.796875
260361.59375,14820.7998046875
325827.1875,128087.0
423231.09375,205533.203125
362811.8125,217641.40625
365346.59375,185409.296875
315309.0,151639.5
335280.90625,134073.0
303038.59375,84761.6015625
304951.09375,30467.80078125
444284.59375,252608.59375
490713.1875,297900.8125
308545.09375,99437.796875
373185.1875,263417.5
370571.59375,173068.09375
480441.90625,233384.296875
556218.625,125877.8984375
483042.09375,277720.6875
314779.59375,13516.900390625
445892.1875,217128.59375
305132.0,73496.203125
309900.59375,88085.1015625
384110.5,179143.203125
331231.6875,70810.5
302303.09375,51890.1015625
304630.59375,157541.59375
434992.1875,285473.90625
531188.125,70263.6015625
454340.8125,334742.3125
304106.0,51923.19921875
291440.59375,142180.90625
470481.8125,114977.703125
421561.5,248994.40625
485268.90625,242491.703125
380185.59375,237317.203125
323273.40625,106107.3984375
329421.0,134793.796875
303334.3125,18036.900390625
303480.6875,51251.3984375
426369.59375,185701.5
309571.59375,33822.1015625
309189.0,153636.59375
304489.90625,15535.5
291059.90625,28365.599609375
379478.59375,230877.796875
284444.6875,40009.5
561401.8125,171865.796875
390056.09375,220529.59375
458231.90625,237725.796875
432851.59375,284250.8125
281435.1875,18332.0
552055.125,190693.40625
494488.59375,243592.203125
300274.59375,40935.8984375
306076.5,54548.0
343891.0,237794.203125
262691.5,47987.80078125
321010.3125,73513.3984375
544648.625,87016.296875
460228.6875,354411.90625
302694.09375,115345.6015625
285979.09375,14147.7998046875
546817.8125,225086.296875
507549.5,231903.703125
296006.8125,13100.2001953125
300792.1875,128968.796875
333771.6875,112816.3984375
558060.375,174578.59375
432427.09375,278631.3125
315857.3125,151431.796875
322937.59375,162388.59375
300231.59375,42640.30078125
456009.1875,298599.3125
271654.90625,73588.796875
383098.6875,185675.40625
339863.59375,162883.40625
515614.40625,258406.5
298951.40625,29558.900390625
293441.09375,26825.5
317495.0,66145.1015625
308211.59375,64031.3984375
474446.90625,220169.5
405884.90625,295643.09375
340164.09375,133286.59375
458062.8125,220649.0
325651.09375,144290.296875
402185.3125,237275.90625
440311.5,187940.09375
312600.8125,61840.30078125
374811.09375,218280.40625
313240.1875,16149.7998046875
337354.59375,223698.796875
498272.5,298728.8125
487062.40625,243923.796875
473053.1875,241326.90625
361422.0,190066.09375
460500.6875,285699.5
356716.09375,203598.296875
328887.0,118670.203125
405056.5,288570.5
305675.0,204160.296875
338156.3125,136639.5
423668.1875,310809.59375
348198.09375,258580.90625
459635.6875,322648.40625
317645.40625,201772.0
307472.59375,19081.599609375
264876.09375,35071.6015625
427571.09375,182375.796875
329007.3125,99503.3984375
525779.0,258583.09375
336496.0,152416.703125
337768.1875,161105.703125
407784.09375,315736.3125
322988.5,129892.796875
259769.59375,147805.09375
289434.90625,168874.5
520100.09375,188626.90625
256720.0,35627.0
435293.5,279412.8125
300690.0,88110.6015625
344299.1875,135794.0
556688.8125,185749.0
340278.1875,154950.09375
462052.8125,319235.59375
283024.09375,83918.703125
457979.8125,249826.0
516311.5,213215.09375
263122.5,136118.296875
290117.59375,54161.6015625
470154.09375,256510.296875
378725.5,218353.59375
275983.3125,14299.7998046875
369919.5,225680.703125
332741.6875,147100.703125
447626.0,237888.703125
315341.09375,85821.3984375
366524.90625,163544.5
332522.90625,130667.6015625
399236.09375,243036.296875
314442.3125,78728.296875
311890.09375,13209.7998046875
367136.0,249108.59375
302222.5,72895.703125
422583.09375,232824.796875
319162.1875,103127.0
323732.90625,36326.19921875
389485.09375,215825.40625
501719.5,274591.0
610977.125,113376.1015625
457402.3125,274584.0
439716.8125,298372.5
349098.1875,216435.203125
319446.6875,92657.296875
571565.625,65502.30078125
475898.5,239374.5
312075.1875,115742.3984375
315632.40625,66389.796875
381802.0,262992.09375
575160.0,95407.6015625
318500.0,72433.296875
349118.40625,164173.5
342309.1875,196939.0
259952.5,110213.1015625
420891.6875,270507.6875
483131.6875,264664.8125
297252.40625,34557.8984375
517477.59375,289796.3125
456038.59375,232617.0
496738.90625,289292.5
447728.59375,300547.09375
540145.3125,128766.5
291523.6875,53576.19921875
540228.1875,276471.1875
382310.40625,245665.40625
314890.09375,69136.296875
548251.125,125119.1015625
308504.1875,19995.0
340606.59375,150263.296875
312906.40625,50028.8984375
336111.0,159690.5
517152.5,73075.1015625
318520.5,123030.6015625
346058.1875,96790.0
422546.59375,202630.40625
407749.09375,246001.59375
356764.6875,170876.796875
479566.1875,272412.40625
311782.09375,78097.703125
349655.6875,174118.90625
294925.8125,39821.5
431392.59375,211623.703125
384622.59375,208177.796875
345312.59375,223538.09375
609749.375,220550.09375
564081.8125,30254.0
484605.3125,218903.296875
244458.796875,31316.5
294962.1875,42937.0
534405.625,121326.8984375
453092.59375,288833.09375
421757.59375,263460.8125
559650.1875,190596.796875
340857.8125,57442.5
576151.3125,30797.400390625
285056.0,143129.59375
313302.3125,104334.296875
488551.0,280029.1875
313178.59375,142918.09375
377706.90625,183534.703125
269364.90625,140326.5
524963.625,330981.40625
384986.8125,37578.0
319919.09375,110779.296875
326242.6875,86693.8984375
451805.8125,255428.40625
310672.09375,58194.19921875
429978.3125,215191.5
457425.40625,258513.203125
341344.59375,112855.796875
541925.0,305115.8125
245426.09375,48175.1015625
463246.3125,236803.296875
524030.0,321386.59375
346192.09375,176414.90625
434781.1875,249254.40625
507928.90625,209313.5
449144.90625,255655.09375
304029.6875,91867.296875
350878.59375,146248.09375
510856.5,263584.09375
332084.1875,146824.703125
321335.6875,105072.796875
507582.0,166965.796875
302330.90625,75252.1015625
304020.8125,56513.3984375
440770.3125,193434.796875
343958.1875,147581.90625
550683.0,42708.6015625
443468.59375,245377.09375
346589.6875,199198.5
306859.09375,188712.796875
391535.09375,249058.5
307770.8125,84284.796875
476850.5,319968.09375
580467.375,98828.5
436487.09375,211500.09375
301617.0,17063.80078125
262342.1875,55002.3984375
491974.6875,293677.90625
547437.625,216342.40625
342136.6875,234299.40625
328533.90625,80488.0
310120.90625,104938.6015625
514499.8125,207020.5
310213.8125,63568.30078125
317285.5,80102.6015625
432526.09375,297234.40625
281571.0,50397.69921875
335476.1875,182459.203125
304109.1875,64070.30078125
296700.90625,20391.900390625
376475.0,207744.703125
536847.625,259747.796875
340831.0,94896.296875
327616.1875,124349.296875
348469.59375,148248.0
330592.0,122546.203125
337071.0,187420.59375
438797.1875,216185.0
420993.6875,268010.59375
435421.59375,130554.6015625
396540.09375,213555.703125
484272.5,340756.6875
331631.0,175687.0
270956.6875,164906.296875
455879.90625,193347.40625
341911.40625,84729.296875
289767.5,91276.296875
306273.3125,47450.80078125
308811.8125,145166.703125
349550.1875,34486.1015625
486843.8125,237112.09375
283556.6875,28035.80078125
343777.40625,54386.3984375
334621.90625,223657.40625
547432.625,110328.6015625
441302.3125,197897.90625
421980.40625,289976.0
301076.90625,24960.0
421116.3125,275107.90625
296408.90625,124454.703125
340400.59375,196765.09375
313850.59375,181564.5
540607.875,246207.59375
483607.0,354633.0
411400.09375,103286.6015625
532218.0,321227.59375
518430.90625,325718.59375
286602.90625,33080.30078125
383606.8125,219566.203125
427538.59375,203130.703125
381535.40625,283706.0
308507.0,17530.900390625
369932.0,258666.59375
342068.59375,81887.8984375
242113.5,50521.19921875
394828.90625,229423.90625
291245.09375,13188.099609375
414165.59375,281796.40625
513914.40625,253367.203125
318770.3125,14838.7001953125
321017.59375,161295.5
509015.90625,379958.0
313187.90625,55209.30078125
350312.90625,239160.90625
308991.90625,155492.703125
400689.8125,277738.8125
301649.3125,72306.703125
397140.8125,214424.796875
499099.3125,307701.5
375275.6875,204699.09375
286564.1875,189438.796875
302489.09375,101223.8984375
496089.40625,182882.296875
283326.0,13587.7998046875
504584.90625,224816.203125
327006.8125,129273.703125
303367.59375,70609.1015625
596309.8125,102564.203125
526777.6875,311871.59375
291743.8125,18100.19921875
309387.8125,13119.7998046875
562251.3125,124428.0
372203.8125,184631.40625
511979.0,251701.203125
466833.3125,308569.59375
467061.5,256216.703125
387394.90625,249027.203125
397900.5,257972.5
292693.59375,87605.5
537391.875,266718.90625
484272.59375,250891.59375
464260.90625,271602.59375
359842.3125,188212.703125
378054.1875,212704.59375
276121.0,160570.40625
441357.6875,209635.90625
289928.40625,14227.400390625
332461.90625,148097.296875
401348.90625,188485.90625
386682.1875,246297.09375
302006.5,18410.19921875
303205.8125,48905.6015625
321252.1875,109306.703125
461765.40625,291630.6875
385811.8125,255365.203125
557174.125,20352.599609375
304866.6875,53100.1015625
405631.8125,246261.203125
304308.6875,103904.6015625
290670.8125,43659.3984375
398002.6875,251437.796875
525156.625,209800.40625
284788.5,30652.69921875
338955.8125,154944.09375
432389.40625,243495.40625
433665.8125,235554.703125
437824.1875,338871.59375
499967.8125,378040.6875
435841.1875,294761.1875
404686.0,249340.796875
408354.3125,273390.8125
395875.3125,234901.0
448020.1875,231730.09375
401635.3125,179771.90625
292461.8125,51470.19921875
310912.6875,111665.703125
433173.3125,226334.90625
495780.3125,214677.296875
527589.625,205042.09375
292738.40625,22960.0
502848.5,193901.59375
320892.90625,172277.59375
449969.3125,169044.203125
441465.0,182942.203125
316300.0,32246.19921875
278657.59375,160733.296875
499814.09375,211742.40625
350809.0,245978.296875
487274.40625,256678.40625
427604.90625,313354.1875
383201.8125,241305.40625
384173.59375,242590.5
311745.90625,104371.8984375
458596.0,253707.203125
456449.1875,295068.6875
334264.40625,136239.0
313929.0,103865.796875
351907.3125,139447.296875
515389.3125,203769.703125
281858.8125,53629.8984375
350486.8125,174835.203125
340319.3125,18338.400390625
552516.3125,47982.6015625
504874.6875,266509.1875
447065.5,174684.703125
285554.5,14255.7998046875
426956.3125,171331.59375
417431.6875,294739.1875
528544.8125,191128.90625
300246.90625,46299.8984375
403474.3125,199682.5
401686.5,261961.0
301961.5,49606.1015625
537372.875,284683.09375
344819.3125,135415.703125
286969.8125,167235.09375
255521.703125,22138.900390625
345661.59375,235623.296875
345556.0,201730.09375
434993.90625,270461.5
305378.5,79813.203125
439334.59375,51470.3984375
429791.09375,226019.796875
424455.6875,274451.8125
466007.09375,248850.0
408293.0,247869.703125
325833.3125,143497.09375
319575.90625,114706.3984375
296836.3125,40463.8984375
364778.3125,209538.703125
490384.6875,279745.6875
404252.09375,226468.90625
293527.09375,28974.5
548043.6875,138097.59375
328176.5,84189.296875
535055.375,284937.40625
420278.90625,296897.1875
304147.8125,46966.80078125
318104.8125,154264.40625
329225.09375,235071.59375
316905.3125,106710.1015625
279810.1875,121514.203125
300918.5,29361.80078125
339156.3125,208490.59375
411914.3125,228929.40625
444955.90625,245632.59375
292764.0,58669.6015625
511500.09375,64419.69921875
338336.90625,180324.5
473915.1875,258433.09375
375173.8125,162579.59375
501318.40625,272593.5
458556.8125,242850.09375
530168.5,265667.59375
342771.90625,248750.5
519935.5,288537.1875
331855.09375,52308.8984375
432758.90625,244406.40625
386026.3125,289674.40625
505949.09375,292465.40625
382355.90625,205497.703125
457844.8125,319556.8125
500620.0,192525.59375
378475.0,298301.1875
304742.8125,107824.6015625
509923.40625,59398.0
311673.90625,46107.69921875
545903.8125,202113.40625
363582.6875,237818.59375
473896.8125,284049.59375
490558.8125,223891.40625
364558.09375,213959.59375
319763.5,23192.80078125
285986.40625,48040.5
363973.8125,175529.59375
339361.1875,187464.703125
511402.90625,18990.900390625
418911.3125,162441.09375
338800.5,153180.796875
471704.3125,291329.1875
551702.3125,70514.3984375
331108.3125,156218.203125
500287.8125,275851.59375
524690.3125,292616.8125
309793.8125,91494.8984375
553836.375,208563.0
252307.09375,27097.099609375
293394.3125,85599.703125
362881.40625,208462.90625
297694.90625,54665.1015625
356025.40625,190586.59375
480359.5,316349.5
431067.09375,264564.6875
389616.1875,187821.09375
303381.3125,46764.1015625
332446.40625,153952.5
279896.5,27736.19921875
348498.5,145521.203125
497638.59375,237498.59375
296429.09375,34399.6015625
614739.375,282287.0
329566.40625,71582.203125
270408.8125,76749.203125
354910.1875,190568.5
407734.1875,240323.09375
320864.3125,134827.5
334518.59375,94785.5
439547.40625,264409.40625
425166.40625,268696.8125
305753.59375,16746.0
512219.40625,324271.6875
382007.8125,234674.203125
525421.5,200912.796875
481894.8125,290825.8125
492545.40625,251888.0
311956.8125,121639.3984375
485107.90625,261703.40625
503759.40625,234994.5
324160.1875,95841.1015625
387064.3125,249277.09375
300674.5,15416.7998046875
407066.3125,284523.3125
278698.40625,28274.0
362236.5,221592.203125
491019.3125,216635.09375
357587.40625,180340.59375
534557.375,258552.09375
411431.59375,176404.203125
372430.09375,199845.796875
285194.90625,16426.0
355697.5,217250.09375
541404.875,268722.0
361648.0,198991.703125
305409.40625,101350.3984375
424748.6875,266256.09375
325120.3125,113255.1015625
298501.1875,60343.19921875
444907.90625,289812.5
302325.40625,58452.3984375
410893.90625,272157.6875
497276.3125,180919.90625
299576.1875,20115.599609375
331662.3125,105101.703125
518873.6875,221008.203125
252229.296875,27485.0
494599.40625,350552.0
317295.40625,135595.90625
518313.40625,118099.296875
312137.09375,120585.5
484900.6875,254234.59375
329322.0,215609.796875
284188.8125,100977.8984375
294716.3125,28852.599609375
314798.1875,129492.1015625
381643.8125,99949.1015625
471471.5,305444.1875
352888.90625,163986.0
313415.8125,94395.0
320908.40625,138164.59375
326003.5,107622.0
404102.40625,186330.0
302809.8125,32992.6015625
455997.3125,277365.59375
329901.90625,58003.5
458197.5,287001.1875
553834.5,204715.09375
576045.875,40614.5
393804.0,269432.1875
381863.90625,285036.0
342486.09375,19710.400390625
510189.6875,290118.59375
267286.5,85903.3984375
386736.90625,155159.296875
333600.3125,124280.8984375
389775.90625,155448.796875
353021.8125,187369.796875
533398.1875,21655.80078125
242491.59375,26369.0
339143.90625,148382.796875
394898.1875,170464.40625
346167.0,185995.59375
263959.40625,14127.900390625
281418.0,163825.59375
369279.90625,243673.0
444645.0,234436.90625
351505.1875,182665.0
481861.90625,234774.40625
299465.90625,17648.69921875
540289.1875,88251.203125
541277.875,218669.796875
282848.59375,102495.203125
377818.1875,172720.796875
391485.90625,182213.90625
295441.3125,101780.703125
365545.6875,207954.703125
302026.1875,21594.400390625
548192.875,223632.40625
490666.0,302169.40625
351012.0,100306.203125
283641.8125,84872.296875
447811.09375,259106.09375
547149.1875,147779.90625
405593.1875,227451.203125
300741.5,62142.3984375
365706.90625,194549.90625
324570.09375,83099.3984375
542309.6875,284843.1875
392642.3125,284038.8125
340952.90625,99974.3984375
514205.59375,284866.0
287739.40625,40391.30078125
513139.5,238185.40625
483657.5,294677.59375
377534.40625,180632.90625
305749.59375,15110.2998046875
294561.6875,83465.8984375
322237.90625,182440.40625
366703.09375,208904.90625
521817.1875,171304.703125
519649.90625,286352.3125
285465.3125,152344.703125
255545.703125,16409.69921875
438289.90625,256969.796875
396369.90625,236586.796875
305583.0,53113.3984375
315270.0,75894.1015625
329533.3125,142684.0
400652.0,224852.90625
375618.90625,305239.40625
374912.1875,228359.0
287905.59375,117106.6015625
307179.1875,51274.3984375
424595.5,219193.90625
301559.40625,119265.5
330432.40625,141357.90625
502419.40625,309242.90625
532146.125,189385.40625
362974.90625,160072.296875
510032.90625,203480.296875
263545.8125,177604.0
522698.6875,277380.6875
335546.0,165413.40625
262978.90625,39855.80078125
454678.09375,88739.296875
317211.59375,194006.40625
387739.0,241373.90625
545700.0,164956.09375
424704.3125,278203.5
489584.0,144408.40625
533030.5,252237.703125
320233.0,60691.80078125
366745.90625,299656.40625
380259.1875,255843.5
355512.3125,215806.09375
553801.875,148572.796875
516124.6875,227116.703125
314145.90625,87579.3984375
275129.59375,19466.0
549226.625,180045.296875
480407.09375,178775.40625
315615.5,24598.400390625
345245.1875,165283.90625
333744.5,130799.1015625
310016.8125,128187.0
337674.90625,192261.5
432298.0,260441.90625
438765.0,289292.1875
555264.625,161413.09375
367282.1875,143979.40625
504748.40625,304183.5
465538.40625,274744.40625
353388.3125,189938.59375
432133.8125,272339.09375
306554.8125,96971.296875
322235.8125,179738.40625
429346.59375,239651.90625
331375.1875,92621.796875
309849.8125,66380.0
291039.40625,14773.900390625
454231.0,222467.703125
419518.40625,298492.6875
306822.40625,88581.703125
400940.09375,253583.0
463891.40625,292579.40625
291535.59375,25094.900390625
379260.09375,191239.09375
304106.1875,28231.69921875
366016.90625,193916.296875
312851.40625,88840.796875
530300.0,233799.40625
404901.1875,240459.40625
306867.3125,58793.80078125
351676.5,189055.0
307311.8125,67864.5
371978.5,175640.90625
415155.6875,164893.90625
564069.0,162959.296875
342425.1875,126683.0
339816.6875,130209.1015625
469981.59375,281926.1875
521684.1875,230969.703125
452691.40625,238596.796875
324056.8125,129643.5
381223.8125,167477.796875
541154.1875,62213.8984375
243913.59375,79336.5
330448.8125,124489.796875
311807.40625,90550.296875
580054.875,34189.30078125
538919.125,196096.796875
488654.6875,144826.40625
539764.1875,160283.09375
487642.0,236498.203125
436311.8125,171064.59375
301646.40625,235208.296875
492768.1875,235334.90625
482473.0,240249.0
458012.6875,257786.203125
425055.8125,335733.5
513769.5,215838.703125
302371.09375,86213.203125
353043.09375,210639.203125
322067.40625,160902.296875
481940.40625,349187.3125
316488.3125,71383.0
306518.1875,86589.3984375
323053.59375,130867.0
490582.09375,258069.296875
470379.1875,271430.90625
316064.90625,39355.8984375
530644.0,24654.099609375
419462.0,250292.5
505841.59375,252239.296875
319430.8125,144583.59375
492266.59375,230369.203125
388541.90625,288964.6875
456978.09375,349955.40625
395824.40625,161602.40625
421165.59375,298231.0
498728.3125,264080.8125
286802.90625,40239.30078125
438325.40625,247999.296875
572391.125,22177.400390625
349280.0,169587.09375
464946.09375,249981.796875
362154.5,226436.90625
248612.703125,90409.8984375
345954.40625,194755.90625
447394.59375,278201.59375
506025.1875,180790.09375
288392.6875,19680.900390625
554293.0,253949.40625
553940.8125,227165.59375
267316.3125,23728.80078125
329214.09375,268153.09375
515600.90625,172451.296875
368306.3125,206932.296875
337097.90625,119498.8984375
496157.6875,283217.90625
459741.0,290996.0
302877.1875,13337.2001953125
357216.8125,192081.0
389902.09375,219918.703125
430504.59375,207851.59375
305422.09375,73556.703125
507094.5,270200.40625
468696.8125,274619.3125
562580.625,26590.30078125
387454.09375,301403.90625
292430.3125,52610.0
528596.0,249301.40625
356924.90625,217909.40625
394704.3125,240104.09375
538755.125,45530.5
281858.3125,16092.599609375
317999.59375,76414.203125
310969.09375,30723.400390625
426091.3125,179185.5
423889.3125,220679.296875
327273.1875,162944.296875
545240.875,128830.8984375
329271.1875,77014.203125
346933.09375,105833.0
485257.90625,284598.3125
421881.09375,272770.40625
487118.0,231119.09375
334288.09375,127180.296875
287813.40625,52012.5
320186.1875,74385.8984375
431809.90625,262780.40625
358367.09375,116625.1015625
527549.6875,271665.40625
308374.5,14374.400390625
412191.40625,254578.5
483580.3125,240538.09375
556437.375,148711.59375
529133.875,157278.59375
310710.59375,90993.8984375
466763.5,274285.5
428786.5,241192.90625
328708.6875,122674.703125
336225.1875,145973.796875
497567.40625,266181.90625
302878.40625,70732.203125
245526.203125,163625.203125
436173.6875,256678.703125
476850.6875,272677.8125
545789.0,19969.400390625
328816.59375,140828.0
357460.8125,222134.796875
370642.40625,275198.3125
324102.90625,102279.296875
381243.09375,240141.296875
273971.40625,62808.5
303804.09375,33749.1015625
433402.6875,160897.09375
391530.8125,248788.09375
303719.3125,44094.0
334013.40625,159746.296875
472757.0,338172.59375
287390.59375,61010.80078125
394157.90625,82035.3984375
395076.6875,252992.59375
331058.6875,96221.8984375
432758.5,71588.3984375
423998.40625,213625.40625
336788.3125,145422.796875
339319.90625,126335.1015625
417385.8125,248900.90625
434153.09375,232613.90625
496526.90625,202230.296875
338517.3125,162577.703125
419435.0,175182.5
355248.59375,193777.703125
293642.90625,158600.296875
388581.5,226409.90625
464442.90625,269786.40625
455966.09375,322428.6875
300761.09375,37261.3984375
437545.8125,276715.90625
427983.3125,288478.5
456042.1875,124193.703125
373005.59375,225001.703125
345867.1875,202409.796875
358728.09375,234892.5
466164.8125,219564.796875
508503.90625,211441.296875
513902.5,279474.90625
521960.6875,314329.40625
529253.5,268407.09375
399973.0,287018.59375
404806.3125,230102.0
295718.5,41914.30078125
342219.1875,253168.5
538211.1875,215938.59375
327287.5,141429.59375
291406.6875,29705.19921875
358857.5,173643.40625
252256.09375,23720.5
411340.59375,229664.40625
364544.6875,242770.0
410091.09375,282949.0
511613.5,244629.09375
527223.1875,236025.296875
519547.8125,209613.703125
324518.3125,74869.3984375
525627.5,232858.203125
462889.90625,311027.1875
294630.59375,64974.30078125
307328.3125,84970.1015625
311232.6875,86713.796875
360800.0,207763.09375
286909.40625,117293.0
391728.5,197103.59375
507848.3125,241527.0
525065.6875,175839.203125
355062.5,230275.90625
327171.59375,121883.3984375
338429.40625,88941.0
421108.8125,295714.3125
531612.5,183019.296875
314354.5,90160.6015625
553011.6875,30301.0
267242.5,28407.599609375
296331.6875,26805.5
405970.1875,267188.90625
415266.09375,222206.90625
299765.6875,49171.19921875
397994.8125,259069.09375
410554.59375,260851.59375
303021.90625,133032.203125
469302.59375,205034.203125
284585.3125,42703.3984375
316883.90625,15615.7998046875
298211.1875,34887.19921875
313005.5,63112.69921875
475481.09375,133908.90625
473721.90625,308362.8125
300430.59375,13078.400390625
503250.09375,301371.5
523767.09375,259424.0
429703.90625,283861.8125
285701.5,14927.099609375
560856.3125,123806.8984375
272403.09375,102542.296875
499714.3125,166818.5
298161.8125,27238.19921875
261823.09375,27142.30078125
550291.1875,235105.90625
377096.1875,245357.296875
461957.5,316654.09375
447690.90625,234625.5
479355.0,232556.09375
455465.6875,276685.6875
308156.6875,52358.8984375
280554.3125,16448.30078125
331163.5,114287.296875
306934.5,48192.6015625
322511.0,94285.703125
340955.6875,191739.09375
286149.5,57406.1015625
520808.59375,169702.40625
312443.59375,101540.203125
268645.3125,52834.30078125
346311.90625,149252.703125
528618.5,277340.90625
317619.09375,82210.703125
491002.6875,340134.40625
527221.1875,162437.09375
376852.5,259316.703125
392597.3125,117728.6015625
255419.59375,134502.09375
414571.0,267613.40625
405528.6875,216798.203125
290828.59375,20980.19921875
374739.59375,158164.5
349272.1875,178968.90625
374157.59375,236130.296875
391274.09375,254650.40625
312276.3125,71995.5
436269.5,253009.703125
363789.5,261953.09375
533305.875,279956.0
421893.59375,301597.1875
464331.6875,228140.203125
343901.3125,162242.40625
372104.6875,128615.8984375
326805.59375,128972.8984375
299241.40625,34262.69921875
317728.1875,100785.703125
507328.40625,284378.6875
241914.59375,23380.099609375
436906.40625,246837.0
486324.3125,18718.80078125
303686.5,23242.80078125
298796.5,26074.69921875
433967.3125,294543.6875
346373.1875,162295.40625
578878.0,150143.296875
382418.59375,234498.40625
538854.5,230658.203125
457338.3125,276373.90625
305834.59375,14393.900390625
339828.5,114776.3984375
316932.1875,85534.6015625
367876.3125,189200.40625
413016.90625,268781.8125
419496.09375,308599.0
386927.1875,234804.0
339656.90625,152177.796875
563316.5,72000.296875
442078.0,203485.09375
287359.3125,35368.30078125
294978.1875,16114.2001953125
362736.40625,113705.703125
324929.09375,161647.203125
403274.8125,252990.90625
299421.59375,33508.8984375
300737.6875,23321.0
281303.59375,58587.5
416298.1875,251200.90625
447382.6875,259282.203125
293507.09375,17328.80078125
454365.8125,260553.5
303262.0,108845.203125
313630.5,105602.203125
531009.6875,74809.1015625
398245.0,151200.09375
372117.3125,216120.59375
413392.0,239920.90625
300415.1875,58481.3984375
306034.90625,103202.703125
389481.09375,228525.90625
346586.1875,202026.59375
302191.90625,91239.796875
482131.6875,227532.203125
320841.3125,146003.09375
357273.5,209371.203125
497027.5,239162.90625
505526.0,203211.40625
593670.875,21650.80078125
317221.09375,61205.3984375
340635.40625,137877.296875
324762.8125,160141.203125
550606.375,190502.203125
310802.3125,14359.5
402531.8125,204054.203125
543040.375,26409.19921875
554075.5,44412.19921875
455247.6875,234962.796875
426375.40625,212294.0
425969.5,218453.09375
359979.1875,212719.703125
517164.59375,257587.90625
526792.125,254272.90625
329271.40625,156535.203125
325333.40625,127027.5
305871.59375,85378.8984375
301572.5,30469.400390625
411660.40625,250771.796875
304974.90625,149268.703125
297207.0,24472.900390625
374047.59375,204916.40625
361530.6875,201043.203125
306483.8125,27613.400390625
305928.59375,134239.5
378626.59375,215552.5
348369.90625,205278.296875
343096.6875,159225.796875
409866.1875,179750.40625
353518.5,202946.09375
474974.8125,231767.203125
396715.8125,174105.703125
506777.6875,228750.203125
498143.8125,229420.40625
351820.0,112332.703125
289530.3125,42611.6015625
395281.5,194368.203125
313134.5,14717.099609375
380031.1875,230162.703125
385046.8125,183120.40625
412135.59375,172377.59375
334098.40625,18902.69921875
483858.5,253720.90625
455243.09375,279735.40625
428409.6875,177859.09375
365060.3125,218329.90625
547103.375,189261.90625
343434.90625,96379.796875
318232.59375,122523.0
298589.09375,38029.8984375
291077.6875,17264.0
512614.59375,210703.5
288871.90625,20128.80078125
291574.0,47387.6015625
452620.6875,298492.1875
300887.8125,124601.3984375
260169.40625,53120.19921875
448180.59375,191510.796875
435988.1875,302921.90625
300697.0,127161.6015625
410490.3125,234298.5
305446.1875,147623.703125
452992.8125,366715.90625
324794.5,94356.8984375
534463.6875,237597.90625
517269.1875,264556.1875
330503.09375,82020.3984375
302025.90625,13486.7001953125
432283.1875,254209.40625
372139.59375,266141.40625
326928.90625,149555.296875
319491.3125,16501.900390625
489479.90625,219205.703125
533683.1875,23560.099609375
286839.8125,15031.400390625
552669.625,300150.0
335334.6875,104234.5
436311.1875,230004.796875
533093.1875,230386.40625
483257.90625,267760.5
463130.0,222438.796875
447293.0,176716.40625
521126.6875,237351.59375
499732.5,270747.09375
364249.40625,185415.296875
512066.8125,234817.40625
291033.0,26270.69921875
323598.09375,129710.8984375
370732.6875,225600.59375
342256.8125,142073.90625
319470.09375,116973.8984375
400569.6875,191957.5
360125.40625,109738.796875
349716.6875,179262.796875
403222.0,203358.09375
398407.6875,282266.6875
500340.59375,207677.90625
311506.3125,66363.203125
316381.0,32483.69921875
396269.1875,228653.796875
379823.1875,240939.203125
349943.40625,176183.203125
341898.59375,212306.90625
283200.40625,39331.0
265724.09375,17648.099609375
391431.40625,160990.5
447109.3125,217258.296875
520249.8125,100048.703125
341344.0,182138.703125
386661.8125,199039.296875
339641.09375,210725.90625
347283.1875,202921.59375
370557.8125,268404.40625
310117.40625,125101.796875
456416.59375,283452.5
462690.0,265719.09375
357759.6875,199845.90625
283760.3125,13273.5
547243.8125,243917.203125
441708.0,221973.203125
545597.3125,206664.09375
345741.0,135155.703125
349900.90625,186517.0
323238.09375,126246.703125
430432.6875,206659.09375
332322.0,178473.59375
325315.0,138749.90625
445695.59375,289281.6875
433646.1875,268634.09375
462455.59375,237148.40625
457758.59375,142484.5
496522.0,229939.59375
525388.1875,149370.90625
551447.0,60590.6015625
316824.90625,90409.703125
437402.09375,273968.8125
355683.09375,152010.90625
453127.8125,246943.0
471540.5,329203.1875
419759.40625,254085.703125
317705.0,57315.69921875
307013.1875,38991.1015625
390060.90625,202313.203125
501153.0,271210.3125
375323.90625,179554.296875
511446.3125,160309.59375
503565.09375,278187.59375
291832.5,14168.900390625
354804.59375,177060.703125
533228.625,220237.0
360598.6875,152769.5
360096.59375,177415.5
264548.0,27481.19921875
367093.3125,182327.296875
314610.40625,101069.203125
259177.40625,25838.69921875
299099.0,33222.69921875
402565.3125,182970.703125
540403.3125,258872.59375
535839.375,251663.5
310845.90625,160666.703125
318672.90625,167604.296875
310451.1875,46428.1015625
370159.59375,221590.90625
367444.40625,224595.203125
314485.90625,77271.3984375
402893.5,223381.0
298083.0,45156.19921875
328268.5,92623.796875
395219.0,264349.90625
410558.8125,224717.09375
355735.0,235035.0
509521.90625,200196.203125
441407.5,241506.59375
562163.1875,43377.0
317994.0,125090.203125
368128.1875,288935.09375
282812.90625,65663.203125
336627.3125,72079.703125
539710.375,309913.09375
324218.3125,179814.296875
303910.90625,43186.69921875
543436.8125,34866.1015625
388514.0,234889.0
291997.59375,36298.6015625
300907.09375,92637.5
517020.40625,346747.0
299722.40625,20497.69921875
415640.0,199171.59375
285002.6875,47771.0
267462.0,94167.203125
464699.90625,283515.90625
343315.8125,167249.296875
510660.09375,323520.59375
332946.1875,237584.09375
444466.59375,230258.90625
464383.0,312551.8125
300629.59375,33396.1015625
447200.0,183808.40625
520695.3125,221207.59375
291291.8125,140598.296875
392308.0,250058.5
292611.0,26080.69921875
332600.0,110605.796875
328653.90625,103361.703125
269486.3125,28009.19921875
535802.375,46104.19921875
338505.59375,209882.0
262078.90625,12972.2998046875
295123.6875,53040.1015625
358549.6875,207271.90625
471875.40625,257498.40625
326548.90625,100308.203125
397043.90625,264464.3125
419005.1875,236386.09375
278333.40625,18962.19921875
353134.40625,115062.8984375
296096.09375,17100.400390625
497024.59375,206277.09375
333611.59375,208181.0
442777.3125,176240.296875
297870.8125,70786.703125
313756.3125,73405.1015625
306106.59375,97563.796875
541946.375,161078.796875
554130.375,192995.703125
526091.875,226103.40625
527350.0,37516.69921875
336873.09375,193725.90625
334767.90625,215556.203125
502976.0,247673.296875
447245.59375,225991.09375
304853.0,48105.8984375
438486.90625,258852.796875
334281.90625,116832.203125
369794.1875,169335.5
365914.5,175284.203125
446400.90625,268588.90625
299658.59375,41394.3984375
288256.1875,22310.099609375
476734.40625,294475.1875
281662.6875,135645.59375
300460.8125,60368.30078125
310117.59375,48325.5
521955.3125,169481.0
518998.1875,242462.796875
280608.6875,157764.09375
529210.6875,214987.5
292679.59375,37387.19921875
242259.0,33062.0
268578.1875,113554.3984375
565508.6875,121194.703125
526542.3125,268853.0
373338.40625,187495.703125
348938.8125,176393.09375
493725.6875,321485.1875
358627.90625,89354.1015625
277806.8125,205833.296875
326646.3125,163068.296875
307210.09375,14361.7998046875
512560.6875,249170.90625
290446.3125,43103.6015625
382904.3125,200364.0
329376.3125,148600.0
303601.6875,19978.80078125
416618.59375,262048.40625
310814.40625,71829.796875
288308.40625,74526.703125
513024.3125,235550.796875
547706.1875,136494.09375
317457.0,64695.80078125
412456.0,275411.8125
286027.8125,40634.5
519075.09375,268851.5
455049.5,244839.703125
500183.40625,248806.796875
292248.09375,26436.900390625
297232.59375,27630.599609375
479688.40625,310593.1875
313692.09375,63496.6015625
264779.90625,52046.69921875
289313.90625,98419.296875
286931.59375,35610.8984375
440409.0,282659.1875
361192.09375,203755.40625
357351.59375,19924.099609375
392110.0,271336.8125
519254.0,176359.5
472656.6875,271870.5
491262.40625,308430.6875
441843.5,236099.296875
420150.1875,303486.5
292546.3125,13405.099609375
459753.90625,220708.703125
466888.6875,233780.09375
332163.8125,172819.796875
524113.09375,329526.5
316021.3125,180385.0
330768.3125,197159.203125
432506.6875,219229.0
528893.1875,195699.40625
307163.6875,90168.703125
387961.09375,223614.59375
455643.40625,251985.703125
532822.1875,218311.796875
457998.5,289246.1875
290299.3125,43872.19921875
494496.3125,252169.59375
306534.40625,81205.703125
430625.5,296341.0
478992.0,249292.703125
311077.59375,87023.8984375
419489.0,227869.703125
380130.90625,205651.703125
443297.59375,235249.5
357170.8125,185200.296875
332864.90625,117719.296875
405246.40625,202065.203125
566646.375,270632.8125
562338.5,54232.0
483306.40625,225587.703125
528619.3125,202763.59375
468224.0,276965.5
361783.40625,243089.796875
292101.40625,56609.19921875
337739.5,153162.796875
561400.125,131760.90625
426058.0,277894.3125
374844.90625,225313.203125
336174.3125,125916.703125
385073.90625,189582.203125
400617.09375,243287.0
461513.40625,179500.296875
439772.6875,98729.6015625
366084.90625,250835.0
328903.59375,129514.8984375
547923.1875,69575.5
473537.5,162140.5
358268.0,217865.796875
298253.0,16861.099609375
310637.59375,83239.1015625
338525.8125,129196.6015625
520047.40625,310530.5
311187.6875,130796.796875
330013.3125,60240.30078125
300025.3125,25908.80078125
396116.40625,245364.703125
452583.59375,231770.09375
482149.40625,251725.703125
349092.5,147620.703125
534102.625,253010.40625
382451.3125,218908.09375
319545.40625,155757.296875
533264.6875,256320.5
461424.0,245306.203125
335157.8125,130584.796875
404742.09375,172026.90625
518911.90625,299403.6875
528001.0,219877.203125
477740.59375,207939.90625
491252.3125,338845.3125
366518.0,166851.796875
271508.6875,151278.5
324099.59375,117223.8984375
303502.59375,61657.6015625
304392.90625,133830.09375
325089.6875,101835.6015625
312106.1875,97228.203125
336021.6875,157349.5
479068.0,250925.0
340197.0,131296.796875
456667.1875,290491.1875
515492.90625,302318.40625
264220.90625,29172.19921875
506518.0,64967.1015625
460720.8125,301327.59375
341905.40625,173043.5
381382.90625,260964.09375
318817.6875,90180.5
331464.6875,237448.40625
365059.3125,181050.5
536737.6875,178337.296875
384515.90625,234414.203125
509483.3125,19088.30078125
259717.796875,41762.69921875
292253.90625,33850.19921875
439508.09375,246825.796875
550698.875,24272.30078125
329552.59375,150512.90625
371445.3125,260360.09375
272908.59375,37639.3984375
553017.625,81342.8984375
365200.90625,257772.296875
377866.3125,236279.40625
458304.0,278962.59375
514107.5,246851.5
414222.6875,269491.09375
320883.8125,80425.296875
323060.8125,109510.296875
572047.8125,29137.19921875
538726.6875,22256.30078125
566030.1875,23149.80078125
310728.90625,87453.5
284012.09375,15398.599609375
294384.90625,50274.19921875
430638.1875,309136.0
506348.5,345945.40625
306831.1875,52562.8984375
496585.3125,103459.296875
284384.0,20713.900390625
353666.90625,156332.296875
522187.8125,232695.90625
306597.5,127982.796875
311480.3125,34636.3984375
342957.6875,157290.0
545315.5,201083.59375
332800.1875,173376.5
295106.90625,24899.0
507768.3125,253914.5
540305.1875,216875.40625
264267.40625,17684.0
377166.90625,231943.5
377467.8125,196633.90625
300141.09375,63234.80078125
283834.59375,28158.599609375
518575.59375,338822.40625
385828.90625,197769.5
514343.40625,247846.09375
449826.0,215039.0
299889.90625,73257.296875
287690.8125,52533.3984375
391071.09375,264199.59375
319245.90625,138057.40625
288576.5,131998.296875
455777.6875,228629.796875
314119.8125,114070.0
381121.90625,205901.09375
275234.6875,26164.69921875
342895.40625,205139.296875
500592.1875,193213.5
314952.40625,85156.203125
433333.6875,259215.0
274503.40625,12260.599609375
473940.5,239600.90625
445633.1875,219170.796875
409762.0,171944.90625
373171.09375,224661.09375
307786.09375,55296.6015625
440157.3125,245301.203125
397562.1875,267269.3125
433242.90625,301938.40625
300408.09375,84747.0
501415.0,271699.59375
338608.5,202874.203125
544579.5,103010.8984375
293448.1875,82333.5
422695.3125,211464.5
438994.09375,31382.400390625
549588.375,158220.09375
333803.3125,124965.8984375
351626.59375,122786.296875
491561.0,267564.09375
291518.6875,21521.599609375
307947.0,34701.0
504355.3125,285607.8125
347838.8125,174242.703125
524279.1875,185842.09375
272011.40625,50759.0
397513.09375,229902.90625
282022.90625,31880.0
378353.09375,198766.59375
303745.59375,36913.1015625
315148.1875,97937.1015625
355307.40625,201373.40625
468914.8125,286736.8125
473960.3125,283735.8125
376187.8125,194852.203125
288839.1875,52458.80078125
320833.6875,117137.1015625
304982.40625,193813.09375
293178.1875,14759.599609375
323775.6875,115594.0
476006.5,55206.3984375
418990.0,285898.1875
498969.6875,211763.5
399695.59375,202506.09375
274710.1875,179959.90625
376572.3125,234544.90625
339547.0,207915.90625
310194.40625,29764.599609375
286987.3125,17230.69921875
520689.3125,237456.09375
322804.8125,78537.703125
428395.5,198130.09375
469571.6875,290153.0
483298.3125,232569.09375
373633.90625,203428.296875
481230.0,258722.59375
550106.5,33953.69921875
423110.5,262204.90625
291415.8125,27058.5
314990.3125,83648.5
430786.1875,155901.203125
508626.1875,337815.40625
314049.09375,104414.8984375
339786.40625,190070.5
353336.90625,171899.0
499320.0,225565.5
554803.875,195517.296875
545754.375,213411.796875
470611.6875,354053.09375
288609.40625,13367.400390625
300360.09375,17832.900390625
305428.40625,115322.1015625
304452.59375,100949.6015625
448488.90625,228472.796875
378294.09375,232038.59375
340720.5,94092.1015625
512495.0,299191.5
478626.40625,254068.90625
471098.6875,230464.5
474653.0,298278.0
312590.3125,129199.5
346180.1875,224015.796875
420037.6875,242028.09375
320175.40625,118581.6015625
508659.09375,213657.09375
392169.6875,258493.203125
290116.3125,48333.69921875
394494.1875,265463.5
514790.0,312563.90625
320282.1875,127596.8984375
291135.09375,19698.099609375
431815.5,266624.8125
512171.5,53368.19921875
348247.0,200798.203125
312863.1875,123430.296875
405464.59375,274071.5
367115.59375,181617.59375
560096.5,127611.8984375
373499.3125,194733.90625
471070.1875,207380.90625
546789.3125,63347.19921875
253683.59375,16101.400390625
315887.3125,145071.0
395224.09375,216604.90625
513711.40625,229996.5
475617.40625,245251.09375
460005.09375,296114.09375
440666.09375,263400.3125
546867.625,22934.099609375
535874.0,250287.5
291565.8125,54857.30078125
336546.5,143677.0
298388.1875,30835.80078125
363736.90625,195393.296875
393149.6875,257819.796875
298250.1875,61272.0
543654.3125,193090.0
473716.40625,262588.09375
277275.6875,202541.796875
450428.0,332255.40625
367666.5,193081.796875
327284.0,156563.203125
309921.5,29561.19921875
303059.6875,161465.5
263965.59375,15525.099609375
544581.5,221099.40625
470205.0,312544.40625
300260.5,59263.30078125
482360.3125,211458.0
366456.40625,205518.5
425650.59375,225432.40625
300293.40625,46875.1015625
298919.09375,20307.599609375
415575.6875,26115.5
344629.40625,139628.796875
443864.90625,271352.8125
311287.0,133837.09375
293569.3125,14022.7998046875
420969.6875,210390.5
319547.3125,44459.19921875
452834.6875,241337.796875
311046.3125,130006.0
376901.40625,205029.09375
453214.40625,229984.703125
460183.8125,166845.90625
302640.6875,57443.19921875
327538.8125,142258.0
279123.09375,118597.3984375
463447.40625,244652.0
409249.1875,244627.0
294401.5,28592.5
358752.09375,219242.796875
360408.6875,298119.59375
294366.3125,35106.30078125
527451.0,183549.796875
276257.6875,44883.80078125
445506.3125,345866.5
499419.90625,237722.59375
298104.09375,77592.1015625
437253.6875,245725.703125
399863.3125,259340.703125
298087.40625,13295.7001953125
293959.1875,13963.599609375
467332.5,225926.90625
391383.1875,277216.90625
313544.3125,228432.5
357838.90625,252051.09375
466845.5,305677.09375
427322.3125,227936.40625
323337.5,120767.296875
484410.40625,226367.0
341909.40625,182583.59375
390054.90625,239428.296875
324843.90625,71381.296875
265273.59375,137668.296875
265889.6875,35352.0
461430.6875,329309.8125
547220.875,174316.09375
501284.90625,287741.6875
312494.3125,118700.203125
321673.1875,76039.0
389820.6875,228226.796875
278805.1875,40101.1015625
336689.90625,147064.0
253771.59375,116259.8984375
399993.59375,231776.09375
354387.1875,163582.5
311347.40625,75364.796875
475890.90625,270644.90625
311492.6875,82562.5
346763.1875,219688.296875
336500.6875,166493.59375
364168.8125,240799.703125
480236.1875,284249.5
314291.6875,80417.796875
313832.5,13668.400390625
479427.8125,243697.296875
558605.5,201777.203125
342591.5,69495.703125
359155.1875,256192.796875
262296.1875,16950.0
305851.8125,46613.0
348996.40625,235402.0
489023.90625,21314.0
371689.59375,239720.59375
412691.90625,218506.796875
453449.09375,280824.09375
521888.5,211132.59375
400913.1875,205454.09375
450359.8125,223559.203125
288621.3125,14199.5
356470.1875,173276.09375
476005.40625,225960.203125
309514.8125,139832.203125
306303.1875,124424.5
354826.59375,155026.90625
436108.8125,350662.5
402003.90625,208189.5
344062.09375,147277.09375
287364.5,42091.6015625
556983.0,268524.5
524355.1875,268972.5
316747.5,56201.0
331506.5,127573.796875
442839.6875,324874.3125
246524.203125,56559.6015625
467324.40625,224955.203125
304187.3125,199674.703125
325942.90625,140809.0
400587.0,213216.40625
388215.40625,232139.09375
560598.625,20515.099609375
340191.5,104618.1015625
291937.3125,21691.30078125
432602.1875,269993.8125
274944.1875,58063.5
355421.59375,201753.09375
319160.0,123365.3984375
352748.0,186185.796875
446915.09375,173862.09375
307598.5,112610.296875
303950.5,66375.8984375
393016.09375,217723.0
426710.90625,216214.5
362181.5,212684.5
385227.90625,206418.796875
320160.09375,82773.796875
444306.0,322435.59375
285059.90625,50045.8984375
292321.5,28163.5
399759.5,199310.296875
498987.6875,231068.296875
281107.8125,72504.0
391726.1875,272085.3125
327344.3125,85947.8984375
544996.1875,214282.703125
287258.40625,158693.296875
512178.3125,236504.203125
323561.3125,186565.703125
317561.1875,85334.796875
289853.6875,20836.099609375
323971.6875,166226.5
289882.0,42278.3984375
303744.6875,13651.0
411888.09375,20543.599609375
376435.0,219283.90625
544904.375,28836.0
264871.90625,36691.0
392945.5,269551.09375
475998.40625,252210.40625
297542.1875,47004.5
420398.0,237688.0
300491.0,77958.796875
337847.1875,141627.296875
372540.8125,255827.0
470284.6875,279624.3125
421289.09375,259969.59375
551446.3125,51529.8984375
277751.3125,56866.69921875
334445.1875,102041.0
415271.6875,229805.5
377994.40625,215830.09375
383399.0,226798.40625
288777.5,27759.19921875
461025.1875,202854.90625
337002.5,165289.796875
304107.90625,66603.6015625
287951.8125,35254.8984375
356738.0,155481.90625
324654.59375,69857.296875
439790.09375,265627.6875
431765.09375,222039.59375
426761.3125,285684.40625
460754.59375,223179.5
310736.6875,166956.796875
357330.8125,206873.0
355224.5,194589.703125
409519.6875,300729.0
349876.90625,95090.796875
417035.09375,260822.90625
467963.1875,255603.59375
339061.8125,149415.59375
502932.0,127945.796875
369956.3125,212156.796875
448172.8125,258805.203125
290633.40625,14509.900390625
554991.3125,154109.296875
262789.09375,178595.5
408255.1875,240452.90625
341439.59375,203325.40625
386489.90625,187272.5
342263.59375,144759.296875
351580.5,137767.59375
547908.375,91190.796875
485175.6875,319380.09375
470214.8125,246402.40625
408076.0,280535.6875
302698.09375,79056.0
584436.8125,92493.0
302720.0,58229.69921875
374138.5,184872.09375
483598.40625,230283.796875
338175.1875,146109.59375
326685.59375,189827.09375
278108.3125,24766.30078125
540007.875,236826.0
463492.90625,194857.90625
484905.59375,228070.09375
405222.5,215649.703125
312858.40625,76576.3984375
303598.0,93844.5
395610.0,267159.59375
408957.90625,202891.796875
465206.5,246032.90625
393033.0,170114.09375
355645.1875,158774.59375
392587.3125,228487.296875
442886.8125,285549.40625
418651.59375,265762.0
302095.59375,54620.6015625
312689.1875,98712.296875
458309.3125,327392.0
531594.375,46493.80078125
525890.3125,233879.796875
462201.5,283797.59375
560790.6875,43349.1015625
381056.3125,325829.90625
556966.875,95253.0
499722.3125,282644.3125
264989.90625,178278.0
554203.375,21371.400390625
541708.625,185586.5
308215.1875,55129.3984375
332411.59375,49950.8984375
404480.40625,262826.8125
299108.59375,37432.0
603785.875,116068.8984375
380246.5,255336.796875
286310.09375,32343.69921875
557141.3125,96234.796875
570287.3125,174149.0
334642.0,149094.40625
305894.8125,101435.296875
308353.0,108294.703125
270113.09375,57961.5
288692.09375,22564.099609375
499686.3125,280311.0
439752.5,220073.59375
279076.59375,102829.3984375
251420.203125,127927.6015625
313814.40625,61252.30078125
488934.8125,201526.203125
348590.90625,215384.5
417613.90625,230019.5
282364.09375,44893.5
475177.1875,301029.90625
280292.0,103846.203125
525881.875,349970.5
513100.09375,152832.796875
332429.59375,79793.203125
293861.1875,19040.30078125
328201.0,137736.09375
473330.1875,251858.09375
288692.5,58915.69921875
464272.6875,309463.3125
427482.90625,249710.796875
340472.8125,176239.203125
381356.5,204274.59375
517637.6875,255593.09375
355893.1875,200214.0
327816.09375,166243.90625
388229.6875,247987.59375
352146.3125,113648.6015625
382417.5,219282.796875
405947.8125,264687.8125
414668.3125,169022.203125
309298.40625,100290.3984375
418432.90625,258670.0
372370.40625,237158.5
451339.3125,326982.09375
315470.09375,50540.5
371042.59375,223463.09375
322596.6875,130784.296875
453859.5,256811.0
318054.8125,129580.0
303258.3125,154254.90625
540393.125,214950.0
491495.8125,196553.0
455510.90625,294811.3125
320223.3125,60826.19921875
487757.0,290912.5
459327.1875,262634.59375
384323.59375,170906.40625
373233.1875,191610.09375
276925.3125,23109.599609375
425101.1875,308936.09375
288244.8125,16785.900390625
416830.3125,320899.6875
496878.40625,342703.0
558057.875,56878.3984375
488695.8125,312390.09375
300090.59375,76565.1015625
379799.6875,296328.3125
312248.09375,120359.3984375
309968.09375,63775.80078125
312562.59375,14531.2001953125
379119.3125,215993.40625
344847.0,208663.09375
364186.8125,185694.90625
480311.3125,125465.296875
385633.1875,210176.796875
286943.09375,61115.0
451141.09375,299183.09375
515879.5,322470.1875
468187.59375,237498.796875
406011.6875,223594.09375
265072.6875,75164.1015625
309993.40625,94745.796875
373405.09375,272476.90625
446911.40625,291892.90625
343817.59375,74425.0
307344.59375,238945.09375
393789.6875,236628.296875
309636.6875,103409.8984375
439032.40625,267246.3125
500905.5,212073.59375
398120.09375,226041.0
330881.90625,129778.3984375
413440.3125,244574.5
482170.8125,281029.5
276380.09375,55643.5
486859.09375,264768.09375
302627.59375,33056.80078125
356947.1875,230134.203125
299607.5,20368.900390625
392195.09375,285894.6875
298159.59375,68890.1015625
402723.5,238141.09375
313123.8125,13228.599609375
438149.5,230738.703125
468226.40625,218803.796875
484919.3125,343516.3125
288052.59375,16348.7998046875
371144.5,214848.5
276156.59375,13606.2998046875
543976.125,182550.703125
493372.1875,215788.296875
317957.3125,38408.80078125
477612.8125,344479.0
282558.40625,91185.796875
479907.8125,234270.90625
269256.8125,76261.296875
417567.09375,255109.796875
310824.5,29197.0
309620.0,68661.1015625
412533.1875,281246.5
292879.1875,32517.099609375
514807.3125,291902.59375
470323.5,263968.0
302562.6875,21013.599609375
378295.5,192545.296875
410190.8125,16676.30078125
353014.40625,147222.09375
448518.09375,225410.90625
286680.90625,200090.0
383927.40625,231472.40625
369736.40625,253127.40625
488466.5,226936.40625
561931.125,98340.703125
475617.1875,340617.3125
537128.125,53585.1015625
507549.0,135541.59375
380856.3125,231393.0
372266.3125,228186.09375
395821.8125,317727.8125
271995.59375,153659.59375
338324.8125,113233.8984375
252991.296875,131435.5
346920.0,178700.09375
330967.3125,153153.90625
250192.296875,41103.30078125
256599.203125,62301.30078125
245682.59375,47735.5
314506.59375,14270.099609375
306679.40625,113033.796875
478482.8125,292849.8125
406862.09375,284289.3125
396351.3125,235875.203125
311772.1875,151594.59375
291240.0,27947.0
419614.59375,252975.09375
274316.09375,134614.40625
334644.40625,134400.5
526806.375,201570.5
529731.875,229130.90625
339513.3125,213847.59375
386904.6875,258042.40625
293206.59375,171763.90625
304989.90625,70654.8984375
367444.90625,183853.40625
432806.09375,207281.796875
428916.0,270683.6875
262593.40625,58955.3984375
249604.09375,18325.0
388622.90625,194809.203125
318250.0,75215.5
325638.6875,96627.703125
421106.8125,215680.0
311389.5,139148.90625
320076.59375,77333.296875
513107.0,216079.09375
340817.40625,147071.796875
282445.8125,27384.599609375
526409.5,296539.40625
311778.1875,125643.6015625
358014.3125,133665.90625
332579.3125,124901.296875
285111.59375,31762.599609375
458155.09375,174329.0
449039.6875,193450.703125
287192.0,14938.400390625
454620.09375,319809.8125
407102.0,235965.09375
424834.3125,242783.40625
281732.90625,155374.296875
536771.5,233226.09375
387322.3125,260373.296875
561673.3125,91969.3984375
397928.5,248322.703125
347243.09375,153599.59375
278057.59375,18054.0
465049.59375,264018.59375
384452.1875,213915.796875
304617.3125,79407.5
295091.90625,34329.80078125
385892.3125,249119.796875
322430.0,127917.5
358377.40625,204581.296875
492094.5,260298.0
287668.5,38669.80078125
511104.1875,296239.59375
331638.8125,131656.796875
553507.875,91210.296875
389745.09375,256497.59375
345622.40625,197860.40625
354918.40625,173741.5
353727.40625,221976.0
338123.6875,18761.400390625
378086.90625,285384.90625
271823.5,24520.900390625
340228.5,127355.1015625
371829.3125,205427.40625
356205.8125,166839.796875
312174.5,109188.1015625
485681.1875,249453.296875
323495.5,83404.703125
319761.5,114142.203125
479274.59375,250366.796875
580538.3125,42800.19921875
303053.5,56582.5
390790.6875,253284.203125
366788.09375,185841.203125
385654.09375,249165.09375
457507.8125,251729.90625
540748.8125,63781.0
382184.8125,216460.09375
344174.8125,174229.296875
414175.59375,272136.59375
438625.1875,207632.296875
309042.8125,50889.30078125
330966.0,18219.19921875
496778.5,235480.0
299471.40625,40797.30078125
343295.59375,160661.40625
362283.1875,180357.09375
515635.8125,319372.09375
548665.1875,149647.59375
360480.0,206370.796875
401322.40625,165854.296875
279632.90625,17876.599609375
334304.59375,119317.8984375
415654.3125,209965.296875
490731.90625,241549.90625
316555.3125,49549.6015625
284749.6875,170223.296875
531860.1875,198380.90625
408455.0,294701.6875
418913.40625,264621.0
345180.90625,92285.8984375
543808.125,125325.296875
335336.90625,149392.0
335622.90625,68955.5
443413.3125,215031.59375
306282.8125,110671.296875
308789.90625,49181.5
518057.90625,283732.40625
412419.3125,257800.703125
322488.09375,101780.703125
428631.1875,253882.0
545579.375,44912.6015625
338558.59375,195881.40625
484890.1875,297415.1875
442701.09375,232314.703125
502661.0,199647.296875
322365.8125,165541.796875
477930.3125,284228.90625
510797.3125,211026.703125
350682.90625,141386.90625
495993.6875,273712.09375
473445.8125,282667.3125
561009.375,105205.3984375
424689.6875,224529.203125
459730.5,211361.0
316818.09375,87198.6015625
302221.09375,26348.69921875
343180.6875,146260.90625
296114.6875,64315.19921875
532833.5,341485.8125
388748.90625,204163.296875
398651.3125,169630.296875
518351.3125,263216.90625
502649.40625,226490.90625
317681.6875,62410.1015625
349951.3125,171315.59375
348966.40625,205648.0
469918.90625,228496.5
339409.8125,151722.703125
291590.40625,29291.099609375
319051.90625,74962.0
452104.40625,271901.0
518037.6875,216140.703125
375107.0,186557.5
407893.90625,257076.203125
297581.09375,28258.69921875
330097.6875,114647.0
292425.1875,30935.400390625
320866.40625,138639.796875
348161.59375,171485.296875
464913.0,229329.90625
309795.6875,121672.0
368602.0,217950.703125
520008.3125,196331.59375
296602.09375,87697.6015625
529668.0,244078.09375
426286.1875,229268.40625
447051.09375,305179.90625
288919.1875,44596.69921875
514432.5,210302.59375
407465.3125,323028.8125
320942.40625,134935.59375
272905.90625,70583.0
314148.3125,130476.1015625
297123.8125,41129.6015625
351126.40625,207637.5
298220.59375,124793.1015625
288325.3125,31634.19921875
404016.59375,230050.40625
290976.09375,25463.19921875
457330.3125,280995.6875
376803.0,191312.0
370417.6875,223298.5
306794.0,118087.703125
301352.09375,50166.8984375
293661.3125,19787.099609375
274636.40625,164540.5
505479.8125,245375.296875
335812.3125,187448.40625
408929.3125,183864.703125
431751.40625,286780.90625
428179.1875,216906.09375
349536.40625,183267.0
355769.40625,208318.0
339160.40625,143420.296875
528649.375,308042.40625
252527.203125,111766.203125
496713.40625,286240.5
315007.90625,101465.6015625
449915.09375,319270.6875
535845.1875,200614.0
299870.40625,36060.1015625
293027.6875,119048.703125
433278.3125,196445.203125
326053.90625,137270.796875
320182.5,15422.5
300375.6875,93082.0
308164.09375,102995.8984375
324176.6875,18102.80078125
360018.90625,203413.296875
295107.1875,76296.203125
449381.40625,223135.703125
549475.1875,300412.3125
394997.90625,229479.5
293511.3125,23585.400390625
571898.3125,38342.69921875
520483.90625,150599.40625
489384.8125,303880.59375
357178.6875,207747.203125
337330.40625,172607.40625
309824.0,118522.5
376092.40625,157643.59375
429951.40625,190336.09375
310775.09375,62605.80078125
297229.59375,35505.0
438456.59375,199775.59375
458186.1875,254509.296875
327261.40625,101613.296875
560064.125,252432.09375
506379.8125,94515.796875
310824.3125,144487.40625
346046.40625,166576.90625
273535.1875,46521.6015625
447970.8125,237355.59375
422408.3125,28578.099609375
307093.90625,46422.0
568055.375,99538.3984375
411076.59375,227480.59375
452805.3125,262068.203125
355414.59375,243448.90625
312457.09375,246881.203125
291767.8125,102074.203125
402194.59375,285445.1875
344488.6875,162908.5
283934.8125,114390.796875
307217.09375,102071.6015625
297895.6875,47892.30078125
366649.90625,195013.796875
272258.5,24504.099609375
521177.59375,219000.0
524743.625,239015.90625
333841.0,167643.59375
319228.90625,130228.5
313154.8125,68450.203125
317047.40625,80757.5
560368.3125,64371.1015625
371347.8125,95212.1015625
402035.90625,261434.5
416138.90625,77188.296875
299377.09375,20197.19921875
503583.1875,68028.8984375
292817.59375,200333.40625
305249.09375,54445.19921875
527239.625,80307.703125
318681.0,128572.703125
403180.3125,229160.796875
536140.125,114970.1015625
338100.59375,136556.09375
320040.59375,160203.0
296702.59375,150618.296875
310352.5,58027.6015625
312245.1875,37828.80078125
399512.3125,113496.6015625
429537.8125,237692.59375
512891.8125,214515.703125
486163.8125,252629.703125
510678.8125,350797.8125
344665.90625,165632.90625
372088.1875,175147.59375
336373.3125,166863.09375
270097.3125,79756.1015625
334214.6875,132963.703125
472731.3125,296279.8125
369082.40625,175445.796875
345352.40625,219094.40625
291130.0,85418.0
399799.59375,235270.703125
557375.6875,48276.0
417014.1875,269106.90625
469109.0,289039.8125
463216.59375,120451.6015625
404238.59375,307788.09375
540997.6875,294046.90625
546932.625,288659.0
422842.5,240262.59375
400102.09375,198706.59375
468699.40625,268701.0
315549.8125,88125.796875
377975.3125,256577.90625
412734.8125,203782.203125
348608.90625,203501.59375
323486.8125,14161.099609375
382356.40625,239699.0
508205.1875,243258.703125
321562.3125,110468.1015625
470009.90625,295794.5
427407.40625,255525.40625
406532.09375,225653.59375
302080.59375,122030.703125
385956.40625,236731.09375
507387.6875,135230.703125
434383.59375,298259.1875
289470.59375,73436.703125
301797.5,49391.5
511554.59375,266138.40625
295992.3125,119137.296875
368723.6875,223917.296875
334079.09375,158219.296875
359144.5,175790.09375
325927.6875,143109.296875
346785.09375,180960.09375
306748.3125,118633.6015625
288796.40625,16600.0
302013.8125,88890.703125
403756.6875,265546.40625
375742.8125,206103.796875
370464.8125,214254.40625
493293.1875,195121.203125
288302.40625,44014.5
322271.90625,108408.5
394246.40625,261236.296875
297026.0,223707.5
295961.6875,51319.0
355965.1875,144463.90625
461267.90625,279763.8125
329301.09375,163457.703125
384351.8125,226654.296875
300594.09375,112062.1015625
527907.375,209513.796875
325909.09375,152339.0
389967.40625,173450.203125
310575.90625,80774.1015625
328338.90625,119887.203125
355898.3125,200034.203125
561352.8125,22821.30078125
364025.3125,249743.40625
409428.90625,287743.90625
411806.8125,128973.6015625
374659.1875,250308.203125
313235.90625,208243.703125
428395.40625,300486.09375
468825.1875,242578.703125
318200.09375,81666.703125
521939.40625,160695.796875
376432.09375,180357.5
298169.1875,94268.5
306972.5,77935.703125
472973.09375,289439.59375
326125.1875,136023.296875
306863.09375,27852.900390625
342905.0,122511.1015625
489283.6875,207661.296875
339483.3125,111841.1015625
495984.90625,292161.09375
450601.6875,338122.90625
539907.8125,67328.6015625
505770.09375,240729.703125
285398.5,19947.80078125
526657.875,351874.0
398728.59375,227591.796875
396204.40625,266520.90625
354811.59375,160273.296875
571324.125,47468.8984375
456928.59375,288413.59375
372941.5,264754.59375
317320.6875,112122.796875
323847.3125,100058.203125
481460.3125,80612.3984375
518682.40625,88825.203125
576376.5,100175.796875
391228.5,199659.296875
439893.09375,286654.59375
340989.0,155098.40625
440804.59375,303840.3125
475661.6875,269829.5
290010.09375,14678.2998046875
543828.0,33267.3984375
366284.5,212541.90625
542470.6875,202425.90625
440038.40625,271847.1875
473270.09375,316500.1875
523874.40625,251801.296875
446509.59375,277660.40625
368111.59375,220350.90625
299633.59375,13134.900390625
478380.1875,313572.3125
541641.125,250572.0
504873.1875,264540.90625
303445.59375,13707.5
290354.09375,36823.8984375
367844.5,260739.40625
323583.8125,14993.2001953125
305788.59375,19400.099609375
310761.40625,48478.69921875
516948.0,266838.6875
323807.90625,58237.30078125
316992.5,66424.796875
495235.59375,284311.09375
508059.5,238714.59375
349143.1875,233789.796875
414792.09375,245014.796875
310546.90625,68313.5
494019.90625,230505.40625
351035.0,134450.203125
322996.90625,21619.80078125
309579.90625,137965.296875
322783.8125,103968.296875
298628.5,47191.80078125
352382.59375,217711.09375
549461.0,223249.09375
494418.5,252512.59375
347576.0,175744.90625
403944.40625,16644.5
497133.90625,246547.40625
448101.6875,282926.90625
295582.6875,86933.203125
456098.8125,332080.6875
514546.8125,123788.3984375
490057.59375,296794.90625
340839.0,158709.40625
418775.09375,176613.5
264497.40625,100881.203125
519267.40625,254714.0
395781.6875,276144.3125
280671.59375,13318.2001953125
284694.1875,110579.3984375
425395.90625,95874.796875
253439.59375,27364.400390625
376324.5,254335.203125
279567.5,63784.30078125
314647.0,100359.3984375
390376.1875,324926.40625
507997.09375,150850.0
294060.8125,57597.1015625
383616.09375,236686.5
354265.59375,156644.40625
509372.0,245146.90625
415779.3125,255732.203125
290892.09375,13538.5
467241.5,241666.296875
306767.0,102669.203125
291450.40625,51125.69921875
419544.5,201978.40625
325865.6875,145300.5
539443.375,249811.296875
535001.875,268849.0
280154.6875,58289.80078125
560053.5,258917.90625
356283.0,143461.0
292076.40625,24370.5
520953.0,217124.703125
479259.5,247744.40625
362288.59375,177028.703125
294892.40625,41469.80078125
356748.59375,167255.59375
536819.0,103315.1015625
515961.1875,316428.3125
462057.40625,139822.296875
396396.0,163208.5
458164.59375,328646.8125
404936.5,21453.19921875
353469.5,102599.0
441031.5,107734.203125
540249.1875,154372.203125
322432.3125,40381.1015625
481927.3125,283418.40625
503292.59375,264592.90625
396616.0,259835.40625
320801.90625,70657.5
439423.90625,208945.59375
406666.6875,87299.296875
292011.09375,26455.69921875
350697.8125,107892.296875
357444.59375,99834.3984375
408950.5,226778.203125
344827.6875,218832.40625
303073.1875,61186.3984375
538618.875,207126.5
514619.0,351363.40625
307123.3125,60138.19921875
500408.09375,302958.59375
482290.8125,263152.0
339767.90625,115147.703125
304464.0,121128.296875
485955.09375,386997.0
536263.0,197630.796875
531737.0,231622.703125
373178.6875,246544.203125
360257.5,195741.796875
307393.1875,54154.5
306403.59375,55116.8984375
491176.09375,301886.1875
285165.0,46958.6015625
470610.90625,262988.0
498262.5,264213.09375
386050.40625,228704.40625
480230.59375,309298.3125
317160.0,19243.19921875
479552.59375,345036.09375
304783.6875,33554.30078125
351826.90625,195713.90625
542855.6875,75988.3984375
321983.8125,127049.296875
286347.5,22153.099609375
330396.90625,112545.796875
291113.40625,23660.5
452498.5,214165.5
386429.0,190936.09375
329738.09375,116571.3984375
419525.0,259605.203125
396471.09375,185516.09375
411103.3125,216484.59375
338521.5,139111.59375
292396.3125,13226.900390625
323961.0,14472.2998046875
312532.59375,83338.203125
514667.90625,172170.59375
449432.6875,192944.90625
324774.59375,124209.3984375
289836.59375,60168.3984375
302720.09375,28706.400390625
442542.3125,254192.0
295584.0,55092.8984375
292059.1875,54418.80078125
496712.59375,211147.0
482950.59375,304732.5
407955.90625,251182.703125
308046.1875,53912.30078125
342245.5,118810.296875
497461.0,211190.203125
476469.1875,199262.296875
383624.0,224974.203125
366833.5,197613.0
545601.6875,39669.19921875
354406.90625,174713.796875
319711.0,92937.796875
437488.59375,213767.09375
556234.0,147678.09375
471328.90625,321519.5
474894.90625,273564.40625
404185.5,242034.09375
361109.6875,173862.90625
383054.1875,276395.6875
540880.3125,219173.296875
345797.6875,177026.296875
410642.40625,305505.90625
490332.6875,24566.5
280180.5,70682.8984375
296827.0,51505.19921875
333960.8125,192061.703125
420958.1875,300806.8125
477763.8125,132020.703125
297537.3125,85964.8984375
473016.3125,247976.0
447203.0,257685.40625
542901.1875,90555.3984375
434385.90625,286376.09375
248442.40625,110990.0
292479.5,102235.796875
454351.40625,278704.59375
340665.59375,202218.40625
294843.5,21860.19921875
402950.09375,230640.40625
474036.3125,184199.5
299129.40625,68478.796875
380434.40625,202625.796875
311469.5,92536.796875
380838.09375,239671.09375
320678.0,15407.099609375
579427.0,189430.40625
530446.375,240717.796875
361851.59375,199837.796875
295404.40625,86099.0
495279.40625,264870.40625
310641.90625,68926.3984375
367493.1875,198383.5
508863.5,265047.09375
427247.5,235852.703125
435398.09375,255814.59375
308665.3125,50376.1015625
469594.8125,313045.1875
316740.5,132703.09375
345852.40625,177155.796875
314382.59375,97201.203125
332199.40625,143384.796875
401837.8125,227325.796875
287699.5,25745.80078125
500811.90625,214760.0
347438.59375,189912.796875
401954.6875,248944.703125
317115.0,141507.5
350217.40625,175889.5
525047.1875,241297.5
253523.59375,136440.59375
314101.3125,100708.703125
318677.90625,157163.796875
296255.3125,52684.69921875
414620.3125,292395.90625
425661.1875,334426.40625
286344.40625,37714.5
449778.1875,285564.3125
435911.3125,194043.703125
326043.0,162301.09375
450948.40625,239915.59375
466941.0,163801.203125
436386.09375,245599.90625
302436.8125,73020.296875
280398.0,163479.796875
307519.0,44649.80078125
492319.0,251826.59375
454373.40625,263645.8125
402786.90625,292196.40625
419326.5,249214.59375
301253.40625,45873.5
283050.5,23210.099609375
318931.5,221898.0
498584.09375,157642.40625
458417.6875,260790.203125
307183.1875,20470.80078125
356146.40625,213663.796875
293876.40625,49765.8984375
272821.3125,15790.0
436371.1875,270066.40625
325519.40625,142214.203125
366104.90625,255291.703125
450333.8125,190318.796875
545279.625,81600.8984375
524987.0,242205.796875
506891.59375,180832.296875
370276.6875,225082.703125
382098.0,196515.09375
313277.0,83286.203125
344422.5,147330.5
371196.1875,166647.40625
342043.0,254244.703125
473343.09375,270883.59375
352240.3125,251075.59375
291418.0,14122.099609375
398637.8125,247839.40625
439771.3125,215283.0
425413.09375,284857.40625
465268.90625,299240.0
269091.0,25461.30078125
307202.8125,130333.296875
525758.5,254389.203125
558065.5,256772.796875
393471.6875,259084.0
439312.90625,212976.296875
330290.59375,71136.6015625
436231.59375,299935.90625
346123.09375,158268.0
492815.3125,203698.0
492861.09375,244056.703125
397872.1875,237008.59375
344326.8125,96268.296875
353356.59375,195446.09375
353655.3125,216946.09375
290397.6875,27176.80078125
354078.3125,158591.796875
412233.09375,220989.90625
410830.6875,265186.5
275281.1875,23777.400390625
483470.09375,265508.8125
293075.8125,45938.19921875
477333.09375,232769.703125
315621.6875,108409.3984375
341311.59375,108944.8984375
387010.6875,240609.59375
437448.40625,286999.59375
395892.6875,180012.59375
486599.40625,274088.5
317905.59375,94272.296875
278026.5,109951.6015625
332533.8125,159824.40625
487693.59375,224219.90625
404029.90625,263457.8125
310994.59375,103498.296875
470195.1875,227863.90625
510907.3125,211962.5
465963.6875,285061.59375
418764.1875,214935.59375
379251.5,210162.09375
389058.1875,234893.5
363611.6875,240128.296875
385860.5,219037.703125
468820.3125,194005.5
348990.5,192136.59375
396646.09375,255370.90625
518603.59375,57900.0
316604.90625,94001.203125
419866.0,303909.90625
289702.3125,14485.2998046875
310408.09375,75222.3984375
318479.1875,98918.0
313039.09375,140455.296875
479644.6875,292962.59375
410247.40625,295984.90625
497343.0,288102.3125
375474.59375,257788.90625
416570.8125,187784.09375
297144.5,19570.599609375
269000.40625,63200.0
321026.09375,126052.5
301383.59375,16221.7998046875
320151.40625,79397.796875
413957.0,215413.203125
346831.09375,153422.09375
517863.90625,125152.296875
548799.8125,205351.5
534737.0,46974.3984375
298256.59375,34723.19921875
498436.09375,266396.0
496895.09375,252812.703125
343317.1875,126378.5
364883.8125,229144.296875
334974.6875,186512.296875
448496.40625,217755.09375
274299.6875,89296.1015625
325476.5,173475.296875
270257.40625,15721.900390625
493184.5,331401.1875
315165.0,30172.099609375
303939.3125,54409.3984375
504732.40625,160474.796875
566902.625,178969.796875
286430.3125,28089.599609375
328611.8125,151941.5
503910.5,228750.796875
338686.5,160756.59375
463810.90625,316718.5
335487.59375,103362.5
297304.40625,39547.30078125
335198.5,153656.90625
298664.8125,170109.796875
409803.40625,281284.1875
409933.09375,238388.203125
366049.3125,250729.796875
326711.6875,95623.3984375
499949.0,252599.796875
328301.1875,148740.09375
494132.40625,277072.09375
378264.09375,239428.90625
395121.59375,275817.8125
333333.5,136316.09375
305956.5,32019.599609375
528792.375,188834.0
297787.5,30009.69921875
420525.3125,280827.1875
443737.40625,17652.400390625
508784.59375,194131.59375
328714.59375,172961.90625
441496.40625,250132.703125
341150.0,155628.5
320121.09375,129767.5
537734.6875,190433.203125
513196.3125,248296.296875
299508.6875,63473.30078125
268559.6875,90813.8984375
388020.90625,228821.59375
343656.90625,120012.3984375
533012.8125,269752.1875
451358.09375,173544.90625
479213.90625,284976.09375
299627.40625,66509.0
555376.625,74135.0
304319.59375,39583.30078125
383072.3125,193322.09375
333375.3125,116464.703125
304799.40625,95856.8984375
526996.3125,226717.0
295168.0,21632.400390625
494408.6875,263459.6875
313293.3125,117781.8984375
562273.125,106726.703125
319491.6875,70357.5
357767.3125,233136.796875
287899.1875,127505.296875
493911.8125,270188.3125
307418.1875,60645.0
408833.1875,272929.40625
327285.40625,77660.8984375
312052.59375,182149.203125
247821.796875,21594.099609375
283850.5,49522.1015625
333129.59375,173351.09375
473214.6875,181971.09375
504092.90625,212636.703125
564448.0,23702.900390625
311727.8125,234032.796875
372854.59375,204664.203125
475896.59375,245440.0
422378.1875,191478.703125
313678.8125,49273.3984375
280576.8125,112090.796875
396788.09375,285142.09375
496557.8125,368381.59375
319811.6875,144163.40625
305702.90625,13165.599609375
485105.6875,109729.6015625
549440.875,157702.40625
249252.796875,15418.7001953125
545469.625,71188.703125
378220.0,246566.203125
464562.3125,234995.09375
429160.5,346528.59375
352527.09375,213384.0
284043.09375,94704.796875
270179.90625,19281.30078125
304225.8125,63653.6015625
522014.5,250647.703125
403471.90625,228488.296875
427178.09375,98871.3984375
310757.09375,119539.5
540183.3125,122808.0
356118.90625,207349.703125
357783.90625,208414.203125
366673.8125,146971.796875
295788.59375,26434.400390625
359906.6875,187714.09375
349931.1875,139621.40625
505463.6875,206806.59375
399137.8125,239411.90625
433243.09375,270309.3125
472475.0,331654.09375
429290.6875,272281.59375
306405.09375,25898.400390625
306373.09375,15837.7998046875
484295.40625,352303.3125
518072.8125,285676.09375
392119.0,231286.203125
348092.90625,160195.5
282721.5,15099.2001953125
453701.0,278454.1875
432160.09375,258684.09375
511096.8125,193956.5
340441.1875,155849.59375
271827.0,29596.400390625
540545.125,187322.5
371448.8125,185636.0
512288.40625,240803.203125
503097.0,320348.5
314838.1875,131976.59375
283077.59375,51099.1015625
347865.6875,161589.296875
288814.40625,53679.69921875
454544.0,267215.3125
269944.8125,63354.6015625
486241.3125,233469.5
487071.8125,221560.203125
245614.09375,64864.6015625
295543.90625,26326.30078125
428579.8125,242483.0
413781.5,206448.90625
371657.3125,215340.796875
444826.5,290552.5
379609.09375,236540.703125
439560.6875,214814.0
347627.3125,218766.796875
494984.59375,353281.90625
446617.90625,233235.09375
306317.8125,40214.19921875
254772.296875,23875.0
312466.0,59406.30078125
306724.0,81211.6015625
303955.09375,89072.796875
346012.3125,146782.703125
265044.0,153464.703125
310267.40625,92802.3984375
392951.09375,250996.09375
310023.1875,63166.1015625
409192.59375,230417.203125
370960.6875,216770.203125
344732.5,167628.40625
472104.3125,245124.296875
298858.09375,57806.1015625
491115.6875,238910.0
334672.8125,221799.59375
531824.1875,244222.296875
540287.5,267392.1875
300529.0,68944.296875
421247.3125,188244.703125
552091.5,79064.203125
331472.59375,146570.59375
471934.59375,250715.59375
339765.40625,203204.796875
528905.625,261014.40625
443972.0,262246.40625
314933.90625,35474.69921875
324348.40625,101092.703125
283241.09375,77318.203125
509860.59375,246625.5
320046.6875,128638.1015625
304037.3125,63837.30078125
419898.6875,246989.0
324715.3125,146793.59375
500348.40625,293025.6875
441119.0,203605.796875
559044.8125,215490.296875
284630.59375,52368.8984375
265296.6875,96539.5
256591.203125,39642.8984375
388593.40625,260849.59375
417542.6875,258841.59375
483999.3125,319769.1875
331845.59375,169231.40625
490376.90625,267245.90625
365348.3125,213651.40625
498791.40625,253267.0
283405.09375,42005.3984375
374984.09375,263878.8125
313849.0,58331.19921875
301274.3125,16340.400390625
407758.0,306373.09375
548970.6875,59294.8984375
389452.0,199593.796875
549118.125,190468.796875
264601.8125,47062.6015625
426822.8125,183023.203125
530405.5,352548.1875
302832.40625,77887.8984375
336180.59375,195599.59375
319414.3125,131992.5
440992.1875,264428.59375
333556.0,181951.90625
339453.90625,173348.703125
283485.0,46705.3984375
537702.875,189121.203125
433985.5,204201.0
304110.59375,14785.2001953125
517480.1875,225756.09375
490377.59375,235500.703125
315892.6875,199737.0
296546.8125,36258.1015625
306624.0,81129.796875
322184.09375,69112.0
420449.8125,273214.6875
302314.90625,30669.400390625
449766.5,277022.40625
367067.59375,158535.703125
566129.625,22395.5
303782.09375,52366.69921875
254379.59375,24524.099609375
412628.0,230084.796875
450669.90625,258247.09375
310058.3125,136160.203125
378109.5,214117.796875
338717.5,193610.203125
317412.1875,108884.6015625
532603.5,28015.69921875
306059.5,13102.7998046875
340197.40625,159147.5
405052.59375,201261.5
313178.0,113700.203125
339002.09375,144410.296875
446193.90625,342429.8125
354401.3125,248254.703125
436658.40625,271246.90625
545253.6875,98043.1015625
379200.59375,262618.40625
316870.0,154122.40625
343564.3125,151842.5
275103.59375,111966.5
312998.6875,79358.203125
366975.3125,227629.0
444786.90625,66071.6015625
311118.8125,94436.0
417049.1875,230903.59375
335149.0,130130.6015625
358780.40625,139846.796875
320514.90625,119850.8984375
559461.3125,23131.19921875
366125.5,223760.0
515386.09375,231000.796875
502224.09375,196897.796875
407709.8125,272301.59375
405631.8125,273761.1875
473054.8125,253632.203125
345842.40625,150566.703125
297192.59375,32425.19921875
346206.59375,151300.796875
551929.6875,203973.0
315842.40625,66707.1015625
341466.5,129131.796875
540736.6875,221098.90625
448026.3125,226726.90625
319371.5,173664.296875
311388.59375,102010.1015625
289665.3125,35629.0
362545.40625,203674.203125
418796.90625,202962.59375
524045.3125,240502.09375
370017.8125,213446.09375
293000.8125,43855.0
339815.90625,132678.90625
383507.40625,204506.90625
343348.3125,126803.203125
474674.40625,277120.0
480064.5,385089.0
466350.8125,269506.59375
246898.703125,21634.80078125
495263.40625,310247.6875
408926.90625,272655.59375
297013.09375,69126.203125
333585.09375,236378.296875
511885.59375,142121.296875
305143.0,50347.80078125
431184.1875,296517.90625
301895.3125,18661.099609375
330463.90625,134184.296875
372128.1875,255831.09375
313959.1875,154440.59375
309422.0,56412.1015625
282945.3125,22383.099609375
357112.90625,219304.40625
374637.6875,227248.09375
523612.3125,207698.703125
338601.09375,186202.09375
325520.6875,96524.6015625
315033.90625,84388.703125
338469.40625,49951.8984375
470860.59375,200657.296875
246355.796875,50162.6015625
389781.3125,251022.703125
434732.6875,213401.796875
296553.6875,17276.80078125
419633.90625,219873.09375
427326.09375,195959.796875
546938.375,27929.599609375
558571.875,20328.19921875
299847.09375,52830.1015625
300070.6875,73021.703125
397980.40625,284101.40625
344818.1875,188098.0
262924.09375,23388.400390625
315499.5,111911.296875
396231.59375,237920.796875
289134.1875,41651.3984375
433413.6875,226982.203125
507569.3125,280418.8125
421203.3125,273211.5
316364.90625,36362.6015625
420313.0,292507.0
295258.5,157179.90625
261895.40625,88464.203125
486676.3125,248087.0
495477.6875,261083.59375
513686.5,272483.09375
395882.3125,275163.5
436916.90625,287476.90625
572866.3125,104060.703125
436574.90625,232258.0
291210.90625,78997.203125
437478.3125,244508.203125
378480.59375,224704.90625
320674.0,139140.0
377545.5,223972.09375
419370.40625,246486.203125
364501.59375,112077.203125
326633.0,113014.296875
295227.40625,37102.19921875
485033.8125,234966.0
458096.6875,257651.59375
297569.90625,116582.703125
372259.3125,212393.5
291063.3125,61586.6015625
294259.90625,159241.296875
286440.90625,30828.099609375
292636.3125,27313.69921875
442093.90625,55505.0
285403.6875,112459.6015625
469642.40625,225120.203125
525743.3125,288795.1875
355116.09375,159440.40625
545554.375,343126.6875
474624.90625,222650.203125
471248.40625,237094.59375
482429.5,203319.09375
358371.3125,179667.59375
389252.40625,247030.40625
356043.90625,194359.09375
530067.375,60032.3984375
417302.8125,197664.703125
405233.59375,260617.09375
308504.90625,41428.8984375
429943.3125,65439.6015625
474677.3125,237872.5
307468.0,102358.1015625
327490.3125,141276.09375
320540.90625,167449.40625
292328.8125,33675.19921875
555434.625,182550.09375
535563.5,200902.5
303491.59375,95411.296875
412656.8125,248098.203125
344960.6875,135521.796875
281673.6875,49903.30078125
371787.40625,207588.703125
369357.90625,206109.59375
400026.09375,141899.203125
340071.5,109614.796875
558912.3125,21150.599609375
436095.8125,60356.3984375
387957.90625,259031.796875
361510.6875,132434.09375
432586.8125,131800.796875
323327.5,68977.5
317767.5,46861.19921875
432379.8125,295942.0
426984.40625,266860.1875
448450.8125,241276.0
291326.3125,87268.1015625
326747.8125,105885.5
426060.90625,266186.40625
305118.40625,86701.6015625
409818.90625,177804.40625
369527.6875,192495.09375
308527.09375,77326.1015625
414757.90625,138463.0
391562.90625,261722.203125
484080.90625,233674.90625
321338.59375,16472.900390625
554457.1875,137289.296875
316399.3125,18389.19921875
307146.40625,122345.6015625
391777.09375,285770.1875
361873.59375,203127.296875
492664.40625,237746.09375
515972.0,210793.296875
531308.0,140970.796875
334505.3125,93071.8984375
299734.90625,121803.203125
272462.1875,38960.6015625
265925.3125,36022.8984375
536430.875,148994.296875
352939.8125,200457.59375
287512.40625,33939.8984375
287951.90625,62893.6015625
434659.3125,259943.203125
312987.90625,13963.599609375
388974.1875,195475.0
345801.3125,148284.09375
516345.40625,87320.703125
484261.1875,254436.09375
310847.5,55498.0
295752.1875,19839.0
318677.90625,15695.2998046875
371972.3125,103780.5
575250.875,35284.6015625
461384.5,205360.59375
367549.3125,228277.09375
256661.40625,16832.80078125
