Propidium Iodide PE-A,Alexa-647 APC-A
534807.375,97755.1015625
370436.3125,124476.5
330277.0,36812.6015625
411071.0,134332.40625
480710.40625,80346.0
346120.40625,89310.5
503863.90625,67620.8984375
453523.40625,174925.90625
400718.40625,100967.203125
320982.40625,60577.1015625
405458.6875,92288.203125
289646.1875,61480.5
315891.59375,47239.30078125
318144.5,41661.6015625
418618.6875,124865.796875
324439.0,62473.1015625
381558.59375,177861.703125
510244.40625,75908.1015625
351665.90625,81753.5
464127.90625,125440.6015625
524924.3125,95721.3984375
528463.0,68200.796875
377459.40625,89035.703125
414067.1875,121773.703125
324230.09375,81869.203125
534753.8125,84713.3984375
489268.1875,121827.0
535825.875,27856.400390625
404088.90625,97576.203125
541871.375,111382.5
370571.59375,125089.0
357456.09375,100277.3984375
555739.3125,29443.69921875
404575.3125,112401.296875
343572.6875,80108.796875
555971.875,37891.6015625
259198.0,22472.69921875
367235.6875,122321.796875
445542.3125,76019.3984375
426491.5,73675.796875
399189.09375,127839.0
539415.875,181241.5
357186.8125,109818.3984375
420457.40625,131522.703125
451619.8125,220982.703125
494421.59375,236531.796875
322753.1875,53384.30078125
293201.09375,165478.296875
387415.0,81596.203125
271807.8125,49045.8984375
495863.3125,40482.3984375
347839.8125,137290.0
505830.59375,73735.0
481040.0,173544.59375
371312.59375,52805.6015625
380565.1875,100459.296875
454195.59375,142184.90625
476916.8125,94396.296875
363957.3125,83603.703125
496433.1875,129477.3984375
545951.5,172558.5
499848.40625,77888.1015625
281063.5,15747.900390625
486366.90625,81304.5
538717.875,44697.0
432255.8125,87008.203125
400520.8125,128110.3984375
318837.3125,38687.8984375
578897.1875,28665.19921875
347522.3125,69424.0
469234.09375,151935.90625
438345.0,46072.3984375
316938.5,76345.6015625
327520.40625,48562.5
301738.8125,47372.8984375
495337.59375,25231.5
351101.1875,109426.203125
528012.8125,106625.8984375
461764.0,152703.296875
400109.09375,125191.796875
518325.6875,68677.296875
424893.3125,132308.09375
424926.40625,134531.90625
325000.0,69896.203125
297257.6875,31186.900390625
535308.875,281172.1875
528417.875,44926.19921875
335051.59375,45390.8984375
436531.1875,126277.796875
352565.5,122865.203125
371361.3125,127570.5
558133.125,85996.1015625
463995.40625,147305.59375
501698.6875,95512.796875
546379.125,68147.3984375
333104.0,54398.8984375
433937.90625,158440.40625
401474.0,125878.296875
362521.40625,65354.6015625
367767.0,90053.8984375
553626.5,68789.3984375
296545.90625,18158.900390625
368300.5,62816.80078125
379184.90625,129492.6015625
402740.1875,105508.203125
401833.90625,114170.8984375
506070.09375,127647.796875
312399.6875,47784.19921875
288702.8125,23419.400390625
465642.40625,151457.703125
539382.875,124286.0
537471.875,173319.703125
442688.09375,114569.8984375
543879.875,21152.599609375
507846.0,151858.703125
320130.0,63401.30078125
318389.5,54732.6015625
296093.5,16783.900390625
461436.90625,97880.3984375
314547.8125,38403.69921875
568415.875,75667.6015625
323579.8125,106467.796875
332555.5,45527.0
516940.6875,135941.40625
334610.09375,86863.703125
458454.8125,118015.8984375
521825.1875,123199.296875
295862.6875,20158.80078125
327119.90625,59463.6015625
549228.3125,90547.703125
311819.8125,87591.5
403086.59375,109655.3984375
347684.90625,91701.203125
467333.5,107481.5
318172.5,25067.099609375
578895.3125,26125.599609375
577362.5,39935.3984375
477345.59375,146694.703125
526341.3125,55773.1015625
491583.8125,98276.203125
323620.09375,31446.69921875
333729.3125,68402.796875
514127.09375,92415.796875
346036.5,77228.1015625
300466.0,24336.099609375
496579.40625,174492.203125
299063.8125,92082.796875
466340.6875,159277.59375
280724.90625,46435.80078125
513396.09375,136915.0
350010.90625,124784.296875
308188.1875,41853.6015625
455316.90625,126922.203125
465276.1875,127648.8984375
442751.5,111541.6015625
345514.90625,74552.1015625
395169.3125,75327.796875
299481.5,35369.5
369451.90625,109244.296875
421597.59375,313815.1875
356418.1875,140917.09375
313855.0,52261.69921875
397256.90625,124842.6015625
315209.5,46472.5
304803.3125,77805.5
551448.625,54364.19921875
512122.1875,74131.6015625
464005.59375,87883.6015625
554372.8125,22343.5
384365.3125,126815.296875
476626.40625,117226.5
367918.8125,71963.796875
473394.90625,124792.703125
437632.40625,153118.796875
433308.6875,123420.3984375
497571.8125,133352.703125
326213.5,52174.0
417090.09375,89707.3984375
525124.3125,203112.59375
476290.5,137053.703125
278627.90625,35292.19921875
516597.1875,89592.6015625
477277.1875,130174.1015625
491973.5,39339.0
354863.90625,41142.80078125
468916.59375,138802.703125
553678.1875,55356.80078125
422583.59375,105776.0
334334.6875,41448.1015625
535047.3125,52451.19921875
331366.6875,71586.5
549888.3125,116452.796875
452963.1875,126570.1015625
524999.0,154548.0
553593.125,100289.703125
313239.3125,46716.8984375
378213.3125,90654.703125
422029.5,114488.0
381680.8125,114745.5
320902.40625,35010.69921875
491458.40625,134015.296875
308309.1875,24627.099609375
489141.1875,102842.6015625
442394.59375,106792.703125
390232.0,114382.703125
290365.6875,36829.80078125
429653.40625,101400.1015625
274589.90625,14210.2001953125
330339.5,104715.296875
451308.09375,145226.203125
463461.09375,117661.0
333748.5,39078.5
300886.6875,31240.099609375
390704.5,132326.59375
295546.59375,53534.6015625
415306.3125,144585.5
492685.09375,142369.203125
543387.875,141196.59375
346406.3125,69799.203125
387032.09375,69431.703125
398826.8125,87283.796875
410271.0,101290.1015625
499110.40625,53054.5
503565.6875,114829.203125
428982.1875,99863.1015625
526660.6875,84481.1015625
526270.5,96961.5
414552.6875,77775.8984375
319770.90625,52671.6015625
444465.8125,92271.203125
554058.6875,29903.099609375
457595.40625,199262.203125
316389.40625,51322.80078125
276092.6875,26513.30078125
327316.59375,94159.8984375
294275.3125,101866.0
307797.40625,85189.1015625
334468.3125,88798.3984375
366000.40625,98467.5
321852.59375,59550.0
410223.1875,121476.203125
303651.40625,13969.2998046875
298898.3125,51770.30078125
331546.90625,59818.1015625
408100.59375,115432.203125
309242.1875,56336.19921875
514264.09375,127400.6015625
250455.59375,51319.30078125
519733.09375,84931.8984375
300759.5,27005.5
327711.5,144352.59375
532498.375,89890.296875
384991.8125,69171.0
538622.8125,133475.296875
488902.0,121807.0
349649.8125,75432.3984375
551457.6875,81152.296875
460328.59375,142518.40625
334753.6875,78139.3984375
417421.0,123975.1015625
516783.3125,97075.6015625
368760.5,101716.796875
493421.09375,121498.0
405048.5,123050.6015625
298654.8125,14135.5
387937.59375,130661.203125
271214.5,65916.1015625
527025.0,131441.5
412112.3125,137229.796875
414139.90625,125502.5
486533.5,127520.703125
327913.90625,68351.5
507228.8125,51407.0
298822.90625,35515.30078125
479172.6875,113120.1015625
516587.1875,57493.30078125
251074.40625,59268.1015625
534696.0,67438.296875
425681.90625,122938.796875
324546.1875,46687.6015625
392281.40625,133612.203125
269438.5,72163.703125
262997.6875,46331.80078125
298323.6875,39845.80078125
323352.40625,15321.099609375
524099.3125,85801.703125
448296.8125,89052.5
439968.09375,138357.90625
338128.40625,37282.69921875
295806.09375,27192.5
479348.09375,179498.796875
385171.8125,145594.09375
348490.8125,93794.0
393653.1875,59349.6015625
387034.3125,104360.203125
534585.8125,127214.296875
340318.09375,159965.0
301722.0,18583.0
337569.0,97849.0
492834.40625,66290.796875
317956.8125,43039.0
540020.1875,59318.19921875
466581.8125,167195.296875
358515.0,105890.203125
517541.1875,128193.6015625
270082.6875,26015.599609375
342765.0,45201.5
423568.40625,98822.796875
408279.09375,118554.703125
362946.1875,96318.1015625
305518.5,25418.19921875
376610.0,91284.6015625
512714.6875,139019.09375
280239.5,83342.0
327118.90625,88229.296875
355545.1875,109659.796875
479016.0,59624.6015625
331329.59375,67136.8984375
540597.3125,102184.6015625
458467.40625,138531.203125
524523.0,88699.796875
432746.59375,113286.703125
298853.5,22186.0
293254.59375,17579.80078125
444715.0,130567.1015625
482153.8125,173848.5
415368.5,107956.8984375
338600.0,97987.5
328385.3125,52412.8984375
401112.8125,103448.796875
488048.0,120743.6015625
365690.90625,86732.203125
438812.5,134490.5
381368.6875,23371.099609375
436357.59375,134224.0
311438.6875,25557.599609375
411404.40625,134866.40625
413004.0,204573.09375
331476.1875,46147.19921875
296978.1875,16751.400390625
412738.0,113649.796875
326338.40625,68950.5
296986.1875,128150.703125
521274.5,73951.296875
247572.90625,46246.3984375
377287.6875,184956.59375
494874.1875,90296.6015625
319818.59375,33653.6015625
327680.0,27891.400390625
264766.0,51067.6015625
280009.1875,20556.69921875
391156.8125,110102.8984375
529107.875,73763.3984375
542294.375,21841.400390625
346476.90625,84480.0
338306.3125,72737.0
483768.40625,125802.3984375
357675.09375,108135.3984375
308108.1875,46354.8984375
402891.6875,143959.40625
341525.6875,63143.69921875
473099.40625,108911.5
359353.8125,99128.8984375
418726.40625,98837.3984375
420085.90625,189625.40625
306047.90625,106975.703125
403164.40625,119484.5
319619.6875,46659.0
328818.3125,30533.900390625
313000.3125,17911.599609375
355800.6875,61647.5
530391.375,81627.3984375
344610.3125,104133.0
438965.40625,133417.5
475047.09375,109020.8984375
318181.40625,33915.3984375
513067.5,89913.6015625
281458.40625,40020.3984375
285495.90625,82907.1015625
299868.1875,17751.0
506406.3125,46045.0
495724.8125,148656.796875
302415.59375,66847.296875
425163.1875,103647.1015625
487178.1875,208396.90625
430578.40625,134121.40625
365822.09375,145880.09375
310657.90625,25633.5
316528.90625,32110.400390625
297740.1875,22096.69921875
552005.6875,21106.400390625
307078.90625,32852.3984375
307283.8125,42480.30078125
312235.40625,33886.8984375
448583.59375,74389.796875
329240.90625,65080.8984375
324247.3125,57034.30078125
321356.1875,72821.296875
493662.0,162712.40625
302988.59375,34287.8984375
489606.6875,62016.8984375
365557.59375,115422.6015625
421776.0,122274.1015625
413685.3125,144098.90625
362623.40625,100130.3984375
492638.40625,184503.90625
538967.375,45640.19921875
414437.40625,101570.0
332331.6875,160907.0
338611.1875,48863.69921875
449289.6875,138201.40625
286154.90625,29380.900390625
484167.8125,144187.90625
338033.59375,68911.296875
551728.3125,89974.6015625
340063.90625,57289.1015625
357460.09375,75916.0
314946.6875,82666.6015625
291691.8125,18239.5
502079.59375,208320.90625
506941.8125,78754.796875
366640.6875,135861.59375
307537.1875,14810.7001953125
378861.90625,93348.5
364520.0,78966.296875
289470.40625,42598.69921875
456305.90625,140007.09375
388480.1875,119888.703125
349173.0,210788.296875
360159.6875,233964.40625
535179.375,119856.703125
410935.3125,67210.5
324541.09375,17697.900390625
300124.6875,49456.8984375
334666.59375,73420.3984375
298709.1875,34733.69921875
313431.1875,93836.203125
338450.6875,63479.0
483669.6875,164199.203125
504100.3125,70386.0
305243.1875,29329.5
303664.90625,16002.400390625
352016.40625,100257.1015625
440687.6875,152009.5
523127.90625,73404.203125
451216.59375,119152.5
309847.8125,13629.5
319580.09375,32752.400390625
429055.3125,72376.796875
542938.6875,58556.3984375
446031.5,209179.09375
360767.1875,85146.703125
347744.6875,108005.703125
493341.90625,331547.0
402854.6875,124356.203125
354367.6875,94242.0
349555.5,66489.296875
384605.1875,101370.8984375
291854.3125,13822.7998046875
365832.1875,83386.0
269919.3125,22569.80078125
404431.09375,181633.90625
515375.59375,107096.0
413676.8125,157930.796875
543464.625,76664.3984375
340854.1875,40767.6015625
544387.375,241839.90625
438349.6875,145421.40625
326939.5,52992.8984375
347522.59375,74969.1015625
360452.1875,107087.703125
334925.90625,69747.5
350284.0,74652.296875
322194.5,64382.80078125
524595.1875,40242.8984375
317594.40625,134083.40625
379023.3125,96312.6015625
354489.1875,68178.0
425264.09375,26198.400390625
544942.6875,141180.90625
375228.59375,111124.3984375
441852.0,128500.8984375
354226.59375,110079.6015625
315051.6875,28113.19921875
443195.6875,95509.1015625
502904.40625,114528.5
446471.59375,109408.8984375
355103.90625,56196.3984375
486778.40625,124588.8984375
342841.90625,14897.400390625
357480.6875,88514.203125
357441.40625,96324.1015625
455764.0,114545.296875
462096.6875,168818.59375
345244.8125,100770.5
444377.59375,132829.90625
537554.1875,55695.3984375
509030.59375,104382.8984375
313908.90625,85720.3984375
385620.6875,89357.8984375
521344.0,78950.296875
543841.6875,75201.3984375
339941.8125,82451.296875
306316.1875,36165.6015625
525958.3125,65899.5
310418.40625,56323.5
288019.40625,16928.0
402023.90625,109603.1015625
341869.6875,90799.0
452092.6875,133353.09375
431589.90625,112627.5
490703.59375,170700.40625
321056.1875,27262.599609375
258206.90625,60089.8984375
540156.1875,47034.8984375
306098.09375,21435.599609375
325283.1875,98288.3984375
468438.09375,228576.5
395399.0,80462.1015625
540328.1875,111595.3984375
391443.5,105321.296875
335728.0,60378.8984375
478071.8125,123917.3984375
307731.90625,87600.0
317897.09375,48879.6015625
304516.90625,43674.5
564634.0,49247.0
394645.40625,101693.1015625
306160.6875,22359.599609375
313284.0,50575.80078125
437457.5,129009.796875
453071.8125,92970.0
519600.8125,101123.1015625
354549.1875,65525.19921875
304553.1875,55589.5
496305.09375,130009.0
522833.1875,92631.3984375
268072.8125,46735.69921875
315733.3125,152003.09375
526007.625,65088.0
438627.40625,112221.703125
326150.8125,57934.1015625
409356.5,155394.296875
466446.90625,110665.703125
534766.125,105002.5
433364.0,119990.5
339935.3125,60630.0
569013.625,21236.80078125
375056.0,71511.203125
344130.59375,102380.203125
324133.0,53308.0
460299.8125,131616.09375
529602.8125,128858.796875
307570.1875,38968.3984375
318498.09375,49561.0
552751.875,53852.69921875
339119.5,75219.1015625
325158.3125,52782.6015625
512284.09375,85520.5
269855.0,36217.5
439078.5,112300.796875
532053.0,59117.80078125
478906.5,160733.0
362363.90625,80992.5
440717.3125,154704.59375
353514.5,86688.0
342668.40625,61085.69921875
551262.625,89120.0
446853.1875,134651.40625
432584.40625,118759.703125
401721.3125,59374.19921875
410120.5,84558.1015625
346008.1875,79284.8984375
327985.8125,46825.69921875
339471.3125,69832.3984375
355116.90625,68112.203125
309909.90625,38619.0
471657.09375,68535.0
328550.59375,49219.5
311239.40625,13566.2001953125
335729.8125,49476.30078125
463601.90625,105065.703125
302723.5,39807.80078125
264947.40625,35935.5
350536.0,76224.203125
327759.59375,80232.5
355983.1875,96190.8984375
295592.09375,32501.400390625
298685.0,17012.80078125
528077.875,72167.703125
374476.8125,80225.796875
499198.90625,70685.1015625
334793.90625,51961.19921875
518621.0,151483.703125
455304.1875,115455.1015625
371116.0,101715.296875
526269.5,32093.80078125
345071.1875,87609.6015625
335615.59375,122508.203125
488457.90625,21235.5
348047.3125,75529.6015625
552306.125,56728.5
387564.3125,132940.59375
477914.5,97137.3984375
370466.40625,218260.5
302316.0,29996.5
392025.8125,111466.5
302258.3125,22314.599609375
548262.8125,50644.1015625
525945.875,117466.203125
316528.59375,14443.099609375
284760.5,13998.5
343295.40625,70592.6015625
374371.3125,106324.796875
437876.09375,151974.203125
395054.40625,160733.5
311759.8125,20361.599609375
373589.09375,68684.296875
445193.1875,181862.203125
570915.8125,37835.30078125
327983.09375,56458.0
264824.90625,14091.2001953125
566581.8125,46169.1015625
359691.59375,81378.8984375
428197.0,247861.296875
327024.40625,46170.0
402295.8125,97214.796875
349032.09375,87076.6015625
341685.40625,71826.0
359413.0,98001.0
557461.1875,39930.3984375
507579.0,112833.796875
325826.59375,50337.19921875
395325.3125,138651.59375
338964.5,66462.6015625
536593.1875,123898.3984375
572870.3125,32408.19921875
275754.3125,49369.1015625
353972.8125,76073.8984375
466174.40625,202869.703125
563705.8125,79528.796875
485021.09375,92452.1015625
487004.90625,164432.59375
306114.09375,79413.296875
362254.0,117726.703125
326738.6875,77241.8984375
295095.0,16368.7998046875
529490.5,104431.0
319693.40625,73524.203125
296296.8125,16293.599609375
410214.59375,120503.0
397519.40625,88805.703125
498147.59375,94094.5
411639.90625,123638.203125
377711.0,264982.8125
420199.3125,148987.90625
455766.59375,147857.09375
493564.09375,112534.296875
387626.3125,103879.203125
287571.59375,28556.5
436029.40625,145044.0
316016.40625,15792.099609375
513075.90625,237668.796875
523324.59375,110241.703125
320110.1875,56238.80078125
500033.0,45844.1015625
454851.1875,135764.59375
241681.796875,43985.1015625
349449.0,111899.5
372852.90625,48079.1015625
370449.3125,134552.59375
302456.5,48988.3984375
479126.5,113835.796875
527569.3125,134688.59375
473001.59375,137394.796875
385215.59375,134786.796875
473520.59375,158950.90625
375134.5,164972.203125
528093.5,114476.3984375
418405.09375,114917.203125
363956.5,90002.6015625
428789.0,114996.8984375
330078.6875,51980.6015625
509180.40625,56600.1015625
374417.09375,98091.5
476890.5,200556.703125
343410.40625,70000.5
552478.875,48182.1015625
416226.59375,108719.703125
309468.1875,60172.30078125
390035.5,97232.1015625
378220.3125,82006.703125
414739.1875,138994.59375
390930.6875,108880.703125
519824.0,115842.0
430091.8125,41410.8984375
301224.09375,91063.796875
534553.0,69285.0
478196.3125,142518.09375
407523.09375,120487.796875
516654.90625,143930.59375
495029.09375,107863.796875
370931.3125,114121.203125
499135.59375,162676.0
440135.40625,272447.0
325337.0,65954.6015625
308822.09375,44429.1015625
306971.40625,25214.099609375
324016.09375,42105.5
241924.59375,22905.30078125
374041.90625,89739.8984375
469231.09375,187631.0
314809.5,67063.703125
247626.09375,81897.1015625
424270.1875,122031.796875
480732.90625,140811.5
441114.3125,165818.203125
342773.09375,82908.703125
401850.5,131826.59375
420612.8125,125725.703125
351744.8125,92696.6015625
298586.90625,20753.599609375
411806.5,95825.0
374188.40625,91112.796875
494536.8125,73702.6015625
530154.625,91078.3984375
411187.6875,147944.203125
301078.59375,36103.80078125
346207.90625,61189.3984375
411290.40625,80818.5
421625.09375,132905.59375
482278.5,19982.400390625
298097.1875,45375.19921875
303883.09375,38602.0
248808.90625,15640.400390625
362406.5,97289.703125
553317.875,74767.5
460757.40625,182459.09375
339137.0,121402.6015625
363334.90625,169518.796875
382537.09375,87614.203125
514045.8125,146796.203125
536841.6875,56863.19921875
471011.8125,177496.40625
513165.0,174324.40625
399315.3125,52614.1015625
361964.59375,75554.796875
347260.09375,82600.296875
325589.0,30989.400390625
569420.375,27423.599609375
430756.0,155333.09375
323701.5,59377.30078125
458023.0,137208.90625
371341.59375,70987.796875
459113.09375,146210.0
468577.40625,173007.09375
400834.59375,112540.6015625
398940.0,122396.8984375
299541.1875,44655.30078125
392269.0,125775.8984375
268267.6875,50309.1015625
296736.3125,58441.1015625
453250.09375,105860.3984375
511476.90625,125818.296875
249891.59375,70717.796875
345593.5,68703.8984375
546626.875,116691.796875
341650.5,86407.796875
480948.8125,80369.1015625
241561.296875,17567.0
299989.40625,41590.6015625
396009.3125,96078.0
525040.375,216624.296875
319760.59375,61196.80078125
341210.09375,62701.8984375
294689.1875,21551.19921875
487168.09375,258508.796875
297378.09375,15849.900390625
415405.09375,142004.0
307479.5,43179.69921875
457247.5,118150.6015625
569487.5,60372.80078125
314526.5,52997.80078125
474642.1875,127898.296875
334956.90625,96063.6015625
411036.59375,108153.796875
337877.59375,70347.8984375
331990.3125,82716.203125
474724.0,93939.203125
357682.90625,64775.5
528810.0,88144.1015625
315674.0,59876.80078125
514929.59375,159834.203125
388955.8125,101191.703125
503290.09375,163255.703125
347737.0,84315.3984375
455469.3125,133259.203125
445481.8125,168792.09375
259290.5,16771.0
340420.8125,132376.703125
373659.40625,101548.6015625
554530.3125,45328.30078125
361961.90625,82421.6015625
535411.0,96779.8984375
366528.8125,87311.0
396340.59375,142898.40625
428497.09375,160261.90625
358715.3125,87575.703125
352116.5,68556.6015625
272504.0,28640.80078125
301103.59375,13107.2001953125
295946.59375,91689.0
387412.0,102348.203125
297187.90625,13086.599609375
542662.875,71803.796875
517752.0,219418.90625
318483.8125,67845.703125
406137.90625,114954.3984375
360349.3125,81681.6015625
365456.59375,115335.3984375
326587.90625,62149.1015625
536251.625,96928.296875
476820.0,142562.5
315688.59375,55505.30078125
503234.09375,138023.796875
402218.40625,104052.6015625
384613.6875,122120.703125
449721.59375,158686.796875
377679.09375,97753.3984375
340876.40625,113700.8984375
503914.09375,148486.5
406070.0,142135.203125
373960.90625,142857.09375
274883.40625,13752.7998046875
412118.3125,150095.703125
472631.90625,104373.6015625
287980.59375,24310.400390625
434817.59375,200882.90625
422232.90625,131092.5
375345.90625,94800.6015625
561713.5,62194.6015625
513014.0,140566.40625
309465.5,36342.30078125
498890.0,142141.796875
438029.6875,105266.296875
366533.40625,117508.796875
301852.5,36632.8984375
378715.5,71323.6015625
346203.90625,105794.8984375
340124.5,93146.0
336258.8125,95115.8984375
331355.0,98216.0
310145.90625,91542.796875
446109.8125,104676.1015625
545335.3125,118098.3984375
376367.09375,80301.796875
457670.90625,115511.1015625
318983.09375,54517.19921875
573546.875,53823.1015625
552911.625,31850.099609375
545917.625,51691.30078125
298915.5,16817.69921875
406149.8125,155999.90625
422360.40625,117937.6015625
348544.40625,43391.1015625
496175.90625,124703.1015625
490732.40625,138714.90625
473129.6875,160402.203125
498997.0,176713.59375
417369.09375,114009.203125
358162.40625,91620.3984375
320209.0,80179.703125
380266.6875,79359.203125
470575.09375,68215.1015625
258092.703125,17123.19921875
303884.90625,43490.8984375
381089.3125,100235.6015625
518652.90625,82151.8984375
556351.875,53919.3984375
436831.6875,126938.8984375
528201.6875,75424.203125
296775.3125,65793.296875
524892.375,55550.8984375
533338.0,90955.296875
475801.5,196857.296875
460572.90625,60806.5
330873.40625,65001.1015625
366874.3125,89186.3984375
484013.40625,100432.3984375
566124.1875,99463.703125
269251.1875,51130.6015625
341544.90625,101596.6015625
323938.90625,57059.8984375
238567.09375,57966.69921875
549729.125,42433.8984375
254446.296875,46268.19921875
483987.40625,106000.3984375
458312.90625,164868.59375
327954.90625,40756.69921875
383618.40625,150623.40625
325203.40625,14226.400390625
378561.09375,52475.5
312804.3125,59689.30078125
350708.40625,63606.8984375
322263.3125,100858.296875
299611.59375,30881.30078125
283181.5,143740.296875
508115.0,97891.0
350545.0,58447.30078125
319176.3125,72893.8984375
293157.90625,26361.0
464181.40625,188071.0
290137.0,39098.8984375
370070.8125,250614.90625
556744.5,54567.8984375
324259.6875,54681.6015625
514531.40625,42188.8984375
403907.90625,112519.6015625
401497.1875,126966.203125
279844.09375,13539.099609375
275977.6875,60064.6015625
329623.90625,53957.8984375
462459.8125,115758.3984375
339928.1875,76039.8984375
397406.90625,118945.796875
520346.90625,78796.3984375
299301.0,82436.796875
464672.1875,80619.5
328631.5,62548.6015625
480856.40625,70473.796875
315302.90625,33201.0
433566.1875,137874.296875
356872.8125,149156.40625
409649.90625,141789.59375
392838.90625,116613.6015625
335098.0,88778.6015625
469194.09375,228667.203125
397434.09375,123889.3984375
539266.0,91708.3984375
410693.6875,101811.1015625
304712.5,15073.7998046875
303611.40625,33851.69921875
365884.6875,100567.203125
435832.8125,90421.8984375
540467.8125,104358.8984375
457631.40625,131971.09375
302566.40625,26486.900390625
408026.90625,128976.203125
356257.40625,97593.296875
359306.1875,105967.703125
520047.40625,142612.40625
420610.1875,123064.0
310686.1875,29640.69921875
338170.40625,50685.3984375
315855.5,54577.30078125
361937.8125,164151.0
539229.6875,54364.30078125
326187.0,57180.30078125
521858.0,134008.40625
428849.0,97567.203125
347105.90625,51365.1015625
359403.90625,89971.0
434933.1875,238221.59375
511605.3125,108643.8984375
464779.8125,151463.90625
469988.40625,101046.1015625
460664.0,126800.1015625
331764.0,46964.8984375
239193.40625,64702.8984375
388584.90625,129548.1015625
377652.40625,79533.703125
483879.1875,113786.203125
302521.3125,66146.8984375
273297.40625,14593.900390625
340926.1875,58453.3984375
551734.3125,65598.796875
440547.3125,124180.0
329860.6875,63441.19921875
320255.0,43746.30078125
312672.0,27926.30078125
504349.5,122321.703125
384661.90625,75218.1015625
423566.90625,118420.0
324483.0,57226.80078125
282549.40625,14198.2001953125
558100.125,80469.6015625
434457.09375,117229.1015625
301465.8125,44951.80078125
412946.90625,148434.796875
523869.6875,67581.3984375
553638.375,35668.6015625
428302.40625,161163.09375
434963.40625,166585.40625
491476.6875,125012.703125
308948.09375,19349.19921875
359166.59375,86744.8984375
520917.5,63129.3984375
469417.90625,168740.40625
285775.59375,14689.7998046875
321694.6875,26520.099609375
539887.6875,26582.69921875
272911.40625,28477.599609375
315794.5,46587.19921875
290258.90625,13640.2001953125
439278.6875,171296.703125
402665.90625,99547.796875
349292.1875,63551.19921875
350006.59375,97271.3984375
454822.8125,64704.3984375
377844.6875,82735.5
305438.6875,24631.5
433162.6875,138259.40625
396876.90625,191781.296875
285842.59375,14206.5
297039.3125,35608.30078125
327889.90625,44667.3984375
390332.8125,102448.296875
348664.0,71500.296875
495201.1875,70229.5
318901.5,59662.0
461962.0,125011.796875
507427.0,79518.296875
380042.3125,121831.3984375
352577.90625,47647.0
437259.5,148086.90625
403207.40625,122249.6015625
508949.0,129903.796875
376717.40625,129596.0
501860.90625,147810.09375
359322.90625,97458.6015625
496065.40625,157610.40625
459418.8125,148409.40625
381506.3125,121454.3984375
487137.40625,145888.90625
336853.90625,96924.8984375
415715.5,97258.796875
294066.40625,14062.7998046875
255633.703125,79515.203125
296975.90625,13822.900390625
285485.8125,47642.1015625
411597.3125,113272.5
430181.40625,131522.796875
440174.90625,155171.40625
277078.59375,82693.796875
330948.0,58675.80078125
517790.3125,80933.5
345447.6875,61240.5
265277.1875,24103.80078125
483557.40625,47052.0
324981.1875,85962.1015625
400013.8125,119706.8984375
464932.40625,127737.0
317012.09375,54483.1015625
500064.09375,110276.3984375
369330.59375,105437.203125
349429.3125,34908.8984375
443330.90625,96177.1015625
356129.90625,73731.3984375
377759.09375,113152.703125
359546.3125,64476.19921875
520522.40625,90254.6015625
334209.40625,54534.3984375
327566.0,110085.203125
323961.09375,23304.099609375
316262.6875,52950.19921875
411947.8125,154810.59375
311616.8125,25020.400390625
493522.09375,317383.5
424538.59375,101946.296875
555099.1875,38479.0
528589.5,109403.0
255922.0,58541.0
335171.0,120354.1015625
310513.90625,50041.30078125
255271.296875,66249.3984375
311984.40625,27685.0
473014.90625,114933.0
337696.5,72984.3984375
423987.6875,116903.6015625
481041.3125,178877.40625
438597.90625,147466.59375
238821.203125,16508.19921875
527838.5,84425.1015625
281752.0,16789.099609375
267992.40625,58332.6015625
334475.0,66494.8984375
385788.59375,115957.8984375
404510.90625,112539.203125
406079.40625,125801.0
321542.0,39882.1015625
379703.90625,116571.796875
546720.375,70593.3984375
554976.5,33910.3984375
354605.09375,84730.203125
467443.90625,126704.5
296904.6875,13220.0
388644.09375,74881.203125
443518.5,112355.0
335921.59375,98265.8984375
308017.59375,71483.6015625
302777.5,56666.1015625
464214.40625,158550.796875
370754.0,90899.1015625
506284.59375,148403.203125
377220.90625,147856.296875
557078.1875,80873.5
384845.3125,149998.40625
393280.09375,118620.5
547118.8125,106195.1015625
502759.0,111742.8984375
319538.09375,49678.19921875
293869.40625,41213.80078125
363899.09375,170089.90625
305514.09375,111378.203125
348871.90625,73872.6015625
409235.1875,126976.1015625
351901.40625,82306.203125
333195.0,89896.1015625
473740.0,78101.5
309060.0,64072.8984375
340629.90625,88001.796875
494839.8125,49038.5
443223.40625,70841.703125
477740.59375,192976.5
491847.6875,205598.90625
548366.1875,38535.1015625
369400.1875,70276.8984375
277221.0,21990.80078125
449989.6875,140794.203125
485530.59375,41459.69921875
312740.3125,82593.1015625
327197.8125,77554.703125
519086.6875,102815.6015625
525711.625,43896.8984375
333730.5,47648.1015625
566886.125,81822.703125
406035.5,96150.1015625
536643.875,85325.1015625
403550.5,94621.3984375
400501.0,68262.6015625
333692.59375,39380.5
427596.5,156536.59375
399101.09375,122728.703125
236758.703125,67934.203125
316556.59375,99243.203125
516234.59375,162165.703125
315408.5,31020.5
448712.8125,105949.203125
469495.40625,124464.296875
310184.8125,24149.900390625
483600.59375,186575.0
463496.5,141462.5
332251.5,43840.3984375
324646.8125,17045.099609375
343540.1875,62846.69921875
446973.09375,74923.8984375
305050.3125,20998.0
323511.59375,16621.19921875
335198.3125,82964.8984375
500706.5,28095.599609375
331399.09375,51328.69921875
329475.5,79984.1015625
338735.5,69966.1015625
443872.8125,154465.59375
401842.6875,123331.1015625
325376.0,43410.6015625
551723.125,92733.703125
407425.40625,86116.6015625
366757.0,79211.3984375
431746.09375,219219.40625
355714.59375,82646.1015625
290588.0,14362.599609375
304937.40625,43396.30078125
343114.40625,135958.796875
389463.59375,109432.5
331915.5,56646.0
474214.0,115021.1015625
466144.0,136817.09375
311977.0,20018.0
336914.90625,72887.1015625
364320.0,109096.6015625
365014.1875,168978.59375
483385.90625,159015.0
332211.90625,55048.30078125
537898.8125,80501.3984375
406844.0,130972.1015625
306575.09375,35517.19921875
243187.5,75222.5
370414.09375,116058.3984375
317970.90625,90703.796875
466359.1875,112130.6015625
304039.59375,45600.0
482350.40625,125814.296875
347399.1875,107949.6015625
292175.0,53582.6015625
309975.3125,28178.099609375
363309.40625,93597.6015625
485122.09375,98669.6015625
555641.125,91783.0
438737.40625,150019.796875
244921.703125,45539.1015625
452337.6875,17674.400390625
496390.09375,159447.5
351941.09375,82570.5
564465.375,99733.8984375
304658.1875,34036.6015625
325427.40625,64958.19921875
455180.8125,130960.1015625
504336.3125,86163.796875
304197.09375,46221.8984375
346720.5,85179.5
497605.6875,166189.90625
333671.40625,80298.296875
301517.6875,49700.69921875
321763.3125,48265.30078125
386222.1875,136429.703125
378743.1875,98726.3984375
431746.59375,94118.1015625
544722.8125,109546.796875
453422.0,135821.796875
313717.09375,82494.8984375
547386.8125,49438.80078125
456325.59375,130717.1015625
314118.59375,45753.30078125
341844.09375,49223.6015625
325806.1875,49192.3984375
396110.8125,91746.8984375
298075.6875,80921.703125
318417.3125,54103.8984375
354601.6875,92202.3984375
400057.09375,123770.3984375
402074.8125,218242.796875
454714.09375,156742.296875
447131.40625,90240.1015625
380688.6875,103073.8984375
367661.6875,171807.703125
450010.1875,163079.59375
389435.8125,99125.0
489926.90625,115947.6015625
553492.375,59704.3984375
309982.09375,30818.5
540833.125,37284.5
500719.40625,156262.90625
523770.1875,71307.6015625
368276.5,76496.703125
331104.0,73374.296875
513389.5,87957.203125
454039.5,147568.90625
526959.625,115975.8984375
550114.125,56069.1015625
429290.1875,106986.3984375
352348.1875,93361.3984375
326276.6875,52443.6015625
450906.59375,146610.203125
318633.3125,30929.19921875
302049.6875,13422.900390625
535368.6875,100030.203125
368457.1875,78636.8984375
324610.5,41428.3984375
334677.3125,17382.30078125
340913.59375,99699.796875
448005.3125,118747.8984375
426927.1875,137894.59375
294097.8125,16096.5
307947.40625,53091.6015625
302607.1875,16432.599609375
275761.8125,79024.6015625
481459.90625,128003.3984375
538576.125,136703.0
382489.5,126722.203125
432266.59375,128651.796875
285139.09375,13182.599609375
506714.09375,97121.3984375
323493.59375,38131.6015625
355768.6875,103167.8984375
374509.1875,160924.90625
461952.09375,47889.80078125
403907.6875,92054.6015625
444342.40625,162792.90625
504410.8125,209326.59375
497795.09375,63182.1015625
329261.8125,41194.30078125
494961.5,70549.796875
347032.90625,40218.80078125
551995.3125,90505.796875
243304.296875,94125.3984375
321271.8125,139496.296875
356884.09375,27810.0
370158.6875,80685.1015625
456645.5,165899.796875
462775.09375,135599.40625
511738.3125,91698.796875
454755.59375,136516.296875
343933.6875,102621.3984375
442887.5,137486.5
348112.6875,105905.203125
311980.59375,54313.30078125
273741.6875,69303.3984375
500121.09375,125792.0
453532.09375,121336.703125
484459.1875,66467.8984375
332860.3125,83908.6015625
431660.90625,116327.8984375
358794.8125,96638.5
315114.90625,56096.0
441355.8125,159060.40625
471691.1875,115178.8984375
306314.6875,38806.19921875
331680.0,95762.8984375
292830.1875,30033.0
340475.59375,94153.6015625
368448.0,176437.203125
446974.40625,161006.296875
324683.6875,75879.703125
302575.1875,54482.6015625
415481.09375,146465.59375
240984.5,11901.7001953125
386997.3125,119967.6015625
402723.8125,117365.796875
371467.59375,75958.296875
562424.3125,25539.400390625
299491.90625,13509.7998046875
552942.6875,103431.703125
423672.1875,176059.09375
417587.90625,135475.40625
569474.8125,32362.599609375
374375.09375,87894.296875
376930.3125,121432.296875
467533.6875,91327.3984375
488599.0,173679.09375
320328.1875,50564.19921875
335166.3125,80588.8984375
304260.3125,47914.0
548874.0,53222.5
437265.1875,100806.3984375
451465.6875,162162.203125
314958.3125,41544.30078125
341627.5,137790.296875
392047.09375,130877.3984375
482750.40625,119755.703125
330565.1875,74714.3984375
475048.09375,148587.5
467265.0,87432.203125
500037.0,108403.203125
482652.59375,161734.40625
547357.375,54066.1015625
385953.8125,86439.796875
416574.09375,91637.6015625
358397.1875,112446.3984375
367764.3125,92910.3984375
427651.59375,131351.296875
360261.8125,102741.0
315699.6875,48368.1015625
300971.3125,25342.69921875
550569.8125,119476.0
389861.90625,127760.0
487642.3125,153675.59375
307476.8125,15824.400390625
372825.90625,66100.8984375
296391.1875,21125.30078125
536002.625,84199.296875
487710.6875,72919.8984375
459033.90625,152184.5
342196.6875,202212.40625
442792.1875,106398.203125
539097.625,78384.5
333620.90625,69619.703125
330048.8125,66425.796875
317315.8125,45773.80078125
349000.59375,108184.296875
327258.59375,128324.3984375
562420.5,44062.0
393943.6875,121414.8984375
480076.59375,122308.5
393460.6875,117822.203125
357595.6875,36337.8984375
434929.09375,285903.59375
374334.8125,78413.296875
383447.6875,118057.8984375
296116.40625,20048.30078125
314137.1875,62593.1015625
449669.09375,152725.5
513654.90625,140838.40625
470280.90625,111646.296875
528075.8125,127958.1015625
381368.90625,82198.3984375
385443.40625,143247.203125
457323.90625,137767.5
527045.3125,110550.8984375
368840.6875,128165.8984375
297639.59375,80979.6015625
357910.8125,105488.796875
379935.0,211359.203125
350700.1875,86724.703125
292595.1875,24392.19921875
450793.5,120247.8984375
307038.90625,34424.5
336211.0,62823.1015625
349600.0,111697.203125
302004.09375,48782.80078125
506463.0,179502.09375
344550.1875,51736.0
554782.5,163020.296875
298380.3125,29148.400390625
301158.3125,17345.69921875
369117.90625,88878.8984375
343544.40625,38316.5
445169.09375,107304.8984375
452748.6875,121428.8984375
338905.3125,71905.703125
517828.3125,101893.796875
437835.59375,104311.6015625
484267.90625,131499.5
371351.09375,77649.1015625
394661.0,145785.40625
541373.625,115246.3984375
441451.1875,79799.203125
317886.3125,49718.69921875
532589.625,45034.1015625
441904.09375,104245.6015625
426733.40625,143182.0
468277.6875,148589.296875
523440.40625,51950.5
541542.1875,21177.69921875
331837.6875,29815.400390625
434842.59375,148703.796875
384633.0,106819.1015625
352397.59375,78328.3984375
468948.0,121315.796875
334252.1875,48917.6015625
443990.40625,141938.5
364213.3125,111016.203125
519968.09375,79101.1015625
313326.1875,45242.19921875
549232.125,65326.3984375
306646.6875,55847.69921875
350932.0,85480.1015625
543996.0,41248.8984375
494779.09375,95608.8984375
397049.3125,132634.703125
325746.1875,56561.0
477105.3125,222095.0
505446.40625,93039.296875
361336.09375,91385.796875
441592.90625,113161.5
498830.6875,110646.3984375
340387.8125,69284.0
457778.8125,114997.1015625
328687.3125,121655.1015625
292506.0,103343.296875
559910.1875,56758.6015625
309098.0,48758.1015625
520632.3125,95274.6015625
308549.90625,94464.1015625
311282.3125,44666.30078125
565982.6875,32677.19921875
343468.59375,67250.203125
329178.3125,66356.796875
310199.3125,14829.2001953125
285350.0,95402.3984375
397490.0,107105.6015625
420659.5,94712.703125
274718.3125,46195.0
362622.8125,77445.703125
348428.1875,110366.203125
312744.0,15351.2001953125
420959.09375,151088.09375
519730.90625,97497.296875
556585.375,48410.5
293551.1875,75616.203125
534230.3125,65896.1015625
311468.6875,68129.6015625
554613.8125,53996.3984375
505836.40625,126242.8984375
428039.3125,108602.0
476530.90625,162821.0
326658.1875,88212.3984375
410424.09375,91019.703125
310923.1875,44211.8984375
417637.3125,115780.296875
340016.8125,113270.1015625
444572.59375,109786.203125
460811.3125,123082.203125
458243.59375,112137.6015625
534751.1875,103697.703125
272039.09375,109034.6015625
419561.5,103254.3984375
340642.1875,65053.5
455050.59375,128237.1015625
347990.6875,55229.80078125
562800.375,55650.0
324549.6875,38272.19921875
339009.1875,57692.0
283027.09375,27131.099609375
568503.625,65475.80078125
339512.59375,82923.296875
489954.8125,111249.0
407905.3125,193798.59375
566612.1875,53168.0
366418.3125,193082.90625
436307.8125,152826.203125
301136.40625,16117.900390625
446037.8125,253521.09375
311408.6875,101557.0
482436.40625,103357.6015625
341645.09375,64728.6015625
307728.09375,33966.8984375
444856.3125,111503.796875
365599.59375,58795.69921875
316255.1875,28532.400390625
553892.3125,90981.203125
565525.375,75088.5
514047.8125,47968.19921875
270382.3125,62816.5
262573.6875,25863.69921875
420209.3125,128030.703125
455224.0,158137.09375
296110.59375,77986.6015625
303487.40625,25961.30078125
350779.59375,126167.796875
333150.6875,38912.69921875
404854.8125,166296.5
282378.0,82214.5
345002.5,60623.69921875
333647.8125,53996.69921875
553999.1875,101419.6015625
318974.3125,57949.5
377628.6875,69047.0
399931.90625,144437.59375
339055.40625,84727.5
558744.8125,91164.296875
315755.1875,47399.1015625
423860.3125,66705.703125
415933.59375,165297.203125
386615.5,131749.40625
418733.1875,94329.703125
330083.59375,31441.900390625
308266.59375,35920.6015625
336749.8125,104036.703125
488345.5,127286.6015625
415940.09375,110203.1015625
536246.625,68149.8984375
351388.0,76099.703125
397486.09375,124944.1015625
428603.59375,159823.796875
342880.40625,57922.0
445424.1875,120348.6015625
472686.90625,235139.59375
481155.09375,121751.6015625
361313.09375,114687.6015625
361660.6875,105116.703125
437502.3125,106052.5
521876.40625,67222.296875
354588.40625,68054.0
330518.0,66523.8984375
360329.6875,99791.703125
310638.59375,45996.8984375
294253.1875,25718.69921875
463133.0,182309.40625
345719.5,85372.6015625
454332.09375,110710.6015625
429193.90625,118337.296875
427901.6875,133846.90625
428836.5,140520.796875
357980.40625,76197.3984375
449981.3125,102926.6015625
526025.875,117316.5
416791.1875,139496.5
373800.90625,140208.59375
291352.59375,22067.400390625
515226.8125,93531.296875
350384.3125,106960.703125
544266.125,72747.1015625
547824.625,40967.6015625
359399.6875,131708.203125
302046.8125,62546.19921875
409284.6875,131081.5
436371.0,106936.203125
489820.5,148686.703125
482218.09375,115795.8984375
475337.90625,134394.90625
416246.59375,114838.1015625
348406.6875,88655.703125
331122.6875,39536.1015625
395649.6875,131346.5
456521.1875,181946.90625
509739.5,56342.8984375
501021.0,167802.40625
526402.5,70496.203125
375464.3125,139472.5
395768.8125,107894.6015625
539094.3125,20897.0
496696.8125,68195.1015625
311009.5,71214.796875
364889.5,89097.296875
533501.125,112358.6015625
471238.5,48102.80078125
452773.6875,239047.0
515878.3125,137131.90625
360818.90625,59929.0
354585.09375,113727.6015625
394320.0,125210.8984375
405968.6875,128099.8984375
376901.0,124601.296875
538632.125,106208.796875
318475.0,46191.30078125
525796.125,27165.69921875
381508.5,100324.703125
282090.5,15563.0
382942.90625,107817.8984375
391970.8125,88549.1015625
324035.09375,38661.3984375
491725.40625,111370.5
334332.0,70699.703125
339576.59375,105470.796875
544046.375,179356.40625
393470.90625,65674.1015625
353664.09375,117256.3984375
254899.703125,14711.2001953125
438657.90625,79179.5
417544.40625,115953.3984375
295200.09375,29382.0
406106.09375,122380.6015625
524520.6875,31194.0
417417.90625,155158.0
495879.1875,99573.3984375
324931.6875,73075.296875
385906.0,103243.703125
389006.8125,99267.6015625
482745.40625,130649.0
311938.09375,160490.09375
486418.0,80887.5
314896.8125,64440.6015625
476594.1875,235259.703125
426209.6875,130042.703125
315030.09375,86567.1015625
520191.0,90658.296875
418883.1875,21106.5
316219.40625,68857.5
296435.5,35295.3984375
470501.1875,114877.8984375
386624.0,102439.203125
443207.3125,171201.0
330629.3125,127546.1015625
455672.59375,176545.90625
294615.3125,20094.80078125
325300.0,47600.6015625
354549.1875,133460.59375
402343.3125,204675.0
422525.40625,129141.3984375
510986.3125,127666.6015625
451959.8125,127532.296875
334769.0,78974.296875
379017.5,66528.296875
317290.6875,86030.6015625
459497.5,145228.296875
361400.40625,102560.3984375
413775.09375,87331.1015625
334279.1875,73134.0
272355.6875,19983.30078125
315591.6875,80390.296875
464940.0,111814.796875
533456.5,49434.5
296063.59375,18347.30078125
261682.09375,46879.69921875
492423.6875,108745.796875
331539.6875,67428.6015625
304987.0,89013.703125
488382.1875,91321.1015625
349982.59375,57991.30078125
267910.40625,26380.900390625
252632.40625,38838.1015625
344465.0,58324.8984375
322274.6875,55462.1015625
321940.1875,75935.6015625
473226.0,167854.703125
447523.59375,102110.796875
306633.09375,57318.1015625
329531.5,60503.8984375
545679.6875,47864.6015625
397135.8125,126516.5
443217.59375,115039.6015625
442698.0,146566.796875
358379.09375,61003.6015625
506239.6875,89027.703125
390381.0,122380.8984375
343621.40625,78813.3984375
374125.8125,138532.59375
337239.3125,165852.09375
350774.90625,84380.1015625
526076.375,100259.5
350119.90625,86461.3984375
301251.6875,35216.8984375
557481.125,62225.1015625
365275.5,142412.296875
316756.6875,52532.80078125
510448.8125,35849.8984375
507304.40625,110645.3984375
395276.09375,105673.1015625
284934.09375,54018.1015625
346884.0,109634.703125
293024.59375,14053.2998046875
403148.59375,138036.40625
295756.5,22178.30078125
319928.5,17704.69921875
488416.1875,104521.703125
287567.09375,20313.0
497856.59375,136405.296875
376359.5,158030.90625
316653.59375,69859.8984375
305384.59375,13998.7001953125
475100.40625,104007.3984375
505292.6875,123445.3984375
320268.90625,73121.8984375
300323.90625,68720.8984375
322190.0,90559.6015625
556513.125,37471.30078125
517346.90625,134859.5
346948.90625,120093.0
493751.3125,108986.1015625
366995.0,78427.8984375
527346.375,72140.5
468524.90625,130849.703125
311201.5,49332.30078125
556726.1875,28749.099609375
343986.5,15103.599609375
329173.40625,46945.8984375
300741.90625,74447.8984375
303654.59375,44149.80078125
543267.5,90287.6015625
521236.5,74756.796875
311417.6875,64058.69921875
476355.40625,79109.0
310291.09375,43277.3984375
297612.5,27982.30078125
350263.5,83223.203125
378164.09375,103157.0
359294.6875,77816.1015625
488059.09375,131176.59375
377531.09375,171798.203125
553428.0,113120.6015625
276495.40625,13452.900390625
344865.40625,93679.0
552849.3125,47121.80078125
336924.40625,85343.8984375
516321.5,40332.1015625
461278.8125,186301.296875
405920.59375,114688.6015625
335753.0,62838.8984375
355557.90625,70658.0
487434.09375,120739.1015625
327526.90625,62774.69921875
360081.09375,121937.1015625
295563.1875,69478.203125
555396.125,22701.80078125
309650.8125,55580.6015625
400784.5,144751.296875
369412.6875,104589.703125
540293.125,22378.80078125
332216.0,79546.8984375
285089.09375,13196.599609375
303712.59375,35718.30078125
374646.59375,105805.3984375
311097.09375,57682.69921875
324608.40625,40704.5
299718.3125,33088.80078125
524537.375,88752.3984375
319702.59375,60549.80078125
366182.1875,97139.0
497704.8125,74261.796875
493428.5,147180.40625
551219.125,96090.8984375
570857.0,41965.3984375
241294.90625,12606.5
350228.59375,109649.8984375
430476.59375,110685.0
294313.09375,21918.099609375
543312.125,63302.30078125
540387.625,64497.3984375
540235.5,88642.1015625
417610.90625,106117.3984375
291267.90625,22754.900390625
313615.5,51703.1015625
307168.59375,18382.80078125
485972.5,142268.40625
397728.40625,89402.5
428838.59375,121646.296875
517633.09375,138704.90625
426964.5,78257.3984375
568963.125,22770.099609375
302616.40625,57424.8984375
464571.0,20780.19921875
447849.3125,93444.796875
330059.6875,49950.8984375
324344.3125,67038.703125
519269.1875,205278.796875
414977.90625,156975.40625
311499.6875,55786.19921875
507893.90625,59172.0
491281.40625,152237.203125
321030.59375,47744.6015625
389409.09375,167993.796875
489816.0,121970.8984375
295478.90625,92744.703125
538848.0,48569.8984375
327425.09375,16168.7001953125
318540.6875,35976.69921875
316046.0,26310.900390625
334570.90625,63621.5
419574.40625,117986.203125
354540.0,99894.796875
348097.09375,93726.1015625
364489.59375,151042.5
322897.0,15396.900390625
320649.8125,126739.6015625
267583.09375,103054.3984375
494446.59375,105932.6015625
336097.90625,67105.203125
323268.5,61891.80078125
459632.5,46493.80078125
519566.40625,103542.796875
256567.0,15450.400390625
400682.90625,133700.09375
343967.6875,81235.1015625
346283.3125,86012.796875
475079.8125,135448.296875
505372.09375,183221.59375
347659.40625,77961.796875
314700.6875,45413.1015625
509208.09375,122275.3984375
315905.0,73793.703125
447258.5,122420.8984375
284225.0,41904.69921875
440608.5,88550.0
368058.40625,96614.1015625
519112.40625,56415.8984375
448556.5,178163.40625
436779.90625,100073.5
382786.40625,87822.1015625
392659.59375,82928.6015625
446639.40625,269986.1875
329594.40625,78953.203125
427034.3125,148373.59375
411696.1875,115462.5
254184.59375,60638.19921875
335473.59375,51559.19921875
319632.59375,140950.90625
350192.3125,115256.3984375
324615.1875,61422.80078125
514633.6875,127849.8984375
319050.6875,45022.80078125
480257.40625,137368.40625
515484.0,92935.5
336282.5,72238.203125
536336.6875,136268.296875
510199.5,89892.8984375
408958.5,111786.5
478867.59375,66211.6015625
316154.1875,48296.0
308466.59375,61845.6015625
501630.90625,116630.203125
511321.6875,104421.203125
389758.8125,111406.1015625
414679.09375,243992.796875
528491.6875,62386.30078125
377624.09375,51749.69921875
435014.0,125749.203125
524884.875,66629.203125
512541.8125,67565.8984375
519267.90625,81509.796875
371899.1875,18997.900390625
397269.0,141823.703125
503990.5,98539.8984375
378440.5,137399.703125
336989.0,68374.0
494903.0,65912.6015625
502767.0,78197.0
284141.59375,32139.599609375
426318.40625,131488.09375
276098.90625,73013.203125
533159.125,100212.203125
382844.6875,86995.0
477221.09375,142309.0
377291.59375,110789.203125
515784.09375,117087.3984375
381651.1875,110999.296875
470137.59375,187835.59375
464273.90625,123856.203125
511101.8125,65396.3984375
522791.90625,24961.599609375
538007.375,20713.30078125
516490.90625,150243.796875
308892.6875,52236.8984375
464989.90625,273081.5
329616.09375,67215.5
429617.6875,111874.5
452190.09375,152660.703125
523635.6875,26994.19921875
462775.3125,54756.3984375
333323.1875,16667.30078125
396271.09375,80697.1015625
539745.1875,112876.5
320983.6875,51661.69921875
353070.40625,129913.796875
336565.90625,63677.6015625
521066.0,35511.69921875
347320.40625,95420.3984375
551706.125,137366.0
343497.09375,146166.09375
445636.40625,155331.203125
242395.40625,15300.7001953125
531620.5,121040.5
365281.6875,69397.1015625
541342.5,91689.5
285155.59375,21334.5
495934.59375,136255.09375
515503.40625,100413.203125
531167.375,173410.703125
401234.09375,118769.703125
529418.1875,92673.203125
417302.3125,97355.1015625
416076.3125,53058.3984375
321517.6875,97941.5
311371.59375,38391.30078125
310043.09375,38945.0
466906.59375,145212.203125
562354.125,122640.1015625
311719.0,41787.19921875
504717.3125,87063.8984375
386858.40625,118758.6015625
485213.1875,45918.0
471715.6875,130055.203125
384613.40625,75233.1015625
494442.6875,130440.296875
529779.875,86748.8984375
481530.0,84826.8984375
398650.0,110727.5
538511.875,62311.30078125
555303.875,22743.0
439006.0,136237.0
397315.09375,116626.5
389595.59375,123014.1015625
434272.40625,109121.6015625
347643.90625,62476.30078125
349794.6875,68959.3984375
422600.40625,147803.59375
530721.0,111620.5
483315.5,203186.203125
378446.0,49984.0
497091.90625,115246.5
299750.1875,38038.0
317312.59375,37689.6015625
538101.125,106632.203125
412755.59375,143890.5
319831.6875,60987.19921875
321567.8125,78082.8984375
349667.90625,72439.703125
313780.1875,15416.7998046875
276595.09375,42082.5
326529.5,59794.69921875
447492.90625,128856.796875
349122.5,16773.19921875
342309.0,69794.3984375
440406.40625,207095.5
446178.1875,118581.6015625
368956.5,141558.0
481651.59375,150777.0
285915.90625,56219.69921875
351940.90625,87927.703125
307589.90625,87041.796875
302982.1875,22827.30078125
367048.90625,153384.40625
260141.5,49932.8984375
372758.5,122649.703125
477610.0,154882.0
442675.1875,139792.0
359898.0,99161.296875
290097.0,19674.30078125
314610.09375,56629.69921875
542051.3125,52626.3984375
327019.5,95815.703125
320875.90625,52103.69921875
285911.40625,43126.30078125
419873.1875,178779.40625
471954.0,112636.0
486671.5,138593.0
308985.59375,41482.1015625
452991.40625,135611.703125
480157.0,121725.6015625
534051.5,97129.703125
396632.3125,99183.8984375
353191.59375,104438.296875
323596.09375,66744.203125
311083.6875,57754.80078125
375493.6875,106543.5
437185.6875,149030.90625
509377.1875,229730.59375
285157.6875,63760.0
365255.90625,79804.8984375
535103.3125,221059.5
312703.40625,66091.6015625
544403.375,21723.099609375
254722.40625,51062.0
345724.1875,100037.1015625
463328.1875,141409.703125
273899.09375,50696.6015625
561690.6875,127217.296875
457135.0,49958.0
473678.8125,158436.5
372644.6875,65244.0
536000.6875,74471.3984375
436787.0,120972.203125
321955.3125,45908.30078125
336771.90625,69603.1015625
316546.90625,76182.1015625
345116.0,80079.6015625
410949.5,150656.09375
345522.1875,55810.5
361367.6875,72974.8984375
261753.703125,31916.400390625
304719.1875,32153.5
378749.8125,77848.5
361825.5,60609.69921875
501935.59375,82972.8984375
456721.8125,118562.796875
494511.8125,154478.5
401057.40625,122195.6015625
422488.3125,103394.3984375
293983.1875,66339.703125
253524.5,63387.6015625
253921.5,141509.5
299298.59375,38607.6015625
252464.40625,16190.099609375
272606.6875,78474.296875
469035.6875,129343.3984375
506218.09375,225076.40625
460997.0,193934.203125
332548.90625,65433.3984375
324633.1875,29003.599609375
556083.125,40529.80078125
477673.59375,148197.90625
358995.40625,99412.6015625
315644.1875,45445.5
342029.59375,14855.5
304801.3125,17703.19921875
550776.875,112218.6015625
315063.1875,43582.80078125
535590.375,24607.0
312098.0,71386.0
386701.0,98658.3984375
323002.5,14379.099609375
310603.0,44972.69921875
541836.125,108471.8984375
483037.8125,124662.796875
254556.203125,23608.900390625
368510.8125,106218.3984375
305175.3125,13817.0
564633.8125,99795.796875
379284.40625,74155.1015625
382474.6875,90556.6015625
437650.40625,109071.796875
344096.0,65822.1015625
522417.5,150476.0
382040.59375,81360.203125
324930.59375,53415.1015625
448979.5,251240.90625
464514.40625,171848.0
457565.90625,85167.296875
311822.6875,62644.30078125
332314.5,42614.69921875
487524.1875,99869.5
384670.6875,108118.5
306806.1875,21938.099609375
339430.3125,70518.3984375
476125.1875,130433.5
406032.90625,141318.40625
384382.1875,53008.1015625
343639.3125,100841.296875
472187.6875,150224.59375
390712.1875,104434.6015625
472385.40625,113629.1015625
340426.1875,67663.5
470316.90625,147721.203125
503296.5,60054.1015625
366159.59375,172562.203125
339593.3125,77006.203125
418569.90625,103834.1015625
327128.0,58742.3984375
394976.40625,133009.5
581423.0,38996.5
368996.5,112298.1015625
522026.1875,131593.5
302596.40625,66356.8984375
505246.6875,115665.1015625
321644.0,28128.19921875
289297.6875,19305.5
368400.1875,16158.900390625
426103.3125,115955.3984375
391013.6875,105003.5
400327.59375,98366.8984375
336800.0,54327.19921875
306497.1875,40664.1015625
525282.3125,98759.796875
545873.1875,28079.0
310246.40625,26631.19921875
329222.1875,87076.203125
506333.09375,146952.203125
439702.09375,133456.90625
488516.1875,104268.3984375
433228.1875,133131.40625
426997.0,137564.703125
342707.3125,73926.5
535466.6875,26153.099609375
420194.0,98949.1015625
419003.40625,120384.0
270787.90625,59658.6015625
497302.40625,320890.6875
491590.40625,178352.59375
492703.5,127718.3984375
419962.3125,90489.703125
417738.0,134854.09375
324244.5,14627.7001953125
344985.1875,100973.5
537198.6875,167943.40625
549634.1875,124372.3984375
400292.6875,109148.5
515619.5,67294.796875
362588.0,88484.6015625
463002.3125,158244.296875
467123.40625,91263.203125
330418.6875,71855.203125
390091.0,84474.796875
479990.40625,40246.80078125
382073.8125,112805.5
313834.40625,49218.8984375
380022.59375,84457.5
389970.8125,45699.80078125
515334.40625,40436.69921875
514753.6875,99058.203125
517461.59375,222664.90625
370818.09375,108506.3984375
529292.0,79897.203125
303556.40625,73310.703125
301432.6875,59411.3984375
401344.90625,78793.8984375
507853.90625,48655.30078125
364864.1875,71605.296875
576567.6875,64727.5
540243.875,67890.5
417204.59375,119455.703125
530571.1875,263936.40625
540263.1875,155946.90625
488163.8125,76430.0
563559.375,55063.80078125
390173.40625,137232.90625
435336.1875,130904.3984375
376037.40625,108361.203125
304838.90625,15123.900390625
380169.3125,113637.296875
498441.6875,237380.90625
317710.09375,56270.3984375
523680.3125,91215.6015625
502730.5,78482.703125
400452.40625,107075.703125
327578.09375,39826.3984375
259703.203125,76762.1015625
291033.09375,17377.400390625
462402.5,183431.0
525393.1875,38099.80078125
484011.8125,72767.703125
461544.0,122812.6015625
423267.1875,115512.0
441054.5,85212.296875
418824.59375,221477.90625
408084.40625,125854.296875
492661.5,122402.1015625
321279.0,51319.30078125
318875.0,71401.5
490353.1875,313701.40625
356555.40625,123765.203125
468025.59375,181115.40625
451832.0,145886.703125
344137.6875,85451.6015625
476045.09375,85043.8984375
469110.1875,86988.8984375
342503.6875,100113.6015625
529181.125,122462.703125
509372.6875,150211.90625
538051.6875,67176.0
561161.875,78833.0
460877.90625,72548.8984375
495907.5,60563.1015625
292683.6875,47839.3984375
384268.6875,111841.296875
358775.3125,115931.6015625
322831.90625,30372.30078125
538356.1875,98318.8984375
524769.875,32490.69921875
377576.5,86797.0
329936.3125,18294.80078125
317609.40625,80773.296875
312185.09375,78754.703125
316483.8125,32900.5
329533.5,81474.6015625
334608.90625,45568.8984375
445686.59375,148078.5
514565.1875,157632.703125
499982.09375,110680.0
545199.0,52488.5
383289.09375,150693.90625
400554.6875,152268.90625
295300.90625,15801.7001953125
483382.6875,159539.0
410043.09375,130668.8984375
504424.6875,94926.3984375
394844.5,118948.5
472793.5,228350.703125
405411.6875,114325.796875
316092.3125,98813.203125
325430.0,26129.599609375
536779.1875,60847.0
508247.6875,70102.3984375
488784.1875,230368.296875
301733.5,68151.296875
375404.5,94903.6015625
360094.40625,93184.703125
496104.6875,91539.203125
507034.0,105510.0
296974.59375,16651.30078125
275754.3125,14487.7998046875
363960.09375,113208.8984375
300120.6875,14391.900390625
437821.90625,125972.796875
413938.6875,144005.5
307666.90625,62912.0
328373.59375,91275.203125
467553.90625,137902.796875
394227.0,157009.59375
367737.1875,98132.203125
402887.90625,119679.703125
517832.3125,87195.296875
299818.0,13652.0
332441.09375,127345.5
533766.875,130159.703125
444611.0,90910.5
332278.59375,68258.8984375
514869.3125,174199.09375
327862.5,79852.703125
356562.6875,68238.8984375
308527.0,23907.5
461827.40625,151590.296875
356281.6875,35696.30078125
327306.6875,91646.5
321358.40625,62848.30078125
309569.09375,22974.5
484927.6875,152450.40625
547469.6875,67011.703125
522425.09375,85702.3984375
339863.59375,112944.703125
312915.0,16841.80078125
375144.90625,99317.3984375
397287.6875,174150.90625
440238.8125,142115.59375
465871.8125,176247.796875
321348.40625,78657.703125
490096.09375,148561.40625
397307.6875,108929.796875
298838.3125,98592.203125
550106.625,35380.19921875
446064.90625,114715.296875
539560.1875,87567.203125
415466.6875,83835.3984375
367206.59375,115954.3984375
447027.1875,149723.90625
298951.0,44843.6015625
526595.625,82395.3984375
465841.09375,94457.296875
460047.59375,122431.3984375
439070.90625,113380.796875
312668.3125,38440.69921875
297515.5,19561.099609375
410116.09375,175065.703125
468179.1875,96269.8984375
287521.59375,17676.099609375
310317.0,60112.5
284059.59375,31826.5
456933.8125,116448.203125
481008.40625,142496.5
506375.5,63018.0
494890.5,88818.703125
312144.90625,29393.19921875
542070.3125,26317.69921875
334391.59375,39927.6015625
349398.59375,90398.5
306733.5,56194.8984375
377898.8125,58594.19921875
503051.3125,102157.1015625
329240.5,59313.3984375
414215.0,193527.703125
408565.1875,125889.6015625
255235.90625,24199.69921875
310655.3125,76871.203125
369301.59375,103690.0
389888.40625,69261.3984375
335186.5,93460.5
513336.1875,127180.0
446426.90625,138451.5
249362.09375,47370.69921875
306618.40625,14282.5
318374.8125,34178.8984375
453925.6875,107834.1015625
433381.40625,122155.6015625
364389.90625,62492.3984375
358478.59375,103620.6015625
549579.5,26352.900390625
547622.5,80597.0
305979.0,13210.599609375
462026.40625,108179.296875
308764.59375,36390.1015625
324168.5,14857.5
421121.59375,86126.703125
429121.0,96737.3984375
343058.40625,74690.0
362949.5,93601.0
405005.0,151178.59375
422490.0,101105.8984375
383687.3125,168059.203125
436486.90625,83773.8984375
366358.09375,99596.1015625
329125.0,69354.5
306241.0,22303.80078125
264505.8125,45305.6015625
337693.3125,50306.8984375
244227.0,67301.703125
438042.6875,140210.796875
383322.8125,131068.203125
535128.3125,95614.6015625
299553.40625,101495.203125
470688.90625,139324.40625
368452.40625,60232.80078125
507118.59375,115256.5
301087.5,29202.900390625
342006.8125,59870.69921875
241087.5,12065.0
507663.0,110520.1015625
479530.0,74595.8984375
464384.0,163912.796875
449192.5,182010.203125
477746.0,380588.6875
417596.90625,203918.5
502194.3125,118372.703125
461676.90625,95231.3984375
314059.59375,46677.6015625
354959.5,97132.0
356352.1875,76147.0
361881.90625,80733.5
390864.8125,136452.09375
402008.5,148366.296875
477269.1875,160655.09375
539024.3125,51414.1015625
290721.90625,32204.0
424075.8125,237954.40625
387579.0,41727.19921875
547210.3125,44403.1015625
302012.3125,31185.099609375
347043.1875,87520.203125
410097.5,170230.296875
450604.6875,119466.3984375
498296.6875,102825.0
512938.5,116852.296875
297703.09375,32694.30078125
299519.3125,105988.5
422996.5,162312.90625
466252.90625,140927.0
427717.8125,149460.203125
538875.3125,26380.099609375
482493.1875,65712.6015625
441682.09375,116679.1015625
337621.40625,122981.5
311837.40625,94800.5
552204.0,172713.09375
306331.0,39181.8984375
310997.6875,15836.099609375
459357.5,65179.80078125
314009.40625,43249.6015625
487282.59375,74821.6015625
352937.8125,14346.2001953125
302309.0,13387.2998046875
393810.6875,204950.59375
304749.1875,52772.80078125
460643.6875,122921.1015625
295103.90625,19226.900390625
446685.40625,89772.5
296697.3125,65974.6015625
275397.6875,12555.0
311638.6875,16223.400390625
444775.5,122180.3984375
245413.09375,28279.099609375
466576.90625,77302.5
303453.1875,31651.099609375
479158.90625,138886.09375
343232.40625,88798.703125
434434.3125,137017.203125
433153.09375,140497.0
419951.0,111321.5
502274.59375,111604.3984375
409797.40625,141243.5
454482.3125,138154.703125
383158.6875,119478.203125
286843.90625,25119.0
454101.6875,113190.296875
460143.40625,112782.0
493189.5,108376.5
529160.375,58783.0
353318.5,119982.6015625
308933.0,34512.19921875
343536.0,93131.296875
561915.375,21235.5
278503.5,84064.5
309723.6875,17083.30078125
330527.5,60365.80078125
481874.3125,47930.8984375
295280.0,16617.19921875
320785.6875,43287.1015625
335129.90625,75660.1015625
480969.09375,156811.59375
397699.0,129697.8984375
437085.8125,119983.703125
349695.5,72237.6015625
465558.90625,121984.296875
347353.5,116749.703125
368943.1875,115406.1015625
270590.90625,36883.19921875
341153.8125,175211.703125
368490.0,223479.0
319184.09375,68910.8984375
284130.5,20563.0
419076.09375,110911.203125
329417.90625,44438.0
442371.5,164377.5
411520.0,123037.1015625
494832.6875,103306.6015625
377675.8125,162046.203125
408830.40625,137190.90625
534627.625,32815.6015625
335041.0,86452.0
293552.40625,15176.5
312413.90625,60232.0
294454.59375,45117.6015625
457976.5,191413.90625
306191.3125,19633.599609375
475582.5,152388.09375
285230.0,19869.80078125
459037.40625,136784.703125
306169.8125,41444.19921875
400977.59375,88944.6015625
300455.5,27603.5
351511.3125,94481.703125
307563.0,32583.0
271432.0,43776.19921875
337322.90625,88682.203125
315419.09375,52548.3984375
429628.59375,127778.203125
462889.3125,122084.1015625
280816.0,12676.5
505395.90625,121817.0
321990.40625,48698.5
306823.5,56067.0
339556.5,63182.19921875
456932.6875,66777.6015625
487995.90625,88240.703125
386364.40625,163228.90625
423360.09375,170191.0
289913.1875,24318.099609375
484019.59375,109362.3984375
296470.90625,49397.69921875
303311.5,35694.69921875
424196.59375,175739.90625
319817.40625,75297.3984375
309228.40625,50328.69921875
414773.59375,96484.703125
256145.09375,22829.400390625
337241.8125,84284.0
485184.59375,199158.296875
453370.6875,61817.3984375
444979.90625,149754.40625
274298.5,28361.599609375
401457.09375,120280.0
486542.8125,174125.296875
516977.0,92777.6015625
448313.1875,153627.296875
479536.09375,118721.8984375
416257.6875,85780.1015625
497009.59375,121946.0
313810.3125,18497.19921875
550049.5,52550.69921875
483275.09375,100273.8984375
461831.0,106806.5
489990.1875,66298.3984375
440784.6875,165789.203125
457817.40625,100692.203125
411286.8125,107324.796875
338474.59375,77819.0
304825.59375,57521.3984375
396988.40625,147648.40625
546964.125,33108.19921875
291709.09375,15445.900390625
502501.40625,150041.296875
411870.90625,102532.5
468078.59375,120664.796875
434035.1875,171497.90625
428277.3125,98927.5
381381.09375,107430.1015625
448520.1875,265379.5
522636.6875,146670.796875
411414.5,239331.296875
406425.1875,167531.09375
395724.40625,127335.203125
408687.09375,107301.203125
466461.90625,309111.0
446864.59375,142907.296875
314687.59375,37068.69921875
341256.0,76902.6015625
391193.09375,105276.1015625
397174.1875,77485.5
342980.1875,90050.296875
350653.0,63293.80078125
508709.8125,56578.6015625
490083.59375,148817.5
324595.40625,81124.796875
448299.59375,123635.5
383161.09375,111955.8984375
446491.8125,168861.703125
440669.40625,140342.90625
392773.90625,80896.203125
526161.875,95428.5
345168.3125,108828.796875
482428.59375,118402.203125
482008.0,63458.6015625
375661.59375,81528.1015625
335575.1875,77931.5
443247.6875,84015.296875
533176.5,81081.796875
324561.3125,18097.900390625
456140.90625,117598.703125
495392.1875,59842.8984375
333555.40625,79559.0
535456.5,216302.59375
480856.3125,37122.5
509450.1875,35555.1015625
497155.59375,132731.90625
300531.90625,14450.400390625
446069.90625,104211.3984375
310070.59375,57496.8984375
334393.40625,75816.0
337833.0,158085.59375
254651.296875,87484.5
326576.09375,44453.80078125
388858.59375,188114.0
297210.6875,122667.1015625
401515.59375,106807.8984375
321983.3125,67864.703125
317140.09375,42915.3984375
299151.0,31358.0
486572.90625,162488.90625
490486.90625,204926.5
430278.0,79060.6015625
307053.8125,72536.0
465751.59375,190228.296875
393417.40625,64584.3984375
480434.09375,144402.0
363205.40625,153653.40625
305028.90625,41097.19921875
422184.3125,163951.296875
489831.1875,35705.69921875
465619.59375,140658.203125
333513.8125,112891.5
344135.3125,98997.0
490354.09375,116009.703125
367554.0,80066.796875
279455.3125,26288.099609375
312384.0,16181.7001953125
345282.59375,75006.3984375
368765.40625,75582.203125
577875.1875,51855.3984375
398899.8125,134389.296875
345800.09375,78421.703125
385860.6875,60544.1015625
398082.0,120243.5
306927.1875,31360.400390625
429943.1875,73155.203125
516699.59375,84368.8984375
484965.59375,39192.69921875
529852.1875,99513.1015625
479351.3125,170225.0
281873.8125,18085.5
381133.5,113770.6015625
326627.5,52572.80078125
457575.1875,123684.796875
362622.1875,99629.6015625
267932.09375,24861.5
318232.6875,49274.6015625
461003.09375,198054.40625
457753.40625,118698.703125
254452.59375,19456.900390625
385022.40625,128672.8984375
327945.59375,159533.703125
294879.90625,13192.0
460922.09375,138060.90625
416343.09375,136788.203125
380460.90625,103386.203125
478021.3125,119898.796875
413924.1875,125686.1015625
422410.90625,145965.5
324487.59375,84529.296875
316914.8125,18327.900390625
348942.09375,72329.0
366984.40625,48643.19921875
371852.0,104149.203125
330950.0,81577.5
567759.875,32078.400390625
244330.90625,65141.19921875
467474.09375,134657.703125
496199.8125,99340.796875
300643.3125,42806.0
463013.5,113413.6015625
430976.59375,114573.703125
367394.6875,122188.8984375
368208.8125,100902.1015625
485599.5,149306.09375
507891.59375,156474.0
459993.1875,149537.296875
463972.8125,132307.90625
289716.59375,25265.0
452239.09375,140542.90625
290667.59375,55055.8984375
321551.59375,41585.69921875
458654.8125,89433.796875
550295.1875,52503.19921875
331267.09375,62703.3984375
282873.40625,46485.30078125
301214.90625,37557.0
451613.09375,126338.3984375
345386.8125,90899.203125
468211.59375,78103.203125
373136.40625,101690.5
497772.90625,57999.30078125
438099.3125,137713.0
303544.5,42828.1015625
307606.09375,32680.19921875
377134.09375,129259.1015625
389261.6875,113523.5
377614.8125,98222.6015625
316496.59375,54333.0
427429.5,184019.09375
350354.1875,104096.6015625
356402.90625,51673.69921875
340019.59375,109565.203125
495740.8125,152596.203125
420519.0,138273.40625
482496.90625,73965.203125
253131.5,23855.099609375
328599.59375,50321.69921875
330711.8125,70662.203125
562179.375,53888.5
284279.3125,62132.69921875
494543.5,183047.90625
448177.90625,86142.703125
427981.0,124327.3984375
366308.40625,57180.19921875
457334.59375,137498.203125
481093.59375,121452.1015625
303985.90625,82324.6015625
525580.375,140087.59375
419411.8125,204781.5
338998.0,80948.8984375
403372.3125,190498.59375
268966.40625,61325.8984375
509570.59375,21256.69921875
422237.90625,92581.703125
434142.3125,124730.8984375
339332.09375,91360.796875
330682.8125,72350.703125
435322.0,163086.5
424377.59375,120250.703125
328845.0,62220.1015625
252637.296875,67324.0
332937.90625,69527.1015625
417103.3125,100603.1015625
310869.09375,56274.19921875
381092.3125,105026.8984375
551534.875,21137.69921875
359225.40625,82540.5
321500.5,118759.1015625
487293.3125,107308.0
511842.5,91930.3984375
337941.90625,54112.19921875
323835.09375,56495.8984375
316013.6875,22761.400390625
532618.5,86640.5
482600.40625,187234.40625
351288.40625,105481.6015625
404579.90625,91371.203125
540149.3125,215829.703125
350474.0,69908.8984375
329680.09375,49983.69921875
347977.8125,77389.203125
486127.59375,144234.703125
303724.09375,66125.1015625
539939.375,31646.599609375
336192.90625,50506.1015625
307058.8125,81752.6015625
483159.90625,142773.296875
292681.09375,39480.19921875
472761.8125,72095.8984375
296512.40625,30526.30078125
367224.5,92030.703125
344692.90625,99748.0
397900.5,127878.6015625
325532.3125,76602.5
336451.59375,75408.203125
294053.1875,19793.900390625
482333.59375,91702.203125
542464.375,133667.203125
528247.875,157377.5
509898.0,144567.09375
362006.5,79950.3984375
292884.0,61344.8984375
398242.59375,133037.703125
500025.09375,78732.3984375
478730.0,100745.5
481976.90625,113898.8984375
256845.40625,13076.599609375
444356.0,208241.5
367552.09375,90865.703125
495529.5,113967.6015625
304426.09375,17751.599609375
520523.90625,129125.703125
437360.0,88193.6015625
454413.5,96689.6015625
410969.3125,106514.203125
342966.0,63771.8984375
369178.40625,134573.203125
384589.09375,88473.703125
340947.3125,51487.19921875
450603.09375,128304.8984375
520231.09375,150340.203125
289910.8125,128066.5
381232.5,151059.40625
407356.3125,105755.1015625
408150.0,155774.90625
504275.59375,106157.203125
470361.09375,53758.19921875
436456.1875,101992.0
394197.5,133517.59375
291441.8125,35439.5
363848.09375,75321.1015625
392793.40625,101246.1015625
282194.40625,17324.099609375
544240.0,49806.69921875
230941.09375,41553.19921875
499727.3125,97288.6015625
299604.3125,91739.3984375
463754.1875,151615.90625
284096.09375,24432.69921875
458207.3125,134899.203125
391644.0,151844.09375
380719.5,105507.8984375
512725.0,68816.8984375
329053.3125,66514.703125
556050.625,23836.400390625
512902.40625,65775.1015625
472880.40625,138059.296875
332483.09375,70724.6015625
347755.09375,118271.203125
383840.0,93753.6015625
512412.6875,176983.90625
447602.0,187261.203125
304861.59375,41156.80078125
362683.90625,126178.5
505683.09375,129821.203125
336000.8125,50297.1015625
445796.5,25659.900390625
384871.40625,127401.203125
341392.0,67936.3984375
532951.125,28332.69921875
394827.40625,86615.703125
352852.5,65512.6015625
291190.09375,104106.203125
321767.0,60224.6015625
414165.3125,159341.90625
413529.09375,115985.296875
314121.59375,43165.8984375
452352.1875,110392.8984375
351621.90625,55764.8984375
295081.8125,13801.7001953125
454668.0,152184.09375
310045.59375,123510.3984375
358179.1875,103073.703125
485191.40625,119932.3984375
396087.09375,101447.6015625
469379.3125,131680.5
594765.125,83447.8984375
419059.09375,45757.69921875
303918.3125,39890.8984375
306960.8125,58829.80078125
337856.6875,52105.0
502819.09375,197684.0
339124.09375,66803.5
487157.1875,134299.703125
529695.375,97137.8984375
319548.90625,17733.30078125
304692.09375,13889.099609375
549705.125,20538.900390625
392448.8125,162746.796875
418913.90625,76023.3984375
406536.59375,114578.3984375
415015.0,120989.6015625
426724.0,128141.5
403837.5,143888.796875
490957.59375,74614.796875
357818.59375,96387.5
353581.90625,169529.40625
380360.59375,129410.1015625
429759.3125,114091.8984375
367368.90625,96952.3984375
475398.0,111017.1015625
503346.59375,128824.3984375
316563.5,86366.0
373115.90625,120119.296875
424985.1875,187692.296875
493452.09375,78204.8984375
308170.09375,117648.5
234611.09375,26001.5
507738.90625,81350.796875
473794.3125,134668.0
295175.90625,17408.599609375
457904.3125,157172.5
309816.3125,36989.8984375
455548.59375,152060.90625
496271.90625,91636.6015625
368119.59375,188636.90625
491440.0,123501.0
534788.5,104965.296875
547216.625,78146.8984375
321585.5,28639.099609375
500295.59375,141141.59375
335437.3125,14291.2001953125
374811.40625,59897.80078125
443224.09375,145274.09375
508410.3125,182987.90625
380284.59375,149819.59375
297348.40625,44797.6015625
468113.3125,108220.203125
524667.8125,28994.0
310773.3125,13468.900390625
402265.59375,145762.40625
416748.3125,129599.8984375
358221.40625,86107.3984375
561974.375,58325.80078125
363171.59375,68117.203125
337504.5,86518.703125
431795.5,123620.1015625
309490.3125,39822.69921875
339796.90625,49348.30078125
372380.59375,90182.1015625
403488.1875,92694.1015625
546714.5,69460.1015625
467349.1875,80379.6015625
377193.59375,109374.296875
341732.59375,62973.5
312804.1875,62287.19921875
333024.90625,65991.796875
248036.09375,62967.1015625
309382.6875,35309.69921875
453666.8125,73402.0
282190.8125,30689.400390625
343276.09375,83159.3984375
520983.8125,76708.8984375
466283.90625,107581.203125
457515.90625,120053.1015625
337654.3125,69185.8984375
356877.59375,112617.3984375
514703.5,66710.1015625
456441.09375,79199.6015625
288528.09375,16828.5
324126.3125,104212.8984375
466290.40625,115653.296875
354689.09375,90306.5
486130.90625,147201.90625
348296.3125,50721.5
315747.8125,52005.19921875
328850.8125,63554.8984375
294912.3125,78792.8984375
406067.90625,120554.6015625
383708.09375,209009.5
488796.59375,115541.5
510801.1875,114725.703125
290600.59375,15055.599609375
408375.8125,93712.703125
265993.8125,27444.0
353992.8125,109858.8984375
523729.8125,86537.8984375
300242.59375,28418.400390625
337311.40625,101331.203125
566899.875,39540.6015625
317424.8125,32439.400390625
319026.0,38223.0
367507.1875,19032.80078125
337511.59375,94028.3984375
472075.3125,109653.3984375
264127.09375,33033.0
257995.90625,49915.80078125
290640.90625,69218.1015625
509407.40625,101277.203125
304880.59375,29610.400390625
324955.0,94410.296875
285385.90625,22710.900390625
480303.6875,137904.0
451623.5,139975.59375
477610.09375,105266.3984375
381760.1875,125723.296875
510398.0,52871.6015625
504098.09375,71706.1015625
381892.90625,97761.296875
326450.3125,49637.3984375
290422.09375,32669.0
546685.125,117903.6015625
371481.0,102888.6015625
502761.09375,54901.3984375
549408.6875,34456.8984375
424361.6875,149885.40625
428597.09375,146684.203125
305304.8125,45840.19921875
319739.3125,59214.1015625
312923.90625,66151.796875
347470.59375,71274.203125
353249.59375,108824.703125
316297.40625,42391.80078125
338715.09375,85145.0
338442.3125,53687.8984375
362779.40625,108406.296875
329018.59375,43971.6015625
439924.6875,73861.203125
411630.40625,101055.6015625
492068.3125,83244.8984375
311868.40625,21304.19921875
507894.3125,58294.8984375
398960.1875,138004.5
481542.90625,109465.703125
381698.90625,103182.1015625
406261.8125,131663.90625
326268.90625,54097.30078125
382299.09375,109307.203125
458507.59375,108372.296875
557808.625,22163.599609375
428372.6875,137162.703125
433669.09375,102866.8984375
312360.5,57890.80078125
491394.40625,105460.703125
464886.90625,124022.1015625
342799.09375,82652.8984375
513165.1875,102925.1015625
526346.0,96855.203125
578438.375,51052.80078125
483852.6875,167083.59375
534070.625,106607.6015625
446738.0,153429.0
494432.8125,164115.09375
470107.59375,115086.8984375
321161.8125,37037.8984375
489964.59375,136669.0
409163.1875,140271.203125
408190.90625,153149.90625
530365.3125,91873.5
396170.1875,144744.203125
301032.09375,13867.5
280605.1875,23932.19921875
376412.09375,56929.1015625
365729.3125,206319.0
321081.59375,73366.6015625
447829.8125,148435.203125
389064.8125,99224.3984375
477298.90625,35381.19921875
315838.0,23204.80078125
534297.3125,90305.3984375
502294.6875,90768.5
236536.90625,50610.80078125
387521.09375,104939.8984375
251490.0,68435.0
391633.6875,53163.6015625
379201.3125,110913.703125
392585.40625,92039.796875
347491.09375,67540.3984375
335150.8125,65570.3984375
287779.6875,26025.19921875
339294.09375,93442.6015625
408443.59375,72047.1015625
357946.3125,150450.90625
308071.59375,15726.400390625
389758.90625,79635.296875
309732.40625,21335.69921875
367442.40625,99507.6015625
325421.59375,66036.3984375
355431.59375,94234.8984375
273672.1875,118661.6015625
424412.1875,122958.796875
350750.09375,82466.203125
560171.3125,98371.3984375
504737.1875,97308.703125
374613.40625,72904.3984375
343836.59375,129659.1015625
317291.09375,57407.1015625
416421.3125,93394.8984375
374637.90625,93899.703125
499712.59375,283830.1875
350884.3125,67781.8984375
409198.40625,99332.8984375
343501.6875,69190.0
489784.3125,105966.8984375
341767.40625,93202.296875
531759.375,199555.203125
338162.8125,68921.8984375
258079.203125,13817.7998046875
297473.8125,15097.2001953125
340770.90625,70981.796875
448912.09375,178666.40625
305281.6875,66264.703125
376487.90625,86071.796875
468349.3125,111286.5
330756.59375,79724.6015625
359677.40625,157725.703125
291457.59375,68699.8984375
516114.59375,96408.703125
507123.6875,123259.0
343594.90625,109637.703125
500840.40625,132945.59375
530481.8125,48991.3984375
339359.6875,61426.6015625
451033.40625,152091.296875
553586.5,81653.703125
442857.5,156913.09375
334211.0,61754.30078125
503767.90625,138473.296875
296431.40625,16684.19921875
286499.5,76085.5
516305.5,40731.30078125
538651.6875,102502.0
277945.40625,48079.6015625
521175.0,67788.8984375
406545.59375,65080.8984375
369005.3125,154300.40625
489183.40625,150911.09375
398592.09375,105447.203125
359108.40625,86043.0
487565.3125,22512.19921875
534675.125,92235.796875
316670.8125,39034.19921875
339280.40625,81422.796875
304716.5,48662.80078125
299637.6875,32614.5
507299.5,61088.30078125
321891.3125,51776.69921875
556405.8125,84827.1015625
394054.1875,121503.703125
500432.3125,122582.5
544160.0,104051.8984375
518253.09375,118565.3984375
427549.8125,127390.203125
412325.59375,156286.09375
331572.0,15335.0
446671.5,79145.203125
334842.40625,51415.0
283217.0,23880.30078125
305365.8125,60898.6015625
288657.0,13688.900390625
357041.8125,113185.296875
443966.09375,116481.6015625
315238.09375,44706.8984375
316913.59375,42171.3984375
299843.5,28387.5
539810.8125,46003.19921875
429539.90625,113681.1015625
432679.3125,81037.296875
320818.1875,60973.80078125
428010.8125,156008.703125
402902.1875,111343.3984375
341598.09375,97700.203125
517178.90625,52671.19921875
313846.0,91827.296875
430941.5,72340.5
325550.5,42256.69921875
474263.0,106121.6015625
464264.0,30490.80078125
316616.90625,63810.8984375
473421.3125,70715.203125
349512.8125,85714.1015625
376162.0,107808.3984375
332620.40625,126850.703125
392646.5,112911.296875
327075.0,64591.5
384537.3125,113920.203125
292373.40625,78679.5
551951.0,40496.80078125
374464.40625,71114.3984375
444749.8125,112173.1015625
302504.40625,36993.6015625
322020.8125,88455.5
297418.59375,45882.6015625
508929.3125,23213.400390625
323615.8125,55973.19921875
244716.796875,86942.296875
423081.8125,84001.203125
343117.59375,112448.796875
320696.1875,82216.296875
356498.8125,66457.203125
472678.3125,121897.296875
550202.1875,47378.19921875
386211.3125,105317.703125
296610.3125,39769.0
411111.0,95574.796875
441939.40625,140460.796875
565631.0,67908.796875
330742.90625,60830.3984375
310167.3125,46796.19921875
404836.8125,147559.0
335198.09375,36878.3984375
312137.3125,40476.8984375
378343.5,86246.296875
313851.5,29772.19921875
268873.1875,83552.5
545981.8125,78918.1015625
353274.8125,110509.6015625
320886.59375,81467.8984375
398739.8125,120695.3984375
335989.3125,56828.8984375
311770.3125,38264.1015625
532672.375,196332.0
245318.796875,40831.19921875
264393.3125,75032.796875
309414.40625,13403.2998046875
432273.40625,104539.203125
531685.5,107693.6015625
516184.59375,105759.8984375
317744.8125,42198.19921875
312769.8125,84056.6015625
320279.5,59726.5
525634.875,106102.796875
478194.90625,122230.203125
376625.0,91733.796875
504042.5,79168.1015625
492487.09375,140690.90625
369557.8125,97160.203125
282893.59375,16574.19921875
353213.40625,92615.796875
499915.40625,103962.5
320347.0,89081.703125
334392.90625,85295.296875
381500.90625,125837.703125
310218.0,22583.0
466107.5,91293.1015625
422912.6875,141384.0
374796.3125,119753.203125
483531.3125,199908.59375
280426.1875,39656.19921875
474021.40625,163774.59375
504717.59375,217957.40625
351833.90625,72084.203125
500564.40625,97480.0
458032.90625,118904.8984375
340772.3125,80538.203125
548899.8125,60631.3984375
311088.09375,60139.1015625
584168.875,23547.599609375
329248.3125,14822.7998046875
455756.09375,95544.796875
368309.40625,80530.703125
418809.0,147490.796875
322017.90625,59605.5
428009.09375,26567.900390625
468522.8125,137411.203125
355371.59375,95429.1015625
446601.59375,321184.90625
423755.5,132428.203125
335587.0,102093.1015625
449635.3125,124940.1015625
330650.1875,80950.703125
329345.3125,53294.5
343309.09375,100333.8984375
571895.375,39671.19921875
376732.5,69170.203125
392246.5,99409.796875
405813.6875,145929.5
475120.40625,122939.0
371130.0,153459.796875
332047.40625,77088.3984375
356323.0,193340.90625
311847.8125,53232.30078125
379390.09375,132028.59375
452860.3125,111475.6015625
396631.09375,148888.90625
277535.5,42484.5
474549.3125,146916.703125
440657.40625,85847.796875
307286.5,57071.69921875
551720.6875,70956.5
509617.0,69434.796875
343190.09375,62279.3984375
443112.90625,105530.8984375
286831.3125,23735.19921875
301988.90625,19866.099609375
447997.8125,90291.0
365740.8125,117747.296875
521030.09375,111686.3984375
499007.0,93202.703125
390724.0,92132.203125
558783.125,28466.69921875
335937.90625,85792.796875
350971.59375,87516.5
509088.09375,93806.0
457760.40625,134513.5
281646.40625,19356.400390625
535537.3125,122057.3984375
411193.5,115201.0
458905.40625,241250.5
380009.40625,96348.296875
547091.375,82826.5
339287.3125,55892.6015625
429284.6875,122241.8984375
399410.5,74272.0
381391.1875,154110.703125
327330.59375,55102.0
480388.0,80816.8984375
424823.5,131961.703125
544618.5,64588.19921875
310104.09375,30787.69921875
534655.375,183045.5
306658.0,20237.19921875
332064.09375,25285.69921875
394798.1875,125851.703125
379348.09375,99914.203125
437162.8125,120183.5
290629.90625,30668.69921875
315519.59375,54766.5
488044.5,121780.6015625
510923.90625,111851.8984375
350395.8125,79744.6015625
380949.90625,101884.0
376264.5,85825.703125
478159.59375,120144.796875
344856.90625,72757.203125
342417.0,69676.6015625
507249.6875,71792.1015625
539231.875,67065.296875
522008.09375,132945.0
330438.90625,40369.5
270527.59375,29830.099609375
347699.8125,76465.6015625
507099.3125,104008.3984375
314940.0,75090.0
479805.90625,93158.0
425077.3125,128755.5
357412.1875,92400.703125
364812.90625,51345.1015625
321705.6875,43657.30078125
506247.90625,98673.5
369732.1875,81307.0
421882.59375,211579.0
363247.59375,74573.296875
337708.40625,17175.80078125
347260.0,90864.203125
305717.5,26219.69921875
300692.09375,17170.19921875
550892.8125,55951.0
413615.09375,157512.296875
348163.5,78440.1015625
319450.59375,45696.19921875
455348.90625,144920.796875
309506.40625,98092.296875
272922.3125,52307.8984375
517235.3125,62505.1015625
488026.3125,295981.40625
302997.09375,110405.296875
480476.40625,187784.5
541162.8125,61774.6015625
247512.90625,25089.5
504992.3125,117987.0
512978.0,166580.796875
271740.5,92862.6015625
379624.09375,113634.796875
539301.5,92073.3984375
513510.0,169348.203125
469399.09375,64169.3984375
300886.90625,50665.5
338804.5,98108.203125
524751.625,36286.69921875
501892.3125,114961.5
370548.09375,103879.296875
516059.90625,86468.203125
306301.1875,49404.1015625
369318.90625,98900.796875
288477.90625,47840.5
315386.0,57610.69921875
354327.90625,61303.80078125
336057.09375,73731.796875
308436.09375,27979.5
511140.59375,52031.1015625
548638.875,122759.0
460794.40625,114226.296875
522931.8125,115104.6015625
324911.40625,26607.0
352311.0,97832.796875
386365.6875,139003.796875
306221.59375,47415.5
326802.09375,45424.0
496073.5,82120.5
461450.1875,160041.5
311449.59375,22185.69921875
475171.5,189409.703125
534479.625,44679.80078125
357359.40625,123844.203125
518774.09375,112464.8984375
517606.59375,126236.0
323636.5,41453.0
397462.90625,85752.0
315607.40625,51795.30078125
455404.3125,131717.09375
448681.40625,105996.5
310427.3125,49438.6015625
294619.40625,17171.0
385266.3125,98733.0
476646.40625,181269.0
382657.3125,100375.5
456460.8125,104989.1015625
425331.09375,126563.3984375
558176.5,24559.5
560535.5,75373.6015625
279923.09375,67825.703125
305116.8125,41021.0
475732.40625,137180.296875
330513.59375,16450.5
364783.3125,118512.8984375
325469.8125,45731.8984375
426809.09375,97632.796875
348596.3125,83575.6015625
306732.40625,23732.5
425161.0,225061.203125
386102.59375,83677.703125
492966.8125,51837.5
355060.1875,81037.703125
572809.875,35661.80078125
307772.1875,28740.19921875
313628.59375,20920.0
320250.90625,13783.5
463846.90625,190040.40625
348272.3125,113851.3984375
438961.40625,73554.796875
363148.8125,119222.1015625
469264.40625,169232.5
396172.0,93105.796875
405319.0,265142.09375
375060.40625,106310.0
515488.59375,116579.0
327851.09375,68930.5
473728.5,225169.90625
515272.90625,39001.80078125
515744.59375,133144.90625
356618.0,99118.0
255142.59375,46237.5
496323.09375,115405.203125
481724.8125,137650.703125
357069.90625,80225.1015625
307941.3125,50261.5
378513.1875,86227.8984375
322873.6875,82457.6015625
553380.1875,62814.5
369954.09375,153271.796875
315450.0,35922.80078125
463606.59375,165940.296875
541692.625,96933.8984375
433623.5,87978.5
411917.90625,78640.3984375
363888.8125,103907.203125
544035.6875,100838.296875
283701.8125,28165.19921875
422106.8125,115550.796875
320999.8125,35154.5
313934.1875,113520.8984375
294309.1875,15084.599609375
478495.3125,84796.3984375
555501.0,70721.796875
305620.09375,58670.80078125
445467.1875,44579.6015625
374504.5,132917.5
497201.0,129645.0
345646.09375,130723.5
484190.90625,166597.40625
528535.6875,75100.1015625
505420.40625,131407.40625
337290.1875,70315.5
238261.59375,54139.69921875
426100.1875,120968.8984375
475579.1875,128225.3984375
403382.5,130821.5
438835.3125,139510.09375
349365.5,80846.5
375653.3125,114229.6015625
504637.59375,150163.09375
355537.59375,83916.6015625
325534.6875,82502.796875
365661.8125,93150.0
380910.1875,94087.1015625
440632.09375,116514.8984375
464556.40625,97269.8984375
371581.59375,110541.703125
373587.90625,90032.1015625
490992.3125,95507.296875
331704.8125,66267.5
396503.1875,153211.0
458431.8125,131175.0
308126.5,63427.1015625
270852.59375,32388.400390625
435922.1875,80697.5
517836.5,70301.0
356557.09375,85128.0
389999.90625,116323.8984375
253867.203125,29334.400390625
322540.3125,73088.796875
365294.90625,105318.703125
391593.40625,139258.203125
508405.40625,97637.6015625
390420.0,95594.1015625
313001.8125,54931.69921875
325545.8125,14797.099609375
516697.1875,79697.3984375
412222.8125,144067.0
461642.09375,131060.5
407457.6875,94978.6015625
494457.1875,96654.5
404339.09375,127301.796875
345236.3125,99698.0
405317.6875,117400.1015625
408462.59375,112605.3984375
257245.59375,12618.099609375
487662.1875,223100.40625
334884.1875,14931.0
493284.8125,183091.796875
518520.8125,110582.5
440615.3125,151320.203125
455562.3125,150435.59375
368354.1875,90530.796875
300892.40625,45098.6015625
332691.8125,48290.30078125
499743.1875,98955.3984375
317799.8125,39134.6015625
443647.3125,110584.5
410934.6875,91573.6015625
373527.59375,66993.296875
412371.1875,143921.09375
319493.5,145591.5
542384.375,82559.3984375
499388.6875,126048.6015625
416097.1875,90731.5
482875.1875,129777.3984375
316784.59375,62952.5
459983.8125,106739.703125
303258.8125,53746.30078125
346146.3125,90581.8984375
365348.8125,88061.0
293916.6875,54080.1015625
295680.5,29180.0
318586.6875,104739.3984375
283515.6875,30803.0
335942.09375,109576.0
418869.40625,96623.3984375
456937.6875,73874.6015625
385857.09375,96947.203125
330392.90625,61338.30078125
472857.40625,126090.703125
440268.5,97780.5
305518.90625,19925.30078125
233202.40625,64281.5
379537.8125,84394.1015625
317231.09375,49929.6015625
488338.1875,110132.296875
383872.8125,135741.5
453160.59375,97503.703125
399105.8125,79760.703125
499419.3125,117797.296875
363352.8125,186387.09375
506703.1875,144447.40625
493718.8125,97674.3984375
509825.1875,58122.5
301039.0,46997.6015625
508667.1875,79972.3984375
514802.90625,82672.5
288377.6875,13208.0
543409.625,80314.203125
366326.40625,92571.6015625
387043.3125,106047.703125
352129.3125,101708.6015625
432197.1875,90517.8984375
366736.09375,126208.0
525858.6875,107630.6015625
360541.3125,83443.0
527636.625,127644.796875
358046.1875,93397.5
493409.59375,105642.5
503817.90625,266175.40625
356970.3125,14614.2998046875
511182.1875,102326.5
282937.3125,15697.0
339733.0,55978.5
374445.40625,87220.796875
377673.40625,116978.6015625
496755.3125,93931.1015625
386362.09375,199431.09375
314760.09375,36801.1015625
557331.3125,83077.0
425992.6875,131985.59375
438930.59375,87792.3984375
523240.59375,57939.19921875
310827.3125,71378.1015625
349642.6875,91383.796875
311177.6875,14027.900390625
330910.1875,83541.8984375
277266.09375,92205.0
306391.1875,51129.1015625
537045.8125,52666.8984375
523216.6875,98980.5
432517.09375,125540.1015625
308534.0,46669.1015625
439730.6875,130815.1015625
356449.1875,120763.3984375
515221.40625,98607.8984375
357390.1875,95546.1015625
380778.3125,115962.5
247433.59375,43275.0
496576.90625,165741.203125
505525.8125,89588.203125
493262.3125,104567.3984375
326566.6875,49301.8984375
449414.3125,97826.703125
345563.8125,63840.5
317997.6875,87433.3984375
318669.1875,75872.1015625
364411.09375,119026.6015625
431916.1875,119114.1015625
318164.59375,59797.8984375
362915.6875,124529.8984375
425303.40625,143298.5
439980.1875,223066.0
552429.125,30501.099609375
305810.8125,14157.2998046875
344042.6875,74987.0
515164.09375,175299.703125
343820.59375,61006.69921875
498155.8125,59159.1015625
401239.1875,69925.796875
386665.8125,160977.296875
467757.6875,161905.40625
296321.8125,39589.0
307539.6875,41832.3984375
366989.59375,85084.6015625
334985.5,67930.0
444578.40625,109007.0
335419.6875,37310.0
520829.0,181513.5
280442.40625,14444.900390625
424111.1875,116451.0
468469.3125,143563.90625
376152.5,116400.5
464949.8125,89824.1015625
455745.59375,107798.203125
503273.40625,106963.1015625
437713.3125,154939.0
533666.8125,173672.203125
343581.8125,59245.5
282602.6875,45430.8984375
286338.5,24718.80078125
445350.3125,123198.0
487211.09375,156134.796875
434301.0,87402.6015625
322728.5,51456.0
451249.6875,127847.3984375
290300.0,17754.5
370667.8125,147693.296875
297633.40625,72107.8984375
322097.59375,81266.203125
372556.1875,97620.296875
333124.90625,80984.1015625
313286.3125,74669.703125
338015.8125,72130.1015625
340529.3125,62726.0
479073.1875,154317.90625
401160.59375,103788.5
413296.6875,121105.1015625
540255.125,116809.796875
288796.0,37841.6015625
356733.09375,69410.8984375
532023.375,177739.5
445254.1875,98137.0
335779.09375,96353.6015625
328515.0,34485.5
357913.59375,103846.0
304132.40625,27372.400390625
389833.6875,86885.8984375
469138.6875,146552.0
304431.09375,85434.703125
417044.90625,102806.203125
458172.3125,92221.8984375
333155.1875,62069.80078125
544090.375,85837.6015625
239262.296875,33281.1015625
522146.09375,138613.59375
328755.3125,38023.5
358650.8125,98427.203125
287484.6875,13390.7998046875
376646.40625,79525.6015625
377298.3125,68584.0
357987.6875,93021.3984375
457885.3125,165234.0
516250.3125,117726.3984375
361230.1875,104063.5
316680.09375,65412.6015625
547010.625,87037.296875
358836.09375,96353.3984375
310422.6875,35177.0
338215.0,58153.5
453515.1875,77620.3984375
428927.90625,163983.90625
355326.3125,86629.796875
437410.3125,118458.703125
331489.3125,38440.1015625
416285.8125,107390.5
322297.6875,71522.8984375
263831.6875,83805.0
564308.625,101323.6015625
359914.59375,94849.296875
365458.90625,118038.0
300655.40625,22217.400390625
399422.1875,90377.6015625
356252.8125,107613.296875
342961.1875,83871.5
479265.8125,142444.5
537984.0,83230.5
538516.875,143140.296875
539098.8125,116757.6015625
439892.0,147918.296875
512614.40625,50481.6015625
387223.0,20062.0
308011.6875,48583.0
363593.8125,116183.8984375
520095.3125,87897.703125
325674.09375,108108.3984375
308426.59375,105437.8984375
392545.5,125813.296875
267718.90625,25663.30078125
334007.8125,54104.6015625
480351.1875,82351.5
332643.5,56787.80078125
446430.40625,141210.59375
340345.5,55657.0
392400.09375,133638.09375
387726.0,107084.8984375
513984.0,55755.1015625
364086.3125,78834.703125
495044.59375,108174.8984375
296367.59375,20781.400390625
469120.59375,24453.30078125
267630.1875,92952.6015625
284148.59375,21481.400390625
389719.6875,89816.6015625
490340.09375,100304.0
398942.1875,145550.09375
301251.3125,17431.900390625
243094.296875,64840.5
451681.09375,154019.40625
412033.3125,121414.0
472370.5,83477.5
289690.0,18850.80078125
562738.8125,75568.6015625
388091.40625,74650.796875
506278.1875,117219.8984375
505010.8125,103873.8984375
490072.59375,92929.3984375
301610.0,41233.3984375
315252.0,23647.099609375
395428.3125,124445.5
558472.375,102075.203125
490791.5,99763.296875
534947.875,48560.30078125
524216.3125,122744.1015625
350000.59375,50488.1015625
559941.0,139608.796875
284636.40625,92591.1015625
322043.8125,46234.1015625
329228.3125,75868.3984375
370627.3125,86551.203125
362564.09375,94191.796875
303523.40625,14519.7001953125
442071.59375,101471.5
358602.8125,68465.203125
528239.6875,52416.6015625
517804.90625,144272.296875
435514.09375,74390.6015625
528638.3125,132580.40625
408338.40625,106353.703125
492691.0,99901.6015625
344844.90625,107461.703125
445757.40625,117561.1015625
483527.6875,166961.40625
321531.40625,91289.1015625
389265.09375,92350.0
427893.40625,169713.5
543305.8125,100955.3984375
386104.1875,80307.5
312510.40625,76930.296875
359396.6875,109354.703125
381146.09375,133999.796875
310998.90625,95139.703125
541999.6875,87595.203125
420458.90625,92739.296875
459357.0,153129.296875
361933.90625,88073.6015625
432440.0,85789.796875
400952.40625,122473.1015625
433833.90625,113065.0
374415.3125,101452.8984375
299141.59375,25964.099609375
331682.59375,84255.8984375
340325.1875,34735.5
261168.90625,53252.30078125
369712.1875,99212.203125
323198.09375,49530.3984375
521569.3125,98319.796875
435371.59375,135758.296875
317905.59375,77945.5
525279.3125,65576.1015625
414865.8125,129783.5
468573.5,86765.796875
318788.40625,70511.296875
535557.8125,53924.0
375074.0,171280.5
489040.0,79542.296875
291070.5,46173.5
392964.8125,91091.8984375
299471.59375,35061.1015625
416893.8125,152250.59375
394010.09375,118901.8984375
372624.3125,157550.40625
489544.0,76296.6015625
467617.40625,129058.296875
397656.0,116384.5
385481.8125,103017.6015625
383696.0,78192.796875
335955.09375,81317.296875
357939.8125,105330.6015625
454120.59375,93558.0
442653.0,130376.296875
313756.6875,63548.8984375
409889.40625,249134.09375
523421.8125,203151.90625
293410.8125,77826.1015625
349140.09375,128745.3984375
302752.90625,43167.30078125
519700.5,139038.203125
544987.125,45437.30078125
362443.3125,98135.0
457749.40625,121398.296875
356853.5,116774.296875
380231.59375,128216.0
359106.1875,70670.3984375
288054.40625,56779.5
525980.3125,97113.8984375
465001.09375,52932.1015625
315379.3125,85233.1015625
259897.203125,23141.5
294454.90625,23101.80078125
406998.1875,114073.203125
291024.40625,35974.80078125
379504.3125,101964.796875
548069.0,74468.203125
331187.59375,108566.8984375
327625.1875,77718.1015625
486445.6875,115057.8984375
366296.09375,106002.5
515940.3125,111054.1015625
384595.3125,136453.59375
368476.3125,97200.203125
298262.3125,67672.5
425919.5,147970.796875
480024.3125,106993.5
564569.0,95566.0
312864.3125,57616.6015625
375294.40625,98446.296875
394874.8125,85854.6015625
451523.90625,138646.796875
250977.5,72773.296875
312493.0,24403.0
375638.3125,83129.1015625
487666.5,142730.796875
272256.1875,12720.2001953125
424972.40625,171737.796875
348073.3125,86998.5
449239.59375,158404.09375
244466.0,72635.796875
350463.90625,93699.6015625
454654.6875,142092.5
298709.0,39704.30078125
540436.6875,56936.3984375
437300.90625,131815.09375
325269.09375,68828.0
381920.6875,142592.0
525103.0,39577.3984375
486041.59375,113848.3984375
489511.09375,99091.3984375
306119.40625,27170.80078125
323644.0,57175.69921875
510517.59375,79327.296875
394416.0,127079.6015625
541537.1875,64244.6015625
348155.6875,82620.1015625
385927.59375,76296.6015625
514399.1875,97588.796875
439404.59375,139718.0
495402.3125,72909.6015625
540158.8125,119976.703125
416442.09375,116477.1015625
339425.8125,58613.0
313786.09375,13493.599609375
537883.5,97592.796875
324434.1875,168081.0
558580.875,40438.1015625
411750.5,21206.5
388683.0,94846.5
520440.8125,89771.1015625
449410.0,137158.296875
541995.625,95505.796875
349631.1875,94957.203125
450337.8125,23940.5
390925.59375,161576.09375
340820.6875,68459.5
457126.6875,155046.40625
468436.09375,123112.5
324882.0,77760.5
363283.59375,100385.1015625
302744.8125,72727.1015625
373653.1875,111582.5
302725.0,95459.6015625
482275.8125,118338.703125
527842.1875,23766.69921875
408110.09375,137941.90625
562521.375,30971.30078125
378515.09375,139206.09375
341830.6875,84595.6015625
464962.59375,105168.1015625
550786.1875,103758.796875
358709.6875,118557.1015625
404079.6875,135054.40625
479768.09375,111179.796875
462784.59375,122490.5
376589.8125,178641.703125
335731.8125,79908.0
372622.6875,147315.09375
552600.375,108537.203125
536191.8125,69602.8984375
363309.59375,90596.3984375
335969.0,47422.1015625
362098.5,70978.203125
482023.90625,200517.796875
494753.40625,119744.796875
369950.5,119880.0
306576.3125,35441.1015625
271281.90625,44616.30078125
536081.8125,93115.6015625
491113.3125,59116.0
293259.09375,16669.0
469981.3125,110173.5
438375.0,112136.296875
348268.59375,85782.296875
312927.1875,76308.703125
337461.09375,58640.1015625
376357.40625,93916.6015625
381971.59375,98834.0
354516.09375,189406.0
460809.40625,168698.0
417544.8125,103630.6015625
376533.0,65507.6015625
305469.1875,77922.203125
312062.59375,17503.400390625
366511.59375,56623.8984375
344606.59375,87783.1015625
500008.40625,111852.203125
293026.8125,14831.2001953125
518919.0,68488.296875
290368.3125,14102.099609375
334676.09375,69241.796875
498140.1875,191240.203125
494300.8125,126381.6015625
336020.90625,79225.796875
528361.8125,96223.5
479080.59375,116218.6015625
491344.90625,178075.5
440891.3125,116709.8984375
497060.59375,79441.0
357806.0,108251.8984375
392936.5,94912.703125
302448.3125,51763.19921875
305155.09375,73747.796875
284466.5,37373.80078125
532674.8125,102946.8984375
323615.5,125440.703125
295436.5,21681.0
444837.6875,125766.3984375
524352.125,51649.5
314567.40625,30648.19921875
359671.0,93226.796875
316449.09375,95044.0
321370.6875,49270.80078125
319394.1875,42290.6015625
343816.1875,78655.1015625
368068.5,124950.296875
436095.59375,170505.40625
297207.09375,53648.0
342742.5,118050.8984375
351655.0,64898.19921875
410483.3125,113651.0
352105.1875,70266.6015625
374545.8125,72044.5
320973.40625,116358.0
343248.09375,60155.1015625
244948.5,12467.7001953125
498221.90625,118393.203125
350030.0,103869.296875
485275.3125,159155.90625
295236.8125,68789.6015625
297912.5,83193.703125
330642.3125,40846.3984375
400796.40625,147781.40625
385446.59375,205863.40625
327405.5,66222.0
435271.1875,147208.90625
482187.59375,111107.0
328584.40625,58323.0
286182.0,18710.30078125
515427.09375,143163.203125
340703.0,108001.1015625
315447.59375,28438.900390625
301795.3125,85111.6015625
284716.0,15646.2998046875
327669.3125,54389.1015625
523533.0,91729.703125
320894.8125,44031.3984375
426747.40625,148032.90625
381129.1875,133463.703125
320519.09375,63611.3984375
328144.6875,109500.6015625
324792.40625,59486.0
350393.5,71785.703125
473818.59375,140837.203125
321123.90625,49337.19921875
359821.09375,90144.0
412133.09375,122462.296875
485544.1875,92325.3984375
459974.3125,145785.90625
511914.8125,59598.6015625
308526.0,36947.69921875
267105.3125,12614.900390625
341282.40625,67118.3984375
526655.625,72875.8984375
332798.6875,16865.19921875
430800.40625,137936.203125
433283.8125,89875.1015625
252856.40625,12398.400390625
412757.5,107516.296875
367536.0,99733.796875
371446.6875,92309.1015625
531976.5,77582.3984375
341947.0,99738.6015625
379664.59375,110726.3984375
490133.40625,58712.19921875
300747.6875,50076.6015625
302917.0,16424.400390625
318919.90625,20053.19921875
298355.3125,31690.30078125
552613.3125,29829.900390625
431281.3125,112962.6015625
350179.3125,71056.3984375
281506.5,14463.7001953125
386011.3125,92810.203125
331110.40625,40456.19921875
335386.3125,68727.796875
442749.1875,135488.59375
446733.09375,108987.5
268030.59375,18983.5
476529.5,130475.3984375
330700.3125,129437.203125
307934.90625,30667.19921875
470815.59375,110912.796875
309924.0,34500.80078125
298390.3125,20382.900390625
543666.875,64303.3984375
455654.8125,126421.703125
509985.90625,248989.203125
541135.375,90894.8984375
366205.6875,80260.0
446014.90625,118760.8984375
485418.1875,140935.796875
559790.1875,23838.099609375
361792.59375,77965.203125
407710.5,130501.3984375
482602.8125,189784.5
475145.0,74973.3984375
327701.40625,79126.5
286031.59375,13505.599609375
341558.90625,86256.703125
363946.59375,83865.796875
422953.5,96254.796875
267643.90625,13769.0
319233.59375,77567.5
419658.59375,96399.296875
348765.5,63811.80078125
407025.3125,48942.8984375
535120.8125,91009.3984375
368766.40625,89460.3984375
351896.09375,83936.6015625
288718.5,41128.5
449691.1875,209477.40625
272854.09375,29905.0
552592.8125,71828.6015625
319631.90625,16497.900390625
480348.6875,101943.5
553300.875,57289.30078125
326649.90625,66951.3984375
467782.1875,80612.1015625
353632.09375,94496.203125
275002.6875,14468.099609375
511344.6875,157794.5
292175.0,16253.599609375
507270.09375,104901.3984375
413280.40625,91133.3984375
319904.3125,64112.1015625
536873.625,124886.203125
307810.1875,51452.1015625
336980.3125,68582.0
434880.09375,118499.0
345604.0,86168.3984375
310506.90625,39176.0
465155.5,147280.203125
537730.8125,22112.5
536125.1875,55847.6015625
349682.3125,94229.5
328799.8125,55055.80078125
364241.09375,103474.296875
501213.3125,180768.40625
518103.8125,116544.8984375
402240.8125,90571.6015625
392411.5,136339.203125
481543.09375,270067.09375
328203.0,59029.0
426283.6875,167180.40625
459376.3125,137044.09375
257751.40625,26152.19921875
320668.0,51798.30078125
313692.0,49616.30078125
376382.40625,102065.296875
314518.5,34473.8984375
369085.1875,97833.796875
415524.59375,132432.703125
299424.1875,76952.6015625
526138.5,101687.6015625
403137.6875,134499.09375
359999.6875,102733.0
489373.3125,105799.1015625
307559.0,79681.6015625
532464.875,51174.0
319554.09375,72614.1015625
550940.125,68288.203125
372398.3125,109299.0
248807.0,39186.8984375
538259.0,124626.203125
508731.59375,93717.703125
364799.09375,69442.0
318527.1875,55675.8984375
446423.8125,82734.3984375
370029.8125,108975.703125
349252.09375,106543.3984375
504042.1875,24041.400390625
436620.3125,59537.1015625
449944.09375,193151.5
505357.6875,96147.296875
545551.5,37721.8984375
332328.6875,44517.80078125
237342.09375,16908.69921875
381041.0,90889.1015625
353017.0,89687.796875
523911.5,86627.703125
332947.6875,50034.6015625
337571.0,91567.3984375
300450.40625,31837.69921875
347939.0,92230.3984375
544549.0,22636.0
537662.3125,59194.8984375
305803.6875,34553.19921875
302996.0,30714.69921875
477590.09375,86525.0
263048.8125,73439.203125
524258.8125,92270.296875
329203.0,112798.5
261804.296875,21601.599609375
481835.8125,246720.5
418761.0,115924.796875
493237.59375,139474.5
491402.40625,138151.5
435884.1875,86822.0
306125.8125,47875.8984375
426423.1875,150910.203125
355439.0,95957.703125
296641.40625,108345.3984375
285291.1875,41809.69921875
494479.5,139157.90625
358469.1875,85173.296875
542042.875,46649.19921875
466326.8125,100989.296875
512939.1875,74973.296875
330113.5,101287.703125
400117.40625,91914.3984375
313593.09375,48040.0
319380.6875,100884.6015625
555093.0,34812.5
314975.8125,40885.19921875
401311.40625,112804.5
357657.8125,85499.0
240993.703125,45624.5
469915.1875,104003.203125
499977.6875,125006.796875
362989.40625,96209.3984375
430067.40625,155543.59375
288247.5,27218.30078125
469668.3125,88680.703125
557306.5,82707.6015625
275818.6875,15727.099609375
331253.5,62681.0
451549.1875,95565.203125
354623.09375,119029.0
464097.09375,101873.5
317382.8125,52601.80078125
551492.0,55194.8984375
244888.796875,70753.0
452962.3125,65806.6015625
465551.3125,143158.5
309571.0,34752.80078125
552414.1875,143230.5
541414.3125,169935.40625
379097.8125,72624.296875
504090.40625,146433.796875
460992.6875,141363.796875
391391.6875,89615.203125
303953.59375,61810.69921875
369087.1875,89467.796875
312996.5,89201.1015625
321143.6875,38723.30078125
448956.90625,139027.203125
243368.296875,71592.296875
458253.6875,112767.796875
376082.5,101690.0
344188.6875,92492.703125
338245.0,88746.203125
342742.3125,58543.3984375
487250.90625,82084.796875
355899.0,79582.703125
308324.40625,24410.400390625
394445.1875,164421.703125
355068.40625,91895.1015625
393949.59375,94461.703125
473017.3125,159361.203125
552238.5,57140.6015625
335658.3125,65901.296875
499833.1875,154892.203125
416038.3125,151942.703125
506587.90625,224318.796875
298612.5,52777.0
385034.90625,91580.0
441507.3125,110168.5
482378.09375,181250.0
294743.59375,21788.900390625
454486.40625,121779.0
303332.3125,74662.3984375
426411.8125,75647.296875
355568.40625,106248.0
406914.0,91325.203125
342380.1875,44235.0
515974.90625,129038.796875
488050.1875,134725.203125
353555.1875,76747.703125
522862.6875,81379.6015625
300716.90625,72508.703125
482500.1875,175541.796875
297800.40625,33030.8984375
290814.5,46078.0
491693.0,163200.203125
363816.8125,86604.296875
393249.90625,85000.796875
354791.1875,70858.703125
290168.09375,12972.2001953125
350970.5,99489.1015625
502197.40625,56766.19921875
479003.59375,128133.796875
290445.40625,13413.900390625
463086.8125,95367.203125
453597.8125,132092.296875
250069.703125,30890.0
495811.6875,111332.5
476092.8125,129592.5
564650.625,79288.3984375
367576.3125,41479.30078125
317877.6875,50252.5
368527.8125,84080.3984375
517583.5,49830.19921875
256605.703125,72236.203125
374713.1875,92479.703125
462548.09375,178420.703125
532310.5,69461.3984375
558245.875,58586.69921875
526573.3125,48836.30078125
302786.5,76133.8984375
331870.5,102605.703125
405462.3125,86960.703125
438270.3125,137997.296875
559923.3125,57651.30078125
321836.90625,77494.0
280267.90625,33511.30078125
372747.1875,87534.203125
520171.59375,92448.703125
276624.6875,15279.2998046875
446267.8125,127072.203125
322987.1875,31393.599609375
364555.8125,68659.796875
307181.09375,60034.80078125
421398.90625,102088.3984375
552709.875,26457.400390625
469354.59375,141677.0
429675.3125,166337.796875
452268.1875,134452.09375
452528.1875,120184.0
311771.0,83651.0
304130.8125,166741.703125
365276.3125,113461.5
304649.40625,24388.19921875
324443.90625,101641.0
547372.6875,29999.5
332974.09375,70512.3984375
552428.6875,108502.703125
489219.6875,135414.09375
465306.3125,88864.296875
299017.40625,89396.703125
310985.1875,14847.2001953125
560663.1875,133666.203125
305723.40625,103794.1015625
451880.1875,87036.1015625
501731.1875,35824.6015625
406307.3125,185630.796875
301292.1875,27422.80078125
335288.40625,142838.40625
499685.0,32987.5
380775.8125,97372.3984375
431117.90625,101999.3984375
354265.59375,84290.5
252598.296875,34320.30078125
240957.796875,72172.296875
333299.6875,71866.6015625
243936.40625,41082.80078125
286033.5,15269.7001953125
328703.40625,102363.6015625
469872.09375,121658.203125
374043.5,62643.80078125
304618.40625,53242.19921875
394085.8125,127330.796875
407149.3125,131677.40625
490013.0,82842.703125
391928.90625,120602.8984375
362702.8125,93843.296875
516667.1875,70449.6015625
509192.0,87421.3984375
501724.8125,121979.1015625
506010.3125,121373.5
476402.40625,82645.0
303702.1875,29903.5
421245.3125,139131.796875
529055.375,99564.0
282401.8125,44941.80078125
478818.90625,289613.90625
467294.6875,116173.0
319884.0,52576.6015625
452032.90625,122170.703125
347688.90625,96090.8984375
326539.1875,54480.69921875
462831.6875,168711.703125
566684.875,26308.599609375
446828.1875,176317.296875
408197.3125,78408.703125
380757.6875,106674.296875
538210.6875,117789.796875
342513.5,60890.8984375
410549.0,99767.5
316451.8125,109358.203125
508264.3125,65911.296875
298002.6875,19968.099609375
519823.5,131036.8984375
504173.0,103687.0
495234.8125,88592.0
529919.0,147013.0
516780.09375,106223.0
531901.8125,134701.40625
507107.90625,146588.296875
316725.90625,64976.3984375
489057.6875,101608.703125
307344.59375,102237.203125
526529.6875,78051.296875
481246.8125,144809.296875
388607.6875,75007.796875
481099.5,134095.0
297718.8125,13441.400390625
330288.09375,64305.5
507531.59375,98116.5
398180.6875,144370.09375
571311.1875,25432.0
337441.0,80965.5
553867.3125,125426.203125
241858.40625,18502.0
381919.8125,105474.1015625
368287.1875,189490.0
308078.90625,48586.5
507624.8125,124957.796875
343547.5,86371.703125
268190.3125,12828.2001953125
550344.8125,69694.3984375
312034.40625,91164.3984375
358823.3125,64359.5
455168.59375,109113.703125
315403.5,23114.30078125
374733.8125,39729.69921875
320676.1875,116694.6015625
323511.1875,62032.80078125
355413.5,78898.8984375
292477.6875,40942.19921875
306007.59375,14136.5
309780.90625,97623.296875
508264.6875,44905.19921875
372606.6875,72724.3984375
391747.0,135644.296875
363677.0,103175.6015625
475591.6875,119988.296875
529801.3125,62718.80078125
353361.09375,68917.796875
476424.40625,103476.3984375
291582.1875,50566.19921875
444436.09375,52921.5
312210.8125,39977.19921875
549695.8125,76918.796875
578264.875,87880.296875
495665.6875,134231.5
499983.5,131594.40625
445029.59375,134594.0
478485.90625,82849.703125
473666.8125,126180.3984375
325473.8125,43997.80078125
403055.90625,163118.0
400016.40625,101906.3984375
338514.1875,50268.1015625
418372.59375,98564.6015625
381774.3125,88102.0
286646.0,13770.900390625
552605.625,47886.0
561272.375,30334.5
400999.09375,98795.5
258143.703125,36939.5
379328.90625,111844.3984375
497907.40625,104451.203125
512563.5,124017.203125
461314.1875,118159.703125
546122.375,75556.296875
311221.09375,29023.599609375
347352.40625,47419.3984375
526523.0,71602.203125
493631.59375,146788.703125
528561.6875,46173.80078125
358507.6875,130575.296875
432653.59375,99755.1015625
348748.0,94970.203125
388769.1875,136802.09375
362457.59375,134372.09375
359184.90625,94002.3984375
337325.90625,82320.203125
325243.0,54478.30078125
504218.8125,116841.796875
263481.3125,110476.5
303936.5,59009.3984375
270440.09375,24930.5
370509.40625,144494.5
246408.203125,28939.30078125
308972.90625,89931.796875
490620.59375,102735.0
520992.6875,145490.703125
447003.6875,141774.59375
521073.6875,179187.90625
317981.1875,52599.80078125
385960.09375,136727.203125
356419.59375,107454.5
306766.90625,42722.1015625
557740.875,37011.80078125
265392.1875,64387.80078125
494386.6875,119573.796875
332085.5,65217.6015625
540914.8125,24140.80078125
362766.0,65144.19921875
344406.09375,118725.1015625
321361.5,42829.30078125
499237.3125,140571.5
445098.5,130840.3984375
285180.09375,59486.5
469048.90625,71014.0
372105.40625,123328.296875
438578.40625,131460.703125
481047.3125,141967.59375
324466.09375,56487.80078125
317770.40625,111730.0
453606.40625,120665.703125
370013.59375,81393.0
470660.6875,155245.59375
386099.5,112490.296875
562772.1875,21856.900390625
392008.09375,123699.5
306223.1875,67036.796875
501089.09375,132176.90625
357244.8125,90176.796875
324641.6875,69786.6015625
260781.09375,50583.1015625
542079.875,44209.80078125
482387.8125,143255.59375
508891.09375,72751.796875
496961.1875,150420.203125
298181.90625,32534.0
412544.6875,120374.3984375
475393.59375,121683.1015625
329552.6875,61904.30078125
319165.09375,56087.0
300091.0,32405.19921875
378904.09375,122869.0
444335.6875,148701.296875
465361.1875,177143.296875
484390.09375,77364.8984375
308595.0,79198.6015625
286362.40625,46852.8984375
306975.5,67915.703125
368622.90625,127829.5
266932.8125,31370.19921875
381727.3125,80430.8984375
407148.90625,131755.09375
351594.1875,93591.203125
443428.5,146751.203125
328833.90625,65195.8984375
342045.0,63581.8984375
382984.40625,115115.5
341483.40625,71345.296875
304080.90625,16747.19921875
326148.8125,51832.6015625
393364.3125,148771.09375
436133.09375,147318.0
328810.1875,64845.19921875
349499.40625,113485.3984375
299079.8125,33422.80078125
389154.1875,87140.8984375
312494.40625,25525.30078125
298798.59375,85486.5
537076.375,42462.30078125
384124.1875,81789.8984375
349002.1875,74324.296875
263589.40625,13349.400390625
321536.09375,87028.703125
273774.6875,61742.80078125
524750.875,90950.296875
452562.09375,78008.6015625
421647.90625,165271.40625
284250.5,44020.30078125
440681.5,124174.3984375
267141.09375,16597.5
492856.90625,68339.296875
430406.59375,120103.5
312258.6875,33989.19921875
295861.3125,14343.2998046875
385902.1875,88363.703125
454421.6875,232059.796875
420863.40625,121115.1015625
275348.59375,15087.099609375
322087.5,113463.703125
384808.90625,175088.203125
507429.5,103699.296875
327366.40625,32735.30078125
554878.3125,119786.1015625
295004.8125,59892.6015625
265606.59375,14060.7998046875
309791.5,75240.703125
437127.40625,89043.0
533864.375,100553.296875
461812.6875,143953.296875
458297.0,92034.703125
327311.09375,60681.19921875
532330.125,28693.5
542469.875,52635.1015625
389310.40625,148643.296875
496576.09375,114401.8984375
311496.0,40993.69921875
532028.8125,110906.0
330722.40625,62709.80078125
464964.90625,113866.203125
305876.8125,56229.1015625
354841.0,80239.203125
327015.59375,69457.5
292340.3125,47265.80078125
410008.59375,128363.0
340765.09375,93736.1015625
330333.59375,83673.0
383687.40625,137207.90625
426295.5,147983.703125
355605.40625,108050.6015625
343043.90625,75447.296875
329109.6875,119452.296875
373500.09375,101909.8984375
510542.40625,99227.296875
388360.5,90270.1015625
387052.0,66216.296875
292849.09375,13727.5
471807.90625,120533.3984375
513067.40625,44442.8984375
366431.8125,150882.5
367638.40625,102463.1015625
494991.0,130829.8984375
348694.6875,75503.703125
336733.3125,108492.296875
508191.3125,87015.796875
302864.6875,13251.099609375
372585.5,84424.3984375
508064.1875,121023.1015625
302006.40625,37413.3984375
286999.3125,21019.80078125
287788.8125,21603.0
406869.0,108162.3984375
365244.59375,106184.5
365180.09375,92038.796875
464871.09375,69893.0
444921.40625,169406.703125
450266.5,114779.703125
287550.6875,75720.3984375
380109.3125,141975.796875
517434.0,56437.30078125
375331.3125,126950.5
393823.40625,158946.0
246178.40625,22701.69921875
269292.3125,16676.099609375
345848.59375,108385.0
413208.6875,82561.203125
270911.40625,47686.5
484642.90625,96048.703125
504235.6875,155375.40625
379994.40625,127251.3984375
408927.5,102514.203125
349886.1875,84389.296875
377393.90625,99156.796875
311155.5,47467.30078125
448732.09375,269054.0
544870.875,65194.8984375
293861.3125,18269.0
329818.59375,163315.09375
333020.90625,99500.1015625
482494.3125,117246.8984375
311444.90625,26902.599609375
343246.1875,73153.203125
492086.90625,128143.8984375
455741.59375,146381.09375
317159.1875,44877.1015625
329727.90625,51397.3984375
261445.796875,14898.0
403748.6875,99228.703125
335144.40625,63811.8984375
350805.1875,87607.296875
328750.1875,23221.599609375
465762.59375,152613.59375
318097.90625,44301.3984375
388090.5,208538.703125
342777.90625,65184.69921875
327970.5,114280.296875
336023.0,71594.8984375
314112.59375,141268.0
458916.90625,129985.5
415487.09375,154994.0
424522.40625,76030.203125
282822.3125,85708.296875
357239.90625,108882.8984375
510124.90625,104097.203125
500964.1875,94151.296875
389935.8125,135728.59375
460681.59375,94095.796875
341657.5,116763.703125
338120.6875,70161.203125
372391.90625,93179.0
351805.40625,70348.203125
356023.0,168190.703125
380357.1875,135875.203125
288438.40625,39477.30078125
414279.40625,108757.296875
304073.1875,16952.30078125
298862.5,23091.19921875
522911.09375,113754.5
378817.90625,113215.6015625
385148.6875,118980.796875
479260.6875,110982.296875
330827.59375,53383.3984375
326645.5,99697.1015625
349033.0,108751.796875
575402.875,46458.8984375
315225.40625,52997.8984375
520124.40625,99961.6015625
491655.5,99946.1015625
322401.6875,73329.6015625
403820.59375,98809.6015625
464633.90625,162324.40625
507991.5,121053.703125
491496.0,107729.3984375
377629.59375,102519.0
468861.1875,162226.296875
459075.90625,48164.80078125
405243.3125,82765.6015625
267845.59375,73766.0
323740.0,28174.599609375
441576.09375,165888.09375
420273.40625,144819.703125
435517.3125,179289.0
504368.0,78182.3984375
340097.8125,134244.59375
477151.59375,186202.296875
497005.59375,147494.0
377729.0,74734.703125
414332.90625,135140.296875
429390.5,134864.296875
404480.1875,119712.3984375
405687.09375,134030.59375
420128.6875,118775.296875
579409.625,29288.69921875
541251.125,25592.0
382126.40625,67262.6015625
300693.6875,22997.30078125
342234.1875,56987.80078125
308481.59375,17300.900390625
286923.0,20722.599609375
409033.3125,97457.703125
341471.90625,64177.3984375
516564.40625,141689.40625
479358.40625,113918.5
298207.40625,43940.6015625
275375.3125,45926.0
299652.1875,13607.2001953125
383950.90625,126501.3984375
351137.59375,176192.59375
533003.3125,56295.80078125
296824.5,31872.599609375
550271.875,39262.6015625
343586.90625,106060.1015625
538691.875,23682.400390625
318606.90625,62709.69921875
540711.375,40703.1015625
412496.59375,68851.6015625
461830.90625,80647.796875
520489.59375,106108.703125
401885.1875,134412.203125
551576.6875,35724.3984375
300097.90625,14093.7998046875
456850.59375,139768.40625
336890.90625,61415.80078125
366614.59375,94946.796875
327964.0,45647.6015625
249971.0,66458.8984375
498083.40625,114923.3984375
399712.6875,99628.703125
435918.8125,162131.703125
361912.90625,138708.59375
310734.8125,27144.80078125
319494.40625,64270.30078125
318599.09375,69825.296875
308480.3125,68091.3984375
335739.09375,59893.69921875
295811.8125,26341.19921875
511425.8125,124219.296875
396698.6875,104454.703125
310637.1875,112171.296875
293090.09375,22503.5
455554.8125,107442.8984375
371547.0,102549.3984375
536375.125,33397.30078125
251312.09375,21296.400390625
330756.6875,56397.69921875
325805.59375,60948.6015625
448223.8125,140596.203125
283126.90625,62827.1015625
495221.1875,94639.8984375
352732.0,53722.6015625
501559.59375,102326.3984375
420177.90625,143876.296875
393696.1875,100638.703125
492257.1875,193798.203125
470290.59375,77478.1015625
270746.90625,12563.599609375
329118.40625,56417.80078125
358891.1875,91814.6015625
357954.8125,125821.5
488591.8125,208105.59375
485239.40625,127641.0
455616.3125,146712.203125
439202.40625,122782.203125
507750.0,108745.0
282581.5,75292.6015625
563655.3125,65668.3984375
331575.0,75097.5
348767.6875,82596.6015625
388454.3125,115631.296875
479973.3125,126916.703125
534337.125,160041.703125
543190.3125,85325.6015625
328827.0,76303.3984375
328292.59375,54978.3984375
398009.40625,103455.8984375
419148.1875,62657.8984375
289193.40625,40156.80078125
384994.6875,102683.703125
473078.6875,126928.8984375
304576.90625,43962.6015625
324337.40625,65791.296875
357741.6875,99554.203125
403947.09375,79038.1015625
560308.1875,57017.19921875
331719.5,18869.599609375
361178.90625,93036.796875
404249.8125,90273.0
440381.09375,148503.5
343641.0,72791.0
307427.90625,18252.69921875
524308.625,73256.296875
592945.8125,211885.296875
347246.5,86342.5
316608.3125,52337.80078125
318010.40625,80488.296875
320518.59375,43350.1015625
381915.90625,121733.6015625
282153.09375,13802.5
288127.0,63655.1015625
333847.1875,76167.1015625
430308.5,65722.8984375
251147.296875,53405.6015625
462855.90625,157512.59375
309836.90625,82189.296875
377048.59375,110142.703125
326564.1875,16079.2001953125
474044.6875,126273.3984375
511018.5,79979.6015625
348798.90625,84713.296875
308461.8125,29841.099609375
446910.90625,126754.3984375
315791.0,49289.80078125
448990.8125,108789.703125
324303.0,76253.5
470594.40625,141829.09375
439369.5,240388.5
521502.8125,99591.703125
424051.6875,153563.296875
377053.8125,109699.296875
312475.3125,67148.203125
330078.40625,14677.099609375
538322.375,127650.796875
328869.59375,50357.69921875
308885.1875,24064.19921875
328596.6875,56575.19921875
435562.09375,116790.6015625
506451.59375,113485.6015625
352422.40625,126080.296875
461125.6875,99771.203125
513143.1875,134320.203125
304889.1875,31309.19921875
447057.59375,116380.0
328283.6875,57721.6015625
275674.40625,16091.099609375
310825.59375,22937.099609375
470975.40625,73769.796875
354574.90625,87606.796875
539058.125,109410.703125
303131.1875,46024.69921875
367211.1875,102723.703125
422147.90625,91332.1015625
338553.6875,84321.3984375
458877.09375,104482.3984375
381888.3125,107623.0
368010.8125,136627.09375
321827.40625,80374.8984375
301990.90625,33741.5
416258.09375,203752.40625
342240.59375,66720.0
438775.90625,137109.703125
311053.40625,45237.69921875
416073.90625,109124.1015625
492438.5,128239.6015625
380518.09375,109131.296875
350486.1875,86058.1015625
304178.09375,47605.69921875
383790.1875,141848.703125
492966.59375,99262.5
513041.3125,137675.90625
414065.90625,126566.3984375
327825.6875,54969.1015625
487245.6875,108995.3984375
528662.875,118223.796875
440124.90625,145773.296875
328233.1875,47998.69921875
433540.1875,103427.703125
422897.90625,146119.296875
505817.90625,106056.296875
356245.0,140166.40625
448802.40625,152815.0
286096.6875,72172.703125
294718.59375,32601.400390625
341702.09375,82571.0
524775.0,62428.80078125
334327.90625,40994.80078125
398409.6875,94355.203125
543875.1875,30172.19921875
306959.6875,41203.3984375
521945.5,81213.1015625
283188.90625,84504.5
297727.1875,41882.19921875
326379.09375,45625.3984375
390647.5,92313.796875
429569.90625,142531.203125
479376.90625,129696.296875
371349.09375,104674.203125
542085.8125,102864.296875
401370.1875,65111.69921875
382950.09375,107794.5
338579.90625,66769.1015625
474822.40625,124668.796875
463312.09375,132637.59375
463839.40625,101689.6015625
324510.6875,63601.3984375
554841.625,101654.0
512615.5,133072.09375
463229.40625,133670.796875
286095.59375,55308.8984375
435536.09375,124906.796875
349546.8125,164049.09375
382050.40625,146983.90625
382560.3125,90693.703125
494090.90625,151052.703125
331021.40625,62556.19921875
510179.59375,105591.796875
498544.8125,89121.3984375
311751.40625,84500.1015625
458795.09375,224297.59375
370458.59375,121725.203125
250748.203125,69504.703125
242317.703125,75415.703125
294306.8125,42459.19921875
468492.1875,135065.90625
438141.59375,125382.5
308386.6875,39426.6015625
324043.5,90825.8984375
391745.8125,128423.6015625
501995.90625,165968.5
424687.09375,105221.5
353690.8125,95915.203125
321298.90625,75110.703125
317239.5,78155.5
254371.296875,15387.2998046875
314906.5,45886.1015625
509416.8125,115626.8984375
393172.0,104171.5
449856.1875,82875.1015625
387794.09375,121799.203125
454327.5,129177.703125
365691.09375,109280.6015625
332111.6875,92125.0
556204.375,36824.0
335927.5,77315.796875
405790.8125,220618.296875
431216.09375,148967.59375
273159.6875,13580.7001953125
555821.125,95879.3984375
355657.40625,116213.1015625
295368.40625,16943.30078125
283426.1875,46168.3984375
504756.8125,78687.3984375
318161.8125,50064.30078125
405777.1875,87277.203125
454531.8125,127179.3984375
365426.1875,111618.5
456683.3125,126544.203125
411144.5,105430.6015625
313227.59375,60563.19921875
546565.125,54845.5
299001.5,13118.7001953125
435132.59375,132229.59375
544330.6875,81270.796875
435205.40625,102117.8984375
483779.59375,134459.203125
406403.90625,136363.5
313062.0,41407.0
380835.8125,134630.796875
291922.6875,22036.80078125
475654.5,219586.296875
358534.6875,112579.703125
452830.59375,115053.8984375
324892.3125,101514.6015625
458299.6875,139811.203125
330810.40625,90651.703125
457282.3125,114813.0
361953.59375,75179.703125
317924.5,77452.5
307070.09375,37359.5
453093.09375,93374.1015625
515934.1875,125373.296875
579800.625,65838.703125
403670.5,150977.796875
373940.5,109693.8984375
402039.1875,145783.296875
319555.09375,72322.1015625
307618.6875,44720.69921875
317139.09375,46012.3984375
448421.5,286238.1875
532604.1875,186636.90625
398170.3125,151637.796875
374030.1875,84823.296875
318881.6875,46495.1015625
508102.3125,83099.296875
352772.5,84209.3984375
420122.5,114188.8984375
328070.09375,105241.3984375
477805.1875,160848.40625
342610.0,75803.1015625
477423.1875,175197.90625
386273.5,92976.1015625
283184.5,15606.0
510746.09375,94813.703125
421217.09375,150924.0
517749.1875,143528.796875
326102.90625,82604.203125
425018.5,135244.796875
320822.8125,14192.7998046875
500266.09375,140409.09375
327862.0,47368.8984375
537496.375,119818.6015625
552350.1875,92765.1015625
268028.09375,31056.19921875
272662.5,102438.703125
468862.6875,151351.296875
451742.40625,158964.0
455456.0,136562.0
327211.0,73582.796875
546197.1875,30017.80078125
331283.3125,59003.5
303724.3125,48580.1015625
477936.5,121386.703125
376432.40625,151793.296875
292429.8125,64570.3984375
501823.1875,188890.203125
352272.6875,81934.796875
507121.1875,104443.0
298927.8125,44750.30078125
535728.625,46847.0
399537.0,126923.1015625
361588.5,116304.0
366450.59375,97144.3984375
395807.59375,136821.296875
527628.5,36742.8984375
441100.5,119864.1015625
560563.6875,46282.1015625
454882.1875,147757.09375
294426.40625,39741.3984375
549783.375,90819.0
291974.5,14592.7998046875
303032.8125,46404.30078125
428457.6875,146825.796875
261917.0,75204.296875
367490.59375,117613.296875
362238.1875,126540.8984375
380408.8125,109936.3984375
322401.1875,75857.1015625
407813.5,106211.0
314493.0,81377.203125
301947.09375,18225.599609375
391661.6875,212652.5
445069.90625,142271.5
327699.0,67390.296875
454647.59375,64715.30078125
489120.8125,100893.796875
449923.6875,139687.703125
406789.8125,122100.1015625
397895.1875,109074.8984375
406115.3125,139434.5
264776.0,32354.69921875
512883.5,229222.90625
539053.125,64034.5
496133.0,125843.0
473971.6875,152333.40625
520210.59375,87555.3984375
400194.40625,120452.203125
334308.6875,141043.09375
424535.6875,143546.59375
456853.0,62482.19921875
242770.203125,65872.296875
287239.40625,25980.900390625
440261.6875,128435.0
357586.1875,128185.796875
446349.59375,84604.296875
462678.8125,103786.796875
530839.875,111762.8984375
389330.90625,137271.59375
324936.6875,72403.8984375
457912.40625,119633.203125
338089.1875,96433.1015625
317137.90625,85270.3984375
427376.1875,172845.296875
316864.59375,67377.703125
476304.8125,151719.703125
455614.5,133075.5
401053.1875,124371.296875
318482.0,24875.30078125
431943.09375,146075.296875
545358.3125,43465.30078125
337637.09375,80264.6015625
371233.3125,105869.0
547473.375,79366.8984375
466745.3125,106746.296875
450228.6875,86548.703125
295474.3125,30576.900390625
462774.1875,178836.59375
541297.1875,56230.5
395796.59375,128395.5
397401.1875,141770.40625
464142.3125,107312.703125
311245.1875,61072.1015625
518523.0,90514.5
298419.59375,34398.5
439140.6875,194855.296875
311114.59375,51453.19921875
354494.3125,65894.703125
362065.90625,84872.0
368877.1875,119600.796875
494416.6875,91244.703125
441562.3125,166473.09375
447731.0,129712.3984375
328442.90625,74316.1015625
372263.0,142808.09375
310197.40625,35169.69921875
374767.6875,110005.6015625
509517.59375,109681.203125
285932.09375,22902.5
495189.59375,145082.09375
349117.90625,102784.0
488808.90625,34827.69921875
287724.0,45795.0
441767.6875,285552.8125
396411.0,112961.296875
480813.3125,149140.796875
370614.8125,161787.09375
329700.90625,68232.1015625
280977.90625,45987.80078125
519682.1875,166095.90625
378178.3125,114698.796875
316296.90625,33482.19921875
316955.1875,39308.0
360073.8125,93904.0
313101.59375,13495.099609375
397332.5,138128.203125
482395.5,120863.3984375
541685.125,113342.0
385154.6875,117250.8984375
372415.09375,89546.8984375
391168.59375,81053.8984375
302865.59375,55726.30078125
435561.5,156984.09375
304508.0,55845.8984375
395514.1875,120867.8984375
486309.59375,162412.203125
289485.6875,22127.900390625
282433.90625,33784.19921875
362743.3125,101150.703125
463398.5,101735.203125
359317.5,180676.59375
320310.1875,46538.6015625
315325.09375,77471.1015625
372745.1875,90802.296875
446620.1875,143169.0
319656.59375,58961.69921875
353627.3125,174489.203125
533969.5,103113.5
294868.0,18699.400390625
446784.0,108387.296875
286906.3125,22451.80078125
255451.703125,46047.1015625
458709.1875,133737.5
402731.1875,19322.80078125
415965.40625,121823.703125
381613.0,168161.0
343537.1875,88026.796875
331353.59375,83582.296875
419959.8125,66727.796875
272633.1875,26979.69921875
402007.09375,103575.0
312876.40625,27248.80078125
361394.6875,97947.203125
491035.8125,137432.5
276816.8125,104356.203125
324435.5,38066.69921875
465596.09375,135828.5
472309.59375,104479.8984375
525151.625,122695.3984375
374833.5,83577.3984375
391578.40625,115281.203125
551087.5,103345.8984375
434815.09375,143699.203125
323090.8125,65752.6015625
319817.1875,46348.69921875
262398.5,20723.19921875
353882.1875,112727.703125
349003.40625,116495.1015625
293499.40625,15105.900390625
583689.5,78135.0
407609.59375,131086.59375
549208.0,90415.0
539078.6875,99287.796875
342950.5,82905.296875
427528.6875,153096.296875
400277.09375,88982.796875
350161.1875,143869.203125
520649.59375,150583.40625
346422.90625,91044.703125
353491.09375,86362.703125
351263.59375,93452.0
519994.09375,82745.6015625
494509.1875,27111.80078125
502737.1875,88082.5
378975.59375,98235.203125
531542.5,105147.296875
428115.09375,185420.09375
478424.1875,61534.19921875
544120.125,54734.3984375
497659.5,52416.8984375
342159.8125,181649.296875
446036.1875,116455.703125
425509.5,114143.703125
539270.0,35044.6015625
321289.5,104865.5
286819.6875,41944.1015625
300377.59375,20114.5
368931.0,105337.203125
516551.09375,82080.203125
556759.875,43835.0
338203.90625,61518.19921875
472289.1875,82016.796875
326212.8125,28176.30078125
466506.09375,140112.59375
359151.0,100986.5
529492.125,137835.5
552155.3125,40611.8984375
496919.0,121491.8984375
280467.8125,22568.5
434831.6875,134799.90625
423422.90625,273024.1875
382816.90625,128858.703125
311523.8125,49808.5
321830.59375,127541.203125
312243.40625,36006.5
385549.90625,107846.0
510507.90625,141417.09375
322766.5,14254.099609375
322134.3125,62575.1015625
476862.59375,78943.1015625
425440.59375,93877.3984375
345250.5,69509.5
510905.90625,105122.203125
333534.0,66507.5
451345.8125,143518.90625
305557.40625,59471.30078125
338777.3125,53791.1015625
398353.8125,31564.30078125
477898.0,97240.1015625
332704.09375,47267.5
322832.59375,38339.0
319004.59375,103752.1015625
414642.40625,124514.3984375
477318.09375,109311.5
309402.3125,74805.6015625
303408.1875,67252.8984375
292199.90625,12946.099609375
510286.90625,95364.203125
339697.59375,63369.0
539099.375,112755.703125
402253.6875,93112.296875
344993.90625,88203.8984375
370797.5,88197.5
367743.0,101632.8984375
380623.8125,122679.5
461977.59375,161743.203125
263496.1875,60374.3984375
500641.90625,160138.703125
529882.875,61767.19921875
358716.5,93398.203125
346015.59375,96768.8984375
301994.3125,101650.5
335848.1875,78187.5
339984.09375,64207.80078125
290805.90625,28967.099609375
321153.5,29416.599609375
417878.09375,165589.59375
540160.5,22499.69921875
424569.09375,121855.6015625
471346.6875,175899.59375
431608.1875,131222.90625
393846.0,118741.203125
329915.3125,53550.19921875
243878.09375,34034.0
479280.59375,85272.203125
532342.875,110910.6015625
282072.40625,53387.69921875
306122.40625,37399.69921875
424065.5,151673.203125
373412.40625,98957.3984375
385876.09375,131358.59375
382338.1875,102844.703125
422716.1875,120052.0
529875.625,72581.203125
313751.40625,66488.5
309710.40625,65231.1015625
409243.09375,150045.09375
446740.09375,133783.40625
272491.0,22133.5
528324.8125,149003.40625
445328.40625,265063.1875
498032.90625,157977.5
490521.6875,153974.59375
501708.0,72839.1015625
476468.40625,168167.09375
306631.8125,59323.1015625
398277.6875,92946.796875
340545.40625,110076.8984375
433566.90625,155716.40625
385905.59375,127999.5
474632.6875,197403.703125
482055.3125,70431.8984375
336932.1875,58179.3984375
327304.90625,27859.599609375
294751.1875,40327.0
543505.875,84768.703125
267088.0,52381.69921875
521470.40625,85759.203125
518598.40625,78709.6015625
456437.09375,73613.796875
491166.6875,103529.703125
335938.5,56971.3984375
330174.3125,92603.5
276677.40625,106604.1015625
350791.1875,71188.5
392779.6875,149704.796875
342003.0,74463.5
332752.40625,90599.203125
482860.59375,127386.703125
390271.90625,124264.0
288584.90625,34232.1015625
503945.0,59784.1015625
388087.59375,81551.6015625
464413.09375,131683.09375
303805.0,23701.400390625
296134.90625,24315.80078125
390751.8125,116753.8984375
400230.8125,130374.0
518043.90625,86354.5
347637.90625,63653.8984375
289863.1875,14940.400390625
467827.8125,91081.296875
458201.8125,171816.703125
379058.6875,120041.1015625
296907.90625,14365.900390625
476638.09375,113951.5
437871.59375,75691.296875
491377.09375,96094.5
401054.40625,196761.90625
294157.8125,22040.5
360191.09375,87058.703125
378481.6875,130210.5
327069.90625,98409.703125
387209.0,129680.0
463171.09375,110693.203125
457097.40625,160403.59375
380937.40625,120685.1015625
394600.59375,125484.1015625
343925.09375,78048.8984375
395899.0,96746.0
328039.09375,85886.796875
412445.40625,126214.3984375
290084.0,16211.0
303248.3125,32767.0
485609.6875,71521.3984375
350722.1875,111870.0
501006.1875,108946.703125
301175.09375,21358.5
407158.5,125034.5
429833.3125,144441.5
447655.90625,117507.203125
300916.6875,34043.5
317347.59375,15894.7001953125
439028.5,186638.40625
457975.40625,177620.5
424884.90625,109733.1015625
533072.625,23706.099609375
290082.09375,24017.30078125
547313.875,61765.19921875
380419.3125,84978.3984375
326617.40625,69834.8984375
416223.09375,101918.1015625
377647.3125,88100.6015625
403579.40625,98729.203125
361095.6875,87854.1015625
517414.09375,110812.5
413523.59375,116820.296875
377447.40625,98346.3984375
337077.0,69054.0
376940.59375,69307.0
294765.09375,39427.19921875
329689.1875,33558.3984375
515611.40625,122380.203125
411345.1875,143039.203125
484489.6875,101558.796875
337331.6875,54269.5
515297.40625,112570.1015625
528180.375,258332.0
390910.5,132472.5
529434.6875,138987.203125
343527.3125,61821.8984375
317465.1875,55996.0
421257.6875,141472.203125
373008.09375,112905.0
546559.6875,99991.796875
239053.296875,28409.0
499504.0,180653.40625
296941.90625,28394.099609375
471594.09375,128301.796875
335518.5,82457.6015625
294319.3125,27425.099609375
318690.5,85134.5
340082.3125,100891.5
309815.40625,25888.5
479946.09375,115963.6015625
364010.1875,95902.6015625
440365.5,98730.1015625
525065.3125,99667.1015625
404919.40625,41067.19921875
501377.0,213277.59375
382829.1875,82619.796875
361688.3125,66802.6015625
353272.8125,116330.3984375
503752.1875,102604.8984375
346785.6875,209713.0
391686.90625,102491.703125
534550.6875,112681.203125
419833.59375,104561.8984375
304410.3125,79703.5
413677.90625,111189.203125
414538.59375,152492.703125
321671.40625,82304.1015625
364802.90625,73590.1015625
479746.3125,170890.09375
374875.0,117233.0
358115.0,99142.5
396722.09375,104622.1015625
547038.3125,21671.900390625
403941.1875,95528.0
311620.40625,63575.19921875
311765.1875,56291.19921875
315249.09375,46088.0
369137.5,18453.69921875
401252.09375,121664.8984375
306343.90625,89107.703125
352604.5,111074.3984375
431376.90625,83374.6015625
369192.40625,73963.5
324034.90625,125862.1015625
506208.40625,107792.1015625
431704.40625,121410.203125
348706.5,63645.3984375
336101.3125,113428.1015625
344656.3125,104646.6015625
506171.59375,61785.19921875
459164.1875,22602.900390625
287658.59375,20195.900390625
492712.40625,131936.203125
335563.5,58905.0
478121.0,111067.3984375
570985.375,99773.703125
351395.0,115191.703125
408056.5,60339.5
246424.90625,25591.69921875
385047.0,145683.40625
331949.40625,61987.5
298902.40625,93899.6015625
425230.8125,91381.6015625
295212.09375,24592.400390625
420841.09375,241419.09375
466580.5,110280.8984375
538923.875,108388.296875
534096.3125,95864.5
410730.59375,95103.6015625
544596.3125,89456.6015625
382810.0,92853.1015625
553341.0,29391.099609375
456854.40625,244762.296875
392704.0,121473.6015625
515559.6875,172230.296875
464171.90625,95167.8984375
247156.09375,36658.3984375
475261.09375,123165.3984375
266632.90625,61077.0
433659.6875,129737.296875
291656.40625,39395.69921875
264825.1875,49957.3984375
387554.09375,116353.296875
509692.0,133170.09375
383409.1875,179157.90625
502020.8125,153596.796875
437825.09375,119403.203125
548295.8125,84093.203125
296644.0,15727.099609375
298026.40625,47659.30078125
387297.90625,112651.296875
330665.40625,111706.3984375
423518.1875,108399.0
371369.0,57078.30078125
560719.375,41131.3984375
352560.09375,79810.203125
345252.0,63799.1015625
400977.09375,147848.703125
543708.3125,26329.900390625
457499.40625,162268.40625
503768.3125,136726.203125
368141.6875,86682.5
294066.40625,28643.099609375
487189.1875,166334.40625
465965.40625,140747.0
399461.1875,129736.3984375
300810.6875,17008.5
538748.625,147412.796875
281092.1875,46281.8984375
510338.90625,91458.796875
343081.1875,107442.796875
336556.90625,107505.3984375
476023.59375,170101.203125
394381.40625,108234.0
459897.90625,109941.296875
475132.6875,109193.0
293409.8125,34915.19921875
449587.59375,122142.796875
364313.6875,104117.796875
376335.59375,133854.296875
461686.8125,149920.203125
466716.40625,192018.59375
425622.6875,135108.90625
488151.8125,244264.5
313464.6875,46428.3984375
434781.3125,61989.19921875
323690.0,43087.6015625
287832.1875,40772.1015625
315624.90625,53223.30078125
441540.0,124242.6015625
466064.6875,116786.796875
371219.09375,125337.203125
441683.09375,208677.90625
464803.40625,152500.5
500708.8125,107165.8984375
305276.8125,31065.19921875
407257.59375,101629.296875
532817.875,91452.203125
326749.8125,19597.69921875
418745.6875,121740.296875
304790.90625,47234.80078125
462277.40625,125487.296875
370285.59375,107507.203125
377399.09375,84049.3984375
359241.40625,103322.8984375
435549.59375,144477.796875
303103.6875,22202.80078125
307248.6875,65826.5
460036.1875,125416.3984375
293135.59375,17275.69921875
303938.6875,35051.30078125
541326.625,47454.8984375
462243.40625,175926.5
558144.6875,96905.5
474738.5,119879.796875
465942.1875,158781.796875
397403.59375,118773.296875
397307.09375,125945.796875
520347.3125,129800.703125
440088.6875,144251.796875
339636.40625,102200.1015625
342990.90625,86378.0
274412.1875,32315.0
536913.625,74509.6015625
545416.3125,52013.69921875
387502.8125,139372.796875
418290.5,106789.6015625
498560.90625,85392.3984375
488355.6875,78404.703125
283617.40625,33691.30078125
543406.625,75024.203125
306811.6875,54769.30078125
327060.90625,57916.8984375
505251.59375,78932.3984375
367137.59375,126430.3984375
348792.40625,133909.5
477269.6875,142328.0
539302.0,57070.80078125
327214.40625,59546.8984375
377124.6875,89382.796875
341007.59375,68357.796875
586090.625,77302.296875
353418.6875,90747.296875
269236.40625,29399.30078125
412269.40625,93593.0
366521.6875,87676.8984375
438285.5,107965.703125
309394.8125,84326.703125
306908.90625,27163.80078125
403093.1875,131635.40625
494850.5,148400.09375
323217.90625,113052.296875
405358.0,140088.59375
422392.09375,110746.3984375
287705.90625,25204.30078125
511325.1875,154285.0
398207.09375,133913.59375
531421.5,102947.296875
371276.1875,49929.30078125
522034.1875,59960.8984375
322314.0,110095.6015625
303154.90625,13570.7998046875
297753.1875,19286.599609375
334106.6875,43354.80078125
575979.6875,79127.203125
506029.1875,126595.3984375
430141.40625,40070.80078125
369716.59375,80499.203125
309945.8125,27277.19921875
367811.59375,95290.203125
270289.90625,56998.3984375
319646.40625,44124.80078125
555394.1875,106878.0
386807.3125,104276.203125
444622.1875,142837.5
393535.6875,95425.203125
410363.09375,173995.703125
517083.59375,108285.3984375
436408.59375,136439.09375
463660.40625,115108.3984375
328645.8125,37842.69921875
309842.90625,38178.69921875
290138.59375,31216.80078125
538404.3125,35285.69921875
454723.6875,76801.0
359186.6875,101283.703125
404617.1875,160092.40625
256321.40625,34181.30078125
458501.6875,66138.1015625
455122.1875,85801.796875
381916.90625,115754.8984375
362657.90625,98737.0
327376.1875,69842.796875
541195.625,81903.296875
482058.40625,78226.203125
327666.8125,116418.203125
567794.6875,103300.3984375
513256.59375,79208.3984375
329751.0,72673.1015625
555857.3125,61815.5
299296.09375,27786.30078125
352317.3125,84012.296875
419526.5,127435.6015625
523334.3125,96864.3984375
377053.0,101454.296875
523078.5,30097.599609375
526229.6875,70996.796875
505723.59375,123306.203125
370325.09375,114886.6015625
494827.1875,118360.296875
450734.40625,127329.1015625
307456.1875,70794.3984375
321096.0,50322.6015625
455938.3125,142783.0
286958.6875,13987.7001953125
297071.40625,13407.7998046875
336227.09375,34983.80078125
326679.90625,63041.3984375
492806.8125,151860.203125
311429.8125,28790.30078125
544168.875,66267.703125
291055.5,77044.6015625
444011.59375,180999.0
534312.1875,124678.0
430010.3125,109194.6015625
308891.40625,38640.6015625
288168.6875,84375.3984375
331033.40625,68741.1015625
318018.90625,14166.7998046875
312733.0,88282.1015625
320558.0,68140.5
445730.40625,125344.6015625
560580.625,24558.69921875
407273.8125,154413.59375
312107.40625,59699.19921875
434137.3125,188177.90625
306303.0,59357.80078125
298917.40625,45338.80078125
299909.3125,18181.400390625
449650.90625,114806.1015625
320106.8125,73103.796875
336447.8125,59501.0
334614.5,27810.80078125
271114.90625,63986.69921875
276204.3125,14792.7998046875
287691.40625,92943.203125
391421.1875,116581.0
311783.90625,54288.3984375
312125.0,66147.6015625
328570.5,100425.0
510213.3125,108582.1015625
431616.59375,180394.40625
407039.8125,322249.5
340828.3125,79870.6015625
376450.1875,75209.796875
487672.90625,111481.703125
512561.1875,112169.8984375
504168.40625,106317.1015625
437503.1875,122688.703125
433907.40625,147917.296875
540585.3125,76811.796875
369525.90625,99656.203125
384312.5,87779.6015625
433792.40625,86940.203125
373794.09375,101353.0
464656.3125,139074.59375
314275.40625,49438.69921875
458139.40625,99705.1015625
433051.8125,125683.796875
431412.5,110045.0
326239.09375,62466.80078125
516527.90625,104733.703125
466948.3125,46363.3984375
299051.8125,62027.3984375
478897.8125,178261.296875
431929.3125,132369.796875
444449.3125,144517.40625
301414.40625,51391.3984375
550391.8125,33940.5
445866.8125,103973.6015625
497626.09375,92174.203125
385724.0,48492.6015625
492351.59375,83582.796875
433282.59375,114821.5
301170.5,48774.0
396141.6875,96689.3984375
321194.8125,33889.1015625
500398.3125,83848.203125
298720.3125,31898.30078125
467798.90625,128595.1015625
464475.40625,56561.19921875
446762.5,116317.5
311075.59375,54305.5
470173.3125,160262.296875
261104.796875,30916.0
526482.375,102861.6015625
452971.5,162744.5
526151.3125,69034.703125
329943.90625,75251.203125
399999.40625,100509.6015625
472491.40625,138860.203125
289086.8125,53760.30078125
366681.0,63379.5
468285.90625,254861.09375
299459.40625,60566.80078125
270364.0,45608.5
309377.59375,13365.7998046875
319234.90625,74409.203125
400438.3125,90872.1015625
400873.5,130550.796875
291623.40625,53811.5
307931.3125,36878.69921875
437761.09375,164726.296875
567423.875,45480.69921875
497821.1875,128745.5
292546.8125,28114.400390625
444517.5,107538.1015625
393857.40625,114986.0
391245.90625,129507.6015625
376794.90625,113078.203125
298940.0,55456.1015625
420415.59375,108180.5
341291.40625,52244.6015625
491178.90625,92964.296875
550162.8125,78080.296875
288946.0,33461.0
321224.90625,58832.30078125
462919.90625,141715.5
394304.90625,17447.099609375
514222.90625,148354.203125
429708.0,129843.1015625
397078.0,90278.5
442528.59375,83068.0
512276.3125,92952.296875
354893.1875,85911.296875
447889.40625,266188.59375
569195.375,48591.19921875
335196.6875,104792.203125
422929.0,147445.5
313449.59375,42791.80078125
350537.0,95819.0
306776.09375,13546.7998046875
546982.375,114072.203125
391514.3125,117142.3984375
341896.5,73114.796875
522933.90625,60079.30078125
281868.3125,58600.30078125
424909.40625,171077.703125
305606.5,27064.599609375
529823.8125,78817.8984375
361505.90625,72723.3984375
559440.8125,62672.5
360693.09375,86998.203125
310495.09375,51124.0
257058.703125,28180.900390625
528778.3125,78275.203125
365072.0,120411.6015625
306828.3125,61122.80078125
307038.40625,27830.599609375
473048.40625,135753.703125
320517.0,70606.5
361740.6875,134665.40625
269593.3125,30092.80078125
537639.1875,205440.796875
297445.1875,44276.69921875
458620.8125,109436.296875
554354.625,79703.796875
311524.90625,64907.80078125
321049.59375,15353.2998046875
307872.90625,75080.0
465630.3125,262618.6875
313642.40625,46872.19921875
350833.8125,94582.296875
428297.40625,123934.703125
279771.0,57161.0
384658.1875,89763.5
318510.6875,86602.8984375
398822.3125,127074.796875
282039.40625,113271.203125
272845.40625,12983.599609375
396258.3125,181626.296875
317335.5,68921.0
445367.59375,63618.80078125
322173.90625,66907.203125
519433.3125,81200.1015625
355749.3125,139641.90625
346883.90625,31584.5
473623.8125,100050.203125
550453.125,31079.30078125
454110.3125,151229.0
318913.40625,18934.69921875
310859.3125,82924.0
363013.40625,87437.703125
411452.3125,125126.296875
406388.5,90347.5
310190.1875,48068.19921875
370819.40625,130356.703125
318129.59375,57444.5
310711.1875,55084.3984375
307450.1875,54535.3984375
320146.90625,51946.6015625
304391.09375,43398.80078125
385758.40625,175445.59375
307589.90625,53457.80078125
343812.59375,117426.703125
409244.59375,116707.296875
500864.3125,135322.09375
340346.40625,96802.203125
512662.3125,118439.3984375
362242.40625,89506.296875
287002.90625,32502.0
403209.1875,149468.5
447663.40625,105385.203125
275797.90625,65194.1015625
406996.59375,88748.5
377173.1875,85904.8984375
397488.40625,134549.59375
353588.8125,141347.5
483069.3125,112270.203125
336992.40625,83203.703125
410513.0,111644.6015625
387650.40625,126672.203125
396486.09375,100850.0
471358.8125,113584.1015625
327638.6875,58167.3984375
398661.8125,131283.296875
403784.40625,188804.09375
335992.3125,131446.5
302966.90625,20946.099609375
334773.40625,47340.30078125
438228.5,152450.09375
304340.59375,81044.703125
529738.875,119575.203125
339630.5,60487.30078125
490214.40625,128193.1015625
520748.6875,122989.5
553651.8125,117388.3984375
316479.90625,59223.3984375
321056.3125,49130.5
322270.59375,60513.19921875
310989.1875,20544.900390625
384773.40625,118108.296875
347502.90625,72637.5
417379.3125,130691.703125
319046.40625,45446.19921875
446807.90625,109462.6015625
307750.40625,67687.703125
474009.0,138825.5
278434.3125,15134.099609375
396682.6875,109592.796875
407917.6875,166918.703125
412694.8125,108438.203125
388875.3125,86028.296875
395341.90625,86809.6015625
339912.90625,33637.69921875
336013.1875,86103.0
443115.8125,143562.59375
294221.90625,26030.599609375
414812.3125,153298.296875
326817.5,49732.0
304083.09375,32920.30078125
359819.09375,70084.703125
329898.8125,61098.6015625
552416.8125,56795.19921875
331540.8125,55117.80078125
353529.5,46009.1015625
483910.8125,120767.5
303844.59375,46247.19921875
356339.59375,118723.203125
354808.09375,87200.796875
500596.6875,136669.40625
385364.8125,93796.296875
346280.40625,109201.296875
328391.90625,58746.19921875
340970.5,34249.1015625
348112.40625,82743.1015625
464990.5,100634.6015625
316729.5,72982.0
341300.90625,97623.796875
307476.5,55888.6015625
542276.6875,88013.296875
557109.875,40949.0
335384.59375,67111.203125
293463.6875,21026.0
393573.6875,116395.296875
496595.5,89302.796875
377714.3125,34827.5
535188.125,67595.5
540571.6875,199831.90625
423830.5,147969.09375
386822.90625,93987.5
305365.5,40374.3984375
457786.1875,55594.6015625
555357.5,22353.0
399007.90625,104096.703125
296213.6875,47805.30078125
518871.40625,194296.09375
299495.6875,111307.3984375
306122.40625,82310.1015625
559389.625,66075.6015625
430854.0,111904.703125
329682.8125,15719.2001953125
450764.59375,118227.8984375
294906.6875,16706.30078125
315503.0,29956.5
317012.09375,54652.1015625
462760.59375,102317.0
348877.1875,123415.296875
553827.125,93566.8984375
543401.375,87215.203125
345310.59375,55458.69921875
330726.3125,79423.6015625
427193.0,301714.5
375113.59375,78212.703125
469567.09375,182895.59375
403165.59375,104712.0
303881.5,51715.80078125
544294.875,114031.703125
495602.1875,122858.8984375
477409.90625,129665.796875
531145.6875,82331.296875
433740.40625,75911.5
475279.1875,140280.59375
325705.59375,51251.30078125
304334.1875,14374.7001953125
517427.6875,54684.3984375
451945.8125,201940.09375
426470.5,149505.09375
553935.375,96811.6015625
289407.6875,22703.80078125
312345.1875,79450.3984375
383745.6875,116201.796875
510611.90625,122490.8984375
391251.59375,104130.8984375
433514.6875,144743.09375
480207.09375,174833.09375
365599.09375,88695.5
299573.0,23739.80078125
321834.59375,164065.296875
293326.59375,29181.400390625
491891.1875,91480.296875
462721.6875,220573.796875
557646.0,70153.0
517182.40625,63171.5
466371.59375,84917.6015625
440171.59375,119855.0
385708.90625,138391.59375
441907.6875,156393.40625
365512.59375,69589.0
505017.40625,122499.296875
555181.875,83214.6015625
523277.3125,110554.1015625
589640.375,99452.5
437731.0,270719.40625
508540.1875,263097.59375
285055.6875,45377.80078125
329865.1875,102914.296875
343074.40625,61010.6015625
420263.09375,154306.59375
509234.40625,95839.3984375
560608.625,65712.3984375
467163.90625,110883.296875
344896.6875,76563.703125
340083.90625,59234.19921875
464430.0,134014.0
503977.0,127339.1015625
519276.0,92478.0
408997.90625,78591.5
316115.1875,23292.900390625
352142.1875,100492.796875
498255.5,72188.296875
575948.875,32709.099609375
311307.40625,23232.19921875
414754.3125,224868.09375
274248.3125,12532.5
320978.59375,68413.703125
557991.1875,108146.796875
249476.90625,46756.0
289749.1875,69633.3984375
358113.1875,78969.0
564409.625,33915.1015625
281113.09375,27822.0
425509.5,114766.796875
360961.59375,124925.796875
329434.90625,17373.19921875
349309.09375,90725.703125
317298.8125,43877.1015625
330277.6875,91959.8984375
452488.09375,107661.703125
404837.59375,108793.0
331909.5,65692.1015625
353787.1875,59145.6015625
442594.1875,158523.703125
308303.6875,13369.900390625
294745.5,60283.5
399875.0,137550.09375
461422.6875,97376.3984375
275209.09375,63066.80078125
300633.0,34920.69921875
448776.09375,140413.90625
371976.3125,105260.3984375
423364.59375,107602.3984375
317722.09375,87614.6015625
333998.90625,75142.703125
327698.0,66020.5
340921.6875,71194.8984375
317977.6875,53421.5
346245.59375,112086.6015625
533635.125,75945.0
538642.375,102656.6015625
345675.59375,80833.796875
465046.59375,127093.203125
371211.8125,60443.5
287945.90625,16365.5
311992.1875,37001.8984375
489234.59375,154308.203125
524665.125,61650.30078125
307789.09375,67033.796875
472809.90625,81070.203125
335592.3125,78135.5
514683.8125,97508.6015625
501388.5,149649.796875
380048.1875,98309.8984375
508791.3125,91691.1015625
495245.90625,79281.203125
456710.0,251369.09375
459572.40625,127720.1015625
540784.1875,39994.80078125
382900.6875,143851.40625
524529.0,57145.19921875
305844.1875,41030.1015625
511327.1875,149343.09375
393347.40625,240567.296875
468228.6875,156905.59375
308236.09375,70942.1015625
520526.0,342159.5
356810.5,95858.6015625
375870.40625,105804.0
364559.1875,159982.90625
460466.09375,120075.203125
385020.59375,81746.1015625
343201.40625,73381.6015625
277385.09375,13460.900390625
384538.3125,150848.59375
358370.1875,62146.8984375
502489.6875,118001.296875
518273.90625,135457.5
272833.09375,23900.19921875
535268.625,97792.6015625
320300.1875,14812.7998046875
540127.625,95057.796875
485531.3125,109178.6015625
406705.1875,132757.40625
535134.8125,67757.0
273094.09375,31694.19921875
420815.1875,145468.40625
399628.5,123994.6015625
357813.40625,106550.5
316888.59375,76151.296875
379213.0,136740.5
410433.6875,195738.90625
278494.40625,14534.7998046875
325530.3125,60508.6015625
425175.5,115742.5
547559.1875,66312.796875
444677.40625,83580.6015625
336425.1875,58179.30078125
554783.1875,36031.8984375
393639.0,81055.203125
344866.8125,84936.796875
420262.6875,170303.59375
461154.90625,137463.40625
356005.40625,92027.203125
505467.0,62693.5
529652.375,99512.5
451207.59375,135905.703125
285194.59375,49504.1015625
297793.6875,35340.80078125
484802.09375,102000.296875
277616.6875,42521.30078125
292857.40625,69030.5
375025.1875,121786.8984375
534528.1875,23962.80078125
326985.0,20564.80078125
306502.90625,13488.099609375
336005.59375,77297.296875
541245.625,87546.8984375
477921.8125,159781.09375
332819.1875,74124.8984375
403326.90625,121577.1015625
486105.8125,133214.59375
439196.40625,110673.0
401828.09375,126275.796875
435600.1875,132410.09375
422508.1875,137537.90625
443492.40625,124857.6015625
328687.6875,84505.296875
295974.40625,13570.099609375
407395.09375,96188.6015625
548036.0,116681.703125
330255.1875,37038.1015625
353851.59375,105055.8984375
331730.1875,63432.1015625
562748.375,24669.30078125
487584.09375,132035.59375
579717.875,29270.19921875
331840.59375,117373.1015625
409819.6875,91673.3984375
358934.0,119012.796875
347423.1875,85845.3984375
490367.6875,145003.796875
471316.5,96944.0
392604.1875,120450.5
529804.5,111290.796875
281257.59375,24345.80078125
525096.125,87507.296875
352364.09375,60584.19921875
294664.6875,47586.3984375
341109.8125,89940.5
363718.8125,102426.1015625
462511.6875,108529.3984375
517638.3125,55384.6015625
278184.40625,60209.0
359741.1875,77875.6015625
492227.5,137044.59375
255610.0,45706.5
442795.59375,130244.703125
293125.6875,48634.5
419439.09375,142834.796875
324992.09375,96519.703125
327164.0,20801.80078125
295265.8125,52312.6015625
542205.375,21278.099609375
373870.40625,77656.5
515951.1875,116185.1015625
481679.09375,84912.796875
333730.6875,84336.203125
546907.875,51826.6015625
546120.375,142281.09375
331993.40625,192333.40625
347182.90625,65742.8984375
496742.5,141162.5
412389.09375,138859.59375
433213.59375,111818.5
390377.1875,164603.90625
563808.5,61246.19921875
541553.3125,59987.0
245295.703125,65150.1015625
496386.09375,141298.40625
429157.09375,91371.703125
303375.1875,33187.5
339846.59375,93692.296875
447940.09375,126941.3984375
275439.09375,98322.703125
475061.09375,112055.203125
450711.09375,137383.0
492496.0,133270.296875
516254.6875,90377.8984375
447711.0,153976.0
538790.375,55686.1015625
507928.6875,114791.6015625
469281.90625,87341.796875
466394.0,46611.0
457732.5,119255.703125
512796.40625,144989.5
514993.8125,136139.59375
470829.5,127803.5
386607.90625,91536.8984375
352694.0,68801.0
268319.3125,62320.8984375
325380.59375,67200.796875
295369.8125,32785.80078125
282697.59375,18725.400390625
397434.8125,133275.203125
327581.1875,46214.0
389576.90625,27155.400390625
540441.8125,69508.6015625
456819.59375,104233.5
434914.0,120206.0
513282.3125,122841.796875
333701.09375,49357.1015625
297987.40625,19459.69921875
358002.8125,98424.8984375
360195.8125,127256.6015625
329514.3125,93396.6015625
333343.1875,63099.6015625
347560.09375,113144.8984375
254267.203125,89018.8984375
305341.0,16547.0
338904.09375,127001.6015625
364543.09375,66862.5
400889.8125,122529.3984375
401371.90625,104799.296875
337374.09375,91385.703125
423840.0,112500.796875
377385.0,139716.703125
469154.3125,89836.0
397237.90625,156582.0
341334.1875,78240.3984375
305539.0,48296.0
311634.90625,48728.3984375
326494.90625,90729.6015625
445548.90625,122940.0
447310.6875,147100.09375
337316.59375,62871.3984375
360741.0,108946.5
493244.59375,73469.5
359385.5,83230.5
434488.6875,185373.59375
575504.125,39682.3984375
442516.1875,122230.8984375
308720.90625,21579.19921875
336805.59375,52231.0
311556.0,57423.0
324526.09375,38305.6015625
504952.59375,119653.0
543286.375,121746.703125
543432.8125,118772.8984375
401649.5,74277.203125
354158.90625,65917.796875
539552.0,46235.0
516908.0,113142.296875
390806.59375,120784.1015625
512890.5,89803.703125
396212.3125,91313.5
527424.875,88803.0
509917.5,92278.0
529308.5,122056.203125
348444.6875,71244.0
305788.09375,19495.30078125
348920.6875,65339.19921875
436671.3125,170512.09375
296465.6875,22599.099609375
372754.40625,98932.703125
314905.0,66265.5
359052.40625,87518.6015625
313907.3125,62578.80078125
322211.59375,60371.0
400729.8125,155571.40625
393800.3125,119938.8984375
560178.3125,46082.6015625
532573.375,125667.1015625
515725.5,85718.203125
346133.09375,88660.5
350016.59375,63394.0
507614.40625,56827.30078125
530619.0,130552.296875
524585.5,104305.703125
480475.0,153415.296875
500489.8125,45250.1015625
281619.90625,56355.6015625
543651.375,65244.3984375
567333.875,99023.3984375
510932.09375,87503.5
494275.90625,82537.3984375
344972.40625,93257.6015625
324451.40625,52026.0
316013.40625,76847.203125
404022.09375,121614.0
378441.90625,120980.6015625
558421.0,35070.69921875
415232.6875,125304.6015625
542467.1875,49113.3984375
333078.09375,71100.5
260179.5,37735.69921875
431101.40625,125679.203125
253598.59375,32658.5
250772.796875,57523.3984375
413602.90625,119187.796875
308107.40625,17093.0
351640.5,190390.296875
269667.5,42016.19921875
319583.8125,95926.0
274447.3125,26317.099609375
502653.6875,129361.8984375
364536.40625,72701.1015625
387714.5,107827.0
449021.40625,190951.40625
351762.09375,86187.5
327169.90625,70253.1015625
476909.0,208836.0
261886.59375,82925.296875
544499.375,59775.5
303470.3125,35375.1015625
499659.8125,124247.1015625
316061.90625,36398.69921875
426363.59375,129168.0
456350.09375,131719.5
485554.3125,117523.3984375
330499.0,80839.703125
341051.3125,55645.3984375
328079.40625,98343.0
477121.8125,121877.1015625
313503.09375,44784.19921875
357033.5,163484.0
517391.40625,44086.5
304225.40625,46705.3984375
284778.59375,82632.5
532095.375,136126.90625
415597.5,87347.5
325403.3125,56018.3984375
348928.1875,62960.19921875
494299.90625,198679.0
354835.59375,88564.3984375
336070.09375,60482.5
310630.8125,17366.099609375
496586.90625,105261.703125
361506.5,69938.0
306323.90625,55195.5
363776.3125,95551.6015625
315842.3125,51375.6015625
434295.59375,90584.8984375
268524.8125,62220.1015625
345906.40625,74090.203125
515428.59375,86546.1015625
300426.40625,25120.19921875
553443.3125,49207.8984375
281123.0,51443.69921875
560161.0,34883.0
290325.8125,78444.3984375
371643.59375,80424.203125
537154.0,57405.30078125
292324.59375,28877.099609375
405382.40625,126392.0
490693.1875,106207.3984375
373291.90625,176895.09375
399518.40625,117870.3984375
548108.875,153967.40625
408913.40625,119179.0
370851.8125,77005.6015625
495332.90625,115394.703125
404299.0,68622.0
546836.875,84020.1015625
317439.09375,33449.6015625
510621.8125,135147.90625
287306.5,40870.5
302407.8125,20258.900390625
431218.40625,129645.3984375
315340.3125,105309.6015625
360414.3125,114863.5
334063.90625,109830.3984375
309762.1875,95623.796875
524522.6875,47335.19921875
352010.0,76890.296875
591135.5,31244.5
404590.59375,136013.296875
390111.8125,105559.0
401609.40625,248440.796875
299118.1875,13516.2998046875
406192.0,120237.6015625
319854.1875,96325.5
331190.09375,125192.6015625
479207.3125,152861.203125
390645.1875,78925.5
408771.0,95166.3984375
503692.90625,161407.796875
570500.875,54791.80078125
312385.8125,20643.19921875
305744.59375,51547.5
414756.59375,122969.296875
286347.90625,13903.400390625
445508.8125,100054.6015625
304395.90625,71080.6015625
436352.09375,65895.6015625
321210.6875,29906.0
513269.59375,106317.703125
565447.6875,57535.0
403909.6875,133576.09375
323155.40625,36191.6015625
352579.0,104098.8984375
547905.625,22861.099609375
436132.09375,137202.703125
388014.3125,70318.796875
371061.1875,99372.203125
305120.59375,64649.30078125
362739.09375,104925.3984375
333787.09375,63962.30078125
510871.09375,73537.296875
307010.40625,25392.30078125
468795.6875,177780.796875
273932.09375,67350.1015625
423284.59375,106651.6015625
417749.3125,145272.203125
402633.3125,168616.796875
419612.0,149096.296875
554720.875,55821.80078125
304115.8125,41691.8984375
287588.8125,71248.203125
353581.3125,88267.6015625
337569.8125,75211.0
483984.59375,91204.5
341357.6875,14339.7001953125
306311.40625,16664.19921875
359569.0,86317.703125
398339.1875,95619.203125
472117.1875,131546.90625
323008.3125,149172.40625
470875.6875,94886.6015625
524799.5,79719.1015625
316571.40625,56428.69921875
419675.90625,45584.1015625
298608.5,49213.69921875
527788.625,85048.6015625
413175.0,173020.796875
449371.1875,70840.0
538363.6875,112839.296875
537345.3125,23244.30078125
279329.09375,36834.8984375
418651.8125,114202.5
488227.90625,102509.3984375
543312.1875,111310.796875
292316.90625,53384.19921875
256949.59375,87281.203125
387215.90625,101076.5
438685.5,163235.296875
340809.8125,103332.796875
448218.40625,277203.40625
511711.1875,70833.203125
487379.59375,138180.59375
393718.0,141367.796875
432419.40625,73537.8984375
320495.59375,77113.203125
452876.8125,127704.5
539754.1875,110495.1015625
420290.6875,110359.703125
371437.09375,192015.796875
331663.09375,78516.296875
297788.5,20422.599609375
445577.09375,111292.1015625
312944.59375,45818.6015625
378237.90625,99318.796875
369551.3125,91462.3984375
456172.3125,163942.203125
425161.3125,103842.1015625
323522.8125,62063.0
337630.09375,16025.0
534761.375,67227.703125
310344.09375,73595.1015625
391288.1875,104489.0
331495.59375,65197.8984375
335287.1875,74206.0
537854.375,116705.1015625
532739.625,81591.203125
324519.1875,78334.296875
365393.8125,115404.5
290848.0,22021.5
343723.90625,113127.8984375
386923.5,100220.8984375
319003.09375,57791.80078125
545570.875,98825.1015625
496343.3125,81081.0
291129.3125,55498.30078125
547331.625,96885.296875
525132.6875,38762.8984375
412938.09375,154761.296875
305075.09375,23291.80078125
401529.40625,118951.703125
503337.1875,140937.0
323126.90625,58028.6015625
325824.0,58057.19921875
424329.1875,167342.5
352024.90625,92749.3984375
342000.8125,100326.796875
409724.09375,115043.3984375
409256.09375,114646.796875
558437.625,30790.099609375
299574.90625,37547.19921875
329312.5,73205.203125
322919.09375,74736.703125
334610.09375,65388.6015625
314013.90625,77924.8984375
412595.59375,130943.796875
287670.8125,56353.5
365248.59375,107474.703125
461982.3125,120887.296875
495914.90625,162987.90625
423649.90625,69000.8984375
482275.09375,110588.796875
315452.3125,19983.5
513297.1875,130098.203125
298534.09375,41563.80078125
287184.6875,15979.2998046875
305956.1875,17822.0
498660.09375,100148.1015625
417132.90625,91593.796875
359317.8125,33671.8984375
519293.09375,62026.1015625
492445.59375,100279.796875
391943.59375,28303.099609375
292618.09375,16146.2001953125
284663.90625,24641.0
435360.1875,155760.296875
267585.59375,75153.296875
469905.40625,86145.6015625
463795.40625,99359.3984375
449558.40625,138469.59375
351121.5,95586.203125
514766.40625,119987.8984375
546456.0,114894.8984375
333404.3125,81279.796875
372908.0,105279.0
323063.1875,40372.69921875
423596.90625,110749.3984375
428920.40625,161037.09375
456451.3125,156381.296875
394695.6875,280550.6875
321621.8125,121947.5
403386.6875,117101.3984375
549702.625,38740.8984375
295141.09375,19599.599609375
261181.40625,18197.30078125
287092.3125,63632.1015625
470301.09375,116396.203125
351248.09375,108559.6015625
362411.3125,107009.796875
382011.59375,99497.796875
518016.40625,84895.703125
386187.6875,82206.5
374470.40625,130726.5
394753.59375,88658.6015625
401747.59375,152814.796875
533695.625,44159.8984375
494161.0,150407.40625
290143.3125,16500.30078125
319728.0,47352.30078125
328867.40625,66557.3984375
294885.5,19613.900390625
390234.8125,77319.0
333343.59375,75301.296875
371911.6875,143444.40625
373638.1875,99385.796875
446412.09375,110319.6015625
510652.1875,129942.703125
468921.3125,117527.203125
303137.1875,58381.5
441213.59375,78115.1015625
370382.8125,52798.69921875
484698.09375,146997.296875
315858.90625,68170.1015625
465677.0,115185.203125
362909.40625,125576.0
295189.09375,16654.599609375
461521.3125,145361.09375
558483.125,27600.30078125
456574.59375,92578.8984375
342828.90625,83618.3984375
311202.6875,34415.19921875
336320.59375,46238.30078125
392990.40625,153943.703125
381384.6875,106577.0
300321.90625,91444.0
453943.09375,117309.1015625
279973.3125,25408.30078125
358231.59375,66807.796875
472835.6875,102333.6015625
346481.09375,57817.8984375
325280.1875,132164.296875
453724.6875,136666.203125
422578.0,95372.0
546194.125,92968.203125
334129.1875,73911.703125
532440.3125,50239.5
440073.6875,135433.40625
323963.90625,36633.30078125
539719.6875,145670.296875
481337.0,104648.6015625
508074.59375,85104.1015625
304046.1875,97023.0
408015.3125,83868.296875
392720.8125,125236.8984375
519957.8125,60255.1015625
300207.09375,63938.0
324609.3125,105409.3984375
524723.875,104545.8984375
268299.6875,20356.5
302446.59375,38298.6015625
554414.875,248307.90625
371555.6875,107513.296875
302930.09375,26473.900390625
424459.59375,156684.203125
513305.1875,72241.203125
498388.59375,110671.0
479336.59375,114269.703125
347505.3125,76591.203125
489234.59375,132711.40625
424176.3125,53068.30078125
333593.5,64786.80078125
548856.6875,21138.900390625
359200.1875,142592.703125
344692.8125,105426.296875
303276.8125,36430.1015625
323734.09375,24801.400390625
534103.0,93823.703125
459584.1875,143925.796875
296819.40625,14932.900390625
366662.40625,97497.8984375
309318.09375,58217.3984375
410477.5,103927.6015625
325882.3125,58793.0
316504.1875,36204.30078125
363717.09375,59629.5
567034.6875,53385.19921875
436928.8125,109250.5
453494.1875,30273.900390625
484020.8125,117552.6015625
361869.40625,77744.3984375
477089.5,80185.296875
386632.59375,132690.703125
269143.3125,13989.099609375
337750.09375,16845.599609375
365735.40625,124134.703125
454725.8125,80855.203125
258276.796875,77570.8984375
313507.1875,22531.19921875
414580.40625,106329.0
416566.59375,57410.5
552601.8125,59914.1015625
362113.6875,115915.203125
553070.5,66095.796875
380030.3125,125714.296875
438412.1875,135016.40625
432633.59375,127791.0
361711.8125,114905.796875
427563.09375,131832.90625
344314.09375,67572.703125
421169.5,108124.203125
365340.90625,90650.8984375
423350.59375,99048.703125
533865.875,30422.0
535969.0,138284.296875
436621.59375,143740.5
474516.5,166535.59375
311563.0,32414.30078125
350615.90625,124928.703125
442949.09375,139292.5
336076.40625,56083.19921875
492550.1875,130146.296875
304351.0,18063.0
287164.3125,83399.6015625
329446.0,120539.796875
288974.90625,26548.19921875
499424.90625,128413.703125
289582.09375,30360.400390625
305230.8125,87536.703125
315291.8125,48154.80078125
510760.0,132770.796875
419498.6875,125868.8984375
321580.8125,68739.796875
334028.5,64401.8984375
523655.90625,116016.8984375
311780.09375,18158.5
386999.3125,115820.203125
373043.40625,114330.3984375
362323.40625,81846.0
373210.1875,109576.796875
475529.09375,123676.0
354740.59375,180646.09375
359820.09375,74317.3984375
415954.90625,116253.203125
343244.40625,116565.296875
379345.6875,106907.796875
463216.1875,145800.203125
529682.125,83131.8984375
533889.1875,72158.703125
412371.59375,115297.8984375
541060.5,80469.796875
334754.6875,45036.8984375
320532.6875,126347.703125
477904.1875,143081.703125
428997.3125,117048.796875
323811.5,52515.69921875
543477.1875,94162.296875
347701.90625,86865.3984375
454421.90625,153751.0
421899.09375,130682.5
400824.40625,58639.8984375
503320.09375,61959.8984375
364941.8125,65729.5
365090.3125,96828.203125
322248.1875,16725.69921875
471557.09375,142854.09375
430528.8125,124109.3984375
416626.40625,83781.1015625
395907.6875,273441.5
380158.8125,123854.203125
332224.90625,63670.0
313399.59375,31751.5
391523.59375,100768.203125
338085.6875,87221.3984375
306339.6875,29496.69921875
409185.1875,142549.703125
368416.5,136612.796875
398950.09375,129935.0
301393.09375,19832.599609375
447606.90625,136835.703125
533759.1875,35426.3984375
358753.90625,79668.296875
506876.3125,124986.703125
502747.6875,123548.703125
283058.09375,27002.900390625
464093.59375,156177.0
487260.09375,111720.1015625
320575.3125,48114.6015625
381806.59375,83742.3984375
323955.09375,54783.19921875
357755.1875,132191.296875
412010.8125,95883.0
405209.90625,116484.0
416986.59375,114176.3984375
339833.5,132688.09375
378394.09375,216250.5
382408.8125,79028.8984375
429842.8125,105028.6015625
312851.90625,56398.3984375
516809.5,55021.30078125
299559.40625,78975.5
321443.1875,15718.2998046875
411944.59375,165136.5
362405.40625,83205.703125
401371.09375,112609.3984375
358342.09375,110712.3984375
308315.6875,76240.8984375
396275.90625,64460.30078125
402443.09375,125765.8984375
264475.5,88319.796875
552513.0,153217.796875
274124.3125,50753.8984375
499747.3125,193420.59375
565022.6875,24752.69921875
555320.375,119595.3984375
326370.90625,49596.0
433932.59375,116376.0
317126.1875,99283.796875
322045.59375,54621.69921875
410811.40625,112109.703125
391043.59375,116532.8984375
298792.40625,67526.703125
382195.1875,124866.203125
492373.5,125388.0
387470.0,114941.796875
358533.5,86837.296875
510378.1875,97338.3984375
465601.59375,157261.0
349798.59375,98164.0
331725.6875,45490.19921875
333096.09375,50049.69921875
519467.0,117468.203125
473465.8125,38531.30078125
382391.59375,119310.203125
384664.5,95680.6015625
387841.8125,25262.5
385672.6875,114862.296875
495520.6875,153579.203125
295241.09375,58506.5
476892.1875,224902.796875
284197.90625,28995.599609375
556681.1875,83243.0
515935.59375,186938.0
424906.5,145017.40625
536352.125,29932.900390625
332167.6875,61263.69921875
420757.6875,84551.8984375
321135.3125,57751.8984375
338415.5,61664.30078125
300813.40625,34976.0
431254.40625,123172.203125
462781.59375,64013.0
469478.6875,108652.8984375
519790.1875,96608.796875
436875.8125,97809.8984375
534525.5,72291.796875
419260.90625,144998.0
348126.1875,82450.296875
330340.8125,88503.1015625
523134.1875,97925.703125
334666.0,93525.796875
293966.6875,58876.3984375
354930.1875,108791.203125
440504.8125,123757.796875
292626.09375,50968.8984375
324474.8125,80239.6015625
549461.125,187457.203125
333511.5,84685.3984375
519967.90625,47643.3984375
505547.09375,171021.59375
269159.6875,45048.69921875
539248.125,20666.0
458298.09375,119268.1015625
523638.0,43545.6015625
415655.3125,100557.3984375
455492.6875,109260.0
539444.8125,37675.0
424316.40625,233125.5
317885.59375,67401.1015625
273253.09375,95912.8984375
521387.1875,23697.30078125
304192.59375,65791.3984375
285721.09375,41110.6015625
343213.59375,77656.3984375
486593.90625,153455.703125
437948.1875,153818.796875
353916.5,77585.5
351498.09375,83649.3984375
524753.0,120741.296875
312119.0,48704.30078125
311856.09375,90835.5
289679.40625,25970.30078125
436897.09375,95603.3984375
362578.3125,91774.796875
479834.3125,129833.5
265383.59375,51368.6015625
371998.09375,98294.703125
466495.59375,85589.5
351422.90625,82969.8984375
335248.8125,88162.203125
435570.90625,97877.5
316151.90625,44618.69921875
443051.09375,146561.5
405406.90625,192872.203125
547150.625,49929.3984375
512638.1875,140045.40625
291922.90625,14685.7998046875
311268.5,43961.1015625
427384.09375,67501.796875
339664.59375,80823.0
536599.5,37142.5
481759.3125,236039.09375
339770.59375,77988.8984375
399622.90625,198358.796875
389350.09375,146834.203125
309961.09375,33982.30078125
294006.8125,48688.8984375
312287.0,17598.099609375
433308.90625,160652.796875
450265.6875,159534.59375
296886.90625,37663.5
496093.09375,113307.203125
373497.1875,107512.703125
481283.59375,166624.0
335580.90625,44934.30078125
437301.40625,124540.6015625
433062.09375,125045.1015625
300143.6875,41943.19921875
488529.09375,114586.1015625
504615.1875,21676.0
346568.5,142994.5
322160.59375,21220.400390625
465396.09375,137325.90625
331991.8125,65018.30078125
495860.90625,93290.203125
307969.59375,71685.1015625
322381.6875,57461.5
448373.3125,128280.703125
523340.59375,159389.296875
388814.5,75507.5
479464.09375,108746.703125
437496.0,121864.703125
310112.0,35686.0
396100.5,115613.3984375
321200.5,67594.6015625
502410.5,160662.5
400990.3125,125838.703125
557634.5,85241.203125
566874.125,49129.1015625
468890.40625,45500.80078125
390806.6875,23399.099609375
566741.125,39574.19921875
481276.1875,177663.796875
451099.09375,119879.8984375
301842.3125,25443.0
362919.3125,22758.69921875
439285.5,303431.09375
508640.09375,142837.296875
421971.09375,140593.0
327538.8125,76500.6015625
318019.3125,85794.5
465489.59375,176857.296875
305936.90625,39455.69921875
344035.8125,213003.703125
363636.09375,73928.6015625
401782.6875,113614.0
262987.3125,104086.203125
428880.3125,185439.203125
351420.09375,83872.796875
561744.625,28162.80078125
320394.5,60395.5
314463.09375,134637.90625
303522.8125,51894.30078125
512099.3125,91029.3984375
304716.09375,68441.703125
381266.0,104899.5
304732.6875,39172.69921875
504984.3125,165237.40625
395500.5,190835.203125
416330.0,130129.8984375
453950.90625,104927.1015625
490815.8125,56527.69921875
311665.6875,83112.3984375
490233.5,149546.0
303782.6875,18222.400390625
442835.40625,131557.296875
519204.09375,72334.1015625
302928.90625,33862.5
378763.3125,83088.703125
335287.09375,89953.6015625
396993.6875,117203.296875
351376.59375,121301.6015625
419831.3125,207750.703125
468318.09375,107105.203125
502525.3125,117832.0
460255.8125,139358.203125
308189.59375,19590.900390625
411866.59375,101872.203125
388986.8125,123615.3984375
466776.6875,170296.0
268788.5,54688.0
507986.90625,114841.203125
502868.40625,109225.6015625
387996.8125,84927.703125
292257.0,29093.5
332240.09375,72415.6015625
370176.40625,66506.796875
288143.40625,44043.0
449111.90625,139148.703125
375310.09375,107973.3984375
390965.3125,95203.203125
417096.09375,124872.6015625
277113.09375,124883.296875
531991.0,32742.5
361814.59375,84020.703125
394420.3125,119181.6015625
421007.8125,137356.0
315884.59375,50319.1015625
287047.3125,13580.5
548601.3125,78926.703125
314380.59375,30213.599609375
455109.09375,112642.796875
453698.6875,161364.796875
431755.09375,119726.8984375
320634.8125,62214.6015625
325683.3125,68616.703125
504176.09375,138477.90625
502569.90625,59257.30078125
393441.8125,115148.296875
540869.8125,23332.400390625
447316.0,142688.703125
455014.09375,107869.203125
297222.09375,28770.19921875
483291.3125,76315.8984375
311131.5,95034.1015625
403201.0,212352.703125
342631.09375,79578.1015625
483585.09375,80087.8984375
439223.3125,154257.203125
435063.09375,84457.5
370155.5,63018.0
484193.59375,127174.203125
551700.3125,53919.6015625
542738.875,76638.203125
411967.5,123769.1015625
500228.09375,126497.1015625
380038.8125,138209.09375
564798.8125,93348.703125
389783.8125,119413.796875
346604.8125,93295.8984375
497467.0,108802.203125
300827.09375,18455.69921875
369958.90625,80426.203125
299158.8125,45106.19921875
413817.1875,129362.3984375
361282.09375,127336.6015625
342712.90625,71342.8984375
360899.09375,88368.0
351749.6875,94954.296875
465558.90625,133943.296875
446271.6875,134470.796875
452686.09375,141941.296875
326423.1875,18690.69921875
466859.40625,84862.203125
356632.59375,97932.3984375
337082.59375,92409.6015625
359979.3125,138338.703125
307482.59375,18151.099609375
470002.59375,148925.796875
380574.1875,90851.296875
260736.5,74494.0
307029.09375,20267.69921875
363491.3125,110276.5
281512.3125,46166.69921875
527859.375,70043.796875
315402.3125,29884.80078125
310140.3125,15360.900390625
548423.125,50497.19921875
404662.6875,133122.703125
357016.40625,81496.203125
308056.3125,64123.69921875
476444.90625,92077.203125
353459.6875,77335.296875
487381.59375,83839.8984375
391923.3125,111909.0
497035.40625,141071.296875
494050.09375,77956.203125
324923.59375,51666.30078125
535658.3125,72467.296875
553398.625,109142.6015625
329850.0,61654.1015625
325631.3125,34017.69921875
458287.09375,174968.09375
431857.09375,132690.796875
344241.59375,54489.19921875
278822.8125,43069.6015625
381886.59375,75254.6015625
294384.6875,16047.7998046875
324213.40625,48185.1015625
513312.0,107176.5
435265.09375,129331.5
562116.5,35725.80078125
362663.0,98475.8984375
553798.875,22023.599609375
520474.5,106906.703125
461485.3125,128801.296875
388876.59375,89625.703125
327974.5,65415.5
399577.09375,96649.1015625
472763.09375,112685.8984375
490251.1875,128981.3984375
366879.09375,145789.59375
457243.40625,155267.203125
327928.6875,91278.796875
462226.3125,110350.8984375
287138.5,34843.30078125
550549.375,99771.6015625
444392.59375,105418.8984375
307890.59375,56512.8984375
305544.1875,19665.30078125
524130.40625,88195.1015625
299691.90625,13427.7998046875
335145.6875,79182.796875
314458.1875,52584.80078125
396615.0,127192.5
303891.09375,38275.0
357515.8125,65551.3984375
325287.5,114292.0
323422.09375,27661.80078125
442195.59375,97984.703125
440076.0,165989.5
442600.59375,122219.6015625
297062.09375,31727.69921875
354347.1875,53823.8984375
506639.8125,103421.3984375
534577.375,89780.6015625
324198.90625,55995.8984375
297130.8125,62706.5
340526.90625,86412.0
330008.0,108663.6015625
294761.6875,64478.30078125
314635.8125,42734.5
345889.5,83941.3984375
536964.625,99156.3984375
363926.6875,87988.296875
379085.90625,116490.203125
502422.6875,83293.796875
450278.09375,96070.0
321950.3125,56636.3984375
311247.3125,80696.3984375
390839.5,112602.296875
308392.90625,55976.1015625
525860.1875,96230.296875
370228.90625,70194.3984375
549832.625,35818.3984375
269081.59375,32599.599609375
394337.59375,151063.90625
511942.90625,133284.09375
489761.90625,122519.796875
354465.59375,94276.0
283723.3125,66369.8984375
271673.3125,90347.3984375
517962.40625,75142.6015625
451827.5,141289.40625
458499.40625,172397.40625
280200.59375,44905.80078125
294001.40625,23217.099609375
431689.0,152164.796875
475697.40625,111761.796875
499034.5,152043.59375
406936.90625,86981.6015625
552104.6875,55301.5
472466.59375,172067.0
320999.09375,36229.69921875
476777.5,158803.296875
321601.59375,69284.703125
487942.3125,64845.0
298806.0,61962.5
305576.6875,43693.3984375
423119.40625,118898.0
406319.09375,196729.09375
452659.59375,150505.90625
487559.90625,139799.40625
245435.90625,43152.80078125
289064.6875,28615.30078125
369187.0,115299.5
368492.59375,111224.0
461985.6875,109613.3984375
406235.0,157374.796875
572738.0,25990.0
517821.6875,154055.296875
322072.40625,43186.8984375
469833.90625,145817.09375
342264.40625,86237.8984375
250268.40625,12282.7998046875
319663.3125,53993.8984375
312782.90625,29841.900390625
434409.1875,116780.3984375
285950.3125,31240.0
455966.5,105504.0
344491.90625,83035.5
438915.0,131077.90625
430552.5,112588.0
504607.8125,184365.5
540003.6875,102733.203125
511657.5,94158.796875
322557.1875,60321.8984375
311224.09375,33279.8984375
253992.40625,33710.3984375
366091.40625,94611.296875
489046.6875,118827.796875
457197.8125,116202.8984375
501246.8125,116786.8984375
312950.40625,37540.1015625
387812.0,123868.3984375
370124.6875,102861.8984375
378353.59375,133027.09375
434560.1875,122840.296875
413004.3125,91502.3984375
416407.6875,67972.296875
435019.40625,98577.6015625
477486.5,149687.296875
290674.5,31613.5
308305.59375,57535.6015625
394007.6875,88630.703125
524649.375,36362.1015625
480723.90625,87558.3984375
407491.0,225107.296875
317356.59375,73698.703125
388875.3125,238982.796875
564494.875,24080.5
388764.0,102556.703125
334050.09375,80733.8984375
297804.5,34561.5
432299.8125,154121.0
314933.0,49049.80078125
449238.5,120674.8984375
552119.125,79292.3984375
367601.90625,133994.703125
258322.40625,31105.80078125
545124.3125,35707.8984375
472271.40625,106532.6015625
544215.0,26382.900390625
569662.125,35326.80078125
363473.90625,129025.6015625
300017.90625,32462.599609375
349637.40625,31842.599609375
389235.1875,104714.296875
378317.09375,102688.5
325769.3125,55500.3984375
395553.0,40006.30078125
434519.90625,183881.40625
535452.875,78664.6015625
397424.0,210545.203125
535446.375,28678.099609375
468262.8125,124426.296875
487669.09375,135395.09375
329548.5,77812.6015625
513708.6875,78325.703125
300421.1875,17405.0
445967.09375,129958.5
316691.40625,90547.8984375
276162.8125,46865.0
307414.6875,29221.900390625
481421.8125,142076.296875
443584.8125,111883.0
404857.5,66282.8984375
350784.8125,99144.5
301877.0,50660.8984375
468277.0,163160.796875
465237.5,125558.8984375
539394.625,104834.203125
513986.6875,103199.8984375
284143.40625,15209.7998046875
491505.6875,129699.8984375
469445.09375,102010.1015625
390658.1875,129139.796875
436018.6875,91612.796875
302083.0,14020.7998046875
552789.6875,23318.80078125
490791.90625,97193.1015625
487844.40625,141226.09375
434473.09375,114117.8984375
352960.09375,72762.1015625
300657.1875,53383.30078125
329764.40625,85185.203125
484878.90625,134852.296875
439979.8125,130603.8984375
466569.3125,108270.8984375
347121.0,83337.5
342968.6875,82762.796875
300155.40625,46714.8984375
503498.59375,172451.796875
564447.0,32137.19921875
316297.40625,37215.1015625
424824.5,116969.796875
462612.0,90325.5
434138.5,161065.59375
283904.09375,40878.6015625
324089.90625,66071.796875
353345.1875,103834.703125
348004.59375,90003.0
305081.40625,14034.900390625
462367.90625,156807.796875
492755.6875,168690.90625
302731.5,40401.6015625
339592.8125,77678.0
432283.1875,158334.203125
352216.40625,80597.8984375
445402.90625,108413.1015625
375174.1875,73583.796875
370060.09375,67871.0
501581.8125,118395.3984375
239469.203125,22690.900390625
546240.375,32464.900390625
280610.40625,16478.69921875
325868.90625,42122.80078125
522967.6875,30879.80078125
302736.5,33375.5
521882.3125,52613.3984375
333474.0,58201.0
421015.1875,124265.296875
283710.40625,76550.1015625
539324.5,186556.203125
364087.09375,122134.203125
438410.5,140160.59375
386994.90625,131529.09375
363168.6875,139603.5
377240.1875,92196.703125
419368.90625,155545.703125
502778.90625,74682.8984375
421712.8125,133408.5
435190.59375,189879.40625
310874.40625,47608.8984375
301918.90625,65286.30078125
312093.6875,13667.7998046875
277911.5,64737.0
290676.5,17059.30078125
267077.40625,126783.1015625
521305.8125,128083.203125
401672.1875,178952.09375
458849.3125,38304.69921875
458340.8125,122568.703125
394643.40625,112268.8984375
316548.1875,56934.69921875
340073.3125,65986.203125
261311.0,45694.19921875
408439.40625,75756.5
289229.3125,13704.400390625
350193.59375,61204.80078125
355100.5,70348.703125
548808.6875,35615.1015625
310428.1875,37844.3984375
445956.09375,158436.703125
333123.3125,43954.0
298680.90625,20038.69921875
302568.40625,35905.6015625
363615.09375,76281.703125
322391.90625,39176.69921875
311475.6875,52946.6015625
316552.0,64509.1015625
422739.1875,101306.5
321960.1875,29274.099609375
521133.8125,145241.796875
394277.3125,273187.6875
353873.6875,31555.69921875
365909.59375,133055.796875
322946.09375,70625.1015625
396650.09375,102523.5
525524.125,116069.203125
328681.1875,113738.203125
493871.09375,98205.296875
407801.09375,145604.703125
418857.8125,143312.296875
343571.8125,246076.09375
376634.90625,95791.5
309506.40625,97652.203125
461602.09375,164775.296875
336998.59375,66239.203125
371328.90625,98187.5
310552.8125,61874.80078125
339311.8125,78772.203125
341330.40625,28225.900390625
320651.1875,90787.5
464271.3125,177804.203125
358639.90625,110373.0
301183.3125,15428.7001953125
478351.8125,149219.59375
334559.3125,95137.203125
290469.0,29565.099609375
379907.3125,102303.703125
553547.1875,58732.5
382758.40625,138223.90625
320248.0,47661.1015625
440374.8125,117408.703125
320605.0,57040.0
425256.40625,124852.0
521041.90625,150156.296875
538125.125,77142.296875
408170.0,129054.203125
507332.6875,128552.8984375
446537.09375,161577.703125
440205.1875,91024.203125
383654.40625,110749.6015625
261085.796875,75550.796875
304082.09375,29116.19921875
415673.90625,128278.5
509564.1875,167171.203125
331117.09375,51265.69921875
311403.90625,76849.6015625
388740.1875,84920.796875
480786.59375,171238.796875
340076.59375,82070.203125
409553.6875,125558.203125
485398.0,93707.203125
349239.90625,72992.0
350402.6875,63898.6015625
542397.0,78600.5
489028.1875,156603.5
432533.0,129817.6015625
517798.5,78415.203125
491392.90625,84166.8984375
312162.40625,18027.5
300217.09375,42972.19921875
277395.5,59874.1015625
416264.6875,95536.0
305602.90625,57145.3984375
461715.5,146362.59375
307578.3125,50962.19921875
244731.5,66963.203125
344387.59375,78560.296875
411170.40625,80387.5
288398.59375,35095.30078125
352494.59375,91887.5
363665.1875,80171.1015625
364315.8125,87715.5
462343.90625,56980.80078125
282822.90625,12931.7001953125
291435.59375,31434.30078125
389620.09375,98400.796875
462969.09375,91676.203125
511599.40625,83140.0
558462.6875,29178.69921875
251330.40625,47976.5
384654.1875,100729.1015625
339610.3125,87115.203125
472140.1875,133930.0
471014.6875,143734.0
269361.0,24221.599609375
323954.09375,64590.69921875
511685.8125,131705.59375
496284.8125,244708.703125
338218.5,76191.1015625
506184.5,131827.59375
547281.0,80522.703125
459362.09375,101651.296875
560516.875,32641.400390625
471810.0,131378.0
547696.375,191214.5
421445.90625,155053.296875
444475.09375,119672.296875
341583.09375,84259.1015625
375451.59375,120318.0
394220.90625,118407.296875
520418.6875,48103.8984375
321053.1875,19774.69921875
331424.09375,42278.80078125
396782.40625,97918.296875
504900.8125,141871.796875
429327.6875,131299.203125
398000.3125,111336.5
311735.59375,54775.69921875
471834.6875,115146.1015625
335893.8125,69857.296875
529112.8125,55226.6015625
489637.5,73477.1015625
370594.0,119912.6015625
399945.5,123897.5
333688.3125,61504.19921875
407100.5,132109.703125
408443.09375,135423.796875
376558.0,73780.1015625
287800.5,22117.599609375
432746.0,141983.59375
292274.40625,15103.5
316494.5,37750.5
335200.40625,70423.296875
540903.125,98135.6015625
311711.6875,48297.1015625
565943.3125,101433.3984375
329909.3125,72167.0
433150.40625,126795.796875
363746.40625,74948.5
388570.40625,115379.203125
381855.90625,211600.09375
366668.5,163006.59375
341456.09375,74385.703125
528305.375,42004.0
481405.5,100244.203125
529246.375,80703.0
499332.6875,99092.1015625
471175.09375,162953.296875
313706.1875,85458.296875
332810.8125,65436.19921875
310049.59375,57196.69921875
283788.8125,20743.099609375
396515.0,151582.59375
409922.8125,130978.703125
484659.6875,145954.703125
351535.90625,92075.0
388932.1875,126676.0
320676.90625,68441.3984375
550012.1875,45515.5
319837.5,39554.1015625
442357.0,109840.1015625
299827.09375,64917.30078125
330520.90625,38980.0
304431.3125,50543.3984375
329737.90625,82790.5
296474.90625,24789.80078125
494301.40625,129036.796875
305032.09375,45679.19921875
521814.1875,129219.703125
387094.8125,99490.5
283420.59375,52755.30078125
323600.40625,72673.796875
528573.125,49735.69921875
328797.3125,90175.0
505192.90625,133124.203125
356937.90625,100757.6015625
378219.59375,115900.203125
559911.875,39049.69921875
519110.6875,103739.203125
463273.0,155108.203125
334485.59375,38949.19921875
341870.90625,66414.3984375
376622.40625,133430.40625
532284.375,100223.5
376335.5,101177.0
367206.8125,69984.203125
471900.59375,136688.703125
272990.1875,28317.599609375
405318.5,135227.09375
400302.8125,145072.203125
484455.6875,83744.203125
309217.0,89362.1015625
480722.40625,27883.80078125
449395.3125,66624.796875
331053.59375,57794.0
375880.09375,173581.203125
367818.8125,20226.900390625
413288.3125,84799.5
322368.09375,58931.69921875
342922.8125,86469.796875
337858.90625,51270.0
294100.6875,71614.703125
512631.40625,113835.203125
320754.90625,44164.0
374520.5,97264.203125
294080.0,56164.1015625
318439.5,48692.5
321777.5,73074.1015625
383586.8125,129913.703125
365635.59375,122201.796875
371785.5,99365.5
455653.90625,129683.203125
541178.625,71903.0
314515.90625,42927.6015625
311034.09375,60179.30078125
318077.8125,70942.296875
507047.1875,91346.296875
294399.59375,90609.3984375
357498.09375,130115.8984375
396962.40625,111992.3984375
373273.40625,229566.5
523475.1875,131081.59375
306082.3125,13744.900390625
362087.40625,109869.703125
385414.09375,111972.8984375
381041.5,97845.796875
355452.59375,76395.703125
353638.3125,86587.703125
504086.5,124057.796875
514158.0,108044.0
405599.59375,128197.1015625
327032.6875,105063.203125
370652.5,83612.8984375
379843.90625,94276.703125
352693.09375,85230.296875
394632.59375,114666.203125
505549.3125,177030.5
546654.5,66057.296875
319134.3125,81792.6015625
423676.59375,147493.09375
443055.6875,133310.203125
539984.625,47775.30078125
307389.1875,31354.599609375
497985.59375,135795.90625
304254.8125,72156.1015625
344091.09375,105803.1015625
413607.3125,152315.796875
486507.5,117720.296875
481236.90625,157698.703125
417841.90625,149726.0
303361.3125,34918.3984375
525546.3125,119330.5
343538.8125,76084.203125
346771.40625,100421.6015625
538837.875,90746.703125
327483.09375,73773.296875
529287.3125,116722.3984375
408425.09375,132770.203125
480535.8125,114333.5
446276.6875,117090.203125
332955.90625,103487.203125
430239.8125,58704.3984375
377008.09375,187335.296875
324909.09375,74422.703125
396823.3125,108127.703125
508303.8125,126834.1015625
419196.3125,114780.296875
323082.0,65845.296875
286592.5,38667.8984375
413507.8125,139269.203125
328831.09375,68273.703125
298458.5,20923.69921875
464499.3125,114168.3984375
330798.8125,84060.0
425902.1875,127962.1015625
380197.5,101741.296875
288097.90625,55855.1015625
513522.3125,72549.296875
467650.3125,142519.203125
333954.5,92369.5
338456.6875,64696.19921875
268810.5,49759.3984375
449120.09375,156007.296875
556146.125,42120.80078125
379244.09375,116220.1015625
395318.59375,99280.3984375
330405.59375,87263.3984375
289908.8125,33772.1015625
314868.0,29492.30078125
321573.6875,37328.30078125
449253.40625,103614.8984375
453509.1875,109153.1015625
551546.375,87167.703125
301546.0,38192.1015625
464638.90625,87915.5
444841.5,122861.703125
422546.3125,106068.703125
341630.3125,77583.5
443582.8125,97007.8984375
346911.3125,95071.0
471711.90625,116604.6015625
442510.5,139221.296875
479422.59375,113284.703125
411971.5,71637.5
343500.90625,70855.8984375
471180.90625,151341.59375
465439.8125,162813.90625
401345.09375,147790.296875
442693.09375,100649.6015625
316888.6875,84834.796875
469261.09375,135536.90625
437508.09375,79805.796875
328415.59375,14185.2998046875
554273.1875,120047.1015625
364928.8125,75994.296875
403639.8125,109471.203125
305597.5,44162.1015625
302939.8125,21120.599609375
362327.8125,106044.1015625
570327.1875,29052.80078125
331163.90625,98043.8984375
531810.6875,149713.59375
560564.0,42643.19921875
337063.3125,66028.5
400226.3125,84294.703125
319397.59375,14014.0
364149.09375,109594.203125
492096.59375,183017.40625
455187.0,100179.796875
445433.8125,101268.1015625
478329.3125,121939.1015625
402972.59375,127865.6015625
393659.0,159185.5
339253.40625,108809.703125
328516.90625,73165.6015625
510226.09375,115103.796875
528319.3125,45702.3984375
572751.125,35022.30078125
505132.59375,135326.40625
382240.5,100745.296875
409984.3125,151137.59375
337462.1875,86705.796875
298794.5,54737.69921875
480877.5,23306.099609375
503476.40625,91819.5
411508.8125,78596.203125
484270.1875,154885.59375
403850.40625,122556.703125
295163.40625,53826.6015625
401662.59375,183647.296875
448006.09375,121126.796875
485572.1875,128357.1015625
468935.09375,140951.203125
462246.8125,96848.296875
276429.8125,108425.703125
495742.59375,130098.8984375
287965.0,19044.80078125
382522.8125,107910.6015625
476563.3125,293886.59375
487726.09375,163033.0
301175.40625,95094.8984375
485967.90625,130461.6015625
380883.59375,122116.296875
306257.5,68027.1015625
353936.8125,67368.6015625
277232.09375,24310.599609375
305809.5,15632.900390625
249431.703125,109885.6015625
373838.90625,94858.203125
315302.8125,46415.69921875
452868.3125,123171.703125
389959.8125,122523.0
351531.5,115821.8984375
533552.3125,109060.203125
398929.40625,130524.6015625
387963.09375,157976.296875
396995.1875,120962.6015625
284639.1875,16632.69921875
375786.90625,140163.40625
528596.0,37992.8984375
464267.90625,110681.203125
573416.625,43411.80078125
548105.125,105154.203125
419559.09375,97814.6015625
299096.1875,71761.296875
383416.5,82146.796875
354961.09375,140906.09375
554310.8125,31098.80078125
529643.6875,62584.1015625
364836.0,90721.703125
345448.59375,93291.703125
533852.5,64153.19921875
494429.3125,170951.203125
353328.3125,79727.8984375
346820.3125,57255.0
545755.6875,48422.6015625
333792.40625,80582.703125
335819.40625,80090.703125
398677.90625,89762.1015625
434950.6875,149032.09375
298021.3125,45321.69921875
332463.5,53279.80078125
282341.90625,48342.8984375
434521.59375,154601.59375
486659.8125,58135.30078125
437638.5,69098.796875
306895.90625,117592.8984375
514164.59375,111698.796875
507501.3125,103722.796875
557823.0,91999.5
530652.625,151226.40625
317065.8125,43724.69921875
322878.0,60505.30078125
386645.3125,117620.203125
270026.09375,16999.30078125
313443.40625,36427.3984375
477430.09375,93179.0
243096.203125,73357.203125
362112.40625,88082.796875
406401.3125,154452.796875
369625.5,105612.796875
359403.59375,65712.6015625
531955.625,27821.80078125
357417.90625,65861.0
527125.375,150745.90625
333477.09375,65513.69921875
366175.1875,108404.8984375
287458.6875,28730.30078125
370521.3125,140604.296875
534158.0,134741.5
384662.3125,159026.90625
401991.8125,110435.5
360645.1875,76861.703125
302554.5,16718.69921875
419529.8125,143873.40625
340054.3125,99065.703125
341222.59375,84506.0
326378.3125,83770.5
531457.625,67080.5
369141.3125,129797.8984375
373255.3125,116894.796875
496990.0,193747.796875
361760.6875,103521.203125
287603.40625,36376.5
557527.125,52547.30078125
570007.0,37557.3984375
418494.6875,146481.90625
488948.09375,124201.796875
470066.3125,143812.5
518270.8125,102242.0
465770.8125,97543.0
292221.8125,35239.19921875
315225.3125,74310.703125
430225.90625,114534.296875
530670.8125,67450.296875
431702.5,102403.203125
536278.125,147024.90625
527023.5,55494.80078125
249838.0,30436.80078125
288105.6875,53692.0
303956.90625,57068.19921875
374090.0,115092.5
537754.3125,159618.203125
457243.90625,142572.796875
387569.5,138432.796875
458026.6875,171279.703125
311616.1875,46147.3984375
530397.875,49697.8984375
318800.8125,63635.8984375
525166.875,39360.8984375
447409.1875,58279.3984375
424513.40625,117030.6015625
289667.40625,14043.900390625
450744.09375,127122.703125
441731.40625,59094.1015625
310751.1875,18690.400390625
414477.8125,103921.5
495432.59375,37862.8984375
426518.8125,128772.796875
471120.5,151131.703125
371952.09375,139132.90625
313032.8125,29012.400390625
412676.8125,232375.703125
330351.90625,45125.80078125
294372.6875,47765.5
434346.3125,95490.0
305660.90625,26332.19921875
368580.3125,91361.8984375
294132.3125,24865.5
541358.375,47214.30078125
536105.5,104503.796875
440103.3125,158069.296875
372752.1875,93172.703125
327582.3125,56926.5
410376.09375,136007.0
413324.6875,127690.203125
330157.8125,68608.3984375
541182.375,32118.30078125
346503.8125,104280.796875
543171.5,138891.796875
337286.59375,74381.6015625
334173.09375,135716.796875
332915.40625,66092.1015625
513599.40625,57739.0
414915.90625,94518.203125
511252.3125,71898.1015625
282117.0,14390.900390625
289072.1875,61082.80078125
280339.59375,53340.30078125
364430.09375,133106.296875
337866.3125,83032.0
319389.09375,56048.5
489946.3125,101289.3984375
316186.8125,62752.0
318450.0,100141.1015625
538924.6875,62366.5
430836.5,97969.203125
265919.0,32719.69921875
504354.09375,57246.8984375
506387.8125,105271.703125
278334.09375,14854.7998046875
527202.1875,120475.5
369441.8125,72925.0
489949.59375,69814.0
343117.3125,114999.3984375
420172.3125,224642.296875
380278.0,122401.703125
320346.09375,78016.3984375
419894.40625,117047.796875
545078.0,86160.296875
431740.6875,114287.8984375
477609.3125,137193.90625
572473.6875,33449.19921875
423104.09375,81900.1015625
456545.59375,90905.703125
426826.8125,107109.703125
404745.1875,129070.296875
485279.09375,256432.296875
263076.09375,23234.5
296392.1875,15457.7998046875
410616.5,136327.09375
357096.90625,59964.6015625
457892.0,185257.0
315450.0,66236.703125
274511.59375,17710.400390625
547087.8125,41508.69921875
515687.59375,111827.796875
292712.1875,65159.0
332905.1875,61247.69921875
529147.5,81000.0
363169.8125,103306.3984375
309496.90625,22591.80078125
468064.0,146364.296875
359049.1875,125384.0
281652.8125,117110.296875
446528.40625,136659.90625
355736.1875,98787.703125
359394.0,92585.296875
268362.40625,52097.3984375
307699.6875,42867.3984375
454130.40625,169579.296875
340798.40625,87521.1015625
373655.90625,75996.5
352295.40625,91641.203125
417376.0,149265.296875
490107.90625,153886.09375
305007.09375,19278.30078125
425915.3125,97506.703125
533068.8125,53679.19921875
439274.90625,170483.296875
247409.09375,69258.296875
301562.1875,90667.703125
374457.40625,83706.703125
325882.40625,59483.3984375
408705.5,71796.5
528068.3125,170973.5
544397.5,27014.0
520677.1875,90112.703125
513066.1875,107131.5
440435.0,280123.0
321578.8125,83376.6015625
328126.09375,73084.796875
322044.5,45105.5
284589.3125,20270.0
291324.6875,16771.599609375
487424.40625,67429.203125
431866.8125,108409.796875
256346.203125,50787.1015625
274334.8125,63516.3984375
329057.3125,52616.30078125
401565.59375,114874.703125
409178.8125,80824.203125
402147.90625,102303.3984375
521668.5,65196.69921875
540634.625,62753.1015625
289489.1875,19978.099609375
349413.1875,59514.0
287664.59375,28548.19921875
549703.6875,48720.5
316542.3125,159680.0
464995.1875,174692.703125
352619.5,77829.0
351208.1875,97735.5
310239.0,66141.0
492498.3125,56396.6015625
289858.6875,19913.400390625
545847.3125,94500.0
553466.0,46035.5
376251.3125,59672.0
552215.6875,57205.0
434443.0,95285.796875
394324.09375,117352.296875
362964.1875,106606.3984375
373704.40625,92096.703125
394366.1875,116140.6015625
308384.09375,35645.69921875
397828.8125,88707.0
511605.8125,115307.296875
432386.40625,134613.40625
516702.3125,65650.296875
264129.1875,77138.8984375
315149.09375,44154.3984375
355716.09375,82817.1015625
312142.1875,13806.099609375
514919.90625,117659.3984375
295450.59375,35531.69921875
488140.90625,70232.296875
304785.8125,113104.203125
450537.3125,84159.3984375
548001.8125,64245.5
302654.3125,31427.30078125
270745.1875,26688.0
349150.3125,99369.5
384067.6875,107135.203125
490018.5,112970.0
265169.0,16931.0
553907.1875,21509.0
315314.0,41670.80078125
319952.59375,128859.796875
343470.0,86807.5
357943.5,89322.5
349913.6875,162035.5
290559.3125,29055.0
401369.3125,147523.203125
529968.0,135060.5
383994.0,88490.796875
406586.1875,84544.8984375
411736.0,92977.5
553797.1875,52301.1015625
465513.90625,175168.203125
316605.5,18828.5
314530.6875,61161.1015625
311434.40625,68578.796875
502486.90625,205946.90625
284437.59375,30083.30078125
346193.40625,137314.796875
369410.40625,98650.796875
320582.6875,93062.1015625
532446.0,33510.6015625
446822.59375,25878.19921875
306694.90625,48196.30078125
230934.296875,15302.2001953125
301594.09375,21452.19921875
327938.0,39068.5
349828.8125,14833.0
351610.8125,62249.19921875
422064.6875,156903.703125
352978.5,87801.5
422139.6875,124445.703125
328516.5,82101.0
406501.3125,136530.203125
411944.3125,195221.59375
394265.3125,95286.6015625
544902.6875,110883.3984375
507928.3125,74837.0
552714.3125,50270.5
317480.1875,32667.69921875
323064.1875,95443.703125
468313.0,200500.0
531370.3125,103688.203125
502069.0,43048.0
379405.09375,103107.796875
339465.5,66725.0
574637.6875,82862.6015625
527907.375,142318.203125
307502.3125,38122.3984375
278174.09375,68207.8984375
416807.0,82488.0
411560.8125,152197.40625
526958.625,135891.703125
383316.3125,125776.296875
434702.90625,131658.296875
311923.1875,117666.8984375
491064.6875,69034.1015625
448229.6875,114603.5
373032.3125,80114.703125
513799.3125,119253.3984375
329382.8125,96539.203125
484520.8125,91753.796875
312098.3125,98412.8984375
314997.5,44575.0
336843.8125,91676.5
259423.296875,42400.5
315599.0,56790.5
508801.6875,51911.69921875
318313.5,117955.5
416689.6875,151313.0
420112.5,114790.0
506891.8125,124018.703125
421837.8125,96986.296875
298786.90625,46592.6015625
335090.3125,95135.703125
508017.5,122385.5
314371.0,78152.0
330397.8125,49713.19921875
268127.09375,53654.30078125
452276.8125,110300.6015625
338553.3125,69524.3984375
432084.59375,144932.40625
397593.1875,52274.19921875
549803.0,82851.5
448321.0,78085.796875
367124.0,74915.1015625
513927.40625,130606.8984375
504290.3125,100911.296875
423358.90625,134546.796875
295150.40625,25145.400390625
293142.5,73339.203125
403436.09375,98293.8984375
366264.09375,112655.6015625
461846.1875,188693.5
441654.3125,18457.69921875
457433.8125,137732.5
558433.3125,50878.19921875
510758.6875,132972.203125
337061.1875,90346.0
516634.5,34604.0
391301.3125,118218.1015625
243177.09375,14150.7998046875
352038.8125,71630.0
444304.3125,136605.40625
323571.6875,50525.5
306467.8125,29645.5
287495.6875,50865.19921875
311186.5,28182.5
271365.3125,24333.69921875
416671.3125,90957.5
324391.09375,49284.8984375
396249.8125,109375.296875
472372.6875,172845.203125
390587.90625,136335.296875
318604.0,68217.296875
448300.8125,147218.40625
296801.5,18531.099609375
326567.3125,42412.30078125
539632.8125,28480.30078125
504118.90625,28176.80078125
487776.6875,47054.3984375
411281.5,150997.703125
282658.59375,55595.8984375
485721.0,177840.90625
466591.09375,159952.09375
536635.375,20815.900390625
419850.3125,73695.796875
475744.1875,134435.0
470840.8125,196984.5
305463.3125,134758.703125
376651.5,107187.0
315281.5,15907.5
408063.6875,152951.0
493266.0,130916.5
548068.0,20787.5
512730.5,162000.5
351734.6875,59044.0
387103.8125,142574.0
345683.1875,108205.203125
508002.1875,108136.703125
482009.5,115510.0
318652.8125,51050.19921875
317704.0,37097.30078125
483522.5,116756.5
393917.8125,135407.09375
370014.1875,90784.3984375
482910.3125,172067.40625
512374.6875,110073.6015625
535253.375,62933.80078125
398664.0,173288.296875
298730.8125,48437.5
436344.09375,121481.203125
306733.40625,42419.3984375
345749.8125,109400.796875
326213.5,45370.19921875
289721.3125,71102.0
500259.1875,105673.5
552323.5,23778.0
244201.296875,88305.203125
293304.6875,43280.1015625
280820.3125,32581.0
393159.5,111622.5
472221.3125,95945.203125
334381.0,95998.0
462833.3125,108915.1015625
344601.1875,65060.8984375
297434.3125,92673.5
314579.8125,32630.400390625
333293.3125,106497.296875
333720.6875,60266.19921875
357784.90625,83504.6015625
332116.5,118869.5
507201.59375,80431.703125
308415.5,25650.599609375
485127.8125,153261.296875
588434.375,65043.8984375
330569.40625,65191.30078125
377441.40625,114628.1015625
463546.6875,148412.40625
386521.5,120825.703125
372013.8125,159471.796875
347460.59375,35635.1015625
519778.90625,70906.3984375
581029.875,22484.80078125
240364.203125,33540.3984375
365791.90625,82593.5
500142.3125,116272.0
337124.8125,121305.703125
547865.3125,55880.0
505869.3125,91403.703125
543194.0,60978.5
425255.1875,107731.0
303703.8125,62442.1015625
466199.59375,134648.296875
352703.5,70057.5
364116.3125,75741.5
436276.1875,122372.796875
400344.90625,137991.203125
503119.0,82327.0
404203.8125,174377.0
445618.8125,143409.0
419822.09375,163052.296875
367434.40625,77714.1015625
406703.40625,84963.0
394547.3125,132283.09375
375576.6875,103637.6015625
357640.5,112261.6015625
483473.09375,157812.0
300432.09375,19189.19921875
312149.0,30856.900390625
395499.90625,191035.90625
323246.0,44930.30078125
489865.40625,107469.0
388022.6875,103850.703125
483326.09375,157965.203125
405961.3125,121874.296875
486308.0,107152.703125
442315.90625,135576.703125
259563.40625,37751.8984375
385621.90625,115548.5
280744.5,90155.796875
356508.90625,82070.1015625
364385.3125,105107.703125
360643.09375,138132.796875
376177.09375,101395.5
264995.90625,14135.599609375
373522.5,99736.8984375
362024.09375,126465.1015625
373090.40625,74086.5
503837.1875,51729.30078125
501735.0,155028.296875
512859.8125,49208.19921875
419077.1875,122318.5
296364.1875,23208.900390625
390223.1875,28433.900390625
530523.5,162194.40625
478222.59375,89194.1015625
514369.40625,78610.6015625
377396.40625,116964.703125
437278.6875,92940.3984375
425635.1875,155739.703125
513467.09375,89390.203125
253359.0,14493.2001953125
355733.0,119727.3984375
519569.40625,129312.1015625
341045.1875,124024.0
351656.90625,133717.5
415118.1875,132278.5
363490.1875,120461.296875
296562.90625,34448.5
400144.0,116780.796875
370394.8125,97578.5
509326.40625,99371.6015625
439801.0,125165.796875
508473.6875,65310.30078125
465542.8125,185980.40625
365373.3125,98568.5
542652.8125,41691.5
366220.6875,152012.0
441212.09375,108248.296875
428047.8125,163584.90625
313883.59375,16109.0
386513.90625,101783.6015625
425880.5,76959.3984375
411766.90625,121029.6015625
333503.09375,103867.6015625
558429.875,60845.0
334141.6875,74544.3984375
306201.8125,43959.1015625
388575.0,144151.296875
427768.90625,130231.6015625
405186.09375,124460.3984375
407050.90625,79683.296875
483203.0,144817.59375
474799.59375,203050.203125
418614.90625,132314.90625
486307.3125,130185.1015625
484453.59375,122029.6015625
509013.90625,57298.8984375
465047.1875,91129.5
358155.40625,127687.203125
549208.5,83342.5
457374.90625,114157.1015625
452735.90625,260604.203125
245850.0,44162.5
313415.59375,14479.5
497172.1875,110254.3984375
313088.6875,47223.8984375
470494.3125,162874.59375
341116.59375,81551.6015625
283886.40625,37349.19921875
450061.0,89074.1015625
295473.59375,24165.900390625
399334.8125,104575.6015625
296479.59375,143890.796875
399523.5,84341.3984375
372041.59375,98653.796875
515009.90625,117263.6015625
319079.5,49894.5
352091.3125,122587.703125
335546.6875,97783.8984375
534844.375,176309.59375
573274.6875,35419.3984375
336003.5,87722.296875
337046.8125,79652.5
476514.09375,76968.796875
292464.6875,17455.400390625
563461.875,111313.6015625
410541.09375,230293.09375
482189.3125,107858.1015625
512944.6875,85558.3984375
454232.8125,295284.0
300913.1875,14206.7998046875
346034.0,106809.296875
348877.8125,92131.296875
490819.59375,139953.40625
418637.6875,139014.703125
505408.09375,154319.40625
447524.6875,116290.703125
303296.09375,22572.80078125
445901.59375,121636.203125
325607.5,14038.400390625
463547.0,157873.40625
402230.6875,105282.5
344128.90625,102549.6015625
555736.5,22325.80078125
332068.0,94998.5
480767.8125,192200.0
436553.1875,253275.90625
486281.6875,55180.3984375
244457.90625,77731.1015625
342502.3125,45917.1015625
370132.40625,153497.09375
411172.59375,128800.3984375
462914.1875,169801.59375
562096.125,34276.5
485305.6875,109648.203125
495936.40625,110456.203125
333738.5,77124.1015625
570433.125,26642.80078125
332406.0,81521.203125
538062.6875,96476.0
346519.40625,181408.0
323235.09375,53869.30078125
286953.8125,169235.90625
442315.90625,135755.203125
456739.8125,72591.703125
299535.59375,78861.296875
269213.8125,20940.400390625
424827.6875,115123.8984375
318984.40625,44810.1015625
530274.0,99035.5
336289.8125,67007.0
501881.90625,108387.6015625
358959.6875,117427.8984375
446002.90625,52888.1015625
405841.3125,276409.09375
418786.8125,226931.5
513665.0,157934.796875
333363.1875,76594.8984375
465268.40625,114638.6015625
411516.8125,117237.796875
552778.125,59027.0
354134.1875,80774.703125
318817.6875,46059.8984375
308613.09375,19108.80078125
463189.59375,107263.703125
296651.59375,13456.2998046875
316010.0,55757.30078125
334730.40625,78928.5
316048.59375,108103.8984375
400639.09375,140455.296875
272876.0,14732.2998046875
277229.8125,88796.3984375
370834.40625,98126.703125
380618.8125,65202.0
344194.09375,94286.0
370891.40625,67414.6015625
467825.3125,146859.203125
427846.3125,195900.5
346651.6875,90318.5
456879.40625,122449.5
286289.3125,30674.599609375
317133.3125,45139.6015625
528138.3125,54300.80078125
306589.90625,60230.69921875
330063.09375,115110.3984375
383526.1875,188797.703125
377812.3125,129524.1015625
447526.90625,95367.1015625
411533.90625,135437.203125
538338.0,52119.5
382908.6875,118342.3984375
381993.1875,149799.40625
331326.90625,81025.1015625
332806.8125,76620.1015625
456822.5,81330.296875
385057.3125,96477.8984375
536972.1875,93542.8984375
436079.40625,191830.203125
308750.09375,35862.30078125
307405.6875,19805.099609375
484235.8125,121665.8984375
345836.6875,93924.5
317462.59375,24211.099609375
492471.5,96288.796875
282148.8125,19164.80078125
492292.1875,156069.90625
376380.8125,72164.8984375
352462.40625,102221.796875
513613.3125,146295.703125
281721.09375,48493.80078125
343205.09375,81362.5
506087.90625,103533.296875
423477.0,135548.59375
261799.703125,54112.3984375
282045.1875,54730.3984375
469160.8125,94122.703125
353244.09375,87449.796875
456945.1875,120324.6015625
488985.59375,133570.40625
324611.6875,37760.6015625
291857.3125,50770.19921875
384811.09375,125522.296875
406085.6875,128219.5
334000.09375,73394.703125
543669.125,105759.5
306212.59375,14643.599609375
420105.90625,164099.703125
296957.40625,27788.80078125
303179.40625,59010.3984375
479308.40625,114431.3984375
401576.8125,112110.703125
511914.59375,141412.5
274109.40625,14273.2998046875
404697.8125,126730.3984375
537248.625,95975.8984375
341391.1875,69746.8984375
504640.6875,349571.59375
301519.6875,16794.400390625
419391.8125,128952.796875
364201.09375,101952.703125
408975.59375,15987.599609375
480508.3125,165708.796875
257557.703125,57688.8984375
320076.5,32606.400390625
424268.0,133242.203125
367338.8125,196395.90625
521523.59375,90779.796875
392010.6875,110092.703125
301873.09375,14443.900390625
354345.0,77199.296875
537182.1875,62991.8984375
275798.6875,60748.8984375
303079.40625,51942.19921875
308763.8125,35869.69921875
267056.09375,46830.80078125
338534.3125,62883.3984375
323857.1875,55195.8984375
329221.40625,127884.203125
387128.8125,82046.8984375
374336.3125,136142.5
476081.6875,163910.90625
487513.09375,218828.203125
260421.09375,61710.1015625
419700.09375,114034.1015625
529991.1875,119095.296875
508242.1875,121951.0
307679.0,40932.30078125
478384.0,70232.0
425752.8125,130306.203125
360795.40625,155445.203125
548695.625,100362.3984375
274366.3125,13445.900390625
438217.1875,125574.6015625
335627.3125,102943.8984375
347585.1875,104647.8984375
245205.5,68407.8984375
316935.8125,88022.6015625
286617.09375,16466.400390625
300687.1875,31498.099609375
275679.8125,47003.8984375
400323.1875,183804.90625
330982.90625,55405.19921875
360345.3125,91247.203125
289292.3125,23855.400390625
349486.3125,76834.0
336914.6875,158868.0
522952.6875,95230.1015625
339918.59375,49959.69921875
488754.8125,142724.796875
456153.1875,148153.5
326416.90625,61927.6015625
455778.8125,93982.203125
534498.125,56285.69921875
386946.90625,82528.1015625
386888.6875,102956.703125
395815.40625,115781.296875
424230.40625,128571.3984375
493817.8125,130844.703125
312328.09375,32446.5
371365.90625,135918.5
308652.5,13656.0
279950.1875,28440.400390625
374346.8125,61280.8984375
567183.0,28965.400390625
365719.09375,98679.0
488958.09375,119478.703125
281207.59375,16208.099609375
426776.8125,140021.59375
484490.3125,128606.3984375
467410.0,130596.5
330026.90625,133138.703125
532065.8125,133968.203125
326238.3125,46985.3984375
495145.1875,95988.5
577472.8125,82341.796875
436113.5,115274.3984375
550641.625,70192.703125
371061.8125,71806.296875
315861.5,30714.80078125
450762.09375,166730.796875
331930.3125,84425.296875
542943.5,72040.8984375
494460.3125,154402.203125
334286.59375,68137.203125
550513.125,72813.296875
366323.40625,109953.796875
300672.40625,68281.8984375
342052.3125,66136.703125
552871.625,47299.30078125
331716.8125,68210.1015625
449236.6875,134871.59375
464109.3125,116785.3984375
369233.6875,132519.40625
550892.8125,22228.80078125
535727.5,63563.3984375
411037.59375,131465.703125
363463.59375,99554.1015625
330889.09375,82493.3984375
376040.0,134225.796875
319942.3125,14592.400390625
580599.0,88594.5
578112.875,59538.69921875
437346.8125,149157.203125
372373.5,125395.8984375
518682.09375,185334.5
541324.625,126784.203125
495261.3125,126103.703125
364248.59375,77903.1015625
459619.3125,141154.796875
422496.0,151700.40625
589389.125,30889.80078125
387829.40625,133882.40625
302301.40625,106701.3984375
488371.8125,106817.203125
329364.59375,168400.796875
410375.09375,173235.5
399218.40625,136294.296875
243067.90625,39584.80078125
449615.5,116522.796875
326581.8125,51211.3984375
279208.40625,17572.19921875
346055.59375,121972.796875
519391.1875,80217.8984375
376212.59375,89720.203125
411453.0,135029.796875
481976.40625,166199.40625
463286.90625,125436.6015625
389550.40625,122883.796875
458099.0,118114.796875
377217.3125,232719.5
534548.3125,64593.6015625
351481.5,76040.1015625
496789.5,139802.296875
434136.59375,130745.6015625
266703.59375,71668.203125
488002.3125,97960.796875
338211.90625,63807.80078125
346714.90625,65109.69921875
460694.3125,115318.0
458960.5,184452.0
246157.296875,53301.6015625
497211.90625,92249.1015625
365621.5,98807.3984375
454352.09375,106099.796875
321637.59375,82758.0
486188.3125,166165.703125
325559.40625,42259.30078125
298509.0,19661.30078125
290697.5,54524.6015625
475142.40625,127953.703125
246096.40625,48167.30078125
328579.8125,56939.19921875
311506.8125,60017.0
350257.09375,56287.80078125
319923.0,41213.80078125
307033.0,14291.7001953125
273125.8125,12550.2001953125
510079.40625,28411.400390625
365279.90625,121320.1015625
293330.59375,20674.80078125
392288.90625,106556.203125
313271.90625,71989.203125
392996.5,91384.296875
385679.3125,119955.703125
477266.8125,145744.0
447643.59375,151726.296875
325173.5,51343.1015625
402805.90625,97221.796875
399087.40625,141879.09375
299115.90625,50531.69921875
382101.1875,28478.900390625
458667.40625,139326.703125
322854.40625,123098.8984375
401773.0,124977.3984375
515027.59375,121379.3984375
522296.09375,21298.30078125
424597.5,120528.296875
390237.3125,151657.203125
503074.40625,78177.8984375
469168.0,129361.3984375
369057.90625,101550.203125
347599.5,68578.203125
282711.8125,29737.900390625
460836.40625,153382.40625
521578.90625,235628.59375
520967.0,122967.1015625
492797.90625,101296.203125
395316.90625,100554.703125
524797.3125,127652.0
555131.5,55075.80078125
292391.09375,15138.2001953125
367947.59375,119268.703125
292957.5,24225.0
381914.40625,106218.703125
542805.0,47827.19921875
365143.40625,116225.1015625
303337.0,33047.30078125
460071.0,165792.09375
289113.40625,15494.2001953125
378585.40625,87285.1015625
351962.0,74930.8984375
525042.3125,131991.796875
353691.0,70868.296875
472565.09375,26434.80078125
433566.0,176636.703125
290573.8125,92365.3984375
447643.59375,152441.296875
326725.90625,79918.703125
340754.90625,80516.796875
507381.3125,111547.6015625
464192.8125,124543.203125
423167.09375,89192.203125
434247.90625,136119.203125
451722.6875,123818.3984375
519956.40625,36149.19921875
450138.6875,109574.6015625
436881.40625,112087.6015625
337124.1875,110701.796875
442722.8125,144276.203125
327288.5,51824.5
324351.40625,49551.19921875
319027.40625,47895.6015625
494292.0,141470.90625
424760.5,116118.703125
314000.5,42654.8984375
431538.6875,173775.5
434205.40625,74905.796875
300469.8125,22453.80078125
347613.8125,78676.8984375
482346.40625,92479.8984375
399563.5,84290.296875
342300.59375,85346.796875
406672.09375,152254.59375
529248.5,132847.40625
377096.59375,130118.796875
552627.1875,157954.796875
535191.875,171737.796875
337937.90625,49918.19921875
604013.0,96631.796875
360146.0,82838.296875
314290.0,109816.6015625
293179.5,51021.8984375
460107.09375,124682.796875
525430.1875,81186.296875
534467.5,76095.296875
313566.5,36127.6015625
304433.5,46127.1015625
536672.0,87140.796875
316527.8125,25691.30078125
344808.0,80893.203125
262263.40625,29222.19921875
443641.8125,101548.0
344249.5,76129.0
245885.90625,45106.1015625
328516.1875,22641.900390625
316496.1875,58869.80078125
325235.3125,79361.1015625
313551.0,39489.8984375
280671.59375,25619.5
364409.3125,77673.703125
370674.40625,94781.296875
361584.8125,81809.8984375
364587.59375,90106.6015625
417913.40625,166165.296875
503857.90625,79202.203125
491358.5,112149.796875
327654.0,57166.19921875
433292.3125,126618.203125
329383.90625,69291.296875
392414.3125,96296.3984375
427929.40625,123836.1015625
317175.09375,36809.6015625
281063.5,13750.900390625
448577.90625,153283.703125
350637.8125,124378.203125
347245.59375,60560.1015625
346695.40625,81083.796875
452133.59375,112766.703125
292110.8125,29513.30078125
375706.40625,132820.703125
504195.40625,148293.203125
291326.40625,20716.099609375
510098.5,148191.296875
374116.3125,118732.296875
315895.8125,51997.6015625
374224.8125,91866.6015625
303267.5,28765.099609375
320657.59375,15501.2998046875
260934.90625,51998.69921875
472876.90625,136869.796875
518102.8125,110229.203125
458635.5,154738.59375
425545.3125,43031.5
301694.5,14475.7001953125
504014.3125,106109.703125
289605.5,14355.2998046875
403784.90625,94132.6015625
488232.0,109350.6015625
298813.5,20215.900390625
455434.40625,121963.796875
417584.3125,142445.703125
305506.8125,28450.5
433004.90625,127534.796875
544362.8125,62224.19921875
326774.59375,50266.19921875
461821.0,138078.0
390185.40625,83034.796875
439527.0,145933.703125
500124.40625,103517.703125
349006.3125,85513.0
369531.5,109516.5
284386.6875,50582.8984375
432617.90625,139887.59375
486565.6875,51136.6015625
313918.0,76611.296875
280975.6875,22289.5
292747.3125,37853.3984375
455764.5,123737.796875
292271.90625,81284.1015625
473647.09375,211239.09375
346433.09375,110493.796875
493699.40625,239305.703125
550801.875,71406.796875
293430.90625,26648.69921875
384728.5,44474.30078125
509531.5,163643.796875
525558.3125,109738.796875
426443.3125,151955.40625
534682.375,28338.900390625
314979.09375,47029.6015625
398112.5,156360.90625
473867.40625,19485.69921875
448653.5,133245.09375
312639.0,14212.7998046875
441908.90625,137074.796875
498432.8125,78406.703125
464953.59375,128381.203125
308602.3125,27703.80078125
462260.40625,119792.796875
493896.90625,112182.203125
324690.5,83126.5
409042.6875,164591.09375
274643.90625,66813.1015625
540142.1875,85556.296875
387969.5,135967.703125
391501.40625,43260.1015625
422979.5,139700.09375
415969.59375,100659.796875
368953.0,110962.8984375
402172.3125,147330.703125
361290.59375,69027.203125
310968.6875,21137.900390625
501035.09375,151377.703125
482966.90625,108007.0
503319.6875,132867.40625
259374.796875,49761.80078125
307281.6875,91523.1015625
397309.09375,101335.6015625
359090.6875,180272.09375
309145.59375,15063.400390625
404225.6875,118489.796875
382811.1875,100822.1015625
510173.8125,99557.3984375
479797.59375,172203.296875
489847.8125,92578.796875
364627.40625,130499.296875
414931.3125,118449.5
242235.59375,58458.69921875
530661.6875,122368.6015625
530064.625,41428.69921875
391228.8125,97633.8984375
342623.90625,76147.796875
282432.1875,43006.3984375
422792.09375,125087.703125
465826.6875,132618.90625
271586.0,90426.703125
315349.3125,46690.80078125
353302.8125,124845.6015625
473002.1875,106234.6015625
335596.3125,110064.8984375
562222.375,29562.30078125
450949.1875,106174.8984375
490538.1875,193601.40625
304949.6875,32715.19921875
352158.8125,78804.0
321257.8125,19789.900390625
530102.1875,88211.5
329391.09375,65574.1015625
387913.6875,97376.6015625
551567.875,58731.30078125
363806.1875,88668.0
467275.5,92907.796875
446710.1875,103838.6015625
474350.40625,150204.703125
275501.5,68625.5
408293.8125,220089.0
343395.8125,77336.8984375
398991.40625,135193.5
487610.5,98853.5
428330.8125,148002.5
545929.6875,90289.8984375
515158.90625,69971.796875
326630.90625,15539.5
541706.125,77655.203125
273619.6875,119547.3984375
335955.8125,64670.30078125
399111.8125,99448.6015625
340763.90625,90367.5
353607.1875,92198.6015625
492091.8125,67203.3984375
341227.59375,53726.1015625
463637.5,149268.703125
268623.59375,58582.30078125
416526.0,138556.0
360496.5,81640.6015625
330138.6875,62521.30078125
364419.3125,116111.703125
288914.3125,18502.80078125
395281.8125,106975.5
440282.1875,150967.90625
307814.0,52787.5
308478.59375,47005.19921875
497051.6875,90644.6015625
391253.6875,200966.90625
275443.8125,53094.8984375
373650.90625,69185.0
349072.40625,72061.5
467048.09375,25392.19921875
447654.90625,100441.3984375
328396.6875,36188.8984375
300584.0,20314.0
429869.40625,119847.5
514489.6875,47146.3984375
287829.59375,20025.19921875
371580.5,83405.796875
330462.3125,66406.296875
399517.40625,94908.5
324993.59375,74151.3984375
530362.3125,104499.703125
312883.6875,29349.900390625
479998.8125,233165.0
360649.1875,83535.1015625
530935.625,104954.5
270298.8125,30597.30078125
436945.6875,112565.0
535414.1875,32500.69921875
344208.5,72146.0
415995.09375,151641.703125
355181.09375,109804.6015625
548039.375,53535.19921875
422599.8125,103621.796875
355092.09375,83601.296875
462580.3125,207676.296875
362452.90625,109365.703125
344790.3125,107155.3984375
405475.90625,77776.296875
547811.625,53164.69921875
304396.40625,97990.8984375
416096.6875,110231.296875
501137.8125,63276.0
309961.8125,53843.8984375
465687.09375,147209.703125
398163.40625,135494.296875
391456.1875,105258.8984375
524799.125,91415.703125
525410.375,125911.3984375
452853.5,112127.796875
436294.09375,88595.1015625
273803.40625,26588.5
314283.59375,38870.3984375
314162.59375,102049.1015625
395195.1875,122844.296875
452138.90625,150026.203125
526331.8125,116750.3984375
529803.6875,25440.0
384597.59375,79423.6015625
484562.40625,165514.0
336267.90625,98319.796875
374490.3125,85496.8984375
318023.6875,72818.0
438140.8125,155804.796875
296360.5,24316.30078125
297385.8125,27274.30078125
287451.8125,94858.5
413253.90625,78089.703125
313101.6875,25098.400390625
355860.5,68581.796875
562655.0,32191.0
293654.1875,15676.099609375
424936.6875,150226.703125
298383.40625,47514.69921875
477283.90625,176320.203125
485120.6875,157559.09375
311224.6875,51924.8984375
407080.3125,191786.5
341503.5,45287.19921875
334962.6875,59336.6015625
288820.40625,70791.296875
515217.5,102024.5
370965.3125,147934.796875
438249.5,218973.296875
510357.40625,51283.80078125
527245.6875,155713.203125
531177.125,85253.203125
467603.0,111438.0
454817.8125,186704.5
307202.59375,59520.19921875
409862.40625,151758.796875
528675.125,44105.69921875
502850.6875,173462.90625
314519.1875,68650.6015625
359480.8125,62793.5
278624.8125,52967.3984375
433025.90625,107226.8984375
330748.6875,117863.3984375
426338.40625,116526.8984375
532627.5,29719.30078125
380528.8125,71203.1015625
424362.5,130154.5
279353.1875,38784.1015625
505777.40625,122830.703125
511465.09375,104464.8984375
364126.90625,93140.203125
407675.6875,153894.59375
312077.5,45310.5
322601.59375,60459.5
378531.3125,107382.3984375
325905.5,43756.5
298135.8125,23583.0
279475.6875,79033.3984375
528647.8125,106296.8984375
538173.375,122684.0
543648.6875,44669.8984375
458054.1875,158100.59375
264734.40625,13464.2001953125
523012.59375,115688.203125
416733.40625,95454.296875
391619.0,121291.703125
410004.3125,108618.296875
446556.5,92626.5
364289.90625,148080.0
485826.40625,36255.69921875
338898.6875,70684.1015625
326174.1875,37151.80078125
516077.40625,217163.0
313275.90625,53314.5
317370.6875,101183.8984375
562078.875,55798.69921875
432264.3125,132601.90625
318825.09375,63378.8984375
380273.8125,122283.1015625
314016.59375,98059.796875
335206.90625,182966.40625
281273.90625,58256.8984375
277683.5,54449.8984375
525326.8125,85306.5
314665.1875,16533.80078125
549896.3125,31411.0
486339.59375,120816.8984375
525728.0,77777.703125
435659.3125,246838.40625
387308.6875,114137.3984375
550061.875,121158.203125
291965.3125,48817.19921875
356561.09375,79736.796875
328626.8125,83984.3984375
453975.5,167745.703125
559828.3125,53612.8984375
301278.59375,16896.5
359135.1875,96936.703125
350273.59375,140893.296875
294453.59375,53205.3984375
528769.6875,68350.296875
401390.5,106927.703125
339790.59375,70942.796875
359298.3125,127885.8984375
533728.125,38668.0
414972.1875,99709.296875
396814.0,151783.203125
424888.0,109249.796875
431887.1875,130609.5
279502.09375,54563.69921875
498565.40625,158330.203125
340376.6875,85041.3984375
406594.90625,98316.8984375
297427.40625,27620.400390625
517590.3125,24079.0
573668.1875,25548.80078125
294643.59375,104953.296875
503416.3125,89902.5
403848.59375,216977.40625
473585.8125,134440.90625
492399.90625,192627.0
500034.1875,106226.703125
367200.1875,84454.796875
344127.40625,97591.703125
341895.8125,147701.203125
328100.59375,71174.796875
299335.3125,75514.3984375
350408.40625,117968.0
491612.1875,47132.30078125
540235.625,73341.703125
552391.1875,70027.5
335221.0,43384.30078125
320554.09375,78537.703125
415805.6875,103969.8984375
512371.59375,83164.3984375
568532.625,42180.5
431950.6875,153299.203125
281860.40625,54580.8984375
323877.5,75197.3984375
351648.8125,120699.5
471323.6875,139539.796875
516931.09375,58857.30078125
363280.09375,63923.3984375
342380.8125,47449.3984375
395722.1875,93008.8984375
461206.5,123064.3984375
396283.1875,113030.0
487296.40625,105573.5
400382.09375,152419.796875
482313.8125,73402.203125
463645.0,90501.703125
460123.40625,105378.5
349963.1875,118464.296875
